elev2,lng,lat,lon
NA,-123,49,-123
NA,-122.975,49,-122.975
NA,-122.95,49,-122.95
NA,-122.925,49,-122.925
NA,-122.9,49,-122.9
NA,-122.875,49,-122.875
NA,-122.85,49,-122.85
NA,-122.825,49,-122.825
NA,-122.8,49,-122.8
NA,-122.775,49,-122.775
18,-122.75,49,-122.75
60,-122.725,49,-122.725
123,-122.7,49,-122.7
140,-122.675,49,-122.675
146,-122.65,49,-122.65
101,-122.625,49,-122.625
80,-122.6,49,-122.6
94,-122.575,49,-122.575
69,-122.55,49,-122.55
50,-122.525,49,-122.525
39,-122.5,49,-122.5
41,-122.475,49,-122.475
45,-122.45,49,-122.45
45,-122.425,49,-122.425
55,-122.4,49,-122.4
59,-122.375,49,-122.375
52,-122.35,49,-122.35
61,-122.325,49,-122.325
33,-122.3,49,-122.3
22,-122.275,49,-122.275
17,-122.25,49,-122.25
7,-122.225,49,-122.225
10,-122.2,49,-122.2
7,-122.175,49,-122.175
67,-122.15,49,-122.15
459,-122.125,49,-122.125
200,-122.1,49,-122.1
228,-122.075,49,-122.075
396,-122.05,49,-122.05
885,-122.025,49,-122.025
766,-122,49,-122
1436,-121.975,49,-121.975
1038,-121.95,49,-121.95
1125,-121.925,49,-121.925
1212,-121.9,49,-121.9
1141,-121.875,49,-121.875
1790,-121.85,49,-121.85
1069,-121.825,49,-121.825
1271,-121.8,49,-121.8
957,-121.775,49,-121.775
696,-121.75,49,-121.75
800,-121.725,49,-121.725
1257,-121.7,49,-121.7
1925,-121.675,49,-121.675
1343,-121.65,49,-121.65
1009,-121.625,49,-121.625
994,-121.6,49,-121.6
1611,-121.575,49,-121.575
1839,-121.55,49,-121.55
1009,-121.525,49,-121.525
1872,-121.5,49,-121.5
2112,-121.475,49,-121.475
1373,-121.45,49,-121.45
1040,-121.425,49,-121.425
915,-121.4,49,-121.4
1549,-121.375,49,-121.375
883,-121.35,49,-121.35
895,-121.325,49,-121.325
1091,-121.3,49,-121.3
1775,-121.275,49,-121.275
2308,-121.25,49,-121.25
2230,-121.225,49,-121.225
1857,-121.2,49,-121.2
1953,-121.175,49,-121.175
1684,-121.15,49,-121.15
1173,-121.125,49,-121.125
646,-121.1,49,-121.1
486,-121.075,49,-121.075
660,-121.05,49,-121.05
1441,-121.025,49,-121.025
1764,-121,49,-121
1105,-120.975,49,-120.975
1218,-120.95,49,-120.95
1419,-120.925,49,-120.925
2058,-120.9,49,-120.9
1688,-120.875,49,-120.875
2055,-120.85,49,-120.85
1810,-120.825,49,-120.825
1339,-120.8,49,-120.8
1879,-120.775,49,-120.775
1511,-120.75,49,-120.75
1616,-120.725,49,-120.725
1719,-120.7,49,-120.7
1382,-120.675,49,-120.675
1866,-120.65,49,-120.65
1776,-120.625,49,-120.625
1815,-120.6,49,-120.6
1618,-120.575,49,-120.575
1293,-120.55,49,-120.55
1659,-120.525,49,-120.525
1545,-120.5,49,-120.5
1563,-120.475,49,-120.475
1741,-120.45,49,-120.45
1925,-120.425,49,-120.425
2254,-120.4,49,-120.4
1983,-120.375,49,-120.375
1972,-120.35,49,-120.35
1519,-120.325,49,-120.325
1862,-120.3,49,-120.3
2089,-120.275,49,-120.275
1802,-120.25,49,-120.25
1908,-120.225,49,-120.225
2058,-120.2,49,-120.2
2227,-120.175,49,-120.175
1982,-120.15,49,-120.15
1856,-120.125,49,-120.125
1821,-120.1,49,-120.1
1937,-120.075,49,-120.075
2004,-120.05,49,-120.05
1869,-120.025,49,-120.025
2022,-120,49,-120
2037,-119.975,49,-119.975
2299,-119.95,49,-119.95
2128,-119.925,49,-119.925
1943,-119.9,49,-119.9
1729,-119.875,49,-119.875
2183,-119.85,49,-119.85
1971,-119.825,49,-119.825
1532,-119.8,49,-119.8
1439,-119.775,49,-119.775
1181,-119.75,49,-119.75
361,-119.725,49,-119.725
396,-119.7,49,-119.7
440,-119.675,49,-119.675
497,-119.65,49,-119.65
741,-119.625,49,-119.625
667,-119.6,49,-119.6
690,-119.575,49,-119.575
713,-119.55,49,-119.55
770,-119.525,49,-119.525
618,-119.5,49,-119.5
333,-119.475,49,-119.475
277,-119.45,49,-119.45
322,-119.425,49,-119.425
584,-119.4,49,-119.4
787,-119.375,49,-119.375
995,-119.35,49,-119.35
1111,-119.325,49,-119.325
1005,-119.3,49,-119.3
1033,-119.275,49,-119.275
1111,-119.25,49,-119.25
1180,-119.225,49,-119.225
1252,-119.2,49,-119.2
1136,-119.175,49,-119.175
1316,-119.15,49,-119.15
1193,-119.125,49,-119.125
1269,-119.1,49,-119.1
1177,-119.075,49,-119.075
1107,-119.05,49,-119.05
845,-119.025,49,-119.025
1013,-119,49,-119
1306,-118.975,49,-118.975
1234,-118.95,49,-118.95
1033,-118.925,49,-118.925
916,-118.9,49,-118.9
810,-118.875,49,-118.875
765,-118.85,49,-118.85
713,-118.825,49,-118.825
903,-118.8,49,-118.8
600,-118.775,49,-118.775
773,-118.75,49,-118.75
984,-118.725,49,-118.725
1160,-118.7,49,-118.7
1204,-118.675,49,-118.675
1404,-118.65,49,-118.65
1311,-118.625,49,-118.625
1181,-118.6,49,-118.6
1056,-118.575,49,-118.575
902,-118.55,49,-118.55
608,-118.525,49,-118.525
525,-118.5,49,-118.5
NA,-123,49.025,-123
NA,-122.975,49.025,-122.975
NA,-122.95,49.025,-122.95
NA,-122.925,49.025,-122.925
NA,-122.9,49.025,-122.9
NA,-122.875,49.025,-122.875
24,-122.85,49.025,-122.85
12,-122.825,49.025,-122.825
90,-122.8,49.025,-122.8
43,-122.775,49.025,-122.775
19,-122.75,49.025,-122.75
14,-122.725,49.025,-122.725
29,-122.7,49.025,-122.7
72,-122.675,49.025,-122.675
89,-122.65,49.025,-122.65
95,-122.625,49.025,-122.625
89,-122.6,49.025,-122.6
87,-122.575,49.025,-122.575
92,-122.55,49.025,-122.55
74,-122.525,49.025,-122.525
90,-122.5,49.025,-122.5
89,-122.475,49.025,-122.475
87,-122.45,49.025,-122.45
80,-122.425,49.025,-122.425
77,-122.4,49.025,-122.4
52,-122.375,49.025,-122.375
56,-122.35,49.025,-122.35
76,-122.325,49.025,-122.325
54,-122.3,49.025,-122.3
60,-122.275,49.025,-122.275
5,-122.25,49.025,-122.25
8,-122.225,49.025,-122.225
6,-122.2,49.025,-122.2
5,-122.175,49.025,-122.175
5,-122.15,49.025,-122.15
4,-122.125,49.025,-122.125
467,-122.1,49.025,-122.1
371,-122.075,49.025,-122.075
194,-122.05,49.025,-122.05
195,-122.025,49.025,-122.025
235,-122,49.025,-122
891,-121.975,49.025,-121.975
1199,-121.95,49.025,-121.95
791,-121.925,49.025,-121.925
699,-121.9,49.025,-121.9
1382,-121.875,49.025,-121.875
1369,-121.85,49.025,-121.85
752,-121.825,49.025,-121.825
536,-121.8,49.025,-121.8
1098,-121.775,49.025,-121.775
1409,-121.75,49.025,-121.75
1192,-121.725,49.025,-121.725
1384,-121.7,49.025,-121.7
1078,-121.675,49.025,-121.675
647,-121.65,49.025,-121.65
1160,-121.625,49.025,-121.625
2137,-121.6,49.025,-121.6
1278,-121.575,49.025,-121.575
949,-121.55,49.025,-121.55
1851,-121.525,49.025,-121.525
1453,-121.5,49.025,-121.5
1470,-121.475,49.025,-121.475
1401,-121.45,49.025,-121.45
1100,-121.425,49.025,-121.425
619,-121.4,49.025,-121.4
916,-121.375,49.025,-121.375
1639,-121.35,49.025,-121.35
1492,-121.325,49.025,-121.325
1787,-121.3,49.025,-121.3
1574,-121.275,49.025,-121.275
1316,-121.25,49.025,-121.25
1702,-121.225,49.025,-121.225
1749,-121.2,49.025,-121.2
1045,-121.175,49.025,-121.175
1555,-121.15,49.025,-121.15
1371,-121.125,49.025,-121.125
1146,-121.1,49.025,-121.1
521,-121.075,49.025,-121.075
564,-121.05,49.025,-121.05
1031,-121.025,49.025,-121.025
1493,-121,49.025,-121
1638,-120.975,49.025,-120.975
1236,-120.95,49.025,-120.95
1195,-120.925,49.025,-120.925
1563,-120.9,49.025,-120.9
1793,-120.875,49.025,-120.875
2122,-120.85,49.025,-120.85
2053,-120.825,49.025,-120.825
1774,-120.8,49.025,-120.8
1251,-120.775,49.025,-120.775
1345,-120.75,49.025,-120.75
1360,-120.725,49.025,-120.725
1422,-120.7,49.025,-120.7
1585,-120.675,49.025,-120.675
1655,-120.65,49.025,-120.65
2014,-120.625,49.025,-120.625
1655,-120.6,49.025,-120.6
1458,-120.575,49.025,-120.575
1260,-120.55,49.025,-120.55
1517,-120.525,49.025,-120.525
1632,-120.5,49.025,-120.5
1768,-120.475,49.025,-120.475
1860,-120.45,49.025,-120.45
2164,-120.425,49.025,-120.425
2036,-120.4,49.025,-120.4
1903,-120.375,49.025,-120.375
1713,-120.35,49.025,-120.35
1720,-120.325,49.025,-120.325
2028,-120.3,49.025,-120.3
1930,-120.275,49.025,-120.275
2050,-120.25,49.025,-120.25
2081,-120.225,49.025,-120.225
2106,-120.2,49.025,-120.2
2167,-120.175,49.025,-120.175
2356,-120.15,49.025,-120.15
2388,-120.125,49.025,-120.125
2195,-120.1,49.025,-120.1
2085,-120.075,49.025,-120.075
1843,-120.05,49.025,-120.05
1823,-120.025,49.025,-120.025
1773,-120,49.025,-120
1992,-119.975,49.025,-119.975
2048,-119.95,49.025,-119.95
2021,-119.925,49.025,-119.925
2294,-119.9,49.025,-119.9
2142,-119.875,49.025,-119.875
1749,-119.85,49.025,-119.85
1485,-119.825,49.025,-119.825
1562,-119.8,49.025,-119.8
1186,-119.775,49.025,-119.775
624,-119.75,49.025,-119.75
374,-119.725,49.025,-119.725
363,-119.7,49.025,-119.7
583,-119.675,49.025,-119.675
474,-119.65,49.025,-119.65
1164,-119.625,49.025,-119.625
1120,-119.6,49.025,-119.6
1021,-119.575,49.025,-119.575
959,-119.55,49.025,-119.55
1091,-119.525,49.025,-119.525
467,-119.5,49.025,-119.5
308,-119.475,49.025,-119.475
277,-119.45,49.025,-119.45
348,-119.425,49.025,-119.425
758,-119.4,49.025,-119.4
985,-119.375,49.025,-119.375
1348,-119.35,49.025,-119.35
1263,-119.325,49.025,-119.325
1171,-119.3,49.025,-119.3
1212,-119.275,49.025,-119.275
1138,-119.25,49.025,-119.25
1203,-119.225,49.025,-119.225
1401,-119.2,49.025,-119.2
1099,-119.175,49.025,-119.175
1182,-119.15,49.025,-119.15
1038,-119.125,49.025,-119.125
1191,-119.1,49.025,-119.1
1099,-119.075,49.025,-119.075
986,-119.05,49.025,-119.05
833,-119.025,49.025,-119.025
857,-119,49.025,-119
830,-118.975,49.025,-118.975
726,-118.95,49.025,-118.95
950,-118.925,49.025,-118.925
721,-118.9,49.025,-118.9
817,-118.875,49.025,-118.875
826,-118.85,49.025,-118.85
813,-118.825,49.025,-118.825
709,-118.8,49.025,-118.8
1025,-118.775,49.025,-118.775
832,-118.75,49.025,-118.75
807,-118.725,49.025,-118.725
877,-118.7,49.025,-118.7
1059,-118.675,49.025,-118.675
1287,-118.65,49.025,-118.65
1448,-118.625,49.025,-118.625
1303,-118.6,49.025,-118.6
1040,-118.575,49.025,-118.575
863,-118.55,49.025,-118.55
981,-118.525,49.025,-118.525
672,-118.5,49.025,-118.5
NA,-123,49.05,-123
NA,-122.975,49.05,-122.975
NA,-122.95,49.05,-122.95
NA,-122.925,49.05,-122.925
NA,-122.9,49.05,-122.9
52,-122.875,49.05,-122.875
93,-122.85,49.05,-122.85
93,-122.825,49.05,-122.825
81,-122.8,49.05,-122.8
79,-122.775,49.05,-122.775
100,-122.75,49.05,-122.75
62,-122.725,49.05,-122.725
44,-122.7,49.05,-122.7
48,-122.675,49.05,-122.675
54,-122.65,49.05,-122.65
73,-122.625,49.05,-122.625
94,-122.6,49.05,-122.6
103,-122.575,49.05,-122.575
128,-122.55,49.05,-122.55
122,-122.525,49.05,-122.525
104,-122.5,49.05,-122.5
108,-122.475,49.05,-122.475
114,-122.45,49.05,-122.45
104,-122.425,49.05,-122.425
111,-122.4,49.05,-122.4
85,-122.375,49.05,-122.375
83,-122.35,49.05,-122.35
69,-122.325,49.05,-122.325
56,-122.3,49.05,-122.3
76,-122.275,49.05,-122.275
195,-122.25,49.05,-122.25
79,-122.225,49.05,-122.225
4,-122.2,49.05,-122.2
4,-122.175,49.05,-122.175
0,-122.15,49.05,-122.15
0,-122.125,49.05,-122.125
0,-122.1,49.05,-122.1
328,-122.075,49.05,-122.075
846,-122.05,49.05,-122.05
563,-122.025,49.05,-122.025
68,-122,49.05,-122
50,-121.975,49.05,-121.975
415,-121.95,49.05,-121.95
579,-121.925,49.05,-121.925
957,-121.9,49.05,-121.9
971,-121.875,49.05,-121.875
849,-121.85,49.05,-121.85
248,-121.825,49.05,-121.825
1010,-121.8,49.05,-121.8
1375,-121.775,49.05,-121.775
1346,-121.75,49.05,-121.75
1146,-121.725,49.05,-121.725
1069,-121.7,49.05,-121.7
323,-121.675,49.05,-121.675
1146,-121.65,49.05,-121.65
1814,-121.625,49.05,-121.625
1468,-121.6,49.05,-121.6
676,-121.575,49.05,-121.575
1582,-121.55,49.05,-121.55
1256,-121.525,49.05,-121.525
1189,-121.5,49.05,-121.5
1657,-121.475,49.05,-121.475
1745,-121.45,49.05,-121.45
719,-121.425,49.05,-121.425
791,-121.4,49.05,-121.4
897,-121.375,49.05,-121.375
994,-121.35,49.05,-121.35
1855,-121.325,49.05,-121.325
2080,-121.3,49.05,-121.3
1732,-121.275,49.05,-121.275
1289,-121.25,49.05,-121.25
1654,-121.225,49.05,-121.225
1216,-121.2,49.05,-121.2
1355,-121.175,49.05,-121.175
786,-121.15,49.05,-121.15
1230,-121.125,49.05,-121.125
539,-121.1,49.05,-121.1
551,-121.075,49.05,-121.075
879,-121.05,49.05,-121.05
1331,-121.025,49.05,-121.025
1775,-121,49.05,-121
1719,-120.975,49.05,-120.975
1663,-120.95,49.05,-120.95
1614,-120.925,49.05,-120.925
1796,-120.9,49.05,-120.9
1919,-120.875,49.05,-120.875
1460,-120.85,49.05,-120.85
1617,-120.825,49.05,-120.825
1632,-120.8,49.05,-120.8
1368,-120.775,49.05,-120.775
1307,-120.75,49.05,-120.75
1162,-120.725,49.05,-120.725
1692,-120.7,49.05,-120.7
1572,-120.675,49.05,-120.675
1994,-120.65,49.05,-120.65
1820,-120.625,49.05,-120.625
1509,-120.6,49.05,-120.6
1497,-120.575,49.05,-120.575
1171,-120.55,49.05,-120.55
1369,-120.525,49.05,-120.525
1780,-120.5,49.05,-120.5
1937,-120.475,49.05,-120.475
2041,-120.45,49.05,-120.45
1946,-120.425,49.05,-120.425
1889,-120.4,49.05,-120.4
1870,-120.375,49.05,-120.375
1342,-120.35,49.05,-120.35
1593,-120.325,49.05,-120.325
1590,-120.3,49.05,-120.3
1919,-120.275,49.05,-120.275
2114,-120.25,49.05,-120.25
2383,-120.225,49.05,-120.225
2344,-120.2,49.05,-120.2
2047,-120.175,49.05,-120.175
2470,-120.15,49.05,-120.15
2165,-120.125,49.05,-120.125
1892,-120.1,49.05,-120.1
1888,-120.075,49.05,-120.075
1908,-120.05,49.05,-120.05
1725,-120.025,49.05,-120.025
1805,-120,49.05,-120
1892,-119.975,49.05,-119.975
1974,-119.95,49.05,-119.95
1927,-119.925,49.05,-119.925
2091,-119.9,49.05,-119.9
2466,-119.875,49.05,-119.875
2328,-119.85,49.05,-119.85
2103,-119.825,49.05,-119.825
1637,-119.8,49.05,-119.8
1364,-119.775,49.05,-119.775
1048,-119.75,49.05,-119.75
378,-119.725,49.05,-119.725
444,-119.7,49.05,-119.7
1318,-119.675,49.05,-119.675
834,-119.65,49.05,-119.65
542,-119.625,49.05,-119.625
819,-119.6,49.05,-119.6
1108,-119.575,49.05,-119.575
881,-119.55,49.05,-119.55
529,-119.525,49.05,-119.525
317,-119.5,49.05,-119.5
277,-119.475,49.05,-119.475
315,-119.45,49.05,-119.45
646,-119.425,49.05,-119.425
1239,-119.4,49.05,-119.4
1230,-119.375,49.05,-119.375
1218,-119.35,49.05,-119.35
1277,-119.325,49.05,-119.325
1245,-119.3,49.05,-119.3
1258,-119.275,49.05,-119.275
1243,-119.25,49.05,-119.25
1206,-119.225,49.05,-119.225
1421,-119.2,49.05,-119.2
1218,-119.175,49.05,-119.175
1158,-119.15,49.05,-119.15
958,-119.125,49.05,-119.125
911,-119.1,49.05,-119.1
981,-119.075,49.05,-119.075
887,-119.05,49.05,-119.05
850,-119.025,49.05,-119.025
697,-119,49.05,-119
597,-118.975,49.05,-118.975
642,-118.95,49.05,-118.95
600,-118.925,49.05,-118.925
592,-118.9,49.05,-118.9
781,-118.875,49.05,-118.875
904,-118.85,49.05,-118.85
985,-118.825,49.05,-118.825
1146,-118.8,49.05,-118.8
1009,-118.775,49.05,-118.775
859,-118.75,49.05,-118.75
979,-118.725,49.05,-118.725
797,-118.7,49.05,-118.7
1179,-118.675,49.05,-118.675
1532,-118.65,49.05,-118.65
1599,-118.625,49.05,-118.625
1469,-118.6,49.05,-118.6
1328,-118.575,49.05,-118.575
925,-118.55,49.05,-118.55
1098,-118.525,49.05,-118.525
937,-118.5,49.05,-118.5
3,-123,49.075,-123
2,-122.975,49.075,-122.975
1,-122.95,49.075,-122.95
NA,-122.925,49.075,-122.925
NA,-122.9,49.075,-122.9
NA,-122.875,49.075,-122.875
2,-122.85,49.075,-122.85
2,-122.825,49.075,-122.825
0,-122.8,49.075,-122.8
2,-122.775,49.075,-122.775
0,-122.75,49.075,-122.75
2,-122.725,49.075,-122.725
21,-122.7,49.075,-122.7
49,-122.675,49.075,-122.675
54,-122.65,49.075,-122.65
56,-122.625,49.075,-122.625
63,-122.6,49.075,-122.6
96,-122.575,49.075,-122.575
100,-122.55,49.075,-122.55
99,-122.525,49.075,-122.525
118,-122.5,49.075,-122.5
112,-122.475,49.075,-122.475
107,-122.45,49.075,-122.45
115,-122.425,49.075,-122.425
128,-122.4,49.075,-122.4
88,-122.375,49.075,-122.375
63,-122.35,49.075,-122.35
22,-122.325,49.075,-122.325
48,-122.3,49.075,-122.3
4,-122.275,49.075,-122.275
55,-122.25,49.075,-122.25
172,-122.225,49.075,-122.225
175,-122.2,49.075,-122.2
245,-122.175,49.075,-122.175
4,-122.15,49.075,-122.15
3,-122.125,49.075,-122.125
4,-122.1,49.075,-122.1
4,-122.075,49.075,-122.075
36,-122.05,49.075,-122.05
408,-122.025,49.075,-122.025
424,-122,49.075,-122
59,-121.975,49.075,-121.975
64,-121.95,49.075,-121.95
204,-121.925,49.075,-121.925
71,-121.9,49.075,-121.9
129,-121.875,49.075,-121.875
113,-121.85,49.075,-121.85
135,-121.825,49.075,-121.825
208,-121.8,49.075,-121.8
204,-121.775,49.075,-121.775
200,-121.75,49.075,-121.75
228,-121.725,49.075,-121.725
254,-121.7,49.075,-121.7
675,-121.675,49.075,-121.675
1036,-121.65,49.075,-121.65
1293,-121.625,49.075,-121.625
1237,-121.6,49.075,-121.6
925,-121.575,49.075,-121.575
1686,-121.55,49.075,-121.55
756,-121.525,49.075,-121.525
1697,-121.5,49.075,-121.5
1225,-121.475,49.075,-121.475
852,-121.45,49.075,-121.45
619,-121.425,49.075,-121.425
1200,-121.4,49.075,-121.4
1325,-121.375,49.075,-121.375
1286,-121.35,49.075,-121.35
1861,-121.325,49.075,-121.325
1630,-121.3,49.075,-121.3
1509,-121.275,49.075,-121.275
1334,-121.25,49.075,-121.25
1634,-121.225,49.075,-121.225
1729,-121.2,49.075,-121.2
1279,-121.175,49.075,-121.175
663,-121.15,49.075,-121.15
534,-121.125,49.075,-121.125
699,-121.1,49.075,-121.1
695,-121.075,49.075,-121.075
820,-121.05,49.075,-121.05
1411,-121.025,49.075,-121.025
1109,-121,49.075,-121
1429,-120.975,49.075,-120.975
1665,-120.95,49.075,-120.95
1588,-120.925,49.075,-120.925
1716,-120.9,49.075,-120.9
1714,-120.875,49.075,-120.875
1723,-120.85,49.075,-120.85
1698,-120.825,49.075,-120.825
1346,-120.8,49.075,-120.8
1598,-120.775,49.075,-120.775
1534,-120.75,49.075,-120.75
1307,-120.725,49.075,-120.725
1104,-120.7,49.075,-120.7
1588,-120.675,49.075,-120.675
1751,-120.65,49.075,-120.65
1506,-120.625,49.075,-120.625
1579,-120.6,49.075,-120.6
1238,-120.575,49.075,-120.575
1380,-120.55,49.075,-120.55
1575,-120.525,49.075,-120.525
1788,-120.5,49.075,-120.5
2032,-120.475,49.075,-120.475
2175,-120.45,49.075,-120.45
2056,-120.425,49.075,-120.425
1707,-120.4,49.075,-120.4
1588,-120.375,49.075,-120.375
1962,-120.35,49.075,-120.35
1180,-120.325,49.075,-120.325
1825,-120.3,49.075,-120.3
2050,-120.275,49.075,-120.275
2107,-120.25,49.075,-120.25
2222,-120.225,49.075,-120.225
2222,-120.2,49.075,-120.2
1836,-120.175,49.075,-120.175
2112,-120.15,49.075,-120.15
2133,-120.125,49.075,-120.125
2163,-120.1,49.075,-120.1
1941,-120.075,49.075,-120.075
1759,-120.05,49.075,-120.05
1437,-120.025,49.075,-120.025
1802,-120,49.075,-120
1578,-119.975,49.075,-119.975
1620,-119.95,49.075,-119.95
2009,-119.925,49.075,-119.925
2243,-119.9,49.075,-119.9
2198,-119.875,49.075,-119.875
2221,-119.85,49.075,-119.85
1629,-119.825,49.075,-119.825
1693,-119.8,49.075,-119.8
1316,-119.775,49.075,-119.775
1045,-119.75,49.075,-119.75
377,-119.725,49.075,-119.725
610,-119.7,49.075,-119.7
1202,-119.675,49.075,-119.675
1156,-119.65,49.075,-119.65
1065,-119.625,49.075,-119.625
679,-119.6,49.075,-119.6
688,-119.575,49.075,-119.575
571,-119.55,49.075,-119.55
280,-119.525,49.075,-119.525
285,-119.5,49.075,-119.5
354,-119.475,49.075,-119.475
725,-119.45,49.075,-119.45
1030,-119.425,49.075,-119.425
1331,-119.4,49.075,-119.4
1473,-119.375,49.075,-119.375
1616,-119.35,49.075,-119.35
1368,-119.325,49.075,-119.325
1472,-119.3,49.075,-119.3
1302,-119.275,49.075,-119.275
1197,-119.25,49.075,-119.25
1084,-119.225,49.075,-119.225
1088,-119.2,49.075,-119.2
1109,-119.175,49.075,-119.175
1058,-119.15,49.075,-119.15
1051,-119.125,49.075,-119.125
1224,-119.1,49.075,-119.1
1129,-119.075,49.075,-119.075
1064,-119.05,49.075,-119.05
1066,-119.025,49.075,-119.025
608,-119,49.075,-119
835,-118.975,49.075,-118.975
756,-118.95,49.075,-118.95
1054,-118.925,49.075,-118.925
929,-118.9,49.075,-118.9
1204,-118.875,49.075,-118.875
1003,-118.85,49.075,-118.85
1159,-118.825,49.075,-118.825
1114,-118.8,49.075,-118.8
1242,-118.775,49.075,-118.775
1119,-118.75,49.075,-118.75
1296,-118.725,49.075,-118.725
1030,-118.7,49.075,-118.7
848,-118.675,49.075,-118.675
1056,-118.65,49.075,-118.65
1175,-118.625,49.075,-118.625
1258,-118.6,49.075,-118.6
1343,-118.575,49.075,-118.575
992,-118.55,49.075,-118.55
1101,-118.525,49.075,-118.525
1058,-118.5,49.075,-118.5
10,-123,49.1,-123
0,-122.975,49.1,-122.975
2,-122.95,49.1,-122.95
0,-122.925,49.1,-122.925
3,-122.9,49.1,-122.9
60,-122.875,49.1,-122.875
17,-122.85,49.1,-122.85
6,-122.825,49.1,-122.825
2,-122.8,49.1,-122.8
3,-122.775,49.1,-122.775
0,-122.75,49.1,-122.75
5,-122.725,49.1,-122.725
26,-122.7,49.1,-122.7
9,-122.675,49.1,-122.675
10,-122.65,49.1,-122.65
11,-122.625,49.1,-122.625
55,-122.6,49.1,-122.6
51,-122.575,49.1,-122.575
71,-122.55,49.1,-122.55
96,-122.525,49.1,-122.525
110,-122.5,49.1,-122.5
92,-122.475,49.1,-122.475
90,-122.45,49.1,-122.45
107,-122.425,49.1,-122.425
132,-122.4,49.1,-122.4
92,-122.375,49.1,-122.375
5,-122.35,49.1,-122.35
4,-122.325,49.1,-122.325
3,-122.3,49.1,-122.3
4,-122.275,49.1,-122.275
6,-122.25,49.1,-122.25
213,-122.225,49.1,-122.225
314,-122.2,49.1,-122.2
458,-122.175,49.1,-122.175
568,-122.15,49.1,-122.15
3,-122.125,49.1,-122.125
3,-122.1,49.1,-122.1
8,-122.075,49.1,-122.075
7,-122.05,49.1,-122.05
14,-122.025,49.1,-122.025
20,-122,49.1,-122
35,-121.975,49.1,-121.975
137,-121.95,49.1,-121.95
263,-121.925,49.1,-121.925
320,-121.9,49.1,-121.9
254,-121.875,49.1,-121.875
393,-121.85,49.1,-121.85
512,-121.825,49.1,-121.825
741,-121.8,49.1,-121.8
1300,-121.775,49.1,-121.775
1281,-121.75,49.1,-121.75
1108,-121.725,49.1,-121.725
850,-121.7,49.1,-121.7
401,-121.675,49.1,-121.675
367,-121.65,49.1,-121.65
393,-121.625,49.1,-121.625
658,-121.6,49.1,-121.6
505,-121.575,49.1,-121.575
471,-121.55,49.1,-121.55
710,-121.525,49.1,-121.525
544,-121.5,49.1,-121.5
601,-121.475,49.1,-121.475
866,-121.45,49.1,-121.45
1537,-121.425,49.1,-121.425
1322,-121.4,49.1,-121.4
1241,-121.375,49.1,-121.375
1863,-121.35,49.1,-121.35
1423,-121.325,49.1,-121.325
1379,-121.3,49.1,-121.3
1541,-121.275,49.1,-121.275
1061,-121.25,49.1,-121.25
1608,-121.225,49.1,-121.225
1114,-121.2,49.1,-121.2
1300,-121.175,49.1,-121.175
796,-121.15,49.1,-121.15
576,-121.125,49.1,-121.125
855,-121.1,49.1,-121.1
1616,-121.075,49.1,-121.075
1797,-121.05,49.1,-121.05
1247,-121.025,49.1,-121.025
1341,-121,49.1,-121
1493,-120.975,49.1,-120.975
1643,-120.95,49.1,-120.95
1491,-120.925,49.1,-120.925
1510,-120.9,49.1,-120.9
1781,-120.875,49.1,-120.875
1700,-120.85,49.1,-120.85
1545,-120.825,49.1,-120.825
1737,-120.8,49.1,-120.8
1795,-120.775,49.1,-120.775
1833,-120.75,49.1,-120.75
1805,-120.725,49.1,-120.725
1577,-120.7,49.1,-120.7
1302,-120.675,49.1,-120.675
1280,-120.65,49.1,-120.65
1585,-120.625,49.1,-120.625
1351,-120.6,49.1,-120.6
1143,-120.575,49.1,-120.575
1463,-120.55,49.1,-120.55
1618,-120.525,49.1,-120.525
1954,-120.5,49.1,-120.5
1978,-120.475,49.1,-120.475
1779,-120.45,49.1,-120.45
2131,-120.425,49.1,-120.425
1803,-120.4,49.1,-120.4
1914,-120.375,49.1,-120.375
1986,-120.35,49.1,-120.35
1563,-120.325,49.1,-120.325
1420,-120.3,49.1,-120.3
1872,-120.275,49.1,-120.275
1889,-120.25,49.1,-120.25
1963,-120.225,49.1,-120.225
1983,-120.2,49.1,-120.2
1914,-120.175,49.1,-120.175
1716,-120.15,49.1,-120.15
1779,-120.125,49.1,-120.125
1775,-120.1,49.1,-120.1
1853,-120.075,49.1,-120.075
1660,-120.05,49.1,-120.05
1102,-120.025,49.1,-120.025
1544,-120,49.1,-120
1622,-119.975,49.1,-119.975
2056,-119.95,49.1,-119.95
2230,-119.925,49.1,-119.925
2063,-119.9,49.1,-119.9
1846,-119.875,49.1,-119.875
1704,-119.85,49.1,-119.85
1492,-119.825,49.1,-119.825
1008,-119.8,49.1,-119.8
834,-119.775,49.1,-119.775
406,-119.75,49.1,-119.75
379,-119.725,49.1,-119.725
733,-119.7,49.1,-119.7
1666,-119.675,49.1,-119.675
1505,-119.65,49.1,-119.65
1077,-119.625,49.1,-119.625
713,-119.6,49.1,-119.6
607,-119.575,49.1,-119.575
280,-119.55,49.1,-119.55
359,-119.525,49.1,-119.525
378,-119.5,49.1,-119.5
665,-119.475,49.1,-119.475
1062,-119.45,49.1,-119.45
1342,-119.425,49.1,-119.425
1160,-119.4,49.1,-119.4
1184,-119.375,49.1,-119.375
1255,-119.35,49.1,-119.35
1269,-119.325,49.1,-119.325
1338,-119.3,49.1,-119.3
1463,-119.275,49.1,-119.275
1292,-119.25,49.1,-119.25
1241,-119.225,49.1,-119.225
1253,-119.2,49.1,-119.2
1247,-119.175,49.1,-119.175
1145,-119.15,49.1,-119.15
1061,-119.125,49.1,-119.125
1178,-119.1,49.1,-119.1
1185,-119.075,49.1,-119.075
1089,-119.05,49.1,-119.05
1016,-119.025,49.1,-119.025
649,-119,49.1,-119
737,-118.975,49.1,-118.975
827,-118.95,49.1,-118.95
951,-118.925,49.1,-118.925
1011,-118.9,49.1,-118.9
1324,-118.875,49.1,-118.875
1209,-118.85,49.1,-118.85
1297,-118.825,49.1,-118.825
1121,-118.8,49.1,-118.8
1413,-118.775,49.1,-118.775
1178,-118.75,49.1,-118.75
1001,-118.725,49.1,-118.725
852,-118.7,49.1,-118.7
745,-118.675,49.1,-118.675
1208,-118.65,49.1,-118.65
1239,-118.625,49.1,-118.625
1380,-118.6,49.1,-118.6
1400,-118.575,49.1,-118.575
1132,-118.55,49.1,-118.55
988,-118.525,49.1,-118.525
1062,-118.5,49.1,-118.5
5,-123,49.125,-123
3,-122.975,49.125,-122.975
5,-122.95,49.125,-122.95
13,-122.925,49.125,-122.925
88,-122.9,49.125,-122.9
92,-122.875,49.125,-122.875
68,-122.85,49.125,-122.85
30,-122.825,49.125,-122.825
16,-122.8,49.125,-122.8
0,-122.775,49.125,-122.775
5,-122.75,49.125,-122.75
34,-122.725,49.125,-122.725
78,-122.7,49.125,-122.7
44,-122.675,49.125,-122.675
48,-122.65,49.125,-122.65
14,-122.625,49.125,-122.625
24,-122.6,49.125,-122.6
31,-122.575,49.125,-122.575
58,-122.55,49.125,-122.55
74,-122.525,49.125,-122.525
81,-122.5,49.125,-122.5
82,-122.475,49.125,-122.475
96,-122.45,49.125,-122.45
141,-122.425,49.125,-122.425
63,-122.4,49.125,-122.4
49,-122.375,49.125,-122.375
4,-122.35,49.125,-122.35
10,-122.325,49.125,-122.325
2,-122.3,49.125,-122.3
5,-122.275,49.125,-122.275
6,-122.25,49.125,-122.25
5,-122.225,49.125,-122.225
192,-122.2,49.125,-122.2
334,-122.175,49.125,-122.175
648,-122.15,49.125,-122.15
780,-122.125,49.125,-122.125
7,-122.1,49.125,-122.1
6,-122.075,49.125,-122.075
5,-122.05,49.125,-122.05
8,-122.025,49.125,-122.025
16,-122,49.125,-122
14,-121.975,49.125,-121.975
18,-121.95,49.125,-121.95
15,-121.925,49.125,-121.925
12,-121.9,49.125,-121.9
302,-121.875,49.125,-121.875
236,-121.85,49.125,-121.85
394,-121.825,49.125,-121.825
997,-121.8,49.125,-121.8
1220,-121.775,49.125,-121.775
1236,-121.75,49.125,-121.75
1511,-121.725,49.125,-121.725
1374,-121.7,49.125,-121.7
842,-121.675,49.125,-121.675
1268,-121.65,49.125,-121.65
1079,-121.625,49.125,-121.625
507,-121.6,49.125,-121.6
696,-121.575,49.125,-121.575
1280,-121.55,49.125,-121.55
1567,-121.525,49.125,-121.525
1711,-121.5,49.125,-121.5
1697,-121.475,49.125,-121.475
1008,-121.45,49.125,-121.45
1286,-121.425,49.125,-121.425
1838,-121.4,49.125,-121.4
1018,-121.375,49.125,-121.375
1335,-121.35,49.125,-121.35
1398,-121.325,49.125,-121.325
1147,-121.3,49.125,-121.3
696,-121.275,49.125,-121.275
613,-121.25,49.125,-121.25
555,-121.225,49.125,-121.225
571,-121.2,49.125,-121.2
552,-121.175,49.125,-121.175
567,-121.15,49.125,-121.15
996,-121.125,49.125,-121.125
1463,-121.1,49.125,-121.1
1684,-121.075,49.125,-121.075
1675,-121.05,49.125,-121.05
1432,-121.025,49.125,-121.025
1639,-121,49.125,-121
1941,-120.975,49.125,-120.975
1543,-120.95,49.125,-120.95
1428,-120.925,49.125,-120.925
1680,-120.9,49.125,-120.9
1374,-120.875,49.125,-120.875
1810,-120.85,49.125,-120.85
1445,-120.825,49.125,-120.825
1734,-120.8,49.125,-120.8
1827,-120.775,49.125,-120.775
1855,-120.75,49.125,-120.75
1732,-120.725,49.125,-120.725
1396,-120.7,49.125,-120.7
1280,-120.675,49.125,-120.675
1319,-120.65,49.125,-120.65
1038,-120.625,49.125,-120.625
1502,-120.6,49.125,-120.6
1076,-120.575,49.125,-120.575
1424,-120.55,49.125,-120.55
1621,-120.525,49.125,-120.525
1549,-120.5,49.125,-120.5
1923,-120.475,49.125,-120.475
2018,-120.45,49.125,-120.45
1935,-120.425,49.125,-120.425
2023,-120.4,49.125,-120.4
1783,-120.375,49.125,-120.375
1703,-120.35,49.125,-120.35
1521,-120.325,49.125,-120.325
1257,-120.3,49.125,-120.3
1732,-120.275,49.125,-120.275
1827,-120.25,49.125,-120.25
1764,-120.225,49.125,-120.225
1766,-120.2,49.125,-120.2
1937,-120.175,49.125,-120.175
1555,-120.15,49.125,-120.15
1274,-120.125,49.125,-120.125
1315,-120.1,49.125,-120.1
1156,-120.075,49.125,-120.075
1202,-120.05,49.125,-120.05
1326,-120.025,49.125,-120.025
1685,-120,49.125,-120
1891,-119.975,49.125,-119.975
2124,-119.95,49.125,-119.95
1786,-119.925,49.125,-119.925
2156,-119.9,49.125,-119.9
2147,-119.875,49.125,-119.875
1838,-119.85,49.125,-119.85
1621,-119.825,49.125,-119.825
1509,-119.8,49.125,-119.8
1013,-119.775,49.125,-119.775
384,-119.75,49.125,-119.75
623,-119.725,49.125,-119.725
1508,-119.7,49.125,-119.7
1841,-119.675,49.125,-119.675
1274,-119.65,49.125,-119.65
1207,-119.625,49.125,-119.625
568,-119.6,49.125,-119.6
287,-119.575,49.125,-119.575
378,-119.55,49.125,-119.55
680,-119.525,49.125,-119.525
419,-119.5,49.125,-119.5
690,-119.475,49.125,-119.475
675,-119.45,49.125,-119.45
932,-119.425,49.125,-119.425
1060,-119.4,49.125,-119.4
1036,-119.375,49.125,-119.375
1198,-119.35,49.125,-119.35
1299,-119.325,49.125,-119.325
1419,-119.3,49.125,-119.3
1500,-119.275,49.125,-119.275
1675,-119.25,49.125,-119.25
1469,-119.225,49.125,-119.225
1453,-119.2,49.125,-119.2
1266,-119.175,49.125,-119.175
1247,-119.15,49.125,-119.15
1023,-119.125,49.125,-119.125
1471,-119.1,49.125,-119.1
1333,-119.075,49.125,-119.075
1039,-119.05,49.125,-119.05
1028,-119.025,49.125,-119.025
660,-119,49.125,-119
819,-118.975,49.125,-118.975
1060,-118.95,49.125,-118.95
1244,-118.925,49.125,-118.925
1159,-118.9,49.125,-118.9
1215,-118.875,49.125,-118.875
1378,-118.85,49.125,-118.85
1463,-118.825,49.125,-118.825
1461,-118.8,49.125,-118.8
1341,-118.775,49.125,-118.775
1293,-118.75,49.125,-118.75
1306,-118.725,49.125,-118.725
1026,-118.7,49.125,-118.7
846,-118.675,49.125,-118.675
860,-118.65,49.125,-118.65
1015,-118.625,49.125,-118.625
1085,-118.6,49.125,-118.6
1139,-118.575,49.125,-118.575
1077,-118.55,49.125,-118.55
1111,-118.525,49.125,-118.525
1258,-118.5,49.125,-118.5
0,-123,49.15,-123
6,-122.975,49.15,-122.975
4,-122.95,49.15,-122.95
75,-122.925,49.15,-122.925
104,-122.9,49.15,-122.9
86,-122.875,49.15,-122.875
63,-122.85,49.15,-122.85
32,-122.825,49.15,-122.825
39,-122.8,49.15,-122.8
63,-122.775,49.15,-122.775
29,-122.75,49.15,-122.75
1,-122.725,49.15,-122.725
13,-122.7,49.15,-122.7
47,-122.675,49.15,-122.675
80,-122.65,49.15,-122.65
58,-122.625,49.15,-122.625
26,-122.6,49.15,-122.6
30,-122.575,49.15,-122.575
76,-122.55,49.15,-122.55
13,-122.525,49.15,-122.525
67,-122.5,49.15,-122.5
5,-122.475,49.15,-122.475
9,-122.45,49.15,-122.45
148,-122.425,49.15,-122.425
2,-122.4,49.15,-122.4
37,-122.375,49.15,-122.375
74,-122.35,49.15,-122.35
141,-122.325,49.15,-122.325
125,-122.3,49.15,-122.3
206,-122.275,49.15,-122.275
7,-122.25,49.15,-122.25
6,-122.225,49.15,-122.225
5,-122.2,49.15,-122.2
11,-122.175,49.15,-122.175
8,-122.15,49.15,-122.15
16,-122.125,49.15,-122.125
5,-122.1,49.15,-122.1
7,-122.075,49.15,-122.075
6,-122.05,49.15,-122.05
280,-122.025,49.15,-122.025
9,-122,49.15,-122
10,-121.975,49.15,-121.975
10,-121.95,49.15,-121.95
9,-121.925,49.15,-121.925
9,-121.9,49.15,-121.9
12,-121.875,49.15,-121.875
12,-121.85,49.15,-121.85
57,-121.825,49.15,-121.825
289,-121.8,49.15,-121.8
542,-121.775,49.15,-121.775
1136,-121.75,49.15,-121.75
1136,-121.725,49.15,-121.725
1302,-121.7,49.15,-121.7
1311,-121.675,49.15,-121.675
1290,-121.65,49.15,-121.65
1095,-121.625,49.15,-121.625
1812,-121.6,49.15,-121.6
1656,-121.575,49.15,-121.575
1315,-121.55,49.15,-121.55
1189,-121.525,49.15,-121.525
1745,-121.5,49.15,-121.5
1206,-121.475,49.15,-121.475
1618,-121.45,49.15,-121.45
1053,-121.425,49.15,-121.425
1337,-121.4,49.15,-121.4
1549,-121.375,49.15,-121.375
1439,-121.35,49.15,-121.35
621,-121.325,49.15,-121.325
765,-121.3,49.15,-121.3
1294,-121.275,49.15,-121.275
1569,-121.25,49.15,-121.25
1368,-121.225,49.15,-121.225
1727,-121.2,49.15,-121.2
1043,-121.175,49.15,-121.175
614,-121.15,49.15,-121.15
973,-121.125,49.15,-121.125
1461,-121.1,49.15,-121.1
1911,-121.075,49.15,-121.075
1438,-121.05,49.15,-121.05
1329,-121.025,49.15,-121.025
1811,-121,49.15,-121
1541,-120.975,49.15,-120.975
1156,-120.95,49.15,-120.95
1487,-120.925,49.15,-120.925
1164,-120.9,49.15,-120.9
1871,-120.875,49.15,-120.875
1556,-120.85,49.15,-120.85
1730,-120.825,49.15,-120.825
1902,-120.8,49.15,-120.8
1992,-120.775,49.15,-120.775
1916,-120.75,49.15,-120.75
1887,-120.725,49.15,-120.725
1534,-120.7,49.15,-120.7
1619,-120.675,49.15,-120.675
1263,-120.65,49.15,-120.65
1258,-120.625,49.15,-120.625
1014,-120.6,49.15,-120.6
1151,-120.575,49.15,-120.575
1538,-120.55,49.15,-120.55
1480,-120.525,49.15,-120.525
1478,-120.5,49.15,-120.5
1468,-120.475,49.15,-120.475
1690,-120.45,49.15,-120.45
2116,-120.425,49.15,-120.425
1961,-120.4,49.15,-120.4
1825,-120.375,49.15,-120.375
1741,-120.35,49.15,-120.35
1759,-120.325,49.15,-120.325
1538,-120.3,49.15,-120.3
1386,-120.275,49.15,-120.275
1090,-120.25,49.15,-120.25
1073,-120.225,49.15,-120.225
1062,-120.2,49.15,-120.2
1108,-120.175,49.15,-120.175
1449,-120.15,49.15,-120.15
1749,-120.125,49.15,-120.125
1687,-120.1,49.15,-120.1
1497,-120.075,49.15,-120.075
1157,-120.05,49.15,-120.05
895,-120.025,49.15,-120.025
1213,-120,49.15,-120
1340,-119.975,49.15,-119.975
1995,-119.95,49.15,-119.95
1875,-119.925,49.15,-119.925
2282,-119.9,49.15,-119.9
1935,-119.875,49.15,-119.875
1900,-119.85,49.15,-119.85
1869,-119.825,49.15,-119.825
1301,-119.8,49.15,-119.8
560,-119.775,49.15,-119.775
389,-119.75,49.15,-119.75
524,-119.725,49.15,-119.725
1514,-119.7,49.15,-119.7
1675,-119.675,49.15,-119.675
1618,-119.65,49.15,-119.65
957,-119.625,49.15,-119.625
488,-119.6,49.15,-119.6
296,-119.575,49.15,-119.575
387,-119.55,49.15,-119.55
420,-119.525,49.15,-119.525
688,-119.5,49.15,-119.5
874,-119.475,49.15,-119.475
751,-119.45,49.15,-119.45
941,-119.425,49.15,-119.425
1099,-119.4,49.15,-119.4
1157,-119.375,49.15,-119.375
1326,-119.35,49.15,-119.35
1410,-119.325,49.15,-119.325
1594,-119.3,49.15,-119.3
1731,-119.275,49.15,-119.275
1836,-119.25,49.15,-119.25
1865,-119.225,49.15,-119.225
1496,-119.2,49.15,-119.2
1323,-119.175,49.15,-119.175
1243,-119.15,49.15,-119.15
1297,-119.125,49.15,-119.125
1552,-119.1,49.15,-119.1
1339,-119.075,49.15,-119.075
1234,-119.05,49.15,-119.05
886,-119.025,49.15,-119.025
772,-119,49.15,-119
685,-118.975,49.15,-118.975
1073,-118.95,49.15,-118.95
1153,-118.925,49.15,-118.925
1342,-118.9,49.15,-118.9
1358,-118.875,49.15,-118.875
1373,-118.85,49.15,-118.85
1408,-118.825,49.15,-118.825
1265,-118.8,49.15,-118.8
1081,-118.775,49.15,-118.775
1156,-118.75,49.15,-118.75
880,-118.725,49.15,-118.725
972,-118.7,49.15,-118.7
883,-118.675,49.15,-118.675
1120,-118.65,49.15,-118.65
1120,-118.625,49.15,-118.625
1197,-118.6,49.15,-118.6
1247,-118.575,49.15,-118.575
998,-118.55,49.15,-118.55
994,-118.525,49.15,-118.525
916,-118.5,49.15,-118.5
0,-123,49.175,-123
4,-122.975,49.175,-122.975
6,-122.95,49.175,-122.95
1,-122.925,49.175,-122.925
96,-122.9,49.175,-122.9
96,-122.875,49.175,-122.875
69,-122.85,49.175,-122.85
103,-122.825,49.175,-122.825
94,-122.8,49.175,-122.8
64,-122.775,49.175,-122.775
32,-122.75,49.175,-122.75
49,-122.725,49.175,-122.725
23,-122.7,49.175,-122.7
22,-122.675,49.175,-122.675
19,-122.65,49.175,-122.65
17,-122.625,49.175,-122.625
6,-122.6,49.175,-122.6
13,-122.575,49.175,-122.575
1,-122.55,49.175,-122.55
21,-122.525,49.175,-122.525
66,-122.5,49.175,-122.5
49,-122.475,49.175,-122.475
28,-122.45,49.175,-122.45
10,-122.425,49.175,-122.425
41,-122.4,49.175,-122.4
162,-122.375,49.175,-122.375
170,-122.35,49.175,-122.35
139,-122.325,49.175,-122.325
163,-122.3,49.175,-122.3
160,-122.275,49.175,-122.275
2,-122.25,49.175,-122.25
39,-122.225,49.175,-122.225
181,-122.2,49.175,-122.2
2,-122.175,49.175,-122.175
19,-122.15,49.175,-122.15
4,-122.125,49.175,-122.125
7,-122.1,49.175,-122.1
10,-122.075,49.175,-122.075
7,-122.05,49.175,-122.05
6,-122.025,49.175,-122.025
10,-122,49.175,-122
13,-121.975,49.175,-121.975
13,-121.95,49.175,-121.95
10,-121.925,49.175,-121.925
11,-121.9,49.175,-121.9
11,-121.875,49.175,-121.875
11,-121.85,49.175,-121.85
16,-121.825,49.175,-121.825
18,-121.8,49.175,-121.8
58,-121.775,49.175,-121.775
376,-121.75,49.175,-121.75
967,-121.725,49.175,-121.725
1587,-121.7,49.175,-121.7
1642,-121.675,49.175,-121.675
1747,-121.65,49.175,-121.65
1601,-121.625,49.175,-121.625
1204,-121.6,49.175,-121.6
1641,-121.575,49.175,-121.575
1544,-121.55,49.175,-121.55
1023,-121.525,49.175,-121.525
1678,-121.5,49.175,-121.5
1962,-121.475,49.175,-121.475
1358,-121.45,49.175,-121.45
1332,-121.425,49.175,-121.425
1587,-121.4,49.175,-121.4
683,-121.375,49.175,-121.375
614,-121.35,49.175,-121.35
977,-121.325,49.175,-121.325
1402,-121.3,49.175,-121.3
2043,-121.275,49.175,-121.275
1246,-121.25,49.175,-121.25
1575,-121.225,49.175,-121.225
2146,-121.2,49.175,-121.2
1191,-121.175,49.175,-121.175
970,-121.15,49.175,-121.15
1196,-121.125,49.175,-121.125
642,-121.1,49.175,-121.1
1340,-121.075,49.175,-121.075
1647,-121.05,49.175,-121.05
1880,-121.025,49.175,-121.025
1270,-121,49.175,-121
1276,-120.975,49.175,-120.975
1256,-120.95,49.175,-120.95
1366,-120.925,49.175,-120.925
1774,-120.9,49.175,-120.9
1714,-120.875,49.175,-120.875
1538,-120.85,49.175,-120.85
1750,-120.825,49.175,-120.825
1909,-120.8,49.175,-120.8
1763,-120.775,49.175,-120.775
1812,-120.75,49.175,-120.75
1456,-120.725,49.175,-120.725
1418,-120.7,49.175,-120.7
1538,-120.675,49.175,-120.675
1678,-120.65,49.175,-120.65
1611,-120.625,49.175,-120.625
1451,-120.6,49.175,-120.6
1198,-120.575,49.175,-120.575
958,-120.55,49.175,-120.55
1297,-120.525,49.175,-120.525
1501,-120.5,49.175,-120.5
1544,-120.475,49.175,-120.475
1520,-120.45,49.175,-120.45
1857,-120.425,49.175,-120.425
1826,-120.4,49.175,-120.4
1608,-120.375,49.175,-120.375
1376,-120.35,49.175,-120.35
1836,-120.325,49.175,-120.325
1866,-120.3,49.175,-120.3
1812,-120.275,49.175,-120.275
1887,-120.25,49.175,-120.25
1696,-120.225,49.175,-120.225
1697,-120.2,49.175,-120.2
1870,-120.175,49.175,-120.175
1850,-120.15,49.175,-120.15
1881,-120.125,49.175,-120.125
2078,-120.1,49.175,-120.1
2113,-120.075,49.175,-120.075
1593,-120.05,49.175,-120.05
1266,-120.025,49.175,-120.025
644,-120,49.175,-120
1353,-119.975,49.175,-119.975
1948,-119.95,49.175,-119.95
1961,-119.925,49.175,-119.925
1717,-119.9,49.175,-119.9
1489,-119.875,49.175,-119.875
1193,-119.85,49.175,-119.85
1515,-119.825,49.175,-119.825
1163,-119.8,49.175,-119.8
397,-119.775,49.175,-119.775
395,-119.75,49.175,-119.75
518,-119.725,49.175,-119.725
1212,-119.7,49.175,-119.7
1647,-119.675,49.175,-119.675
1371,-119.65,49.175,-119.65
800,-119.625,49.175,-119.625
476,-119.6,49.175,-119.6
344,-119.575,49.175,-119.575
310,-119.55,49.175,-119.55
375,-119.525,49.175,-119.525
604,-119.5,49.175,-119.5
546,-119.475,49.175,-119.475
773,-119.45,49.175,-119.45
999,-119.425,49.175,-119.425
1195,-119.4,49.175,-119.4
1371,-119.375,49.175,-119.375
1463,-119.35,49.175,-119.35
1519,-119.325,49.175,-119.325
1653,-119.3,49.175,-119.3
1996,-119.275,49.175,-119.275
2025,-119.25,49.175,-119.25
1905,-119.225,49.175,-119.225
1555,-119.2,49.175,-119.2
1755,-119.175,49.175,-119.175
1489,-119.15,49.175,-119.15
1292,-119.125,49.175,-119.125
1062,-119.1,49.175,-119.1
1294,-119.075,49.175,-119.075
1162,-119.05,49.175,-119.05
1261,-119.025,49.175,-119.025
947,-119,49.175,-119
694,-118.975,49.175,-118.975
1066,-118.95,49.175,-118.95
1371,-118.925,49.175,-118.925
1308,-118.9,49.175,-118.9
1122,-118.875,49.175,-118.875
1208,-118.85,49.175,-118.85
1407,-118.825,49.175,-118.825
1237,-118.8,49.175,-118.8
1218,-118.775,49.175,-118.775
1141,-118.75,49.175,-118.75
1163,-118.725,49.175,-118.725
841,-118.7,49.175,-118.7
1011,-118.675,49.175,-118.675
1261,-118.65,49.175,-118.65
1373,-118.625,49.175,-118.625
1314,-118.6,49.175,-118.6
1368,-118.575,49.175,-118.575
1034,-118.55,49.175,-118.55
1063,-118.525,49.175,-118.525
988,-118.5,49.175,-118.5
6,-123,49.2,-123
4,-122.975,49.2,-122.975
50,-122.95,49.2,-122.95
2,-122.925,49.2,-122.925
1,-122.9,49.2,-122.9
7,-122.875,49.2,-122.875
78,-122.85,49.2,-122.85
110,-122.825,49.2,-122.825
97,-122.8,49.2,-122.8
79,-122.775,49.2,-122.775
6,-122.75,49.2,-122.75
1,-122.725,49.2,-122.725
3,-122.7,49.2,-122.7
7,-122.675,49.2,-122.675
1,-122.65,49.2,-122.65
6,-122.625,49.2,-122.625
8,-122.6,49.2,-122.6
11,-122.575,49.2,-122.575
14,-122.55,49.2,-122.55
157,-122.525,49.2,-122.525
195,-122.5,49.2,-122.5
149,-122.475,49.2,-122.475
175,-122.45,49.2,-122.45
154,-122.425,49.2,-122.425
49,-122.4,49.2,-122.4
132,-122.375,49.2,-122.375
341,-122.35,49.2,-122.35
247,-122.325,49.2,-122.325
517,-122.3,49.2,-122.3
163,-122.275,49.2,-122.275
4,-122.25,49.2,-122.25
113,-122.225,49.2,-122.225
835,-122.2,49.2,-122.2
408,-122.175,49.2,-122.175
132,-122.15,49.2,-122.15
938,-122.125,49.2,-122.125
784,-122.1,49.2,-122.1
293,-122.075,49.2,-122.075
36,-122.05,49.2,-122.05
15,-122.025,49.2,-122.025
10,-122,49.2,-122
22,-121.975,49.2,-121.975
12,-121.95,49.2,-121.95
13,-121.925,49.2,-121.925
15,-121.9,49.2,-121.9
14,-121.875,49.2,-121.875
14,-121.85,49.2,-121.85
16,-121.825,49.2,-121.825
17,-121.8,49.2,-121.8
21,-121.775,49.2,-121.775
48,-121.75,49.2,-121.75
27,-121.725,49.2,-121.725
704,-121.7,49.2,-121.7
1234,-121.675,49.2,-121.675
975,-121.65,49.2,-121.65
846,-121.625,49.2,-121.625
1049,-121.6,49.2,-121.6
1188,-121.575,49.2,-121.575
1510,-121.55,49.2,-121.55
1410,-121.525,49.2,-121.525
1316,-121.5,49.2,-121.5
1306,-121.475,49.2,-121.475
1440,-121.45,49.2,-121.45
811,-121.425,49.2,-121.425
1426,-121.4,49.2,-121.4
520,-121.375,49.2,-121.375
1017,-121.35,49.2,-121.35
1323,-121.325,49.2,-121.325
1590,-121.3,49.2,-121.3
1645,-121.275,49.2,-121.275
1334,-121.25,49.2,-121.25
1465,-121.225,49.2,-121.225
1641,-121.2,49.2,-121.2
1730,-121.175,49.2,-121.175
1706,-121.15,49.2,-121.15
1942,-121.125,49.2,-121.125
1659,-121.1,49.2,-121.1
634,-121.075,49.2,-121.075
1615,-121.05,49.2,-121.05
1431,-121.025,49.2,-121.025
915,-121,49.2,-121
1014,-120.975,49.2,-120.975
1743,-120.95,49.2,-120.95
1862,-120.925,49.2,-120.925
1768,-120.9,49.2,-120.9
1754,-120.875,49.2,-120.875
1848,-120.85,49.2,-120.85
1825,-120.825,49.2,-120.825
1777,-120.8,49.2,-120.8
1752,-120.775,49.2,-120.775
1564,-120.75,49.2,-120.75
1370,-120.725,49.2,-120.725
1501,-120.7,49.2,-120.7
1357,-120.675,49.2,-120.675
1163,-120.65,49.2,-120.65
1193,-120.625,49.2,-120.625
1160,-120.6,49.2,-120.6
1356,-120.575,49.2,-120.575
1022,-120.55,49.2,-120.55
1279,-120.525,49.2,-120.525
1575,-120.5,49.2,-120.5
1642,-120.475,49.2,-120.475
1624,-120.45,49.2,-120.45
1755,-120.425,49.2,-120.425
1724,-120.4,49.2,-120.4
1787,-120.375,49.2,-120.375
1545,-120.35,49.2,-120.35
1817,-120.325,49.2,-120.325
1901,-120.3,49.2,-120.3
1760,-120.275,49.2,-120.275
1921,-120.25,49.2,-120.25
1868,-120.225,49.2,-120.225
1888,-120.2,49.2,-120.2
1918,-120.175,49.2,-120.175
1894,-120.15,49.2,-120.15
1776,-120.125,49.2,-120.125
1904,-120.1,49.2,-120.1
1855,-120.075,49.2,-120.075
1553,-120.05,49.2,-120.05
1156,-120.025,49.2,-120.025
586,-120,49.2,-120
1381,-119.975,49.2,-119.975
1330,-119.95,49.2,-119.95
1390,-119.925,49.2,-119.925
658,-119.9,49.2,-119.9
423,-119.875,49.2,-119.875
417,-119.85,49.2,-119.85
419,-119.825,49.2,-119.825
404,-119.8,49.2,-119.8
401,-119.775,49.2,-119.775
504,-119.75,49.2,-119.75
914,-119.725,49.2,-119.725
850,-119.7,49.2,-119.7
1333,-119.675,49.2,-119.675
1154,-119.65,49.2,-119.65
811,-119.625,49.2,-119.625
651,-119.6,49.2,-119.6
559,-119.575,49.2,-119.575
302,-119.55,49.2,-119.55
381,-119.525,49.2,-119.525
441,-119.5,49.2,-119.5
736,-119.475,49.2,-119.475
1159,-119.45,49.2,-119.45
1330,-119.425,49.2,-119.425
1414,-119.4,49.2,-119.4
1593,-119.375,49.2,-119.375
1711,-119.35,49.2,-119.35
1610,-119.325,49.2,-119.325
1689,-119.3,49.2,-119.3
1738,-119.275,49.2,-119.275
1712,-119.25,49.2,-119.25
1889,-119.225,49.2,-119.225
1971,-119.2,49.2,-119.2
1837,-119.175,49.2,-119.175
1573,-119.15,49.2,-119.15
1408,-119.125,49.2,-119.125
1173,-119.1,49.2,-119.1
1031,-119.075,49.2,-119.075
828,-119.05,49.2,-119.05
759,-119.025,49.2,-119.025
645,-119,49.2,-119
854,-118.975,49.2,-118.975
627,-118.95,49.2,-118.95
890,-118.925,49.2,-118.925
1098,-118.9,49.2,-118.9
1179,-118.875,49.2,-118.875
1203,-118.85,49.2,-118.85
1394,-118.825,49.2,-118.825
1347,-118.8,49.2,-118.8
977,-118.775,49.2,-118.775
1207,-118.75,49.2,-118.75
1183,-118.725,49.2,-118.725
912,-118.7,49.2,-118.7
1249,-118.675,49.2,-118.675
1416,-118.65,49.2,-118.65
1560,-118.625,49.2,-118.625
1577,-118.6,49.2,-118.6
1122,-118.575,49.2,-118.575
1022,-118.55,49.2,-118.55
834,-118.525,49.2,-118.525
845,-118.5,49.2,-118.5
138,-123,49.225,-123
120,-122.975,49.225,-122.975
124,-122.95,49.225,-122.95
112,-122.925,49.225,-122.925
69,-122.9,49.225,-122.9
9,-122.875,49.225,-122.875
5,-122.85,49.225,-122.85
6,-122.825,49.225,-122.825
1,-122.8,49.225,-122.8
11,-122.775,49.225,-122.775
4,-122.75,49.225,-122.75
4,-122.725,49.225,-122.725
7,-122.7,49.225,-122.7
9,-122.675,49.225,-122.675
19,-122.65,49.225,-122.65
40,-122.625,49.225,-122.625
38,-122.6,49.225,-122.6
41,-122.575,49.225,-122.575
81,-122.55,49.225,-122.55
99,-122.525,49.225,-122.525
122,-122.5,49.225,-122.5
219,-122.475,49.225,-122.475
236,-122.45,49.225,-122.45
224,-122.425,49.225,-122.425
173,-122.4,49.225,-122.4
166,-122.375,49.225,-122.375
116,-122.35,49.225,-122.35
195,-122.325,49.225,-122.325
225,-122.3,49.225,-122.3
386,-122.275,49.225,-122.275
56,-122.25,49.225,-122.25
67,-122.225,49.225,-122.225
417,-122.2,49.225,-122.2
914,-122.175,49.225,-122.175
351,-122.15,49.225,-122.15
719,-122.125,49.225,-122.125
1234,-122.1,49.225,-122.1
1063,-122.075,49.225,-122.075
648,-122.05,49.225,-122.05
148,-122.025,49.225,-122.025
262,-122,49.225,-122
343,-121.975,49.225,-121.975
92,-121.95,49.225,-121.95
9,-121.925,49.225,-121.925
9,-121.9,49.225,-121.9
12,-121.875,49.225,-121.875
11,-121.85,49.225,-121.85
12,-121.825,49.225,-121.825
136,-121.8,49.225,-121.8
17,-121.775,49.225,-121.775
17,-121.75,49.225,-121.75
17,-121.725,49.225,-121.725
25,-121.7,49.225,-121.7
427,-121.675,49.225,-121.675
1203,-121.65,49.225,-121.65
907,-121.625,49.225,-121.625
747,-121.6,49.225,-121.6
1423,-121.575,49.225,-121.575
1138,-121.55,49.225,-121.55
1601,-121.525,49.225,-121.525
1486,-121.5,49.225,-121.5
1069,-121.475,49.225,-121.475
1398,-121.45,49.225,-121.45
1556,-121.425,49.225,-121.425
1092,-121.4,49.225,-121.4
487,-121.375,49.225,-121.375
1531,-121.35,49.225,-121.35
1850,-121.325,49.225,-121.325
1332,-121.3,49.225,-121.3
1849,-121.275,49.225,-121.275
1155,-121.25,49.225,-121.25
1258,-121.225,49.225,-121.225
1359,-121.2,49.225,-121.2
1622,-121.175,49.225,-121.175
1062,-121.15,49.225,-121.15
1349,-121.125,49.225,-121.125
673,-121.1,49.225,-121.1
1107,-121.075,49.225,-121.075
890,-121.05,49.225,-121.05
1090,-121.025,49.225,-121.025
1474,-121,49.225,-121
1295,-120.975,49.225,-120.975
1237,-120.95,49.225,-120.95
1650,-120.925,49.225,-120.925
1501,-120.9,49.225,-120.9
1692,-120.875,49.225,-120.875
1895,-120.85,49.225,-120.85
1661,-120.825,49.225,-120.825
1468,-120.8,49.225,-120.8
1550,-120.775,49.225,-120.775
1486,-120.75,49.225,-120.75
1597,-120.725,49.225,-120.725
1455,-120.7,49.225,-120.7
1454,-120.675,49.225,-120.675
1536,-120.65,49.225,-120.65
1519,-120.625,49.225,-120.625
1611,-120.6,49.225,-120.6
1471,-120.575,49.225,-120.575
1230,-120.55,49.225,-120.55
1012,-120.525,49.225,-120.525
1125,-120.5,49.225,-120.5
1435,-120.475,49.225,-120.475
1522,-120.45,49.225,-120.45
1918,-120.425,49.225,-120.425
1918,-120.4,49.225,-120.4
1833,-120.375,49.225,-120.375
1832,-120.35,49.225,-120.35
1847,-120.325,49.225,-120.325
1986,-120.3,49.225,-120.3
1904,-120.275,49.225,-120.275
1945,-120.25,49.225,-120.25
1800,-120.225,49.225,-120.225
1678,-120.2,49.225,-120.2
1667,-120.175,49.225,-120.175
1616,-120.15,49.225,-120.15
1658,-120.125,49.225,-120.125
1475,-120.1,49.225,-120.1
1609,-120.075,49.225,-120.075
1355,-120.05,49.225,-120.05
1411,-120.025,49.225,-120.025
590,-120,49.225,-120
443,-119.975,49.225,-119.975
511,-119.95,49.225,-119.95
686,-119.925,49.225,-119.925
1265,-119.9,49.225,-119.9
1456,-119.875,49.225,-119.875
1276,-119.85,49.225,-119.85
467,-119.825,49.225,-119.825
772,-119.8,49.225,-119.8
1055,-119.775,49.225,-119.775
1106,-119.75,49.225,-119.75
1145,-119.725,49.225,-119.725
1228,-119.7,49.225,-119.7
1001,-119.675,49.225,-119.675
1041,-119.65,49.225,-119.65
866,-119.625,49.225,-119.625
647,-119.6,49.225,-119.6
483,-119.575,49.225,-119.575
304,-119.55,49.225,-119.55
451,-119.525,49.225,-119.525
548,-119.5,49.225,-119.5
1343,-119.475,49.225,-119.475
1508,-119.45,49.225,-119.45
1553,-119.425,49.225,-119.425
1643,-119.4,49.225,-119.4
1517,-119.375,49.225,-119.375
1622,-119.35,49.225,-119.35
1599,-119.325,49.225,-119.325
1480,-119.3,49.225,-119.3
1709,-119.275,49.225,-119.275
1591,-119.25,49.225,-119.25
1801,-119.225,49.225,-119.225
1832,-119.2,49.225,-119.2
1926,-119.175,49.225,-119.175
1817,-119.15,49.225,-119.15
1470,-119.125,49.225,-119.125
1192,-119.1,49.225,-119.1
1204,-119.075,49.225,-119.075
1469,-119.05,49.225,-119.05
973,-119.025,49.225,-119.025
1173,-119,49.225,-119
1030,-118.975,49.225,-118.975
1038,-118.95,49.225,-118.95
643,-118.925,49.225,-118.925
917,-118.9,49.225,-118.9
1159,-118.875,49.225,-118.875
1169,-118.85,49.225,-118.85
1212,-118.825,49.225,-118.825
1290,-118.8,49.225,-118.8
1429,-118.775,49.225,-118.775
1361,-118.75,49.225,-118.75
998,-118.725,49.225,-118.725
1164,-118.7,49.225,-118.7
1199,-118.675,49.225,-118.675
1452,-118.65,49.225,-118.65
1782,-118.625,49.225,-118.625
1524,-118.6,49.225,-118.6
1305,-118.575,49.225,-118.575
1434,-118.55,49.225,-118.55
1238,-118.525,49.225,-118.525
1020,-118.5,49.225,-118.5
30,-123,49.25,-123
36,-122.975,49.25,-122.975
36,-122.95,49.25,-122.95
26,-122.925,49.25,-122.925
58,-122.9,49.25,-122.9
134,-122.875,49.25,-122.875
136,-122.85,49.25,-122.85
154,-122.825,49.25,-122.825
8,-122.8,49.25,-122.8
54,-122.775,49.25,-122.775
7,-122.75,49.25,-122.75
3,-122.725,49.25,-122.725
5,-122.7,49.25,-122.7
3,-122.675,49.25,-122.675
3,-122.65,49.25,-122.65
4,-122.625,49.25,-122.625
8,-122.6,49.25,-122.6
63,-122.575,49.25,-122.575
137,-122.55,49.25,-122.55
143,-122.525,49.25,-122.525
350,-122.5,49.25,-122.5
374,-122.475,49.25,-122.475
555,-122.45,49.25,-122.45
602,-122.425,49.25,-122.425
377,-122.4,49.25,-122.4
230,-122.375,49.25,-122.375
78,-122.35,49.25,-122.35
673,-122.325,49.25,-122.325
192,-122.3,49.25,-122.3
207,-122.275,49.25,-122.275
140,-122.25,49.25,-122.25
133,-122.225,49.25,-122.225
605,-122.2,49.25,-122.2
1044,-122.175,49.25,-122.175
753,-122.15,49.25,-122.15
569,-122.125,49.25,-122.125
540,-122.1,49.25,-122.1
1004,-122.075,49.25,-122.075
907,-122.05,49.25,-122.05
616,-122.025,49.25,-122.025
332,-122,49.25,-122
232,-121.975,49.25,-121.975
13,-121.95,49.25,-121.95
14,-121.925,49.25,-121.925
410,-121.9,49.25,-121.9
715,-121.875,49.25,-121.875
13,-121.85,49.25,-121.85
13,-121.825,49.25,-121.825
15,-121.8,49.25,-121.8
19,-121.775,49.25,-121.775
287,-121.75,49.25,-121.75
23,-121.725,49.25,-121.725
19,-121.7,49.25,-121.7
189,-121.675,49.25,-121.675
1152,-121.65,49.25,-121.65
1176,-121.625,49.25,-121.625
666,-121.6,49.25,-121.6
831,-121.575,49.25,-121.575
1064,-121.55,49.25,-121.55
1629,-121.525,49.25,-121.525
1089,-121.5,49.25,-121.5
1362,-121.475,49.25,-121.475
1062,-121.45,49.25,-121.45
1526,-121.425,49.25,-121.425
602,-121.4,49.25,-121.4
985,-121.375,49.25,-121.375
1398,-121.35,49.25,-121.35
1656,-121.325,49.25,-121.325
1489,-121.3,49.25,-121.3
1073,-121.275,49.25,-121.275
882,-121.25,49.25,-121.25
1355,-121.225,49.25,-121.225
1166,-121.2,49.25,-121.2
675,-121.175,49.25,-121.175
1097,-121.15,49.25,-121.15
1324,-121.125,49.25,-121.125
1631,-121.1,49.25,-121.1
1927,-121.075,49.25,-121.075
1090,-121.05,49.25,-121.05
1194,-121.025,49.25,-121.025
1742,-121,49.25,-121
1623,-120.975,49.25,-120.975
1678,-120.95,49.25,-120.95
1040,-120.925,49.25,-120.925
1803,-120.9,49.25,-120.9
1812,-120.875,49.25,-120.875
1686,-120.85,49.25,-120.85
1917,-120.825,49.25,-120.825
1743,-120.8,49.25,-120.8
1559,-120.775,49.25,-120.775
1583,-120.75,49.25,-120.75
1537,-120.725,49.25,-120.725
1474,-120.7,49.25,-120.7
1678,-120.675,49.25,-120.675
1907,-120.65,49.25,-120.65
1532,-120.625,49.25,-120.625
1362,-120.6,49.25,-120.6
1213,-120.575,49.25,-120.575
1216,-120.55,49.25,-120.55
1078,-120.525,49.25,-120.525
1371,-120.5,49.25,-120.5
1559,-120.475,49.25,-120.475
1880,-120.45,49.25,-120.45
1698,-120.425,49.25,-120.425
1822,-120.4,49.25,-120.4
1703,-120.375,49.25,-120.375
1802,-120.35,49.25,-120.35
1863,-120.325,49.25,-120.325
1807,-120.3,49.25,-120.3
1755,-120.275,49.25,-120.275
1823,-120.25,49.25,-120.25
1728,-120.225,49.25,-120.225
1661,-120.2,49.25,-120.2
1837,-120.175,49.25,-120.175
1673,-120.15,49.25,-120.15
1640,-120.125,49.25,-120.125
1555,-120.1,49.25,-120.1
1225,-120.075,49.25,-120.075
860,-120.05,49.25,-120.05
660,-120.025,49.25,-120.025
711,-120,49.25,-120
1576,-119.975,49.25,-119.975
1827,-119.95,49.25,-119.95
1728,-119.925,49.25,-119.925
1752,-119.9,49.25,-119.9
1628,-119.875,49.25,-119.875
1349,-119.85,49.25,-119.85
481,-119.825,49.25,-119.825
1186,-119.8,49.25,-119.8
1523,-119.775,49.25,-119.775
1350,-119.75,49.25,-119.75
1330,-119.725,49.25,-119.725
1353,-119.7,49.25,-119.7
1512,-119.675,49.25,-119.675
1119,-119.65,49.25,-119.65
858,-119.625,49.25,-119.625
438,-119.6,49.25,-119.6
746,-119.575,49.25,-119.575
423,-119.55,49.25,-119.55
326,-119.525,49.25,-119.525
549,-119.5,49.25,-119.5
1190,-119.475,49.25,-119.475
1066,-119.45,49.25,-119.45
904,-119.425,49.25,-119.425
983,-119.4,49.25,-119.4
1112,-119.375,49.25,-119.375
1385,-119.35,49.25,-119.35
1194,-119.325,49.25,-119.325
1306,-119.3,49.25,-119.3
1429,-119.275,49.25,-119.275
1541,-119.25,49.25,-119.25
1504,-119.225,49.25,-119.225
1503,-119.2,49.25,-119.2
1602,-119.175,49.25,-119.175
1767,-119.15,49.25,-119.15
1854,-119.125,49.25,-119.125
1306,-119.1,49.25,-119.1
1079,-119.075,49.25,-119.075
1185,-119.05,49.25,-119.05
935,-119.025,49.25,-119.025
766,-119,49.25,-119
1049,-118.975,49.25,-118.975
1124,-118.95,49.25,-118.95
1074,-118.925,49.25,-118.925
639,-118.9,49.25,-118.9
964,-118.875,49.25,-118.875
1295,-118.85,49.25,-118.85
1299,-118.825,49.25,-118.825
1454,-118.8,49.25,-118.8
1396,-118.775,49.25,-118.775
1070,-118.75,49.25,-118.75
1278,-118.725,49.25,-118.725
1019,-118.7,49.25,-118.7
1340,-118.675,49.25,-118.675
1400,-118.65,49.25,-118.65
1749,-118.625,49.25,-118.625
1861,-118.6,49.25,-118.6
1572,-118.575,49.25,-118.575
1406,-118.55,49.25,-118.55
1112,-118.525,49.25,-118.525
1209,-118.5,49.25,-118.5
1209,-118.5,49.25,-118.5
76,-123,49.275,-123
106,-122.975,49.275,-122.975
109,-122.95,49.275,-122.95
287,-122.925,49.275,-122.925
251,-122.9,49.275,-122.9
102,-122.875,49.275,-122.875
34,-122.85,49.275,-122.85
31,-122.825,49.275,-122.825
17,-122.8,49.275,-122.8
19,-122.775,49.275,-122.775
22,-122.75,49.275,-122.75
5,-122.725,49.275,-122.725
2,-122.7,49.275,-122.7
3,-122.675,49.275,-122.675
4,-122.65,49.275,-122.65
4,-122.625,49.275,-122.625
76,-122.6,49.275,-122.6
175,-122.575,49.275,-122.575
284,-122.55,49.275,-122.55
257,-122.525,49.275,-122.525
111,-122.5,49.275,-122.5
713,-122.475,49.275,-122.475
769,-122.45,49.275,-122.45
836,-122.425,49.275,-122.425
607,-122.4,49.275,-122.4
578,-122.375,49.275,-122.375
258,-122.35,49.275,-122.35
292,-122.325,49.275,-122.325
178,-122.3,49.275,-122.3
79,-122.275,49.275,-122.275
86,-122.25,49.275,-122.25
107,-122.225,49.275,-122.225
506,-122.2,49.275,-122.2
705,-122.175,49.275,-122.175
1015,-122.15,49.275,-122.15
1002,-122.125,49.275,-122.125
406,-122.1,49.275,-122.1
899,-122.075,49.275,-122.075
1067,-122.05,49.275,-122.05
954,-122.025,49.275,-122.025
953,-122,49.275,-122
419,-121.975,49.275,-121.975
8,-121.95,49.275,-121.95
11,-121.925,49.275,-121.925
183,-121.9,49.275,-121.9
559,-121.875,49.275,-121.875
773,-121.85,49.275,-121.85
829,-121.825,49.275,-121.825
192,-121.8,49.275,-121.8
14,-121.775,49.275,-121.775
22,-121.75,49.275,-121.75
27,-121.725,49.275,-121.725
20,-121.7,49.275,-121.7
21,-121.675,49.275,-121.675
1120,-121.65,49.275,-121.65
624,-121.625,49.275,-121.625
1136,-121.6,49.275,-121.6
1382,-121.575,49.275,-121.575
1203,-121.55,49.275,-121.55
1493,-121.525,49.275,-121.525
1050,-121.5,49.275,-121.5
914,-121.475,49.275,-121.475
1522,-121.45,49.275,-121.45
912,-121.425,49.275,-121.425
641,-121.4,49.275,-121.4
1209,-121.375,49.275,-121.375
1324,-121.35,49.275,-121.35
1783,-121.325,49.275,-121.325
1213,-121.3,49.275,-121.3
1319,-121.275,49.275,-121.275
1081,-121.25,49.275,-121.25
712,-121.225,49.275,-121.225
1432,-121.2,49.275,-121.2
1505,-121.175,49.275,-121.175
1940,-121.15,49.275,-121.15
1325,-121.125,49.275,-121.125
1426,-121.1,49.275,-121.1
1920,-121.075,49.275,-121.075
1853,-121.05,49.275,-121.05
1573,-121.025,49.275,-121.025
1883,-121,49.275,-121
2058,-120.975,49.275,-120.975
1887,-120.95,49.275,-120.95
1763,-120.925,49.275,-120.925
1199,-120.9,49.275,-120.9
1571,-120.875,49.275,-120.875
1711,-120.85,49.275,-120.85
1836,-120.825,49.275,-120.825
1792,-120.8,49.275,-120.8
1661,-120.775,49.275,-120.775
1597,-120.75,49.275,-120.75
1367,-120.725,49.275,-120.725
1391,-120.7,49.275,-120.7
1382,-120.675,49.275,-120.675
1511,-120.65,49.275,-120.65
1597,-120.625,49.275,-120.625
1325,-120.6,49.275,-120.6
1271,-120.575,49.275,-120.575
1141,-120.55,49.275,-120.55
1135,-120.525,49.275,-120.525
1509,-120.5,49.275,-120.5
1617,-120.475,49.275,-120.475
1830,-120.45,49.275,-120.45
1639,-120.425,49.275,-120.425
1566,-120.4,49.275,-120.4
1583,-120.375,49.275,-120.375
1731,-120.35,49.275,-120.35
1802,-120.325,49.275,-120.325
1674,-120.3,49.275,-120.3
1712,-120.275,49.275,-120.275
1709,-120.25,49.275,-120.25
1519,-120.225,49.275,-120.225
1583,-120.2,49.275,-120.2
1616,-120.175,49.275,-120.175
1830,-120.15,49.275,-120.15
1958,-120.125,49.275,-120.125
1735,-120.1,49.275,-120.1
1403,-120.075,49.275,-120.075
995,-120.05,49.275,-120.05
466,-120.025,49.275,-120.025
1565,-120,49.275,-120
1633,-119.975,49.275,-119.975
1770,-119.95,49.275,-119.95
1983,-119.925,49.275,-119.925
1664,-119.9,49.275,-119.9
1206,-119.875,49.275,-119.875
915,-119.85,49.275,-119.85
551,-119.825,49.275,-119.825
1447,-119.8,49.275,-119.8
1484,-119.775,49.275,-119.775
1355,-119.75,49.275,-119.75
1309,-119.725,49.275,-119.725
1307,-119.7,49.275,-119.7
1215,-119.675,49.275,-119.675
940,-119.65,49.275,-119.65
557,-119.625,49.275,-119.625
642,-119.6,49.275,-119.6
623,-119.575,49.275,-119.575
865,-119.55,49.275,-119.55
325,-119.525,49.275,-119.525
616,-119.5,49.275,-119.5
850,-119.475,49.275,-119.475
1392,-119.45,49.275,-119.45
1393,-119.425,49.275,-119.425
1523,-119.4,49.275,-119.4
1619,-119.375,49.275,-119.375
1580,-119.35,49.275,-119.35
1400,-119.325,49.275,-119.325
1492,-119.3,49.275,-119.3
1521,-119.275,49.275,-119.275
1566,-119.25,49.275,-119.25
1552,-119.225,49.275,-119.225
1556,-119.2,49.275,-119.2
1595,-119.175,49.275,-119.175
1381,-119.15,49.275,-119.15
1408,-119.125,49.275,-119.125
1380,-119.1,49.275,-119.1
1233,-119.075,49.275,-119.075
1144,-119.05,49.275,-119.05
683,-119.025,49.275,-119.025
1246,-119,49.275,-119
1061,-118.975,49.275,-118.975
1241,-118.95,49.275,-118.95
969,-118.925,49.275,-118.925
756,-118.9,49.275,-118.9
819,-118.875,49.275,-118.875
1348,-118.85,49.275,-118.85
1424,-118.825,49.275,-118.825
1373,-118.8,49.275,-118.8
1297,-118.775,49.275,-118.775
1354,-118.75,49.275,-118.75
1279,-118.725,49.275,-118.725
1126,-118.7,49.275,-118.7
1336,-118.675,49.275,-118.675
1417,-118.65,49.275,-118.65
1514,-118.625,49.275,-118.625
1709,-118.6,49.275,-118.6
1740,-118.575,49.275,-118.575
1461,-118.55,49.275,-118.55
1284,-118.525,49.275,-118.525
1125,-118.5,49.275,-118.5
NA,-123,49.3,-123
NA,-122.975,49.3,-122.975
NA,-122.95,49.3,-122.95
35,-122.925,49.3,-122.925
128,-122.9,49.3,-122.9
NA,-122.875,49.3,-122.875
202,-122.85,49.3,-122.85
267,-122.825,49.3,-122.825
158,-122.8,49.3,-122.8
61,-122.775,49.3,-122.775
199,-122.75,49.3,-122.75
110,-122.725,49.3,-122.725
4,-122.7,49.3,-122.7
2,-122.675,49.3,-122.675
2,-122.65,49.3,-122.65
2,-122.625,49.3,-122.625
415,-122.6,49.3,-122.6
400,-122.575,49.3,-122.575
455,-122.55,49.3,-122.55
660,-122.525,49.3,-122.525
335,-122.5,49.3,-122.5
119,-122.475,49.3,-122.475
269,-122.45,49.3,-122.45
983,-122.425,49.3,-122.425
856,-122.4,49.3,-122.4
834,-122.375,49.3,-122.375
420,-122.35,49.3,-122.35
78,-122.325,49.3,-122.325
78,-122.3,49.3,-122.3
94,-122.275,49.3,-122.275
212,-122.25,49.3,-122.25
503,-122.225,49.3,-122.225
1178,-122.2,49.3,-122.2
914,-122.175,49.3,-122.175
819,-122.15,49.3,-122.15
1060,-122.125,49.3,-122.125
748,-122.1,49.3,-122.1
679,-122.075,49.3,-122.075
896,-122.05,49.3,-122.05
940,-122.025,49.3,-122.025
1018,-122,49.3,-122
442,-121.975,49.3,-121.975
184,-121.95,49.3,-121.95
45,-121.925,49.3,-121.925
23,-121.9,49.3,-121.9
178,-121.875,49.3,-121.875
12,-121.85,49.3,-121.85
23,-121.825,49.3,-121.825
364,-121.8,49.3,-121.8
17,-121.775,49.3,-121.775
746,-121.75,49.3,-121.75
349,-121.725,49.3,-121.725
25,-121.7,49.3,-121.7
28,-121.675,49.3,-121.675
44,-121.65,49.3,-121.65
282,-121.625,49.3,-121.625
1342,-121.6,49.3,-121.6
941,-121.575,49.3,-121.575
1029,-121.55,49.3,-121.55
1058,-121.525,49.3,-121.525
1376,-121.5,49.3,-121.5
2040,-121.475,49.3,-121.475
1060,-121.45,49.3,-121.45
928,-121.425,49.3,-121.425
354,-121.4,49.3,-121.4
1199,-121.375,49.3,-121.375
1489,-121.35,49.3,-121.35
949,-121.325,49.3,-121.325
1572,-121.3,49.3,-121.3
1037,-121.275,49.3,-121.275
834,-121.25,49.3,-121.25
1730,-121.225,49.3,-121.225
1722,-121.2,49.3,-121.2
1841,-121.175,49.3,-121.175
1653,-121.15,49.3,-121.15
1465,-121.125,49.3,-121.125
1285,-121.1,49.3,-121.1
1312,-121.075,49.3,-121.075
1288,-121.05,49.3,-121.05
1807,-121.025,49.3,-121.025
1498,-121,49.3,-121
1615,-120.975,49.3,-120.975
1780,-120.95,49.3,-120.95
1785,-120.925,49.3,-120.925
1515,-120.9,49.3,-120.9
1686,-120.875,49.3,-120.875
1772,-120.85,49.3,-120.85
1823,-120.825,49.3,-120.825
1725,-120.8,49.3,-120.8
1638,-120.775,49.3,-120.775
1647,-120.75,49.3,-120.75
1734,-120.725,49.3,-120.725
1593,-120.7,49.3,-120.7
1352,-120.675,49.3,-120.675
1194,-120.65,49.3,-120.65
1449,-120.625,49.3,-120.625
1285,-120.6,49.3,-120.6
1216,-120.575,49.3,-120.575
878,-120.55,49.3,-120.55
1256,-120.525,49.3,-120.525
1411,-120.5,49.3,-120.5
1606,-120.475,49.3,-120.475
1561,-120.45,49.3,-120.45
1371,-120.425,49.3,-120.425
1492,-120.4,49.3,-120.4
1601,-120.375,49.3,-120.375
1644,-120.35,49.3,-120.35
1551,-120.325,49.3,-120.325
1574,-120.3,49.3,-120.3
1579,-120.275,49.3,-120.275
1491,-120.25,49.3,-120.25
1434,-120.225,49.3,-120.225
1380,-120.2,49.3,-120.2
1371,-120.175,49.3,-120.175
1487,-120.15,49.3,-120.15
1634,-120.125,49.3,-120.125
1629,-120.1,49.3,-120.1
1266,-120.075,49.3,-120.075
930,-120.05,49.3,-120.05
558,-120.025,49.3,-120.025
1424,-120,49.3,-120
1679,-119.975,49.3,-119.975
1713,-119.95,49.3,-119.95
1976,-119.925,49.3,-119.925
1966,-119.9,49.3,-119.9
1854,-119.875,49.3,-119.875
1202,-119.85,49.3,-119.85
606,-119.825,49.3,-119.825
1132,-119.8,49.3,-119.8
901,-119.775,49.3,-119.775
1053,-119.75,49.3,-119.75
1050,-119.725,49.3,-119.725
1211,-119.7,49.3,-119.7
913,-119.675,49.3,-119.675
564,-119.65,49.3,-119.65
589,-119.625,49.3,-119.625
611,-119.6,49.3,-119.6
543,-119.575,49.3,-119.575
585,-119.55,49.3,-119.55
513,-119.525,49.3,-119.525
689,-119.5,49.3,-119.5
1170,-119.475,49.3,-119.475
1282,-119.45,49.3,-119.45
1240,-119.425,49.3,-119.425
1422,-119.4,49.3,-119.4
1440,-119.375,49.3,-119.375
1498,-119.35,49.3,-119.35
1513,-119.325,49.3,-119.325
1526,-119.3,49.3,-119.3
1766,-119.275,49.3,-119.275
1770,-119.25,49.3,-119.25
1697,-119.225,49.3,-119.225
1677,-119.2,49.3,-119.2
1751,-119.175,49.3,-119.175
1557,-119.15,49.3,-119.15
1410,-119.125,49.3,-119.125
1292,-119.1,49.3,-119.1
1199,-119.075,49.3,-119.075
917,-119.05,49.3,-119.05
877,-119.025,49.3,-119.025
1160,-119,49.3,-119
1198,-118.975,49.3,-118.975
1092,-118.95,49.3,-118.95
1067,-118.925,49.3,-118.925
671,-118.9,49.3,-118.9
767,-118.875,49.3,-118.875
1256,-118.85,49.3,-118.85
1352,-118.825,49.3,-118.825
1379,-118.8,49.3,-118.8
1378,-118.775,49.3,-118.775
1566,-118.75,49.3,-118.75
1682,-118.725,49.3,-118.725
1273,-118.7,49.3,-118.7
1207,-118.675,49.3,-118.675
1604,-118.65,49.3,-118.65
1921,-118.625,49.3,-118.625
2083,-118.6,49.3,-118.6
1842,-118.575,49.3,-118.575
1502,-118.55,49.3,-118.55
1013,-118.525,49.3,-118.525
820,-118.5,49.3,-118.5
134,-123,49.325,-123
182,-122.975,49.325,-122.975
20,-122.95,49.325,-122.95
NA,-122.925,49.325,-122.925
70,-122.9,49.325,-122.9
237,-122.875,49.325,-122.875
280,-122.85,49.325,-122.85
675,-122.825,49.325,-122.825
498,-122.8,49.325,-122.8
115,-122.775,49.325,-122.775
380,-122.75,49.325,-122.75
845,-122.725,49.325,-122.725
445,-122.7,49.325,-122.7
52,-122.675,49.325,-122.675
3,-122.65,49.325,-122.65
3,-122.625,49.325,-122.625
173,-122.6,49.325,-122.6
560,-122.575,49.325,-122.575
375,-122.55,49.325,-122.55
745,-122.525,49.325,-122.525
1068,-122.5,49.325,-122.5
391,-122.475,49.325,-122.475
148,-122.45,49.325,-122.45
150,-122.425,49.325,-122.425
686,-122.4,49.325,-122.4
1207,-122.375,49.325,-122.375
527,-122.35,49.325,-122.35
217,-122.325,49.325,-122.325
78,-122.3,49.325,-122.3
113,-122.275,49.325,-122.275
332,-122.25,49.325,-122.25
949,-122.225,49.325,-122.225
779,-122.2,49.325,-122.2
973,-122.175,49.325,-122.175
951,-122.15,49.325,-122.15
778,-122.125,49.325,-122.125
685,-122.1,49.325,-122.1
994,-122.075,49.325,-122.075
599,-122.05,49.325,-122.05
916,-122.025,49.325,-122.025
724,-122,49.325,-122
148,-121.975,49.325,-121.975
353,-121.95,49.325,-121.95
707,-121.925,49.325,-121.925
377,-121.9,49.325,-121.9
72,-121.875,49.325,-121.875
403,-121.85,49.325,-121.85
555,-121.825,49.325,-121.825
13,-121.8,49.325,-121.8
13,-121.775,49.325,-121.775
131,-121.75,49.325,-121.75
988,-121.725,49.325,-121.725
231,-121.7,49.325,-121.7
729,-121.675,49.325,-121.675
145,-121.65,49.325,-121.65
25,-121.625,49.325,-121.625
197,-121.6,49.325,-121.6
1142,-121.575,49.325,-121.575
698,-121.55,49.325,-121.55
986,-121.525,49.325,-121.525
1378,-121.5,49.325,-121.5
845,-121.475,49.325,-121.475
716,-121.45,49.325,-121.45
305,-121.425,49.325,-121.425
975,-121.4,49.325,-121.4
1507,-121.375,49.325,-121.375
1018,-121.35,49.325,-121.35
1272,-121.325,49.325,-121.325
782,-121.3,49.325,-121.3
679,-121.275,49.325,-121.275
1245,-121.25,49.325,-121.25
1638,-121.225,49.325,-121.225
1636,-121.2,49.325,-121.2
1705,-121.175,49.325,-121.175
1341,-121.15,49.325,-121.15
944,-121.125,49.325,-121.125
1550,-121.1,49.325,-121.1
1713,-121.075,49.325,-121.075
1568,-121.05,49.325,-121.05
1536,-121.025,49.325,-121.025
1528,-121,49.325,-121
1563,-120.975,49.325,-120.975
1437,-120.95,49.325,-120.95
1511,-120.925,49.325,-120.925
1582,-120.9,49.325,-120.9
1784,-120.875,49.325,-120.875
1698,-120.85,49.325,-120.85
1511,-120.825,49.325,-120.825
1635,-120.8,49.325,-120.8
1606,-120.775,49.325,-120.775
1642,-120.75,49.325,-120.75
1747,-120.725,49.325,-120.725
1612,-120.7,49.325,-120.7
1270,-120.675,49.325,-120.675
1305,-120.65,49.325,-120.65
1194,-120.625,49.325,-120.625
1309,-120.6,49.325,-120.6
1194,-120.575,49.325,-120.575
933,-120.55,49.325,-120.55
1118,-120.525,49.325,-120.525
1157,-120.5,49.325,-120.5
1453,-120.475,49.325,-120.475
1397,-120.45,49.325,-120.45
1226,-120.425,49.325,-120.425
1495,-120.4,49.325,-120.4
1596,-120.375,49.325,-120.375
1635,-120.35,49.325,-120.35
1597,-120.325,49.325,-120.325
1436,-120.3,49.325,-120.3
1606,-120.275,49.325,-120.275
1535,-120.25,49.325,-120.25
1397,-120.225,49.325,-120.225
1184,-120.2,49.325,-120.2
1183,-120.175,49.325,-120.175
1469,-120.15,49.325,-120.15
1492,-120.125,49.325,-120.125
1278,-120.1,49.325,-120.1
1195,-120.075,49.325,-120.075
488,-120.05,49.325,-120.05
1131,-120.025,49.325,-120.025
1096,-120,49.325,-120
1159,-119.975,49.325,-119.975
1643,-119.95,49.325,-119.95
1784,-119.925,49.325,-119.925
2057,-119.9,49.325,-119.9
1669,-119.875,49.325,-119.875
1611,-119.85,49.325,-119.85
1009,-119.825,49.325,-119.825
774,-119.8,49.325,-119.8
1104,-119.775,49.325,-119.775
1069,-119.75,49.325,-119.75
817,-119.725,49.325,-119.725
1039,-119.7,49.325,-119.7
836,-119.675,49.325,-119.675
782,-119.65,49.325,-119.65
564,-119.625,49.325,-119.625
706,-119.6,49.325,-119.6
596,-119.575,49.325,-119.575
402,-119.55,49.325,-119.55
510,-119.525,49.325,-119.525
772,-119.5,49.325,-119.5
759,-119.475,49.325,-119.475
990,-119.45,49.325,-119.45
1259,-119.425,49.325,-119.425
1455,-119.4,49.325,-119.4
1584,-119.375,49.325,-119.375
1566,-119.35,49.325,-119.35
1619,-119.325,49.325,-119.325
1648,-119.3,49.325,-119.3
1851,-119.275,49.325,-119.275
1899,-119.25,49.325,-119.25
1899,-119.225,49.325,-119.225
1822,-119.2,49.325,-119.2
1862,-119.175,49.325,-119.175
1491,-119.15,49.325,-119.15
1288,-119.125,49.325,-119.125
1268,-119.1,49.325,-119.1
1229,-119.075,49.325,-119.075
866,-119.05,49.325,-119.05
1152,-119.025,49.325,-119.025
1315,-119,49.325,-119
1162,-118.975,49.325,-118.975
1202,-118.95,49.325,-118.95
1046,-118.925,49.325,-118.925
917,-118.9,49.325,-118.9
662,-118.875,49.325,-118.875
1074,-118.85,49.325,-118.85
1314,-118.825,49.325,-118.825
1312,-118.8,49.325,-118.8
1448,-118.775,49.325,-118.775
1585,-118.75,49.325,-118.75
1753,-118.725,49.325,-118.725
1324,-118.7,49.325,-118.7
1609,-118.675,49.325,-118.675
1438,-118.65,49.325,-118.65
2097,-118.625,49.325,-118.625
1811,-118.6,49.325,-118.6
1471,-118.575,49.325,-118.575
1259,-118.55,49.325,-118.55
854,-118.525,49.325,-118.525
1237,-118.5,49.325,-118.5
139,-123,49.35,-123
575,-122.975,49.35,-122.975
673,-122.95,49.35,-122.95
315,-122.925,49.35,-122.925
NA,-122.9,49.35,-122.9
438,-122.875,49.35,-122.875
270,-122.85,49.35,-122.85
981,-122.825,49.35,-122.825
370,-122.8,49.35,-122.8
191,-122.775,49.35,-122.775
430,-122.75,49.35,-122.75
1030,-122.725,49.35,-122.725
954,-122.7,49.35,-122.7
867,-122.675,49.35,-122.675
3,-122.65,49.35,-122.65
2,-122.625,49.35,-122.625
2,-122.6,49.35,-122.6
182,-122.575,49.35,-122.575
528,-122.55,49.35,-122.55
791,-122.525,49.35,-122.525
1355,-122.5,49.35,-122.5
794,-122.475,49.35,-122.475
206,-122.45,49.35,-122.45
926,-122.425,49.35,-122.425
207,-122.4,49.35,-122.4
312,-122.375,49.35,-122.375
245,-122.35,49.35,-122.35
345,-122.325,49.35,-122.325
78,-122.3,49.35,-122.3
403,-122.275,49.35,-122.275
494,-122.25,49.35,-122.25
453,-122.225,49.35,-122.225
597,-122.2,49.35,-122.2
1098,-122.175,49.35,-122.175
1001,-122.15,49.35,-122.15
740,-122.125,49.35,-122.125
867,-122.1,49.35,-122.1
431,-122.075,49.35,-122.075
319,-122.05,49.35,-122.05
219,-122.025,49.35,-122.025
160,-122,49.35,-122
407,-121.975,49.35,-121.975
1115,-121.95,49.35,-121.95
1069,-121.925,49.35,-121.925
401,-121.9,49.35,-121.9
287,-121.875,49.35,-121.875
461,-121.85,49.35,-121.85
13,-121.825,49.35,-121.825
48,-121.8,49.35,-121.8
13,-121.775,49.35,-121.775
104,-121.75,49.35,-121.75
231,-121.725,49.35,-121.725
233,-121.7,49.35,-121.7
605,-121.675,49.35,-121.675
582,-121.65,49.35,-121.65
195,-121.625,49.35,-121.625
33,-121.6,49.35,-121.6
140,-121.575,49.35,-121.575
1115,-121.55,49.35,-121.55
928,-121.525,49.35,-121.525
894,-121.5,49.35,-121.5
121,-121.475,49.35,-121.475
787,-121.45,49.35,-121.45
1661,-121.425,49.35,-121.425
1065,-121.4,49.35,-121.4
1065,-121.375,49.35,-121.375
993,-121.35,49.35,-121.35
358,-121.325,49.35,-121.325
509,-121.3,49.35,-121.3
1148,-121.275,49.35,-121.275
1155,-121.25,49.35,-121.25
1142,-121.225,49.35,-121.225
1355,-121.2,49.35,-121.2
1022,-121.175,49.35,-121.175
838,-121.15,49.35,-121.15
1216,-121.125,49.35,-121.125
1899,-121.1,49.35,-121.1
1640,-121.075,49.35,-121.075
1470,-121.05,49.35,-121.05
1578,-121.025,49.35,-121.025
1361,-121,49.35,-121
1389,-120.975,49.35,-120.975
1559,-120.95,49.35,-120.95
1371,-120.925,49.35,-120.925
1643,-120.9,49.35,-120.9
1804,-120.875,49.35,-120.875
1707,-120.85,49.35,-120.85
1568,-120.825,49.35,-120.825
1425,-120.8,49.35,-120.8
1584,-120.775,49.35,-120.775
1592,-120.75,49.35,-120.75
1726,-120.725,49.35,-120.725
1607,-120.7,49.35,-120.7
1440,-120.675,49.35,-120.675
1481,-120.65,49.35,-120.65
1058,-120.625,49.35,-120.625
1073,-120.6,49.35,-120.6
1174,-120.575,49.35,-120.575
917,-120.55,49.35,-120.55
1181,-120.525,49.35,-120.525
996,-120.5,49.35,-120.5
1161,-120.475,49.35,-120.475
1182,-120.45,49.35,-120.45
1228,-120.425,49.35,-120.425
1473,-120.4,49.35,-120.4
1647,-120.375,49.35,-120.375
1671,-120.35,49.35,-120.35
1593,-120.325,49.35,-120.325
1362,-120.3,49.35,-120.3
1325,-120.275,49.35,-120.275
1277,-120.25,49.35,-120.25
1368,-120.225,49.35,-120.225
1315,-120.2,49.35,-120.2
795,-120.175,49.35,-120.175
1405,-120.15,49.35,-120.15
1088,-120.125,49.35,-120.125
616,-120.1,49.35,-120.1
527,-120.075,49.35,-120.075
1070,-120.05,49.35,-120.05
1364,-120.025,49.35,-120.025
1669,-120,49.35,-120
1654,-119.975,49.35,-119.975
1780,-119.95,49.35,-119.95
1935,-119.925,49.35,-119.925
2050,-119.9,49.35,-119.9
1554,-119.875,49.35,-119.875
1518,-119.85,49.35,-119.85
1262,-119.825,49.35,-119.825
1035,-119.8,49.35,-119.8
1414,-119.775,49.35,-119.775
1155,-119.75,49.35,-119.75
958,-119.725,49.35,-119.725
766,-119.7,49.35,-119.7
1209,-119.675,49.35,-119.675
789,-119.65,49.35,-119.65
640,-119.625,49.35,-119.625
568,-119.6,49.35,-119.6
335,-119.575,49.35,-119.575
468,-119.55,49.35,-119.55
463,-119.525,49.35,-119.525
837,-119.5,49.35,-119.5
941,-119.475,49.35,-119.475
1377,-119.45,49.35,-119.45
1372,-119.425,49.35,-119.425
1370,-119.4,49.35,-119.4
1479,-119.375,49.35,-119.375
1558,-119.35,49.35,-119.35
1708,-119.325,49.35,-119.325
1737,-119.3,49.35,-119.3
1724,-119.275,49.35,-119.275
1901,-119.25,49.35,-119.25
1972,-119.225,49.35,-119.225
1866,-119.2,49.35,-119.2
1648,-119.175,49.35,-119.175
1491,-119.15,49.35,-119.15
1273,-119.125,49.35,-119.125
888,-119.1,49.35,-119.1
1205,-119.075,49.35,-119.075
1020,-119.05,49.35,-119.05
1197,-119.025,49.35,-119.025
1589,-119,49.35,-119
1308,-118.975,49.35,-118.975
1224,-118.95,49.35,-118.95
1146,-118.925,49.35,-118.925
855,-118.9,49.35,-118.9
673,-118.875,49.35,-118.875
875,-118.85,49.35,-118.85
1383,-118.825,49.35,-118.825
1388,-118.8,49.35,-118.8
1410,-118.775,49.35,-118.775
1647,-118.75,49.35,-118.75
1643,-118.725,49.35,-118.725
1820,-118.7,49.35,-118.7
1741,-118.675,49.35,-118.675
1668,-118.65,49.35,-118.65
1884,-118.625,49.35,-118.625
2008,-118.6,49.35,-118.6
1823,-118.575,49.35,-118.575
1251,-118.55,49.35,-118.55
1041,-118.525,49.35,-118.525
908,-118.5,49.35,-118.5
158,-123,49.375,-123
819,-122.975,49.375,-122.975
1105,-122.95,49.375,-122.95
1025,-122.925,49.375,-122.925
233,-122.9,49.375,-122.9
NA,-122.875,49.375,-122.875
777,-122.85,49.375,-122.85
1105,-122.825,49.375,-122.825
147,-122.8,49.375,-122.8
220,-122.775,49.375,-122.775
510,-122.75,49.375,-122.75
728,-122.725,49.375,-122.725
991,-122.7,49.375,-122.7
1035,-122.675,49.375,-122.675
199,-122.65,49.375,-122.65
7,-122.625,49.375,-122.625
340,-122.6,49.375,-122.6
2,-122.575,49.375,-122.575
303,-122.55,49.375,-122.55
728,-122.525,49.375,-122.525
1109,-122.5,49.375,-122.5
761,-122.475,49.375,-122.475
377,-122.45,49.375,-122.45
966,-122.425,49.375,-122.425
936,-122.4,49.375,-122.4
917,-122.375,49.375,-122.375
169,-122.35,49.375,-122.35
278,-122.325,49.375,-122.325
78,-122.3,49.375,-122.3
78,-122.275,49.375,-122.275
409,-122.25,49.375,-122.25
448,-122.225,49.375,-122.225
1128,-122.2,49.375,-122.2
1141,-122.175,49.375,-122.175
942,-122.15,49.375,-122.15
639,-122.125,49.375,-122.125
619,-122.1,49.375,-122.1
1030,-122.075,49.375,-122.075
792,-122.05,49.375,-122.05
357,-122.025,49.375,-122.025
414,-122,49.375,-122
1019,-121.975,49.375,-121.975
1265,-121.95,49.375,-121.95
926,-121.925,49.375,-121.925
1261,-121.9,49.375,-121.9
802,-121.875,49.375,-121.875
455,-121.85,49.375,-121.85
13,-121.825,49.375,-121.825
13,-121.8,49.375,-121.8
65,-121.775,49.375,-121.775
95,-121.75,49.375,-121.75
730,-121.725,49.375,-121.725
548,-121.7,49.375,-121.7
440,-121.675,49.375,-121.675
304,-121.65,49.375,-121.65
338,-121.625,49.375,-121.625
685,-121.6,49.375,-121.6
59,-121.575,49.375,-121.575
43,-121.55,49.375,-121.55
37,-121.525,49.375,-121.525
29,-121.5,49.375,-121.5
53,-121.475,49.375,-121.475
36,-121.45,49.375,-121.45
62,-121.425,49.375,-121.425
192,-121.4,49.375,-121.4
342,-121.375,49.375,-121.375
291,-121.35,49.375,-121.35
490,-121.325,49.375,-121.325
809,-121.3,49.375,-121.3
733,-121.275,49.375,-121.275
905,-121.25,49.375,-121.25
1237,-121.225,49.375,-121.225
991,-121.2,49.375,-121.2
729,-121.175,49.375,-121.175
1086,-121.15,49.375,-121.15
1587,-121.125,49.375,-121.125
1521,-121.1,49.375,-121.1
1553,-121.075,49.375,-121.075
1425,-121.05,49.375,-121.05
1613,-121.025,49.375,-121.025
1682,-121,49.375,-121
1605,-120.975,49.375,-120.975
1376,-120.95,49.375,-120.95
1497,-120.925,49.375,-120.925
1546,-120.9,49.375,-120.9
1694,-120.875,49.375,-120.875
1584,-120.85,49.375,-120.85
1525,-120.825,49.375,-120.825
1565,-120.8,49.375,-120.8
1391,-120.775,49.375,-120.775
1491,-120.75,49.375,-120.75
1604,-120.725,49.375,-120.725
1763,-120.7,49.375,-120.7
1661,-120.675,49.375,-120.675
1588,-120.65,49.375,-120.65
1167,-120.625,49.375,-120.625
992,-120.6,49.375,-120.6
916,-120.575,49.375,-120.575
814,-120.55,49.375,-120.55
1150,-120.525,49.375,-120.525
900,-120.5,49.375,-120.5
1105,-120.475,49.375,-120.475
1091,-120.45,49.375,-120.45
1283,-120.425,49.375,-120.425
1543,-120.4,49.375,-120.4
1525,-120.375,49.375,-120.375
1635,-120.35,49.375,-120.35
1478,-120.325,49.375,-120.325
1445,-120.3,49.375,-120.3
1554,-120.275,49.375,-120.275
1491,-120.25,49.375,-120.25
1302,-120.225,49.375,-120.225
727,-120.2,49.375,-120.2
817,-120.175,49.375,-120.175
544,-120.15,49.375,-120.15
782,-120.125,49.375,-120.125
958,-120.1,49.375,-120.1
848,-120.075,49.375,-120.075
1195,-120.05,49.375,-120.05
1729,-120.025,49.375,-120.025
1717,-120,49.375,-120
1809,-119.975,49.375,-119.975
1839,-119.95,49.375,-119.95
1984,-119.925,49.375,-119.925
1893,-119.9,49.375,-119.9
1627,-119.875,49.375,-119.875
1402,-119.85,49.375,-119.85
1288,-119.825,49.375,-119.825
1261,-119.8,49.375,-119.8
1364,-119.775,49.375,-119.775
1251,-119.75,49.375,-119.75
1371,-119.725,49.375,-119.725
998,-119.7,49.375,-119.7
679,-119.675,49.375,-119.675
602,-119.65,49.375,-119.65
526,-119.625,49.375,-119.625
475,-119.6,49.375,-119.6
335,-119.575,49.375,-119.575
406,-119.55,49.375,-119.55
793,-119.525,49.375,-119.525
1122,-119.5,49.375,-119.5
1494,-119.475,49.375,-119.475
1446,-119.45,49.375,-119.45
1617,-119.425,49.375,-119.425
1597,-119.4,49.375,-119.4
1607,-119.375,49.375,-119.375
1583,-119.35,49.375,-119.35
1594,-119.325,49.375,-119.325
1703,-119.3,49.375,-119.3
1739,-119.275,49.375,-119.275
1770,-119.25,49.375,-119.25
1650,-119.225,49.375,-119.225
1630,-119.2,49.375,-119.2
1393,-119.175,49.375,-119.175
1349,-119.15,49.375,-119.15
1192,-119.125,49.375,-119.125
759,-119.1,49.375,-119.1
1278,-119.075,49.375,-119.075
1175,-119.05,49.375,-119.05
1243,-119.025,49.375,-119.025
1613,-119,49.375,-119
1500,-118.975,49.375,-118.975
1265,-118.95,49.375,-118.95
1113,-118.925,49.375,-118.925
1111,-118.9,49.375,-118.9
688,-118.875,49.375,-118.875
831,-118.85,49.375,-118.85
1166,-118.825,49.375,-118.825
1337,-118.8,49.375,-118.8
1525,-118.775,49.375,-118.775
1803,-118.75,49.375,-118.75
2151,-118.725,49.375,-118.725
1957,-118.7,49.375,-118.7
1761,-118.675,49.375,-118.675
1483,-118.65,49.375,-118.65
1482,-118.625,49.375,-118.625
1868,-118.6,49.375,-118.6
1823,-118.575,49.375,-118.575
1239,-118.55,49.375,-118.55
966,-118.525,49.375,-118.525
861,-118.5,49.375,-118.5
367,-123,49.4,-123
355,-122.975,49.4,-122.975
919,-122.95,49.4,-122.95
897,-122.925,49.4,-122.925
670,-122.9,49.4,-122.9
NA,-122.875,49.4,-122.875
466,-122.85,49.4,-122.85
1073,-122.825,49.4,-122.825
233,-122.8,49.4,-122.8
491,-122.775,49.4,-122.775
742,-122.75,49.4,-122.75
1061,-122.725,49.4,-122.725
1165,-122.7,49.4,-122.7
563,-122.675,49.4,-122.675
588,-122.65,49.4,-122.65
564,-122.625,49.4,-122.625
603,-122.6,49.4,-122.6
2,-122.575,49.4,-122.575
2,-122.55,49.4,-122.55
357,-122.525,49.4,-122.525
1245,-122.5,49.4,-122.5
1389,-122.475,49.4,-122.475
303,-122.45,49.4,-122.45
808,-122.425,49.4,-122.425
1196,-122.4,49.4,-122.4
1189,-122.375,49.4,-122.375
571,-122.35,49.4,-122.35
415,-122.325,49.4,-122.325
200,-122.3,49.4,-122.3
78,-122.275,49.4,-122.275
794,-122.25,49.4,-122.25
496,-122.225,49.4,-122.225
645,-122.2,49.4,-122.2
697,-122.175,49.4,-122.175
1341,-122.15,49.4,-122.15
906,-122.125,49.4,-122.125
497,-122.1,49.4,-122.1
1300,-122.075,49.4,-122.075
862,-122.05,49.4,-122.05
298,-122.025,49.4,-122.025
620,-122,49.4,-122
1055,-121.975,49.4,-121.975
1122,-121.95,49.4,-121.95
1307,-121.925,49.4,-121.925
1087,-121.9,49.4,-121.9
379,-121.875,49.4,-121.875
77,-121.85,49.4,-121.85
13,-121.825,49.4,-121.825
13,-121.8,49.4,-121.8
64,-121.775,49.4,-121.775
386,-121.75,49.4,-121.75
1184,-121.725,49.4,-121.725
1154,-121.7,49.4,-121.7
841,-121.675,49.4,-121.675
648,-121.65,49.4,-121.65
737,-121.625,49.4,-121.625
409,-121.6,49.4,-121.6
1221,-121.575,49.4,-121.575
875,-121.55,49.4,-121.55
583,-121.525,49.4,-121.525
1019,-121.5,49.4,-121.5
577,-121.475,49.4,-121.475
148,-121.45,49.4,-121.45
48,-121.425,49.4,-121.425
462,-121.4,49.4,-121.4
953,-121.375,49.4,-121.375
1393,-121.35,49.4,-121.35
592,-121.325,49.4,-121.325
778,-121.3,49.4,-121.3
1696,-121.275,49.4,-121.275
1031,-121.25,49.4,-121.25
791,-121.225,49.4,-121.225
693,-121.2,49.4,-121.2
1450,-121.175,49.4,-121.175
1663,-121.15,49.4,-121.15
1538,-121.125,49.4,-121.125
1826,-121.1,49.4,-121.1
1552,-121.075,49.4,-121.075
1293,-121.05,49.4,-121.05
1614,-121.025,49.4,-121.025
1724,-121,49.4,-121
1555,-120.975,49.4,-120.975
1297,-120.95,49.4,-120.95
1710,-120.925,49.4,-120.925
1825,-120.9,49.4,-120.9
1646,-120.875,49.4,-120.875
1433,-120.85,49.4,-120.85
1463,-120.825,49.4,-120.825
1226,-120.8,49.4,-120.8
1541,-120.775,49.4,-120.775
1278,-120.75,49.4,-120.75
1744,-120.725,49.4,-120.725
1712,-120.7,49.4,-120.7
1497,-120.675,49.4,-120.675
1354,-120.65,49.4,-120.65
1145,-120.625,49.4,-120.625
1002,-120.6,49.4,-120.6
897,-120.575,49.4,-120.575
764,-120.55,49.4,-120.55
933,-120.525,49.4,-120.525
952,-120.5,49.4,-120.5
1062,-120.475,49.4,-120.475
757,-120.45,49.4,-120.45
683,-120.425,49.4,-120.425
962,-120.4,49.4,-120.4
1368,-120.375,49.4,-120.375
1354,-120.35,49.4,-120.35
1277,-120.325,49.4,-120.325
1209,-120.3,49.4,-120.3
980,-120.275,49.4,-120.275
617,-120.25,49.4,-120.25
561,-120.225,49.4,-120.225
894,-120.2,49.4,-120.2
1323,-120.175,49.4,-120.175
1244,-120.15,49.4,-120.15
1331,-120.125,49.4,-120.125
1379,-120.1,49.4,-120.1
950,-120.075,49.4,-120.075
1570,-120.05,49.4,-120.05
1744,-120.025,49.4,-120.025
1811,-120,49.4,-120
1810,-119.975,49.4,-119.975
1849,-119.95,49.4,-119.95
1920,-119.925,49.4,-119.925
1765,-119.9,49.4,-119.9
2065,-119.875,49.4,-119.875
1785,-119.85,49.4,-119.85
1031,-119.825,49.4,-119.825
1474,-119.8,49.4,-119.8
1202,-119.775,49.4,-119.775
1325,-119.75,49.4,-119.75
849,-119.725,49.4,-119.725
647,-119.7,49.4,-119.7
918,-119.675,49.4,-119.675
1037,-119.65,49.4,-119.65
668,-119.625,49.4,-119.625
416,-119.6,49.4,-119.6
335,-119.575,49.4,-119.575
597,-119.55,49.4,-119.55
1069,-119.525,49.4,-119.525
1480,-119.5,49.4,-119.5
1589,-119.475,49.4,-119.475
1810,-119.45,49.4,-119.45
1937,-119.425,49.4,-119.425
1688,-119.4,49.4,-119.4
1615,-119.375,49.4,-119.375
1676,-119.35,49.4,-119.35
1587,-119.325,49.4,-119.325
1652,-119.3,49.4,-119.3
1740,-119.275,49.4,-119.275
1877,-119.25,49.4,-119.25
1830,-119.225,49.4,-119.225
1610,-119.2,49.4,-119.2
1277,-119.175,49.4,-119.175
1059,-119.15,49.4,-119.15
1074,-119.125,49.4,-119.125
770,-119.1,49.4,-119.1
1118,-119.075,49.4,-119.075
1409,-119.05,49.4,-119.05
1399,-119.025,49.4,-119.025
1543,-119,49.4,-119
1443,-118.975,49.4,-118.975
1242,-118.95,49.4,-118.95
1147,-118.925,49.4,-118.925
1179,-118.9,49.4,-118.9
840,-118.875,49.4,-118.875
964,-118.85,49.4,-118.85
1362,-118.825,49.4,-118.825
1143,-118.8,49.4,-118.8
1604,-118.775,49.4,-118.775
1925,-118.75,49.4,-118.75
2060,-118.725,49.4,-118.725
1937,-118.7,49.4,-118.7
1672,-118.675,49.4,-118.675
1435,-118.65,49.4,-118.65
1477,-118.625,49.4,-118.625
1131,-118.6,49.4,-118.6
1032,-118.575,49.4,-118.575
857,-118.55,49.4,-118.55
843,-118.525,49.4,-118.525
898,-118.5,49.4,-118.5
1107,-123,49.425,-123
183,-122.975,49.425,-122.975
1129,-122.95,49.425,-122.95
1217,-122.925,49.425,-122.925
904,-122.9,49.425,-122.9
84,-122.875,49.425,-122.875
275,-122.85,49.425,-122.85
914,-122.825,49.425,-122.825
1114,-122.8,49.425,-122.8
147,-122.775,49.425,-122.775
504,-122.75,49.425,-122.75
1154,-122.725,49.425,-122.725
753,-122.7,49.425,-122.7
1107,-122.675,49.425,-122.675
349,-122.65,49.425,-122.65
877,-122.625,49.425,-122.625
933,-122.6,49.425,-122.6
2,-122.575,49.425,-122.575
2,-122.55,49.425,-122.55
2,-122.525,49.425,-122.525
582,-122.5,49.425,-122.5
1175,-122.475,49.425,-122.475
594,-122.45,49.425,-122.45
433,-122.425,49.425,-122.425
750,-122.4,49.425,-122.4
899,-122.375,49.425,-122.375
1791,-122.35,49.425,-122.35
1055,-122.325,49.425,-122.325
256,-122.3,49.425,-122.3
78,-122.275,49.425,-122.275
303,-122.25,49.425,-122.25
474,-122.225,49.425,-122.225
1394,-122.2,49.425,-122.2
840,-122.175,49.425,-122.175
1017,-122.15,49.425,-122.15
580,-122.125,49.425,-122.125
1029,-122.1,49.425,-122.1
1135,-122.075,49.425,-122.075
498,-122.05,49.425,-122.05
337,-122.025,49.425,-122.025
1271,-122,49.425,-122
956,-121.975,49.425,-121.975
805,-121.95,49.425,-121.95
1134,-121.925,49.425,-121.925
1068,-121.9,49.425,-121.9
394,-121.875,49.425,-121.875
150,-121.85,49.425,-121.85
13,-121.825,49.425,-121.825
13,-121.8,49.425,-121.8
38,-121.775,49.425,-121.775
578,-121.75,49.425,-121.75
1436,-121.725,49.425,-121.725
1121,-121.7,49.425,-121.7
1180,-121.675,49.425,-121.675
856,-121.65,49.425,-121.65
1210,-121.625,49.425,-121.625
487,-121.6,49.425,-121.6
644,-121.575,49.425,-121.575
1264,-121.55,49.425,-121.55
699,-121.525,49.425,-121.525
690,-121.5,49.425,-121.5
592,-121.475,49.425,-121.475
394,-121.45,49.425,-121.45
59,-121.425,49.425,-121.425
488,-121.4,49.425,-121.4
1180,-121.375,49.425,-121.375
950,-121.35,49.425,-121.35
939,-121.325,49.425,-121.325
777,-121.3,49.425,-121.3
1466,-121.275,49.425,-121.275
545,-121.25,49.425,-121.25
1030,-121.225,49.425,-121.225
1381,-121.2,49.425,-121.2
1722,-121.175,49.425,-121.175
1379,-121.15,49.425,-121.15
1100,-121.125,49.425,-121.125
1695,-121.1,49.425,-121.1
1475,-121.075,49.425,-121.075
1532,-121.05,49.425,-121.05
1431,-121.025,49.425,-121.025
1474,-121,49.425,-121
1421,-120.975,49.425,-120.975
1811,-120.95,49.425,-120.95
1700,-120.925,49.425,-120.925
1670,-120.9,49.425,-120.9
1814,-120.875,49.425,-120.875
1713,-120.85,49.425,-120.85
1616,-120.825,49.425,-120.825
1447,-120.8,49.425,-120.8
1522,-120.775,49.425,-120.775
1387,-120.75,49.425,-120.75
1157,-120.725,49.425,-120.725
1533,-120.7,49.425,-120.7
1686,-120.675,49.425,-120.675
1351,-120.65,49.425,-120.65
1147,-120.625,49.425,-120.625
1002,-120.6,49.425,-120.6
857,-120.575,49.425,-120.575
796,-120.55,49.425,-120.55
763,-120.525,49.425,-120.525
921,-120.5,49.425,-120.5
896,-120.475,49.425,-120.475
995,-120.45,49.425,-120.45
1173,-120.425,49.425,-120.425
1179,-120.4,49.425,-120.4
1217,-120.375,49.425,-120.375
758,-120.35,49.425,-120.35
814,-120.325,49.425,-120.325
1065,-120.3,49.425,-120.3
904,-120.275,49.425,-120.275
954,-120.25,49.425,-120.25
1343,-120.225,49.425,-120.225
1510,-120.2,49.425,-120.2
1610,-120.175,49.425,-120.175
1629,-120.15,49.425,-120.15
1457,-120.125,49.425,-120.125
1185,-120.1,49.425,-120.1
1385,-120.075,49.425,-120.075
1151,-120.05,49.425,-120.05
1546,-120.025,49.425,-120.025
1668,-120,49.425,-120
1809,-119.975,49.425,-119.975
2042,-119.95,49.425,-119.95
1926,-119.925,49.425,-119.925
1690,-119.9,49.425,-119.9
1489,-119.875,49.425,-119.875
1314,-119.85,49.425,-119.85
1295,-119.825,49.425,-119.825
1128,-119.8,49.425,-119.8
965,-119.775,49.425,-119.775
803,-119.75,49.425,-119.75
686,-119.725,49.425,-119.725
1026,-119.7,49.425,-119.7
1145,-119.675,49.425,-119.675
1135,-119.65,49.425,-119.65
842,-119.625,49.425,-119.625
335,-119.6,49.425,-119.6
335,-119.575,49.425,-119.575
858,-119.55,49.425,-119.55
1103,-119.525,49.425,-119.525
1447,-119.5,49.425,-119.5
1557,-119.475,49.425,-119.475
1686,-119.45,49.425,-119.45
1501,-119.425,49.425,-119.425
1505,-119.4,49.425,-119.4
1497,-119.375,49.425,-119.375
1539,-119.35,49.425,-119.35
1469,-119.325,49.425,-119.325
1500,-119.3,49.425,-119.3
1586,-119.275,49.425,-119.275
1618,-119.25,49.425,-119.25
1607,-119.225,49.425,-119.225
1458,-119.2,49.425,-119.2
1469,-119.175,49.425,-119.175
1213,-119.15,49.425,-119.15
1232,-119.125,49.425,-119.125
770,-119.1,49.425,-119.1
1208,-119.075,49.425,-119.075
1497,-119.05,49.425,-119.05
1622,-119.025,49.425,-119.025
1392,-119,49.425,-119
1438,-118.975,49.425,-118.975
1141,-118.95,49.425,-118.95
1223,-118.925,49.425,-118.925
1036,-118.9,49.425,-118.9
942,-118.875,49.425,-118.875
931,-118.85,49.425,-118.85
1086,-118.825,49.425,-118.825
1256,-118.8,49.425,-118.8
1596,-118.775,49.425,-118.775
1697,-118.75,49.425,-118.75
1837,-118.725,49.425,-118.725
1988,-118.7,49.425,-118.7
1613,-118.675,49.425,-118.675
1675,-118.65,49.425,-118.65
1702,-118.625,49.425,-118.625
1544,-118.6,49.425,-118.6
1339,-118.575,49.425,-118.575
1475,-118.55,49.425,-118.55
768,-118.525,49.425,-118.525
1166,-118.5,49.425,-118.5
1041,-123,49.45,-123
787,-122.975,49.45,-122.975
392,-122.95,49.45,-122.95
1107,-122.925,49.45,-122.925
652,-122.9,49.45,-122.9
NA,-122.875,49.45,-122.875
403,-122.85,49.45,-122.85
727,-122.825,49.45,-122.825
1111,-122.8,49.45,-122.8
211,-122.775,49.45,-122.775
749,-122.75,49.45,-122.75
961,-122.725,49.45,-122.725
1237,-122.7,49.45,-122.7
770,-122.675,49.45,-122.675
805,-122.65,49.45,-122.65
950,-122.625,49.45,-122.625
661,-122.6,49.45,-122.6
519,-122.575,49.45,-122.575
2,-122.55,49.45,-122.55
2,-122.525,49.45,-122.525
608,-122.5,49.45,-122.5
806,-122.475,49.45,-122.475
925,-122.45,49.45,-122.45
979,-122.425,49.45,-122.425
436,-122.4,49.45,-122.4
1044,-122.375,49.45,-122.375
1098,-122.35,49.45,-122.35
450,-122.325,49.45,-122.325
146,-122.3,49.45,-122.3
674,-122.275,49.45,-122.275
78,-122.25,49.45,-122.25
78,-122.225,49.45,-122.225
399,-122.2,49.45,-122.2
759,-122.175,49.45,-122.175
1375,-122.15,49.45,-122.15
1350,-122.125,49.45,-122.125
1085,-122.1,49.45,-122.1
1120,-122.075,49.45,-122.075
776,-122.05,49.45,-122.05
283,-122.025,49.45,-122.025
589,-122,49.45,-122
1339,-121.975,49.45,-121.975
1169,-121.95,49.45,-121.95
739,-121.925,49.45,-121.925
719,-121.9,49.45,-121.9
375,-121.875,49.45,-121.875
163,-121.85,49.45,-121.85
13,-121.825,49.45,-121.825
13,-121.8,49.45,-121.8
13,-121.775,49.45,-121.775
813,-121.75,49.45,-121.75
1133,-121.725,49.45,-121.725
709,-121.7,49.45,-121.7
977,-121.675,49.45,-121.675
1433,-121.65,49.45,-121.65
1055,-121.625,49.45,-121.625
950,-121.6,49.45,-121.6
1274,-121.575,49.45,-121.575
1035,-121.55,49.45,-121.55
1124,-121.525,49.45,-121.525
1255,-121.5,49.45,-121.5
904,-121.475,49.45,-121.475
538,-121.45,49.45,-121.45
224,-121.425,49.45,-121.425
334,-121.4,49.45,-121.4
868,-121.375,49.45,-121.375
1460,-121.35,49.45,-121.35
1440,-121.325,49.45,-121.325
491,-121.3,49.45,-121.3
477,-121.275,49.45,-121.275
562,-121.25,49.45,-121.25
955,-121.225,49.45,-121.225
932,-121.2,49.45,-121.2
721,-121.175,49.45,-121.175
1238,-121.15,49.45,-121.15
1769,-121.125,49.45,-121.125
1385,-121.1,49.45,-121.1
1585,-121.075,49.45,-121.075
1641,-121.05,49.45,-121.05
1455,-121.025,49.45,-121.025
1150,-121,49.45,-121
1419,-120.975,49.45,-120.975
1810,-120.95,49.45,-120.95
1429,-120.925,49.45,-120.925
1580,-120.9,49.45,-120.9
1692,-120.875,49.45,-120.875
1818,-120.85,49.45,-120.85
1805,-120.825,49.45,-120.825
1642,-120.8,49.45,-120.8
1570,-120.775,49.45,-120.775
1355,-120.75,49.45,-120.75
1045,-120.725,49.45,-120.725
1575,-120.7,49.45,-120.7
1632,-120.675,49.45,-120.675
1374,-120.65,49.45,-120.65
1251,-120.625,49.45,-120.625
974,-120.6,49.45,-120.6
663,-120.575,49.45,-120.575
778,-120.55,49.45,-120.55
656,-120.525,49.45,-120.525
707,-120.5,49.45,-120.5
756,-120.475,49.45,-120.475
764,-120.45,49.45,-120.45
1031,-120.425,49.45,-120.425
946,-120.4,49.45,-120.4
861,-120.375,49.45,-120.375
743,-120.35,49.45,-120.35
585,-120.325,49.45,-120.325
1172,-120.3,49.45,-120.3
1229,-120.275,49.45,-120.275
1362,-120.25,49.45,-120.25
1473,-120.225,49.45,-120.225
1618,-120.2,49.45,-120.2
1693,-120.175,49.45,-120.175
1656,-120.15,49.45,-120.15
1535,-120.125,49.45,-120.125
1438,-120.1,49.45,-120.1
1640,-120.075,49.45,-120.075
1668,-120.05,49.45,-120.05
1541,-120.025,49.45,-120.025
1697,-120,49.45,-120
1833,-119.975,49.45,-119.975
1852,-119.95,49.45,-119.95
1957,-119.925,49.45,-119.925
1884,-119.9,49.45,-119.9
1687,-119.875,49.45,-119.875
1580,-119.85,49.45,-119.85
1570,-119.825,49.45,-119.825
1349,-119.8,49.45,-119.8
1377,-119.775,49.45,-119.775
764,-119.75,49.45,-119.75
771,-119.725,49.45,-119.725
1133,-119.7,49.45,-119.7
1087,-119.675,49.45,-119.675
938,-119.65,49.45,-119.65
547,-119.625,49.45,-119.625
335,-119.6,49.45,-119.6
411,-119.575,49.45,-119.575
754,-119.55,49.45,-119.55
1090,-119.525,49.45,-119.525
1175,-119.5,49.45,-119.5
1212,-119.475,49.45,-119.475
1248,-119.45,49.45,-119.45
1202,-119.425,49.45,-119.425
1383,-119.4,49.45,-119.4
1381,-119.375,49.45,-119.375
1408,-119.35,49.45,-119.35
1332,-119.325,49.45,-119.325
1320,-119.3,49.45,-119.3
1202,-119.275,49.45,-119.275
1409,-119.25,49.45,-119.25
1421,-119.225,49.45,-119.225
1429,-119.2,49.45,-119.2
1324,-119.175,49.45,-119.175
1142,-119.15,49.45,-119.15
1270,-119.125,49.45,-119.125
812,-119.1,49.45,-119.1
801,-119.075,49.45,-119.075
1138,-119.05,49.45,-119.05
1502,-119.025,49.45,-119.025
1284,-119,49.45,-119
1365,-118.975,49.45,-118.975
1138,-118.95,49.45,-118.95
1381,-118.925,49.45,-118.925
1309,-118.9,49.45,-118.9
901,-118.875,49.45,-118.875
889,-118.85,49.45,-118.85
1239,-118.825,49.45,-118.825
1259,-118.8,49.45,-118.8
1753,-118.775,49.45,-118.775
2007,-118.75,49.45,-118.75
1979,-118.725,49.45,-118.725
2030,-118.7,49.45,-118.7
1980,-118.675,49.45,-118.675
1964,-118.65,49.45,-118.65
1680,-118.625,49.45,-118.625
1476,-118.6,49.45,-118.6
1229,-118.575,49.45,-118.575
1011,-118.55,49.45,-118.55
996,-118.525,49.45,-118.525
1452,-118.5,49.45,-118.5
1432,-123,49.475,-123
1077,-122.975,49.475,-122.975
215,-122.95,49.475,-122.95
872,-122.925,49.475,-122.925
431,-122.9,49.475,-122.9
277,-122.875,49.475,-122.875
968,-122.85,49.475,-122.85
1136,-122.825,49.475,-122.825
718,-122.8,49.475,-122.8
381,-122.775,49.475,-122.775
458,-122.75,49.475,-122.75
1111,-122.725,49.475,-122.725
1236,-122.7,49.475,-122.7
1584,-122.675,49.475,-122.675
1167,-122.65,49.475,-122.65
643,-122.625,49.475,-122.625
1084,-122.6,49.475,-122.6
246,-122.575,49.475,-122.575
2,-122.55,49.475,-122.55
55,-122.525,49.475,-122.525
767,-122.5,49.475,-122.5
566,-122.475,49.475,-122.475
946,-122.45,49.475,-122.45
1491,-122.425,49.475,-122.425
647,-122.4,49.475,-122.4
1128,-122.375,49.475,-122.375
144,-122.35,49.475,-122.35
904,-122.325,49.475,-122.325
1386,-122.3,49.475,-122.3
576,-122.275,49.475,-122.275
103,-122.25,49.475,-122.25
116,-122.225,49.475,-122.225
624,-122.2,49.475,-122.2
1135,-122.175,49.475,-122.175
970,-122.15,49.475,-122.15
984,-122.125,49.475,-122.125
895,-122.1,49.475,-122.1
561,-122.075,49.475,-122.075
955,-122.05,49.475,-122.05
1247,-122.025,49.475,-122.025
228,-122,49.475,-122
901,-121.975,49.475,-121.975
1400,-121.95,49.475,-121.95
1179,-121.925,49.475,-121.925
532,-121.9,49.475,-121.9
171,-121.875,49.475,-121.875
13,-121.85,49.475,-121.85
262,-121.825,49.475,-121.825
13,-121.8,49.475,-121.8
13,-121.775,49.475,-121.775
571,-121.75,49.475,-121.75
913,-121.725,49.475,-121.725
1378,-121.7,49.475,-121.7
1132,-121.675,49.475,-121.675
1453,-121.65,49.475,-121.65
1196,-121.625,49.475,-121.625
1284,-121.6,49.475,-121.6
926,-121.575,49.475,-121.575
848,-121.55,49.475,-121.55
1170,-121.525,49.475,-121.525
1166,-121.5,49.475,-121.5
655,-121.475,49.475,-121.475
285,-121.45,49.475,-121.45
73,-121.425,49.475,-121.425
333,-121.4,49.475,-121.4
603,-121.375,49.475,-121.375
1157,-121.35,49.475,-121.35
1500,-121.325,49.475,-121.325
924,-121.3,49.475,-121.3
858,-121.275,49.475,-121.275
392,-121.25,49.475,-121.25
633,-121.225,49.475,-121.225
859,-121.2,49.475,-121.2
1059,-121.175,49.475,-121.175
939,-121.15,49.475,-121.15
1341,-121.125,49.475,-121.125
1589,-121.1,49.475,-121.1
1519,-121.075,49.475,-121.075
1707,-121.05,49.475,-121.05
1665,-121.025,49.475,-121.025
1428,-121,49.475,-121
1071,-120.975,49.475,-120.975
1291,-120.95,49.475,-120.95
1492,-120.925,49.475,-120.925
1397,-120.9,49.475,-120.9
1654,-120.875,49.475,-120.875
1704,-120.85,49.475,-120.85
1618,-120.825,49.475,-120.825
1593,-120.8,49.475,-120.8
1319,-120.775,49.475,-120.775
1241,-120.75,49.475,-120.75
1123,-120.725,49.475,-120.725
1489,-120.7,49.475,-120.7
1342,-120.675,49.475,-120.675
958,-120.65,49.475,-120.65
821,-120.625,49.475,-120.625
1095,-120.6,49.475,-120.6
1180,-120.575,49.475,-120.575
929,-120.55,49.475,-120.55
780,-120.525,49.475,-120.525
685,-120.5,49.475,-120.5
793,-120.475,49.475,-120.475
870,-120.45,49.475,-120.45
1214,-120.425,49.475,-120.425
1251,-120.4,49.475,-120.4
1038,-120.375,49.475,-120.375
1244,-120.35,49.475,-120.35
1274,-120.325,49.475,-120.325
1380,-120.3,49.475,-120.3
1517,-120.275,49.475,-120.275
1518,-120.25,49.475,-120.25
1615,-120.225,49.475,-120.225
1806,-120.2,49.475,-120.2
1763,-120.175,49.475,-120.175
1791,-120.15,49.475,-120.15
1458,-120.125,49.475,-120.125
1555,-120.1,49.475,-120.1
1718,-120.075,49.475,-120.075
1695,-120.05,49.475,-120.05
1678,-120.025,49.475,-120.025
1699,-120,49.475,-120
1768,-119.975,49.475,-119.975
1825,-119.95,49.475,-119.95
1929,-119.925,49.475,-119.925
1996,-119.9,49.475,-119.9
1919,-119.875,49.475,-119.875
1773,-119.85,49.475,-119.85
1440,-119.825,49.475,-119.825
1372,-119.8,49.475,-119.8
1124,-119.775,49.475,-119.775
914,-119.75,49.475,-119.75
675,-119.725,49.475,-119.725
756,-119.7,49.475,-119.7
581,-119.675,49.475,-119.675
491,-119.65,49.475,-119.65
458,-119.625,49.475,-119.625
342,-119.6,49.475,-119.6
379,-119.575,49.475,-119.575
516,-119.55,49.475,-119.55
801,-119.525,49.475,-119.525
1102,-119.5,49.475,-119.5
1343,-119.475,49.475,-119.475
1341,-119.45,49.475,-119.45
1387,-119.425,49.475,-119.425
1399,-119.4,49.475,-119.4
1342,-119.375,49.475,-119.375
1362,-119.35,49.475,-119.35
1424,-119.325,49.475,-119.325
1441,-119.3,49.475,-119.3
1426,-119.275,49.475,-119.275
1252,-119.25,49.475,-119.25
1253,-119.225,49.475,-119.225
1411,-119.2,49.475,-119.2
1194,-119.175,49.475,-119.175
1299,-119.15,49.475,-119.15
1291,-119.125,49.475,-119.125
816,-119.1,49.475,-119.1
1133,-119.075,49.475,-119.075
816,-119.05,49.475,-119.05
1138,-119.025,49.475,-119.025
1183,-119,49.475,-119
1035,-118.975,49.475,-118.975
1139,-118.95,49.475,-118.95
1360,-118.925,49.475,-118.925
1345,-118.9,49.475,-118.9
971,-118.875,49.475,-118.875
729,-118.85,49.475,-118.85
869,-118.825,49.475,-118.825
1337,-118.8,49.475,-118.8
1481,-118.775,49.475,-118.775
1567,-118.75,49.475,-118.75
1770,-118.725,49.475,-118.725
1983,-118.7,49.475,-118.7
1878,-118.675,49.475,-118.675
1903,-118.65,49.475,-118.65
1688,-118.625,49.475,-118.625
1455,-118.6,49.475,-118.6
1235,-118.575,49.475,-118.575
799,-118.55,49.475,-118.55
1209,-118.525,49.475,-118.525
1561,-118.5,49.475,-118.5
857,-123,49.5,-123
257,-122.975,49.5,-122.975
946,-122.95,49.5,-122.95
1149,-122.925,49.5,-122.925
193,-122.9,49.5,-122.9
735,-122.875,49.5,-122.875
1054,-122.85,49.5,-122.85
1074,-122.825,49.5,-122.825
633,-122.8,49.5,-122.8
968,-122.775,49.5,-122.775
1341,-122.75,49.5,-122.75
1433,-122.725,49.5,-122.725
1340,-122.7,49.5,-122.7
1506,-122.675,49.5,-122.675
837,-122.65,49.5,-122.65
319,-122.625,49.5,-122.625
37,-122.6,49.5,-122.6
258,-122.575,49.5,-122.575
612,-122.55,49.5,-122.55
363,-122.525,49.5,-122.525
543,-122.5,49.5,-122.5
811,-122.475,49.5,-122.475
1294,-122.45,49.5,-122.45
797,-122.425,49.5,-122.425
759,-122.4,49.5,-122.4
741,-122.375,49.5,-122.375
1202,-122.35,49.5,-122.35
1755,-122.325,49.5,-122.325
797,-122.3,49.5,-122.3
371,-122.275,49.5,-122.275
316,-122.25,49.5,-122.25
1095,-122.225,49.5,-122.225
137,-122.2,49.5,-122.2
879,-122.175,49.5,-122.175
1383,-122.15,49.5,-122.15
1291,-122.125,49.5,-122.125
806,-122.1,49.5,-122.1
1006,-122.075,49.5,-122.075
1332,-122.05,49.5,-122.05
782,-122.025,49.5,-122.025
348,-122,49.5,-122
563,-121.975,49.5,-121.975
590,-121.95,49.5,-121.95
643,-121.925,49.5,-121.925
548,-121.9,49.5,-121.9
267,-121.875,49.5,-121.875
91,-121.85,49.5,-121.85
108,-121.825,49.5,-121.825
13,-121.8,49.5,-121.8
13,-121.775,49.5,-121.775
431,-121.75,49.5,-121.75
1338,-121.725,49.5,-121.725
848,-121.7,49.5,-121.7
834,-121.675,49.5,-121.675
1116,-121.65,49.5,-121.65
1804,-121.625,49.5,-121.625
1346,-121.6,49.5,-121.6
1363,-121.575,49.5,-121.575
1193,-121.55,49.5,-121.55
1333,-121.525,49.5,-121.525
537,-121.5,49.5,-121.5
458,-121.475,49.5,-121.475
471,-121.45,49.5,-121.45
210,-121.425,49.5,-121.425
383,-121.4,49.5,-121.4
1048,-121.375,49.5,-121.375
1406,-121.35,49.5,-121.35
1057,-121.325,49.5,-121.325
1105,-121.3,49.5,-121.3
1207,-121.275,49.5,-121.275
509,-121.25,49.5,-121.25
810,-121.225,49.5,-121.225
553,-121.2,49.5,-121.2
1448,-121.175,49.5,-121.175
882,-121.15,49.5,-121.15
1609,-121.125,49.5,-121.125
1438,-121.1,49.5,-121.1
1783,-121.075,49.5,-121.075
1532,-121.05,49.5,-121.05
1548,-121.025,49.5,-121.025
1633,-121,49.5,-121
1549,-120.975,49.5,-120.975
1116,-120.95,49.5,-120.95
1244,-120.925,49.5,-120.925
1457,-120.9,49.5,-120.9
1537,-120.875,49.5,-120.875
1294,-120.85,49.5,-120.85
1467,-120.825,49.5,-120.825
1538,-120.8,49.5,-120.8
1389,-120.775,49.5,-120.775
1363,-120.75,49.5,-120.75
1240,-120.725,49.5,-120.725
995,-120.7,49.5,-120.7
768,-120.675,49.5,-120.675
813,-120.65,49.5,-120.65
1227,-120.625,49.5,-120.625
1333,-120.6,49.5,-120.6
996,-120.575,49.5,-120.575
1070,-120.55,49.5,-120.55
823,-120.525,49.5,-120.525
693,-120.5,49.5,-120.5
827,-120.475,49.5,-120.475
1033,-120.45,49.5,-120.45
1021,-120.425,49.5,-120.425
759,-120.4,49.5,-120.4
1420,-120.375,49.5,-120.375
1475,-120.35,49.5,-120.35
1270,-120.325,49.5,-120.325
1380,-120.3,49.5,-120.3
1605,-120.275,49.5,-120.275
1581,-120.25,49.5,-120.25
1844,-120.225,49.5,-120.225
1753,-120.2,49.5,-120.2
1752,-120.175,49.5,-120.175
1576,-120.15,49.5,-120.15
1454,-120.125,49.5,-120.125
1628,-120.1,49.5,-120.1
1741,-120.075,49.5,-120.075
1812,-120.05,49.5,-120.05
1704,-120.025,49.5,-120.025
1694,-120,49.5,-120
1751,-119.975,49.5,-119.975
1868,-119.95,49.5,-119.95
1941,-119.925,49.5,-119.925
1966,-119.9,49.5,-119.9
1657,-119.875,49.5,-119.875
1468,-119.85,49.5,-119.85
1123,-119.825,49.5,-119.825
1027,-119.8,49.5,-119.8
818,-119.775,49.5,-119.775
715,-119.75,49.5,-119.75
1002,-119.725,49.5,-119.725
1367,-119.7,49.5,-119.7
1070,-119.675,49.5,-119.675
560,-119.65,49.5,-119.65
395,-119.625,49.5,-119.625
345,-119.6,49.5,-119.6
419,-119.575,49.5,-119.575
698,-119.55,49.5,-119.55
688,-119.525,49.5,-119.525
1074,-119.5,49.5,-119.5
1362,-119.475,49.5,-119.475
1494,-119.45,49.5,-119.45
1608,-119.425,49.5,-119.425
1664,-119.4,49.5,-119.4
1576,-119.375,49.5,-119.375
1444,-119.35,49.5,-119.35
1438,-119.325,49.5,-119.325
1450,-119.3,49.5,-119.3
1424,-119.275,49.5,-119.275
1345,-119.25,49.5,-119.25
1102,-119.225,49.5,-119.225
1355,-119.2,49.5,-119.2
1275,-119.175,49.5,-119.175
1211,-119.15,49.5,-119.15
836,-119.125,49.5,-119.125
1211,-119.1,49.5,-119.1
1171,-119.075,49.5,-119.075
894,-119.05,49.5,-119.05
1125,-119.025,49.5,-119.025
1225,-119,49.5,-119
1279,-118.975,49.5,-118.975
1130,-118.95,49.5,-118.95
1178,-118.925,49.5,-118.925
1431,-118.9,49.5,-118.9
1152,-118.875,49.5,-118.875
1268,-118.85,49.5,-118.85
805,-118.825,49.5,-118.825
1044,-118.8,49.5,-118.8
1649,-118.775,49.5,-118.775
1746,-118.75,49.5,-118.75
1710,-118.725,49.5,-118.725
1793,-118.7,49.5,-118.7
1678,-118.675,49.5,-118.675
1727,-118.65,49.5,-118.65
1613,-118.625,49.5,-118.625
1411,-118.6,49.5,-118.6
909,-118.575,49.5,-118.575
983,-118.55,49.5,-118.55
1072,-118.525,49.5,-118.525
1036,-118.5,49.5,-118.5
616,-123,49.525,-123
1059,-122.975,49.525,-122.975
1076,-122.95,49.525,-122.95
530,-122.925,49.525,-122.925
34,-122.9,49.525,-122.9
821,-122.875,49.525,-122.875
489,-122.85,49.525,-122.85
730,-122.825,49.525,-122.825
1499,-122.8,49.525,-122.8
884,-122.775,49.525,-122.775
1179,-122.75,49.525,-122.75
1304,-122.725,49.525,-122.725
1533,-122.7,49.525,-122.7
954,-122.675,49.525,-122.675
1152,-122.65,49.525,-122.65
685,-122.625,49.525,-122.625
2,-122.6,49.525,-122.6
394,-122.575,49.525,-122.575
587,-122.55,49.525,-122.55
934,-122.525,49.525,-122.525
452,-122.5,49.525,-122.5
1284,-122.475,49.525,-122.475
1307,-122.45,49.525,-122.45
481,-122.425,49.525,-122.425
859,-122.4,49.525,-122.4
1042,-122.375,49.525,-122.375
1529,-122.35,49.525,-122.35
694,-122.325,49.525,-122.325
1205,-122.3,49.525,-122.3
143,-122.275,49.525,-122.275
1213,-122.25,49.525,-122.25
1212,-122.225,49.525,-122.225
672,-122.2,49.525,-122.2
383,-122.175,49.525,-122.175
929,-122.15,49.525,-122.15
1361,-122.125,49.525,-122.125
1627,-122.1,49.525,-122.1
1049,-122.075,49.525,-122.075
1417,-122.05,49.525,-122.05
785,-122.025,49.525,-122.025
1015,-122,49.525,-122
1167,-121.975,49.525,-121.975
999,-121.95,49.525,-121.95
743,-121.925,49.525,-121.925
306,-121.9,49.525,-121.9
13,-121.875,49.525,-121.875
147,-121.85,49.525,-121.85
13,-121.825,49.525,-121.825
13,-121.8,49.525,-121.8
13,-121.775,49.525,-121.775
461,-121.75,49.525,-121.75
744,-121.725,49.525,-121.725
801,-121.7,49.525,-121.7
1526,-121.675,49.525,-121.675
1086,-121.65,49.525,-121.65
1274,-121.625,49.525,-121.625
1021,-121.6,49.525,-121.6
1034,-121.575,49.525,-121.575
1480,-121.55,49.525,-121.55
1380,-121.525,49.525,-121.525
1456,-121.5,49.525,-121.5
1068,-121.475,49.525,-121.475
571,-121.45,49.525,-121.45
104,-121.425,49.525,-121.425
530,-121.4,49.525,-121.4
1103,-121.375,49.525,-121.375
1314,-121.35,49.525,-121.35
1172,-121.325,49.525,-121.325
1435,-121.3,49.525,-121.3
914,-121.275,49.525,-121.275
728,-121.25,49.525,-121.25
1392,-121.225,49.525,-121.225
829,-121.2,49.525,-121.2
1602,-121.175,49.525,-121.175
1081,-121.15,49.525,-121.15
1269,-121.125,49.525,-121.125
1616,-121.1,49.525,-121.1
1732,-121.075,49.525,-121.075
1944,-121.05,49.525,-121.05
1705,-121.025,49.525,-121.025
1655,-121,49.525,-121
1373,-120.975,49.525,-120.975
1208,-120.95,49.525,-120.95
1291,-120.925,49.525,-120.925
1035,-120.9,49.525,-120.9
1404,-120.875,49.525,-120.875
1443,-120.85,49.525,-120.85
1053,-120.825,49.525,-120.825
1404,-120.8,49.525,-120.8
1238,-120.775,49.525,-120.775
1097,-120.75,49.525,-120.75
1016,-120.725,49.525,-120.725
921,-120.7,49.525,-120.7
1221,-120.675,49.525,-120.675
1286,-120.65,49.525,-120.65
1379,-120.625,49.525,-120.625
1121,-120.6,49.525,-120.6
1184,-120.575,49.525,-120.575
1111,-120.55,49.525,-120.55
840,-120.525,49.525,-120.525
771,-120.5,49.525,-120.5
879,-120.475,49.525,-120.475
980,-120.45,49.525,-120.45
1013,-120.425,49.525,-120.425
904,-120.4,49.525,-120.4
1177,-120.375,49.525,-120.375
1324,-120.35,49.525,-120.35
1388,-120.325,49.525,-120.325
1523,-120.3,49.525,-120.3
1445,-120.275,49.525,-120.275
1617,-120.25,49.525,-120.25
1615,-120.225,49.525,-120.225
1798,-120.2,49.525,-120.2
1638,-120.175,49.525,-120.175
1584,-120.15,49.525,-120.15
1497,-120.125,49.525,-120.125
1761,-120.1,49.525,-120.1
1800,-120.075,49.525,-120.075
1824,-120.05,49.525,-120.05
1844,-120.025,49.525,-120.025
1723,-120,49.525,-120
1773,-119.975,49.525,-119.975
1928,-119.95,49.525,-119.95
1893,-119.925,49.525,-119.925
1762,-119.9,49.525,-119.9
1494,-119.875,49.525,-119.875
1328,-119.85,49.525,-119.85
1216,-119.825,49.525,-119.825
947,-119.8,49.525,-119.8
833,-119.775,49.525,-119.775
807,-119.75,49.525,-119.75
731,-119.725,49.525,-119.725
995,-119.7,49.525,-119.7
850,-119.675,49.525,-119.675
719,-119.65,49.525,-119.65
557,-119.625,49.525,-119.625
342,-119.6,49.525,-119.6
342,-119.575,49.525,-119.575
605,-119.55,49.525,-119.55
791,-119.525,49.525,-119.525
806,-119.5,49.525,-119.5
1050,-119.475,49.525,-119.475
1319,-119.45,49.525,-119.45
1687,-119.425,49.525,-119.425
1826,-119.4,49.525,-119.4
1820,-119.375,49.525,-119.375
1663,-119.35,49.525,-119.35
1742,-119.325,49.525,-119.325
1538,-119.3,49.525,-119.3
1357,-119.275,49.525,-119.275
1248,-119.25,49.525,-119.25
1262,-119.225,49.525,-119.225
995,-119.2,49.525,-119.2
1154,-119.175,49.525,-119.175
919,-119.15,49.525,-119.15
1140,-119.125,49.525,-119.125
1185,-119.1,49.525,-119.1
894,-119.075,49.525,-119.075
1251,-119.05,49.525,-119.05
1286,-119.025,49.525,-119.025
1353,-119,49.525,-119
1439,-118.975,49.525,-118.975
1347,-118.95,49.525,-118.95
1118,-118.925,49.525,-118.925
1295,-118.9,49.525,-118.9
1077,-118.875,49.525,-118.875
1189,-118.85,49.525,-118.85
884,-118.825,49.525,-118.825
795,-118.8,49.525,-118.8
1597,-118.775,49.525,-118.775
1856,-118.75,49.525,-118.75
1838,-118.725,49.525,-118.725
1729,-118.7,49.525,-118.7
1942,-118.675,49.525,-118.675
2040,-118.65,49.525,-118.65
1803,-118.625,49.525,-118.625
1288,-118.6,49.525,-118.6
1076,-118.575,49.525,-118.575
986,-118.55,49.525,-118.55
1660,-118.525,49.525,-118.525
1360,-118.5,49.525,-118.5
1360,-118.5,49.525,-118.5
981,-123,49.55,-123
1172,-122.975,49.55,-122.975
1226,-122.95,49.55,-122.95
275,-122.925,49.55,-122.925
921,-122.9,49.55,-122.9
588,-122.875,49.55,-122.875
1288,-122.85,49.55,-122.85
1068,-122.825,49.55,-122.825
1376,-122.8,49.55,-122.8
1174,-122.775,49.55,-122.775
944,-122.75,49.55,-122.75
1130,-122.725,49.55,-122.725
824,-122.7,49.55,-122.7
1446,-122.675,49.55,-122.675
865,-122.65,49.55,-122.65
516,-122.625,49.55,-122.625
16,-122.6,49.55,-122.6
640,-122.575,49.55,-122.575
1390,-122.55,49.55,-122.55
789,-122.525,49.55,-122.525
1240,-122.5,49.55,-122.5
950,-122.475,49.55,-122.475
1110,-122.45,49.55,-122.45
938,-122.425,49.55,-122.425
1229,-122.4,49.55,-122.4
1105,-122.375,49.55,-122.375
1034,-122.35,49.55,-122.35
225,-122.325,49.55,-122.325
323,-122.3,49.55,-122.3
941,-122.275,49.55,-122.275
1415,-122.25,49.55,-122.25
1510,-122.225,49.55,-122.225
562,-122.2,49.55,-122.2
285,-122.175,49.55,-122.175
574,-122.15,49.55,-122.15
1318,-122.125,49.55,-122.125
922,-122.1,49.55,-122.1
1616,-122.075,49.55,-122.075
925,-122.05,49.55,-122.05
748,-122.025,49.55,-122.025
1184,-122,49.55,-122
1010,-121.975,49.55,-121.975
737,-121.95,49.55,-121.95
432,-121.925,49.55,-121.925
150,-121.9,49.55,-121.9
13,-121.875,49.55,-121.875
13,-121.85,49.55,-121.85
13,-121.825,49.55,-121.825
13,-121.8,49.55,-121.8
802,-121.775,49.55,-121.775
201,-121.75,49.55,-121.75
576,-121.725,49.55,-121.725
749,-121.7,49.55,-121.7
746,-121.675,49.55,-121.675
1258,-121.65,49.55,-121.65
1420,-121.625,49.55,-121.625
757,-121.6,49.55,-121.6
1342,-121.575,49.55,-121.575
1334,-121.55,49.55,-121.55
1255,-121.525,49.55,-121.525
1279,-121.5,49.55,-121.5
602,-121.475,49.55,-121.475
230,-121.45,49.55,-121.45
217,-121.425,49.55,-121.425
494,-121.4,49.55,-121.4
1212,-121.375,49.55,-121.375
1167,-121.35,49.55,-121.35
931,-121.325,49.55,-121.325
1126,-121.3,49.55,-121.3
1726,-121.275,49.55,-121.275
952,-121.25,49.55,-121.25
1474,-121.225,49.55,-121.225
929,-121.2,49.55,-121.2
1502,-121.175,49.55,-121.175
1389,-121.15,49.55,-121.15
1412,-121.125,49.55,-121.125
1282,-121.1,49.55,-121.1
1260,-121.075,49.55,-121.075
1575,-121.05,49.55,-121.05
1765,-121.025,49.55,-121.025
1536,-121,49.55,-121
1483,-120.975,49.55,-120.975
1338,-120.95,49.55,-120.95
1306,-120.925,49.55,-120.925
1269,-120.9,49.55,-120.9
1427,-120.875,49.55,-120.875
1237,-120.85,49.55,-120.85
1017,-120.825,49.55,-120.825
1009,-120.8,49.55,-120.8
938,-120.775,49.55,-120.775
995,-120.75,49.55,-120.75
837,-120.725,49.55,-120.725
1213,-120.7,49.55,-120.7
1427,-120.675,49.55,-120.675
1511,-120.65,49.55,-120.65
1382,-120.625,49.55,-120.625
1389,-120.6,49.55,-120.6
1344,-120.575,49.55,-120.575
979,-120.55,49.55,-120.55
786,-120.525,49.55,-120.525
907,-120.5,49.55,-120.5
1015,-120.475,49.55,-120.475
1006,-120.45,49.55,-120.45
760,-120.425,49.55,-120.425
1068,-120.4,49.55,-120.4
1356,-120.375,49.55,-120.375
1476,-120.35,49.55,-120.35
1545,-120.325,49.55,-120.325
1679,-120.3,49.55,-120.3
1594,-120.275,49.55,-120.275
1578,-120.25,49.55,-120.25
1575,-120.225,49.55,-120.225
1555,-120.2,49.55,-120.2
1624,-120.175,49.55,-120.175
1602,-120.15,49.55,-120.15
1609,-120.125,49.55,-120.125
1522,-120.1,49.55,-120.1
1608,-120.075,49.55,-120.075
1693,-120.05,49.55,-120.05
1894,-120.025,49.55,-120.025
1699,-120,49.55,-120
1742,-119.975,49.55,-119.975
1779,-119.95,49.55,-119.95
1563,-119.925,49.55,-119.925
1623,-119.9,49.55,-119.9
1440,-119.875,49.55,-119.875
1381,-119.85,49.55,-119.85
1189,-119.825,49.55,-119.825
1189,-119.8,49.55,-119.8
740,-119.775,49.55,-119.775
1061,-119.75,49.55,-119.75
746,-119.725,49.55,-119.725
590,-119.7,49.55,-119.7
565,-119.675,49.55,-119.675
529,-119.65,49.55,-119.65
342,-119.625,49.55,-119.625
342,-119.6,49.55,-119.6
373,-119.575,49.55,-119.575
681,-119.55,49.55,-119.55
1066,-119.525,49.55,-119.525
1332,-119.5,49.55,-119.5
1419,-119.475,49.55,-119.475
1265,-119.45,49.55,-119.45
1657,-119.425,49.55,-119.425
1703,-119.4,49.55,-119.4
1724,-119.375,49.55,-119.375
1891,-119.35,49.55,-119.35
1817,-119.325,49.55,-119.325
1550,-119.3,49.55,-119.3
1327,-119.275,49.55,-119.275
1355,-119.25,49.55,-119.25
1322,-119.225,49.55,-119.225
1081,-119.2,49.55,-119.2
1448,-119.175,49.55,-119.175
1337,-119.15,49.55,-119.15
1467,-119.125,49.55,-119.125
1154,-119.1,49.55,-119.1
919,-119.075,49.55,-119.075
1188,-119.05,49.55,-119.05
1113,-119.025,49.55,-119.025
1313,-119,49.55,-119
1437,-118.975,49.55,-118.975
1335,-118.95,49.55,-118.95
1170,-118.925,49.55,-118.925
1209,-118.9,49.55,-118.9
1215,-118.875,49.55,-118.875
1035,-118.85,49.55,-118.85
1174,-118.825,49.55,-118.825
749,-118.8,49.55,-118.8
1028,-118.775,49.55,-118.775
1179,-118.75,49.55,-118.75
1426,-118.725,49.55,-118.725
1734,-118.7,49.55,-118.7
1894,-118.675,49.55,-118.675
2021,-118.65,49.55,-118.65
1825,-118.625,49.55,-118.625
1609,-118.6,49.55,-118.6
1358,-118.575,49.55,-118.575
1183,-118.55,49.55,-118.55
2115,-118.525,49.55,-118.525
1809,-118.5,49.55,-118.5
778,-123,49.575,-123
1251,-122.975,49.575,-122.975
217,-122.95,49.575,-122.95
835,-122.925,49.575,-122.925
1134,-122.9,49.575,-122.9
857,-122.875,49.575,-122.875
1586,-122.85,49.575,-122.85
1730,-122.825,49.575,-122.825
1594,-122.8,49.575,-122.8
1389,-122.775,49.575,-122.775
1066,-122.75,49.575,-122.75
749,-122.725,49.575,-122.725
1411,-122.7,49.575,-122.7
911,-122.675,49.575,-122.675
195,-122.65,49.575,-122.65
31,-122.625,49.575,-122.625
559,-122.6,49.575,-122.6
1311,-122.575,49.575,-122.575
1495,-122.55,49.575,-122.55
946,-122.525,49.575,-122.525
1387,-122.5,49.575,-122.5
966,-122.475,49.575,-122.475
926,-122.45,49.575,-122.45
926,-122.425,49.575,-122.425
398,-122.4,49.575,-122.4
316,-122.375,49.575,-122.375
414,-122.35,49.575,-122.35
1110,-122.325,49.575,-122.325
1302,-122.3,49.575,-122.3
1064,-122.275,49.575,-122.275
1543,-122.25,49.575,-122.25
734,-122.225,49.575,-122.225
760,-122.2,49.575,-122.2
582,-122.175,49.575,-122.175
1047,-122.15,49.575,-122.15
944,-122.125,49.575,-122.125
1093,-122.1,49.575,-122.1
1787,-122.075,49.575,-122.075
1380,-122.05,49.575,-122.05
1685,-122.025,49.575,-122.025
1452,-122,49.575,-122
1543,-121.975,49.575,-121.975
518,-121.95,49.575,-121.95
231,-121.925,49.575,-121.925
13,-121.9,49.575,-121.9
13,-121.875,49.575,-121.875
13,-121.85,49.575,-121.85
13,-121.825,49.575,-121.825
598,-121.8,49.575,-121.8
1463,-121.775,49.575,-121.775
871,-121.75,49.575,-121.75
986,-121.725,49.575,-121.725
805,-121.7,49.575,-121.7
1191,-121.675,49.575,-121.675
943,-121.65,49.575,-121.65
464,-121.625,49.575,-121.625
1341,-121.6,49.575,-121.6
1483,-121.575,49.575,-121.575
1314,-121.55,49.575,-121.55
1513,-121.525,49.575,-121.525
1135,-121.5,49.575,-121.5
664,-121.475,49.575,-121.475
467,-121.45,49.575,-121.45
347,-121.425,49.575,-121.425
53,-121.4,49.575,-121.4
822,-121.375,49.575,-121.375
863,-121.35,49.575,-121.35
884,-121.325,49.575,-121.325
1522,-121.3,49.575,-121.3
1678,-121.275,49.575,-121.275
1234,-121.25,49.575,-121.25
1545,-121.225,49.575,-121.225
974,-121.2,49.575,-121.2
930,-121.175,49.575,-121.175
1356,-121.15,49.575,-121.15
1713,-121.125,49.575,-121.125
1267,-121.1,49.575,-121.1
1346,-121.075,49.575,-121.075
1417,-121.05,49.575,-121.05
1476,-121.025,49.575,-121.025
1568,-121,49.575,-121
1360,-120.975,49.575,-120.975
1470,-120.95,49.575,-120.95
1415,-120.925,49.575,-120.925
1251,-120.9,49.575,-120.9
1272,-120.875,49.575,-120.875
1490,-120.85,49.575,-120.85
1466,-120.825,49.575,-120.825
1273,-120.8,49.575,-120.8
1018,-120.775,49.575,-120.775
1036,-120.75,49.575,-120.75
1274,-120.725,49.575,-120.725
1242,-120.7,49.575,-120.7
1575,-120.675,49.575,-120.675
1494,-120.65,49.575,-120.65
1420,-120.625,49.575,-120.625
1443,-120.6,49.575,-120.6
1131,-120.575,49.575,-120.575
844,-120.55,49.575,-120.55
1041,-120.525,49.575,-120.525
848,-120.5,49.575,-120.5
1173,-120.475,49.575,-120.475
1248,-120.45,49.575,-120.45
1119,-120.425,49.575,-120.425
889,-120.4,49.575,-120.4
1272,-120.375,49.575,-120.375
1582,-120.35,49.575,-120.35
1492,-120.325,49.575,-120.325
1574,-120.3,49.575,-120.3
1480,-120.275,49.575,-120.275
1745,-120.25,49.575,-120.25
1767,-120.225,49.575,-120.225
1776,-120.2,49.575,-120.2
1882,-120.175,49.575,-120.175
1738,-120.15,49.575,-120.15
1716,-120.125,49.575,-120.125
1554,-120.1,49.575,-120.1
1608,-120.075,49.575,-120.075
1850,-120.05,49.575,-120.05
1708,-120.025,49.575,-120.025
1524,-120,49.575,-120
1683,-119.975,49.575,-119.975
1708,-119.95,49.575,-119.95
1420,-119.925,49.575,-119.925
1446,-119.9,49.575,-119.9
1425,-119.875,49.575,-119.875
1283,-119.85,49.575,-119.85
1146,-119.825,49.575,-119.825
933,-119.8,49.575,-119.8
783,-119.775,49.575,-119.775
727,-119.75,49.575,-119.75
735,-119.725,49.575,-119.725
756,-119.7,49.575,-119.7
501,-119.675,49.575,-119.675
438,-119.65,49.575,-119.65
345,-119.625,49.575,-119.625
342,-119.6,49.575,-119.6
507,-119.575,49.575,-119.575
885,-119.55,49.575,-119.55
1180,-119.525,49.575,-119.525
1370,-119.5,49.575,-119.5
1570,-119.475,49.575,-119.475
1396,-119.45,49.575,-119.45
1557,-119.425,49.575,-119.425
1786,-119.4,49.575,-119.4
1792,-119.375,49.575,-119.375
1778,-119.35,49.575,-119.35
1728,-119.325,49.575,-119.325
1599,-119.3,49.575,-119.3
1393,-119.275,49.575,-119.275
1251,-119.25,49.575,-119.25
1027,-119.225,49.575,-119.225
1042,-119.2,49.575,-119.2
1286,-119.175,49.575,-119.175
1377,-119.15,49.575,-119.15
1245,-119.125,49.575,-119.125
1260,-119.1,49.575,-119.1
1136,-119.075,49.575,-119.075
939,-119.05,49.575,-119.05
1174,-119.025,49.575,-119.025
1299,-119,49.575,-119
1372,-118.975,49.575,-118.975
1393,-118.95,49.575,-118.95
1259,-118.925,49.575,-118.925
1249,-118.9,49.575,-118.9
1305,-118.875,49.575,-118.875
1171,-118.85,49.575,-118.85
1127,-118.825,49.575,-118.825
766,-118.8,49.575,-118.8
1068,-118.775,49.575,-118.775
1391,-118.75,49.575,-118.75
1585,-118.725,49.575,-118.725
1658,-118.7,49.575,-118.7
1797,-118.675,49.575,-118.675
1900,-118.65,49.575,-118.65
1982,-118.625,49.575,-118.625
1762,-118.6,49.575,-118.6
1560,-118.575,49.575,-118.575
975,-118.55,49.575,-118.55
1701,-118.525,49.575,-118.525
2063,-118.5,49.575,-118.5
1175,-123,49.6,-123
384,-122.975,49.6,-122.975
636,-122.95,49.6,-122.95
570,-122.925,49.6,-122.925
1058,-122.9,49.6,-122.9
1344,-122.875,49.6,-122.875
1199,-122.85,49.6,-122.85
1522,-122.825,49.6,-122.825
947,-122.8,49.6,-122.8
1328,-122.775,49.6,-122.775
924,-122.75,49.6,-122.75
656,-122.725,49.6,-122.725
1173,-122.7,49.6,-122.7
928,-122.675,49.6,-122.675
34,-122.65,49.6,-122.65
345,-122.625,49.6,-122.625
936,-122.6,49.6,-122.6
911,-122.575,49.6,-122.575
1119,-122.55,49.6,-122.55
1684,-122.525,49.6,-122.525
1049,-122.5,49.6,-122.5
1300,-122.475,49.6,-122.475
1268,-122.45,49.6,-122.45
834,-122.425,49.6,-122.425
519,-122.4,49.6,-122.4
1189,-122.375,49.6,-122.375
1539,-122.35,49.6,-122.35
730,-122.325,49.6,-122.325
1109,-122.3,49.6,-122.3
1492,-122.275,49.6,-122.275
1638,-122.25,49.6,-122.25
1416,-122.225,49.6,-122.225
1152,-122.2,49.6,-122.2
1369,-122.175,49.6,-122.175
1521,-122.15,49.6,-122.15
1015,-122.125,49.6,-122.125
1195,-122.1,49.6,-122.1
1067,-122.075,49.6,-122.075
795,-122.05,49.6,-122.05
1005,-122.025,49.6,-122.025
783,-122,49.6,-122
908,-121.975,49.6,-121.975
516,-121.95,49.6,-121.95
13,-121.925,49.6,-121.925
13,-121.9,49.6,-121.9
130,-121.875,49.6,-121.875
414,-121.85,49.6,-121.85
48,-121.825,49.6,-121.825
520,-121.8,49.6,-121.8
1236,-121.775,49.6,-121.775
922,-121.75,49.6,-121.75
1177,-121.725,49.6,-121.725
1376,-121.7,49.6,-121.7
1442,-121.675,49.6,-121.675
1073,-121.65,49.6,-121.65
1241,-121.625,49.6,-121.625
726,-121.6,49.6,-121.6
972,-121.575,49.6,-121.575
1702,-121.55,49.6,-121.55
1038,-121.525,49.6,-121.525
1083,-121.5,49.6,-121.5
1034,-121.475,49.6,-121.475
939,-121.45,49.6,-121.45
429,-121.425,49.6,-121.425
720,-121.4,49.6,-121.4
1405,-121.375,49.6,-121.375
611,-121.35,49.6,-121.35
1104,-121.325,49.6,-121.325
938,-121.3,49.6,-121.3
1372,-121.275,49.6,-121.275
1475,-121.25,49.6,-121.25
1126,-121.225,49.6,-121.225
1408,-121.2,49.6,-121.2
1566,-121.175,49.6,-121.175
1218,-121.15,49.6,-121.15
1248,-121.125,49.6,-121.125
1491,-121.1,49.6,-121.1
1272,-121.075,49.6,-121.075
1070,-121.05,49.6,-121.05
1631,-121.025,49.6,-121.025
1379,-121,49.6,-121
1486,-120.975,49.6,-120.975
1271,-120.95,49.6,-120.95
1211,-120.925,49.6,-120.925
1283,-120.9,49.6,-120.9
1266,-120.875,49.6,-120.875
1563,-120.85,49.6,-120.85
1479,-120.825,49.6,-120.825
1308,-120.8,49.6,-120.8
784,-120.775,49.6,-120.775
1187,-120.75,49.6,-120.75
1382,-120.725,49.6,-120.725
1542,-120.7,49.6,-120.7
1616,-120.675,49.6,-120.675
1534,-120.65,49.6,-120.65
1409,-120.625,49.6,-120.625
1278,-120.6,49.6,-120.6
920,-120.575,49.6,-120.575
1178,-120.55,49.6,-120.55
1134,-120.525,49.6,-120.525
1053,-120.5,49.6,-120.5
1214,-120.475,49.6,-120.475
1365,-120.45,49.6,-120.45
1319,-120.425,49.6,-120.425
1080,-120.4,49.6,-120.4
1018,-120.375,49.6,-120.375
1184,-120.35,49.6,-120.35
1383,-120.325,49.6,-120.325
1514,-120.3,49.6,-120.3
1624,-120.275,49.6,-120.275
1541,-120.25,49.6,-120.25
1730,-120.225,49.6,-120.225
1777,-120.2,49.6,-120.2
1806,-120.175,49.6,-120.175
1786,-120.15,49.6,-120.15
1582,-120.125,49.6,-120.125
1656,-120.1,49.6,-120.1
1573,-120.075,49.6,-120.075
1694,-120.05,49.6,-120.05
1638,-120.025,49.6,-120.025
1580,-120,49.6,-120
1388,-119.975,49.6,-119.975
1351,-119.95,49.6,-119.95
1358,-119.925,49.6,-119.925
1159,-119.9,49.6,-119.9
1161,-119.875,49.6,-119.875
1037,-119.85,49.6,-119.85
1088,-119.825,49.6,-119.825
914,-119.8,49.6,-119.8
704,-119.775,49.6,-119.775
756,-119.75,49.6,-119.75
661,-119.725,49.6,-119.725
597,-119.7,49.6,-119.7
492,-119.675,49.6,-119.675
342,-119.65,49.6,-119.65
342,-119.625,49.6,-119.625
346,-119.6,49.6,-119.6
571,-119.575,49.6,-119.575
872,-119.55,49.6,-119.55
1173,-119.525,49.6,-119.525
1419,-119.5,49.6,-119.5
1688,-119.475,49.6,-119.475
1618,-119.45,49.6,-119.45
1517,-119.425,49.6,-119.425
1753,-119.4,49.6,-119.4
1855,-119.375,49.6,-119.375
1919,-119.35,49.6,-119.35
1703,-119.325,49.6,-119.325
1518,-119.3,49.6,-119.3
1464,-119.275,49.6,-119.275
1168,-119.25,49.6,-119.25
1048,-119.225,49.6,-119.225
1295,-119.2,49.6,-119.2
1152,-119.175,49.6,-119.175
1366,-119.15,49.6,-119.15
1517,-119.125,49.6,-119.125
1321,-119.1,49.6,-119.1
1295,-119.075,49.6,-119.075
1004,-119.05,49.6,-119.05
1061,-119.025,49.6,-119.025
1086,-119,49.6,-119
1371,-118.975,49.6,-118.975
1318,-118.95,49.6,-118.95
1379,-118.925,49.6,-118.925
1332,-118.9,49.6,-118.9
1271,-118.875,49.6,-118.875
1267,-118.85,49.6,-118.85
1249,-118.825,49.6,-118.825
872,-118.8,49.6,-118.8
784,-118.775,49.6,-118.775
1425,-118.75,49.6,-118.75
1539,-118.725,49.6,-118.725
1522,-118.7,49.6,-118.7
1582,-118.675,49.6,-118.675
1872,-118.65,49.6,-118.65
1954,-118.625,49.6,-118.625
1750,-118.6,49.6,-118.6
1855,-118.575,49.6,-118.575
1747,-118.55,49.6,-118.55
1097,-118.525,49.6,-118.525
1856,-118.5,49.6,-118.5
538,-123,49.625,-123
1250,-122.975,49.625,-122.975
1078,-122.95,49.625,-122.95
979,-122.925,49.625,-122.925
1383,-122.9,49.625,-122.9
1038,-122.875,49.625,-122.875
910,-122.85,49.625,-122.85
1577,-122.825,49.625,-122.825
1584,-122.8,49.625,-122.8
1384,-122.775,49.625,-122.775
1497,-122.75,49.625,-122.75
1166,-122.725,49.625,-122.725
440,-122.7,49.625,-122.7
44,-122.675,49.625,-122.675
118,-122.65,49.625,-122.65
522,-122.625,49.625,-122.625
1078,-122.6,49.625,-122.6
896,-122.575,49.625,-122.575
866,-122.55,49.625,-122.55
1683,-122.525,49.625,-122.525
1354,-122.5,49.625,-122.5
1241,-122.475,49.625,-122.475
531,-122.45,49.625,-122.45
473,-122.425,49.625,-122.425
1162,-122.4,49.625,-122.4
1677,-122.375,49.625,-122.375
1408,-122.35,49.625,-122.35
1104,-122.325,49.625,-122.325
1320,-122.3,49.625,-122.3
1416,-122.275,49.625,-122.275
1122,-122.25,49.625,-122.25
1280,-122.225,49.625,-122.225
1248,-122.2,49.625,-122.2
619,-122.175,49.625,-122.175
1571,-122.15,49.625,-122.15
943,-122.125,49.625,-122.125
1161,-122.1,49.625,-122.1
969,-122.075,49.625,-122.075
1736,-122.05,49.625,-122.05
1471,-122.025,49.625,-122.025
823,-122,49.625,-122
186,-121.975,49.625,-121.975
13,-121.95,49.625,-121.95
13,-121.925,49.625,-121.925
13,-121.9,49.625,-121.9
735,-121.875,49.625,-121.875
740,-121.85,49.625,-121.85
73,-121.825,49.625,-121.825
310,-121.8,49.625,-121.8
1263,-121.775,49.625,-121.775
702,-121.75,49.625,-121.75
1242,-121.725,49.625,-121.725
794,-121.7,49.625,-121.7
1250,-121.675,49.625,-121.675
1792,-121.65,49.625,-121.65
1678,-121.625,49.625,-121.625
1462,-121.6,49.625,-121.6
894,-121.575,49.625,-121.575
1655,-121.55,49.625,-121.55
1332,-121.525,49.625,-121.525
1190,-121.5,49.625,-121.5
1549,-121.475,49.625,-121.475
1226,-121.45,49.625,-121.45
594,-121.425,49.625,-121.425
260,-121.4,49.625,-121.4
777,-121.375,49.625,-121.375
636,-121.35,49.625,-121.35
1350,-121.325,49.625,-121.325
1208,-121.3,49.625,-121.3
945,-121.275,49.625,-121.275
1147,-121.25,49.625,-121.25
1490,-121.225,49.625,-121.225
1531,-121.2,49.625,-121.2
1443,-121.175,49.625,-121.175
1385,-121.15,49.625,-121.15
1641,-121.125,49.625,-121.125
1689,-121.1,49.625,-121.1
1736,-121.075,49.625,-121.075
1204,-121.05,49.625,-121.05
1090,-121.025,49.625,-121.025
1209,-121,49.625,-121
1658,-120.975,49.625,-120.975
1514,-120.95,49.625,-120.95
1349,-120.925,49.625,-120.925
1215,-120.9,49.625,-120.9
1572,-120.875,49.625,-120.875
1510,-120.85,49.625,-120.85
1262,-120.825,49.625,-120.825
1097,-120.8,49.625,-120.8
795,-120.775,49.625,-120.775
1175,-120.75,49.625,-120.75
1288,-120.725,49.625,-120.725
1366,-120.7,49.625,-120.7
1501,-120.675,49.625,-120.675
1529,-120.65,49.625,-120.65
1208,-120.625,49.625,-120.625
1125,-120.6,49.625,-120.6
1080,-120.575,49.625,-120.575
1328,-120.55,49.625,-120.55
1265,-120.525,49.625,-120.525
1109,-120.5,49.625,-120.5
1260,-120.475,49.625,-120.475
1498,-120.45,49.625,-120.45
1354,-120.425,49.625,-120.425
1229,-120.4,49.625,-120.4
945,-120.375,49.625,-120.375
952,-120.35,49.625,-120.35
1328,-120.325,49.625,-120.325
1409,-120.3,49.625,-120.3
1391,-120.275,49.625,-120.275
1442,-120.25,49.625,-120.25
1609,-120.225,49.625,-120.225
1675,-120.2,49.625,-120.2
1781,-120.175,49.625,-120.175
1774,-120.15,49.625,-120.15
1736,-120.125,49.625,-120.125
1722,-120.1,49.625,-120.1
1747,-120.075,49.625,-120.075
1586,-120.05,49.625,-120.05
1605,-120.025,49.625,-120.025
1554,-120,49.625,-120
1415,-119.975,49.625,-119.975
1206,-119.95,49.625,-119.95
1195,-119.925,49.625,-119.925
1055,-119.9,49.625,-119.9
819,-119.875,49.625,-119.875
1072,-119.85,49.625,-119.85
1012,-119.825,49.625,-119.825
1001,-119.8,49.625,-119.8
813,-119.775,49.625,-119.775
865,-119.75,49.625,-119.75
942,-119.725,49.625,-119.725
532,-119.7,49.625,-119.7
437,-119.675,49.625,-119.675
342,-119.65,49.625,-119.65
342,-119.625,49.625,-119.625
559,-119.6,49.625,-119.6
824,-119.575,49.625,-119.575
1184,-119.55,49.625,-119.55
1354,-119.525,49.625,-119.525
1427,-119.5,49.625,-119.5
1695,-119.475,49.625,-119.475
1740,-119.45,49.625,-119.45
1575,-119.425,49.625,-119.425
1665,-119.4,49.625,-119.4
1815,-119.375,49.625,-119.375
1955,-119.35,49.625,-119.35
1669,-119.325,49.625,-119.325
1463,-119.3,49.625,-119.3
1348,-119.275,49.625,-119.275
1199,-119.25,49.625,-119.25
1291,-119.225,49.625,-119.225
1319,-119.2,49.625,-119.2
1351,-119.175,49.625,-119.175
1284,-119.15,49.625,-119.15
1649,-119.125,49.625,-119.125
1401,-119.1,49.625,-119.1
1117,-119.075,49.625,-119.075
1100,-119.05,49.625,-119.05
1330,-119.025,49.625,-119.025
1081,-119,49.625,-119
1138,-118.975,49.625,-118.975
1406,-118.95,49.625,-118.95
1401,-118.925,49.625,-118.925
1300,-118.9,49.625,-118.9
1293,-118.875,49.625,-118.875
1284,-118.85,49.625,-118.85
976,-118.825,49.625,-118.825
1078,-118.8,49.625,-118.8
813,-118.775,49.625,-118.775
1170,-118.75,49.625,-118.75
1473,-118.725,49.625,-118.725
1578,-118.7,49.625,-118.7
1824,-118.675,49.625,-118.675
1649,-118.65,49.625,-118.65
1827,-118.625,49.625,-118.625
2134,-118.6,49.625,-118.6
1878,-118.575,49.625,-118.575
1914,-118.55,49.625,-118.55
1591,-118.525,49.625,-118.525
1049,-118.5,49.625,-118.5
990,-123,49.65,-123
1242,-122.975,49.65,-122.975
1326,-122.95,49.65,-122.95
865,-122.925,49.65,-122.925
877,-122.9,49.65,-122.9
1338,-122.875,49.65,-122.875
1361,-122.85,49.65,-122.85
1870,-122.825,49.65,-122.825
1535,-122.8,49.65,-122.8
1311,-122.775,49.65,-122.775
1035,-122.75,49.65,-122.75
502,-122.725,49.65,-122.725
65,-122.7,49.65,-122.7
582,-122.675,49.65,-122.675
796,-122.65,49.65,-122.65
445,-122.625,49.65,-122.625
1223,-122.6,49.65,-122.6
1666,-122.575,49.65,-122.575
1783,-122.55,49.65,-122.55
1769,-122.525,49.65,-122.525
1396,-122.5,49.65,-122.5
975,-122.475,49.65,-122.475
1566,-122.45,49.65,-122.45
745,-122.425,49.65,-122.425
598,-122.4,49.65,-122.4
1382,-122.375,49.65,-122.375
1671,-122.35,49.65,-122.35
1225,-122.325,49.65,-122.325
1469,-122.3,49.65,-122.3
1609,-122.275,49.65,-122.275
1928,-122.25,49.65,-122.25
1155,-122.225,49.65,-122.225
1740,-122.2,49.65,-122.2
1025,-122.175,49.65,-122.175
895,-122.15,49.65,-122.15
1362,-122.125,49.65,-122.125
1384,-122.1,49.65,-122.1
695,-122.075,49.65,-122.075
770,-122.05,49.65,-122.05
813,-122.025,49.65,-122.025
336,-122,49.65,-122
13,-121.975,49.65,-121.975
13,-121.95,49.65,-121.95
359,-121.925,49.65,-121.925
935,-121.9,49.65,-121.9
578,-121.875,49.65,-121.875
168,-121.85,49.65,-121.85
313,-121.825,49.65,-121.825
915,-121.8,49.65,-121.8
657,-121.775,49.65,-121.775
999,-121.75,49.65,-121.75
963,-121.725,49.65,-121.725
1513,-121.7,49.65,-121.7
960,-121.675,49.65,-121.675
996,-121.65,49.65,-121.65
710,-121.625,49.65,-121.625
1316,-121.6,49.65,-121.6
867,-121.575,49.65,-121.575
1631,-121.55,49.65,-121.55
1290,-121.525,49.65,-121.525
1695,-121.5,49.65,-121.5
1519,-121.475,49.65,-121.475
727,-121.45,49.65,-121.45
403,-121.425,49.65,-121.425
211,-121.4,49.65,-121.4
723,-121.375,49.65,-121.375
635,-121.35,49.65,-121.35
1370,-121.325,49.65,-121.325
922,-121.3,49.65,-121.3
1609,-121.275,49.65,-121.275
1354,-121.25,49.65,-121.25
1402,-121.225,49.65,-121.225
1161,-121.2,49.65,-121.2
2017,-121.175,49.65,-121.175
1599,-121.15,49.65,-121.15
1197,-121.125,49.65,-121.125
1224,-121.1,49.65,-121.1
1213,-121.075,49.65,-121.075
1198,-121.05,49.65,-121.05
1154,-121.025,49.65,-121.025
1118,-121,49.65,-121
1556,-120.975,49.65,-120.975
1660,-120.95,49.65,-120.95
1313,-120.925,49.65,-120.925
1486,-120.9,49.65,-120.9
1377,-120.875,49.65,-120.875
1479,-120.85,49.65,-120.85
1497,-120.825,49.65,-120.825
1386,-120.8,49.65,-120.8
986,-120.775,49.65,-120.775
1225,-120.75,49.65,-120.75
1386,-120.725,49.65,-120.725
1410,-120.7,49.65,-120.7
1328,-120.675,49.65,-120.675
1373,-120.65,49.65,-120.65
941,-120.625,49.65,-120.625
1234,-120.6,49.65,-120.6
1372,-120.575,49.65,-120.575
1406,-120.55,49.65,-120.55
1072,-120.525,49.65,-120.525
1392,-120.5,49.65,-120.5
1339,-120.475,49.65,-120.475
1417,-120.45,49.65,-120.45
1499,-120.425,49.65,-120.425
1305,-120.4,49.65,-120.4
1196,-120.375,49.65,-120.375
911,-120.35,49.65,-120.35
1305,-120.325,49.65,-120.325
1380,-120.3,49.65,-120.3
1373,-120.275,49.65,-120.275
1518,-120.25,49.65,-120.25
1573,-120.225,49.65,-120.225
1442,-120.2,49.65,-120.2
1531,-120.175,49.65,-120.175
1681,-120.15,49.65,-120.15
1736,-120.125,49.65,-120.125
1897,-120.1,49.65,-120.1
1724,-120.075,49.65,-120.075
1537,-120.05,49.65,-120.05
1431,-120.025,49.65,-120.025
1387,-120,49.65,-120
1321,-119.975,49.65,-119.975
1129,-119.95,49.65,-119.95
866,-119.925,49.65,-119.925
1282,-119.9,49.65,-119.9
1349,-119.875,49.65,-119.875
1239,-119.85,49.65,-119.85
1138,-119.825,49.65,-119.825
741,-119.8,49.65,-119.8
797,-119.775,49.65,-119.775
894,-119.75,49.65,-119.75
558,-119.725,49.65,-119.725
603,-119.7,49.65,-119.7
342,-119.675,49.65,-119.675
342,-119.65,49.65,-119.65
357,-119.625,49.65,-119.625
788,-119.6,49.65,-119.6
1203,-119.575,49.65,-119.575
1389,-119.55,49.65,-119.55
1353,-119.525,49.65,-119.525
1514,-119.5,49.65,-119.5
1661,-119.475,49.65,-119.475
1752,-119.45,49.65,-119.45
1701,-119.425,49.65,-119.425
1608,-119.4,49.65,-119.4
1649,-119.375,49.65,-119.375
1725,-119.35,49.65,-119.35
1601,-119.325,49.65,-119.325
1480,-119.3,49.65,-119.3
1440,-119.275,49.65,-119.275
1354,-119.25,49.65,-119.25
1163,-119.225,49.65,-119.225
1371,-119.2,49.65,-119.2
1394,-119.175,49.65,-119.175
1280,-119.15,49.65,-119.15
1608,-119.125,49.65,-119.125
1258,-119.1,49.65,-119.1
1109,-119.075,49.65,-119.075
1116,-119.05,49.65,-119.05
1228,-119.025,49.65,-119.025
1191,-119,49.65,-119
1204,-118.975,49.65,-118.975
1200,-118.95,49.65,-118.95
1154,-118.925,49.65,-118.925
1293,-118.9,49.65,-118.9
1260,-118.875,49.65,-118.875
1284,-118.85,49.65,-118.85
1132,-118.825,49.65,-118.825
1247,-118.8,49.65,-118.8
824,-118.775,49.65,-118.775
821,-118.75,49.65,-118.75
1197,-118.725,49.65,-118.725
1524,-118.7,49.65,-118.7
1474,-118.675,49.65,-118.675
1674,-118.65,49.65,-118.65
2017,-118.625,49.65,-118.625
2030,-118.6,49.65,-118.6
2080,-118.575,49.65,-118.575
1702,-118.55,49.65,-118.55
1978,-118.525,49.65,-118.525
1278,-118.5,49.65,-118.5
886,-123,49.675,-123
1532,-122.975,49.675,-122.975
1553,-122.95,49.675,-122.95
887,-122.925,49.675,-122.925
869,-122.9,49.675,-122.9
1466,-122.875,49.675,-122.875
1825,-122.85,49.675,-122.85
1502,-122.825,49.675,-122.825
1402,-122.8,49.675,-122.8
1112,-122.775,49.675,-122.775
1070,-122.75,49.675,-122.75
749,-122.725,49.675,-122.725
84,-122.7,49.675,-122.7
427,-122.675,49.675,-122.675
1133,-122.65,49.675,-122.65
746,-122.625,49.675,-122.625
501,-122.6,49.675,-122.6
1221,-122.575,49.675,-122.575
1606,-122.55,49.675,-122.55
1753,-122.525,49.675,-122.525
926,-122.5,49.675,-122.5
1805,-122.475,49.675,-122.475
1188,-122.45,49.675,-122.45
1207,-122.425,49.675,-122.425
899,-122.4,49.675,-122.4
1026,-122.375,49.675,-122.375
1455,-122.35,49.675,-122.35
1199,-122.325,49.675,-122.325
1879,-122.3,49.675,-122.3
1568,-122.275,49.675,-122.275
1412,-122.25,49.675,-122.25
1780,-122.225,49.675,-122.225
1268,-122.2,49.675,-122.2
1302,-122.175,49.675,-122.175
827,-122.15,49.675,-122.15
1039,-122.125,49.675,-122.125
1151,-122.1,49.675,-122.1
1016,-122.075,49.675,-122.075
935,-122.05,49.675,-122.05
13,-122.025,49.675,-122.025
13,-122,49.675,-122
110,-121.975,49.675,-121.975
904,-121.95,49.675,-121.95
1162,-121.925,49.675,-121.925
674,-121.9,49.675,-121.9
402,-121.875,49.675,-121.875
569,-121.85,49.675,-121.85
709,-121.825,49.675,-121.825
623,-121.8,49.675,-121.8
700,-121.775,49.675,-121.775
871,-121.75,49.675,-121.75
1678,-121.725,49.675,-121.725
1458,-121.7,49.675,-121.7
912,-121.675,49.675,-121.675
1082,-121.65,49.675,-121.65
1601,-121.625,49.675,-121.625
1348,-121.6,49.675,-121.6
799,-121.575,49.675,-121.575
721,-121.55,49.675,-121.55
730,-121.525,49.675,-121.525
455,-121.5,49.675,-121.5
452,-121.475,49.675,-121.475
840,-121.45,49.675,-121.45
296,-121.425,49.675,-121.425
525,-121.4,49.675,-121.4
944,-121.375,49.675,-121.375
965,-121.35,49.675,-121.35
811,-121.325,49.675,-121.325
780,-121.3,49.675,-121.3
1239,-121.275,49.675,-121.275
1061,-121.25,49.675,-121.25
1078,-121.225,49.675,-121.225
1447,-121.2,49.675,-121.2
1626,-121.175,49.675,-121.175
1383,-121.15,49.675,-121.15
1741,-121.125,49.675,-121.125
1665,-121.1,49.675,-121.1
1516,-121.075,49.675,-121.075
1335,-121.05,49.675,-121.05
1313,-121.025,49.675,-121.025
1227,-121,49.675,-121
1532,-120.975,49.675,-120.975
1509,-120.95,49.675,-120.95
1575,-120.925,49.675,-120.925
1806,-120.9,49.675,-120.9
1610,-120.875,49.675,-120.875
1229,-120.85,49.675,-120.85
1470,-120.825,49.675,-120.825
1253,-120.8,49.675,-120.8
817,-120.775,49.675,-120.775
1238,-120.75,49.675,-120.75
1330,-120.725,49.675,-120.725
1252,-120.7,49.675,-120.7
1342,-120.675,49.675,-120.675
1202,-120.65,49.675,-120.65
1185,-120.625,49.675,-120.625
1067,-120.6,49.675,-120.6
1456,-120.575,49.675,-120.575
1496,-120.55,49.675,-120.55
1217,-120.525,49.675,-120.525
1425,-120.5,49.675,-120.5
1358,-120.475,49.675,-120.475
1551,-120.45,49.675,-120.45
1414,-120.425,49.675,-120.425
1331,-120.4,49.675,-120.4
1312,-120.375,49.675,-120.375
1268,-120.35,49.675,-120.35
991,-120.325,49.675,-120.325
1317,-120.3,49.675,-120.3
1025,-120.275,49.675,-120.275
1149,-120.25,49.675,-120.25
1448,-120.225,49.675,-120.225
1442,-120.2,49.675,-120.2
1530,-120.175,49.675,-120.175
1714,-120.15,49.675,-120.15
1710,-120.125,49.675,-120.125
1670,-120.1,49.675,-120.1
1694,-120.075,49.675,-120.075
1615,-120.05,49.675,-120.05
1507,-120.025,49.675,-120.025
1377,-120,49.675,-120
983,-119.975,49.675,-119.975
1228,-119.95,49.675,-119.95
1429,-119.925,49.675,-119.925
1472,-119.9,49.675,-119.9
1494,-119.875,49.675,-119.875
1392,-119.85,49.675,-119.85
878,-119.825,49.675,-119.825
733,-119.8,49.675,-119.8
864,-119.775,49.675,-119.775
777,-119.75,49.675,-119.75
677,-119.725,49.675,-119.725
342,-119.7,49.675,-119.7
342,-119.675,49.675,-119.675
608,-119.65,49.675,-119.65
848,-119.625,49.675,-119.625
914,-119.6,49.675,-119.6
1105,-119.575,49.675,-119.575
1258,-119.55,49.675,-119.55
1310,-119.525,49.675,-119.525
1481,-119.5,49.675,-119.5
1614,-119.475,49.675,-119.475
1670,-119.45,49.675,-119.45
1933,-119.425,49.675,-119.425
1710,-119.4,49.675,-119.4
1946,-119.375,49.675,-119.375
1720,-119.35,49.675,-119.35
1655,-119.325,49.675,-119.325
1573,-119.3,49.675,-119.3
1503,-119.275,49.675,-119.275
1440,-119.25,49.675,-119.25
1284,-119.225,49.675,-119.225
1343,-119.2,49.675,-119.2
1428,-119.175,49.675,-119.175
1314,-119.15,49.675,-119.15
1543,-119.125,49.675,-119.125
1074,-119.1,49.675,-119.1
1118,-119.075,49.675,-119.075
1391,-119.05,49.675,-119.05
1352,-119.025,49.675,-119.025
1377,-119,49.675,-119
1386,-118.975,49.675,-118.975
1418,-118.95,49.675,-118.95
1356,-118.925,49.675,-118.925
1415,-118.9,49.675,-118.9
1281,-118.875,49.675,-118.875
1245,-118.85,49.675,-118.85
1273,-118.825,49.675,-118.825
1088,-118.8,49.675,-118.8
844,-118.775,49.675,-118.775
1163,-118.75,49.675,-118.75
836,-118.725,49.675,-118.725
1166,-118.7,49.675,-118.7
1459,-118.675,49.675,-118.675
1456,-118.65,49.675,-118.65
1669,-118.625,49.675,-118.625
1822,-118.6,49.675,-118.6
2093,-118.575,49.675,-118.575
1908,-118.55,49.675,-118.55
2123,-118.525,49.675,-118.525
1314,-118.5,49.675,-118.5
1374,-123,49.7,-123
1083,-122.975,49.7,-122.975
913,-122.95,49.7,-122.95
569,-122.925,49.7,-122.925
1027,-122.9,49.7,-122.9
1296,-122.875,49.7,-122.875
877,-122.85,49.7,-122.85
1184,-122.825,49.7,-122.825
1236,-122.8,49.7,-122.8
1034,-122.775,49.7,-122.775
1106,-122.75,49.7,-122.75
212,-122.725,49.7,-122.725
383,-122.7,49.7,-122.7
1226,-122.675,49.7,-122.675
1379,-122.65,49.7,-122.65
1494,-122.625,49.7,-122.625
696,-122.6,49.7,-122.6
1411,-122.575,49.7,-122.575
1748,-122.55,49.7,-122.55
1660,-122.525,49.7,-122.525
920,-122.5,49.7,-122.5
1744,-122.475,49.7,-122.475
1345,-122.45,49.7,-122.45
1256,-122.425,49.7,-122.425
960,-122.4,49.7,-122.4
334,-122.375,49.7,-122.375
1126,-122.35,49.7,-122.35
874,-122.325,49.7,-122.325
1627,-122.3,49.7,-122.3
1650,-122.275,49.7,-122.275
1491,-122.25,49.7,-122.25
1195,-122.225,49.7,-122.225
739,-122.2,49.7,-122.2
1494,-122.175,49.7,-122.175
1313,-122.15,49.7,-122.15
715,-122.125,49.7,-122.125
212,-122.1,49.7,-122.1
115,-122.075,49.7,-122.075
13,-122.05,49.7,-122.05
13,-122.025,49.7,-122.025
924,-122,49.7,-122
1639,-121.975,49.7,-121.975
1678,-121.95,49.7,-121.95
1700,-121.925,49.7,-121.925
1508,-121.9,49.7,-121.9
664,-121.875,49.7,-121.875
337,-121.85,49.7,-121.85
1237,-121.825,49.7,-121.825
1442,-121.8,49.7,-121.8
1398,-121.775,49.7,-121.775
1515,-121.75,49.7,-121.75
960,-121.725,49.7,-121.725
1684,-121.7,49.7,-121.7
1336,-121.675,49.7,-121.675
788,-121.65,49.7,-121.65
976,-121.625,49.7,-121.625
1336,-121.6,49.7,-121.6
1071,-121.575,49.7,-121.575
969,-121.55,49.7,-121.55
1625,-121.525,49.7,-121.525
1631,-121.5,49.7,-121.5
1517,-121.475,49.7,-121.475
1069,-121.45,49.7,-121.45
425,-121.425,49.7,-121.425
357,-121.4,49.7,-121.4
699,-121.375,49.7,-121.375
561,-121.35,49.7,-121.35
1478,-121.325,49.7,-121.325
1240,-121.3,49.7,-121.3
1421,-121.275,49.7,-121.275
1464,-121.25,49.7,-121.25
1322,-121.225,49.7,-121.225
1344,-121.2,49.7,-121.2
1182,-121.175,49.7,-121.175
1781,-121.15,49.7,-121.15
1543,-121.125,49.7,-121.125
1883,-121.1,49.7,-121.1
1834,-121.075,49.7,-121.075
1389,-121.05,49.7,-121.05
1197,-121.025,49.7,-121.025
1307,-121,49.7,-121
1718,-120.975,49.7,-120.975
1588,-120.95,49.7,-120.95
1961,-120.925,49.7,-120.925
1777,-120.9,49.7,-120.9
1450,-120.875,49.7,-120.875
1251,-120.85,49.7,-120.85
1446,-120.825,49.7,-120.825
1225,-120.8,49.7,-120.8
1037,-120.775,49.7,-120.775
1080,-120.75,49.7,-120.75
1220,-120.725,49.7,-120.725
1274,-120.7,49.7,-120.7
1394,-120.675,49.7,-120.675
1400,-120.65,49.7,-120.65
1327,-120.625,49.7,-120.625
1032,-120.6,49.7,-120.6
1496,-120.575,49.7,-120.575
1558,-120.55,49.7,-120.55
1306,-120.525,49.7,-120.525
1435,-120.5,49.7,-120.5
1453,-120.475,49.7,-120.475
1445,-120.45,49.7,-120.45
1461,-120.425,49.7,-120.425
1338,-120.4,49.7,-120.4
1257,-120.375,49.7,-120.375
1273,-120.35,49.7,-120.35
1140,-120.325,49.7,-120.325
1237,-120.3,49.7,-120.3
1008,-120.275,49.7,-120.275
1208,-120.25,49.7,-120.25
1259,-120.225,49.7,-120.225
1393,-120.2,49.7,-120.2
1384,-120.175,49.7,-120.175
1503,-120.15,49.7,-120.15
1296,-120.125,49.7,-120.125
1255,-120.1,49.7,-120.1
1301,-120.075,49.7,-120.075
1151,-120.05,49.7,-120.05
1259,-120.025,49.7,-120.025
967,-120,49.7,-120
1250,-119.975,49.7,-119.975
1499,-119.95,49.7,-119.95
1626,-119.925,49.7,-119.925
1479,-119.9,49.7,-119.9
1182,-119.875,49.7,-119.875
881,-119.85,49.7,-119.85
1376,-119.825,49.7,-119.825
730,-119.8,49.7,-119.8
757,-119.775,49.7,-119.775
586,-119.75,49.7,-119.75
342,-119.725,49.7,-119.725
342,-119.7,49.7,-119.7
606,-119.675,49.7,-119.675
946,-119.65,49.7,-119.65
1323,-119.625,49.7,-119.625
1410,-119.6,49.7,-119.6
1169,-119.575,49.7,-119.575
1242,-119.55,49.7,-119.55
1221,-119.525,49.7,-119.525
1486,-119.5,49.7,-119.5
1539,-119.475,49.7,-119.475
1789,-119.45,49.7,-119.45
1553,-119.425,49.7,-119.425
1564,-119.4,49.7,-119.4
1631,-119.375,49.7,-119.375
1934,-119.35,49.7,-119.35
2009,-119.325,49.7,-119.325
1840,-119.3,49.7,-119.3
1804,-119.275,49.7,-119.275
1624,-119.25,49.7,-119.25
1400,-119.225,49.7,-119.225
1305,-119.2,49.7,-119.2
1368,-119.175,49.7,-119.175
1396,-119.15,49.7,-119.15
1541,-119.125,49.7,-119.125
1031,-119.1,49.7,-119.1
1265,-119.075,49.7,-119.075
1600,-119.05,49.7,-119.05
1562,-119.025,49.7,-119.025
1587,-119,49.7,-119
1676,-118.975,49.7,-118.975
1602,-118.95,49.7,-118.95
1503,-118.925,49.7,-118.925
1472,-118.9,49.7,-118.9
1415,-118.875,49.7,-118.875
1358,-118.85,49.7,-118.85
1495,-118.825,49.7,-118.825
1060,-118.8,49.7,-118.8
860,-118.775,49.7,-118.775
1283,-118.75,49.7,-118.75
1249,-118.725,49.7,-118.725
913,-118.7,49.7,-118.7
1313,-118.675,49.7,-118.675
1666,-118.65,49.7,-118.65
1974,-118.625,49.7,-118.625
2224,-118.6,49.7,-118.6
2037,-118.575,49.7,-118.575
1898,-118.55,49.7,-118.55
1956,-118.525,49.7,-118.525
1599,-118.5,49.7,-118.5
583,-123,49.725,-123
696,-122.975,49.725,-122.975
1009,-122.95,49.725,-122.95
1265,-122.925,49.725,-122.925
1718,-122.9,49.725,-122.9
1718,-122.875,49.725,-122.875
1450,-122.85,49.725,-122.85
1465,-122.825,49.725,-122.825
1457,-122.8,49.725,-122.8
791,-122.775,49.725,-122.775
543,-122.75,49.725,-122.75
157,-122.725,49.725,-122.725
669,-122.7,49.725,-122.7
1390,-122.675,49.725,-122.675
1521,-122.65,49.725,-122.65
1289,-122.625,49.725,-122.625
1341,-122.6,49.725,-122.6
1289,-122.575,49.725,-122.575
1551,-122.55,49.725,-122.55
1424,-122.525,49.725,-122.525
958,-122.5,49.725,-122.5
1223,-122.475,49.725,-122.475
1445,-122.45,49.725,-122.45
1570,-122.425,49.725,-122.425
1521,-122.4,49.725,-122.4
1068,-122.375,49.725,-122.375
356,-122.35,49.725,-122.35
476,-122.325,49.725,-122.325
665,-122.3,49.725,-122.3
1313,-122.275,49.725,-122.275
1298,-122.25,49.725,-122.25
1269,-122.225,49.725,-122.225
1205,-122.2,49.725,-122.2
445,-122.175,49.725,-122.175
748,-122.15,49.725,-122.15
183,-122.125,49.725,-122.125
13,-122.1,49.725,-122.1
13,-122.075,49.725,-122.075
467,-122.05,49.725,-122.05
727,-122.025,49.725,-122.025
780,-122,49.725,-122
1591,-121.975,49.725,-121.975
2126,-121.95,49.725,-121.95
1942,-121.925,49.725,-121.925
1499,-121.9,49.725,-121.9
956,-121.875,49.725,-121.875
270,-121.85,49.725,-121.85
776,-121.825,49.725,-121.825
1067,-121.8,49.725,-121.8
1329,-121.775,49.725,-121.775
1337,-121.75,49.725,-121.75
1364,-121.725,49.725,-121.725
1057,-121.7,49.725,-121.7
1523,-121.675,49.725,-121.675
1368,-121.65,49.725,-121.65
1257,-121.625,49.725,-121.625
736,-121.6,49.725,-121.6
1221,-121.575,49.725,-121.575
1566,-121.55,49.725,-121.55
1400,-121.525,49.725,-121.525
1429,-121.5,49.725,-121.5
1419,-121.475,49.725,-121.475
826,-121.45,49.725,-121.45
162,-121.425,49.725,-121.425
1018,-121.4,49.725,-121.4
773,-121.375,49.725,-121.375
1032,-121.35,49.725,-121.35
1135,-121.325,49.725,-121.325
766,-121.3,49.725,-121.3
774,-121.275,49.725,-121.275
924,-121.25,49.725,-121.25
1407,-121.225,49.725,-121.225
1455,-121.2,49.725,-121.2
1883,-121.175,49.725,-121.175
1612,-121.15,49.725,-121.15
1543,-121.125,49.725,-121.125
1620,-121.1,49.725,-121.1
1669,-121.075,49.725,-121.075
1489,-121.05,49.725,-121.05
1158,-121.025,49.725,-121.025
1152,-121,49.725,-121
1553,-120.975,49.725,-120.975
1609,-120.95,49.725,-120.95
1667,-120.925,49.725,-120.925
1407,-120.9,49.725,-120.9
1323,-120.875,49.725,-120.875
1336,-120.85,49.725,-120.85
1336,-120.825,49.725,-120.825
1326,-120.8,49.725,-120.8
1087,-120.775,49.725,-120.775
1085,-120.75,49.725,-120.75
1112,-120.725,49.725,-120.725
1164,-120.7,49.725,-120.7
1406,-120.675,49.725,-120.675
1287,-120.65,49.725,-120.65
1164,-120.625,49.725,-120.625
1258,-120.6,49.725,-120.6
1415,-120.575,49.725,-120.575
1459,-120.55,49.725,-120.55
1388,-120.525,49.725,-120.525
1480,-120.5,49.725,-120.5
1595,-120.475,49.725,-120.475
1574,-120.45,49.725,-120.45
1591,-120.425,49.725,-120.425
1520,-120.4,49.725,-120.4
1373,-120.375,49.725,-120.375
1289,-120.35,49.725,-120.35
1203,-120.325,49.725,-120.325
1325,-120.3,49.725,-120.3
1343,-120.275,49.725,-120.275
1389,-120.25,49.725,-120.25
1243,-120.225,49.725,-120.225
1387,-120.2,49.725,-120.2
1272,-120.175,49.725,-120.175
1101,-120.15,49.725,-120.15
1418,-120.125,49.725,-120.125
1463,-120.1,49.725,-120.1
1448,-120.075,49.725,-120.075
1347,-120.05,49.725,-120.05
1152,-120.025,49.725,-120.025
1401,-120,49.725,-120
1381,-119.975,49.725,-119.975
1574,-119.95,49.725,-119.95
1595,-119.925,49.725,-119.925
1285,-119.9,49.725,-119.9
1002,-119.875,49.725,-119.875
1056,-119.85,49.725,-119.85
762,-119.825,49.725,-119.825
745,-119.8,49.725,-119.8
709,-119.775,49.725,-119.775
342,-119.75,49.725,-119.75
342,-119.725,49.725,-119.725
654,-119.7,49.725,-119.7
602,-119.675,49.725,-119.675
1116,-119.65,49.725,-119.65
1322,-119.625,49.725,-119.625
1446,-119.6,49.725,-119.6
1196,-119.575,49.725,-119.575
1223,-119.55,49.725,-119.55
1215,-119.525,49.725,-119.525
1282,-119.5,49.725,-119.5
1455,-119.475,49.725,-119.475
1580,-119.45,49.725,-119.45
1538,-119.425,49.725,-119.425
1358,-119.4,49.725,-119.4
1630,-119.375,49.725,-119.375
1722,-119.35,49.725,-119.35
1670,-119.325,49.725,-119.325
1885,-119.3,49.725,-119.3
1642,-119.275,49.725,-119.275
1532,-119.25,49.725,-119.25
1412,-119.225,49.725,-119.225
1314,-119.2,49.725,-119.2
1279,-119.175,49.725,-119.175
1337,-119.15,49.725,-119.15
1125,-119.125,49.725,-119.125
1102,-119.1,49.725,-119.1
1244,-119.075,49.725,-119.075
1712,-119.05,49.725,-119.05
1698,-119.025,49.725,-119.025
1710,-119,49.725,-119
1628,-118.975,49.725,-118.975
1869,-118.95,49.725,-118.95
1803,-118.925,49.725,-118.925
1706,-118.9,49.725,-118.9
1610,-118.875,49.725,-118.875
1640,-118.85,49.725,-118.85
1562,-118.825,49.725,-118.825
1057,-118.8,49.725,-118.8
1000,-118.775,49.725,-118.775
1004,-118.75,49.725,-118.75
1460,-118.725,49.725,-118.725
1134,-118.7,49.725,-118.7
1100,-118.675,49.725,-118.675
1422,-118.65,49.725,-118.65
1873,-118.625,49.725,-118.625
2103,-118.6,49.725,-118.6
1751,-118.575,49.725,-118.575
2109,-118.55,49.725,-118.55
2018,-118.525,49.725,-118.525
1731,-118.5,49.725,-118.5
1118,-123,49.75,-123
721,-122.975,49.75,-122.975
830,-122.95,49.75,-122.95
1061,-122.925,49.75,-122.925
1295,-122.9,49.75,-122.9
1570,-122.875,49.75,-122.875
1742,-122.85,49.75,-122.85
1294,-122.825,49.75,-122.825
1171,-122.8,49.75,-122.8
1461,-122.775,49.75,-122.775
217,-122.75,49.75,-122.75
1128,-122.725,49.75,-122.725
1270,-122.7,49.75,-122.7
1757,-122.675,49.75,-122.675
2067,-122.65,49.75,-122.65
2052,-122.625,49.75,-122.625
2047,-122.6,49.75,-122.6
1949,-122.575,49.75,-122.575
1622,-122.55,49.75,-122.55
1754,-122.525,49.75,-122.525
991,-122.5,49.75,-122.5
1764,-122.475,49.75,-122.475
1920,-122.45,49.75,-122.45
2014,-122.425,49.75,-122.425
1665,-122.4,49.75,-122.4
1245,-122.375,49.75,-122.375
1044,-122.35,49.75,-122.35
532,-122.325,49.75,-122.325
319,-122.3,49.75,-122.3
254,-122.275,49.75,-122.275
172,-122.25,49.75,-122.25
135,-122.225,49.75,-122.225
46,-122.2,49.75,-122.2
30,-122.175,49.75,-122.175
25,-122.15,49.75,-122.15
13,-122.125,49.75,-122.125
457,-122.1,49.75,-122.1
1148,-122.075,49.75,-122.075
1563,-122.05,49.75,-122.05
1476,-122.025,49.75,-122.025
611,-122,49.75,-122
1279,-121.975,49.75,-121.975
2180,-121.95,49.75,-121.95
2069,-121.925,49.75,-121.925
1512,-121.9,49.75,-121.9
695,-121.875,49.75,-121.875
598,-121.85,49.75,-121.85
1085,-121.825,49.75,-121.825
1164,-121.8,49.75,-121.8
1375,-121.775,49.75,-121.775
1165,-121.75,49.75,-121.75
1365,-121.725,49.75,-121.725
1453,-121.7,49.75,-121.7
1497,-121.675,49.75,-121.675
1410,-121.65,49.75,-121.65
1487,-121.625,49.75,-121.625
1564,-121.6,49.75,-121.6
1113,-121.575,49.75,-121.575
1214,-121.55,49.75,-121.55
1159,-121.525,49.75,-121.525
1242,-121.5,49.75,-121.5
943,-121.475,49.75,-121.475
618,-121.45,49.75,-121.45
226,-121.425,49.75,-121.425
861,-121.4,49.75,-121.4
415,-121.375,49.75,-121.375
979,-121.35,49.75,-121.35
961,-121.325,49.75,-121.325
1373,-121.3,49.75,-121.3
972,-121.275,49.75,-121.275
1439,-121.25,49.75,-121.25
1613,-121.225,49.75,-121.225
1671,-121.2,49.75,-121.2
1497,-121.175,49.75,-121.175
1497,-121.15,49.75,-121.15
1814,-121.125,49.75,-121.125
1699,-121.1,49.75,-121.1
1606,-121.075,49.75,-121.075
1559,-121.05,49.75,-121.05
1266,-121.025,49.75,-121.025
1098,-121,49.75,-121
1570,-120.975,49.75,-120.975
1615,-120.95,49.75,-120.95
1594,-120.925,49.75,-120.925
1439,-120.9,49.75,-120.9
1447,-120.875,49.75,-120.875
1282,-120.85,49.75,-120.85
1187,-120.825,49.75,-120.825
1377,-120.8,49.75,-120.8
1073,-120.775,49.75,-120.775
1033,-120.75,49.75,-120.75
1128,-120.725,49.75,-120.725
1237,-120.7,49.75,-120.7
1171,-120.675,49.75,-120.675
1073,-120.65,49.75,-120.65
1073,-120.625,49.75,-120.625
1211,-120.6,49.75,-120.6
1252,-120.575,49.75,-120.575
1474,-120.55,49.75,-120.55
1426,-120.525,49.75,-120.525
982,-120.5,49.75,-120.5
1429,-120.475,49.75,-120.475
1477,-120.45,49.75,-120.45
1477,-120.425,49.75,-120.425
1528,-120.4,49.75,-120.4
1519,-120.375,49.75,-120.375
1454,-120.35,49.75,-120.35
1167,-120.325,49.75,-120.325
1393,-120.3,49.75,-120.3
1433,-120.275,49.75,-120.275
1410,-120.25,49.75,-120.25
1428,-120.225,49.75,-120.225
1478,-120.2,49.75,-120.2
1436,-120.175,49.75,-120.175
1222,-120.15,49.75,-120.15
1565,-120.125,49.75,-120.125
1561,-120.1,49.75,-120.1
1655,-120.075,49.75,-120.075
1489,-120.05,49.75,-120.05
1308,-120.025,49.75,-120.025
1118,-120,49.75,-120
1490,-119.975,49.75,-119.975
1620,-119.95,49.75,-119.95
1658,-119.925,49.75,-119.925
1679,-119.9,49.75,-119.9
1077,-119.875,49.75,-119.875
909,-119.85,49.75,-119.85
840,-119.825,49.75,-119.825
674,-119.8,49.75,-119.8
500,-119.775,49.75,-119.775
342,-119.75,49.75,-119.75
342,-119.725,49.75,-119.725
545,-119.7,49.75,-119.7
600,-119.675,49.75,-119.675
917,-119.65,49.75,-119.65
950,-119.625,49.75,-119.625
1006,-119.6,49.75,-119.6
1085,-119.575,49.75,-119.575
1194,-119.55,49.75,-119.55
1178,-119.525,49.75,-119.525
1220,-119.5,49.75,-119.5
1436,-119.475,49.75,-119.475
1302,-119.45,49.75,-119.45
1306,-119.425,49.75,-119.425
1414,-119.4,49.75,-119.4
1680,-119.375,49.75,-119.375
1595,-119.35,49.75,-119.35
1559,-119.325,49.75,-119.325
1508,-119.3,49.75,-119.3
1455,-119.275,49.75,-119.275
1479,-119.25,49.75,-119.25
1319,-119.225,49.75,-119.225
1335,-119.2,49.75,-119.2
1271,-119.175,49.75,-119.175
1291,-119.15,49.75,-119.15
1189,-119.125,49.75,-119.125
1222,-119.1,49.75,-119.1
1415,-119.075,49.75,-119.075
1570,-119.05,49.75,-119.05
1701,-119.025,49.75,-119.025
1727,-119,49.75,-119
1635,-118.975,49.75,-118.975
2096,-118.95,49.75,-118.95
2154,-118.925,49.75,-118.925
1768,-118.9,49.75,-118.9
1545,-118.875,49.75,-118.875
1376,-118.85,49.75,-118.85
1163,-118.825,49.75,-118.825
1173,-118.8,49.75,-118.8
1250,-118.775,49.75,-118.775
939,-118.75,49.75,-118.75
1163,-118.725,49.75,-118.725
1373,-118.7,49.75,-118.7
1006,-118.675,49.75,-118.675
1237,-118.65,49.75,-118.65
1318,-118.625,49.75,-118.625
1654,-118.6,49.75,-118.6
1532,-118.575,49.75,-118.575
1951,-118.55,49.75,-118.55
1914,-118.525,49.75,-118.525
1831,-118.5,49.75,-118.5
1540,-123,49.775,-123
1064,-122.975,49.775,-122.975
961,-122.95,49.775,-122.95
964,-122.925,49.775,-122.925
1588,-122.9,49.775,-122.9
2064,-122.875,49.775,-122.875
2482,-122.85,49.775,-122.85
1833,-122.825,49.775,-122.825
1641,-122.8,49.775,-122.8
1377,-122.775,49.775,-122.775
291,-122.75,49.775,-122.75
275,-122.725,49.775,-122.725
1181,-122.7,49.775,-122.7
1333,-122.675,49.775,-122.675
1758,-122.65,49.775,-122.65
2235,-122.625,49.775,-122.625
2061,-122.6,49.775,-122.6
1722,-122.575,49.775,-122.575
1593,-122.55,49.775,-122.55
1486,-122.525,49.775,-122.525
1263,-122.5,49.775,-122.5
1427,-122.475,49.775,-122.475
1726,-122.45,49.775,-122.45
1740,-122.425,49.775,-122.425
1569,-122.4,49.775,-122.4
1454,-122.375,49.775,-122.375
1437,-122.35,49.775,-122.35
1477,-122.325,49.775,-122.325
1596,-122.3,49.775,-122.3
1486,-122.275,49.775,-122.275
840,-122.25,49.775,-122.25
44,-122.225,49.775,-122.225
310,-122.2,49.775,-122.2
124,-122.175,49.775,-122.175
290,-122.15,49.775,-122.15
741,-122.125,49.775,-122.125
1299,-122.1,49.775,-122.1
1635,-122.075,49.775,-122.075
1562,-122.05,49.775,-122.05
1442,-122.025,49.775,-122.025
867,-122,49.775,-122
1635,-121.975,49.775,-121.975
1962,-121.95,49.775,-121.95
1089,-121.925,49.775,-121.925
974,-121.9,49.775,-121.9
646,-121.875,49.775,-121.875
840,-121.85,49.775,-121.85
1152,-121.825,49.775,-121.825
1046,-121.8,49.775,-121.8
1533,-121.775,49.775,-121.775
1536,-121.75,49.775,-121.75
1402,-121.725,49.775,-121.725
1548,-121.7,49.775,-121.7
1438,-121.675,49.775,-121.675
1237,-121.65,49.775,-121.65
1071,-121.625,49.775,-121.625
1255,-121.6,49.775,-121.6
1160,-121.575,49.775,-121.575
1827,-121.55,49.775,-121.55
1645,-121.525,49.775,-121.525
1436,-121.5,49.775,-121.5
1355,-121.475,49.775,-121.475
294,-121.45,49.775,-121.45
865,-121.425,49.775,-121.425
1028,-121.4,49.775,-121.4
533,-121.375,49.775,-121.375
724,-121.35,49.775,-121.35
1440,-121.325,49.775,-121.325
1208,-121.3,49.775,-121.3
1438,-121.275,49.775,-121.275
1360,-121.25,49.775,-121.25
1506,-121.225,49.775,-121.225
1643,-121.2,49.775,-121.2
1408,-121.175,49.775,-121.175
1532,-121.15,49.775,-121.15
1656,-121.125,49.775,-121.125
1697,-121.1,49.775,-121.1
1681,-121.075,49.775,-121.075
1464,-121.05,49.775,-121.05
1375,-121.025,49.775,-121.025
1188,-121,49.775,-121
1304,-120.975,49.775,-120.975
1507,-120.95,49.775,-120.95
1416,-120.925,49.775,-120.925
1503,-120.9,49.775,-120.9
1358,-120.875,49.775,-120.875
1299,-120.85,49.775,-120.85
1224,-120.825,49.775,-120.825
1178,-120.8,49.775,-120.8
893,-120.775,49.775,-120.775
924,-120.75,49.775,-120.75
1105,-120.725,49.775,-120.725
1120,-120.7,49.775,-120.7
1054,-120.675,49.775,-120.675
1066,-120.65,49.775,-120.65
1076,-120.625,49.775,-120.625
1198,-120.6,49.775,-120.6
1296,-120.575,49.775,-120.575
1363,-120.55,49.775,-120.55
1295,-120.525,49.775,-120.525
1087,-120.5,49.775,-120.5
1241,-120.475,49.775,-120.475
1302,-120.45,49.775,-120.45
1465,-120.425,49.775,-120.425
1486,-120.4,49.775,-120.4
1541,-120.375,49.775,-120.375
1371,-120.35,49.775,-120.35
1266,-120.325,49.775,-120.325
1406,-120.3,49.775,-120.3
1407,-120.275,49.775,-120.275
1501,-120.25,49.775,-120.25
1448,-120.225,49.775,-120.225
1487,-120.2,49.775,-120.2
1456,-120.175,49.775,-120.175
1282,-120.15,49.775,-120.15
1294,-120.125,49.775,-120.125
1527,-120.1,49.775,-120.1
1764,-120.075,49.775,-120.075
1848,-120.05,49.775,-120.05
1677,-120.025,49.775,-120.025
1673,-120,49.775,-120
1232,-119.975,49.775,-119.975
1352,-119.95,49.775,-119.95
1460,-119.925,49.775,-119.925
1350,-119.9,49.775,-119.9
1259,-119.875,49.775,-119.875
1072,-119.85,49.775,-119.85
891,-119.825,49.775,-119.825
940,-119.8,49.775,-119.8
813,-119.775,49.775,-119.775
533,-119.75,49.775,-119.75
342,-119.725,49.775,-119.725
342,-119.7,49.775,-119.7
342,-119.675,49.775,-119.675
342,-119.65,49.775,-119.65
465,-119.625,49.775,-119.625
446,-119.6,49.775,-119.6
576,-119.575,49.775,-119.575
627,-119.55,49.775,-119.55
740,-119.525,49.775,-119.525
828,-119.5,49.775,-119.5
959,-119.475,49.775,-119.475
888,-119.45,49.775,-119.45
1080,-119.425,49.775,-119.425
1328,-119.4,49.775,-119.4
1417,-119.375,49.775,-119.375
1512,-119.35,49.775,-119.35
1214,-119.325,49.775,-119.325
1353,-119.3,49.775,-119.3
1473,-119.275,49.775,-119.275
1507,-119.25,49.775,-119.25
1361,-119.225,49.775,-119.225
1269,-119.2,49.775,-119.2
1284,-119.175,49.775,-119.175
1269,-119.15,49.775,-119.15
1283,-119.125,49.775,-119.125
1214,-119.1,49.775,-119.1
1306,-119.075,49.775,-119.075
1396,-119.05,49.775,-119.05
1437,-119.025,49.775,-119.025
1418,-119,49.775,-119
1663,-118.975,49.775,-118.975
1851,-118.95,49.775,-118.95
1676,-118.925,49.775,-118.925
1721,-118.9,49.775,-118.9
1884,-118.875,49.775,-118.875
1693,-118.85,49.775,-118.85
1587,-118.825,49.775,-118.825
1137,-118.8,49.775,-118.8
1305,-118.775,49.775,-118.775
1240,-118.75,49.775,-118.75
978,-118.725,49.775,-118.725
1171,-118.7,49.775,-118.7
1144,-118.675,49.775,-118.675
1331,-118.65,49.775,-118.65
1582,-118.625,49.775,-118.625
1658,-118.6,49.775,-118.6
1530,-118.575,49.775,-118.575
1553,-118.55,49.775,-118.55
1628,-118.525,49.775,-118.525
1716,-118.5,49.775,-118.5
1585,-123,49.8,-123
1292,-122.975,49.8,-122.975
1356,-122.95,49.8,-122.95
1133,-122.925,49.8,-122.925
1708,-122.9,49.8,-122.9
2077,-122.875,49.8,-122.875
2116,-122.85,49.8,-122.85
1376,-122.825,49.8,-122.825
1101,-122.8,49.8,-122.8
761,-122.775,49.8,-122.775
329,-122.75,49.8,-122.75
1127,-122.725,49.8,-122.725
1284,-122.7,49.8,-122.7
1938,-122.675,49.8,-122.675
1775,-122.65,49.8,-122.65
1814,-122.625,49.8,-122.625
1849,-122.6,49.8,-122.6
1768,-122.575,49.8,-122.575
1871,-122.55,49.8,-122.55
1099,-122.525,49.8,-122.525
511,-122.5,49.8,-122.5
1041,-122.475,49.8,-122.475
1613,-122.45,49.8,-122.45
1634,-122.425,49.8,-122.425
965,-122.4,49.8,-122.4
1427,-122.375,49.8,-122.375
1139,-122.35,49.8,-122.35
849,-122.325,49.8,-122.325
711,-122.3,49.8,-122.3
486,-122.275,49.8,-122.275
513,-122.25,49.8,-122.25
56,-122.225,49.8,-122.225
621,-122.2,49.8,-122.2
935,-122.175,49.8,-122.175
1376,-122.15,49.8,-122.15
598,-122.125,49.8,-122.125
1416,-122.1,49.8,-122.1
1494,-122.075,49.8,-122.075
1767,-122.05,49.8,-122.05
1409,-122.025,49.8,-122.025
1211,-122,49.8,-122
2043,-121.975,49.8,-121.975
1895,-121.95,49.8,-121.95
1365,-121.925,49.8,-121.925
1364,-121.9,49.8,-121.9
471,-121.875,49.8,-121.875
1376,-121.85,49.8,-121.85
1120,-121.825,49.8,-121.825
903,-121.8,49.8,-121.8
1267,-121.775,49.8,-121.775
1277,-121.75,49.8,-121.75
1460,-121.725,49.8,-121.725
1231,-121.7,49.8,-121.7
1283,-121.675,49.8,-121.675
876,-121.65,49.8,-121.65
1259,-121.625,49.8,-121.625
1550,-121.6,49.8,-121.6
1001,-121.575,49.8,-121.575
1607,-121.55,49.8,-121.55
1169,-121.525,49.8,-121.525
1551,-121.5,49.8,-121.5
610,-121.475,49.8,-121.475
334,-121.45,49.8,-121.45
934,-121.425,49.8,-121.425
1090,-121.4,49.8,-121.4
280,-121.375,49.8,-121.375
817,-121.35,49.8,-121.35
849,-121.325,49.8,-121.325
1126,-121.3,49.8,-121.3
1241,-121.275,49.8,-121.275
1596,-121.25,49.8,-121.25
1605,-121.225,49.8,-121.225
1495,-121.2,49.8,-121.2
1618,-121.175,49.8,-121.175
1195,-121.15,49.8,-121.15
1325,-121.125,49.8,-121.125
1282,-121.1,49.8,-121.1
1435,-121.075,49.8,-121.075
1410,-121.05,49.8,-121.05
1325,-121.025,49.8,-121.025
1173,-121,49.8,-121
1251,-120.975,49.8,-120.975
1127,-120.95,49.8,-120.95
1388,-120.925,49.8,-120.925
1200,-120.9,49.8,-120.9
1366,-120.875,49.8,-120.875
1166,-120.85,49.8,-120.85
1113,-120.825,49.8,-120.825
1165,-120.8,49.8,-120.8
1159,-120.775,49.8,-120.775
1137,-120.75,49.8,-120.75
1011,-120.725,49.8,-120.725
1043,-120.7,49.8,-120.7
1131,-120.675,49.8,-120.675
1014,-120.65,49.8,-120.65
1068,-120.625,49.8,-120.625
1150,-120.6,49.8,-120.6
1328,-120.575,49.8,-120.575
1245,-120.55,49.8,-120.55
1138,-120.525,49.8,-120.525
1317,-120.5,49.8,-120.5
1376,-120.475,49.8,-120.475
1469,-120.45,49.8,-120.45
1504,-120.425,49.8,-120.425
1587,-120.4,49.8,-120.4
1472,-120.375,49.8,-120.375
1348,-120.35,49.8,-120.35
1410,-120.325,49.8,-120.325
1432,-120.3,49.8,-120.3
1518,-120.275,49.8,-120.275
1502,-120.25,49.8,-120.25
1451,-120.225,49.8,-120.225
1434,-120.2,49.8,-120.2
1400,-120.175,49.8,-120.175
1394,-120.15,49.8,-120.15
1384,-120.125,49.8,-120.125
1347,-120.1,49.8,-120.1
1381,-120.075,49.8,-120.075
1279,-120.05,49.8,-120.05
1438,-120.025,49.8,-120.025
1449,-120,49.8,-120
1400,-119.975,49.8,-119.975
1368,-119.95,49.8,-119.95
1264,-119.925,49.8,-119.925
1105,-119.9,49.8,-119.9
1071,-119.875,49.8,-119.875
973,-119.85,49.8,-119.85
984,-119.825,49.8,-119.825
894,-119.8,49.8,-119.8
936,-119.775,49.8,-119.775
857,-119.75,49.8,-119.75
504,-119.725,49.8,-119.725
545,-119.7,49.8,-119.7
442,-119.675,49.8,-119.675
342,-119.65,49.8,-119.65
342,-119.625,49.8,-119.625
342,-119.6,49.8,-119.6
342,-119.575,49.8,-119.575
342,-119.55,49.8,-119.55
357,-119.525,49.8,-119.525
483,-119.5,49.8,-119.5
610,-119.475,49.8,-119.475
596,-119.45,49.8,-119.45
799,-119.425,49.8,-119.425
902,-119.4,49.8,-119.4
1029,-119.375,49.8,-119.375
1119,-119.35,49.8,-119.35
952,-119.325,49.8,-119.325
1366,-119.3,49.8,-119.3
1325,-119.275,49.8,-119.275
1287,-119.25,49.8,-119.25
1292,-119.225,49.8,-119.225
1288,-119.2,49.8,-119.2
1291,-119.175,49.8,-119.175
1290,-119.15,49.8,-119.15
1324,-119.125,49.8,-119.125
1318,-119.1,49.8,-119.1
1277,-119.075,49.8,-119.075
1431,-119.05,49.8,-119.05
1383,-119.025,49.8,-119.025
1359,-119,49.8,-119
1537,-118.975,49.8,-118.975
1639,-118.95,49.8,-118.95
1652,-118.925,49.8,-118.925
1725,-118.9,49.8,-118.9
1842,-118.875,49.8,-118.875
1878,-118.85,49.8,-118.85
1712,-118.825,49.8,-118.825
1548,-118.8,49.8,-118.8
1296,-118.775,49.8,-118.775
1264,-118.75,49.8,-118.75
1221,-118.725,49.8,-118.725
1099,-118.7,49.8,-118.7
1400,-118.675,49.8,-118.675
1180,-118.65,49.8,-118.65
1486,-118.625,49.8,-118.625
1643,-118.6,49.8,-118.6
1836,-118.575,49.8,-118.575
1820,-118.55,49.8,-118.55
1902,-118.525,49.8,-118.525
1852,-118.5,49.8,-118.5
1852,-118.5,49.8,-118.5
1754,-123,49.825,-123
1677,-122.975,49.825,-122.975
1571,-122.95,49.825,-122.95
1268,-122.925,49.825,-122.925
1940,-122.9,49.825,-122.9
2131,-122.875,49.825,-122.875
1877,-122.85,49.825,-122.85
1371,-122.825,49.825,-122.825
886,-122.8,49.825,-122.8
362,-122.775,49.825,-122.775
1281,-122.75,49.825,-122.75
895,-122.725,49.825,-122.725
1348,-122.7,49.825,-122.7
1893,-122.675,49.825,-122.675
2108,-122.65,49.825,-122.65
1926,-122.625,49.825,-122.625
1624,-122.6,49.825,-122.6
1369,-122.575,49.825,-122.575
1515,-122.55,49.825,-122.55
1022,-122.525,49.825,-122.525
498,-122.5,49.825,-122.5
853,-122.475,49.825,-122.475
1572,-122.45,49.825,-122.45
1490,-122.425,49.825,-122.425
1285,-122.4,49.825,-122.4
1010,-122.375,49.825,-122.375
835,-122.35,49.825,-122.35
802,-122.325,49.825,-122.325
955,-122.3,49.825,-122.3
359,-122.275,49.825,-122.275
57,-122.25,49.825,-122.25
611,-122.225,49.825,-122.225
1312,-122.2,49.825,-122.2
1719,-122.175,49.825,-122.175
827,-122.15,49.825,-122.15
1422,-122.125,49.825,-122.125
1876,-122.1,49.825,-122.1
1416,-122.075,49.825,-122.075
1919,-122.05,49.825,-122.05
1481,-122.025,49.825,-122.025
1864,-122,49.825,-122
1590,-121.975,49.825,-121.975
1478,-121.95,49.825,-121.95
1565,-121.925,49.825,-121.925
905,-121.9,49.825,-121.9
1327,-121.875,49.825,-121.875
1718,-121.85,49.825,-121.85
1484,-121.825,49.825,-121.825
1588,-121.8,49.825,-121.8
873,-121.775,49.825,-121.775
1518,-121.75,49.825,-121.75
1552,-121.725,49.825,-121.725
1497,-121.7,49.825,-121.7
1665,-121.675,49.825,-121.675
1711,-121.65,49.825,-121.65
1177,-121.625,49.825,-121.625
809,-121.6,49.825,-121.6
928,-121.575,49.825,-121.575
1351,-121.55,49.825,-121.55
1143,-121.525,49.825,-121.525
1083,-121.5,49.825,-121.5
476,-121.475,49.825,-121.475
474,-121.45,49.825,-121.45
383,-121.425,49.825,-121.425
659,-121.4,49.825,-121.4
477,-121.375,49.825,-121.375
842,-121.35,49.825,-121.35
846,-121.325,49.825,-121.325
729,-121.3,49.825,-121.3
1355,-121.275,49.825,-121.275
1530,-121.25,49.825,-121.25
1504,-121.225,49.825,-121.225
1275,-121.2,49.825,-121.2
1777,-121.175,49.825,-121.175
1719,-121.15,49.825,-121.15
1445,-121.125,49.825,-121.125
1408,-121.1,49.825,-121.1
1131,-121.075,49.825,-121.075
1312,-121.05,49.825,-121.05
1215,-121.025,49.825,-121.025
1525,-121,49.825,-121
1457,-120.975,49.825,-120.975
1194,-120.95,49.825,-120.95
1004,-120.925,49.825,-120.925
1013,-120.9,49.825,-120.9
1092,-120.875,49.825,-120.875
1115,-120.85,49.825,-120.85
1314,-120.825,49.825,-120.825
1280,-120.8,49.825,-120.8
1195,-120.775,49.825,-120.775
1111,-120.75,49.825,-120.75
1079,-120.725,49.825,-120.725
1033,-120.7,49.825,-120.7
1091,-120.675,49.825,-120.675
1071,-120.65,49.825,-120.65
1017,-120.625,49.825,-120.625
1079,-120.6,49.825,-120.6
1127,-120.575,49.825,-120.575
1228,-120.55,49.825,-120.55
1153,-120.525,49.825,-120.525
1206,-120.5,49.825,-120.5
1343,-120.475,49.825,-120.475
1341,-120.45,49.825,-120.45
1425,-120.425,49.825,-120.425
1399,-120.4,49.825,-120.4
1701,-120.375,49.825,-120.375
1575,-120.35,49.825,-120.35
1650,-120.325,49.825,-120.325
1667,-120.3,49.825,-120.3
1678,-120.275,49.825,-120.275
1540,-120.25,49.825,-120.25
1585,-120.225,49.825,-120.225
1616,-120.2,49.825,-120.2
1559,-120.175,49.825,-120.175
1607,-120.15,49.825,-120.15
1665,-120.125,49.825,-120.125
1612,-120.1,49.825,-120.1
1507,-120.075,49.825,-120.075
1385,-120.05,49.825,-120.05
1334,-120.025,49.825,-120.025
1319,-120,49.825,-120
1365,-119.975,49.825,-119.975
1321,-119.95,49.825,-119.95
1273,-119.925,49.825,-119.925
1076,-119.9,49.825,-119.9
1190,-119.875,49.825,-119.875
1093,-119.85,49.825,-119.85
1066,-119.825,49.825,-119.825
839,-119.8,49.825,-119.8
596,-119.775,49.825,-119.775
648,-119.75,49.825,-119.75
1068,-119.725,49.825,-119.725
856,-119.7,49.825,-119.7
837,-119.675,49.825,-119.675
487,-119.65,49.825,-119.65
404,-119.625,49.825,-119.625
350,-119.6,49.825,-119.6
342,-119.575,49.825,-119.575
342,-119.55,49.825,-119.55
342,-119.525,49.825,-119.525
339,-119.5,49.825,-119.5
415,-119.475,49.825,-119.475
487,-119.45,49.825,-119.45
512,-119.425,49.825,-119.425
598,-119.4,49.825,-119.4
708,-119.375,49.825,-119.375
869,-119.35,49.825,-119.35
955,-119.325,49.825,-119.325
811,-119.3,49.825,-119.3
1077,-119.275,49.825,-119.275
1191,-119.25,49.825,-119.25
1266,-119.225,49.825,-119.225
1373,-119.2,49.825,-119.2
1306,-119.175,49.825,-119.175
1311,-119.15,49.825,-119.15
1495,-119.125,49.825,-119.125
1308,-119.1,49.825,-119.1
1240,-119.075,49.825,-119.075
1542,-119.05,49.825,-119.05
1465,-119.025,49.825,-119.025
1432,-119,49.825,-119
1409,-118.975,49.825,-118.975
1485,-118.95,49.825,-118.95
1644,-118.925,49.825,-118.925
1646,-118.9,49.825,-118.9
1713,-118.875,49.825,-118.875
1673,-118.85,49.825,-118.85
1573,-118.825,49.825,-118.825
1431,-118.8,49.825,-118.8
1386,-118.775,49.825,-118.775
1317,-118.75,49.825,-118.75
1326,-118.725,49.825,-118.725
971,-118.7,49.825,-118.7
1323,-118.675,49.825,-118.675
1393,-118.65,49.825,-118.65
1215,-118.625,49.825,-118.625
1457,-118.6,49.825,-118.6
1650,-118.575,49.825,-118.575
1948,-118.55,49.825,-118.55
2036,-118.525,49.825,-118.525
1770,-118.5,49.825,-118.5
2364,-123,49.85,-123
1914,-122.975,49.85,-122.975
1739,-122.95,49.85,-122.95
1935,-122.925,49.85,-122.925
1256,-122.9,49.85,-122.9
1310,-122.875,49.85,-122.875
790,-122.85,49.85,-122.85
492,-122.825,49.85,-122.825
663,-122.8,49.85,-122.8
1490,-122.775,49.85,-122.775
947,-122.75,49.85,-122.75
1814,-122.725,49.85,-122.725
1251,-122.7,49.85,-122.7
1910,-122.675,49.85,-122.675
1893,-122.65,49.85,-122.65
1744,-122.625,49.85,-122.625
1913,-122.6,49.85,-122.6
966,-122.575,49.85,-122.575
671,-122.55,49.85,-122.55
951,-122.525,49.85,-122.525
938,-122.5,49.85,-122.5
305,-122.475,49.85,-122.475
659,-122.45,49.85,-122.45
1037,-122.425,49.85,-122.425
1180,-122.4,49.85,-122.4
1608,-122.375,49.85,-122.375
1602,-122.35,49.85,-122.35
947,-122.325,49.85,-122.325
292,-122.3,49.85,-122.3
151,-122.275,49.85,-122.275
700,-122.25,49.85,-122.25
1450,-122.225,49.85,-122.225
1660,-122.2,49.85,-122.2
1488,-122.175,49.85,-122.175
721,-122.15,49.85,-122.15
1576,-122.125,49.85,-122.125
1924,-122.1,49.85,-122.1
1469,-122.075,49.85,-122.075
1765,-122.05,49.85,-122.05
1588,-122.025,49.85,-122.025
1024,-122,49.85,-122
2112,-121.975,49.85,-121.975
1433,-121.95,49.85,-121.95
1578,-121.925,49.85,-121.925
1401,-121.9,49.85,-121.9
772,-121.875,49.85,-121.875
1212,-121.85,49.85,-121.85
1470,-121.825,49.85,-121.825
1323,-121.8,49.85,-121.8
1241,-121.775,49.85,-121.775
1244,-121.75,49.85,-121.75
1836,-121.725,49.85,-121.725
1243,-121.7,49.85,-121.7
2078,-121.675,49.85,-121.675
1528,-121.65,49.85,-121.65
1739,-121.625,49.85,-121.625
1446,-121.6,49.85,-121.6
1437,-121.575,49.85,-121.575
971,-121.55,49.85,-121.55
1025,-121.525,49.85,-121.525
1106,-121.5,49.85,-121.5
1142,-121.475,49.85,-121.475
247,-121.45,49.85,-121.45
496,-121.425,49.85,-121.425
543,-121.4,49.85,-121.4
737,-121.375,49.85,-121.375
1096,-121.35,49.85,-121.35
1342,-121.325,49.85,-121.325
1299,-121.3,49.85,-121.3
787,-121.275,49.85,-121.275
962,-121.25,49.85,-121.25
982,-121.225,49.85,-121.225
1024,-121.2,49.85,-121.2
1232,-121.175,49.85,-121.175
1312,-121.15,49.85,-121.15
1405,-121.125,49.85,-121.125
1398,-121.1,49.85,-121.1
1357,-121.075,49.85,-121.075
1049,-121.05,49.85,-121.05
1368,-121.025,49.85,-121.025
1550,-121,49.85,-121
1796,-120.975,49.85,-120.975
1319,-120.95,49.85,-120.95
1042,-120.925,49.85,-120.925
1079,-120.9,49.85,-120.9
1416,-120.875,49.85,-120.875
1382,-120.85,49.85,-120.85
1451,-120.825,49.85,-120.825
1418,-120.8,49.85,-120.8
1218,-120.775,49.85,-120.775
1181,-120.75,49.85,-120.75
1016,-120.725,49.85,-120.725
1220,-120.7,49.85,-120.7
1146,-120.675,49.85,-120.675
1126,-120.65,49.85,-120.65
1000,-120.625,49.85,-120.625
1106,-120.6,49.85,-120.6
1132,-120.575,49.85,-120.575
1332,-120.55,49.85,-120.55
1189,-120.525,49.85,-120.525
1156,-120.5,49.85,-120.5
1326,-120.475,49.85,-120.475
1413,-120.45,49.85,-120.45
1519,-120.425,49.85,-120.425
1707,-120.4,49.85,-120.4
1575,-120.375,49.85,-120.375
1614,-120.35,49.85,-120.35
1661,-120.325,49.85,-120.325
1598,-120.3,49.85,-120.3
1705,-120.275,49.85,-120.275
1703,-120.25,49.85,-120.25
1726,-120.225,49.85,-120.225
1720,-120.2,49.85,-120.2
1740,-120.175,49.85,-120.175
1835,-120.15,49.85,-120.15
1897,-120.125,49.85,-120.125
1819,-120.1,49.85,-120.1
1736,-120.075,49.85,-120.075
1671,-120.05,49.85,-120.05
1609,-120.025,49.85,-120.025
1465,-120,49.85,-120
1315,-119.975,49.85,-119.975
1439,-119.95,49.85,-119.95
1380,-119.925,49.85,-119.925
1356,-119.9,49.85,-119.9
1304,-119.875,49.85,-119.875
1082,-119.85,49.85,-119.85
698,-119.825,49.85,-119.825
1068,-119.8,49.85,-119.8
1095,-119.775,49.85,-119.775
875,-119.75,49.85,-119.75
1016,-119.725,49.85,-119.725
817,-119.7,49.85,-119.7
708,-119.675,49.85,-119.675
565,-119.65,49.85,-119.65
522,-119.625,49.85,-119.625
453,-119.6,49.85,-119.6
590,-119.575,49.85,-119.575
456,-119.55,49.85,-119.55
342,-119.525,49.85,-119.525
342,-119.5,49.85,-119.5
344,-119.475,49.85,-119.475
355,-119.45,49.85,-119.45
437,-119.425,49.85,-119.425
497,-119.4,49.85,-119.4
467,-119.375,49.85,-119.375
620,-119.35,49.85,-119.35
673,-119.325,49.85,-119.325
731,-119.3,49.85,-119.3
766,-119.275,49.85,-119.275
944,-119.25,49.85,-119.25
1134,-119.225,49.85,-119.225
1029,-119.2,49.85,-119.2
1130,-119.175,49.85,-119.175
1051,-119.15,49.85,-119.15
953,-119.125,49.85,-119.125
1129,-119.1,49.85,-119.1
1279,-119.075,49.85,-119.075
1528,-119.05,49.85,-119.05
1586,-119.025,49.85,-119.025
1611,-119,49.85,-119
1524,-118.975,49.85,-118.975
1471,-118.95,49.85,-118.95
1633,-118.925,49.85,-118.925
1631,-118.9,49.85,-118.9
1608,-118.875,49.85,-118.875
1639,-118.85,49.85,-118.85
1648,-118.825,49.85,-118.825
1641,-118.8,49.85,-118.8
1549,-118.775,49.85,-118.775
1371,-118.75,49.85,-118.75
1317,-118.725,49.85,-118.725
992,-118.7,49.85,-118.7
1366,-118.675,49.85,-118.675
1531,-118.65,49.85,-118.65
1694,-118.625,49.85,-118.625
1379,-118.6,49.85,-118.6
1753,-118.575,49.85,-118.575
1631,-118.55,49.85,-118.55
1998,-118.525,49.85,-118.525
1986,-118.5,49.85,-118.5
1704,-123,49.875,-123
1958,-122.975,49.875,-122.975
1526,-122.95,49.875,-122.95
1010,-122.925,49.875,-122.925
1932,-122.9,49.875,-122.9
1511,-122.875,49.875,-122.875
1757,-122.85,49.875,-122.85
1082,-122.825,49.875,-122.825
1160,-122.8,49.875,-122.8
2026,-122.775,49.875,-122.775
2096,-122.75,49.875,-122.75
1319,-122.725,49.875,-122.725
2228,-122.7,49.875,-122.7
1925,-122.675,49.875,-122.675
1758,-122.65,49.875,-122.65
1904,-122.625,49.875,-122.625
2091,-122.6,49.875,-122.6
2226,-122.575,49.875,-122.575
2080,-122.55,49.875,-122.55
1610,-122.525,49.875,-122.525
1749,-122.5,49.875,-122.5
974,-122.475,49.875,-122.475
330,-122.45,49.875,-122.45
979,-122.425,49.875,-122.425
1679,-122.4,49.875,-122.4
1626,-122.375,49.875,-122.375
1337,-122.35,49.875,-122.35
775,-122.325,49.875,-122.325
307,-122.3,49.875,-122.3
486,-122.275,49.875,-122.275
1346,-122.25,49.875,-122.25
1536,-122.225,49.875,-122.225
1882,-122.2,49.875,-122.2
1462,-122.175,49.875,-122.175
965,-122.15,49.875,-122.15
1721,-122.125,49.875,-122.125
1726,-122.1,49.875,-122.1
1154,-122.075,49.875,-122.075
1601,-122.05,49.875,-122.05
1233,-122.025,49.875,-122.025
1441,-122,49.875,-122
1776,-121.975,49.875,-121.975
1168,-121.95,49.875,-121.95
1756,-121.925,49.875,-121.925
1483,-121.9,49.875,-121.9
1276,-121.875,49.875,-121.875
1073,-121.85,49.875,-121.85
1358,-121.825,49.875,-121.825
1431,-121.8,49.875,-121.8
1832,-121.775,49.875,-121.775
1692,-121.75,49.875,-121.75
1008,-121.725,49.875,-121.725
1161,-121.7,49.875,-121.7
1693,-121.675,49.875,-121.675
1333,-121.65,49.875,-121.65
1883,-121.625,49.875,-121.625
1740,-121.6,49.875,-121.6
1533,-121.575,49.875,-121.575
1222,-121.55,49.875,-121.55
962,-121.525,49.875,-121.525
1472,-121.5,49.875,-121.5
913,-121.475,49.875,-121.475
142,-121.45,49.875,-121.45
742,-121.425,49.875,-121.425
1009,-121.4,49.875,-121.4
1261,-121.375,49.875,-121.375
1398,-121.35,49.875,-121.35
1436,-121.325,49.875,-121.325
1600,-121.3,49.875,-121.3
1516,-121.275,49.875,-121.275
1703,-121.25,49.875,-121.25
1595,-121.225,49.875,-121.225
1473,-121.2,49.875,-121.2
1351,-121.175,49.875,-121.175
1181,-121.15,49.875,-121.15
1146,-121.125,49.875,-121.125
1362,-121.1,49.875,-121.1
1260,-121.075,49.875,-121.075
1047,-121.05,49.875,-121.05
1414,-121.025,49.875,-121.025
1605,-121,49.875,-121
1807,-120.975,49.875,-120.975
1301,-120.95,49.875,-120.95
1121,-120.925,49.875,-120.925
950,-120.9,49.875,-120.9
1270,-120.875,49.875,-120.875
1448,-120.85,49.875,-120.85
1390,-120.825,49.875,-120.825
1347,-120.8,49.875,-120.8
1216,-120.775,49.875,-120.775
1051,-120.75,49.875,-120.75
1275,-120.725,49.875,-120.725
1234,-120.7,49.875,-120.7
1237,-120.675,49.875,-120.675
1124,-120.65,49.875,-120.65
1014,-120.625,49.875,-120.625
1113,-120.6,49.875,-120.6
1112,-120.575,49.875,-120.575
1202,-120.55,49.875,-120.55
1204,-120.525,49.875,-120.525
1259,-120.5,49.875,-120.5
1262,-120.475,49.875,-120.475
1284,-120.45,49.875,-120.45
1478,-120.425,49.875,-120.425
1645,-120.4,49.875,-120.4
1647,-120.375,49.875,-120.375
1572,-120.35,49.875,-120.35
1565,-120.325,49.875,-120.325
1564,-120.3,49.875,-120.3
1567,-120.275,49.875,-120.275
1655,-120.25,49.875,-120.25
1667,-120.225,49.875,-120.225
1666,-120.2,49.875,-120.2
1710,-120.175,49.875,-120.175
1741,-120.15,49.875,-120.15
1879,-120.125,49.875,-120.125
1725,-120.1,49.875,-120.1
1718,-120.075,49.875,-120.075
1760,-120.05,49.875,-120.05
1754,-120.025,49.875,-120.025
1551,-120,49.875,-120
1494,-119.975,49.875,-119.975
1380,-119.95,49.875,-119.95
1209,-119.925,49.875,-119.925
1042,-119.9,49.875,-119.9
780,-119.875,49.875,-119.875
1011,-119.85,49.875,-119.85
1325,-119.825,49.875,-119.825
1554,-119.8,49.875,-119.8
1405,-119.775,49.875,-119.775
1078,-119.75,49.875,-119.75
1061,-119.725,49.875,-119.725
1132,-119.7,49.875,-119.7
704,-119.675,49.875,-119.675
1113,-119.65,49.875,-119.65
1022,-119.625,49.875,-119.625
593,-119.6,49.875,-119.6
534,-119.575,49.875,-119.575
436,-119.55,49.875,-119.55
343,-119.525,49.875,-119.525
342,-119.5,49.875,-119.5
349,-119.475,49.875,-119.475
359,-119.45,49.875,-119.45
406,-119.425,49.875,-119.425
398,-119.4,49.875,-119.4
473,-119.375,49.875,-119.375
616,-119.35,49.875,-119.35
813,-119.325,49.875,-119.325
1091,-119.3,49.875,-119.3
1016,-119.275,49.875,-119.275
1085,-119.25,49.875,-119.25
1186,-119.225,49.875,-119.225
1017,-119.2,49.875,-119.2
1209,-119.175,49.875,-119.175
875,-119.15,49.875,-119.15
1057,-119.125,49.875,-119.125
953,-119.1,49.875,-119.1
954,-119.075,49.875,-119.075
1253,-119.05,49.875,-119.05
1159,-119.025,49.875,-119.025
1316,-119,49.875,-119
1687,-118.975,49.875,-118.975
1651,-118.95,49.875,-118.95
1600,-118.925,49.875,-118.925
1666,-118.9,49.875,-118.9
1842,-118.875,49.875,-118.875
1813,-118.85,49.875,-118.85
2075,-118.825,49.875,-118.825
1864,-118.8,49.875,-118.8
1735,-118.775,49.875,-118.775
1443,-118.75,49.875,-118.75
1339,-118.725,49.875,-118.725
993,-118.7,49.875,-118.7
1448,-118.675,49.875,-118.675
1571,-118.65,49.875,-118.65
1700,-118.625,49.875,-118.625
1693,-118.6,49.875,-118.6
1583,-118.575,49.875,-118.575
1824,-118.55,49.875,-118.55
1855,-118.525,49.875,-118.525
1850,-118.5,49.875,-118.5
1514,-123,49.9,-123
2070,-122.975,49.9,-122.975
2288,-122.95,49.9,-122.95
1675,-122.925,49.9,-122.925
2328,-122.9,49.9,-122.9
1910,-122.875,49.9,-122.875
1270,-122.85,49.9,-122.85
1952,-122.825,49.9,-122.825
1468,-122.8,49.9,-122.8
1210,-122.775,49.9,-122.775
2142,-122.75,49.9,-122.75
1297,-122.725,49.9,-122.725
1533,-122.7,49.9,-122.7
1607,-122.675,49.9,-122.675
1897,-122.65,49.9,-122.65
1188,-122.625,49.9,-122.625
1911,-122.6,49.9,-122.6
2212,-122.575,49.9,-122.575
1678,-122.55,49.9,-122.55
1159,-122.525,49.9,-122.525
1565,-122.5,49.9,-122.5
1390,-122.475,49.9,-122.475
508,-122.45,49.9,-122.45
538,-122.425,49.9,-122.425
1239,-122.4,49.9,-122.4
1136,-122.375,49.9,-122.375
867,-122.35,49.9,-122.35
103,-122.325,49.9,-122.325
358,-122.3,49.9,-122.3
1172,-122.275,49.9,-122.275
1674,-122.25,49.9,-122.25
1705,-122.225,49.9,-122.225
1408,-122.2,49.9,-122.2
1412,-122.175,49.9,-122.175
1517,-122.15,49.9,-122.15
1191,-122.125,49.9,-122.125
1879,-122.1,49.9,-122.1
1728,-122.075,49.9,-122.075
674,-122.05,49.9,-122.05
538,-122.025,49.9,-122.025
709,-122,49.9,-122
1387,-121.975,49.9,-121.975
1661,-121.95,49.9,-121.95
1531,-121.925,49.9,-121.925
1108,-121.9,49.9,-121.9
1312,-121.875,49.9,-121.875
1478,-121.85,49.9,-121.85
1283,-121.825,49.9,-121.825
1534,-121.8,49.9,-121.8
1862,-121.775,49.9,-121.775
1732,-121.75,49.9,-121.75
1497,-121.725,49.9,-121.725
1034,-121.7,49.9,-121.7
1693,-121.675,49.9,-121.675
1925,-121.65,49.9,-121.65
1309,-121.625,49.9,-121.625
1155,-121.6,49.9,-121.6
1204,-121.575,49.9,-121.575
1582,-121.55,49.9,-121.55
1472,-121.525,49.9,-121.525
1298,-121.5,49.9,-121.5
664,-121.475,49.9,-121.475
105,-121.45,49.9,-121.45
551,-121.425,49.9,-121.425
827,-121.4,49.9,-121.4
1052,-121.375,49.9,-121.375
1565,-121.35,49.9,-121.35
1852,-121.325,49.9,-121.325
1448,-121.3,49.9,-121.3
1256,-121.275,49.9,-121.275
1591,-121.25,49.9,-121.25
1581,-121.225,49.9,-121.225
1561,-121.2,49.9,-121.2
1387,-121.175,49.9,-121.175
1313,-121.15,49.9,-121.15
1211,-121.125,49.9,-121.125
1276,-121.1,49.9,-121.1
1230,-121.075,49.9,-121.075
1210,-121.05,49.9,-121.05
1078,-121.025,49.9,-121.025
1396,-121,49.9,-121
1561,-120.975,49.9,-120.975
1343,-120.95,49.9,-120.95
995,-120.925,49.9,-120.925
972,-120.9,49.9,-120.9
1138,-120.875,49.9,-120.875
1084,-120.85,49.9,-120.85
1122,-120.825,49.9,-120.825
1091,-120.8,49.9,-120.8
1066,-120.775,49.9,-120.775
1100,-120.75,49.9,-120.75
1141,-120.725,49.9,-120.725
1310,-120.7,49.9,-120.7
1280,-120.675,49.9,-120.675
1229,-120.65,49.9,-120.65
1029,-120.625,49.9,-120.625
1059,-120.6,49.9,-120.6
1054,-120.575,49.9,-120.575
1231,-120.55,49.9,-120.55
1180,-120.525,49.9,-120.525
1169,-120.5,49.9,-120.5
1212,-120.475,49.9,-120.475
1261,-120.45,49.9,-120.45
1339,-120.425,49.9,-120.425
1509,-120.4,49.9,-120.4
1693,-120.375,49.9,-120.375
1660,-120.35,49.9,-120.35
1613,-120.325,49.9,-120.325
1540,-120.3,49.9,-120.3
1542,-120.275,49.9,-120.275
1643,-120.25,49.9,-120.25
1617,-120.225,49.9,-120.225
1559,-120.2,49.9,-120.2
1627,-120.175,49.9,-120.175
1659,-120.15,49.9,-120.15
1657,-120.125,49.9,-120.125
1582,-120.1,49.9,-120.1
1689,-120.075,49.9,-120.075
1771,-120.05,49.9,-120.05
1827,-120.025,49.9,-120.025
1731,-120,49.9,-120
1355,-119.975,49.9,-119.975
1194,-119.95,49.9,-119.95
998,-119.925,49.9,-119.925
1173,-119.9,49.9,-119.9
882,-119.875,49.9,-119.875
1253,-119.85,49.9,-119.85
1334,-119.825,49.9,-119.825
1333,-119.8,49.9,-119.8
1317,-119.775,49.9,-119.775
1472,-119.75,49.9,-119.75
1479,-119.725,49.9,-119.725
1186,-119.7,49.9,-119.7
1285,-119.675,49.9,-119.675
1388,-119.65,49.9,-119.65
1277,-119.625,49.9,-119.625
944,-119.6,49.9,-119.6
817,-119.575,49.9,-119.575
563,-119.55,49.9,-119.55
342,-119.525,49.9,-119.525
345,-119.5,49.9,-119.5
427,-119.475,49.9,-119.475
382,-119.45,49.9,-119.45
471,-119.425,49.9,-119.425
396,-119.4,49.9,-119.4
417,-119.375,49.9,-119.375
585,-119.35,49.9,-119.35
879,-119.325,49.9,-119.325
1289,-119.3,49.9,-119.3
1258,-119.275,49.9,-119.275
1263,-119.25,49.9,-119.25
1450,-119.225,49.9,-119.225
1484,-119.2,49.9,-119.2
1343,-119.175,49.9,-119.175
964,-119.15,49.9,-119.15
1224,-119.125,49.9,-119.125
1373,-119.1,49.9,-119.1
1140,-119.075,49.9,-119.075
1113,-119.05,49.9,-119.05
1247,-119.025,49.9,-119.025
1409,-119,49.9,-119
1703,-118.975,49.9,-118.975
1697,-118.95,49.9,-118.95
1837,-118.925,49.9,-118.925
1823,-118.9,49.9,-118.9
1677,-118.875,49.9,-118.875
1866,-118.85,49.9,-118.85
1951,-118.825,49.9,-118.825
1844,-118.8,49.9,-118.8
1730,-118.775,49.9,-118.775
1608,-118.75,49.9,-118.75
1432,-118.725,49.9,-118.725
1149,-118.7,49.9,-118.7
1378,-118.675,49.9,-118.675
1530,-118.65,49.9,-118.65
1707,-118.625,49.9,-118.625
1781,-118.6,49.9,-118.6
1546,-118.575,49.9,-118.575
1751,-118.55,49.9,-118.55
1828,-118.525,49.9,-118.525
1823,-118.5,49.9,-118.5
1469,-123,49.925,-123
1499,-122.975,49.925,-122.975
1991,-122.95,49.925,-122.95
2393,-122.925,49.925,-122.925
1549,-122.9,49.925,-122.9
1240,-122.875,49.925,-122.875
1982,-122.85,49.925,-122.85
1866,-122.825,49.925,-122.825
2069,-122.8,49.925,-122.8
2097,-122.775,49.925,-122.775
1602,-122.75,49.925,-122.75
1177,-122.725,49.925,-122.725
1442,-122.7,49.925,-122.7
1316,-122.675,49.925,-122.675
801,-122.65,49.925,-122.65
830,-122.625,49.925,-122.625
814,-122.6,49.925,-122.6
744,-122.575,49.925,-122.575
634,-122.55,49.925,-122.55
1044,-122.525,49.925,-122.525
1447,-122.5,49.925,-122.5
1572,-122.475,49.925,-122.475
1084,-122.45,49.925,-122.45
250,-122.425,49.925,-122.425
167,-122.4,49.925,-122.4
101,-122.375,49.925,-122.375
106,-122.35,49.925,-122.35
196,-122.325,49.925,-122.325
985,-122.3,49.925,-122.3
1741,-122.275,49.925,-122.275
2056,-122.25,49.925,-122.25
1944,-122.225,49.925,-122.225
1441,-122.2,49.925,-122.2
1921,-122.175,49.925,-122.175
1923,-122.15,49.925,-122.15
1873,-122.125,49.925,-122.125
1707,-122.1,49.925,-122.1
1195,-122.075,49.925,-122.075
1134,-122.05,49.925,-122.05
1976,-122.025,49.925,-122.025
1030,-122,49.925,-122
379,-121.975,49.925,-121.975
595,-121.95,49.925,-121.95
978,-121.925,49.925,-121.925
939,-121.9,49.925,-121.9
1240,-121.875,49.925,-121.875
1592,-121.85,49.925,-121.85
810,-121.825,49.925,-121.825
1681,-121.8,49.925,-121.8
1834,-121.775,49.925,-121.775
1334,-121.75,49.925,-121.75
1918,-121.725,49.925,-121.725
1113,-121.7,49.925,-121.7
1384,-121.675,49.925,-121.675
2046,-121.65,49.925,-121.65
1548,-121.625,49.925,-121.625
1920,-121.6,49.925,-121.6
1673,-121.575,49.925,-121.575
1632,-121.55,49.925,-121.55
1478,-121.525,49.925,-121.525
983,-121.5,49.925,-121.5
380,-121.475,49.925,-121.475
299,-121.45,49.925,-121.45
854,-121.425,49.925,-121.425
1125,-121.4,49.925,-121.4
1334,-121.375,49.925,-121.375
1697,-121.35,49.925,-121.35
1549,-121.325,49.925,-121.325
1457,-121.3,49.925,-121.3
1582,-121.275,49.925,-121.275
1658,-121.25,49.925,-121.25
1170,-121.225,49.925,-121.225
1477,-121.2,49.925,-121.2
1299,-121.175,49.925,-121.175
1370,-121.15,49.925,-121.15
1133,-121.125,49.925,-121.125
1304,-121.1,49.925,-121.1
1243,-121.075,49.925,-121.075
914,-121.05,49.925,-121.05
1273,-121.025,49.925,-121.025
1223,-121,49.925,-121
1187,-120.975,49.925,-120.975
1252,-120.95,49.925,-120.95
796,-120.925,49.925,-120.925
1127,-120.9,49.925,-120.9
1121,-120.875,49.925,-120.875
1063,-120.85,49.925,-120.85
1097,-120.825,49.925,-120.825
1084,-120.8,49.925,-120.8
1061,-120.775,49.925,-120.775
1057,-120.75,49.925,-120.75
1071,-120.725,49.925,-120.725
1184,-120.7,49.925,-120.7
1329,-120.675,49.925,-120.675
1307,-120.65,49.925,-120.65
1047,-120.625,49.925,-120.625
1189,-120.6,49.925,-120.6
1029,-120.575,49.925,-120.575
1192,-120.55,49.925,-120.55
1099,-120.525,49.925,-120.525
1123,-120.5,49.925,-120.5
1200,-120.475,49.925,-120.475
1349,-120.45,49.925,-120.45
1385,-120.425,49.925,-120.425
1385,-120.4,49.925,-120.4
1441,-120.375,49.925,-120.375
1523,-120.35,49.925,-120.35
1529,-120.325,49.925,-120.325
1514,-120.3,49.925,-120.3
1524,-120.275,49.925,-120.275
1544,-120.25,49.925,-120.25
1544,-120.225,49.925,-120.225
1569,-120.2,49.925,-120.2
1555,-120.175,49.925,-120.175
1613,-120.15,49.925,-120.15
1574,-120.125,49.925,-120.125
1577,-120.1,49.925,-120.1
1555,-120.075,49.925,-120.075
1653,-120.05,49.925,-120.05
1589,-120.025,49.925,-120.025
1583,-120,49.925,-120
1599,-119.975,49.925,-119.975
1725,-119.95,49.925,-119.95
1781,-119.925,49.925,-119.925
1569,-119.9,49.925,-119.9
1423,-119.875,49.925,-119.875
1054,-119.85,49.925,-119.85
1481,-119.825,49.925,-119.825
1311,-119.8,49.925,-119.8
1213,-119.775,49.925,-119.775
1198,-119.75,49.925,-119.75
1190,-119.725,49.925,-119.725
1217,-119.7,49.925,-119.7
1410,-119.675,49.925,-119.675
1499,-119.65,49.925,-119.65
1307,-119.625,49.925,-119.625
1066,-119.6,49.925,-119.6
1194,-119.575,49.925,-119.575
659,-119.55,49.925,-119.55
470,-119.525,49.925,-119.525
342,-119.5,49.925,-119.5
401,-119.475,49.925,-119.475
502,-119.45,49.925,-119.45
434,-119.425,49.925,-119.425
458,-119.4,49.925,-119.4
402,-119.375,49.925,-119.375
517,-119.35,49.925,-119.35
794,-119.325,49.925,-119.325
1044,-119.3,49.925,-119.3
1240,-119.275,49.925,-119.275
1345,-119.25,49.925,-119.25
1445,-119.225,49.925,-119.225
1520,-119.2,49.925,-119.2
1537,-119.175,49.925,-119.175
1435,-119.15,49.925,-119.15
1166,-119.125,49.925,-119.125
1083,-119.1,49.925,-119.1
1368,-119.075,49.925,-119.075
1088,-119.05,49.925,-119.05
1282,-119.025,49.925,-119.025
1491,-119,49.925,-119
1474,-118.975,49.925,-118.975
1709,-118.95,49.925,-118.95
1806,-118.925,49.925,-118.925
1846,-118.9,49.925,-118.9
1852,-118.875,49.925,-118.875
1894,-118.85,49.925,-118.85
1962,-118.825,49.925,-118.825
1936,-118.8,49.925,-118.8
1728,-118.775,49.925,-118.775
1658,-118.75,49.925,-118.75
1520,-118.725,49.925,-118.725
1141,-118.7,49.925,-118.7
1299,-118.675,49.925,-118.675
1282,-118.65,49.925,-118.65
1569,-118.625,49.925,-118.625
1746,-118.6,49.925,-118.6
1723,-118.575,49.925,-118.575
1703,-118.55,49.925,-118.55
1712,-118.525,49.925,-118.525
1729,-118.5,49.925,-118.5
1819,-123,49.95,-123
1866,-122.975,49.95,-122.975
1916,-122.95,49.95,-122.95
2177,-122.925,49.95,-122.925
2193,-122.9,49.95,-122.9
1178,-122.875,49.95,-122.875
1973,-122.85,49.95,-122.85
1173,-122.825,49.95,-122.825
1980,-122.8,49.95,-122.8
1989,-122.775,49.95,-122.775
1865,-122.75,49.95,-122.75
2204,-122.725,49.95,-122.725
1830,-122.7,49.95,-122.7
1748,-122.675,49.95,-122.675
2062,-122.65,49.95,-122.65
1647,-122.625,49.95,-122.625
1533,-122.6,49.95,-122.6
1707,-122.575,49.95,-122.575
1603,-122.55,49.95,-122.55
485,-122.525,49.95,-122.525
1426,-122.5,49.95,-122.5
862,-122.475,49.95,-122.475
559,-122.45,49.95,-122.45
126,-122.425,49.95,-122.425
599,-122.4,49.95,-122.4
912,-122.375,49.95,-122.375
689,-122.35,49.95,-122.35
1021,-122.325,49.95,-122.325
1172,-122.3,49.95,-122.3
1891,-122.275,49.95,-122.275
1922,-122.25,49.95,-122.25
1626,-122.225,49.95,-122.225
1541,-122.2,49.95,-122.2
1287,-122.175,49.95,-122.175
921,-122.15,49.95,-122.15
1628,-122.125,49.95,-122.125
1070,-122.1,49.95,-122.1
1112,-122.075,49.95,-122.075
2087,-122.05,49.95,-122.05
1613,-122.025,49.95,-122.025
890,-122,49.95,-122
1043,-121.975,49.95,-121.975
1018,-121.95,49.95,-121.95
688,-121.925,49.95,-121.925
439,-121.9,49.95,-121.9
324,-121.875,49.95,-121.875
461,-121.85,49.95,-121.85
581,-121.825,49.95,-121.825
1089,-121.8,49.95,-121.8
1576,-121.775,49.95,-121.775
1689,-121.75,49.95,-121.75
1350,-121.725,49.95,-121.725
1343,-121.7,49.95,-121.7
1298,-121.675,49.95,-121.675
1483,-121.65,49.95,-121.65
1364,-121.625,49.95,-121.625
2004,-121.6,49.95,-121.6
1921,-121.575,49.95,-121.575
1636,-121.55,49.95,-121.55
1115,-121.525,49.95,-121.525
371,-121.5,49.95,-121.5
192,-121.475,49.95,-121.475
527,-121.45,49.95,-121.45
582,-121.425,49.95,-121.425
1147,-121.4,49.95,-121.4
1361,-121.375,49.95,-121.375
1355,-121.35,49.95,-121.35
1614,-121.325,49.95,-121.325
1578,-121.3,49.95,-121.3
1678,-121.275,49.95,-121.275
1676,-121.25,49.95,-121.25
1417,-121.225,49.95,-121.225
1464,-121.2,49.95,-121.2
1445,-121.175,49.95,-121.175
1351,-121.15,49.95,-121.15
1229,-121.125,49.95,-121.125
918,-121.1,49.95,-121.1
928,-121.075,49.95,-121.075
1106,-121.05,49.95,-121.05
1392,-121.025,49.95,-121.025
1395,-121,49.95,-121
1369,-120.975,49.95,-120.975
1034,-120.95,49.95,-120.95
762,-120.925,49.95,-120.925
1021,-120.9,49.95,-120.9
1351,-120.875,49.95,-120.875
1319,-120.85,49.95,-120.85
1309,-120.825,49.95,-120.825
1279,-120.8,49.95,-120.8
1136,-120.775,49.95,-120.775
1217,-120.75,49.95,-120.75
1140,-120.725,49.95,-120.725
1232,-120.7,49.95,-120.7
1360,-120.675,49.95,-120.675
1322,-120.65,49.95,-120.65
1092,-120.625,49.95,-120.625
1114,-120.6,49.95,-120.6
1045,-120.575,49.95,-120.575
958,-120.55,49.95,-120.55
1103,-120.525,49.95,-120.525
1122,-120.5,49.95,-120.5
1216,-120.475,49.95,-120.475
1350,-120.45,49.95,-120.45
1267,-120.425,49.95,-120.425
1348,-120.4,49.95,-120.4
1347,-120.375,49.95,-120.375
1490,-120.35,49.95,-120.35
1478,-120.325,49.95,-120.325
1487,-120.3,49.95,-120.3
1672,-120.275,49.95,-120.275
1585,-120.25,49.95,-120.25
1527,-120.225,49.95,-120.225
1481,-120.2,49.95,-120.2
1449,-120.175,49.95,-120.175
1490,-120.15,49.95,-120.15
1490,-120.125,49.95,-120.125
1514,-120.1,49.95,-120.1
1538,-120.075,49.95,-120.075
1510,-120.05,49.95,-120.05
1494,-120.025,49.95,-120.025
1516,-120,49.95,-120
1572,-119.975,49.95,-119.975
1679,-119.95,49.95,-119.95
1747,-119.925,49.95,-119.925
1672,-119.9,49.95,-119.9
1519,-119.875,49.95,-119.875
1398,-119.85,49.95,-119.85
1165,-119.825,49.95,-119.825
1383,-119.8,49.95,-119.8
1330,-119.775,49.95,-119.775
1257,-119.75,49.95,-119.75
1182,-119.725,49.95,-119.725
1192,-119.7,49.95,-119.7
1401,-119.675,49.95,-119.675
1416,-119.65,49.95,-119.65
1424,-119.625,49.95,-119.625
1361,-119.6,49.95,-119.6
932,-119.575,49.95,-119.575
644,-119.55,49.95,-119.55
984,-119.525,49.95,-119.525
457,-119.5,49.95,-119.5
342,-119.475,49.95,-119.475
647,-119.45,49.95,-119.45
452,-119.425,49.95,-119.425
502,-119.4,49.95,-119.4
415,-119.375,49.95,-119.375
508,-119.35,49.95,-119.35
831,-119.325,49.95,-119.325
1156,-119.3,49.95,-119.3
1325,-119.275,49.95,-119.275
1378,-119.25,49.95,-119.25
1417,-119.225,49.95,-119.225
1611,-119.2,49.95,-119.2
1615,-119.175,49.95,-119.175
1614,-119.15,49.95,-119.15
1531,-119.125,49.95,-119.125
1488,-119.1,49.95,-119.1
1173,-119.075,49.95,-119.075
1295,-119.05,49.95,-119.05
1537,-119.025,49.95,-119.025
1491,-119,49.95,-119
1693,-118.975,49.95,-118.975
1773,-118.95,49.95,-118.95
1832,-118.925,49.95,-118.925
1853,-118.9,49.95,-118.9
1945,-118.875,49.95,-118.875
1999,-118.85,49.95,-118.85
2104,-118.825,49.95,-118.825
1935,-118.8,49.95,-118.8
1909,-118.775,49.95,-118.775
1790,-118.75,49.95,-118.75
1587,-118.725,49.95,-118.725
1288,-118.7,49.95,-118.7
1135,-118.675,49.95,-118.675
1452,-118.65,49.95,-118.65
1208,-118.625,49.95,-118.625
1282,-118.6,49.95,-118.6
1622,-118.575,49.95,-118.575
1690,-118.55,49.95,-118.55
1457,-118.525,49.95,-118.525
1545,-118.5,49.95,-118.5
1784,-123,49.975,-123
1871,-122.975,49.975,-122.975
1712,-122.95,49.975,-122.95
1806,-122.925,49.975,-122.925
1205,-122.9,49.975,-122.9
1030,-122.875,49.975,-122.875
1263,-122.85,49.975,-122.85
1322,-122.825,49.975,-122.825
1134,-122.8,49.975,-122.8
1734,-122.775,49.975,-122.775
1727,-122.75,49.975,-122.75
2026,-122.725,49.975,-122.725
2121,-122.7,49.975,-122.7
2258,-122.675,49.975,-122.675
2274,-122.65,49.975,-122.65
1702,-122.625,49.975,-122.625
1968,-122.6,49.975,-122.6
1452,-122.575,49.975,-122.575
1592,-122.55,49.975,-122.55
480,-122.525,49.975,-122.525
871,-122.5,49.975,-122.5
812,-122.475,49.975,-122.475
137,-122.45,49.975,-122.45
648,-122.425,49.975,-122.425
1378,-122.4,49.975,-122.4
955,-122.375,49.975,-122.375
847,-122.35,49.975,-122.35
1642,-122.325,49.975,-122.325
1946,-122.3,49.975,-122.3
2189,-122.275,49.975,-122.275
2145,-122.25,49.975,-122.25
2077,-122.225,49.975,-122.225
1847,-122.2,49.975,-122.2
1633,-122.175,49.975,-122.175
1569,-122.15,49.975,-122.15
917,-122.125,49.975,-122.125
1676,-122.1,49.975,-122.1
1814,-122.075,49.975,-122.075
1744,-122.05,49.975,-122.05
1310,-122.025,49.975,-122.025
699,-122,49.975,-122
1492,-121.975,49.975,-121.975
2054,-121.95,49.975,-121.95
1637,-121.925,49.975,-121.925
1401,-121.9,49.975,-121.9
967,-121.875,49.975,-121.875
959,-121.85,49.975,-121.85
654,-121.825,49.975,-121.825
302,-121.8,49.975,-121.8
323,-121.775,49.975,-121.775
1044,-121.75,49.975,-121.75
1441,-121.725,49.975,-121.725
1610,-121.7,49.975,-121.7
804,-121.675,49.975,-121.675
885,-121.65,49.975,-121.65
1351,-121.625,49.975,-121.625
1450,-121.6,49.975,-121.6
1125,-121.575,49.975,-121.575
792,-121.55,49.975,-121.55
266,-121.525,49.975,-121.525
264,-121.5,49.975,-121.5
446,-121.475,49.975,-121.475
789,-121.45,49.975,-121.45
600,-121.425,49.975,-121.425
1338,-121.4,49.975,-121.4
1208,-121.375,49.975,-121.375
1177,-121.35,49.975,-121.35
1545,-121.325,49.975,-121.325
1522,-121.3,49.975,-121.3
2007,-121.275,49.975,-121.275
2045,-121.25,49.975,-121.25
1870,-121.225,49.975,-121.225
1765,-121.2,49.975,-121.2
1544,-121.175,49.975,-121.175
1417,-121.15,49.975,-121.15
1302,-121.125,49.975,-121.125
1114,-121.1,49.975,-121.1
882,-121.075,49.975,-121.075
1228,-121.05,49.975,-121.05
1519,-121.025,49.975,-121.025
980,-121,49.975,-121
844,-120.975,49.975,-120.975
787,-120.95,49.975,-120.95
836,-120.925,49.975,-120.925
1108,-120.9,49.975,-120.9
1389,-120.875,49.975,-120.875
1594,-120.85,49.975,-120.85
1518,-120.825,49.975,-120.825
1596,-120.8,49.975,-120.8
1231,-120.775,49.975,-120.775
1481,-120.75,49.975,-120.75
1241,-120.725,49.975,-120.725
1116,-120.7,49.975,-120.7
1271,-120.675,49.975,-120.675
1284,-120.65,49.975,-120.65
1146,-120.625,49.975,-120.625
1070,-120.6,49.975,-120.6
1020,-120.575,49.975,-120.575
1000,-120.55,49.975,-120.55
1063,-120.525,49.975,-120.525
1114,-120.5,49.975,-120.5
1106,-120.475,49.975,-120.475
1102,-120.45,49.975,-120.45
1159,-120.425,49.975,-120.425
1223,-120.4,49.975,-120.4
1288,-120.375,49.975,-120.375
1380,-120.35,49.975,-120.35
1345,-120.325,49.975,-120.325
1426,-120.3,49.975,-120.3
1482,-120.275,49.975,-120.275
1474,-120.25,49.975,-120.25
1481,-120.225,49.975,-120.225
1482,-120.2,49.975,-120.2
1441,-120.175,49.975,-120.175
1428,-120.15,49.975,-120.15
1455,-120.125,49.975,-120.125
1455,-120.1,49.975,-120.1
1472,-120.075,49.975,-120.075
1441,-120.05,49.975,-120.05
1410,-120.025,49.975,-120.025
1449,-120,49.975,-120
1480,-119.975,49.975,-119.975
1502,-119.95,49.975,-119.95
1512,-119.925,49.975,-119.925
1677,-119.9,49.975,-119.9
1591,-119.875,49.975,-119.875
1492,-119.85,49.975,-119.85
1564,-119.825,49.975,-119.825
1488,-119.8,49.975,-119.8
1532,-119.775,49.975,-119.775
1392,-119.75,49.975,-119.75
1336,-119.725,49.975,-119.725
1165,-119.7,49.975,-119.7
1333,-119.675,49.975,-119.675
1368,-119.65,49.975,-119.65
1323,-119.625,49.975,-119.625
1377,-119.6,49.975,-119.6
837,-119.575,49.975,-119.575
890,-119.55,49.975,-119.55
1125,-119.525,49.975,-119.525
553,-119.5,49.975,-119.5
342,-119.475,49.975,-119.475
436,-119.45,49.975,-119.45
529,-119.425,49.975,-119.425
554,-119.4,49.975,-119.4
439,-119.375,49.975,-119.375
613,-119.35,49.975,-119.35
942,-119.325,49.975,-119.325
1149,-119.3,49.975,-119.3
1356,-119.275,49.975,-119.275
1449,-119.25,49.975,-119.25
1427,-119.225,49.975,-119.225
1444,-119.2,49.975,-119.2
1521,-119.175,49.975,-119.175
1615,-119.15,49.975,-119.15
1504,-119.125,49.975,-119.125
1422,-119.1,49.975,-119.1
1217,-119.075,49.975,-119.075
1451,-119.05,49.975,-119.05
1295,-119.025,49.975,-119.025
1444,-119,49.975,-119
1668,-118.975,49.975,-118.975
1738,-118.95,49.975,-118.95
1788,-118.925,49.975,-118.925
1834,-118.9,49.975,-118.9
1859,-118.875,49.975,-118.875
1865,-118.85,49.975,-118.85
1951,-118.825,49.975,-118.825
1976,-118.8,49.975,-118.8
1920,-118.775,49.975,-118.775
1806,-118.75,49.975,-118.75
1561,-118.725,49.975,-118.725
1273,-118.7,49.975,-118.7
1275,-118.675,49.975,-118.675
1119,-118.65,49.975,-118.65
1329,-118.625,49.975,-118.625
1588,-118.6,49.975,-118.6
1523,-118.575,49.975,-118.575
1680,-118.55,49.975,-118.55
1667,-118.525,49.975,-118.525
1682,-118.5,49.975,-118.5
1542,-123,50,-123
1629,-122.975,50,-122.975
1679,-122.95,50,-122.95
1095,-122.925,50,-122.925
835,-122.9,50,-122.9
1180,-122.875,50,-122.875
1778,-122.85,50,-122.85
1875,-122.825,50,-122.825
2419,-122.8,50,-122.8
1742,-122.775,50,-122.775
1341,-122.75,50,-122.75
1896,-122.725,50,-122.725
1563,-122.7,50,-122.7
1707,-122.675,50,-122.675
1417,-122.65,50,-122.65
1916,-122.625,50,-122.625
1772,-122.6,50,-122.6
1369,-122.575,50,-122.575
1325,-122.55,50,-122.55
579,-122.525,50,-122.525
190,-122.5,50,-122.5
235,-122.475,50,-122.475
402,-122.45,50,-122.45
1221,-122.425,50,-122.425
1826,-122.4,50,-122.4
995,-122.375,50,-122.375
740,-122.35,50,-122.35
1172,-122.325,50,-122.325
1818,-122.3,50,-122.3
1532,-122.275,50,-122.275
1930,-122.25,50,-122.25
1802,-122.225,50,-122.225
1241,-122.2,50,-122.2
1098,-122.175,50,-122.175
1807,-122.15,50,-122.15
2108,-122.125,50,-122.125
1753,-122.1,50,-122.1
1712,-122.075,50,-122.075
1770,-122.05,50,-122.05
1313,-122.025,50,-122.025
907,-122,50,-122
1661,-121.975,50,-121.975
1536,-121.95,50,-121.95
1885,-121.925,50,-121.925
1166,-121.9,50,-121.9
1741,-121.875,50,-121.875
1912,-121.85,50,-121.85
1660,-121.825,50,-121.825
1520,-121.8,50,-121.8
723,-121.775,50,-121.775
591,-121.75,50,-121.75
373,-121.725,50,-121.725
920,-121.7,50,-121.7
863,-121.675,50,-121.675
817,-121.65,50,-121.65
764,-121.625,50,-121.625
290,-121.6,50,-121.6
306,-121.575,50,-121.575
270,-121.55,50,-121.55
274,-121.525,50,-121.525
381,-121.5,50,-121.5
681,-121.475,50,-121.475
1065,-121.45,50,-121.45
1079,-121.425,50,-121.425
946,-121.4,50,-121.4
1606,-121.375,50,-121.375
1456,-121.35,50,-121.35
1494,-121.325,50,-121.325
1850,-121.3,50,-121.3
1739,-121.275,50,-121.275
1769,-121.25,50,-121.25
1606,-121.225,50,-121.225
2065,-121.2,50,-121.2
1724,-121.175,50,-121.175
1586,-121.15,50,-121.15
1395,-121.125,50,-121.125
1152,-121.1,50,-121.1
774,-121.075,50,-121.075
1321,-121.05,50,-121.05
1300,-121.025,50,-121.025
930,-121,50,-121
907,-120.975,50,-120.975
1172,-120.95,50,-120.95
892,-120.925,50,-120.925
716,-120.9,50,-120.9
1042,-120.875,50,-120.875
1265,-120.85,50,-120.85
1302,-120.825,50,-120.825
1385,-120.8,50,-120.8
1387,-120.775,50,-120.775
1235,-120.75,50,-120.75
1478,-120.725,50,-120.725
1297,-120.7,50,-120.7
1209,-120.675,50,-120.675
1164,-120.65,50,-120.65
1310,-120.625,50,-120.625
1011,-120.6,50,-120.6
984,-120.575,50,-120.575
995,-120.55,50,-120.55
1105,-120.525,50,-120.525
1098,-120.5,50,-120.5
1154,-120.475,50,-120.475
1104,-120.45,50,-120.45
1078,-120.425,50,-120.425
1104,-120.4,50,-120.4
1144,-120.375,50,-120.375
1226,-120.35,50,-120.35
1279,-120.325,50,-120.325
1279,-120.3,50,-120.3
1297,-120.275,50,-120.275
1369,-120.25,50,-120.25
1375,-120.225,50,-120.225
1407,-120.2,50,-120.2
1440,-120.175,50,-120.175
1427,-120.15,50,-120.15
1421,-120.125,50,-120.125
1438,-120.1,50,-120.1
1465,-120.075,50,-120.075
1437,-120.05,50,-120.05
1397,-120.025,50,-120.025
1401,-120,50,-120
1374,-119.975,50,-119.975
1451,-119.95,50,-119.95
1464,-119.925,50,-119.925
1470,-119.9,50,-119.9
1432,-119.875,50,-119.875
1582,-119.85,50,-119.85
1504,-119.825,50,-119.825
1642,-119.8,50,-119.8
1702,-119.775,50,-119.775
1653,-119.75,50,-119.75
1405,-119.725,50,-119.725
1258,-119.7,50,-119.7
1132,-119.675,50,-119.675
948,-119.65,50,-119.65
911,-119.625,50,-119.625
894,-119.6,50,-119.6
1032,-119.575,50,-119.575
986,-119.55,50,-119.55
1193,-119.525,50,-119.525
485,-119.5,50,-119.5
342,-119.475,50,-119.475
342,-119.45,50,-119.45
530,-119.425,50,-119.425
432,-119.4,50,-119.4
520,-119.375,50,-119.375
754,-119.35,50,-119.35
917,-119.325,50,-119.325
1068,-119.3,50,-119.3
1218,-119.275,50,-119.275
1270,-119.25,50,-119.25
1331,-119.225,50,-119.225
1431,-119.2,50,-119.2
1469,-119.175,50,-119.175
1513,-119.15,50,-119.15
1472,-119.125,50,-119.125
1373,-119.1,50,-119.1
1251,-119.075,50,-119.075
1457,-119.05,50,-119.05
1587,-119.025,50,-119.025
1535,-119,50,-119
1637,-118.975,50,-118.975
1581,-118.95,50,-118.95
1632,-118.925,50,-118.925
1713,-118.9,50,-118.9
1720,-118.875,50,-118.875
1808,-118.85,50,-118.85
1909,-118.825,50,-118.825
1887,-118.8,50,-118.8
1840,-118.775,50,-118.775
1769,-118.75,50,-118.75
1676,-118.725,50,-118.725
1347,-118.7,50,-118.7
1522,-118.675,50,-118.675
1542,-118.65,50,-118.65
1239,-118.625,50,-118.625
1185,-118.6,50,-118.6
1371,-118.575,50,-118.575
1526,-118.55,50,-118.55
1605,-118.525,50,-118.525
1799,-118.5,50,-118.5
1475,-123,50.025,-123
1179,-122.975,50.025,-122.975
835,-122.95,50.025,-122.95
1042,-122.925,50.025,-122.925
1708,-122.9,50.025,-122.9
1979,-122.875,50.025,-122.875
1900,-122.85,50.025,-122.85
2210,-122.825,50.025,-122.825
2267,-122.8,50.025,-122.8
2059,-122.775,50.025,-122.775
1752,-122.75,50.025,-122.75
2085,-122.725,50.025,-122.725
1938,-122.7,50.025,-122.7
1842,-122.675,50.025,-122.675
1515,-122.65,50.025,-122.65
947,-122.625,50.025,-122.625
1039,-122.6,50.025,-122.6
1499,-122.575,50.025,-122.575
945,-122.55,50.025,-122.55
192,-122.525,50.025,-122.525
831,-122.5,50.025,-122.5
1080,-122.475,50.025,-122.475
432,-122.45,50.025,-122.45
1411,-122.425,50.025,-122.425
1802,-122.4,50.025,-122.4
1855,-122.375,50.025,-122.375
1778,-122.35,50.025,-122.35
1176,-122.325,50.025,-122.325
1755,-122.3,50.025,-122.3
1533,-122.275,50.025,-122.275
1886,-122.25,50.025,-122.25
1228,-122.225,50.025,-122.225
1846,-122.2,50.025,-122.2
2325,-122.175,50.025,-122.175
2016,-122.15,50.025,-122.15
1618,-122.125,50.025,-122.125
1187,-122.1,50.025,-122.1
1496,-122.075,50.025,-122.075
969,-122.05,50.025,-122.05
723,-122.025,50.025,-122.025
1537,-122,50.025,-122
1815,-121.975,50.025,-121.975
1624,-121.95,50.025,-121.95
1796,-121.925,50.025,-121.925
1598,-121.9,50.025,-121.9
2053,-121.875,50.025,-121.875
1826,-121.85,50.025,-121.85
1734,-121.825,50.025,-121.825
1768,-121.8,50.025,-121.8
1385,-121.775,50.025,-121.775
1483,-121.75,50.025,-121.75
1304,-121.725,50.025,-121.725
1131,-121.7,50.025,-121.7
991,-121.675,50.025,-121.675
484,-121.65,50.025,-121.65
1106,-121.625,50.025,-121.625
1036,-121.6,50.025,-121.6
1279,-121.575,50.025,-121.575
521,-121.55,50.025,-121.55
334,-121.525,50.025,-121.525
816,-121.5,50.025,-121.5
971,-121.475,50.025,-121.475
1358,-121.45,50.025,-121.45
1535,-121.425,50.025,-121.425
1233,-121.4,50.025,-121.4
1338,-121.375,50.025,-121.375
1770,-121.35,50.025,-121.35
1873,-121.325,50.025,-121.325
2102,-121.3,50.025,-121.3
1737,-121.275,50.025,-121.275
1938,-121.25,50.025,-121.25
1542,-121.225,50.025,-121.225
1514,-121.2,50.025,-121.2
1438,-121.175,50.025,-121.175
1169,-121.15,50.025,-121.15
894,-121.125,50.025,-121.125
1046,-121.1,50.025,-121.1
1036,-121.075,50.025,-121.075
846,-121.05,50.025,-121.05
852,-121.025,50.025,-121.025
993,-121,50.025,-121
1091,-120.975,50.025,-120.975
1071,-120.95,50.025,-120.95
1235,-120.925,50.025,-120.925
882,-120.9,50.025,-120.9
685,-120.875,50.025,-120.875
797,-120.85,50.025,-120.85
955,-120.825,50.025,-120.825
1283,-120.8,50.025,-120.8
1421,-120.775,50.025,-120.775
1429,-120.75,50.025,-120.75
1270,-120.725,50.025,-120.725
1323,-120.7,50.025,-120.7
1306,-120.675,50.025,-120.675
1193,-120.65,50.025,-120.65
1048,-120.625,50.025,-120.625
1147,-120.6,50.025,-120.6
988,-120.575,50.025,-120.575
879,-120.55,50.025,-120.55
1080,-120.525,50.025,-120.525
1085,-120.5,50.025,-120.5
1200,-120.475,50.025,-120.475
1131,-120.45,50.025,-120.45
1112,-120.425,50.025,-120.425
1083,-120.4,50.025,-120.4
1083,-120.375,50.025,-120.375
1102,-120.35,50.025,-120.35
1293,-120.325,50.025,-120.325
1330,-120.3,50.025,-120.3
1365,-120.275,50.025,-120.275
1305,-120.25,50.025,-120.25
1303,-120.225,50.025,-120.225
1391,-120.2,50.025,-120.2
1412,-120.175,50.025,-120.175
1400,-120.15,50.025,-120.15
1469,-120.125,50.025,-120.125
1440,-120.1,50.025,-120.1
1561,-120.075,50.025,-120.075
1575,-120.05,50.025,-120.05
1497,-120.025,50.025,-120.025
1440,-120,50.025,-120
1409,-119.975,50.025,-119.975
1323,-119.95,50.025,-119.95
1342,-119.925,50.025,-119.925
1442,-119.9,50.025,-119.9
1470,-119.875,50.025,-119.875
1602,-119.85,50.025,-119.85
1678,-119.825,50.025,-119.825
1686,-119.8,50.025,-119.8
1654,-119.775,50.025,-119.775
1639,-119.75,50.025,-119.75
1437,-119.725,50.025,-119.725
1377,-119.7,50.025,-119.7
1412,-119.675,50.025,-119.675
1218,-119.65,50.025,-119.65
1152,-119.625,50.025,-119.625
1286,-119.6,50.025,-119.6
1248,-119.575,50.025,-119.575
956,-119.55,50.025,-119.55
1113,-119.525,50.025,-119.525
547,-119.5,50.025,-119.5
342,-119.475,50.025,-119.475
342,-119.45,50.025,-119.45
572,-119.425,50.025,-119.425
421,-119.4,50.025,-119.4
587,-119.375,50.025,-119.375
683,-119.35,50.025,-119.35
971,-119.325,50.025,-119.325
1050,-119.3,50.025,-119.3
1324,-119.275,50.025,-119.275
1370,-119.25,50.025,-119.25
1322,-119.225,50.025,-119.225
1442,-119.2,50.025,-119.2
1425,-119.175,50.025,-119.175
1379,-119.15,50.025,-119.15
1391,-119.125,50.025,-119.125
1300,-119.1,50.025,-119.1
1340,-119.075,50.025,-119.075
1461,-119.05,50.025,-119.05
1612,-119.025,50.025,-119.025
1785,-119,50.025,-119
1756,-118.975,50.025,-118.975
1830,-118.95,50.025,-118.95
1852,-118.925,50.025,-118.925
1764,-118.9,50.025,-118.9
1783,-118.875,50.025,-118.875
1802,-118.85,50.025,-118.85
1856,-118.825,50.025,-118.825
1961,-118.8,50.025,-118.8
1846,-118.775,50.025,-118.775
1758,-118.75,50.025,-118.75
1590,-118.725,50.025,-118.725
1477,-118.7,50.025,-118.7
1430,-118.675,50.025,-118.675
1619,-118.65,50.025,-118.65
1405,-118.625,50.025,-118.625
1190,-118.6,50.025,-118.6
1146,-118.575,50.025,-118.575
1285,-118.55,50.025,-118.55
1413,-118.525,50.025,-118.525
1400,-118.5,50.025,-118.5
1331,-123,50.05,-123
1472,-122.975,50.05,-122.975
2014,-122.95,50.05,-122.95
1710,-122.925,50.05,-122.925
1647,-122.9,50.05,-122.9
1386,-122.875,50.05,-122.875
1427,-122.85,50.05,-122.85
2018,-122.825,50.05,-122.825
2334,-122.8,50.05,-122.8
2290,-122.775,50.05,-122.775
1277,-122.75,50.05,-122.75
1398,-122.725,50.05,-122.725
1038,-122.7,50.05,-122.7
777,-122.675,50.05,-122.675
1023,-122.65,50.05,-122.65
535,-122.625,50.05,-122.625
442,-122.6,50.05,-122.6
504,-122.575,50.05,-122.575
288,-122.55,50.05,-122.55
361,-122.525,50.05,-122.525
860,-122.5,50.05,-122.5
1507,-122.475,50.05,-122.475
1061,-122.45,50.05,-122.45
624,-122.425,50.05,-122.425
1568,-122.4,50.05,-122.4
1009,-122.375,50.05,-122.375
1421,-122.35,50.05,-122.35
1827,-122.325,50.05,-122.325
1866,-122.3,50.05,-122.3
2152,-122.275,50.05,-122.275
1324,-122.25,50.05,-122.25
1963,-122.225,50.05,-122.225
1599,-122.2,50.05,-122.2
1081,-122.175,50.05,-122.175
1824,-122.15,50.05,-122.15
1558,-122.125,50.05,-122.125
1392,-122.1,50.05,-122.1
1723,-122.075,50.05,-122.075
835,-122.05,50.05,-122.05
1358,-122.025,50.05,-122.025
1929,-122,50.05,-122
1592,-121.975,50.05,-121.975
1495,-121.95,50.05,-121.95
2216,-121.925,50.05,-121.925
2078,-121.9,50.05,-121.9
2170,-121.875,50.05,-121.875
2044,-121.85,50.05,-121.85
1895,-121.825,50.05,-121.825
1903,-121.8,50.05,-121.8
1359,-121.775,50.05,-121.775
1228,-121.75,50.05,-121.75
1510,-121.725,50.05,-121.725
1162,-121.7,50.05,-121.7
1092,-121.675,50.05,-121.675
1251,-121.65,50.05,-121.65
1602,-121.625,50.05,-121.625
1556,-121.6,50.05,-121.6
1098,-121.575,50.05,-121.575
285,-121.55,50.05,-121.55
900,-121.525,50.05,-121.525
662,-121.5,50.05,-121.5
770,-121.475,50.05,-121.475
939,-121.45,50.05,-121.45
1237,-121.425,50.05,-121.425
1725,-121.4,50.05,-121.4
1701,-121.375,50.05,-121.375
1817,-121.35,50.05,-121.35
1944,-121.325,50.05,-121.325
1741,-121.3,50.05,-121.3
1786,-121.275,50.05,-121.275
1483,-121.25,50.05,-121.25
1478,-121.225,50.05,-121.225
1415,-121.2,50.05,-121.2
1202,-121.175,50.05,-121.175
1156,-121.15,50.05,-121.15
1450,-121.125,50.05,-121.125
1420,-121.1,50.05,-121.1
924,-121.075,50.05,-121.075
669,-121.05,50.05,-121.05
1257,-121.025,50.05,-121.025
1117,-121,50.05,-121
1249,-120.975,50.05,-120.975
1157,-120.95,50.05,-120.95
1262,-120.925,50.05,-120.925
1116,-120.9,50.05,-120.9
1042,-120.875,50.05,-120.875
719,-120.85,50.05,-120.85
730,-120.825,50.05,-120.825
911,-120.8,50.05,-120.8
1504,-120.775,50.05,-120.775
1569,-120.75,50.05,-120.75
1193,-120.725,50.05,-120.725
1256,-120.7,50.05,-120.7
1165,-120.675,50.05,-120.675
1070,-120.65,50.05,-120.65
1251,-120.625,50.05,-120.625
1292,-120.6,50.05,-120.6
1102,-120.575,50.05,-120.575
941,-120.55,50.05,-120.55
783,-120.525,50.05,-120.525
959,-120.5,50.05,-120.5
1149,-120.475,50.05,-120.475
1187,-120.45,50.05,-120.45
1152,-120.425,50.05,-120.425
1113,-120.4,50.05,-120.4
1109,-120.375,50.05,-120.375
1113,-120.35,50.05,-120.35
1159,-120.325,50.05,-120.325
1189,-120.3,50.05,-120.3
1182,-120.275,50.05,-120.275
1180,-120.25,50.05,-120.25
1232,-120.225,50.05,-120.225
1292,-120.2,50.05,-120.2
1250,-120.175,50.05,-120.175
1343,-120.15,50.05,-120.15
1373,-120.125,50.05,-120.125
1385,-120.1,50.05,-120.1
1472,-120.075,50.05,-120.075
1489,-120.05,50.05,-120.05
1516,-120.025,50.05,-120.025
1409,-120,50.05,-120
1379,-119.975,50.05,-119.975
1332,-119.95,50.05,-119.95
1457,-119.925,50.05,-119.925
1395,-119.9,50.05,-119.9
1534,-119.875,50.05,-119.875
1665,-119.85,50.05,-119.85
1710,-119.825,50.05,-119.825
1692,-119.8,50.05,-119.8
1677,-119.775,50.05,-119.775
1656,-119.75,50.05,-119.75
1549,-119.725,50.05,-119.725
1431,-119.7,50.05,-119.7
1338,-119.675,50.05,-119.675
1405,-119.65,50.05,-119.65
1399,-119.625,50.05,-119.625
1504,-119.6,50.05,-119.6
1273,-119.575,50.05,-119.575
1066,-119.55,50.05,-119.55
1016,-119.525,50.05,-119.525
395,-119.5,50.05,-119.5
342,-119.475,50.05,-119.475
343,-119.45,50.05,-119.45
535,-119.425,50.05,-119.425
396,-119.4,50.05,-119.4
612,-119.375,50.05,-119.375
1020,-119.35,50.05,-119.35
1127,-119.325,50.05,-119.325
1469,-119.3,50.05,-119.3
1476,-119.275,50.05,-119.275
1346,-119.25,50.05,-119.25
1382,-119.225,50.05,-119.225
1424,-119.2,50.05,-119.2
1448,-119.175,50.05,-119.175
1422,-119.15,50.05,-119.15
1331,-119.125,50.05,-119.125
1352,-119.1,50.05,-119.1
1342,-119.075,50.05,-119.075
1406,-119.05,50.05,-119.05
1580,-119.025,50.05,-119.025
1764,-119,50.05,-119
1837,-118.975,50.05,-118.975
1848,-118.95,50.05,-118.95
1840,-118.925,50.05,-118.925
1883,-118.9,50.05,-118.9
1894,-118.875,50.05,-118.875
1821,-118.85,50.05,-118.85
1811,-118.825,50.05,-118.825
1838,-118.8,50.05,-118.8
1919,-118.775,50.05,-118.775
1790,-118.75,50.05,-118.75
1705,-118.725,50.05,-118.725
1733,-118.7,50.05,-118.7
1605,-118.675,50.05,-118.675
1562,-118.65,50.05,-118.65
1573,-118.625,50.05,-118.625
1477,-118.6,50.05,-118.6
1478,-118.575,50.05,-118.575
1365,-118.55,50.05,-118.55
1200,-118.525,50.05,-118.525
1366,-118.5,50.05,-118.5
1008,-123,50.075,-123
1302,-122.975,50.075,-122.975
1687,-122.95,50.075,-122.95
1390,-122.925,50.075,-122.925
1486,-122.9,50.075,-122.9
2034,-122.875,50.075,-122.875
2064,-122.85,50.075,-122.85
1827,-122.825,50.075,-122.825
2269,-122.8,50.075,-122.8
1914,-122.775,50.075,-122.775
1831,-122.75,50.075,-122.75
906,-122.725,50.075,-122.725
1319,-122.7,50.075,-122.7
1538,-122.675,50.075,-122.675
1641,-122.65,50.075,-122.65
767,-122.625,50.075,-122.625
1500,-122.6,50.075,-122.6
970,-122.575,50.075,-122.575
233,-122.55,50.075,-122.55
603,-122.525,50.075,-122.525
1195,-122.5,50.075,-122.5
1953,-122.475,50.075,-122.475
1626,-122.45,50.075,-122.45
1353,-122.425,50.075,-122.425
834,-122.4,50.075,-122.4
683,-122.375,50.075,-122.375
936,-122.35,50.075,-122.35
799,-122.325,50.075,-122.325
1153,-122.3,50.075,-122.3
1710,-122.275,50.075,-122.275
2044,-122.25,50.075,-122.25
1826,-122.225,50.075,-122.225
1511,-122.2,50.075,-122.2
1005,-122.175,50.075,-122.175
1355,-122.15,50.075,-122.15
1574,-122.125,50.075,-122.125
990,-122.1,50.075,-122.1
844,-122.075,50.075,-122.075
1359,-122.05,50.075,-122.05
2027,-122.025,50.075,-122.025
1998,-122,50.075,-122
2330,-121.975,50.075,-121.975
2311,-121.95,50.075,-121.95
2508,-121.925,50.075,-121.925
2152,-121.9,50.075,-121.9
1836,-121.875,50.075,-121.875
2112,-121.85,50.075,-121.85
1802,-121.825,50.075,-121.825
2052,-121.8,50.075,-121.8
2123,-121.775,50.075,-121.775
1658,-121.75,50.075,-121.75
1275,-121.725,50.075,-121.725
1802,-121.7,50.075,-121.7
1654,-121.675,50.075,-121.675
1682,-121.65,50.075,-121.65
1312,-121.625,50.075,-121.625
884,-121.6,50.075,-121.6
701,-121.575,50.075,-121.575
217,-121.55,50.075,-121.55
953,-121.525,50.075,-121.525
1514,-121.5,50.075,-121.5
1514,-121.475,50.075,-121.475
1585,-121.45,50.075,-121.45
1069,-121.425,50.075,-121.425
1347,-121.4,50.075,-121.4
1865,-121.375,50.075,-121.375
1508,-121.35,50.075,-121.35
1597,-121.325,50.075,-121.325
1558,-121.3,50.075,-121.3
1500,-121.275,50.075,-121.275
1526,-121.25,50.075,-121.25
1223,-121.225,50.075,-121.225
1329,-121.2,50.075,-121.2
1277,-121.175,50.075,-121.175
1458,-121.15,50.075,-121.15
1465,-121.125,50.075,-121.125
1159,-121.1,50.075,-121.1
882,-121.075,50.075,-121.075
623,-121.05,50.075,-121.05
1011,-121.025,50.075,-121.025
1371,-121,50.075,-121
1604,-120.975,50.075,-120.975
1384,-120.95,50.075,-120.95
1355,-120.925,50.075,-120.925
1240,-120.9,50.075,-120.9
1022,-120.875,50.075,-120.875
944,-120.85,50.075,-120.85
867,-120.825,50.075,-120.825
627,-120.8,50.075,-120.8
812,-120.775,50.075,-120.775
932,-120.75,50.075,-120.75
1097,-120.725,50.075,-120.725
1137,-120.7,50.075,-120.7
1141,-120.675,50.075,-120.675
1139,-120.65,50.075,-120.65
1222,-120.625,50.075,-120.625
1209,-120.6,50.075,-120.6
1268,-120.575,50.075,-120.575
1006,-120.55,50.075,-120.55
776,-120.525,50.075,-120.525
948,-120.5,50.075,-120.5
1103,-120.475,50.075,-120.475
1190,-120.45,50.075,-120.45
1288,-120.425,50.075,-120.425
1247,-120.4,50.075,-120.4
1197,-120.375,50.075,-120.375
1080,-120.35,50.075,-120.35
1091,-120.325,50.075,-120.325
1126,-120.3,50.075,-120.3
1359,-120.275,50.075,-120.275
1337,-120.25,50.075,-120.25
1191,-120.225,50.075,-120.225
1169,-120.2,50.075,-120.2
1191,-120.175,50.075,-120.175
1202,-120.15,50.075,-120.15
1241,-120.125,50.075,-120.125
1287,-120.1,50.075,-120.1
1359,-120.075,50.075,-120.075
1471,-120.05,50.075,-120.05
1453,-120.025,50.075,-120.025
1449,-120,50.075,-120
1286,-119.975,50.075,-119.975
1325,-119.95,50.075,-119.95
1531,-119.925,50.075,-119.925
1548,-119.9,50.075,-119.9
1405,-119.875,50.075,-119.875
1427,-119.85,50.075,-119.85
1460,-119.825,50.075,-119.825
1582,-119.8,50.075,-119.8
1600,-119.775,50.075,-119.775
1650,-119.75,50.075,-119.75
1554,-119.725,50.075,-119.725
1429,-119.7,50.075,-119.7
1353,-119.675,50.075,-119.675
1464,-119.65,50.075,-119.65
1589,-119.625,50.075,-119.625
1534,-119.6,50.075,-119.6
1269,-119.575,50.075,-119.575
1249,-119.55,50.075,-119.55
969,-119.525,50.075,-119.525
385,-119.5,50.075,-119.5
342,-119.475,50.075,-119.475
342,-119.45,50.075,-119.45
603,-119.425,50.075,-119.425
392,-119.4,50.075,-119.4
483,-119.375,50.075,-119.375
943,-119.35,50.075,-119.35
1224,-119.325,50.075,-119.325
1397,-119.3,50.075,-119.3
1523,-119.275,50.075,-119.275
1493,-119.25,50.075,-119.25
1461,-119.225,50.075,-119.225
1379,-119.2,50.075,-119.2
1413,-119.175,50.075,-119.175
1361,-119.15,50.075,-119.15
1366,-119.125,50.075,-119.125
1320,-119.1,50.075,-119.1
1295,-119.075,50.075,-119.075
1368,-119.05,50.075,-119.05
1470,-119.025,50.075,-119.025
1596,-119,50.075,-119
1705,-118.975,50.075,-118.975
1764,-118.95,50.075,-118.95
1782,-118.925,50.075,-118.925
1764,-118.9,50.075,-118.9
1762,-118.875,50.075,-118.875
1742,-118.85,50.075,-118.85
1728,-118.825,50.075,-118.825
1765,-118.8,50.075,-118.8
1755,-118.775,50.075,-118.775
1723,-118.75,50.075,-118.75
1700,-118.725,50.075,-118.725
1726,-118.7,50.075,-118.7
1704,-118.675,50.075,-118.675
1590,-118.65,50.075,-118.65
1404,-118.625,50.075,-118.625
1509,-118.6,50.075,-118.6
1550,-118.575,50.075,-118.575
1379,-118.55,50.075,-118.55
1292,-118.525,50.075,-118.525
1448,-118.5,50.075,-118.5
1448,-118.5,50.075,-118.5
695,-123,50.1,-123
803,-122.975,50.1,-122.975
1015,-122.95,50.1,-122.95
1276,-122.925,50.1,-122.925
1763,-122.9,50.1,-122.9
1902,-122.875,50.1,-122.875
2110,-122.85,50.1,-122.85
1824,-122.825,50.1,-122.825
1633,-122.8,50.1,-122.8
1415,-122.775,50.1,-122.775
1808,-122.75,50.1,-122.75
1886,-122.725,50.1,-122.725
2138,-122.7,50.1,-122.7
1351,-122.675,50.1,-122.675
963,-122.65,50.1,-122.65
1414,-122.625,50.1,-122.625
1605,-122.6,50.1,-122.6
1030,-122.575,50.1,-122.575
421,-122.55,50.1,-122.55
268,-122.525,50.1,-122.525
1022,-122.5,50.1,-122.5
1744,-122.475,50.1,-122.475
1831,-122.45,50.1,-122.45
1939,-122.425,50.1,-122.425
1619,-122.4,50.1,-122.4
1549,-122.375,50.1,-122.375
1730,-122.35,50.1,-122.35
2163,-122.325,50.1,-122.325
1686,-122.3,50.1,-122.3
1617,-122.275,50.1,-122.275
1882,-122.25,50.1,-122.25
2118,-122.225,50.1,-122.225
1994,-122.2,50.1,-122.2
1708,-122.175,50.1,-122.175
1695,-122.15,50.1,-122.15
1619,-122.125,50.1,-122.125
1998,-122.1,50.1,-122.1
1413,-122.075,50.1,-122.075
2273,-122.05,50.1,-122.05
1799,-122.025,50.1,-122.025
1982,-122,50.1,-122
2365,-121.975,50.1,-121.975
2275,-121.95,50.1,-121.95
1989,-121.925,50.1,-121.925
2006,-121.9,50.1,-121.9
1746,-121.875,50.1,-121.875
1108,-121.85,50.1,-121.85
1916,-121.825,50.1,-121.825
1843,-121.8,50.1,-121.8
1524,-121.775,50.1,-121.775
1933,-121.75,50.1,-121.75
1559,-121.725,50.1,-121.725
1910,-121.7,50.1,-121.7
1691,-121.675,50.1,-121.675
1266,-121.65,50.1,-121.65
1625,-121.625,50.1,-121.625
1210,-121.6,50.1,-121.6
451,-121.575,50.1,-121.575
435,-121.55,50.1,-121.55
950,-121.525,50.1,-121.525
1624,-121.5,50.1,-121.5
1629,-121.475,50.1,-121.475
1585,-121.45,50.1,-121.45
1569,-121.425,50.1,-121.425
1092,-121.4,50.1,-121.4
1178,-121.375,50.1,-121.375
1351,-121.35,50.1,-121.35
1764,-121.325,50.1,-121.325
1928,-121.3,50.1,-121.3
1638,-121.275,50.1,-121.275
1557,-121.25,50.1,-121.25
1662,-121.225,50.1,-121.225
1616,-121.2,50.1,-121.2
1428,-121.175,50.1,-121.175
1472,-121.15,50.1,-121.15
1656,-121.125,50.1,-121.125
1286,-121.1,50.1,-121.1
942,-121.075,50.1,-121.075
619,-121.05,50.1,-121.05
989,-121.025,50.1,-121.025
1276,-121,50.1,-121
1339,-120.975,50.1,-120.975
1457,-120.95,50.1,-120.95
1352,-120.925,50.1,-120.925
1171,-120.9,50.1,-120.9
944,-120.875,50.1,-120.875
1116,-120.85,50.1,-120.85
854,-120.825,50.1,-120.825
612,-120.8,50.1,-120.8
604,-120.775,50.1,-120.775
634,-120.75,50.1,-120.75
713,-120.725,50.1,-120.725
826,-120.7,50.1,-120.7
996,-120.675,50.1,-120.675
1099,-120.65,50.1,-120.65
1106,-120.625,50.1,-120.625
1166,-120.6,50.1,-120.6
1149,-120.575,50.1,-120.575
1118,-120.55,50.1,-120.55
822,-120.525,50.1,-120.525
829,-120.5,50.1,-120.5
1053,-120.475,50.1,-120.475
1149,-120.45,50.1,-120.45
1162,-120.425,50.1,-120.425
1247,-120.4,50.1,-120.4
1317,-120.375,50.1,-120.375
1203,-120.35,50.1,-120.35
1029,-120.325,50.1,-120.325
1021,-120.3,50.1,-120.3
1059,-120.275,50.1,-120.275
1152,-120.25,50.1,-120.25
1252,-120.225,50.1,-120.225
1238,-120.2,50.1,-120.2
1196,-120.175,50.1,-120.175
1240,-120.15,50.1,-120.15
1321,-120.125,50.1,-120.125
1228,-120.1,50.1,-120.1
1286,-120.075,50.1,-120.075
1350,-120.05,50.1,-120.05
1386,-120.025,50.1,-120.025
1328,-120,50.1,-120
1093,-119.975,50.1,-119.975
1413,-119.95,50.1,-119.95
1401,-119.925,50.1,-119.925
1563,-119.9,50.1,-119.9
1680,-119.875,50.1,-119.875
1766,-119.85,50.1,-119.85
1539,-119.825,50.1,-119.825
1565,-119.8,50.1,-119.8
1528,-119.775,50.1,-119.775
1546,-119.75,50.1,-119.75
1593,-119.725,50.1,-119.725
1490,-119.7,50.1,-119.7
1413,-119.675,50.1,-119.675
1385,-119.65,50.1,-119.65
1801,-119.625,50.1,-119.625
1376,-119.6,50.1,-119.6
1151,-119.575,50.1,-119.575
1082,-119.55,50.1,-119.55
745,-119.525,50.1,-119.525
342,-119.5,50.1,-119.5
342,-119.475,50.1,-119.475
495,-119.45,50.1,-119.45
777,-119.425,50.1,-119.425
498,-119.4,50.1,-119.4
392,-119.375,50.1,-119.375
547,-119.35,50.1,-119.35
979,-119.325,50.1,-119.325
1418,-119.3,50.1,-119.3
1448,-119.275,50.1,-119.275
1587,-119.25,50.1,-119.25
1464,-119.225,50.1,-119.225
1407,-119.2,50.1,-119.2
1372,-119.175,50.1,-119.175
1361,-119.15,50.1,-119.15
1372,-119.125,50.1,-119.125
1296,-119.1,50.1,-119.1
1276,-119.075,50.1,-119.075
1302,-119.05,50.1,-119.05
1371,-119.025,50.1,-119.025
1409,-119,50.1,-119
1492,-118.975,50.1,-118.975
1572,-118.95,50.1,-118.95
1644,-118.925,50.1,-118.925
1657,-118.9,50.1,-118.9
1647,-118.875,50.1,-118.875
1555,-118.85,50.1,-118.85
1614,-118.825,50.1,-118.825
1669,-118.8,50.1,-118.8
1691,-118.775,50.1,-118.775
1731,-118.75,50.1,-118.75
1668,-118.725,50.1,-118.725
1686,-118.7,50.1,-118.7
1632,-118.675,50.1,-118.675
1652,-118.65,50.1,-118.65
1357,-118.625,50.1,-118.625
1719,-118.6,50.1,-118.6
1687,-118.575,50.1,-118.575
1583,-118.55,50.1,-118.55
1384,-118.525,50.1,-118.525
1524,-118.5,50.1,-118.5
1114,-123,50.125,-123
645,-122.975,50.125,-122.975
662,-122.95,50.125,-122.95
825,-122.925,50.125,-122.925
1291,-122.9,50.125,-122.9
1608,-122.875,50.125,-122.875
1301,-122.85,50.125,-122.85
1542,-122.825,50.125,-122.825
2118,-122.8,50.125,-122.8
2082,-122.775,50.125,-122.775
2342,-122.75,50.125,-122.75
2230,-122.725,50.125,-122.725
1457,-122.7,50.125,-122.7
1255,-122.675,50.125,-122.675
1807,-122.65,50.125,-122.65
1632,-122.625,50.125,-122.625
2017,-122.6,50.125,-122.6
1233,-122.575,50.125,-122.575
583,-122.55,50.125,-122.55
216,-122.525,50.125,-122.525
886,-122.5,50.125,-122.5
1564,-122.475,50.125,-122.475
1521,-122.45,50.125,-122.45
1177,-122.425,50.125,-122.425
1555,-122.4,50.125,-122.4
1459,-122.375,50.125,-122.375
1907,-122.35,50.125,-122.35
2154,-122.325,50.125,-122.325
1461,-122.3,50.125,-122.3
1804,-122.275,50.125,-122.275
2124,-122.25,50.125,-122.25
2200,-122.225,50.125,-122.225
2058,-122.2,50.125,-122.2
1912,-122.175,50.125,-122.175
2213,-122.15,50.125,-122.15
1907,-122.125,50.125,-122.125
2205,-122.1,50.125,-122.1
2273,-122.075,50.125,-122.075
1975,-122.05,50.125,-122.05
1506,-122.025,50.125,-122.025
2260,-122,50.125,-122
2058,-121.975,50.125,-121.975
1636,-121.95,50.125,-121.95
1320,-121.925,50.125,-121.925
1534,-121.9,50.125,-121.9
1943,-121.875,50.125,-121.875
1234,-121.85,50.125,-121.85
1061,-121.825,50.125,-121.825
969,-121.8,50.125,-121.8
1056,-121.775,50.125,-121.775
878,-121.75,50.125,-121.75
1033,-121.725,50.125,-121.725
1661,-121.7,50.125,-121.7
1331,-121.675,50.125,-121.675
748,-121.65,50.125,-121.65
1364,-121.625,50.125,-121.625
1079,-121.6,50.125,-121.6
320,-121.575,50.125,-121.575
459,-121.55,50.125,-121.55
1353,-121.525,50.125,-121.525
1589,-121.5,50.125,-121.5
1453,-121.475,50.125,-121.475
1684,-121.45,50.125,-121.45
1740,-121.425,50.125,-121.425
1241,-121.4,50.125,-121.4
1800,-121.375,50.125,-121.375
1929,-121.35,50.125,-121.35
1868,-121.325,50.125,-121.325
1604,-121.3,50.125,-121.3
1496,-121.275,50.125,-121.275
1618,-121.25,50.125,-121.25
1741,-121.225,50.125,-121.225
1618,-121.2,50.125,-121.2
1501,-121.175,50.125,-121.175
1600,-121.15,50.125,-121.15
1375,-121.125,50.125,-121.125
1113,-121.1,50.125,-121.1
963,-121.075,50.125,-121.075
659,-121.05,50.125,-121.05
629,-121.025,50.125,-121.025
636,-121,50.125,-121
732,-120.975,50.125,-120.975
968,-120.95,50.125,-120.95
991,-120.925,50.125,-120.925
1061,-120.9,50.125,-120.9
777,-120.875,50.125,-120.875
604,-120.85,50.125,-120.85
583,-120.825,50.125,-120.825
810,-120.8,50.125,-120.8
662,-120.775,50.125,-120.775
629,-120.75,50.125,-120.75
601,-120.725,50.125,-120.725
731,-120.7,50.125,-120.7
1005,-120.675,50.125,-120.675
1231,-120.65,50.125,-120.65
1300,-120.625,50.125,-120.625
1259,-120.6,50.125,-120.6
1313,-120.575,50.125,-120.575
1339,-120.55,50.125,-120.55
991,-120.525,50.125,-120.525
718,-120.5,50.125,-120.5
932,-120.475,50.125,-120.475
1043,-120.45,50.125,-120.45
1220,-120.425,50.125,-120.425
1144,-120.4,50.125,-120.4
1201,-120.375,50.125,-120.375
1333,-120.35,50.125,-120.35
1121,-120.325,50.125,-120.325
932,-120.3,50.125,-120.3
857,-120.275,50.125,-120.275
1005,-120.25,50.125,-120.25
1124,-120.225,50.125,-120.225
1149,-120.2,50.125,-120.2
1116,-120.175,50.125,-120.175
1111,-120.15,50.125,-120.15
1056,-120.125,50.125,-120.125
1113,-120.1,50.125,-120.1
1234,-120.075,50.125,-120.075
1273,-120.05,50.125,-120.05
1145,-120.025,50.125,-120.025
1006,-120,50.125,-120
1444,-119.975,50.125,-119.975
1226,-119.95,50.125,-119.95
1193,-119.925,50.125,-119.925
1345,-119.9,50.125,-119.9
1276,-119.875,50.125,-119.875
1436,-119.85,50.125,-119.85
1542,-119.825,50.125,-119.825
1604,-119.8,50.125,-119.8
1660,-119.775,50.125,-119.775
1688,-119.75,50.125,-119.75
1646,-119.725,50.125,-119.725
1528,-119.7,50.125,-119.7
1394,-119.675,50.125,-119.675
1439,-119.65,50.125,-119.65
1266,-119.625,50.125,-119.625
1348,-119.6,50.125,-119.6
766,-119.575,50.125,-119.575
765,-119.55,50.125,-119.55
523,-119.525,50.125,-119.525
342,-119.5,50.125,-119.5
342,-119.475,50.125,-119.475
400,-119.45,50.125,-119.45
903,-119.425,50.125,-119.425
826,-119.4,50.125,-119.4
395,-119.375,50.125,-119.375
556,-119.35,50.125,-119.35
1027,-119.325,50.125,-119.325
1269,-119.3,50.125,-119.3
1369,-119.275,50.125,-119.275
1372,-119.25,50.125,-119.25
1514,-119.225,50.125,-119.225
1496,-119.2,50.125,-119.2
1475,-119.175,50.125,-119.175
1362,-119.15,50.125,-119.15
1367,-119.125,50.125,-119.125
1179,-119.1,50.125,-119.1
1418,-119.075,50.125,-119.075
1314,-119.05,50.125,-119.05
1331,-119.025,50.125,-119.025
1356,-119,50.125,-119
1374,-118.975,50.125,-118.975
1389,-118.95,50.125,-118.95
1392,-118.925,50.125,-118.925
1481,-118.9,50.125,-118.9
1178,-118.875,50.125,-118.875
1033,-118.85,50.125,-118.85
1414,-118.825,50.125,-118.825
1640,-118.8,50.125,-118.8
1658,-118.775,50.125,-118.775
1644,-118.75,50.125,-118.75
1613,-118.725,50.125,-118.725
1374,-118.7,50.125,-118.7
1326,-118.675,50.125,-118.675
1594,-118.65,50.125,-118.65
1178,-118.625,50.125,-118.625
1525,-118.6,50.125,-118.6
1444,-118.575,50.125,-118.575
1646,-118.55,50.125,-118.55
1340,-118.525,50.125,-118.525
1185,-118.5,50.125,-118.5
1502,-123,50.15,-123
837,-122.975,50.15,-122.975
636,-122.95,50.15,-122.95
744,-122.925,50.15,-122.925
890,-122.9,50.15,-122.9
1329,-122.875,50.15,-122.875
1579,-122.85,50.15,-122.85
2068,-122.825,50.15,-122.825
2139,-122.8,50.15,-122.8
2266,-122.775,50.15,-122.775
2346,-122.75,50.15,-122.75
2106,-122.725,50.15,-122.725
2302,-122.7,50.15,-122.7
2126,-122.675,50.15,-122.675
2014,-122.65,50.15,-122.65
1514,-122.625,50.15,-122.625
949,-122.6,50.15,-122.6
658,-122.575,50.15,-122.575
655,-122.55,50.15,-122.55
904,-122.525,50.15,-122.525
197,-122.5,50.15,-122.5
659,-122.475,50.15,-122.475
1345,-122.45,50.15,-122.45
1553,-122.425,50.15,-122.425
1065,-122.4,50.15,-122.4
1377,-122.375,50.15,-122.375
1553,-122.35,50.15,-122.35
1748,-122.325,50.15,-122.325
1910,-122.3,50.15,-122.3
1898,-122.275,50.15,-122.275
1679,-122.25,50.15,-122.25
1161,-122.225,50.15,-122.225
1072,-122.2,50.15,-122.2
1682,-122.175,50.15,-122.175
1991,-122.15,50.15,-122.15
1415,-122.125,50.15,-122.125
1007,-122.1,50.15,-122.1
1199,-122.075,50.15,-122.075
1717,-122.05,50.15,-122.05
1869,-122.025,50.15,-122.025
1992,-122,50.15,-122
1861,-121.975,50.15,-121.975
2366,-121.95,50.15,-121.95
2066,-121.925,50.15,-121.925
1701,-121.9,50.15,-121.9
1676,-121.875,50.15,-121.875
1871,-121.85,50.15,-121.85
1949,-121.825,50.15,-121.825
1961,-121.8,50.15,-121.8
1283,-121.775,50.15,-121.775
1362,-121.75,50.15,-121.75
1500,-121.725,50.15,-121.725
1520,-121.7,50.15,-121.7
1542,-121.675,50.15,-121.675
2068,-121.65,50.15,-121.65
1700,-121.625,50.15,-121.625
687,-121.6,50.15,-121.6
233,-121.575,50.15,-121.575
626,-121.55,50.15,-121.55
737,-121.525,50.15,-121.525
1008,-121.5,50.15,-121.5
1370,-121.475,50.15,-121.475
1816,-121.45,50.15,-121.45
1842,-121.425,50.15,-121.425
1353,-121.4,50.15,-121.4
1678,-121.375,50.15,-121.375
1568,-121.35,50.15,-121.35
1716,-121.325,50.15,-121.325
1906,-121.3,50.15,-121.3
1896,-121.275,50.15,-121.275
1731,-121.25,50.15,-121.25
1666,-121.225,50.15,-121.225
1501,-121.2,50.15,-121.2
1311,-121.175,50.15,-121.175
1351,-121.15,50.15,-121.15
1205,-121.125,50.15,-121.125
1204,-121.1,50.15,-121.1
808,-121.075,50.15,-121.075
811,-121.05,50.15,-121.05
524,-121.025,50.15,-121.025
777,-121,50.15,-121
791,-120.975,50.15,-120.975
673,-120.95,50.15,-120.95
592,-120.925,50.15,-120.925
583,-120.9,50.15,-120.9
583,-120.875,50.15,-120.875
610,-120.85,50.15,-120.85
773,-120.825,50.15,-120.825
1256,-120.8,50.15,-120.8
1189,-120.775,50.15,-120.775
1051,-120.75,50.15,-120.75
733,-120.725,50.15,-120.725
631,-120.7,50.15,-120.7
613,-120.675,50.15,-120.675
954,-120.65,50.15,-120.65
747,-120.625,50.15,-120.625
683,-120.6,50.15,-120.6
624,-120.575,50.15,-120.575
624,-120.55,50.15,-120.55
737,-120.525,50.15,-120.525
638,-120.5,50.15,-120.5
840,-120.475,50.15,-120.475
981,-120.45,50.15,-120.45
1022,-120.425,50.15,-120.425
917,-120.4,50.15,-120.4
936,-120.375,50.15,-120.375
901,-120.35,50.15,-120.35
814,-120.325,50.15,-120.325
839,-120.3,50.15,-120.3
918,-120.275,50.15,-120.275
798,-120.25,50.15,-120.25
798,-120.225,50.15,-120.225
901,-120.2,50.15,-120.2
917,-120.175,50.15,-120.175
948,-120.15,50.15,-120.15
892,-120.125,50.15,-120.125
1019,-120.1,50.15,-120.1
1073,-120.075,50.15,-120.075
1012,-120.05,50.15,-120.05
1025,-120.025,50.15,-120.025
1206,-120,50.15,-120
1410,-119.975,50.15,-119.975
1522,-119.95,50.15,-119.95
1548,-119.925,50.15,-119.925
1547,-119.9,50.15,-119.9
1635,-119.875,50.15,-119.875
1357,-119.85,50.15,-119.85
1396,-119.825,50.15,-119.825
1392,-119.8,50.15,-119.8
1372,-119.775,50.15,-119.775
1241,-119.75,50.15,-119.75
1505,-119.725,50.15,-119.725
1268,-119.7,50.15,-119.7
972,-119.675,50.15,-119.675
1171,-119.65,50.15,-119.65
1533,-119.625,50.15,-119.625
1039,-119.6,50.15,-119.6
1189,-119.575,50.15,-119.575
984,-119.55,50.15,-119.55
600,-119.525,50.15,-119.525
342,-119.5,50.15,-119.5
342,-119.475,50.15,-119.475
401,-119.45,50.15,-119.45
699,-119.425,50.15,-119.425
956,-119.4,50.15,-119.4
497,-119.375,50.15,-119.375
395,-119.35,50.15,-119.35
600,-119.325,50.15,-119.325
1087,-119.3,50.15,-119.3
1374,-119.275,50.15,-119.275
1349,-119.25,50.15,-119.25
1395,-119.225,50.15,-119.225
1381,-119.2,50.15,-119.2
1414,-119.175,50.15,-119.175
1404,-119.15,50.15,-119.15
1387,-119.125,50.15,-119.125
1324,-119.1,50.15,-119.1
1282,-119.075,50.15,-119.075
1274,-119.05,50.15,-119.05
1287,-119.025,50.15,-119.025
1287,-119,50.15,-119
1340,-118.975,50.15,-118.975
1418,-118.95,50.15,-118.95
971,-118.925,50.15,-118.925
837,-118.9,50.15,-118.9
950,-118.875,50.15,-118.875
1154,-118.85,50.15,-118.85
1244,-118.825,50.15,-118.825
1431,-118.8,50.15,-118.8
1606,-118.775,50.15,-118.775
1585,-118.75,50.15,-118.75
1580,-118.725,50.15,-118.725
1567,-118.7,50.15,-118.7
1357,-118.675,50.15,-118.675
1191,-118.65,50.15,-118.65
1372,-118.625,50.15,-118.625
1147,-118.6,50.15,-118.6
1148,-118.575,50.15,-118.575
1649,-118.55,50.15,-118.55
1426,-118.525,50.15,-118.525
1120,-118.5,50.15,-118.5
1205,-123,50.175,-123
1447,-122.975,50.175,-122.975
1190,-122.95,50.175,-122.95
755,-122.925,50.175,-122.925
894,-122.9,50.175,-122.9
651,-122.875,50.175,-122.875
1224,-122.85,50.175,-122.85
2232,-122.825,50.175,-122.825
2486,-122.8,50.175,-122.8
2229,-122.775,50.175,-122.775
1860,-122.75,50.175,-122.75
2166,-122.725,50.175,-122.725
1629,-122.7,50.175,-122.7
1901,-122.675,50.175,-122.675
1505,-122.65,50.175,-122.65
1378,-122.625,50.175,-122.625
1885,-122.6,50.175,-122.6
1494,-122.575,50.175,-122.575
1410,-122.55,50.175,-122.55
772,-122.525,50.175,-122.525
289,-122.5,50.175,-122.5
292,-122.475,50.175,-122.475
1150,-122.45,50.175,-122.45
1010,-122.425,50.175,-122.425
1858,-122.4,50.175,-122.4
2094,-122.375,50.175,-122.375
1873,-122.35,50.175,-122.35
2043,-122.325,50.175,-122.325
2269,-122.3,50.175,-122.3
1478,-122.275,50.175,-122.275
1698,-122.25,50.175,-122.25
1633,-122.225,50.175,-122.225
1966,-122.2,50.175,-122.2
1578,-122.175,50.175,-122.175
1028,-122.15,50.175,-122.15
952,-122.125,50.175,-122.125
1335,-122.1,50.175,-122.1
1878,-122.075,50.175,-122.075
1685,-122.05,50.175,-122.05
1831,-122.025,50.175,-122.025
1722,-122,50.175,-122
1994,-121.975,50.175,-121.975
2213,-121.95,50.175,-121.95
1981,-121.925,50.175,-121.925
2291,-121.9,50.175,-121.9
2048,-121.875,50.175,-121.875
2102,-121.85,50.175,-121.85
1555,-121.825,50.175,-121.825
1776,-121.8,50.175,-121.8
2333,-121.775,50.175,-121.775
2120,-121.75,50.175,-121.75
2377,-121.725,50.175,-121.725
2030,-121.7,50.175,-121.7
1876,-121.675,50.175,-121.675
1671,-121.65,50.175,-121.65
1099,-121.625,50.175,-121.625
588,-121.6,50.175,-121.6
293,-121.575,50.175,-121.575
880,-121.55,50.175,-121.55
1669,-121.525,50.175,-121.525
1365,-121.5,50.175,-121.5
1751,-121.475,50.175,-121.475
1933,-121.45,50.175,-121.45
1850,-121.425,50.175,-121.425
1481,-121.4,50.175,-121.4
1141,-121.375,50.175,-121.375
1431,-121.35,50.175,-121.35
1475,-121.325,50.175,-121.325
1733,-121.3,50.175,-121.3
1671,-121.275,50.175,-121.275
1481,-121.25,50.175,-121.25
1754,-121.225,50.175,-121.225
1575,-121.2,50.175,-121.2
1348,-121.175,50.175,-121.175
1042,-121.15,50.175,-121.15
942,-121.125,50.175,-121.125
817,-121.1,50.175,-121.1
844,-121.075,50.175,-121.075
619,-121.05,50.175,-121.05
845,-121.025,50.175,-121.025
1195,-121,50.175,-121
1278,-120.975,50.175,-120.975
1045,-120.95,50.175,-120.95
898,-120.925,50.175,-120.925
878,-120.9,50.175,-120.9
637,-120.875,50.175,-120.875
729,-120.85,50.175,-120.85
976,-120.825,50.175,-120.825
1145,-120.8,50.175,-120.8
1137,-120.775,50.175,-120.775
1245,-120.75,50.175,-120.75
1082,-120.725,50.175,-120.725
806,-120.7,50.175,-120.7
666,-120.675,50.175,-120.675
813,-120.65,50.175,-120.65
1155,-120.625,50.175,-120.625
1174,-120.6,50.175,-120.6
1330,-120.575,50.175,-120.575
885,-120.55,50.175,-120.55
624,-120.525,50.175,-120.525
627,-120.5,50.175,-120.5
776,-120.475,50.175,-120.475
864,-120.45,50.175,-120.45
935,-120.425,50.175,-120.425
842,-120.4,50.175,-120.4
804,-120.375,50.175,-120.375
749,-120.35,50.175,-120.35
995,-120.325,50.175,-120.325
1068,-120.3,50.175,-120.3
1060,-120.275,50.175,-120.275
968,-120.25,50.175,-120.25
975,-120.225,50.175,-120.225
806,-120.2,50.175,-120.2
819,-120.175,50.175,-120.175
834,-120.15,50.175,-120.15
856,-120.125,50.175,-120.125
990,-120.1,50.175,-120.1
1088,-120.075,50.175,-120.075
934,-120.05,50.175,-120.05
1005,-120.025,50.175,-120.025
1049,-120,50.175,-120
1235,-119.975,50.175,-119.975
1333,-119.95,50.175,-119.95
1510,-119.925,50.175,-119.925
1619,-119.9,50.175,-119.9
1750,-119.875,50.175,-119.875
1746,-119.85,50.175,-119.85
1537,-119.825,50.175,-119.825
1566,-119.8,50.175,-119.8
1587,-119.775,50.175,-119.775
1522,-119.75,50.175,-119.75
1689,-119.725,50.175,-119.725
1668,-119.7,50.175,-119.7
1620,-119.675,50.175,-119.675
1521,-119.65,50.175,-119.65
1554,-119.625,50.175,-119.625
1452,-119.6,50.175,-119.6
1304,-119.575,50.175,-119.575
1402,-119.55,50.175,-119.55
807,-119.525,50.175,-119.525
342,-119.5,50.175,-119.5
342,-119.475,50.175,-119.475
342,-119.45,50.175,-119.45
556,-119.425,50.175,-119.425
761,-119.4,50.175,-119.4
745,-119.375,50.175,-119.375
395,-119.35,50.175,-119.35
395,-119.325,50.175,-119.325
625,-119.3,50.175,-119.3
809,-119.275,50.175,-119.275
1097,-119.25,50.175,-119.25
1321,-119.225,50.175,-119.225
1283,-119.2,50.175,-119.2
1401,-119.175,50.175,-119.175
1306,-119.15,50.175,-119.15
1256,-119.125,50.175,-119.125
1222,-119.1,50.175,-119.1
1192,-119.075,50.175,-119.075
952,-119.05,50.175,-119.05
1138,-119.025,50.175,-119.025
1125,-119,50.175,-119
1191,-118.975,50.175,-118.975
979,-118.95,50.175,-118.95
732,-118.925,50.175,-118.925
1076,-118.9,50.175,-118.9
1179,-118.875,50.175,-118.875
1355,-118.85,50.175,-118.85
1474,-118.825,50.175,-118.825
1518,-118.8,50.175,-118.8
1352,-118.775,50.175,-118.775
1323,-118.75,50.175,-118.75
1445,-118.725,50.175,-118.725
1206,-118.7,50.175,-118.7
1274,-118.675,50.175,-118.675
1142,-118.65,50.175,-118.65
1252,-118.625,50.175,-118.625
1226,-118.6,50.175,-118.6
1141,-118.575,50.175,-118.575
1143,-118.55,50.175,-118.55
753,-118.525,50.175,-118.525
848,-118.5,50.175,-118.5
1528,-123,50.2,-123
996,-122.975,50.2,-122.975
1033,-122.95,50.2,-122.95
1440,-122.925,50.2,-122.925
1368,-122.9,50.2,-122.9
553,-122.875,50.2,-122.875
1065,-122.85,50.2,-122.85
1566,-122.825,50.2,-122.825
2215,-122.8,50.2,-122.8
2426,-122.775,50.2,-122.775
2205,-122.75,50.2,-122.75
1742,-122.725,50.2,-122.725
1178,-122.7,50.2,-122.7
1429,-122.675,50.2,-122.675
1679,-122.65,50.2,-122.65
2004,-122.625,50.2,-122.625
1648,-122.6,50.2,-122.6
1503,-122.575,50.2,-122.575
1832,-122.55,50.2,-122.55
1311,-122.525,50.2,-122.525
356,-122.5,50.2,-122.5
232,-122.475,50.2,-122.475
592,-122.45,50.2,-122.45
1336,-122.425,50.2,-122.425
2059,-122.4,50.2,-122.4
1742,-122.375,50.2,-122.375
2116,-122.35,50.2,-122.35
1791,-122.325,50.2,-122.325
2288,-122.3,50.2,-122.3
1995,-122.275,50.2,-122.275
1684,-122.25,50.2,-122.25
2022,-122.225,50.2,-122.225
1810,-122.2,50.2,-122.2
1305,-122.175,50.2,-122.175
2052,-122.15,50.2,-122.15
1667,-122.125,50.2,-122.125
1469,-122.1,50.2,-122.1
1168,-122.075,50.2,-122.075
1653,-122.05,50.2,-122.05
1932,-122.025,50.2,-122.025
1489,-122,50.2,-122
2298,-121.975,50.2,-121.975
1695,-121.95,50.2,-121.95
2296,-121.925,50.2,-121.925
2365,-121.9,50.2,-121.9
2432,-121.875,50.2,-121.875
2289,-121.85,50.2,-121.85
2169,-121.825,50.2,-121.825
2046,-121.8,50.2,-121.8
2093,-121.775,50.2,-121.775
1999,-121.75,50.2,-121.75
2048,-121.725,50.2,-121.725
1848,-121.7,50.2,-121.7
2183,-121.675,50.2,-121.675
1512,-121.65,50.2,-121.65
1135,-121.625,50.2,-121.625
417,-121.6,50.2,-121.6
253,-121.575,50.2,-121.575
938,-121.55,50.2,-121.55
1783,-121.525,50.2,-121.525
1836,-121.5,50.2,-121.5
1963,-121.475,50.2,-121.475
1697,-121.45,50.2,-121.45
1370,-121.425,50.2,-121.425
1170,-121.4,50.2,-121.4
986,-121.375,50.2,-121.375
954,-121.35,50.2,-121.35
1383,-121.325,50.2,-121.325
1789,-121.3,50.2,-121.3
1382,-121.275,50.2,-121.275
1434,-121.25,50.2,-121.25
1411,-121.225,50.2,-121.225
1508,-121.2,50.2,-121.2
1472,-121.175,50.2,-121.175
1420,-121.15,50.2,-121.15
1316,-121.125,50.2,-121.125
929,-121.1,50.2,-121.1
472,-121.075,50.2,-121.075
930,-121.05,50.2,-121.05
890,-121.025,50.2,-121.025
1349,-121,50.2,-121
1584,-120.975,50.2,-120.975
1576,-120.95,50.2,-120.95
1247,-120.925,50.2,-120.925
832,-120.9,50.2,-120.9
768,-120.875,50.2,-120.875
787,-120.85,50.2,-120.85
1113,-120.825,50.2,-120.825
1334,-120.8,50.2,-120.8
1293,-120.775,50.2,-120.775
1389,-120.75,50.2,-120.75
1280,-120.725,50.2,-120.725
1161,-120.7,50.2,-120.7
946,-120.675,50.2,-120.675
820,-120.65,50.2,-120.65
1124,-120.625,50.2,-120.625
1384,-120.6,50.2,-120.6
1486,-120.575,50.2,-120.575
1267,-120.55,50.2,-120.55
1035,-120.525,50.2,-120.525
648,-120.5,50.2,-120.5
629,-120.475,50.2,-120.475
639,-120.45,50.2,-120.45
672,-120.425,50.2,-120.425
813,-120.4,50.2,-120.4
846,-120.375,50.2,-120.375
846,-120.35,50.2,-120.35
1007,-120.325,50.2,-120.325
1113,-120.3,50.2,-120.3
1066,-120.275,50.2,-120.275
1146,-120.25,50.2,-120.25
1111,-120.225,50.2,-120.225
1014,-120.2,50.2,-120.2
925,-120.175,50.2,-120.175
917,-120.15,50.2,-120.15
1027,-120.125,50.2,-120.125
927,-120.1,50.2,-120.1
978,-120.075,50.2,-120.075
930,-120.05,50.2,-120.05
949,-120.025,50.2,-120.025
1077,-120,50.2,-120
1087,-119.975,50.2,-119.975
1262,-119.95,50.2,-119.95
1418,-119.925,50.2,-119.925
1437,-119.9,50.2,-119.9
1524,-119.875,50.2,-119.875
1571,-119.85,50.2,-119.85
1699,-119.825,50.2,-119.825
1806,-119.8,50.2,-119.8
1806,-119.775,50.2,-119.775
1774,-119.75,50.2,-119.75
1709,-119.725,50.2,-119.725
1541,-119.7,50.2,-119.7
1650,-119.675,50.2,-119.675
1598,-119.65,50.2,-119.65
1429,-119.625,50.2,-119.625
1449,-119.6,50.2,-119.6
1428,-119.575,50.2,-119.575
1077,-119.55,50.2,-119.55
992,-119.525,50.2,-119.525
592,-119.5,50.2,-119.5
342,-119.475,50.2,-119.475
342,-119.45,50.2,-119.45
342,-119.425,50.2,-119.425
601,-119.4,50.2,-119.4
667,-119.375,50.2,-119.375
594,-119.35,50.2,-119.35
583,-119.325,50.2,-119.325
395,-119.3,50.2,-119.3
417,-119.275,50.2,-119.275
474,-119.25,50.2,-119.25
512,-119.225,50.2,-119.225
845,-119.2,50.2,-119.2
859,-119.175,50.2,-119.175
1028,-119.15,50.2,-119.15
981,-119.125,50.2,-119.125
776,-119.1,50.2,-119.1
989,-119.075,50.2,-119.075
847,-119.05,50.2,-119.05
858,-119.025,50.2,-119.025
573,-119,50.2,-119
634,-118.975,50.2,-118.975
878,-118.95,50.2,-118.95
720,-118.925,50.2,-118.925
1049,-118.9,50.2,-118.9
1071,-118.875,50.2,-118.875
1111,-118.85,50.2,-118.85
1288,-118.825,50.2,-118.825
1352,-118.8,50.2,-118.8
1099,-118.775,50.2,-118.775
1212,-118.75,50.2,-118.75
1091,-118.725,50.2,-118.725
894,-118.7,50.2,-118.7
844,-118.675,50.2,-118.675
1026,-118.65,50.2,-118.65
866,-118.625,50.2,-118.625
759,-118.6,50.2,-118.6
802,-118.575,50.2,-118.575
716,-118.55,50.2,-118.55
1172,-118.525,50.2,-118.525
1549,-118.5,50.2,-118.5
617,-123,50.225,-123
600,-122.975,50.225,-122.975
617,-122.95,50.225,-122.95
623,-122.925,50.225,-122.925
560,-122.9,50.225,-122.9
537,-122.875,50.225,-122.875
538,-122.85,50.225,-122.85
1416,-122.825,50.225,-122.825
1790,-122.8,50.225,-122.8
2211,-122.775,50.225,-122.775
2393,-122.75,50.225,-122.75
1816,-122.725,50.225,-122.725
1692,-122.7,50.225,-122.7
1153,-122.675,50.225,-122.675
993,-122.65,50.225,-122.65
1336,-122.625,50.225,-122.625
1535,-122.6,50.225,-122.6
1967,-122.575,50.225,-122.575
1252,-122.55,50.225,-122.55
1215,-122.525,50.225,-122.525
197,-122.5,50.225,-122.5
276,-122.475,50.225,-122.475
1088,-122.45,50.225,-122.45
1403,-122.425,50.225,-122.425
1404,-122.4,50.225,-122.4
1791,-122.375,50.225,-122.375
1971,-122.35,50.225,-122.35
2119,-122.325,50.225,-122.325
2193,-122.3,50.225,-122.3
2346,-122.275,50.225,-122.275
2174,-122.25,50.225,-122.25
1718,-122.225,50.225,-122.225
1370,-122.2,50.225,-122.2
1852,-122.175,50.225,-122.175
2006,-122.15,50.225,-122.15
1886,-122.125,50.225,-122.125
1796,-122.1,50.225,-122.1
1241,-122.075,50.225,-122.075
837,-122.05,50.225,-122.05
1275,-122.025,50.225,-122.025
2007,-122,50.225,-122
1799,-121.975,50.225,-121.975
1723,-121.95,50.225,-121.95
2312,-121.925,50.225,-121.925
1779,-121.9,50.225,-121.9
2702,-121.875,50.225,-121.875
2340,-121.85,50.225,-121.85
2037,-121.825,50.225,-121.825
1555,-121.8,50.225,-121.8
2141,-121.775,50.225,-121.775
1899,-121.75,50.225,-121.75
1918,-121.725,50.225,-121.725
2027,-121.7,50.225,-121.7
1605,-121.675,50.225,-121.675
1100,-121.65,50.225,-121.65
1154,-121.625,50.225,-121.625
487,-121.6,50.225,-121.6
291,-121.575,50.225,-121.575
866,-121.55,50.225,-121.55
1555,-121.525,50.225,-121.525
1149,-121.5,50.225,-121.5
1171,-121.475,50.225,-121.475
1135,-121.45,50.225,-121.45
1403,-121.425,50.225,-121.425
1013,-121.4,50.225,-121.4
712,-121.375,50.225,-121.375
1078,-121.35,50.225,-121.35
1432,-121.325,50.225,-121.325
1596,-121.3,50.225,-121.3
1579,-121.275,50.225,-121.275
1067,-121.25,50.225,-121.25
1311,-121.225,50.225,-121.225
1470,-121.2,50.225,-121.2
1433,-121.175,50.225,-121.175
1297,-121.15,50.225,-121.15
1142,-121.125,50.225,-121.125
523,-121.1,50.225,-121.1
782,-121.075,50.225,-121.075
1041,-121.05,50.225,-121.05
1168,-121.025,50.225,-121.025
1384,-121,50.225,-121
1471,-120.975,50.225,-120.975
1449,-120.95,50.225,-120.95
1425,-120.925,50.225,-120.925
1130,-120.9,50.225,-120.9
911,-120.875,50.225,-120.875
805,-120.85,50.225,-120.85
1127,-120.825,50.225,-120.825
1367,-120.8,50.225,-120.8
1224,-120.775,50.225,-120.775
1260,-120.75,50.225,-120.75
1403,-120.725,50.225,-120.725
1361,-120.7,50.225,-120.7
1331,-120.675,50.225,-120.675
1117,-120.65,50.225,-120.65
995,-120.625,50.225,-120.625
1078,-120.6,50.225,-120.6
1138,-120.575,50.225,-120.575
1178,-120.55,50.225,-120.55
1164,-120.525,50.225,-120.525
907,-120.5,50.225,-120.5
624,-120.475,50.225,-120.475
826,-120.45,50.225,-120.45
828,-120.425,50.225,-120.425
1041,-120.4,50.225,-120.4
917,-120.375,50.225,-120.375
993,-120.35,50.225,-120.35
1042,-120.325,50.225,-120.325
1129,-120.3,50.225,-120.3
1259,-120.275,50.225,-120.275
1211,-120.25,50.225,-120.25
1183,-120.225,50.225,-120.225
1080,-120.2,50.225,-120.2
1047,-120.175,50.225,-120.175
966,-120.15,50.225,-120.15
977,-120.125,50.225,-120.125
1040,-120.1,50.225,-120.1
1034,-120.075,50.225,-120.075
958,-120.05,50.225,-120.05
952,-120.025,50.225,-120.025
1116,-120,50.225,-120
1106,-119.975,50.225,-119.975
1252,-119.95,50.225,-119.95
1228,-119.925,50.225,-119.925
1361,-119.9,50.225,-119.9
1276,-119.875,50.225,-119.875
1324,-119.85,50.225,-119.85
1347,-119.825,50.225,-119.825
1406,-119.8,50.225,-119.8
1360,-119.775,50.225,-119.775
1410,-119.75,50.225,-119.75
1379,-119.725,50.225,-119.725
1213,-119.7,50.225,-119.7
1139,-119.675,50.225,-119.675
976,-119.65,50.225,-119.65
1021,-119.625,50.225,-119.625
1108,-119.6,50.225,-119.6
1334,-119.575,50.225,-119.575
1064,-119.55,50.225,-119.55
885,-119.525,50.225,-119.525
589,-119.5,50.225,-119.5
572,-119.475,50.225,-119.475
366,-119.45,50.225,-119.45
342,-119.425,50.225,-119.425
342,-119.4,50.225,-119.4
428,-119.375,50.225,-119.375
584,-119.35,50.225,-119.35
572,-119.325,50.225,-119.325
643,-119.3,50.225,-119.3
395,-119.275,50.225,-119.275
408,-119.25,50.225,-119.25
446,-119.225,50.225,-119.225
472,-119.2,50.225,-119.2
490,-119.175,50.225,-119.175
518,-119.15,50.225,-119.15
514,-119.125,50.225,-119.125
554,-119.1,50.225,-119.1
625,-119.075,50.225,-119.075
623,-119.05,50.225,-119.05
517,-119.025,50.225,-119.025
513,-119,50.225,-119
508,-118.975,50.225,-118.975
625,-118.95,50.225,-118.95
647,-118.925,50.225,-118.925
592,-118.9,50.225,-118.9
824,-118.875,50.225,-118.875
1142,-118.85,50.225,-118.85
1139,-118.825,50.225,-118.825
1059,-118.8,50.225,-118.8
1123,-118.775,50.225,-118.775
1089,-118.75,50.225,-118.75
1071,-118.725,50.225,-118.725
859,-118.7,50.225,-118.7
858,-118.675,50.225,-118.675
693,-118.65,50.225,-118.65
808,-118.625,50.225,-118.625
796,-118.6,50.225,-118.6
655,-118.575,50.225,-118.575
608,-118.55,50.225,-118.55
656,-118.525,50.225,-118.525
1056,-118.5,50.225,-118.5
1466,-123,50.25,-123
1546,-122.975,50.25,-122.975
1587,-122.95,50.25,-122.95
1614,-122.925,50.25,-122.925
789,-122.9,50.25,-122.9
778,-122.875,50.25,-122.875
511,-122.85,50.25,-122.85
1357,-122.825,50.25,-122.825
2300,-122.8,50.25,-122.8
2000,-122.775,50.25,-122.775
1730,-122.75,50.25,-122.75
1825,-122.725,50.25,-122.725
1980,-122.7,50.25,-122.7
1871,-122.675,50.25,-122.675
1145,-122.65,50.25,-122.65
886,-122.625,50.25,-122.625
1336,-122.6,50.25,-122.6
1363,-122.575,50.25,-122.575
652,-122.55,50.25,-122.55
223,-122.525,50.25,-122.525
197,-122.5,50.25,-122.5
455,-122.475,50.25,-122.475
1451,-122.45,50.25,-122.45
1402,-122.425,50.25,-122.425
1632,-122.4,50.25,-122.4
1697,-122.375,50.25,-122.375
2152,-122.35,50.25,-122.35
1768,-122.325,50.25,-122.325
2099,-122.3,50.25,-122.3
1946,-122.275,50.25,-122.275
1507,-122.25,50.25,-122.25
1463,-122.225,50.25,-122.225
2063,-122.2,50.25,-122.2
2010,-122.175,50.25,-122.175
1832,-122.15,50.25,-122.15
1632,-122.125,50.25,-122.125
1950,-122.1,50.25,-122.1
1372,-122.075,50.25,-122.075
1230,-122.05,50.25,-122.05
692,-122.025,50.25,-122.025
1110,-122,50.25,-122
1253,-121.975,50.25,-121.975
2281,-121.95,50.25,-121.95
1858,-121.925,50.25,-121.925
2032,-121.9,50.25,-121.9
2106,-121.875,50.25,-121.875
2240,-121.85,50.25,-121.85
2193,-121.825,50.25,-121.825
2167,-121.8,50.25,-121.8
1570,-121.775,50.25,-121.775
1812,-121.75,50.25,-121.75
1585,-121.725,50.25,-121.725
1490,-121.7,50.25,-121.7
837,-121.675,50.25,-121.675
866,-121.65,50.25,-121.65
623,-121.625,50.25,-121.625
167,-121.6,50.25,-121.6
302,-121.575,50.25,-121.575
308,-121.55,50.25,-121.55
425,-121.525,50.25,-121.525
244,-121.5,50.25,-121.5
300,-121.475,50.25,-121.475
443,-121.45,50.25,-121.45
863,-121.425,50.25,-121.425
647,-121.4,50.25,-121.4
799,-121.375,50.25,-121.375
1108,-121.35,50.25,-121.35
1136,-121.325,50.25,-121.325
1239,-121.3,50.25,-121.3
1184,-121.275,50.25,-121.275
1163,-121.25,50.25,-121.25
833,-121.225,50.25,-121.225
1120,-121.2,50.25,-121.2
1055,-121.175,50.25,-121.175
827,-121.15,50.25,-121.15
824,-121.125,50.25,-121.125
542,-121.1,50.25,-121.1
714,-121.075,50.25,-121.075
878,-121.05,50.25,-121.05
1131,-121.025,50.25,-121.025
1423,-121,50.25,-121
1413,-120.975,50.25,-120.975
1460,-120.95,50.25,-120.95
1356,-120.925,50.25,-120.925
1257,-120.9,50.25,-120.9
1049,-120.875,50.25,-120.875
890,-120.85,50.25,-120.85
981,-120.825,50.25,-120.825
1083,-120.8,50.25,-120.8
1311,-120.775,50.25,-120.775
1481,-120.75,50.25,-120.75
1482,-120.725,50.25,-120.725
1438,-120.7,50.25,-120.7
1509,-120.675,50.25,-120.675
1377,-120.65,50.25,-120.65
1096,-120.625,50.25,-120.625
1230,-120.6,50.25,-120.6
1334,-120.575,50.25,-120.575
1340,-120.55,50.25,-120.55
1256,-120.525,50.25,-120.525
1068,-120.5,50.25,-120.5
790,-120.475,50.25,-120.475
632,-120.45,50.25,-120.45
783,-120.425,50.25,-120.425
1023,-120.4,50.25,-120.4
1021,-120.375,50.25,-120.375
1104,-120.35,50.25,-120.35
1071,-120.325,50.25,-120.325
1183,-120.3,50.25,-120.3
1207,-120.275,50.25,-120.275
1225,-120.25,50.25,-120.25
1268,-120.225,50.25,-120.225
1219,-120.2,50.25,-120.2
1104,-120.175,50.25,-120.175
1094,-120.15,50.25,-120.15
1133,-120.125,50.25,-120.125
1054,-120.1,50.25,-120.1
1019,-120.075,50.25,-120.075
943,-120.05,50.25,-120.05
966,-120.025,50.25,-120.025
1026,-120,50.25,-120
1131,-119.975,50.25,-119.975
1155,-119.95,50.25,-119.95
1239,-119.925,50.25,-119.925
1363,-119.9,50.25,-119.9
1503,-119.875,50.25,-119.875
1636,-119.85,50.25,-119.85
1650,-119.825,50.25,-119.825
1645,-119.8,50.25,-119.8
1598,-119.775,50.25,-119.775
1738,-119.75,50.25,-119.75
1578,-119.725,50.25,-119.725
1616,-119.7,50.25,-119.7
1574,-119.675,50.25,-119.675
1616,-119.65,50.25,-119.65
1652,-119.625,50.25,-119.625
1343,-119.6,50.25,-119.6
841,-119.575,50.25,-119.575
971,-119.55,50.25,-119.55
1038,-119.525,50.25,-119.525
835,-119.5,50.25,-119.5
638,-119.475,50.25,-119.475
377,-119.45,50.25,-119.45
342,-119.425,50.25,-119.425
748,-119.4,50.25,-119.4
488,-119.375,50.25,-119.375
352,-119.35,50.25,-119.35
349,-119.325,50.25,-119.325
412,-119.3,50.25,-119.3
436,-119.275,50.25,-119.275
434,-119.25,50.25,-119.25
477,-119.225,50.25,-119.225
839,-119.2,50.25,-119.2
1114,-119.175,50.25,-119.175
1072,-119.15,50.25,-119.15
1081,-119.125,50.25,-119.125
979,-119.1,50.25,-119.1
632,-119.075,50.25,-119.075
793,-119.05,50.25,-119.05
793,-119.025,50.25,-119.025
991,-119,50.25,-119
552,-118.975,50.25,-118.975
531,-118.95,50.25,-118.95
506,-118.925,50.25,-118.925
518,-118.9,50.25,-118.9
589,-118.875,50.25,-118.875
587,-118.85,50.25,-118.85
638,-118.825,50.25,-118.825
955,-118.8,50.25,-118.8
831,-118.775,50.25,-118.775
617,-118.75,50.25,-118.75
500,-118.725,50.25,-118.725
472,-118.7,50.25,-118.7
486,-118.675,50.25,-118.675
495,-118.65,50.25,-118.65
507,-118.625,50.25,-118.625
708,-118.6,50.25,-118.6
994,-118.575,50.25,-118.575
1278,-118.55,50.25,-118.55
1044,-118.525,50.25,-118.525
691,-118.5,50.25,-118.5
1032,-123,50.275,-123
1322,-122.975,50.275,-122.975
1213,-122.95,50.275,-122.95
771,-122.925,50.275,-122.925
634,-122.9,50.275,-122.9
558,-122.875,50.275,-122.875
536,-122.85,50.275,-122.85
895,-122.825,50.275,-122.825
1274,-122.8,50.275,-122.8
1095,-122.775,50.275,-122.775
1448,-122.75,50.275,-122.75
1307,-122.725,50.275,-122.725
1061,-122.7,50.275,-122.7
1615,-122.675,50.275,-122.675
1425,-122.65,50.275,-122.65
1419,-122.625,50.275,-122.625
411,-122.6,50.275,-122.6
197,-122.575,50.275,-122.575
197,-122.55,50.275,-122.55
534,-122.525,50.275,-122.525
1048,-122.5,50.275,-122.5
1943,-122.475,50.275,-122.475
961,-122.45,50.275,-122.45
1024,-122.425,50.275,-122.425
1679,-122.4,50.275,-122.4
2252,-122.375,50.275,-122.375
1830,-122.35,50.275,-122.35
1475,-122.325,50.275,-122.325
2115,-122.3,50.275,-122.3
1959,-122.275,50.275,-122.275
1863,-122.25,50.275,-122.25
2078,-122.225,50.275,-122.225
1805,-122.2,50.275,-122.2
1537,-122.175,50.275,-122.175
2054,-122.15,50.275,-122.15
1807,-122.125,50.275,-122.125
1348,-122.1,50.275,-122.1
1421,-122.075,50.275,-122.075
1581,-122.05,50.275,-122.05
1553,-122.025,50.275,-122.025
705,-122,50.275,-122
1084,-121.975,50.275,-121.975
1794,-121.95,50.275,-121.95
1456,-121.925,50.275,-121.925
2144,-121.9,50.275,-121.9
2018,-121.875,50.275,-121.875
1973,-121.85,50.275,-121.85
2025,-121.825,50.275,-121.825
1794,-121.8,50.275,-121.8
1304,-121.775,50.275,-121.775
894,-121.75,50.275,-121.75
807,-121.725,50.275,-121.725
977,-121.7,50.275,-121.7
888,-121.675,50.275,-121.675
436,-121.65,50.275,-121.65
254,-121.625,50.275,-121.625
271,-121.6,50.275,-121.6
519,-121.575,50.275,-121.575
533,-121.55,50.275,-121.55
1013,-121.525,50.275,-121.525
788,-121.5,50.275,-121.5
928,-121.475,50.275,-121.475
961,-121.45,50.275,-121.45
737,-121.425,50.275,-121.425
281,-121.4,50.275,-121.4
756,-121.375,50.275,-121.375
854,-121.35,50.275,-121.35
1302,-121.325,50.275,-121.325
1409,-121.3,50.275,-121.3
1306,-121.275,50.275,-121.275
1271,-121.25,50.275,-121.25
1234,-121.225,50.275,-121.225
837,-121.2,50.275,-121.2
718,-121.175,50.275,-121.175
583,-121.15,50.275,-121.15
429,-121.125,50.275,-121.125
828,-121.1,50.275,-121.1
1242,-121.075,50.275,-121.075
1435,-121.05,50.275,-121.05
1416,-121.025,50.275,-121.025
1478,-121,50.275,-121
1481,-120.975,50.275,-120.975
1407,-120.95,50.275,-120.95
1387,-120.925,50.275,-120.925
1290,-120.9,50.275,-120.9
1155,-120.875,50.275,-120.875
968,-120.85,50.275,-120.85
1042,-120.825,50.275,-120.825
1194,-120.8,50.275,-120.8
1280,-120.775,50.275,-120.775
1498,-120.75,50.275,-120.75
1599,-120.725,50.275,-120.725
1598,-120.7,50.275,-120.7
1591,-120.675,50.275,-120.675
1510,-120.65,50.275,-120.65
1263,-120.625,50.275,-120.625
1391,-120.6,50.275,-120.6
1400,-120.575,50.275,-120.575
1369,-120.55,50.275,-120.55
1323,-120.525,50.275,-120.525
1207,-120.5,50.275,-120.5
1045,-120.475,50.275,-120.475
674,-120.45,50.275,-120.45
672,-120.425,50.275,-120.425
719,-120.4,50.275,-120.4
1010,-120.375,50.275,-120.375
1119,-120.35,50.275,-120.35
1127,-120.325,50.275,-120.325
1298,-120.3,50.275,-120.3
1441,-120.275,50.275,-120.275
1351,-120.25,50.275,-120.25
1274,-120.225,50.275,-120.225
1289,-120.2,50.275,-120.2
1160,-120.175,50.275,-120.175
1164,-120.15,50.275,-120.15
1132,-120.125,50.275,-120.125
1082,-120.1,50.275,-120.1
1034,-120.075,50.275,-120.075
977,-120.05,50.275,-120.05
979,-120.025,50.275,-120.025
943,-120,50.275,-120
992,-119.975,50.275,-119.975
1055,-119.95,50.275,-119.95
1199,-119.925,50.275,-119.925
1189,-119.9,50.275,-119.9
1349,-119.875,50.275,-119.875
1350,-119.85,50.275,-119.85
1463,-119.825,50.275,-119.825
1617,-119.8,50.275,-119.8
1689,-119.775,50.275,-119.775
1758,-119.75,50.275,-119.75
1887,-119.725,50.275,-119.725
1582,-119.7,50.275,-119.7
1547,-119.675,50.275,-119.675
1514,-119.65,50.275,-119.65
1308,-119.625,50.275,-119.625
1563,-119.6,50.275,-119.6
1432,-119.575,50.275,-119.575
1241,-119.55,50.275,-119.55
1214,-119.525,50.275,-119.525
1094,-119.5,50.275,-119.5
833,-119.475,50.275,-119.475
534,-119.45,50.275,-119.45
356,-119.425,50.275,-119.425
342,-119.4,50.275,-119.4
451,-119.375,50.275,-119.375
708,-119.35,50.275,-119.35
730,-119.325,50.275,-119.325
523,-119.3,50.275,-119.3
394,-119.275,50.275,-119.275
438,-119.25,50.275,-119.25
482,-119.225,50.275,-119.225
979,-119.2,50.275,-119.2
1291,-119.175,50.275,-119.175
1203,-119.15,50.275,-119.15
1056,-119.125,50.275,-119.125
990,-119.1,50.275,-119.1
817,-119.075,50.275,-119.075
1062,-119.05,50.275,-119.05
947,-119.025,50.275,-119.025
878,-119,50.275,-119
579,-118.975,50.275,-118.975
486,-118.95,50.275,-118.95
717,-118.925,50.275,-118.925
542,-118.9,50.275,-118.9
516,-118.875,50.275,-118.875
967,-118.85,50.275,-118.85
862,-118.825,50.275,-118.825
544,-118.8,50.275,-118.8
514,-118.775,50.275,-118.775
795,-118.75,50.275,-118.75
1102,-118.725,50.275,-118.725
1233,-118.7,50.275,-118.7
1388,-118.675,50.275,-118.675
1166,-118.65,50.275,-118.65
887,-118.625,50.275,-118.625
519,-118.6,50.275,-118.6
912,-118.575,50.275,-118.575
1358,-118.55,50.275,-118.55
1569,-118.525,50.275,-118.525
1085,-118.5,50.275,-118.5
1574,-123,50.3,-123
1468,-122.975,50.3,-122.975
1582,-122.95,50.3,-122.95
1479,-122.925,50.3,-122.925
1348,-122.9,50.3,-122.9
1524,-122.875,50.3,-122.875
1147,-122.85,50.3,-122.85
479,-122.825,50.3,-122.825
339,-122.8,50.3,-122.8
211,-122.775,50.3,-122.775
206,-122.75,50.3,-122.75
212,-122.725,50.3,-122.725
255,-122.7,50.3,-122.7
203,-122.675,50.3,-122.675
205,-122.65,50.3,-122.65
273,-122.625,50.3,-122.625
197,-122.6,50.3,-122.6
500,-122.575,50.3,-122.575
1003,-122.55,50.3,-122.55
1686,-122.525,50.3,-122.525
1993,-122.5,50.3,-122.5
1472,-122.475,50.3,-122.475
1978,-122.45,50.3,-122.45
2153,-122.425,50.3,-122.425
1309,-122.4,50.3,-122.4
1529,-122.375,50.3,-122.375
1527,-122.35,50.3,-122.35
1352,-122.325,50.3,-122.325
1718,-122.3,50.3,-122.3
1628,-122.275,50.3,-122.275
2170,-122.25,50.3,-122.25
2210,-122.225,50.3,-122.225
1715,-122.2,50.3,-122.2
1935,-122.175,50.3,-122.175
1684,-122.15,50.3,-122.15
2010,-122.125,50.3,-122.125
2085,-122.1,50.3,-122.1
1991,-122.075,50.3,-122.075
1768,-122.05,50.3,-122.05
1080,-122.025,50.3,-122.025
1105,-122,50.3,-122
677,-121.975,50.3,-121.975
992,-121.95,50.3,-121.95
1289,-121.925,50.3,-121.925
1336,-121.9,50.3,-121.9
1027,-121.875,50.3,-121.875
876,-121.85,50.3,-121.85
850,-121.825,50.3,-121.825
590,-121.8,50.3,-121.8
1347,-121.775,50.3,-121.775
1880,-121.75,50.3,-121.75
1619,-121.725,50.3,-121.725
1769,-121.7,50.3,-121.7
840,-121.675,50.3,-121.675
302,-121.65,50.3,-121.65
448,-121.625,50.3,-121.625
924,-121.6,50.3,-121.6
956,-121.575,50.3,-121.575
601,-121.55,50.3,-121.55
1215,-121.525,50.3,-121.525
1397,-121.5,50.3,-121.5
1615,-121.475,50.3,-121.475
1347,-121.45,50.3,-121.45
862,-121.425,50.3,-121.425
382,-121.4,50.3,-121.4
728,-121.375,50.3,-121.375
1144,-121.35,50.3,-121.35
1353,-121.325,50.3,-121.325
1082,-121.3,50.3,-121.3
1063,-121.275,50.3,-121.275
1132,-121.25,50.3,-121.25
715,-121.225,50.3,-121.225
378,-121.2,50.3,-121.2
611,-121.175,50.3,-121.175
880,-121.15,50.3,-121.15
905,-121.125,50.3,-121.125
734,-121.1,50.3,-121.1
873,-121.075,50.3,-121.075
922,-121.05,50.3,-121.05
1469,-121.025,50.3,-121.025
1417,-121,50.3,-121
1326,-120.975,50.3,-120.975
1362,-120.95,50.3,-120.95
1372,-120.925,50.3,-120.925
1476,-120.9,50.3,-120.9
1256,-120.875,50.3,-120.875
1022,-120.85,50.3,-120.85
1016,-120.825,50.3,-120.825
1245,-120.8,50.3,-120.8
1514,-120.775,50.3,-120.775
1526,-120.75,50.3,-120.75
1514,-120.725,50.3,-120.725
1583,-120.7,50.3,-120.7
1547,-120.675,50.3,-120.675
1409,-120.65,50.3,-120.65
1383,-120.625,50.3,-120.625
1535,-120.6,50.3,-120.6
1570,-120.575,50.3,-120.575
1533,-120.55,50.3,-120.55
1498,-120.525,50.3,-120.525
1352,-120.5,50.3,-120.5
1175,-120.475,50.3,-120.475
772,-120.45,50.3,-120.45
918,-120.425,50.3,-120.425
661,-120.4,50.3,-120.4
839,-120.375,50.3,-120.375
1134,-120.35,50.3,-120.35
1092,-120.325,50.3,-120.325
1155,-120.3,50.3,-120.3
1343,-120.275,50.3,-120.275
1391,-120.25,50.3,-120.25
1363,-120.225,50.3,-120.225
1337,-120.2,50.3,-120.2
1221,-120.175,50.3,-120.175
1230,-120.15,50.3,-120.15
1146,-120.125,50.3,-120.125
1183,-120.1,50.3,-120.1
1162,-120.075,50.3,-120.075
1067,-120.05,50.3,-120.05
1010,-120.025,50.3,-120.025
971,-120,50.3,-120
977,-119.975,50.3,-119.975
1051,-119.95,50.3,-119.95
1022,-119.925,50.3,-119.925
1092,-119.9,50.3,-119.9
1268,-119.875,50.3,-119.875
1393,-119.85,50.3,-119.85
1231,-119.825,50.3,-119.825
1352,-119.8,50.3,-119.8
1369,-119.775,50.3,-119.775
1418,-119.75,50.3,-119.75
1364,-119.725,50.3,-119.725
1492,-119.7,50.3,-119.7
1744,-119.675,50.3,-119.675
1581,-119.65,50.3,-119.65
1627,-119.625,50.3,-119.625
1433,-119.6,50.3,-119.6
1214,-119.575,50.3,-119.575
996,-119.55,50.3,-119.55
801,-119.525,50.3,-119.525
767,-119.5,50.3,-119.5
725,-119.475,50.3,-119.475
569,-119.45,50.3,-119.45
488,-119.425,50.3,-119.425
393,-119.4,50.3,-119.4
342,-119.375,50.3,-119.375
347,-119.35,50.3,-119.35
677,-119.325,50.3,-119.325
671,-119.3,50.3,-119.3
422,-119.275,50.3,-119.275
406,-119.25,50.3,-119.25
567,-119.225,50.3,-119.225
663,-119.2,50.3,-119.2
1077,-119.175,50.3,-119.175
1131,-119.15,50.3,-119.15
1081,-119.125,50.3,-119.125
994,-119.1,50.3,-119.1
1170,-119.075,50.3,-119.075
1077,-119.05,50.3,-119.05
1155,-119.025,50.3,-119.025
1088,-119,50.3,-119
921,-118.975,50.3,-118.975
647,-118.95,50.3,-118.95
756,-118.925,50.3,-118.925
507,-118.9,50.3,-118.9
462,-118.875,50.3,-118.875
432,-118.85,50.3,-118.85
417,-118.825,50.3,-118.825
752,-118.8,50.3,-118.8
1271,-118.775,50.3,-118.775
1475,-118.75,50.3,-118.75
1423,-118.725,50.3,-118.725
1445,-118.7,50.3,-118.7
1523,-118.675,50.3,-118.675
1451,-118.65,50.3,-118.65
1247,-118.625,50.3,-118.625
724,-118.6,50.3,-118.6
774,-118.575,50.3,-118.575
1247,-118.55,50.3,-118.55
1635,-118.525,50.3,-118.525
1676,-118.5,50.3,-118.5
2378,-123,50.325,-123
2155,-122.975,50.325,-122.975
1809,-122.95,50.325,-122.95
1781,-122.925,50.325,-122.925
1625,-122.9,50.325,-122.9
997,-122.875,50.325,-122.875
894,-122.85,50.325,-122.85
394,-122.825,50.325,-122.825
212,-122.8,50.325,-122.8
211,-122.775,50.325,-122.775
433,-122.75,50.325,-122.75
327,-122.725,50.325,-122.725
303,-122.7,50.325,-122.7
449,-122.675,50.325,-122.675
317,-122.65,50.325,-122.65
543,-122.625,50.325,-122.625
1350,-122.6,50.325,-122.6
846,-122.575,50.325,-122.575
927,-122.55,50.325,-122.55
1252,-122.525,50.325,-122.525
2121,-122.5,50.325,-122.5
2476,-122.475,50.325,-122.475
2507,-122.45,50.325,-122.45
2134,-122.425,50.325,-122.425
1914,-122.4,50.325,-122.4
1910,-122.375,50.325,-122.375
1790,-122.35,50.325,-122.35
1835,-122.325,50.325,-122.325
1328,-122.3,50.325,-122.3
2089,-122.275,50.325,-122.275
2168,-122.25,50.325,-122.25
2123,-122.225,50.325,-122.225
2177,-122.2,50.325,-122.2
1835,-122.175,50.325,-122.175
1606,-122.15,50.325,-122.15
1891,-122.125,50.325,-122.125
1832,-122.1,50.325,-122.1
1391,-122.075,50.325,-122.075
1738,-122.05,50.325,-122.05
1773,-122.025,50.325,-122.025
1662,-122,50.325,-122
999,-121.975,50.325,-121.975
1344,-121.95,50.325,-121.95
1089,-121.925,50.325,-121.925
1286,-121.9,50.325,-121.9
1421,-121.875,50.325,-121.875
1673,-121.85,50.325,-121.85
1918,-121.825,50.325,-121.825
1762,-121.8,50.325,-121.8
2456,-121.775,50.325,-121.775
2264,-121.75,50.325,-121.75
2089,-121.725,50.325,-121.725
1505,-121.7,50.325,-121.7
692,-121.675,50.325,-121.675
249,-121.65,50.325,-121.65
971,-121.625,50.325,-121.625
1446,-121.6,50.325,-121.6
1323,-121.575,50.325,-121.575
750,-121.55,50.325,-121.55
1329,-121.525,50.325,-121.525
1358,-121.5,50.325,-121.5
1164,-121.475,50.325,-121.475
1184,-121.45,50.325,-121.45
1020,-121.425,50.325,-121.425
296,-121.4,50.325,-121.4
790,-121.375,50.325,-121.375
1012,-121.35,50.325,-121.35
1158,-121.325,50.325,-121.325
1272,-121.3,50.325,-121.3
1082,-121.275,50.325,-121.275
864,-121.25,50.325,-121.25
448,-121.225,50.325,-121.225
969,-121.2,50.325,-121.2
1145,-121.175,50.325,-121.175
782,-121.15,50.325,-121.15
1037,-121.125,50.325,-121.125
1247,-121.1,50.325,-121.1
1514,-121.075,50.325,-121.075
1204,-121.05,50.325,-121.05
1119,-121.025,50.325,-121.025
1139,-121,50.325,-121
1191,-120.975,50.325,-120.975
1258,-120.95,50.325,-120.95
1304,-120.925,50.325,-120.925
1318,-120.9,50.325,-120.9
1298,-120.875,50.325,-120.875
1127,-120.85,50.325,-120.85
992,-120.825,50.325,-120.825
1133,-120.8,50.325,-120.8
1570,-120.775,50.325,-120.775
1586,-120.75,50.325,-120.75
1460,-120.725,50.325,-120.725
1394,-120.7,50.325,-120.7
1384,-120.675,50.325,-120.675
1376,-120.65,50.325,-120.65
1457,-120.625,50.325,-120.625
1496,-120.6,50.325,-120.6
1539,-120.575,50.325,-120.575
1601,-120.55,50.325,-120.55
1444,-120.525,50.325,-120.525
1300,-120.5,50.325,-120.5
1087,-120.475,50.325,-120.475
831,-120.45,50.325,-120.45
864,-120.425,50.325,-120.425
752,-120.4,50.325,-120.4
745,-120.375,50.325,-120.375
1011,-120.35,50.325,-120.35
1047,-120.325,50.325,-120.325
1309,-120.3,50.325,-120.3
1287,-120.275,50.325,-120.275
1255,-120.25,50.325,-120.25
1391,-120.225,50.325,-120.225
1372,-120.2,50.325,-120.2
1326,-120.175,50.325,-120.175
1244,-120.15,50.325,-120.15
1218,-120.125,50.325,-120.125
1233,-120.1,50.325,-120.1
1150,-120.075,50.325,-120.075
1126,-120.05,50.325,-120.05
1104,-120.025,50.325,-120.025
1043,-120,50.325,-120
964,-119.975,50.325,-119.975
985,-119.95,50.325,-119.95
1051,-119.925,50.325,-119.925
1087,-119.9,50.325,-119.9
1221,-119.875,50.325,-119.875
1204,-119.85,50.325,-119.85
1298,-119.825,50.325,-119.825
1404,-119.8,50.325,-119.8
1530,-119.775,50.325,-119.775
1638,-119.75,50.325,-119.75
1513,-119.725,50.325,-119.725
1767,-119.7,50.325,-119.7
1677,-119.675,50.325,-119.675
1675,-119.65,50.325,-119.65
1584,-119.625,50.325,-119.625
1754,-119.6,50.325,-119.6
1628,-119.575,50.325,-119.575
1285,-119.55,50.325,-119.55
1263,-119.525,50.325,-119.525
1219,-119.5,50.325,-119.5
1026,-119.475,50.325,-119.475
523,-119.45,50.325,-119.45
1172,-119.425,50.325,-119.425
880,-119.4,50.325,-119.4
553,-119.375,50.325,-119.375
342,-119.35,50.325,-119.35
342,-119.325,50.325,-119.325
537,-119.3,50.325,-119.3
495,-119.275,50.325,-119.275
387,-119.25,50.325,-119.25
659,-119.225,50.325,-119.225
838,-119.2,50.325,-119.2
915,-119.175,50.325,-119.175
937,-119.15,50.325,-119.15
967,-119.125,50.325,-119.125
1460,-119.1,50.325,-119.1
1390,-119.075,50.325,-119.075
1142,-119.05,50.325,-119.05
1240,-119.025,50.325,-119.025
1216,-119,50.325,-119
1044,-118.975,50.325,-118.975
769,-118.95,50.325,-118.95
931,-118.925,50.325,-118.925
1118,-118.9,50.325,-118.9
842,-118.875,50.325,-118.875
777,-118.85,50.325,-118.85
634,-118.825,50.325,-118.825
442,-118.8,50.325,-118.8
985,-118.775,50.325,-118.775
1241,-118.75,50.325,-118.75
1292,-118.725,50.325,-118.725
1384,-118.7,50.325,-118.7
1518,-118.675,50.325,-118.675
1499,-118.65,50.325,-118.65
1303,-118.625,50.325,-118.625
984,-118.6,50.325,-118.6
640,-118.575,50.325,-118.575
862,-118.55,50.325,-118.55
1354,-118.525,50.325,-118.525
1516,-118.5,50.325,-118.5
1892,-123,50.35,-123
1642,-122.975,50.35,-122.975
1645,-122.95,50.35,-122.95
1444,-122.925,50.35,-122.925
890,-122.9,50.35,-122.9
440,-122.875,50.35,-122.875
230,-122.85,50.35,-122.85
212,-122.825,50.35,-122.825
700,-122.8,50.35,-122.8
1051,-122.775,50.35,-122.775
497,-122.75,50.35,-122.75
337,-122.725,50.35,-122.725
406,-122.7,50.35,-122.7
875,-122.675,50.35,-122.675
1682,-122.65,50.35,-122.65
1754,-122.625,50.35,-122.625
1977,-122.6,50.35,-122.6
2001,-122.575,50.35,-122.575
1218,-122.55,50.35,-122.55
1178,-122.525,50.35,-122.525
1956,-122.5,50.35,-122.5
1589,-122.475,50.35,-122.475
2192,-122.45,50.35,-122.45
1548,-122.425,50.35,-122.425
1878,-122.4,50.35,-122.4
1398,-122.375,50.35,-122.375
2193,-122.35,50.35,-122.35
1864,-122.325,50.35,-122.325
1337,-122.3,50.35,-122.3
1753,-122.275,50.35,-122.275
2329,-122.25,50.35,-122.25
1750,-122.225,50.35,-122.225
2194,-122.2,50.35,-122.2
1991,-122.175,50.35,-122.175
2138,-122.15,50.35,-122.15
1790,-122.125,50.35,-122.125
1777,-122.1,50.35,-122.1
1884,-122.075,50.35,-122.075
1842,-122.05,50.35,-122.05
1539,-122.025,50.35,-122.025
1225,-122,50.35,-122
1613,-121.975,50.35,-121.975
1842,-121.95,50.35,-121.95
1988,-121.925,50.35,-121.925
2029,-121.9,50.35,-121.9
1596,-121.875,50.35,-121.875
1976,-121.85,50.35,-121.85
2319,-121.825,50.35,-121.825
2261,-121.8,50.35,-121.8
2243,-121.775,50.35,-121.775
2174,-121.75,50.35,-121.75
1578,-121.725,50.35,-121.725
948,-121.7,50.35,-121.7
289,-121.675,50.35,-121.675
487,-121.65,50.35,-121.65
1347,-121.625,50.35,-121.625
1570,-121.6,50.35,-121.6
1187,-121.575,50.35,-121.575
934,-121.55,50.35,-121.55
1520,-121.525,50.35,-121.525
1678,-121.5,50.35,-121.5
1711,-121.475,50.35,-121.475
1392,-121.45,50.35,-121.45
1086,-121.425,50.35,-121.425
378,-121.4,50.35,-121.4
798,-121.375,50.35,-121.375
988,-121.35,50.35,-121.35
1185,-121.325,50.35,-121.325
1194,-121.3,50.35,-121.3
983,-121.275,50.35,-121.275
700,-121.25,50.35,-121.25
555,-121.225,50.35,-121.225
1053,-121.2,50.35,-121.2
1331,-121.175,50.35,-121.175
1115,-121.15,50.35,-121.15
1308,-121.125,50.35,-121.125
1711,-121.1,50.35,-121.1
1598,-121.075,50.35,-121.075
1306,-121.05,50.35,-121.05
1464,-121.025,50.35,-121.025
1564,-121,50.35,-121
1481,-120.975,50.35,-120.975
1441,-120.95,50.35,-120.95
1409,-120.925,50.35,-120.925
1431,-120.9,50.35,-120.9
1463,-120.875,50.35,-120.875
1387,-120.85,50.35,-120.85
1097,-120.825,50.35,-120.825
1029,-120.8,50.35,-120.8
1472,-120.775,50.35,-120.775
1443,-120.75,50.35,-120.75
1334,-120.725,50.35,-120.725
1439,-120.7,50.35,-120.7
1524,-120.675,50.35,-120.675
1519,-120.65,50.35,-120.65
1406,-120.625,50.35,-120.625
1550,-120.6,50.35,-120.6
1554,-120.575,50.35,-120.575
1577,-120.55,50.35,-120.55
1477,-120.525,50.35,-120.525
1352,-120.5,50.35,-120.5
1212,-120.475,50.35,-120.475
882,-120.45,50.35,-120.45
982,-120.425,50.35,-120.425
743,-120.4,50.35,-120.4
782,-120.375,50.35,-120.375
865,-120.35,50.35,-120.35
1033,-120.325,50.35,-120.325
1139,-120.3,50.35,-120.3
1274,-120.275,50.35,-120.275
1253,-120.25,50.35,-120.25
1285,-120.225,50.35,-120.225
1280,-120.2,50.35,-120.2
1287,-120.175,50.35,-120.175
1376,-120.15,50.35,-120.15
1287,-120.125,50.35,-120.125
1297,-120.1,50.35,-120.1
1308,-120.075,50.35,-120.075
1264,-120.05,50.35,-120.05
1185,-120.025,50.35,-120.025
1186,-120,50.35,-120
1081,-119.975,50.35,-119.975
1006,-119.95,50.35,-119.95
1043,-119.925,50.35,-119.925
1146,-119.9,50.35,-119.9
1172,-119.875,50.35,-119.875
1355,-119.85,50.35,-119.85
1280,-119.825,50.35,-119.825
1178,-119.8,50.35,-119.8
1410,-119.775,50.35,-119.775
1445,-119.75,50.35,-119.75
1607,-119.725,50.35,-119.725
1671,-119.7,50.35,-119.7
1656,-119.675,50.35,-119.675
1611,-119.65,50.35,-119.65
1502,-119.625,50.35,-119.625
1623,-119.6,50.35,-119.6
1517,-119.575,50.35,-119.575
1455,-119.55,50.35,-119.55
1293,-119.525,50.35,-119.525
881,-119.5,50.35,-119.5
609,-119.475,50.35,-119.475
754,-119.45,50.35,-119.45
1277,-119.425,50.35,-119.425
1189,-119.4,50.35,-119.4
1154,-119.375,50.35,-119.375
741,-119.35,50.35,-119.35
363,-119.325,50.35,-119.325
353,-119.3,50.35,-119.3
433,-119.275,50.35,-119.275
401,-119.25,50.35,-119.25
678,-119.225,50.35,-119.225
998,-119.2,50.35,-119.2
1340,-119.175,50.35,-119.175
1484,-119.15,50.35,-119.15
1601,-119.125,50.35,-119.125
1432,-119.1,50.35,-119.1
1496,-119.075,50.35,-119.075
1505,-119.05,50.35,-119.05
1136,-119.025,50.35,-119.025
1006,-119,50.35,-119
1109,-118.975,50.35,-118.975
884,-118.95,50.35,-118.95
908,-118.925,50.35,-118.925
1154,-118.9,50.35,-118.9
1182,-118.875,50.35,-118.875
1084,-118.85,50.35,-118.85
800,-118.825,50.35,-118.825
410,-118.8,50.35,-118.8
557,-118.775,50.35,-118.775
912,-118.75,50.35,-118.75
1180,-118.725,50.35,-118.725
1372,-118.7,50.35,-118.7
1579,-118.675,50.35,-118.675
1643,-118.65,50.35,-118.65
1499,-118.625,50.35,-118.625
1326,-118.6,50.35,-118.6
917,-118.575,50.35,-118.575
760,-118.55,50.35,-118.55
633,-118.525,50.35,-118.525
830,-118.5,50.35,-118.5
830,-118.5,50.35,-118.5
1780,-123,50.375,-123
1658,-122.975,50.375,-122.975
1486,-122.95,50.375,-122.95
1262,-122.925,50.375,-122.925
1282,-122.9,50.375,-122.9
372,-122.875,50.375,-122.875
214,-122.85,50.375,-122.85
375,-122.825,50.375,-122.825
1139,-122.8,50.375,-122.8
1186,-122.775,50.375,-122.775
840,-122.75,50.375,-122.75
411,-122.725,50.375,-122.725
1009,-122.7,50.375,-122.7
1782,-122.675,50.375,-122.675
1609,-122.65,50.375,-122.65
2248,-122.625,50.375,-122.625
2207,-122.6,50.375,-122.6
1975,-122.575,50.375,-122.575
1173,-122.55,50.375,-122.55
1508,-122.525,50.375,-122.525
1295,-122.5,50.375,-122.5
1328,-122.475,50.375,-122.475
1463,-122.45,50.375,-122.45
1351,-122.425,50.375,-122.425
1257,-122.4,50.375,-122.4
1239,-122.375,50.375,-122.375
1423,-122.35,50.375,-122.35
1689,-122.325,50.375,-122.325
1852,-122.3,50.375,-122.3
2053,-122.275,50.375,-122.275
2054,-122.25,50.375,-122.25
1667,-122.225,50.375,-122.225
1672,-122.2,50.375,-122.2
2386,-122.175,50.375,-122.175
2168,-122.15,50.375,-122.15
1848,-122.125,50.375,-122.125
1970,-122.1,50.375,-122.1
2161,-122.075,50.375,-122.075
2051,-122.05,50.375,-122.05
1642,-122.025,50.375,-122.025
1846,-122,50.375,-122
2069,-121.975,50.375,-121.975
1902,-121.95,50.375,-121.95
1920,-121.925,50.375,-121.925
1920,-121.9,50.375,-121.9
2196,-121.875,50.375,-121.875
1827,-121.85,50.375,-121.85
2089,-121.825,50.375,-121.825
2267,-121.8,50.375,-121.8
2217,-121.775,50.375,-121.775
1852,-121.75,50.375,-121.75
1316,-121.725,50.375,-121.725
618,-121.7,50.375,-121.7
163,-121.675,50.375,-121.675
891,-121.65,50.375,-121.65
1678,-121.625,50.375,-121.625
2005,-121.6,50.375,-121.6
1372,-121.575,50.375,-121.575
1115,-121.55,50.375,-121.55
1440,-121.525,50.375,-121.525
1271,-121.5,50.375,-121.5
1288,-121.475,50.375,-121.475
1203,-121.45,50.375,-121.45
586,-121.425,50.375,-121.425
212,-121.4,50.375,-121.4
773,-121.375,50.375,-121.375
965,-121.35,50.375,-121.35
927,-121.325,50.375,-121.325
949,-121.3,50.375,-121.3
783,-121.275,50.375,-121.275
379,-121.25,50.375,-121.25
881,-121.225,50.375,-121.225
1252,-121.2,50.375,-121.2
1457,-121.175,50.375,-121.175
1599,-121.15,50.375,-121.15
1748,-121.125,50.375,-121.125
1662,-121.1,50.375,-121.1
1655,-121.075,50.375,-121.075
1583,-121.05,50.375,-121.05
1556,-121.025,50.375,-121.025
1572,-121,50.375,-121
1565,-120.975,50.375,-120.975
1582,-120.95,50.375,-120.95
1520,-120.925,50.375,-120.925
1467,-120.9,50.375,-120.9
1425,-120.875,50.375,-120.875
1355,-120.85,50.375,-120.85
1164,-120.825,50.375,-120.825
968,-120.8,50.375,-120.8
1328,-120.775,50.375,-120.775
1479,-120.75,50.375,-120.75
1547,-120.725,50.375,-120.725
1596,-120.7,50.375,-120.7
1622,-120.675,50.375,-120.675
1613,-120.65,50.375,-120.65
1439,-120.625,50.375,-120.625
1467,-120.6,50.375,-120.6
1523,-120.575,50.375,-120.575
1477,-120.55,50.375,-120.55
1529,-120.525,50.375,-120.525
1372,-120.5,50.375,-120.5
1293,-120.475,50.375,-120.475
1075,-120.45,50.375,-120.45
959,-120.425,50.375,-120.425
1043,-120.4,50.375,-120.4
823,-120.375,50.375,-120.375
743,-120.35,50.375,-120.35
838,-120.325,50.375,-120.325
901,-120.3,50.375,-120.3
1004,-120.275,50.375,-120.275
1134,-120.25,50.375,-120.25
1197,-120.225,50.375,-120.225
1205,-120.2,50.375,-120.2
1181,-120.175,50.375,-120.175
1256,-120.15,50.375,-120.15
1347,-120.125,50.375,-120.125
1512,-120.1,50.375,-120.1
1526,-120.075,50.375,-120.075
1518,-120.05,50.375,-120.05
1286,-120.025,50.375,-120.025
1168,-120,50.375,-120
1231,-119.975,50.375,-119.975
1076,-119.95,50.375,-119.95
1017,-119.925,50.375,-119.925
963,-119.9,50.375,-119.9
902,-119.875,50.375,-119.875
720,-119.85,50.375,-119.85
1084,-119.825,50.375,-119.825
1301,-119.8,50.375,-119.8
1322,-119.775,50.375,-119.775
1127,-119.75,50.375,-119.75
1370,-119.725,50.375,-119.725
1471,-119.7,50.375,-119.7
1530,-119.675,50.375,-119.675
1628,-119.65,50.375,-119.65
1627,-119.625,50.375,-119.625
1285,-119.6,50.375,-119.6
1306,-119.575,50.375,-119.575
1012,-119.55,50.375,-119.55
1143,-119.525,50.375,-119.525
755,-119.5,50.375,-119.5
925,-119.475,50.375,-119.475
1293,-119.45,50.375,-119.45
1233,-119.425,50.375,-119.425
1315,-119.4,50.375,-119.4
1247,-119.375,50.375,-119.375
598,-119.35,50.375,-119.35
625,-119.325,50.375,-119.325
437,-119.3,50.375,-119.3
358,-119.275,50.375,-119.275
391,-119.25,50.375,-119.25
583,-119.225,50.375,-119.225
895,-119.2,50.375,-119.2
1312,-119.175,50.375,-119.175
1468,-119.15,50.375,-119.15
1534,-119.125,50.375,-119.125
1687,-119.1,50.375,-119.1
1784,-119.075,50.375,-119.075
1756,-119.05,50.375,-119.05
1638,-119.025,50.375,-119.025
1362,-119,50.375,-119
1146,-118.975,50.375,-118.975
930,-118.95,50.375,-118.95
783,-118.925,50.375,-118.925
890,-118.9,50.375,-118.9
1122,-118.875,50.375,-118.875
1237,-118.85,50.375,-118.85
969,-118.825,50.375,-118.825
435,-118.8,50.375,-118.8
423,-118.775,50.375,-118.775
560,-118.75,50.375,-118.75
708,-118.725,50.375,-118.725
1146,-118.7,50.375,-118.7
1386,-118.675,50.375,-118.675
1585,-118.65,50.375,-118.65
1619,-118.625,50.375,-118.625
1515,-118.6,50.375,-118.6
1194,-118.575,50.375,-118.575
951,-118.55,50.375,-118.55
600,-118.525,50.375,-118.525
781,-118.5,50.375,-118.5
1904,-123,50.4,-123
1988,-122.975,50.4,-122.975
1806,-122.95,50.4,-122.95
1224,-122.925,50.4,-122.925
384,-122.9,50.4,-122.9
219,-122.875,50.4,-122.875
884,-122.85,50.4,-122.85
1636,-122.825,50.4,-122.825
1149,-122.8,50.4,-122.8
1395,-122.775,50.4,-122.775
1621,-122.75,50.4,-122.75
1206,-122.725,50.4,-122.725
423,-122.7,50.4,-122.7
940,-122.675,50.4,-122.675
1922,-122.65,50.4,-122.65
2117,-122.625,50.4,-122.625
1917,-122.6,50.4,-122.6
2008,-122.575,50.4,-122.575
1920,-122.55,50.4,-122.55
2405,-122.525,50.4,-122.525
1739,-122.5,50.4,-122.5
1371,-122.475,50.4,-122.475
2016,-122.45,50.4,-122.45
2056,-122.425,50.4,-122.425
2175,-122.4,50.4,-122.4
1614,-122.375,50.4,-122.375
1279,-122.35,50.4,-122.35
1120,-122.325,50.4,-122.325
1371,-122.3,50.4,-122.3
1807,-122.275,50.4,-122.275
1795,-122.25,50.4,-122.25
1441,-122.225,50.4,-122.225
2319,-122.2,50.4,-122.2
2051,-122.175,50.4,-122.175
2071,-122.15,50.4,-122.15
2203,-122.125,50.4,-122.125
2108,-122.1,50.4,-122.1
1701,-122.075,50.4,-122.075
1494,-122.05,50.4,-122.05
1772,-122.025,50.4,-122.025
2144,-122,50.4,-122
2040,-121.975,50.4,-121.975
2166,-121.95,50.4,-121.95
1925,-121.925,50.4,-121.925
1795,-121.9,50.4,-121.9
1974,-121.875,50.4,-121.875
2319,-121.85,50.4,-121.85
1645,-121.825,50.4,-121.825
1520,-121.8,50.4,-121.8
1667,-121.775,50.4,-121.775
1966,-121.75,50.4,-121.75
1188,-121.725,50.4,-121.725
482,-121.7,50.4,-121.7
161,-121.675,50.4,-121.675
805,-121.65,50.4,-121.65
1201,-121.625,50.4,-121.625
1402,-121.6,50.4,-121.6
1614,-121.575,50.4,-121.575
1306,-121.55,50.4,-121.55
1235,-121.525,50.4,-121.525
1473,-121.5,50.4,-121.5
1327,-121.475,50.4,-121.475
1188,-121.45,50.4,-121.45
1374,-121.425,50.4,-121.425
499,-121.4,50.4,-121.4
353,-121.375,50.4,-121.375
936,-121.35,50.4,-121.35
1091,-121.325,50.4,-121.325
520,-121.3,50.4,-121.3
529,-121.275,50.4,-121.275
1045,-121.25,50.4,-121.25
1202,-121.225,50.4,-121.225
1412,-121.2,50.4,-121.2
1479,-121.175,50.4,-121.175
1482,-121.15,50.4,-121.15
1510,-121.125,50.4,-121.125
1574,-121.1,50.4,-121.1
1578,-121.075,50.4,-121.075
1650,-121.05,50.4,-121.05
1642,-121.025,50.4,-121.025
1704,-121,50.4,-121
1658,-120.975,50.4,-120.975
1588,-120.95,50.4,-120.95
1547,-120.925,50.4,-120.925
1451,-120.9,50.4,-120.9
1418,-120.875,50.4,-120.875
1267,-120.85,50.4,-120.85
1052,-120.825,50.4,-120.825
1062,-120.8,50.4,-120.8
1327,-120.775,50.4,-120.775
1490,-120.75,50.4,-120.75
1525,-120.725,50.4,-120.725
1512,-120.7,50.4,-120.7
1476,-120.675,50.4,-120.675
1503,-120.65,50.4,-120.65
1443,-120.625,50.4,-120.625
1480,-120.6,50.4,-120.6
1466,-120.575,50.4,-120.575
1454,-120.55,50.4,-120.55
1530,-120.525,50.4,-120.525
1456,-120.5,50.4,-120.5
1376,-120.475,50.4,-120.475
1266,-120.45,50.4,-120.45
1080,-120.425,50.4,-120.425
1093,-120.4,50.4,-120.4
1052,-120.375,50.4,-120.375
954,-120.35,50.4,-120.35
790,-120.325,50.4,-120.325
941,-120.3,50.4,-120.3
972,-120.275,50.4,-120.275
1078,-120.25,50.4,-120.25
1150,-120.225,50.4,-120.225
1226,-120.2,50.4,-120.2
1186,-120.175,50.4,-120.175
1238,-120.15,50.4,-120.15
1292,-120.125,50.4,-120.125
1454,-120.1,50.4,-120.1
1426,-120.075,50.4,-120.075
1335,-120.05,50.4,-120.05
1336,-120.025,50.4,-120.025
1404,-120,50.4,-120
1426,-119.975,50.4,-119.975
1382,-119.95,50.4,-119.95
1255,-119.925,50.4,-119.925
1005,-119.9,50.4,-119.9
1105,-119.875,50.4,-119.875
1182,-119.85,50.4,-119.85
822,-119.825,50.4,-119.825
942,-119.8,50.4,-119.8
1239,-119.775,50.4,-119.775
1410,-119.75,50.4,-119.75
1202,-119.725,50.4,-119.725
1290,-119.7,50.4,-119.7
1282,-119.675,50.4,-119.675
1462,-119.65,50.4,-119.65
1311,-119.625,50.4,-119.625
1311,-119.6,50.4,-119.6
1523,-119.575,50.4,-119.575
1302,-119.55,50.4,-119.55
1322,-119.525,50.4,-119.525
721,-119.5,50.4,-119.5
1130,-119.475,50.4,-119.475
1359,-119.45,50.4,-119.45
1378,-119.425,50.4,-119.425
1243,-119.4,50.4,-119.4
955,-119.375,50.4,-119.375
656,-119.35,50.4,-119.35
514,-119.325,50.4,-119.325
459,-119.3,50.4,-119.3
430,-119.275,50.4,-119.275
370,-119.25,50.4,-119.25
412,-119.225,50.4,-119.225
532,-119.2,50.4,-119.2
1034,-119.175,50.4,-119.175
1400,-119.15,50.4,-119.15
1435,-119.125,50.4,-119.125
1504,-119.1,50.4,-119.1
1711,-119.075,50.4,-119.075
1485,-119.05,50.4,-119.05
1260,-119.025,50.4,-119.025
1225,-119,50.4,-119
1127,-118.975,50.4,-118.975
945,-118.95,50.4,-118.95
742,-118.925,50.4,-118.925
832,-118.9,50.4,-118.9
889,-118.875,50.4,-118.875
1052,-118.85,50.4,-118.85
962,-118.825,50.4,-118.825
604,-118.8,50.4,-118.8
420,-118.775,50.4,-118.775
1063,-118.75,50.4,-118.75
879,-118.725,50.4,-118.725
832,-118.7,50.4,-118.7
1192,-118.675,50.4,-118.675
1439,-118.65,50.4,-118.65
1260,-118.625,50.4,-118.625
1153,-118.6,50.4,-118.6
1187,-118.575,50.4,-118.575
765,-118.55,50.4,-118.55
600,-118.525,50.4,-118.525
600,-118.5,50.4,-118.5
1735,-123,50.425,-123
1513,-122.975,50.425,-122.975
1101,-122.95,50.425,-122.95
329,-122.925,50.425,-122.925
226,-122.9,50.425,-122.9
1160,-122.875,50.425,-122.875
1537,-122.85,50.425,-122.85
1198,-122.825,50.425,-122.825
1709,-122.8,50.425,-122.8
1619,-122.775,50.425,-122.775
1875,-122.75,50.425,-122.75
966,-122.725,50.425,-122.725
387,-122.7,50.425,-122.7
861,-122.675,50.425,-122.675
1730,-122.65,50.425,-122.65
2324,-122.625,50.425,-122.625
1979,-122.6,50.425,-122.6
1745,-122.575,50.425,-122.575
1469,-122.55,50.425,-122.55
1871,-122.525,50.425,-122.525
2057,-122.5,50.425,-122.5
1837,-122.475,50.425,-122.475
1982,-122.45,50.425,-122.45
1866,-122.425,50.425,-122.425
1896,-122.4,50.425,-122.4
2181,-122.375,50.425,-122.375
1829,-122.35,50.425,-122.35
1683,-122.325,50.425,-122.325
1793,-122.3,50.425,-122.3
1157,-122.275,50.425,-122.275
1275,-122.25,50.425,-122.25
2100,-122.225,50.425,-122.225
2223,-122.2,50.425,-122.2
2053,-122.175,50.425,-122.175
1856,-122.15,50.425,-122.15
2261,-122.125,50.425,-122.125
2062,-122.1,50.425,-122.1
2192,-122.075,50.425,-122.075
2289,-122.05,50.425,-122.05
2037,-122.025,50.425,-122.025
1841,-122,50.425,-122
1991,-121.975,50.425,-121.975
1959,-121.95,50.425,-121.95
1945,-121.925,50.425,-121.925
1987,-121.9,50.425,-121.9
2077,-121.875,50.425,-121.875
2158,-121.85,50.425,-121.85
2181,-121.825,50.425,-121.825
2179,-121.8,50.425,-121.8
1769,-121.775,50.425,-121.775
1339,-121.75,50.425,-121.75
585,-121.725,50.425,-121.725
340,-121.7,50.425,-121.7
443,-121.675,50.425,-121.675
1222,-121.65,50.425,-121.65
1121,-121.625,50.425,-121.625
1586,-121.6,50.425,-121.6
1542,-121.575,50.425,-121.575
1254,-121.55,50.425,-121.55
1720,-121.525,50.425,-121.525
1683,-121.5,50.425,-121.5
1609,-121.475,50.425,-121.475
1284,-121.45,50.425,-121.45
1035,-121.425,50.425,-121.425
1278,-121.4,50.425,-121.4
468,-121.375,50.425,-121.375
354,-121.35,50.425,-121.35
222,-121.325,50.425,-121.325
428,-121.3,50.425,-121.3
987,-121.275,50.425,-121.275
1165,-121.25,50.425,-121.25
1315,-121.225,50.425,-121.225
1203,-121.2,50.425,-121.2
1311,-121.175,50.425,-121.175
1614,-121.15,50.425,-121.15
1710,-121.125,50.425,-121.125
1636,-121.1,50.425,-121.1
1658,-121.075,50.425,-121.075
1681,-121.05,50.425,-121.05
1656,-121.025,50.425,-121.025
1678,-121,50.425,-121
1724,-120.975,50.425,-120.975
1561,-120.95,50.425,-120.95
1482,-120.925,50.425,-120.925
1450,-120.9,50.425,-120.9
1339,-120.875,50.425,-120.875
1341,-120.85,50.425,-120.85
1028,-120.825,50.425,-120.825
1112,-120.8,50.425,-120.8
1353,-120.775,50.425,-120.775
1312,-120.75,50.425,-120.75
1372,-120.725,50.425,-120.725
1461,-120.7,50.425,-120.7
1436,-120.675,50.425,-120.675
1362,-120.65,50.425,-120.65
1372,-120.625,50.425,-120.625
1543,-120.6,50.425,-120.6
1666,-120.575,50.425,-120.575
1667,-120.55,50.425,-120.55
1594,-120.525,50.425,-120.525
1602,-120.5,50.425,-120.5
1493,-120.475,50.425,-120.475
1344,-120.45,50.425,-120.45
1196,-120.425,50.425,-120.425
1116,-120.4,50.425,-120.4
1101,-120.375,50.425,-120.375
1023,-120.35,50.425,-120.35
956,-120.325,50.425,-120.325
771,-120.3,50.425,-120.3
893,-120.275,50.425,-120.275
1102,-120.25,50.425,-120.25
1224,-120.225,50.425,-120.225
1307,-120.2,50.425,-120.2
1219,-120.175,50.425,-120.175
1226,-120.15,50.425,-120.15
1258,-120.125,50.425,-120.125
1522,-120.1,50.425,-120.1
1489,-120.075,50.425,-120.075
1329,-120.05,50.425,-120.05
1371,-120.025,50.425,-120.025
1585,-120,50.425,-120
1542,-119.975,50.425,-119.975
1621,-119.95,50.425,-119.95
1369,-119.925,50.425,-119.925
1248,-119.9,50.425,-119.9
1030,-119.875,50.425,-119.875
1340,-119.85,50.425,-119.85
812,-119.825,50.425,-119.825
781,-119.8,50.425,-119.8
1302,-119.775,50.425,-119.775
1447,-119.75,50.425,-119.75
1389,-119.725,50.425,-119.725
1154,-119.7,50.425,-119.7
1131,-119.675,50.425,-119.675
1145,-119.65,50.425,-119.65
1148,-119.625,50.425,-119.625
983,-119.6,50.425,-119.6
1035,-119.575,50.425,-119.575
1073,-119.55,50.425,-119.55
1163,-119.525,50.425,-119.525
1141,-119.5,50.425,-119.5
1224,-119.475,50.425,-119.475
1204,-119.45,50.425,-119.45
1315,-119.425,50.425,-119.425
1030,-119.4,50.425,-119.4
1118,-119.375,50.425,-119.375
518,-119.35,50.425,-119.35
427,-119.325,50.425,-119.325
825,-119.3,50.425,-119.3
631,-119.275,50.425,-119.275
385,-119.25,50.425,-119.25
389,-119.225,50.425,-119.225
396,-119.2,50.425,-119.2
515,-119.175,50.425,-119.175
943,-119.15,50.425,-119.15
886,-119.125,50.425,-119.125
1271,-119.1,50.425,-119.1
1578,-119.075,50.425,-119.075
1647,-119.05,50.425,-119.05
1253,-119.025,50.425,-119.025
975,-119,50.425,-119
807,-118.975,50.425,-118.975
689,-118.95,50.425,-118.95
806,-118.925,50.425,-118.925
806,-118.9,50.425,-118.9
786,-118.875,50.425,-118.875
996,-118.85,50.425,-118.85
1208,-118.825,50.425,-118.825
612,-118.8,50.425,-118.8
402,-118.775,50.425,-118.775
523,-118.75,50.425,-118.75
908,-118.725,50.425,-118.725
756,-118.7,50.425,-118.7
999,-118.675,50.425,-118.675
1046,-118.65,50.425,-118.65
1102,-118.625,50.425,-118.625
1108,-118.6,50.425,-118.6
1111,-118.575,50.425,-118.575
955,-118.55,50.425,-118.55
600,-118.525,50.425,-118.525
768,-118.5,50.425,-118.5
1368,-123,50.45,-123
760,-122.975,50.45,-122.975
337,-122.95,50.45,-122.95
229,-122.925,50.45,-122.925
624,-122.9,50.45,-122.9
1293,-122.875,50.45,-122.875
1433,-122.85,50.45,-122.85
1873,-122.825,50.45,-122.825
1777,-122.8,50.45,-122.8
1424,-122.775,50.45,-122.775
1553,-122.75,50.45,-122.75
1229,-122.725,50.45,-122.725
551,-122.7,50.45,-122.7
491,-122.675,50.45,-122.675
1254,-122.65,50.45,-122.65
1491,-122.625,50.45,-122.625
1800,-122.6,50.45,-122.6
1022,-122.575,50.45,-122.575
1740,-122.55,50.45,-122.55
1891,-122.525,50.45,-122.525
2199,-122.5,50.45,-122.5
1901,-122.475,50.45,-122.475
1786,-122.45,50.45,-122.45
2192,-122.425,50.45,-122.425
1323,-122.4,50.45,-122.4
1809,-122.375,50.45,-122.375
2042,-122.35,50.45,-122.35
1506,-122.325,50.45,-122.325
2120,-122.3,50.45,-122.3
1801,-122.275,50.45,-122.275
1116,-122.25,50.45,-122.25
1855,-122.225,50.45,-122.225
1925,-122.2,50.45,-122.2
2097,-122.175,50.45,-122.175
1737,-122.15,50.45,-122.15
2181,-122.125,50.45,-122.125
2029,-122.1,50.45,-122.1
2119,-122.075,50.45,-122.075
2038,-122.05,50.45,-122.05
2131,-122.025,50.45,-122.025
2444,-122,50.45,-122
1972,-121.975,50.45,-121.975
1562,-121.95,50.45,-121.95
2177,-121.925,50.45,-121.925
1902,-121.9,50.45,-121.9
2039,-121.875,50.45,-121.875
2418,-121.85,50.45,-121.85
2077,-121.825,50.45,-121.825
2218,-121.8,50.45,-121.8
1828,-121.775,50.45,-121.775
993,-121.75,50.45,-121.75
457,-121.725,50.45,-121.725
284,-121.7,50.45,-121.7
688,-121.675,50.45,-121.675
1531,-121.65,50.45,-121.65
1107,-121.625,50.45,-121.625
1364,-121.6,50.45,-121.6
1211,-121.575,50.45,-121.575
1561,-121.55,50.45,-121.55
1844,-121.525,50.45,-121.525
1410,-121.5,50.45,-121.5
1192,-121.475,50.45,-121.475
856,-121.45,50.45,-121.45
1061,-121.425,50.45,-121.425
1309,-121.4,50.45,-121.4
1009,-121.375,50.45,-121.375
698,-121.35,50.45,-121.35
721,-121.325,50.45,-121.325
326,-121.3,50.45,-121.3
841,-121.275,50.45,-121.275
870,-121.25,50.45,-121.25
880,-121.225,50.45,-121.225
1421,-121.2,50.45,-121.2
1547,-121.175,50.45,-121.175
1582,-121.15,50.45,-121.15
1710,-121.125,50.45,-121.125
1708,-121.1,50.45,-121.1
1678,-121.075,50.45,-121.075
1582,-121.05,50.45,-121.05
1553,-121.025,50.45,-121.025
1503,-121,50.45,-121
1530,-120.975,50.45,-120.975
1453,-120.95,50.45,-120.95
1330,-120.925,50.45,-120.925
1352,-120.9,50.45,-120.9
1345,-120.875,50.45,-120.875
1332,-120.85,50.45,-120.85
1062,-120.825,50.45,-120.825
1104,-120.8,50.45,-120.8
1327,-120.775,50.45,-120.775
1360,-120.75,50.45,-120.75
1451,-120.725,50.45,-120.725
1374,-120.7,50.45,-120.7
1259,-120.675,50.45,-120.675
1246,-120.65,50.45,-120.65
1233,-120.625,50.45,-120.625
1268,-120.6,50.45,-120.6
1274,-120.575,50.45,-120.575
1397,-120.55,50.45,-120.55
1424,-120.525,50.45,-120.525
1491,-120.5,50.45,-120.5
1527,-120.475,50.45,-120.475
1464,-120.45,50.45,-120.45
1314,-120.425,50.45,-120.425
1199,-120.4,50.45,-120.4
1130,-120.375,50.45,-120.375
1017,-120.35,50.45,-120.35
1033,-120.325,50.45,-120.325
845,-120.3,50.45,-120.3
816,-120.275,50.45,-120.275
932,-120.25,50.45,-120.25
1118,-120.225,50.45,-120.225
1215,-120.2,50.45,-120.2
1184,-120.175,50.45,-120.175
1209,-120.15,50.45,-120.15
1220,-120.125,50.45,-120.125
1416,-120.1,50.45,-120.1
1409,-120.075,50.45,-120.075
1383,-120.05,50.45,-120.05
1355,-120.025,50.45,-120.025
1649,-120,50.45,-120
1653,-119.975,50.45,-119.975
1582,-119.95,50.45,-119.95
1615,-119.925,50.45,-119.925
1280,-119.9,50.45,-119.9
1036,-119.875,50.45,-119.875
1537,-119.85,50.45,-119.85
930,-119.825,50.45,-119.825
648,-119.8,50.45,-119.8
638,-119.775,50.45,-119.775
724,-119.75,50.45,-119.75
734,-119.725,50.45,-119.725
778,-119.7,50.45,-119.7
969,-119.675,50.45,-119.675
1226,-119.65,50.45,-119.65
1256,-119.625,50.45,-119.625
1450,-119.6,50.45,-119.6
1496,-119.575,50.45,-119.575
1174,-119.55,50.45,-119.55
800,-119.525,50.45,-119.525
555,-119.5,50.45,-119.5
552,-119.475,50.45,-119.475
571,-119.45,50.45,-119.45
538,-119.425,50.45,-119.425
644,-119.4,50.45,-119.4
519,-119.375,50.45,-119.375
512,-119.35,50.45,-119.35
744,-119.325,50.45,-119.325
956,-119.3,50.45,-119.3
944,-119.275,50.45,-119.275
801,-119.25,50.45,-119.25
399,-119.225,50.45,-119.225
357,-119.2,50.45,-119.2
361,-119.175,50.45,-119.175
388,-119.15,50.45,-119.15
700,-119.125,50.45,-119.125
912,-119.1,50.45,-119.1
1415,-119.075,50.45,-119.075
1486,-119.05,50.45,-119.05
1088,-119.025,50.45,-119.025
825,-119,50.45,-119
666,-118.975,50.45,-118.975
805,-118.95,50.45,-118.95
1052,-118.925,50.45,-118.925
1051,-118.9,50.45,-118.9
978,-118.875,50.45,-118.875
752,-118.85,50.45,-118.85
700,-118.825,50.45,-118.825
799,-118.8,50.45,-118.8
656,-118.775,50.45,-118.775
386,-118.75,50.45,-118.75
660,-118.725,50.45,-118.725
911,-118.7,50.45,-118.7
1318,-118.675,50.45,-118.675
1757,-118.65,50.45,-118.65
1846,-118.625,50.45,-118.625
1838,-118.6,50.45,-118.6
1593,-118.575,50.45,-118.575
1536,-118.55,50.45,-118.55
799,-118.525,50.45,-118.525
600,-118.5,50.45,-118.5
590,-123,50.475,-123
737,-122.975,50.475,-122.975
228,-122.95,50.475,-122.95
403,-122.925,50.475,-122.925
1205,-122.9,50.475,-122.9
1551,-122.875,50.475,-122.875
1992,-122.85,50.475,-122.85
1823,-122.825,50.475,-122.825
1976,-122.8,50.475,-122.8
1843,-122.775,50.475,-122.775
1429,-122.75,50.475,-122.75
656,-122.725,50.475,-122.725
902,-122.7,50.475,-122.7
1068,-122.675,50.475,-122.675
534,-122.65,50.475,-122.65
483,-122.625,50.475,-122.625
562,-122.6,50.475,-122.6
883,-122.575,50.475,-122.575
1372,-122.55,50.475,-122.55
2227,-122.525,50.475,-122.525
1783,-122.5,50.475,-122.5
2187,-122.475,50.475,-122.475
1695,-122.45,50.475,-122.45
1627,-122.425,50.475,-122.425
1800,-122.4,50.475,-122.4
1131,-122.375,50.475,-122.375
1544,-122.35,50.475,-122.35
1960,-122.325,50.475,-122.325
1859,-122.3,50.475,-122.3
2176,-122.275,50.475,-122.275
1519,-122.25,50.475,-122.25
1033,-122.225,50.475,-122.225
1601,-122.2,50.475,-122.2
2092,-122.175,50.475,-122.175
2012,-122.15,50.475,-122.15
1559,-122.125,50.475,-122.125
1762,-122.1,50.475,-122.1
2090,-122.075,50.475,-122.075
2298,-122.05,50.475,-122.05
1999,-122.025,50.475,-122.025
2456,-122,50.475,-122
2292,-121.975,50.475,-121.975
1563,-121.95,50.475,-121.95
1827,-121.925,50.475,-121.925
1798,-121.9,50.475,-121.9
2014,-121.875,50.475,-121.875
2299,-121.85,50.475,-121.85
1952,-121.825,50.475,-121.825
1802,-121.8,50.475,-121.8
1535,-121.775,50.475,-121.775
1110,-121.75,50.475,-121.75
405,-121.725,50.475,-121.725
390,-121.7,50.475,-121.7
1093,-121.675,50.475,-121.675
1706,-121.65,50.475,-121.65
1196,-121.625,50.475,-121.625
1562,-121.6,50.475,-121.6
1619,-121.575,50.475,-121.575
1489,-121.55,50.475,-121.55
1299,-121.525,50.475,-121.525
1088,-121.5,50.475,-121.5
1417,-121.475,50.475,-121.475
1235,-121.45,50.475,-121.45
1520,-121.425,50.475,-121.425
1066,-121.4,50.475,-121.4
1350,-121.375,50.475,-121.375
750,-121.35,50.475,-121.35
873,-121.325,50.475,-121.325
245,-121.3,50.475,-121.3
536,-121.275,50.475,-121.275
821,-121.25,50.475,-121.25
1098,-121.225,50.475,-121.225
1442,-121.2,50.475,-121.2
1405,-121.175,50.475,-121.175
1456,-121.15,50.475,-121.15
1501,-121.125,50.475,-121.125
1644,-121.1,50.475,-121.1
1667,-121.075,50.475,-121.075
1457,-121.05,50.475,-121.05
1256,-121.025,50.475,-121.025
1202,-121,50.475,-121
1201,-120.975,50.475,-120.975
1289,-120.95,50.475,-120.95
1297,-120.925,50.475,-120.925
1240,-120.9,50.475,-120.9
1265,-120.875,50.475,-120.875
1281,-120.85,50.475,-120.85
1020,-120.825,50.475,-120.825
1070,-120.8,50.475,-120.8
1246,-120.775,50.475,-120.775
1276,-120.75,50.475,-120.75
1233,-120.725,50.475,-120.725
1207,-120.7,50.475,-120.7
1249,-120.675,50.475,-120.675
1331,-120.65,50.475,-120.65
1441,-120.625,50.475,-120.625
1368,-120.6,50.475,-120.6
1308,-120.575,50.475,-120.575
1338,-120.55,50.475,-120.55
1320,-120.525,50.475,-120.525
1287,-120.5,50.475,-120.5
1308,-120.475,50.475,-120.475
1310,-120.45,50.475,-120.45
1299,-120.425,50.475,-120.425
1318,-120.4,50.475,-120.4
1168,-120.375,50.475,-120.375
1096,-120.35,50.475,-120.35
1061,-120.325,50.475,-120.325
1041,-120.3,50.475,-120.3
918,-120.275,50.475,-120.275
745,-120.25,50.475,-120.25
974,-120.225,50.475,-120.225
1139,-120.2,50.475,-120.2
1157,-120.175,50.475,-120.175
1143,-120.15,50.475,-120.15
1202,-120.125,50.475,-120.125
1225,-120.1,50.475,-120.1
1390,-120.075,50.475,-120.075
1349,-120.05,50.475,-120.05
1368,-120.025,50.475,-120.025
1615,-120,50.475,-120
1634,-119.975,50.475,-119.975
1558,-119.95,50.475,-119.95
1427,-119.925,50.475,-119.925
1286,-119.9,50.475,-119.9
1087,-119.875,50.475,-119.875
1097,-119.85,50.475,-119.85
792,-119.825,50.475,-119.825
704,-119.8,50.475,-119.8
621,-119.775,50.475,-119.775
617,-119.75,50.475,-119.75
606,-119.725,50.475,-119.725
622,-119.7,50.475,-119.7
595,-119.675,50.475,-119.675
594,-119.65,50.475,-119.65
648,-119.625,50.475,-119.625
991,-119.6,50.475,-119.6
1337,-119.575,50.475,-119.575
974,-119.55,50.475,-119.55
559,-119.525,50.475,-119.525
1217,-119.5,50.475,-119.5
1298,-119.475,50.475,-119.475
971,-119.45,50.475,-119.45
886,-119.425,50.475,-119.425
716,-119.4,50.475,-119.4
615,-119.375,50.475,-119.375
449,-119.35,50.475,-119.35
519,-119.325,50.475,-119.325
522,-119.3,50.475,-119.3
584,-119.275,50.475,-119.275
570,-119.25,50.475,-119.25
464,-119.225,50.475,-119.225
430,-119.2,50.475,-119.2
401,-119.175,50.475,-119.175
395,-119.15,50.475,-119.15
381,-119.125,50.475,-119.125
743,-119.1,50.475,-119.1
1194,-119.075,50.475,-119.075
1424,-119.05,50.475,-119.05
1317,-119.025,50.475,-119.025
745,-119,50.475,-119
736,-118.975,50.475,-118.975
1176,-118.95,50.475,-118.95
1256,-118.925,50.475,-118.925
1138,-118.9,50.475,-118.9
1350,-118.875,50.475,-118.875
919,-118.85,50.475,-118.85
1155,-118.825,50.475,-118.825
1356,-118.8,50.475,-118.8
1177,-118.775,50.475,-118.775
420,-118.75,50.475,-118.75
386,-118.725,50.475,-118.725
1071,-118.7,50.475,-118.7
1248,-118.675,50.475,-118.675
1518,-118.65,50.475,-118.65
1710,-118.625,50.475,-118.625
1820,-118.6,50.475,-118.6
1908,-118.575,50.475,-118.575
1722,-118.55,50.475,-118.55
1630,-118.525,50.475,-118.525
1027,-118.5,50.475,-118.5
240,-123,50.5,-123
232,-122.975,50.5,-122.975
604,-122.95,50.5,-122.95
1201,-122.925,50.5,-122.925
1946,-122.9,50.5,-122.9
2151,-122.875,50.5,-122.875
2019,-122.85,50.5,-122.85
1999,-122.825,50.5,-122.825
1890,-122.8,50.5,-122.8
1196,-122.775,50.5,-122.775
822,-122.75,50.5,-122.75
647,-122.725,50.5,-122.725
1338,-122.7,50.5,-122.7
1786,-122.675,50.5,-122.675
1932,-122.65,50.5,-122.65
1830,-122.625,50.5,-122.625
1289,-122.6,50.5,-122.6
631,-122.575,50.5,-122.575
397,-122.55,50.5,-122.55
804,-122.525,50.5,-122.525
789,-122.5,50.5,-122.5
1148,-122.475,50.5,-122.475
1120,-122.45,50.5,-122.45
1700,-122.425,50.5,-122.425
968,-122.4,50.5,-122.4
1527,-122.375,50.5,-122.375
1870,-122.35,50.5,-122.35
2347,-122.325,50.5,-122.325
1893,-122.3,50.5,-122.3
1875,-122.275,50.5,-122.275
1603,-122.25,50.5,-122.25
1512,-122.225,50.5,-122.225
1433,-122.2,50.5,-122.2
1252,-122.175,50.5,-122.175
1861,-122.15,50.5,-122.15
1585,-122.125,50.5,-122.125
2157,-122.1,50.5,-122.1
2526,-122.075,50.5,-122.075
2096,-122.05,50.5,-122.05
1669,-122.025,50.5,-122.025
2576,-122,50.5,-122
1807,-121.975,50.5,-121.975
2333,-121.95,50.5,-121.95
1977,-121.925,50.5,-121.925
1100,-121.9,50.5,-121.9
1277,-121.875,50.5,-121.875
1619,-121.85,50.5,-121.85
2167,-121.825,50.5,-121.825
1692,-121.8,50.5,-121.8
1143,-121.775,50.5,-121.775
683,-121.75,50.5,-121.75
180,-121.725,50.5,-121.725
683,-121.7,50.5,-121.7
803,-121.675,50.5,-121.675
1206,-121.65,50.5,-121.65
1510,-121.625,50.5,-121.625
1398,-121.6,50.5,-121.6
1642,-121.575,50.5,-121.575
1686,-121.55,50.5,-121.55
1301,-121.525,50.5,-121.525
1441,-121.5,50.5,-121.5
1502,-121.475,50.5,-121.475
1429,-121.45,50.5,-121.45
1396,-121.425,50.5,-121.425
1548,-121.4,50.5,-121.4
1102,-121.375,50.5,-121.375
981,-121.35,50.5,-121.35
1348,-121.325,50.5,-121.325
503,-121.3,50.5,-121.3
360,-121.275,50.5,-121.275
655,-121.25,50.5,-121.25
1027,-121.225,50.5,-121.225
1303,-121.2,50.5,-121.2
1393,-121.175,50.5,-121.175
1523,-121.15,50.5,-121.15
1509,-121.125,50.5,-121.125
1481,-121.1,50.5,-121.1
1368,-121.075,50.5,-121.075
1235,-121.05,50.5,-121.05
1303,-121.025,50.5,-121.025
1408,-121,50.5,-121
1548,-120.975,50.5,-120.975
1453,-120.95,50.5,-120.95
1364,-120.925,50.5,-120.925
1341,-120.9,50.5,-120.9
1211,-120.875,50.5,-120.875
1071,-120.85,50.5,-120.85
1078,-120.825,50.5,-120.825
1132,-120.8,50.5,-120.8
1178,-120.775,50.5,-120.775
1229,-120.75,50.5,-120.75
1361,-120.725,50.5,-120.725
1373,-120.7,50.5,-120.7
1493,-120.675,50.5,-120.675
1509,-120.65,50.5,-120.65
1573,-120.625,50.5,-120.625
1556,-120.6,50.5,-120.6
1473,-120.575,50.5,-120.575
1415,-120.55,50.5,-120.55
1433,-120.525,50.5,-120.525
1366,-120.5,50.5,-120.5
1394,-120.475,50.5,-120.475
1387,-120.45,50.5,-120.45
1339,-120.425,50.5,-120.425
1291,-120.4,50.5,-120.4
1255,-120.375,50.5,-120.375
1172,-120.35,50.5,-120.35
1049,-120.325,50.5,-120.325
1073,-120.3,50.5,-120.3
896,-120.275,50.5,-120.275
897,-120.25,50.5,-120.25
942,-120.225,50.5,-120.225
1134,-120.2,50.5,-120.2
1101,-120.175,50.5,-120.175
1090,-120.15,50.5,-120.15
1190,-120.125,50.5,-120.125
1245,-120.1,50.5,-120.1
1178,-120.075,50.5,-120.075
1226,-120.05,50.5,-120.05
1321,-120.025,50.5,-120.025
1617,-120,50.5,-120
1668,-119.975,50.5,-119.975
1559,-119.95,50.5,-119.95
1463,-119.925,50.5,-119.925
1215,-119.9,50.5,-119.9
978,-119.875,50.5,-119.875
943,-119.85,50.5,-119.85
886,-119.825,50.5,-119.825
1030,-119.8,50.5,-119.8
898,-119.775,50.5,-119.775
1074,-119.75,50.5,-119.75
1145,-119.725,50.5,-119.725
1178,-119.7,50.5,-119.7
1280,-119.675,50.5,-119.675
1183,-119.65,50.5,-119.65
1045,-119.625,50.5,-119.625
712,-119.6,50.5,-119.6
597,-119.575,50.5,-119.575
607,-119.55,50.5,-119.55
742,-119.525,50.5,-119.525
875,-119.5,50.5,-119.5
1371,-119.475,50.5,-119.475
1444,-119.45,50.5,-119.45
1161,-119.425,50.5,-119.425
1054,-119.4,50.5,-119.4
669,-119.375,50.5,-119.375
461,-119.35,50.5,-119.35
683,-119.325,50.5,-119.325
638,-119.3,50.5,-119.3
530,-119.275,50.5,-119.275
539,-119.25,50.5,-119.25
555,-119.225,50.5,-119.225
503,-119.2,50.5,-119.2
517,-119.175,50.5,-119.175
499,-119.15,50.5,-119.15
354,-119.125,50.5,-119.125
403,-119.1,50.5,-119.1
1042,-119.075,50.5,-119.075
1161,-119.05,50.5,-119.05
1223,-119.025,50.5,-119.025
870,-119,50.5,-119
762,-118.975,50.5,-118.975
1041,-118.95,50.5,-118.95
1216,-118.925,50.5,-118.925
1105,-118.9,50.5,-118.9
1154,-118.875,50.5,-118.875
1519,-118.85,50.5,-118.85
1541,-118.825,50.5,-118.825
1381,-118.8,50.5,-118.8
1343,-118.775,50.5,-118.775
486,-118.75,50.5,-118.75
386,-118.725,50.5,-118.725
790,-118.7,50.5,-118.7
1590,-118.675,50.5,-118.675
1784,-118.65,50.5,-118.65
1607,-118.625,50.5,-118.625
1832,-118.6,50.5,-118.6
1717,-118.575,50.5,-118.575
1590,-118.55,50.5,-118.55
1536,-118.525,50.5,-118.525
1563,-118.5,50.5,-118.5
778,-123,50.525,-123
1302,-122.975,50.525,-122.975
1734,-122.95,50.525,-122.95
2002,-122.925,50.525,-122.925
1823,-122.9,50.525,-122.9
1606,-122.875,50.525,-122.875
1359,-122.85,50.525,-122.85
1277,-122.825,50.525,-122.825
1350,-122.8,50.525,-122.8
1378,-122.775,50.525,-122.775
802,-122.75,50.525,-122.75
1064,-122.725,50.525,-122.725
631,-122.7,50.525,-122.7
1386,-122.675,50.525,-122.675
1914,-122.65,50.525,-122.65
1876,-122.625,50.525,-122.625
1824,-122.6,50.525,-122.6
1791,-122.575,50.525,-122.575
1280,-122.55,50.525,-122.55
733,-122.525,50.525,-122.525
388,-122.5,50.525,-122.5
443,-122.475,50.525,-122.475
628,-122.45,50.525,-122.45
1062,-122.425,50.525,-122.425
1717,-122.4,50.525,-122.4
2171,-122.375,50.525,-122.375
2194,-122.35,50.525,-122.35
1898,-122.325,50.525,-122.325
2421,-122.3,50.525,-122.3
2146,-122.275,50.525,-122.275
2393,-122.25,50.525,-122.25
2272,-122.225,50.525,-122.225
2163,-122.2,50.525,-122.2
1259,-122.175,50.525,-122.175
1094,-122.15,50.525,-122.15
1286,-122.125,50.525,-122.125
1565,-122.1,50.525,-122.1
1673,-122.075,50.525,-122.075
1597,-122.05,50.525,-122.05
2337,-122.025,50.525,-122.025
2350,-122,50.525,-122
2268,-121.975,50.525,-121.975
2169,-121.95,50.525,-121.95
2176,-121.925,50.525,-121.925
1604,-121.9,50.525,-121.9
1447,-121.875,50.525,-121.875
883,-121.85,50.525,-121.85
1106,-121.825,50.525,-121.825
958,-121.8,50.525,-121.8
342,-121.775,50.525,-121.775
232,-121.75,50.525,-121.75
669,-121.725,50.525,-121.725
1086,-121.7,50.525,-121.7
1103,-121.675,50.525,-121.675
1024,-121.65,50.525,-121.65
1582,-121.625,50.525,-121.625
1616,-121.6,50.525,-121.6
2121,-121.575,50.525,-121.575
1916,-121.55,50.525,-121.55
1352,-121.525,50.525,-121.525
1857,-121.5,50.525,-121.5
1557,-121.475,50.525,-121.475
1395,-121.45,50.525,-121.45
1224,-121.425,50.525,-121.425
1017,-121.4,50.525,-121.4
1134,-121.375,50.525,-121.375
1445,-121.35,50.525,-121.35
814,-121.325,50.525,-121.325
633,-121.3,50.525,-121.3
363,-121.275,50.525,-121.275
1098,-121.25,50.525,-121.25
1067,-121.225,50.525,-121.225
1217,-121.2,50.525,-121.2
1317,-121.175,50.525,-121.175
1454,-121.15,50.525,-121.15
1472,-121.125,50.525,-121.125
1348,-121.1,50.525,-121.1
1232,-121.075,50.525,-121.075
1446,-121.05,50.525,-121.05
1566,-121.025,50.525,-121.025
1479,-121,50.525,-121
1481,-120.975,50.525,-120.975
1432,-120.95,50.525,-120.95
1397,-120.925,50.525,-120.925
1330,-120.9,50.525,-120.9
1159,-120.875,50.525,-120.875
1152,-120.85,50.525,-120.85
1214,-120.825,50.525,-120.825
1297,-120.8,50.525,-120.8
1414,-120.775,50.525,-120.775
1529,-120.75,50.525,-120.75
1469,-120.725,50.525,-120.725
1541,-120.7,50.525,-120.7
1511,-120.675,50.525,-120.675
1469,-120.65,50.525,-120.65
1586,-120.625,50.525,-120.625
1716,-120.6,50.525,-120.6
1665,-120.575,50.525,-120.575
1539,-120.55,50.525,-120.55
1437,-120.525,50.525,-120.525
1420,-120.5,50.525,-120.5
1317,-120.475,50.525,-120.475
1329,-120.45,50.525,-120.45
1378,-120.425,50.525,-120.425
1408,-120.4,50.525,-120.4
1251,-120.375,50.525,-120.375
1201,-120.35,50.525,-120.35
1102,-120.325,50.525,-120.325
1059,-120.3,50.525,-120.3
941,-120.275,50.525,-120.275
692,-120.25,50.525,-120.25
1116,-120.225,50.525,-120.225
992,-120.2,50.525,-120.2
1227,-120.175,50.525,-120.175
1203,-120.15,50.525,-120.15
1133,-120.125,50.525,-120.125
1225,-120.1,50.525,-120.1
1137,-120.075,50.525,-120.075
1211,-120.05,50.525,-120.05
1267,-120.025,50.525,-120.025
1489,-120,50.525,-120
1415,-119.975,50.525,-119.975
1315,-119.95,50.525,-119.95
1358,-119.925,50.525,-119.925
1289,-119.9,50.525,-119.9
1095,-119.875,50.525,-119.875
706,-119.85,50.525,-119.85
845,-119.825,50.525,-119.825
993,-119.8,50.525,-119.8
1104,-119.775,50.525,-119.775
1144,-119.75,50.525,-119.75
1136,-119.725,50.525,-119.725
1246,-119.7,50.525,-119.7
1353,-119.675,50.525,-119.675
1585,-119.65,50.525,-119.65
1565,-119.625,50.525,-119.625
998,-119.6,50.525,-119.6
958,-119.575,50.525,-119.575
1512,-119.55,50.525,-119.55
1571,-119.525,50.525,-119.525
1493,-119.5,50.525,-119.5
1563,-119.475,50.525,-119.475
1503,-119.45,50.525,-119.45
1185,-119.425,50.525,-119.425
847,-119.4,50.525,-119.4
566,-119.375,50.525,-119.375
432,-119.35,50.525,-119.35
1002,-119.325,50.525,-119.325
1215,-119.3,50.525,-119.3
1172,-119.275,50.525,-119.275
868,-119.25,50.525,-119.25
544,-119.225,50.525,-119.225
528,-119.2,50.525,-119.2
511,-119.175,50.525,-119.175
465,-119.15,50.525,-119.15
369,-119.125,50.525,-119.125
412,-119.1,50.525,-119.1
835,-119.075,50.525,-119.075
1278,-119.05,50.525,-119.05
1230,-119.025,50.525,-119.025
592,-119,50.525,-119
469,-118.975,50.525,-118.975
549,-118.95,50.525,-118.95
532,-118.925,50.525,-118.925
551,-118.9,50.525,-118.9
661,-118.875,50.525,-118.875
750,-118.85,50.525,-118.85
1118,-118.825,50.525,-118.825
1123,-118.8,50.525,-118.8
1099,-118.775,50.525,-118.775
386,-118.75,50.525,-118.75
386,-118.725,50.525,-118.725
881,-118.7,50.525,-118.7
1538,-118.675,50.525,-118.675
1782,-118.65,50.525,-118.65
1914,-118.625,50.525,-118.625
1839,-118.6,50.525,-118.6
1927,-118.575,50.525,-118.575
1868,-118.55,50.525,-118.55
1837,-118.525,50.525,-118.525
1739,-118.5,50.525,-118.5
1715,-123,50.55,-123
1785,-122.975,50.55,-122.975
2301,-122.95,50.55,-122.95
2227,-122.925,50.55,-122.925
1860,-122.9,50.55,-122.9
2029,-122.875,50.55,-122.875
1915,-122.85,50.55,-122.85
1377,-122.825,50.55,-122.825
1222,-122.8,50.55,-122.8
1938,-122.775,50.55,-122.775
1783,-122.75,50.55,-122.75
1538,-122.725,50.55,-122.725
783,-122.7,50.55,-122.7
631,-122.675,50.55,-122.675
1496,-122.65,50.55,-122.65
1393,-122.625,50.55,-122.625
1102,-122.6,50.55,-122.6
878,-122.575,50.55,-122.575
727,-122.55,50.55,-122.55
926,-122.525,50.55,-122.525
730,-122.5,50.55,-122.5
265,-122.475,50.55,-122.475
571,-122.45,50.55,-122.45
1473,-122.425,50.55,-122.425
1816,-122.4,50.55,-122.4
1920,-122.375,50.55,-122.375
1641,-122.35,50.55,-122.35
2383,-122.325,50.55,-122.325
2376,-122.3,50.55,-122.3
2068,-122.275,50.55,-122.275
1591,-122.25,50.55,-122.25
2396,-122.225,50.55,-122.225
2258,-122.2,50.55,-122.2
1875,-122.175,50.55,-122.175
1951,-122.15,50.55,-122.15
1349,-122.125,50.55,-122.125
984,-122.1,50.55,-122.1
1886,-122.075,50.55,-122.075
1989,-122.05,50.55,-122.05
1884,-122.025,50.55,-122.025
2018,-122,50.55,-122
2252,-121.975,50.55,-121.975
2193,-121.95,50.55,-121.95
2045,-121.925,50.55,-121.925
2268,-121.9,50.55,-121.9
1785,-121.875,50.55,-121.875
1058,-121.85,50.55,-121.85
699,-121.825,50.55,-121.825
191,-121.8,50.55,-121.8
568,-121.775,50.55,-121.775
665,-121.75,50.55,-121.75
908,-121.725,50.55,-121.725
1584,-121.7,50.55,-121.7
1491,-121.675,50.55,-121.675
1802,-121.65,50.55,-121.65
1847,-121.625,50.55,-121.625
1845,-121.6,50.55,-121.6
1732,-121.575,50.55,-121.575
1635,-121.55,50.55,-121.55
1622,-121.525,50.55,-121.525
1879,-121.5,50.55,-121.5
1823,-121.475,50.55,-121.475
1510,-121.45,50.55,-121.45
1174,-121.425,50.55,-121.425
1129,-121.4,50.55,-121.4
1268,-121.375,50.55,-121.375
886,-121.35,50.55,-121.35
685,-121.325,50.55,-121.325
443,-121.3,50.55,-121.3
451,-121.275,50.55,-121.275
730,-121.25,50.55,-121.25
1020,-121.225,50.55,-121.225
1078,-121.2,50.55,-121.2
1214,-121.175,50.55,-121.175
1243,-121.15,50.55,-121.15
1221,-121.125,50.55,-121.125
1281,-121.1,50.55,-121.1
1428,-121.075,50.55,-121.075
1626,-121.05,50.55,-121.05
1871,-121.025,50.55,-121.025
1688,-121,50.55,-121
1652,-120.975,50.55,-120.975
1477,-120.95,50.55,-120.95
1356,-120.925,50.55,-120.925
1209,-120.9,50.55,-120.9
1123,-120.875,50.55,-120.875
1181,-120.85,50.55,-120.85
1232,-120.825,50.55,-120.825
1268,-120.8,50.55,-120.8
1410,-120.775,50.55,-120.775
1469,-120.75,50.55,-120.75
1566,-120.725,50.55,-120.725
1607,-120.7,50.55,-120.7
1563,-120.675,50.55,-120.675
1566,-120.65,50.55,-120.65
1489,-120.625,50.55,-120.625
1680,-120.6,50.55,-120.6
1822,-120.575,50.55,-120.575
1661,-120.55,50.55,-120.55
1499,-120.525,50.55,-120.525
1435,-120.5,50.55,-120.5
1331,-120.475,50.55,-120.475
1262,-120.45,50.55,-120.45
1210,-120.425,50.55,-120.425
1172,-120.4,50.55,-120.4
1129,-120.375,50.55,-120.375
1076,-120.35,50.55,-120.35
1057,-120.325,50.55,-120.325
1037,-120.3,50.55,-120.3
883,-120.275,50.55,-120.275
796,-120.25,50.55,-120.25
819,-120.225,50.55,-120.225
992,-120.2,50.55,-120.2
1070,-120.175,50.55,-120.175
1039,-120.15,50.55,-120.15
1061,-120.125,50.55,-120.125
1077,-120.1,50.55,-120.1
1056,-120.075,50.55,-120.075
1094,-120.05,50.55,-120.05
1135,-120.025,50.55,-120.025
1117,-120,50.55,-120
1066,-119.975,50.55,-119.975
1153,-119.95,50.55,-119.95
1183,-119.925,50.55,-119.925
873,-119.9,50.55,-119.9
662,-119.875,50.55,-119.875
965,-119.85,50.55,-119.85
1088,-119.825,50.55,-119.825
1104,-119.8,50.55,-119.8
1153,-119.775,50.55,-119.775
1042,-119.75,50.55,-119.75
882,-119.725,50.55,-119.725
988,-119.7,50.55,-119.7
1057,-119.675,50.55,-119.675
1169,-119.65,50.55,-119.65
785,-119.625,50.55,-119.625
798,-119.6,50.55,-119.6
1222,-119.575,50.55,-119.575
1594,-119.55,50.55,-119.55
1534,-119.525,50.55,-119.525
1488,-119.5,50.55,-119.5
1559,-119.475,50.55,-119.475
1583,-119.45,50.55,-119.45
1336,-119.425,50.55,-119.425
820,-119.4,50.55,-119.4
580,-119.375,50.55,-119.375
394,-119.35,50.55,-119.35
1084,-119.325,50.55,-119.325
1237,-119.3,50.55,-119.3
1133,-119.275,50.55,-119.275
743,-119.25,50.55,-119.25
537,-119.225,50.55,-119.225
661,-119.2,50.55,-119.2
695,-119.175,50.55,-119.175
454,-119.15,50.55,-119.15
355,-119.125,50.55,-119.125
354,-119.1,50.55,-119.1
399,-119.075,50.55,-119.075
495,-119.05,50.55,-119.05
362,-119.025,50.55,-119.025
383,-119,50.55,-119
490,-118.975,50.55,-118.975
484,-118.95,50.55,-118.95
457,-118.925,50.55,-118.925
363,-118.9,50.55,-118.9
542,-118.875,50.55,-118.875
745,-118.85,50.55,-118.85
770,-118.825,50.55,-118.825
953,-118.8,50.55,-118.8
971,-118.775,50.55,-118.775
386,-118.75,50.55,-118.75
386,-118.725,50.55,-118.725
1010,-118.7,50.55,-118.7
1498,-118.675,50.55,-118.675
1720,-118.65,50.55,-118.65
1811,-118.625,50.55,-118.625
1839,-118.6,50.55,-118.6
1854,-118.575,50.55,-118.575
1901,-118.55,50.55,-118.55
1989,-118.525,50.55,-118.525
2016,-118.5,50.55,-118.5
1854,-123,50.575,-123
1707,-122.975,50.575,-122.975
1981,-122.95,50.575,-122.95
2075,-122.925,50.575,-122.925
1461,-122.9,50.575,-122.9
1318,-122.875,50.575,-122.875
1854,-122.85,50.575,-122.85
2078,-122.825,50.575,-122.825
2174,-122.8,50.575,-122.8
1800,-122.775,50.575,-122.775
1427,-122.75,50.575,-122.75
1190,-122.725,50.575,-122.725
1974,-122.7,50.575,-122.7
1242,-122.675,50.575,-122.675
833,-122.65,50.575,-122.65
830,-122.625,50.575,-122.625
948,-122.6,50.575,-122.6
1314,-122.575,50.575,-122.575
1846,-122.55,50.575,-122.55
1419,-122.525,50.575,-122.525
1304,-122.5,50.575,-122.5
495,-122.475,50.575,-122.475
260,-122.45,50.575,-122.45
675,-122.425,50.575,-122.425
1006,-122.4,50.575,-122.4
1866,-122.375,50.575,-122.375
2019,-122.35,50.575,-122.35
1891,-122.325,50.575,-122.325
2198,-122.3,50.575,-122.3
1896,-122.275,50.575,-122.275
1915,-122.25,50.575,-122.25
1667,-122.225,50.575,-122.225
1892,-122.2,50.575,-122.2
1811,-122.175,50.575,-122.175
1805,-122.15,50.575,-122.15
1777,-122.125,50.575,-122.125
1118,-122.1,50.575,-122.1
1099,-122.075,50.575,-122.075
1802,-122.05,50.575,-122.05
1478,-122.025,50.575,-122.025
1746,-122,50.575,-122
2529,-121.975,50.575,-121.975
2050,-121.95,50.575,-121.95
1992,-121.925,50.575,-121.925
1364,-121.9,50.575,-121.9
1062,-121.875,50.575,-121.875
516,-121.85,50.575,-121.85
217,-121.825,50.575,-121.825
751,-121.8,50.575,-121.8
755,-121.775,50.575,-121.775
1235,-121.75,50.575,-121.75
1353,-121.725,50.575,-121.725
1867,-121.7,50.575,-121.7
1925,-121.675,50.575,-121.675
1996,-121.65,50.575,-121.65
1620,-121.625,50.575,-121.625
1459,-121.6,50.575,-121.6
1746,-121.575,50.575,-121.575
1625,-121.55,50.575,-121.55
1720,-121.525,50.575,-121.525
1831,-121.5,50.575,-121.5
1626,-121.475,50.575,-121.475
1379,-121.45,50.575,-121.45
1498,-121.425,50.575,-121.425
1252,-121.4,50.575,-121.4
1132,-121.375,50.575,-121.375
690,-121.35,50.575,-121.35
580,-121.325,50.575,-121.325
261,-121.3,50.575,-121.3
608,-121.275,50.575,-121.275
1005,-121.25,50.575,-121.25
1267,-121.225,50.575,-121.225
1369,-121.2,50.575,-121.2
1336,-121.175,50.575,-121.175
1358,-121.15,50.575,-121.15
1408,-121.125,50.575,-121.125
1555,-121.1,50.575,-121.1
1635,-121.075,50.575,-121.075
1872,-121.05,50.575,-121.05
1890,-121.025,50.575,-121.025
1758,-121,50.575,-121
1549,-120.975,50.575,-120.975
1452,-120.95,50.575,-120.95
1308,-120.925,50.575,-120.925
1195,-120.9,50.575,-120.9
1134,-120.875,50.575,-120.875
1213,-120.85,50.575,-120.85
1205,-120.825,50.575,-120.825
1287,-120.8,50.575,-120.8
1484,-120.775,50.575,-120.775
1541,-120.75,50.575,-120.75
1605,-120.725,50.575,-120.725
1570,-120.7,50.575,-120.7
1612,-120.675,50.575,-120.675
1564,-120.65,50.575,-120.65
1464,-120.625,50.575,-120.625
1451,-120.6,50.575,-120.6
1518,-120.575,50.575,-120.575
1464,-120.55,50.575,-120.55
1391,-120.525,50.575,-120.525
1259,-120.5,50.575,-120.5
1217,-120.475,50.575,-120.475
1098,-120.45,50.575,-120.45
1106,-120.425,50.575,-120.425
1046,-120.4,50.575,-120.4
1086,-120.375,50.575,-120.375
1032,-120.35,50.575,-120.35
1005,-120.325,50.575,-120.325
921,-120.3,50.575,-120.3
967,-120.275,50.575,-120.275
933,-120.25,50.575,-120.25
961,-120.225,50.575,-120.225
750,-120.2,50.575,-120.2
1014,-120.175,50.575,-120.175
1065,-120.15,50.575,-120.15
1143,-120.125,50.575,-120.125
1058,-120.1,50.575,-120.1
1105,-120.075,50.575,-120.075
1103,-120.05,50.575,-120.05
1017,-120.025,50.575,-120.025
968,-120,50.575,-120
940,-119.975,50.575,-119.975
957,-119.95,50.575,-119.95
921,-119.925,50.575,-119.925
762,-119.9,50.575,-119.9
844,-119.875,50.575,-119.875
1072,-119.85,50.575,-119.85
1290,-119.825,50.575,-119.825
1274,-119.8,50.575,-119.8
1214,-119.775,50.575,-119.775
1234,-119.75,50.575,-119.75
1108,-119.725,50.575,-119.725
960,-119.7,50.575,-119.7
862,-119.675,50.575,-119.675
829,-119.65,50.575,-119.65
902,-119.625,50.575,-119.625
989,-119.6,50.575,-119.6
1432,-119.575,50.575,-119.575
1343,-119.55,50.575,-119.55
1350,-119.525,50.575,-119.525
1388,-119.5,50.575,-119.5
1585,-119.475,50.575,-119.475
1580,-119.45,50.575,-119.45
1222,-119.425,50.575,-119.425
830,-119.4,50.575,-119.4
623,-119.375,50.575,-119.375
382,-119.35,50.575,-119.35
990,-119.325,50.575,-119.325
1084,-119.3,50.575,-119.3
1093,-119.275,50.575,-119.275
694,-119.25,50.575,-119.25
590,-119.225,50.575,-119.225
660,-119.2,50.575,-119.2
669,-119.175,50.575,-119.175
357,-119.15,50.575,-119.15
353,-119.125,50.575,-119.125
528,-119.1,50.575,-119.1
972,-119.075,50.575,-119.075
734,-119.05,50.575,-119.05
836,-119.025,50.575,-119.025
893,-119,50.575,-119
938,-118.975,50.575,-118.975
1184,-118.95,50.575,-118.95
1069,-118.925,50.575,-118.925
644,-118.9,50.575,-118.9
488,-118.875,50.575,-118.875
963,-118.85,50.575,-118.85
649,-118.825,50.575,-118.825
736,-118.8,50.575,-118.8
930,-118.775,50.575,-118.775
520,-118.75,50.575,-118.75
386,-118.725,50.575,-118.725
536,-118.7,50.575,-118.7
1159,-118.675,50.575,-118.675
1764,-118.65,50.575,-118.65
1749,-118.625,50.575,-118.625
1729,-118.6,50.575,-118.6
1717,-118.575,50.575,-118.575
1840,-118.55,50.575,-118.55
1812,-118.525,50.575,-118.525
1586,-118.5,50.575,-118.5
1922,-123,50.6,-123
1443,-122.975,50.6,-122.975
1772,-122.95,50.6,-122.95
2118,-122.925,50.6,-122.925
1723,-122.9,50.6,-122.9
1933,-122.875,50.6,-122.875
1937,-122.85,50.6,-122.85
2137,-122.825,50.6,-122.825
1566,-122.8,50.6,-122.8
1419,-122.775,50.6,-122.775
1216,-122.75,50.6,-122.75
2082,-122.725,50.6,-122.725
2011,-122.7,50.6,-122.7
1535,-122.675,50.6,-122.675
1166,-122.65,50.6,-122.65
1835,-122.625,50.6,-122.625
1799,-122.6,50.6,-122.6
2009,-122.575,50.6,-122.575
1748,-122.55,50.6,-122.55
1968,-122.525,50.6,-122.525
1847,-122.5,50.6,-122.5
1195,-122.475,50.6,-122.475
634,-122.45,50.6,-122.45
260,-122.425,50.6,-122.425
891,-122.4,50.6,-122.4
1748,-122.375,50.6,-122.375
1544,-122.35,50.6,-122.35
2164,-122.325,50.6,-122.325
2190,-122.3,50.6,-122.3
2492,-122.275,50.6,-122.275
2205,-122.25,50.6,-122.25
1803,-122.225,50.6,-122.225
2216,-122.2,50.6,-122.2
1668,-122.175,50.6,-122.175
1845,-122.15,50.6,-122.15
1650,-122.125,50.6,-122.125
656,-122.1,50.6,-122.1
1582,-122.075,50.6,-122.075
1589,-122.05,50.6,-122.05
1475,-122.025,50.6,-122.025
2196,-122,50.6,-122
2322,-121.975,50.6,-121.975
2562,-121.95,50.6,-121.95
1616,-121.925,50.6,-121.925
1458,-121.9,50.6,-121.9
516,-121.875,50.6,-121.875
182,-121.85,50.6,-121.85
893,-121.825,50.6,-121.825
903,-121.8,50.6,-121.8
1312,-121.775,50.6,-121.775
1544,-121.75,50.6,-121.75
2017,-121.725,50.6,-121.725
2106,-121.7,50.6,-121.7
2069,-121.675,50.6,-121.675
1862,-121.65,50.6,-121.65
1574,-121.625,50.6,-121.625
1421,-121.6,50.6,-121.6
1238,-121.575,50.6,-121.575
1324,-121.55,50.6,-121.55
1392,-121.525,50.6,-121.525
1412,-121.5,50.6,-121.5
1654,-121.475,50.6,-121.475
1644,-121.45,50.6,-121.45
1388,-121.425,50.6,-121.425
1115,-121.4,50.6,-121.4
743,-121.375,50.6,-121.375
666,-121.35,50.6,-121.35
473,-121.325,50.6,-121.325
305,-121.3,50.6,-121.3
969,-121.275,50.6,-121.275
1287,-121.25,50.6,-121.25
1431,-121.225,50.6,-121.225
1518,-121.2,50.6,-121.2
1542,-121.175,50.6,-121.175
1589,-121.15,50.6,-121.15
1614,-121.125,50.6,-121.125
1701,-121.1,50.6,-121.1
1882,-121.075,50.6,-121.075
1834,-121.05,50.6,-121.05
1666,-121.025,50.6,-121.025
1644,-121,50.6,-121
1408,-120.975,50.6,-120.975
1325,-120.95,50.6,-120.95
1241,-120.925,50.6,-120.925
1160,-120.9,50.6,-120.9
1156,-120.875,50.6,-120.875
1164,-120.85,50.6,-120.85
1198,-120.825,50.6,-120.825
1236,-120.8,50.6,-120.8
1368,-120.775,50.6,-120.775
1402,-120.75,50.6,-120.75
1484,-120.725,50.6,-120.725
1529,-120.7,50.6,-120.7
1634,-120.675,50.6,-120.675
1646,-120.65,50.6,-120.65
1569,-120.625,50.6,-120.625
1458,-120.6,50.6,-120.6
1294,-120.575,50.6,-120.575
1186,-120.55,50.6,-120.55
1104,-120.525,50.6,-120.525
1026,-120.5,50.6,-120.5
979,-120.475,50.6,-120.475
937,-120.45,50.6,-120.45
963,-120.425,50.6,-120.425
940,-120.4,50.6,-120.4
941,-120.375,50.6,-120.375
898,-120.35,50.6,-120.35
888,-120.325,50.6,-120.325
899,-120.3,50.6,-120.3
931,-120.275,50.6,-120.275
956,-120.25,50.6,-120.25
929,-120.225,50.6,-120.225
857,-120.2,50.6,-120.2
828,-120.175,50.6,-120.175
896,-120.15,50.6,-120.15
793,-120.125,50.6,-120.125
991,-120.1,50.6,-120.1
1014,-120.075,50.6,-120.075
869,-120.05,50.6,-120.05
975,-120.025,50.6,-120.025
1015,-120,50.6,-120
904,-119.975,50.6,-119.975
652,-119.95,50.6,-119.95
662,-119.925,50.6,-119.925
640,-119.9,50.6,-119.9
833,-119.875,50.6,-119.875
923,-119.85,50.6,-119.85
1019,-119.825,50.6,-119.825
1060,-119.8,50.6,-119.8
1229,-119.775,50.6,-119.775
1583,-119.75,50.6,-119.75
1667,-119.725,50.6,-119.725
1259,-119.7,50.6,-119.7
884,-119.675,50.6,-119.675
916,-119.65,50.6,-119.65
1195,-119.625,50.6,-119.625
1458,-119.6,50.6,-119.6
1726,-119.575,50.6,-119.575
1657,-119.55,50.6,-119.55
1608,-119.525,50.6,-119.525
1632,-119.5,50.6,-119.5
1685,-119.475,50.6,-119.475
1665,-119.45,50.6,-119.45
1342,-119.425,50.6,-119.425
937,-119.4,50.6,-119.4
436,-119.375,50.6,-119.375
460,-119.35,50.6,-119.35
904,-119.325,50.6,-119.325
1212,-119.3,50.6,-119.3
1078,-119.275,50.6,-119.275
765,-119.25,50.6,-119.25
535,-119.225,50.6,-119.225
573,-119.2,50.6,-119.2
606,-119.175,50.6,-119.175
353,-119.15,50.6,-119.15
355,-119.125,50.6,-119.125
470,-119.1,50.6,-119.1
1202,-119.075,50.6,-119.075
1134,-119.05,50.6,-119.05
1127,-119.025,50.6,-119.025
1303,-119,50.6,-119
1549,-118.975,50.6,-118.975
1464,-118.95,50.6,-118.95
1373,-118.925,50.6,-118.925
1276,-118.9,50.6,-118.9
586,-118.875,50.6,-118.875
370,-118.85,50.6,-118.85
409,-118.825,50.6,-118.825
399,-118.8,50.6,-118.8
531,-118.775,50.6,-118.775
622,-118.75,50.6,-118.75
386,-118.725,50.6,-118.725
386,-118.7,50.6,-118.7
656,-118.675,50.6,-118.675
1148,-118.65,50.6,-118.65
1442,-118.625,50.6,-118.625
1324,-118.6,50.6,-118.6
1203,-118.575,50.6,-118.575
1419,-118.55,50.6,-118.55
1187,-118.525,50.6,-118.525
1547,-118.5,50.6,-118.5
2143,-123,50.625,-123
1690,-122.975,50.625,-122.975
1408,-122.95,50.625,-122.95
1655,-122.925,50.625,-122.925
1682,-122.9,50.625,-122.9
1938,-122.875,50.625,-122.875
2041,-122.85,50.625,-122.85
1853,-122.825,50.625,-122.825
1608,-122.8,50.625,-122.8
1474,-122.775,50.625,-122.775
1469,-122.75,50.625,-122.75
1752,-122.725,50.625,-122.725
1944,-122.7,50.625,-122.7
1903,-122.675,50.625,-122.675
1639,-122.65,50.625,-122.65
1828,-122.625,50.625,-122.625
1797,-122.6,50.625,-122.6
2120,-122.575,50.625,-122.575
1552,-122.55,50.625,-122.55
1529,-122.525,50.625,-122.525
1179,-122.5,50.625,-122.5
899,-122.475,50.625,-122.475
836,-122.45,50.625,-122.45
260,-122.425,50.625,-122.425
780,-122.4,50.625,-122.4
1471,-122.375,50.625,-122.375
1460,-122.35,50.625,-122.35
2006,-122.325,50.625,-122.325
1758,-122.3,50.625,-122.3
2443,-122.275,50.625,-122.275
2455,-122.25,50.625,-122.25
2337,-122.225,50.625,-122.225
2371,-122.2,50.625,-122.2
2249,-122.175,50.625,-122.175
2118,-122.15,50.625,-122.15
1701,-122.125,50.625,-122.125
635,-122.1,50.625,-122.1
1539,-122.075,50.625,-122.075
1394,-122.05,50.625,-122.05
1358,-122.025,50.625,-122.025
1370,-122,50.625,-122
1680,-121.975,50.625,-121.975
1654,-121.95,50.625,-121.95
1492,-121.925,50.625,-121.925
675,-121.9,50.625,-121.9
365,-121.875,50.625,-121.875
360,-121.85,50.625,-121.85
1179,-121.825,50.625,-121.825
902,-121.8,50.625,-121.8
1298,-121.775,50.625,-121.775
1699,-121.75,50.625,-121.75
1862,-121.725,50.625,-121.725
2055,-121.7,50.625,-121.7
1973,-121.675,50.625,-121.675
1621,-121.65,50.625,-121.65
1433,-121.625,50.625,-121.625
1266,-121.6,50.625,-121.6
1186,-121.575,50.625,-121.575
1582,-121.55,50.625,-121.55
1521,-121.525,50.625,-121.525
1527,-121.5,50.625,-121.5
1467,-121.475,50.625,-121.475
1448,-121.45,50.625,-121.45
1406,-121.425,50.625,-121.425
833,-121.4,50.625,-121.4
644,-121.375,50.625,-121.375
569,-121.35,50.625,-121.35
365,-121.325,50.625,-121.325
390,-121.3,50.625,-121.3
716,-121.275,50.625,-121.275
1008,-121.25,50.625,-121.25
1296,-121.225,50.625,-121.225
1451,-121.2,50.625,-121.2
1773,-121.175,50.625,-121.175
1771,-121.15,50.625,-121.15
1769,-121.125,50.625,-121.125
1682,-121.1,50.625,-121.1
1621,-121.075,50.625,-121.075
1704,-121.05,50.625,-121.05
1528,-121.025,50.625,-121.025
1474,-121,50.625,-121
1308,-120.975,50.625,-120.975
1229,-120.95,50.625,-120.95
1235,-120.925,50.625,-120.925
1230,-120.9,50.625,-120.9
1215,-120.875,50.625,-120.875
1161,-120.85,50.625,-120.85
1128,-120.825,50.625,-120.825
1132,-120.8,50.625,-120.8
1144,-120.775,50.625,-120.775
1251,-120.75,50.625,-120.75
1349,-120.725,50.625,-120.725
1513,-120.7,50.625,-120.7
1461,-120.675,50.625,-120.675
1466,-120.65,50.625,-120.65
1550,-120.625,50.625,-120.625
1387,-120.6,50.625,-120.6
1151,-120.575,50.625,-120.575
951,-120.55,50.625,-120.55
829,-120.525,50.625,-120.525
852,-120.5,50.625,-120.5
824,-120.475,50.625,-120.475
867,-120.45,50.625,-120.45
987,-120.425,50.625,-120.425
996,-120.4,50.625,-120.4
975,-120.375,50.625,-120.375
948,-120.35,50.625,-120.35
790,-120.325,50.625,-120.325
913,-120.3,50.625,-120.3
1026,-120.275,50.625,-120.275
1062,-120.25,50.625,-120.25
1088,-120.225,50.625,-120.225
983,-120.2,50.625,-120.2
870,-120.175,50.625,-120.175
874,-120.15,50.625,-120.15
637,-120.125,50.625,-120.125
603,-120.1,50.625,-120.1
757,-120.075,50.625,-120.075
533,-120.05,50.625,-120.05
542,-120.025,50.625,-120.025
580,-120,50.625,-120
594,-119.975,50.625,-119.975
518,-119.95,50.625,-119.95
592,-119.925,50.625,-119.925
674,-119.9,50.625,-119.9
741,-119.875,50.625,-119.875
760,-119.85,50.625,-119.85
804,-119.825,50.625,-119.825
938,-119.8,50.625,-119.8
1195,-119.775,50.625,-119.775
1330,-119.75,50.625,-119.75
1159,-119.725,50.625,-119.725
1047,-119.7,50.625,-119.7
905,-119.675,50.625,-119.675
945,-119.65,50.625,-119.65
1434,-119.625,50.625,-119.625
1233,-119.6,50.625,-119.6
1508,-119.575,50.625,-119.575
1580,-119.55,50.625,-119.55
1518,-119.525,50.625,-119.525
1642,-119.5,50.625,-119.5
1669,-119.475,50.625,-119.475
1632,-119.45,50.625,-119.45
1079,-119.425,50.625,-119.425
548,-119.4,50.625,-119.4
368,-119.375,50.625,-119.375
630,-119.35,50.625,-119.35
958,-119.325,50.625,-119.325
1242,-119.3,50.625,-119.3
1297,-119.275,50.625,-119.275
930,-119.25,50.625,-119.25
608,-119.225,50.625,-119.225
523,-119.2,50.625,-119.2
549,-119.175,50.625,-119.175
513,-119.15,50.625,-119.15
357,-119.125,50.625,-119.125
373,-119.1,50.625,-119.1
899,-119.075,50.625,-119.075
1140,-119.05,50.625,-119.05
1361,-119.025,50.625,-119.025
1464,-119,50.625,-119
1687,-118.975,50.625,-118.975
1753,-118.95,50.625,-118.95
1705,-118.925,50.625,-118.925
1648,-118.9,50.625,-118.9
1343,-118.875,50.625,-118.875
771,-118.85,50.625,-118.85
916,-118.825,50.625,-118.825
790,-118.8,50.625,-118.8
690,-118.775,50.625,-118.775
518,-118.75,50.625,-118.75
537,-118.725,50.625,-118.725
573,-118.7,50.625,-118.7
470,-118.675,50.625,-118.675
845,-118.65,50.625,-118.65
1160,-118.625,50.625,-118.625
1232,-118.6,50.625,-118.6
1193,-118.575,50.625,-118.575
1000,-118.55,50.625,-118.55
1469,-118.525,50.625,-118.525
1786,-118.5,50.625,-118.5
1786,-118.5,50.625,-118.5
1818,-123,50.65,-123
1482,-122.975,50.65,-122.975
1584,-122.95,50.65,-122.95
2131,-122.925,50.65,-122.925
2125,-122.9,50.65,-122.9
2037,-122.875,50.65,-122.875
1853,-122.85,50.65,-122.85
2214,-122.825,50.65,-122.825
2156,-122.8,50.65,-122.8
1969,-122.775,50.65,-122.775
1984,-122.75,50.65,-122.75
2104,-122.725,50.65,-122.725
2117,-122.7,50.65,-122.7
1951,-122.675,50.65,-122.675
1884,-122.65,50.65,-122.65
2119,-122.625,50.65,-122.625
1838,-122.6,50.65,-122.6
1868,-122.575,50.65,-122.575
1639,-122.55,50.65,-122.55
1953,-122.525,50.65,-122.525
1840,-122.5,50.65,-122.5
1943,-122.475,50.65,-122.475
1520,-122.45,50.65,-122.45
477,-122.425,50.65,-122.425
260,-122.4,50.65,-122.4
774,-122.375,50.65,-122.375
1385,-122.35,50.65,-122.35
972,-122.325,50.65,-122.325
1567,-122.3,50.65,-122.3
2127,-122.275,50.65,-122.275
2063,-122.25,50.65,-122.25
1972,-122.225,50.65,-122.225
1943,-122.2,50.65,-122.2
1837,-122.175,50.65,-122.175
1844,-122.15,50.65,-122.15
1698,-122.125,50.65,-122.125
1508,-122.1,50.65,-122.1
994,-122.075,50.65,-122.075
1180,-122.05,50.65,-122.05
888,-122.025,50.65,-122.025
396,-122,50.65,-122
972,-121.975,50.65,-121.975
1569,-121.95,50.65,-121.95
739,-121.925,50.65,-121.925
328,-121.9,50.65,-121.9
494,-121.875,50.65,-121.875
1325,-121.85,50.65,-121.85
1671,-121.825,50.65,-121.825
903,-121.8,50.65,-121.8
1424,-121.775,50.65,-121.775
1804,-121.75,50.65,-121.75
1982,-121.725,50.65,-121.725
2183,-121.7,50.65,-121.7
1935,-121.675,50.65,-121.675
1642,-121.65,50.65,-121.65
1322,-121.625,50.65,-121.625
1199,-121.6,50.65,-121.6
1211,-121.575,50.65,-121.575
1374,-121.55,50.65,-121.55
1493,-121.525,50.65,-121.525
1462,-121.5,50.65,-121.5
1190,-121.475,50.65,-121.475
1118,-121.45,50.65,-121.45
1237,-121.425,50.65,-121.425
856,-121.4,50.65,-121.4
658,-121.375,50.65,-121.375
459,-121.35,50.65,-121.35
455,-121.325,50.65,-121.325
308,-121.3,50.65,-121.3
627,-121.275,50.65,-121.275
863,-121.25,50.65,-121.25
1129,-121.225,50.65,-121.225
1457,-121.2,50.65,-121.2
1827,-121.175,50.65,-121.175
1726,-121.15,50.65,-121.15
1692,-121.125,50.65,-121.125
1562,-121.1,50.65,-121.1
1509,-121.075,50.65,-121.075
1418,-121.05,50.65,-121.05
1344,-121.025,50.65,-121.025
1348,-121,50.65,-121
1373,-120.975,50.65,-120.975
1357,-120.95,50.65,-120.95
1359,-120.925,50.65,-120.925
1364,-120.9,50.65,-120.9
1349,-120.875,50.65,-120.875
1269,-120.85,50.65,-120.85
1311,-120.825,50.65,-120.825
1359,-120.8,50.65,-120.8
1169,-120.775,50.65,-120.775
1171,-120.75,50.65,-120.75
1274,-120.725,50.65,-120.725
1276,-120.7,50.65,-120.7
1293,-120.675,50.65,-120.675
1104,-120.65,50.65,-120.65
992,-120.625,50.65,-120.625
960,-120.6,50.65,-120.6
760,-120.575,50.65,-120.575
689,-120.55,50.65,-120.55
702,-120.525,50.65,-120.525
764,-120.5,50.65,-120.5
833,-120.475,50.65,-120.475
919,-120.45,50.65,-120.45
942,-120.425,50.65,-120.425
765,-120.4,50.65,-120.4
684,-120.375,50.65,-120.375
703,-120.35,50.65,-120.35
747,-120.325,50.65,-120.325
703,-120.3,50.65,-120.3
838,-120.275,50.65,-120.275
900,-120.25,50.65,-120.25
776,-120.225,50.65,-120.225
960,-120.2,50.65,-120.2
534,-120.175,50.65,-120.175
534,-120.15,50.65,-120.15
526,-120.125,50.65,-120.125
504,-120.1,50.65,-120.1
462,-120.075,50.65,-120.075
391,-120.05,50.65,-120.05
394,-120.025,50.65,-120.025
343,-120,50.65,-120
348,-119.975,50.65,-119.975
354,-119.95,50.65,-119.95
350,-119.925,50.65,-119.925
343,-119.9,50.65,-119.9
428,-119.875,50.65,-119.875
571,-119.85,50.65,-119.85
664,-119.825,50.65,-119.825
800,-119.8,50.65,-119.8
876,-119.775,50.65,-119.775
1036,-119.75,50.65,-119.75
1203,-119.725,50.65,-119.725
1341,-119.7,50.65,-119.7
916,-119.675,50.65,-119.675
892,-119.65,50.65,-119.65
927,-119.625,50.65,-119.625
1053,-119.6,50.65,-119.6
1245,-119.575,50.65,-119.575
1523,-119.55,50.65,-119.55
1686,-119.525,50.65,-119.525
1750,-119.5,50.65,-119.5
1588,-119.475,50.65,-119.475
1531,-119.45,50.65,-119.45
1185,-119.425,50.65,-119.425
545,-119.4,50.65,-119.4
361,-119.375,50.65,-119.375
592,-119.35,50.65,-119.35
868,-119.325,50.65,-119.325
1009,-119.3,50.65,-119.3
1361,-119.275,50.65,-119.275
1012,-119.25,50.65,-119.25
677,-119.225,50.65,-119.225
520,-119.2,50.65,-119.2
689,-119.175,50.65,-119.175
687,-119.15,50.65,-119.15
483,-119.125,50.65,-119.125
355,-119.1,50.65,-119.1
495,-119.075,50.65,-119.075
734,-119.05,50.65,-119.05
1136,-119.025,50.65,-119.025
1580,-119,50.65,-119
1788,-118.975,50.65,-118.975
1893,-118.95,50.65,-118.95
1959,-118.925,50.65,-118.925
1732,-118.9,50.65,-118.9
1545,-118.875,50.65,-118.875
905,-118.85,50.65,-118.85
902,-118.825,50.65,-118.825
1032,-118.8,50.65,-118.8
1075,-118.775,50.65,-118.775
527,-118.75,50.65,-118.75
769,-118.725,50.65,-118.725
606,-118.7,50.65,-118.7
386,-118.675,50.65,-118.675
986,-118.65,50.65,-118.65
1537,-118.625,50.65,-118.625
1879,-118.6,50.65,-118.6
1830,-118.575,50.65,-118.575
1697,-118.55,50.65,-118.55
1171,-118.525,50.65,-118.525
1694,-118.5,50.65,-118.5
1161,-123,50.675,-123
1101,-122.975,50.675,-122.975
1822,-122.95,50.675,-122.95
1760,-122.925,50.675,-122.925
2236,-122.9,50.675,-122.9
2165,-122.875,50.675,-122.875
1553,-122.85,50.675,-122.85
1802,-122.825,50.675,-122.825
2015,-122.8,50.675,-122.8
1513,-122.775,50.675,-122.775
1937,-122.75,50.675,-122.75
2284,-122.725,50.675,-122.725
1790,-122.7,50.675,-122.7
1993,-122.675,50.675,-122.675
1689,-122.65,50.675,-122.65
1787,-122.625,50.675,-122.625
1844,-122.6,50.675,-122.6
1838,-122.575,50.675,-122.575
2153,-122.55,50.675,-122.55
1866,-122.525,50.675,-122.525
1495,-122.5,50.675,-122.5
2006,-122.475,50.675,-122.475
1864,-122.45,50.675,-122.45
1663,-122.425,50.675,-122.425
895,-122.4,50.675,-122.4
390,-122.375,50.675,-122.375
260,-122.35,50.675,-122.35
386,-122.325,50.675,-122.325
1270,-122.3,50.675,-122.3
1734,-122.275,50.675,-122.275
2047,-122.25,50.675,-122.25
1784,-122.225,50.675,-122.225
1861,-122.2,50.675,-122.2
1268,-122.175,50.675,-122.175
1249,-122.15,50.675,-122.15
418,-122.125,50.675,-122.125
338,-122.1,50.675,-122.1
602,-122.075,50.675,-122.075
429,-122.05,50.675,-122.05
244,-122.025,50.675,-122.025
244,-122,50.675,-122
554,-121.975,50.675,-121.975
227,-121.95,50.675,-121.95
201,-121.925,50.675,-121.925
411,-121.9,50.675,-121.9
496,-121.875,50.675,-121.875
1683,-121.85,50.675,-121.85
1214,-121.825,50.675,-121.825
974,-121.8,50.675,-121.8
1220,-121.775,50.675,-121.775
1505,-121.75,50.675,-121.75
1865,-121.725,50.675,-121.725
2008,-121.7,50.675,-121.7
1852,-121.675,50.675,-121.675
1464,-121.65,50.675,-121.65
1233,-121.625,50.675,-121.625
1132,-121.6,50.675,-121.6
1219,-121.575,50.675,-121.575
1478,-121.55,50.675,-121.55
1580,-121.525,50.675,-121.525
1490,-121.5,50.675,-121.5
1597,-121.475,50.675,-121.475
1707,-121.45,50.675,-121.45
1278,-121.425,50.675,-121.425
849,-121.4,50.675,-121.4
655,-121.375,50.675,-121.375
472,-121.35,50.675,-121.35
455,-121.325,50.675,-121.325
285,-121.3,50.675,-121.3
472,-121.275,50.675,-121.275
748,-121.25,50.675,-121.25
1132,-121.225,50.675,-121.225
1354,-121.2,50.675,-121.2
1446,-121.175,50.675,-121.175
1464,-121.15,50.675,-121.15
1486,-121.125,50.675,-121.125
1329,-121.1,50.675,-121.1
1254,-121.075,50.675,-121.075
1331,-121.05,50.675,-121.05
1451,-121.025,50.675,-121.025
1570,-121,50.675,-121
1606,-120.975,50.675,-120.975
1475,-120.95,50.675,-120.95
1410,-120.925,50.675,-120.925
1281,-120.9,50.675,-120.9
1270,-120.875,50.675,-120.875
1273,-120.85,50.675,-120.85
1334,-120.825,50.675,-120.825
1237,-120.8,50.675,-120.8
902,-120.775,50.675,-120.775
1243,-120.75,50.675,-120.75
1288,-120.725,50.675,-120.725
1068,-120.7,50.675,-120.7
979,-120.675,50.675,-120.675
895,-120.65,50.675,-120.65
740,-120.625,50.675,-120.625
729,-120.6,50.675,-120.6
571,-120.575,50.675,-120.575
831,-120.55,50.675,-120.55
762,-120.525,50.675,-120.525
725,-120.5,50.675,-120.5
678,-120.475,50.675,-120.475
615,-120.45,50.675,-120.45
720,-120.425,50.675,-120.425
718,-120.4,50.675,-120.4
560,-120.375,50.675,-120.375
457,-120.35,50.675,-120.35
364,-120.325,50.675,-120.325
341,-120.3,50.675,-120.3
367,-120.275,50.675,-120.275
349,-120.25,50.675,-120.25
344,-120.225,50.675,-120.225
354,-120.2,50.675,-120.2
379,-120.175,50.675,-120.175
369,-120.15,50.675,-120.15
589,-120.125,50.675,-120.125
487,-120.1,50.675,-120.1
569,-120.075,50.675,-120.075
878,-120.05,50.675,-120.05
931,-120.025,50.675,-120.025
986,-120,50.675,-120
943,-119.975,50.675,-119.975
894,-119.95,50.675,-119.95
834,-119.925,50.675,-119.925
618,-119.9,50.675,-119.9
430,-119.875,50.675,-119.875
350,-119.85,50.675,-119.85
389,-119.825,50.675,-119.825
551,-119.8,50.675,-119.8
664,-119.775,50.675,-119.775
953,-119.75,50.675,-119.75
1294,-119.725,50.675,-119.725
1470,-119.7,50.675,-119.7
1195,-119.675,50.675,-119.675
781,-119.65,50.675,-119.65
1083,-119.625,50.675,-119.625
1353,-119.6,50.675,-119.6
1188,-119.575,50.675,-119.575
1015,-119.55,50.675,-119.55
1117,-119.525,50.675,-119.525
1558,-119.5,50.675,-119.5
1601,-119.475,50.675,-119.475
1549,-119.45,50.675,-119.45
1417,-119.425,50.675,-119.425
984,-119.4,50.675,-119.4
542,-119.375,50.675,-119.375
354,-119.35,50.675,-119.35
354,-119.325,50.675,-119.325
540,-119.3,50.675,-119.3
892,-119.275,50.675,-119.275
634,-119.25,50.675,-119.25
529,-119.225,50.675,-119.225
621,-119.2,50.675,-119.2
827,-119.175,50.675,-119.175
874,-119.15,50.675,-119.15
703,-119.125,50.675,-119.125
770,-119.1,50.675,-119.1
353,-119.075,50.675,-119.075
399,-119.05,50.675,-119.05
897,-119.025,50.675,-119.025
1508,-119,50.675,-119
1781,-118.975,50.675,-118.975
1926,-118.95,50.675,-118.95
1940,-118.925,50.675,-118.925
1792,-118.9,50.675,-118.9
1361,-118.875,50.675,-118.875
1058,-118.85,50.675,-118.85
928,-118.825,50.675,-118.825
770,-118.8,50.675,-118.8
755,-118.775,50.675,-118.775
632,-118.75,50.675,-118.75
1016,-118.725,50.675,-118.725
1177,-118.7,50.675,-118.7
454,-118.675,50.675,-118.675
560,-118.65,50.675,-118.65
1118,-118.625,50.675,-118.625
1897,-118.6,50.675,-118.6
2085,-118.575,50.675,-118.575
1779,-118.55,50.675,-118.55
1604,-118.525,50.675,-118.525
1444,-118.5,50.675,-118.5
1966,-123,50.7,-123
1051,-122.975,50.7,-122.975
1427,-122.95,50.7,-122.95
2302,-122.925,50.7,-122.925
1883,-122.9,50.7,-122.9
2343,-122.875,50.7,-122.875
1834,-122.85,50.7,-122.85
1447,-122.825,50.7,-122.825
1643,-122.8,50.7,-122.8
1694,-122.775,50.7,-122.775
2288,-122.75,50.7,-122.75
2215,-122.725,50.7,-122.725
2075,-122.7,50.7,-122.7
1738,-122.675,50.7,-122.675
1421,-122.65,50.7,-122.65
1764,-122.625,50.7,-122.625
2262,-122.6,50.7,-122.6
2260,-122.575,50.7,-122.575
1973,-122.55,50.7,-122.55
1768,-122.525,50.7,-122.525
2363,-122.5,50.7,-122.5
2099,-122.475,50.7,-122.475
2090,-122.45,50.7,-122.45
1918,-122.425,50.7,-122.425
1829,-122.4,50.7,-122.4
1362,-122.375,50.7,-122.375
1068,-122.35,50.7,-122.35
493,-122.325,50.7,-122.325
302,-122.3,50.7,-122.3
393,-122.275,50.7,-122.275
787,-122.25,50.7,-122.25
1291,-122.225,50.7,-122.225
1242,-122.2,50.7,-122.2
761,-122.175,50.7,-122.175
244,-122.15,50.7,-122.15
577,-122.125,50.7,-122.125
555,-122.1,50.7,-122.1
800,-122.075,50.7,-122.075
1341,-122.05,50.7,-122.05
1727,-122.025,50.7,-122.025
1794,-122,50.7,-122
870,-121.975,50.7,-121.975
682,-121.95,50.7,-121.95
242,-121.925,50.7,-121.925
342,-121.9,50.7,-121.9
1301,-121.875,50.7,-121.875
1235,-121.85,50.7,-121.85
787,-121.825,50.7,-121.825
1282,-121.8,50.7,-121.8
1410,-121.775,50.7,-121.775
1942,-121.75,50.7,-121.75
1800,-121.725,50.7,-121.725
1648,-121.7,50.7,-121.7
1732,-121.675,50.7,-121.675
1510,-121.65,50.7,-121.65
1168,-121.625,50.7,-121.625
1046,-121.6,50.7,-121.6
1270,-121.575,50.7,-121.575
1393,-121.55,50.7,-121.55
1502,-121.525,50.7,-121.525
1794,-121.5,50.7,-121.5
1900,-121.475,50.7,-121.475
1901,-121.45,50.7,-121.45
1486,-121.425,50.7,-121.425
991,-121.4,50.7,-121.4
704,-121.375,50.7,-121.375
605,-121.35,50.7,-121.35
643,-121.325,50.7,-121.325
294,-121.3,50.7,-121.3
461,-121.275,50.7,-121.275
743,-121.25,50.7,-121.25
853,-121.225,50.7,-121.225
1033,-121.2,50.7,-121.2
1194,-121.175,50.7,-121.175
1159,-121.15,50.7,-121.15
1178,-121.125,50.7,-121.125
1242,-121.1,50.7,-121.1
1229,-121.075,50.7,-121.075
1222,-121.05,50.7,-121.05
1147,-121.025,50.7,-121.025
1137,-121,50.7,-121
1126,-120.975,50.7,-120.975
1049,-120.95,50.7,-120.95
948,-120.925,50.7,-120.925
914,-120.9,50.7,-120.9
884,-120.875,50.7,-120.875
1105,-120.85,50.7,-120.85
1448,-120.825,50.7,-120.825
1132,-120.8,50.7,-120.8
790,-120.775,50.7,-120.775
1058,-120.75,50.7,-120.75
981,-120.725,50.7,-120.725
814,-120.7,50.7,-120.7
691,-120.675,50.7,-120.675
603,-120.65,50.7,-120.65
497,-120.625,50.7,-120.625
488,-120.6,50.7,-120.6
603,-120.575,50.7,-120.575
557,-120.55,50.7,-120.55
517,-120.525,50.7,-120.525
342,-120.5,50.7,-120.5
337,-120.475,50.7,-120.475
344,-120.45,50.7,-120.45
344,-120.425,50.7,-120.425
350,-120.4,50.7,-120.4
347,-120.375,50.7,-120.375
341,-120.35,50.7,-120.35
371,-120.325,50.7,-120.325
780,-120.3,50.7,-120.3
813,-120.275,50.7,-120.275
938,-120.25,50.7,-120.25
991,-120.225,50.7,-120.225
979,-120.2,50.7,-120.2
765,-120.175,50.7,-120.175
622,-120.15,50.7,-120.15
772,-120.125,50.7,-120.125
716,-120.1,50.7,-120.1
859,-120.075,50.7,-120.075
978,-120.05,50.7,-120.05
1060,-120.025,50.7,-120.025
1176,-120,50.7,-120
1036,-119.975,50.7,-119.975
975,-119.95,50.7,-119.95
857,-119.925,50.7,-119.925
735,-119.9,50.7,-119.9
603,-119.875,50.7,-119.875
506,-119.85,50.7,-119.85
410,-119.825,50.7,-119.825
352,-119.8,50.7,-119.8
587,-119.775,50.7,-119.775
925,-119.75,50.7,-119.75
1406,-119.725,50.7,-119.725
1355,-119.7,50.7,-119.7
1200,-119.675,50.7,-119.675
721,-119.65,50.7,-119.65
1046,-119.625,50.7,-119.625
1513,-119.6,50.7,-119.6
1501,-119.575,50.7,-119.575
1301,-119.55,50.7,-119.55
1152,-119.525,50.7,-119.525
1090,-119.5,50.7,-119.5
1408,-119.475,50.7,-119.475
1503,-119.45,50.7,-119.45
1568,-119.425,50.7,-119.425
1318,-119.4,50.7,-119.4
1058,-119.375,50.7,-119.375
468,-119.35,50.7,-119.35
354,-119.325,50.7,-119.325
349,-119.3,50.7,-119.3
384,-119.275,50.7,-119.275
518,-119.25,50.7,-119.25
479,-119.225,50.7,-119.225
641,-119.2,50.7,-119.2
930,-119.175,50.7,-119.175
1094,-119.15,50.7,-119.15
804,-119.125,50.7,-119.125
805,-119.1,50.7,-119.1
788,-119.075,50.7,-119.075
351,-119.05,50.7,-119.05
552,-119.025,50.7,-119.025
1205,-119,50.7,-119
1611,-118.975,50.7,-118.975
1827,-118.95,50.7,-118.95
1910,-118.925,50.7,-118.925
1639,-118.9,50.7,-118.9
1738,-118.875,50.7,-118.875
1552,-118.85,50.7,-118.85
1101,-118.825,50.7,-118.825
1066,-118.8,50.7,-118.8
844,-118.775,50.7,-118.775
607,-118.75,50.7,-118.75
1133,-118.725,50.7,-118.725
1444,-118.7,50.7,-118.7
585,-118.675,50.7,-118.675
386,-118.65,50.7,-118.65
902,-118.625,50.7,-118.625
1270,-118.6,50.7,-118.6
1525,-118.575,50.7,-118.575
1719,-118.55,50.7,-118.55
2058,-118.525,50.7,-118.525
1374,-118.5,50.7,-118.5
1445,-123,50.725,-123
1278,-122.975,50.725,-122.975
1027,-122.95,50.725,-122.95
1337,-122.925,50.725,-122.925
2048,-122.9,50.725,-122.9
2273,-122.875,50.725,-122.875
2001,-122.85,50.725,-122.85
1961,-122.825,50.725,-122.825
1358,-122.8,50.725,-122.8
2203,-122.775,50.725,-122.775
1741,-122.75,50.725,-122.75
1742,-122.725,50.725,-122.725
1491,-122.7,50.725,-122.7
1292,-122.675,50.725,-122.675
1744,-122.65,50.725,-122.65
1857,-122.625,50.725,-122.625
2150,-122.6,50.725,-122.6
2167,-122.575,50.725,-122.575
2313,-122.55,50.725,-122.55
2212,-122.525,50.725,-122.525
2156,-122.5,50.725,-122.5
2194,-122.475,50.725,-122.475
1267,-122.45,50.725,-122.45
1196,-122.425,50.725,-122.425
1383,-122.4,50.725,-122.4
1123,-122.375,50.725,-122.375
872,-122.35,50.725,-122.35
1042,-122.325,50.725,-122.325
906,-122.3,50.725,-122.3
442,-122.275,50.725,-122.275
330,-122.25,50.725,-122.25
244,-122.225,50.725,-122.225
244,-122.2,50.725,-122.2
350,-122.175,50.725,-122.175
718,-122.15,50.725,-122.15
1370,-122.125,50.725,-122.125
1977,-122.1,50.725,-122.1
1976,-122.075,50.725,-122.075
2229,-122.05,50.725,-122.05
2001,-122.025,50.725,-122.025
1510,-122,50.725,-122
1211,-121.975,50.725,-121.975
1316,-121.95,50.725,-121.95
303,-121.925,50.725,-121.925
831,-121.9,50.725,-121.9
1217,-121.875,50.725,-121.875
627,-121.85,50.725,-121.85
1126,-121.825,50.725,-121.825
1508,-121.8,50.725,-121.8
1884,-121.775,50.725,-121.775
1822,-121.75,50.725,-121.75
2036,-121.725,50.725,-121.725
1929,-121.7,50.725,-121.7
1441,-121.675,50.725,-121.675
1260,-121.65,50.725,-121.65
1113,-121.625,50.725,-121.625
998,-121.6,50.725,-121.6
1153,-121.575,50.725,-121.575
1222,-121.55,50.725,-121.55
1507,-121.525,50.725,-121.525
1689,-121.5,50.725,-121.5
1658,-121.475,50.725,-121.475
1589,-121.45,50.725,-121.45
1554,-121.425,50.725,-121.425
1235,-121.4,50.725,-121.4
931,-121.375,50.725,-121.375
709,-121.35,50.725,-121.35
484,-121.325,50.725,-121.325
561,-121.3,50.725,-121.3
343,-121.275,50.725,-121.275
642,-121.25,50.725,-121.25
604,-121.225,50.725,-121.225
910,-121.2,50.725,-121.2
954,-121.175,50.725,-121.175
1023,-121.15,50.725,-121.15
1056,-121.125,50.725,-121.125
1076,-121.1,50.725,-121.1
982,-121.075,50.725,-121.075
918,-121.05,50.725,-121.05
900,-121.025,50.725,-121.025
764,-121,50.725,-121
742,-120.975,50.725,-120.975
655,-120.95,50.725,-120.95
803,-120.925,50.725,-120.925
702,-120.9,50.725,-120.9
701,-120.875,50.725,-120.875
766,-120.85,50.725,-120.85
740,-120.825,50.725,-120.825
850,-120.8,50.725,-120.8
661,-120.775,50.725,-120.775
728,-120.75,50.725,-120.75
812,-120.725,50.725,-120.725
642,-120.7,50.725,-120.7
436,-120.675,50.725,-120.675
338,-120.65,50.725,-120.65
336,-120.625,50.725,-120.625
336,-120.6,50.725,-120.6
336,-120.575,50.725,-120.575
342,-120.55,50.725,-120.55
359,-120.525,50.725,-120.525
369,-120.5,50.725,-120.5
539,-120.475,50.725,-120.475
490,-120.45,50.725,-120.45
567,-120.425,50.725,-120.425
545,-120.4,50.725,-120.4
539,-120.375,50.725,-120.375
347,-120.35,50.725,-120.35
549,-120.325,50.725,-120.325
652,-120.3,50.725,-120.3
586,-120.275,50.725,-120.275
656,-120.25,50.725,-120.25
768,-120.225,50.725,-120.225
763,-120.2,50.725,-120.2
771,-120.175,50.725,-120.175
1193,-120.15,50.725,-120.15
1283,-120.125,50.725,-120.125
1264,-120.1,50.725,-120.1
982,-120.075,50.725,-120.075
895,-120.05,50.725,-120.05
865,-120.025,50.725,-120.025
876,-120,50.725,-120
902,-119.975,50.725,-119.975
948,-119.95,50.725,-119.95
1110,-119.925,50.725,-119.925
984,-119.9,50.725,-119.9
864,-119.875,50.725,-119.875
965,-119.85,50.725,-119.85
810,-119.825,50.725,-119.825
496,-119.8,50.725,-119.8
344,-119.775,50.725,-119.775
815,-119.75,50.725,-119.75
816,-119.725,50.725,-119.725
1196,-119.7,50.725,-119.7
1102,-119.675,50.725,-119.675
771,-119.65,50.725,-119.65
1246,-119.625,50.725,-119.625
1599,-119.6,50.725,-119.6
1475,-119.575,50.725,-119.575
1341,-119.55,50.725,-119.55
1520,-119.525,50.725,-119.525
1224,-119.5,50.725,-119.5
1349,-119.475,50.725,-119.475
1568,-119.45,50.725,-119.45
1443,-119.425,50.725,-119.425
1508,-119.4,50.725,-119.4
918,-119.375,50.725,-119.375
511,-119.35,50.725,-119.35
465,-119.325,50.725,-119.325
348,-119.3,50.725,-119.3
348,-119.275,50.725,-119.275
525,-119.25,50.725,-119.25
409,-119.225,50.725,-119.225
1035,-119.2,50.725,-119.2
1017,-119.175,50.725,-119.175
1071,-119.15,50.725,-119.15
1041,-119.125,50.725,-119.125
877,-119.1,50.725,-119.1
745,-119.075,50.725,-119.075
348,-119.05,50.725,-119.05
489,-119.025,50.725,-119.025
993,-119,50.725,-119
1439,-118.975,50.725,-118.975
1740,-118.95,50.725,-118.95
2059,-118.925,50.725,-118.925
2089,-118.9,50.725,-118.9
1648,-118.875,50.725,-118.875
1670,-118.85,50.725,-118.85
1339,-118.825,50.725,-118.825
1249,-118.8,50.725,-118.8
948,-118.775,50.725,-118.775
850,-118.75,50.725,-118.75
690,-118.725,50.725,-118.725
1019,-118.7,50.725,-118.7
772,-118.675,50.725,-118.675
660,-118.65,50.725,-118.65
457,-118.625,50.725,-118.625
413,-118.6,50.725,-118.6
710,-118.575,50.725,-118.575
1244,-118.55,50.725,-118.55
1602,-118.525,50.725,-118.525
2036,-118.5,50.725,-118.5
2233,-123,50.75,-123
1886,-122.975,50.75,-122.975
1599,-122.95,50.75,-122.95
1029,-122.925,50.75,-122.925
1304,-122.9,50.75,-122.9
1867,-122.875,50.75,-122.875
2000,-122.85,50.75,-122.85
1817,-122.825,50.75,-122.825
1235,-122.8,50.75,-122.8
1566,-122.775,50.75,-122.775
1253,-122.75,50.75,-122.75
1430,-122.725,50.75,-122.725
1521,-122.7,50.75,-122.7
2059,-122.675,50.75,-122.675
1857,-122.65,50.75,-122.65
1910,-122.625,50.75,-122.625
2004,-122.6,50.75,-122.6
2294,-122.575,50.75,-122.575
1987,-122.55,50.75,-122.55
1806,-122.525,50.75,-122.525
2479,-122.5,50.75,-122.5
2423,-122.475,50.75,-122.475
2586,-122.45,50.75,-122.45
2090,-122.425,50.75,-122.425
1742,-122.4,50.75,-122.4
1978,-122.375,50.75,-122.375
1885,-122.35,50.75,-122.35
1808,-122.325,50.75,-122.325
1475,-122.3,50.75,-122.3
1560,-122.275,50.75,-122.275
1369,-122.25,50.75,-122.25
1219,-122.225,50.75,-122.225
1344,-122.2,50.75,-122.2
1440,-122.175,50.75,-122.175
2156,-122.15,50.75,-122.15
2156,-122.125,50.75,-122.125
2014,-122.1,50.75,-122.1
1889,-122.075,50.75,-122.075
1730,-122.05,50.75,-122.05
1651,-122.025,50.75,-122.025
1268,-122,50.75,-122
727,-121.975,50.75,-121.975
462,-121.95,50.75,-121.95
441,-121.925,50.75,-121.925
647,-121.9,50.75,-121.9
505,-121.875,50.75,-121.875
217,-121.85,50.75,-121.85
599,-121.825,50.75,-121.825
1178,-121.8,50.75,-121.8
1577,-121.775,50.75,-121.775
1911,-121.75,50.75,-121.75
1926,-121.725,50.75,-121.725
1864,-121.7,50.75,-121.7
1477,-121.675,50.75,-121.675
1240,-121.65,50.75,-121.65
1092,-121.625,50.75,-121.625
986,-121.6,50.75,-121.6
1040,-121.575,50.75,-121.575
1190,-121.55,50.75,-121.55
1492,-121.525,50.75,-121.525
1558,-121.5,50.75,-121.5
1336,-121.475,50.75,-121.475
1612,-121.45,50.75,-121.45
1469,-121.425,50.75,-121.425
1096,-121.4,50.75,-121.4
902,-121.375,50.75,-121.375
1124,-121.35,50.75,-121.35
669,-121.325,50.75,-121.325
635,-121.3,50.75,-121.3
370,-121.275,50.75,-121.275
391,-121.25,50.75,-121.25
475,-121.225,50.75,-121.225
380,-121.2,50.75,-121.2
733,-121.175,50.75,-121.175
857,-121.15,50.75,-121.15
869,-121.125,50.75,-121.125
933,-121.1,50.75,-121.1
783,-121.075,50.75,-121.075
663,-121.05,50.75,-121.05
503,-121.025,50.75,-121.025
457,-121,50.75,-121
398,-120.975,50.75,-120.975
392,-120.95,50.75,-120.95
332,-120.925,50.75,-120.925
439,-120.9,50.75,-120.9
340,-120.875,50.75,-120.875
364,-120.85,50.75,-120.85
470,-120.825,50.75,-120.825
507,-120.8,50.75,-120.8
615,-120.775,50.75,-120.775
684,-120.75,50.75,-120.75
516,-120.725,50.75,-120.725
336,-120.7,50.75,-120.7
336,-120.675,50.75,-120.675
336,-120.65,50.75,-120.65
575,-120.625,50.75,-120.625
601,-120.6,50.75,-120.6
615,-120.575,50.75,-120.575
778,-120.55,50.75,-120.55
793,-120.525,50.75,-120.525
610,-120.5,50.75,-120.5
759,-120.475,50.75,-120.475
758,-120.45,50.75,-120.45
668,-120.425,50.75,-120.425
691,-120.4,50.75,-120.4
709,-120.375,50.75,-120.375
347,-120.35,50.75,-120.35
571,-120.325,50.75,-120.325
1199,-120.3,50.75,-120.3
1069,-120.275,50.75,-120.275
878,-120.25,50.75,-120.25
808,-120.225,50.75,-120.225
721,-120.2,50.75,-120.2
847,-120.175,50.75,-120.175
1007,-120.15,50.75,-120.15
893,-120.125,50.75,-120.125
856,-120.1,50.75,-120.1
870,-120.075,50.75,-120.075
1062,-120.05,50.75,-120.05
1048,-120.025,50.75,-120.025
1190,-120,50.75,-120
1203,-119.975,50.75,-119.975
1059,-119.95,50.75,-119.95
1078,-119.925,50.75,-119.925
1069,-119.9,50.75,-119.9
1153,-119.875,50.75,-119.875
1010,-119.85,50.75,-119.85
1003,-119.825,50.75,-119.825
619,-119.8,50.75,-119.8
398,-119.775,50.75,-119.775
369,-119.75,50.75,-119.75
475,-119.725,50.75,-119.725
762,-119.7,50.75,-119.7
1067,-119.675,50.75,-119.675
645,-119.65,50.75,-119.65
1124,-119.625,50.75,-119.625
1457,-119.6,50.75,-119.6
1558,-119.575,50.75,-119.575
1369,-119.55,50.75,-119.55
1310,-119.525,50.75,-119.525
1106,-119.5,50.75,-119.5
1154,-119.475,50.75,-119.475
1419,-119.45,50.75,-119.45
1494,-119.425,50.75,-119.425
1376,-119.4,50.75,-119.4
1429,-119.375,50.75,-119.375
837,-119.35,50.75,-119.35
367,-119.325,50.75,-119.325
348,-119.3,50.75,-119.3
399,-119.275,50.75,-119.275
461,-119.25,50.75,-119.25
357,-119.225,50.75,-119.225
546,-119.2,50.75,-119.2
1201,-119.175,50.75,-119.175
1222,-119.15,50.75,-119.15
1214,-119.125,50.75,-119.125
1015,-119.1,50.75,-119.1
1059,-119.075,50.75,-119.075
348,-119.05,50.75,-119.05
365,-119.025,50.75,-119.025
736,-119,50.75,-119
1324,-118.975,50.75,-118.975
1754,-118.95,50.75,-118.95
1914,-118.925,50.75,-118.925
1847,-118.9,50.75,-118.9
1994,-118.875,50.75,-118.875
1884,-118.85,50.75,-118.85
1893,-118.825,50.75,-118.825
1541,-118.8,50.75,-118.8
1437,-118.775,50.75,-118.775
1171,-118.75,50.75,-118.75
1005,-118.725,50.75,-118.725
892,-118.7,50.75,-118.7
776,-118.675,50.75,-118.675
636,-118.65,50.75,-118.65
932,-118.625,50.75,-118.625
827,-118.6,50.75,-118.6
429,-118.575,50.75,-118.575
814,-118.55,50.75,-118.55
1492,-118.525,50.75,-118.525
1583,-118.5,50.75,-118.5
2206,-123,50.775,-123
2453,-122.975,50.775,-122.975
1882,-122.95,50.775,-122.95
1565,-122.925,50.775,-122.925
1225,-122.9,50.775,-122.9
1295,-122.875,50.775,-122.875
983,-122.85,50.775,-122.85
1125,-122.825,50.775,-122.825
1265,-122.8,50.775,-122.8
1717,-122.775,50.775,-122.775
2388,-122.75,50.775,-122.75
2307,-122.725,50.775,-122.725
1931,-122.7,50.775,-122.7
2103,-122.675,50.775,-122.675
2197,-122.65,50.775,-122.65
2168,-122.625,50.775,-122.625
2132,-122.6,50.775,-122.6
1881,-122.575,50.775,-122.575
2026,-122.55,50.775,-122.55
2407,-122.525,50.775,-122.525
1752,-122.5,50.775,-122.5
1968,-122.475,50.775,-122.475
1841,-122.45,50.775,-122.45
1671,-122.425,50.775,-122.425
1467,-122.4,50.775,-122.4
1032,-122.375,50.775,-122.375
895,-122.35,50.775,-122.35
631,-122.325,50.775,-122.325
728,-122.3,50.775,-122.3
1000,-122.275,50.775,-122.275
631,-122.25,50.775,-122.25
1371,-122.225,50.775,-122.225
1644,-122.2,50.775,-122.2
1854,-122.175,50.775,-122.175
1726,-122.15,50.775,-122.15
1587,-122.125,50.775,-122.125
1459,-122.1,50.775,-122.1
1076,-122.075,50.775,-122.075
1329,-122.05,50.775,-122.05
1333,-122.025,50.775,-122.025
712,-122,50.775,-122
334,-121.975,50.775,-121.975
907,-121.95,50.775,-121.95
791,-121.925,50.775,-121.925
1028,-121.9,50.775,-121.9
1034,-121.875,50.775,-121.875
287,-121.85,50.775,-121.85
741,-121.825,50.775,-121.825
1516,-121.8,50.775,-121.8
1482,-121.775,50.775,-121.775
1802,-121.75,50.775,-121.75
1838,-121.725,50.775,-121.725
1754,-121.7,50.775,-121.7
1691,-121.675,50.775,-121.675
1106,-121.65,50.775,-121.65
998,-121.625,50.775,-121.625
920,-121.6,50.775,-121.6
1134,-121.575,50.775,-121.575
1308,-121.55,50.775,-121.55
1410,-121.525,50.775,-121.525
1283,-121.5,50.775,-121.5
1295,-121.475,50.775,-121.475
1371,-121.45,50.775,-121.45
1196,-121.425,50.775,-121.425
1083,-121.4,50.775,-121.4
1245,-121.375,50.775,-121.375
1029,-121.35,50.775,-121.35
649,-121.325,50.775,-121.325
455,-121.3,50.775,-121.3
716,-121.275,50.775,-121.275
796,-121.25,50.775,-121.25
558,-121.225,50.775,-121.225
551,-121.2,50.775,-121.2
658,-121.175,50.775,-121.175
367,-121.15,50.775,-121.15
362,-121.125,50.775,-121.125
490,-121.1,50.775,-121.1
388,-121.075,50.775,-121.075
371,-121.05,50.775,-121.05
482,-121.025,50.775,-121.025
694,-121,50.775,-121
602,-120.975,50.775,-120.975
499,-120.95,50.775,-120.95
472,-120.925,50.775,-120.925
562,-120.9,50.775,-120.9
771,-120.875,50.775,-120.875
628,-120.85,50.775,-120.85
353,-120.825,50.775,-120.825
336,-120.8,50.775,-120.8
336,-120.775,50.775,-120.775
336,-120.75,50.775,-120.75
336,-120.725,50.775,-120.725
454,-120.7,50.775,-120.7
993,-120.675,50.775,-120.675
834,-120.65,50.775,-120.65
854,-120.625,50.775,-120.625
998,-120.6,50.775,-120.6
1218,-120.575,50.775,-120.575
1118,-120.55,50.775,-120.55
725,-120.525,50.775,-120.525
876,-120.5,50.775,-120.5
1189,-120.475,50.775,-120.475
1049,-120.45,50.775,-120.45
802,-120.425,50.775,-120.425
810,-120.4,50.775,-120.4
815,-120.375,50.775,-120.375
436,-120.35,50.775,-120.35
356,-120.325,50.775,-120.325
816,-120.3,50.775,-120.3
1061,-120.275,50.775,-120.275
1139,-120.25,50.775,-120.25
885,-120.225,50.775,-120.225
790,-120.2,50.775,-120.2
942,-120.175,50.775,-120.175
1309,-120.15,50.775,-120.15
1266,-120.125,50.775,-120.125
1274,-120.1,50.775,-120.1
1259,-120.075,50.775,-120.075
1357,-120.05,50.775,-120.05
1333,-120.025,50.775,-120.025
1319,-120,50.775,-120
1279,-119.975,50.775,-119.975
1216,-119.95,50.775,-119.95
1224,-119.925,50.775,-119.925
1096,-119.9,50.775,-119.9
1089,-119.875,50.775,-119.875
1210,-119.85,50.775,-119.85
1086,-119.825,50.775,-119.825
801,-119.8,50.775,-119.8
521,-119.775,50.775,-119.775
483,-119.75,50.775,-119.75
344,-119.725,50.775,-119.725
696,-119.7,50.775,-119.7
934,-119.675,50.775,-119.675
664,-119.65,50.775,-119.65
797,-119.625,50.775,-119.625
1085,-119.6,50.775,-119.6
1286,-119.575,50.775,-119.575
1290,-119.55,50.775,-119.55
758,-119.525,50.775,-119.525
626,-119.5,50.775,-119.5
604,-119.475,50.775,-119.475
676,-119.45,50.775,-119.45
752,-119.425,50.775,-119.425
871,-119.4,50.775,-119.4
1325,-119.375,50.775,-119.375
511,-119.35,50.775,-119.35
348,-119.325,50.775,-119.325
460,-119.3,50.775,-119.3
400,-119.275,50.775,-119.275
662,-119.25,50.775,-119.25
348,-119.225,50.775,-119.225
348,-119.2,50.775,-119.2
481,-119.175,50.775,-119.175
980,-119.15,50.775,-119.15
946,-119.125,50.775,-119.125
1071,-119.1,50.775,-119.1
1021,-119.075,50.775,-119.075
870,-119.05,50.775,-119.05
400,-119.025,50.775,-119.025
469,-119,50.775,-119
1046,-118.975,50.775,-118.975
1409,-118.95,50.775,-118.95
1721,-118.925,50.775,-118.925
1791,-118.9,50.775,-118.9
1584,-118.875,50.775,-118.875
2061,-118.85,50.775,-118.85
1940,-118.825,50.775,-118.825
1937,-118.8,50.775,-118.8
1748,-118.775,50.775,-118.775
1324,-118.75,50.775,-118.75
1372,-118.725,50.775,-118.725
1311,-118.7,50.775,-118.7
953,-118.675,50.775,-118.675
711,-118.65,50.775,-118.65
954,-118.625,50.775,-118.625
685,-118.6,50.775,-118.6
508,-118.575,50.775,-118.575
672,-118.55,50.775,-118.55
960,-118.525,50.775,-118.525
1108,-118.5,50.775,-118.5
2028,-123,50.8,-123
1787,-122.975,50.8,-122.975
1838,-122.95,50.8,-122.95
1579,-122.925,50.8,-122.925
1411,-122.9,50.8,-122.9
1163,-122.875,50.8,-122.875
1215,-122.85,50.8,-122.85
1125,-122.825,50.8,-122.825
1345,-122.8,50.8,-122.8
1993,-122.775,50.8,-122.775
1905,-122.75,50.8,-122.75
2360,-122.725,50.8,-122.725
2053,-122.7,50.8,-122.7
2233,-122.675,50.8,-122.675
1959,-122.65,50.8,-122.65
2342,-122.625,50.8,-122.625
2332,-122.6,50.8,-122.6
1985,-122.575,50.8,-122.575
1416,-122.55,50.8,-122.55
2075,-122.525,50.8,-122.525
2161,-122.5,50.8,-122.5
1678,-122.475,50.8,-122.475
1329,-122.45,50.8,-122.45
1453,-122.425,50.8,-122.425
886,-122.4,50.8,-122.4
1003,-122.375,50.8,-122.375
1267,-122.35,50.8,-122.35
1398,-122.325,50.8,-122.325
1532,-122.3,50.8,-122.3
1817,-122.275,50.8,-122.275
1641,-122.25,50.8,-122.25
1456,-122.225,50.8,-122.225
1347,-122.2,50.8,-122.2
672,-122.175,50.8,-122.175
1287,-122.15,50.8,-122.15
1353,-122.125,50.8,-122.125
824,-122.1,50.8,-122.1
698,-122.075,50.8,-122.075
1130,-122.05,50.8,-122.05
335,-122.025,50.8,-122.025
524,-122,50.8,-122
1141,-121.975,50.8,-121.975
1661,-121.95,50.8,-121.95
1284,-121.925,50.8,-121.925
655,-121.9,50.8,-121.9
546,-121.875,50.8,-121.875
429,-121.85,50.8,-121.85
963,-121.825,50.8,-121.825
1102,-121.8,50.8,-121.8
1490,-121.775,50.8,-121.775
1688,-121.75,50.8,-121.75
1892,-121.725,50.8,-121.725
1849,-121.7,50.8,-121.7
1540,-121.675,50.8,-121.675
1200,-121.65,50.8,-121.65
857,-121.625,50.8,-121.625
808,-121.6,50.8,-121.6
1033,-121.575,50.8,-121.575
1387,-121.55,50.8,-121.55
1216,-121.525,50.8,-121.525
1474,-121.5,50.8,-121.5
1418,-121.475,50.8,-121.475
1198,-121.45,50.8,-121.45
1089,-121.425,50.8,-121.425
1118,-121.4,50.8,-121.4
957,-121.375,50.8,-121.375
952,-121.35,50.8,-121.35
484,-121.325,50.8,-121.325
536,-121.3,50.8,-121.3
521,-121.275,50.8,-121.275
539,-121.25,50.8,-121.25
656,-121.225,50.8,-121.225
715,-121.2,50.8,-121.2
839,-121.175,50.8,-121.175
727,-121.15,50.8,-121.15
543,-121.125,50.8,-121.125
512,-121.1,50.8,-121.1
774,-121.075,50.8,-121.075
829,-121.05,50.8,-121.05
920,-121.025,50.8,-121.025
822,-121,50.8,-121
733,-120.975,50.8,-120.975
734,-120.95,50.8,-120.95
520,-120.925,50.8,-120.925
1064,-120.9,50.8,-120.9
1138,-120.875,50.8,-120.875
969,-120.85,50.8,-120.85
821,-120.825,50.8,-120.825
791,-120.8,50.8,-120.8
504,-120.775,50.8,-120.775
528,-120.75,50.8,-120.75
729,-120.725,50.8,-120.725
1045,-120.7,50.8,-120.7
1071,-120.675,50.8,-120.675
1390,-120.65,50.8,-120.65
1270,-120.625,50.8,-120.625
1190,-120.6,50.8,-120.6
1105,-120.575,50.8,-120.575
680,-120.55,50.8,-120.55
1161,-120.525,50.8,-120.525
1245,-120.5,50.8,-120.5
872,-120.475,50.8,-120.475
896,-120.45,50.8,-120.45
889,-120.425,50.8,-120.425
818,-120.4,50.8,-120.4
820,-120.375,50.8,-120.375
596,-120.35,50.8,-120.35
345,-120.325,50.8,-120.325
613,-120.3,50.8,-120.3
868,-120.275,50.8,-120.275
1016,-120.25,50.8,-120.25
857,-120.225,50.8,-120.225
755,-120.2,50.8,-120.2
1012,-120.175,50.8,-120.175
1095,-120.15,50.8,-120.15
1688,-120.125,50.8,-120.125
1622,-120.1,50.8,-120.1
1563,-120.075,50.8,-120.075
1354,-120.05,50.8,-120.05
1409,-120.025,50.8,-120.025
1280,-120,50.8,-120
1264,-119.975,50.8,-119.975
1335,-119.95,50.8,-119.95
961,-119.925,50.8,-119.925
1166,-119.9,50.8,-119.9
1274,-119.875,50.8,-119.875
1083,-119.85,50.8,-119.85
1043,-119.825,50.8,-119.825
1140,-119.8,50.8,-119.8
547,-119.775,50.8,-119.775
585,-119.75,50.8,-119.75
361,-119.725,50.8,-119.725
380,-119.7,50.8,-119.7
882,-119.675,50.8,-119.675
590,-119.65,50.8,-119.65
593,-119.625,50.8,-119.625
647,-119.6,50.8,-119.6
898,-119.575,50.8,-119.575
818,-119.55,50.8,-119.55
692,-119.525,50.8,-119.525
1129,-119.5,50.8,-119.5
1032,-119.475,50.8,-119.475
952,-119.45,50.8,-119.45
768,-119.425,50.8,-119.425
531,-119.4,50.8,-119.4
430,-119.375,50.8,-119.375
406,-119.35,50.8,-119.35
409,-119.325,50.8,-119.325
587,-119.3,50.8,-119.3
1250,-119.275,50.8,-119.275
1140,-119.25,50.8,-119.25
693,-119.225,50.8,-119.225
637,-119.2,50.8,-119.2
366,-119.175,50.8,-119.175
348,-119.15,50.8,-119.15
348,-119.125,50.8,-119.125
348,-119.1,50.8,-119.1
348,-119.075,50.8,-119.075
887,-119.05,50.8,-119.05
837,-119.025,50.8,-119.025
348,-119,50.8,-119
423,-118.975,50.8,-118.975
815,-118.95,50.8,-118.95
1301,-118.925,50.8,-118.925
1424,-118.9,50.8,-118.9
1608,-118.875,50.8,-118.875
1849,-118.85,50.8,-118.85
1824,-118.825,50.8,-118.825
1942,-118.8,50.8,-118.8
1859,-118.775,50.8,-118.775
1629,-118.75,50.8,-118.75
1917,-118.725,50.8,-118.725
1587,-118.7,50.8,-118.7
1750,-118.675,50.8,-118.675
1355,-118.65,50.8,-118.65
937,-118.625,50.8,-118.625
898,-118.6,50.8,-118.6
533,-118.575,50.8,-118.575
785,-118.55,50.8,-118.55
1508,-118.525,50.8,-118.525
1874,-118.5,50.8,-118.5
1457,-123,50.825,-123
1085,-122.975,50.825,-122.975
736,-122.95,50.825,-122.95
736,-122.925,50.825,-122.925
908,-122.9,50.825,-122.9
736,-122.875,50.825,-122.875
886,-122.85,50.825,-122.85
1067,-122.825,50.825,-122.825
1229,-122.8,50.825,-122.8
2205,-122.775,50.825,-122.775
2397,-122.75,50.825,-122.75
2300,-122.725,50.825,-122.725
2003,-122.7,50.825,-122.7
2265,-122.675,50.825,-122.675
2573,-122.65,50.825,-122.65
1612,-122.625,50.825,-122.625
1957,-122.6,50.825,-122.6
2062,-122.575,50.825,-122.575
1752,-122.55,50.825,-122.55
1248,-122.525,50.825,-122.525
1719,-122.5,50.825,-122.5
1310,-122.475,50.825,-122.475
1091,-122.45,50.825,-122.45
631,-122.425,50.825,-122.425
1210,-122.4,50.825,-122.4
1264,-122.375,50.825,-122.375
1666,-122.35,50.825,-122.35
2055,-122.325,50.825,-122.325
2370,-122.3,50.825,-122.3
2119,-122.275,50.825,-122.275
1911,-122.25,50.825,-122.25
1344,-122.225,50.825,-122.225
631,-122.2,50.825,-122.2
913,-122.175,50.825,-122.175
1036,-122.15,50.825,-122.15
705,-122.125,50.825,-122.125
485,-122.1,50.825,-122.1
901,-122.075,50.825,-122.075
871,-122.05,50.825,-122.05
554,-122.025,50.825,-122.025
1290,-122,50.825,-122
1592,-121.975,50.825,-121.975
1857,-121.95,50.825,-121.95
1393,-121.925,50.825,-121.925
601,-121.9,50.825,-121.9
404,-121.875,50.825,-121.875
835,-121.85,50.825,-121.85
1240,-121.825,50.825,-121.825
1566,-121.8,50.825,-121.8
1608,-121.775,50.825,-121.775
1418,-121.75,50.825,-121.75
1275,-121.725,50.825,-121.725
1266,-121.7,50.825,-121.7
849,-121.675,50.825,-121.675
1163,-121.65,50.825,-121.65
1248,-121.625,50.825,-121.625
1094,-121.6,50.825,-121.6
826,-121.575,50.825,-121.575
823,-121.55,50.825,-121.55
1167,-121.525,50.825,-121.525
1201,-121.5,50.825,-121.5
1309,-121.475,50.825,-121.475
1158,-121.45,50.825,-121.45
1364,-121.425,50.825,-121.425
1091,-121.4,50.825,-121.4
711,-121.375,50.825,-121.375
471,-121.35,50.825,-121.35
609,-121.325,50.825,-121.325
697,-121.3,50.825,-121.3
654,-121.275,50.825,-121.275
739,-121.25,50.825,-121.25
1225,-121.225,50.825,-121.225
1177,-121.2,50.825,-121.2
1111,-121.175,50.825,-121.175
976,-121.15,50.825,-121.15
898,-121.125,50.825,-121.125
1048,-121.1,50.825,-121.1
1312,-121.075,50.825,-121.075
1390,-121.05,50.825,-121.05
1177,-121.025,50.825,-121.025
1071,-121,50.825,-121
844,-120.975,50.825,-120.975
589,-120.95,50.825,-120.95
832,-120.925,50.825,-120.925
1173,-120.9,50.825,-120.9
1175,-120.875,50.825,-120.875
1144,-120.85,50.825,-120.85
1059,-120.825,50.825,-120.825
1154,-120.8,50.825,-120.8
631,-120.775,50.825,-120.775
999,-120.75,50.825,-120.75
1358,-120.725,50.825,-120.725
1423,-120.7,50.825,-120.7
1383,-120.675,50.825,-120.675
1331,-120.65,50.825,-120.65
983,-120.625,50.825,-120.625
735,-120.6,50.825,-120.6
938,-120.575,50.825,-120.575
855,-120.55,50.825,-120.55
1160,-120.525,50.825,-120.525
1351,-120.5,50.825,-120.5
1296,-120.475,50.825,-120.475
1035,-120.45,50.825,-120.45
991,-120.425,50.825,-120.425
964,-120.4,50.825,-120.4
722,-120.375,50.825,-120.375
616,-120.35,50.825,-120.35
452,-120.325,50.825,-120.325
347,-120.3,50.825,-120.3
452,-120.275,50.825,-120.275
695,-120.25,50.825,-120.25
892,-120.225,50.825,-120.225
768,-120.2,50.825,-120.2
1012,-120.175,50.825,-120.175
1175,-120.15,50.825,-120.15
1239,-120.125,50.825,-120.125
1343,-120.1,50.825,-120.1
1194,-120.075,50.825,-120.075
1006,-120.05,50.825,-120.05
1125,-120.025,50.825,-120.025
1313,-120,50.825,-120
1471,-119.975,50.825,-119.975
873,-119.95,50.825,-119.95
1268,-119.925,50.825,-119.925
1420,-119.9,50.825,-119.9
1448,-119.875,50.825,-119.875
1399,-119.85,50.825,-119.85
1265,-119.825,50.825,-119.825
1197,-119.8,50.825,-119.8
893,-119.775,50.825,-119.775
715,-119.75,50.825,-119.75
667,-119.725,50.825,-119.725
351,-119.7,50.825,-119.7
352,-119.675,50.825,-119.675
782,-119.65,50.825,-119.65
970,-119.625,50.825,-119.625
849,-119.6,50.825,-119.6
566,-119.575,50.825,-119.575
622,-119.55,50.825,-119.55
1016,-119.525,50.825,-119.525
1343,-119.5,50.825,-119.5
1094,-119.475,50.825,-119.475
1150,-119.45,50.825,-119.45
1132,-119.425,50.825,-119.425
665,-119.4,50.825,-119.4
858,-119.375,50.825,-119.375
515,-119.35,50.825,-119.35
381,-119.325,50.825,-119.325
726,-119.3,50.825,-119.3
1251,-119.275,50.825,-119.275
1129,-119.25,50.825,-119.25
660,-119.225,50.825,-119.225
1238,-119.2,50.825,-119.2
1148,-119.175,50.825,-119.175
1312,-119.15,50.825,-119.15
1198,-119.125,50.825,-119.125
684,-119.1,50.825,-119.1
406,-119.075,50.825,-119.075
348,-119.05,50.825,-119.05
547,-119.025,50.825,-119.025
553,-119,50.825,-119
353,-118.975,50.825,-118.975
770,-118.95,50.825,-118.95
1137,-118.925,50.825,-118.925
1543,-118.9,50.825,-118.9
1635,-118.875,50.825,-118.875
1593,-118.85,50.825,-118.85
1632,-118.825,50.825,-118.825
1677,-118.8,50.825,-118.8
1610,-118.775,50.825,-118.775
1740,-118.75,50.825,-118.75
1981,-118.725,50.825,-118.725
1833,-118.7,50.825,-118.7
1762,-118.675,50.825,-118.675
1738,-118.65,50.825,-118.65
1234,-118.625,50.825,-118.625
1247,-118.6,50.825,-118.6
841,-118.575,50.825,-118.575
599,-118.55,50.825,-118.55
1426,-118.525,50.825,-118.525
1749,-118.5,50.825,-118.5
736,-123,50.85,-123
1110,-122.975,50.85,-122.975
1402,-122.95,50.85,-122.95
1128,-122.925,50.85,-122.925
891,-122.9,50.85,-122.9
1095,-122.875,50.85,-122.875
670,-122.85,50.85,-122.85
966,-122.825,50.85,-122.825
1113,-122.8,50.85,-122.8
1635,-122.775,50.85,-122.775
2169,-122.75,50.85,-122.75
1908,-122.725,50.85,-122.725
1717,-122.7,50.85,-122.7
2104,-122.675,50.85,-122.675
1973,-122.65,50.85,-122.65
1967,-122.625,50.85,-122.625
1777,-122.6,50.85,-122.6
1474,-122.575,50.85,-122.575
871,-122.55,50.85,-122.55
635,-122.525,50.85,-122.525
631,-122.5,50.85,-122.5
927,-122.475,50.85,-122.475
867,-122.45,50.85,-122.45
1330,-122.425,50.85,-122.425
1542,-122.4,50.85,-122.4
2130,-122.375,50.85,-122.375
2157,-122.35,50.85,-122.35
2383,-122.325,50.85,-122.325
1911,-122.3,50.85,-122.3
2424,-122.275,50.85,-122.275
2020,-122.25,50.85,-122.25
1535,-122.225,50.85,-122.225
463,-122.2,50.85,-122.2
817,-122.175,50.85,-122.175
524,-122.15,50.85,-122.15
882,-122.125,50.85,-122.125
1445,-122.1,50.85,-122.1
1269,-122.075,50.85,-122.075
1821,-122.05,50.85,-122.05
1405,-122.025,50.85,-122.025
1278,-122,50.85,-122
1744,-121.975,50.85,-121.975
1569,-121.95,50.85,-121.95
1315,-121.925,50.85,-121.925
636,-121.9,50.85,-121.9
317,-121.875,50.85,-121.875
858,-121.85,50.85,-121.85
1232,-121.825,50.85,-121.825
1527,-121.8,50.85,-121.8
1407,-121.775,50.85,-121.775
1156,-121.75,50.85,-121.75
992,-121.725,50.85,-121.725
1499,-121.7,50.85,-121.7
1544,-121.675,50.85,-121.675
1705,-121.65,50.85,-121.65
1586,-121.625,50.85,-121.625
1431,-121.6,50.85,-121.6
975,-121.575,50.85,-121.575
904,-121.55,50.85,-121.55
868,-121.525,50.85,-121.525
1238,-121.5,50.85,-121.5
1162,-121.475,50.85,-121.475
1277,-121.45,50.85,-121.45
1098,-121.425,50.85,-121.425
584,-121.4,50.85,-121.4
578,-121.375,50.85,-121.375
772,-121.35,50.85,-121.35
1063,-121.325,50.85,-121.325
1015,-121.3,50.85,-121.3
1280,-121.275,50.85,-121.275
941,-121.25,50.85,-121.25
1140,-121.225,50.85,-121.225
1006,-121.2,50.85,-121.2
1185,-121.175,50.85,-121.175
1125,-121.15,50.85,-121.15
983,-121.125,50.85,-121.125
1209,-121.1,50.85,-121.1
873,-121.075,50.85,-121.075
1242,-121.05,50.85,-121.05
1349,-121.025,50.85,-121.025
1223,-121,50.85,-121
856,-120.975,50.85,-120.975
561,-120.95,50.85,-120.95
1129,-120.925,50.85,-120.925
1290,-120.9,50.85,-120.9
1148,-120.875,50.85,-120.875
1173,-120.85,50.85,-120.85
1328,-120.825,50.85,-120.825
836,-120.8,50.85,-120.8
991,-120.775,50.85,-120.775
1167,-120.75,50.85,-120.75
1292,-120.725,50.85,-120.725
1353,-120.7,50.85,-120.7
1088,-120.675,50.85,-120.675
834,-120.65,50.85,-120.65
973,-120.625,50.85,-120.625
1085,-120.6,50.85,-120.6
1095,-120.575,50.85,-120.575
1185,-120.55,50.85,-120.55
1132,-120.525,50.85,-120.525
915,-120.5,50.85,-120.5
1142,-120.475,50.85,-120.475
1282,-120.45,50.85,-120.45
1177,-120.425,50.85,-120.425
1022,-120.4,50.85,-120.4
1110,-120.375,50.85,-120.375
771,-120.35,50.85,-120.35
570,-120.325,50.85,-120.325
388,-120.3,50.85,-120.3
355,-120.275,50.85,-120.275
497,-120.25,50.85,-120.25
627,-120.225,50.85,-120.225
763,-120.2,50.85,-120.2
776,-120.175,50.85,-120.175
1057,-120.15,50.85,-120.15
937,-120.125,50.85,-120.125
988,-120.1,50.85,-120.1
1157,-120.075,50.85,-120.075
1357,-120.05,50.85,-120.05
1313,-120.025,50.85,-120.025
1156,-120,50.85,-120
762,-119.975,50.85,-119.975
1117,-119.95,50.85,-119.95
1610,-119.925,50.85,-119.925
1625,-119.9,50.85,-119.9
1539,-119.875,50.85,-119.875
1423,-119.85,50.85,-119.85
1424,-119.825,50.85,-119.825
1344,-119.8,50.85,-119.8
879,-119.775,50.85,-119.775
609,-119.75,50.85,-119.75
843,-119.725,50.85,-119.725
879,-119.7,50.85,-119.7
469,-119.675,50.85,-119.675
344,-119.65,50.85,-119.65
344,-119.625,50.85,-119.625
582,-119.6,50.85,-119.6
561,-119.575,50.85,-119.575
1223,-119.55,50.85,-119.55
1134,-119.525,50.85,-119.525
1203,-119.5,50.85,-119.5
909,-119.475,50.85,-119.475
537,-119.45,50.85,-119.45
501,-119.425,50.85,-119.425
538,-119.4,50.85,-119.4
457,-119.375,50.85,-119.375
441,-119.35,50.85,-119.35
432,-119.325,50.85,-119.325
661,-119.3,50.85,-119.3
1103,-119.275,50.85,-119.275
1126,-119.25,50.85,-119.25
746,-119.225,50.85,-119.225
1258,-119.2,50.85,-119.2
1659,-119.175,50.85,-119.175
1539,-119.15,50.85,-119.15
1048,-119.125,50.85,-119.125
781,-119.1,50.85,-119.1
348,-119.075,50.85,-119.075
348,-119.05,50.85,-119.05
346,-119.025,50.85,-119.025
370,-119,50.85,-119
542,-118.975,50.85,-118.975
353,-118.95,50.85,-118.95
618,-118.925,50.85,-118.925
721,-118.9,50.85,-118.9
1109,-118.875,50.85,-118.875
1556,-118.85,50.85,-118.85
1586,-118.825,50.85,-118.825
1439,-118.8,50.85,-118.8
1675,-118.775,50.85,-118.775
1722,-118.75,50.85,-118.75
1763,-118.725,50.85,-118.725
1352,-118.7,50.85,-118.7
1946,-118.675,50.85,-118.675
2051,-118.65,50.85,-118.65
1954,-118.625,50.85,-118.625
1359,-118.6,50.85,-118.6
517,-118.575,50.85,-118.575
740,-118.55,50.85,-118.55
949,-118.525,50.85,-118.525
1339,-118.5,50.85,-118.5
2224,-123,50.875,-123
2193,-122.975,50.875,-122.975
2085,-122.95,50.875,-122.95
1839,-122.925,50.875,-122.925
1156,-122.9,50.875,-122.9
891,-122.875,50.875,-122.875
996,-122.85,50.875,-122.85
647,-122.825,50.875,-122.825
795,-122.8,50.875,-122.8
1323,-122.775,50.875,-122.775
1319,-122.75,50.875,-122.75
1708,-122.725,50.875,-122.725
1614,-122.7,50.875,-122.7
1332,-122.675,50.875,-122.675
1162,-122.65,50.875,-122.65
1019,-122.625,50.875,-122.625
631,-122.6,50.875,-122.6
631,-122.575,50.875,-122.575
933,-122.55,50.875,-122.55
1430,-122.525,50.875,-122.525
986,-122.5,50.875,-122.5
1550,-122.475,50.875,-122.475
1918,-122.45,50.875,-122.45
2025,-122.425,50.875,-122.425
2156,-122.4,50.875,-122.4
2161,-122.375,50.875,-122.375
1921,-122.35,50.875,-122.35
1911,-122.325,50.875,-122.325
1641,-122.3,50.875,-122.3
1793,-122.275,50.875,-122.275
1485,-122.25,50.875,-122.25
1100,-122.225,50.875,-122.225
763,-122.2,50.875,-122.2
579,-122.175,50.875,-122.175
1058,-122.15,50.875,-122.15
810,-122.125,50.875,-122.125
1050,-122.1,50.875,-122.1
1766,-122.075,50.875,-122.075
1810,-122.05,50.875,-122.05
1804,-122.025,50.875,-122.025
1824,-122,50.875,-122
1562,-121.975,50.875,-121.975
1599,-121.95,50.875,-121.95
910,-121.925,50.875,-121.925
872,-121.9,50.875,-121.9
412,-121.875,50.875,-121.875
759,-121.85,50.875,-121.85
739,-121.825,50.875,-121.825
1058,-121.8,50.875,-121.8
1329,-121.775,50.875,-121.775
800,-121.75,50.875,-121.75
1366,-121.725,50.875,-121.725
1889,-121.7,50.875,-121.7
1905,-121.675,50.875,-121.675
1767,-121.65,50.875,-121.65
1564,-121.625,50.875,-121.625
1277,-121.6,50.875,-121.6
1309,-121.575,50.875,-121.575
1113,-121.55,50.875,-121.55
891,-121.525,50.875,-121.525
954,-121.5,50.875,-121.5
768,-121.475,50.875,-121.475
857,-121.45,50.875,-121.45
692,-121.425,50.875,-121.425
489,-121.4,50.875,-121.4
972,-121.375,50.875,-121.375
1212,-121.35,50.875,-121.35
1503,-121.325,50.875,-121.325
1471,-121.3,50.875,-121.3
1378,-121.275,50.875,-121.275
1147,-121.25,50.875,-121.25
1270,-121.225,50.875,-121.225
1402,-121.2,50.875,-121.2
1378,-121.175,50.875,-121.175
1504,-121.15,50.875,-121.15
1542,-121.125,50.875,-121.125
1373,-121.1,50.875,-121.1
1495,-121.075,50.875,-121.075
1017,-121.05,50.875,-121.05
841,-121.025,50.875,-121.025
914,-121,50.875,-121
642,-120.975,50.875,-120.975
868,-120.95,50.875,-120.95
1282,-120.925,50.875,-120.925
1263,-120.9,50.875,-120.9
1163,-120.875,50.875,-120.875
1037,-120.85,50.875,-120.85
988,-120.825,50.875,-120.825
1127,-120.8,50.875,-120.8
971,-120.775,50.875,-120.775
1305,-120.75,50.875,-120.75
1332,-120.725,50.875,-120.725
948,-120.7,50.875,-120.7
1353,-120.675,50.875,-120.675
1380,-120.65,50.875,-120.65
1581,-120.625,50.875,-120.625
1525,-120.6,50.875,-120.6
1439,-120.575,50.875,-120.575
1329,-120.55,50.875,-120.55
1296,-120.525,50.875,-120.525
1083,-120.5,50.875,-120.5
1202,-120.475,50.875,-120.475
1385,-120.45,50.875,-120.45
1300,-120.425,50.875,-120.425
1218,-120.4,50.875,-120.4
1172,-120.375,50.875,-120.375
903,-120.35,50.875,-120.35
827,-120.325,50.875,-120.325
641,-120.3,50.875,-120.3
370,-120.275,50.875,-120.275
515,-120.25,50.875,-120.25
634,-120.225,50.875,-120.225
763,-120.2,50.875,-120.2
1050,-120.175,50.875,-120.175
1004,-120.15,50.875,-120.15
1317,-120.125,50.875,-120.125
1435,-120.1,50.875,-120.1
1519,-120.075,50.875,-120.075
1592,-120.05,50.875,-120.05
1236,-120.025,50.875,-120.025
1201,-120,50.875,-120
840,-119.975,50.875,-119.975
1343,-119.95,50.875,-119.95
1190,-119.925,50.875,-119.925
1304,-119.9,50.875,-119.9
1485,-119.875,50.875,-119.875
1431,-119.85,50.875,-119.85
1500,-119.825,50.875,-119.825
1492,-119.8,50.875,-119.8
983,-119.775,50.875,-119.775
745,-119.75,50.875,-119.75
644,-119.725,50.875,-119.725
803,-119.7,50.875,-119.7
670,-119.675,50.875,-119.675
534,-119.65,50.875,-119.65
344,-119.625,50.875,-119.625
365,-119.6,50.875,-119.6
348,-119.575,50.875,-119.575
943,-119.55,50.875,-119.55
719,-119.525,50.875,-119.525
438,-119.5,50.875,-119.5
424,-119.475,50.875,-119.475
442,-119.45,50.875,-119.45
520,-119.425,50.875,-119.425
572,-119.4,50.875,-119.4
403,-119.375,50.875,-119.375
540,-119.35,50.875,-119.35
536,-119.325,50.875,-119.325
535,-119.3,50.875,-119.3
470,-119.275,50.875,-119.275
603,-119.25,50.875,-119.25
796,-119.225,50.875,-119.225
1093,-119.2,50.875,-119.2
1238,-119.175,50.875,-119.175
1411,-119.15,50.875,-119.15
1310,-119.125,50.875,-119.125
825,-119.1,50.875,-119.1
348,-119.075,50.875,-119.075
348,-119.05,50.875,-119.05
1121,-119.025,50.875,-119.025
1222,-119,50.875,-119
1144,-118.975,50.875,-118.975
552,-118.95,50.875,-118.95
359,-118.925,50.875,-118.925
721,-118.9,50.875,-118.9
872,-118.875,50.875,-118.875
823,-118.85,50.875,-118.85
875,-118.825,50.875,-118.825
666,-118.8,50.875,-118.8
959,-118.775,50.875,-118.775
1043,-118.75,50.875,-118.75
1249,-118.725,50.875,-118.725
1426,-118.7,50.875,-118.7
1636,-118.675,50.875,-118.675
1755,-118.65,50.875,-118.65
1568,-118.625,50.875,-118.625
1499,-118.6,50.875,-118.6
1434,-118.575,50.875,-118.575
1005,-118.55,50.875,-118.55
735,-118.525,50.875,-118.525
633,-118.5,50.875,-118.5
1927,-123,50.9,-123
2272,-122.975,50.9,-122.975
1951,-122.95,50.9,-122.95
1642,-122.925,50.9,-122.925
1293,-122.9,50.9,-122.9
1379,-122.875,50.9,-122.875
914,-122.85,50.9,-122.85
885,-122.825,50.9,-122.825
888,-122.8,50.9,-122.8
807,-122.775,50.9,-122.775
750,-122.75,50.9,-122.75
636,-122.725,50.9,-122.725
635,-122.7,50.9,-122.7
633,-122.675,50.9,-122.675
636,-122.65,50.9,-122.65
813,-122.625,50.9,-122.625
1249,-122.6,50.9,-122.6
1617,-122.575,50.9,-122.575
1234,-122.55,50.9,-122.55
1259,-122.525,50.9,-122.525
1528,-122.5,50.9,-122.5
1524,-122.475,50.9,-122.475
2014,-122.45,50.9,-122.45
2269,-122.425,50.9,-122.425
2060,-122.4,50.9,-122.4
1637,-122.375,50.9,-122.375
1432,-122.35,50.9,-122.35
1926,-122.325,50.9,-122.325
1890,-122.3,50.9,-122.3
1472,-122.275,50.9,-122.275
796,-122.25,50.9,-122.25
712,-122.225,50.9,-122.225
1152,-122.2,50.9,-122.2
1318,-122.175,50.9,-122.175
1591,-122.15,50.9,-122.15
1569,-122.125,50.9,-122.125
1157,-122.1,50.9,-122.1
1553,-122.075,50.9,-122.075
1631,-122.05,50.9,-122.05
1690,-122.025,50.9,-122.025
1523,-122,50.9,-122
1551,-121.975,50.9,-121.975
1358,-121.95,50.9,-121.95
1365,-121.925,50.9,-121.925
804,-121.9,50.9,-121.9
382,-121.875,50.9,-121.875
709,-121.85,50.9,-121.85
1193,-121.825,50.9,-121.825
1040,-121.8,50.9,-121.8
935,-121.775,50.9,-121.775
1129,-121.75,50.9,-121.75
1428,-121.725,50.9,-121.725
1720,-121.7,50.9,-121.7
1664,-121.675,50.9,-121.675
1504,-121.65,50.9,-121.65
1546,-121.625,50.9,-121.625
1569,-121.6,50.9,-121.6
1312,-121.575,50.9,-121.575
1102,-121.55,50.9,-121.55
1020,-121.525,50.9,-121.525
958,-121.5,50.9,-121.5
859,-121.475,50.9,-121.475
878,-121.45,50.9,-121.45
776,-121.425,50.9,-121.425
525,-121.4,50.9,-121.4
1094,-121.375,50.9,-121.375
1261,-121.35,50.9,-121.35
1586,-121.325,50.9,-121.325
1550,-121.3,50.9,-121.3
1184,-121.275,50.9,-121.275
1411,-121.25,50.9,-121.25
1553,-121.225,50.9,-121.225
1559,-121.2,50.9,-121.2
1515,-121.175,50.9,-121.175
1473,-121.15,50.9,-121.15
1576,-121.125,50.9,-121.125
1538,-121.1,50.9,-121.1
1475,-121.075,50.9,-121.075
1393,-121.05,50.9,-121.05
1027,-121.025,50.9,-121.025
878,-121,50.9,-121
542,-120.975,50.9,-120.975
750,-120.95,50.9,-120.95
953,-120.925,50.9,-120.925
1116,-120.9,50.9,-120.9
1010,-120.875,50.9,-120.875
1221,-120.85,50.9,-120.85
1182,-120.825,50.9,-120.825
954,-120.8,50.9,-120.8
992,-120.775,50.9,-120.775
1182,-120.75,50.9,-120.75
1056,-120.725,50.9,-120.725
1169,-120.7,50.9,-120.7
1436,-120.675,50.9,-120.675
1486,-120.65,50.9,-120.65
1531,-120.625,50.9,-120.625
1504,-120.6,50.9,-120.6
1549,-120.575,50.9,-120.575
1509,-120.55,50.9,-120.55
1491,-120.525,50.9,-120.525
1374,-120.5,50.9,-120.5
1442,-120.475,50.9,-120.475
1348,-120.45,50.9,-120.45
1348,-120.425,50.9,-120.425
1260,-120.4,50.9,-120.4
1167,-120.375,50.9,-120.375
1038,-120.35,50.9,-120.35
862,-120.325,50.9,-120.325
622,-120.3,50.9,-120.3
512,-120.275,50.9,-120.275
393,-120.25,50.9,-120.25
782,-120.225,50.9,-120.225
891,-120.2,50.9,-120.2
818,-120.175,50.9,-120.175
1077,-120.15,50.9,-120.15
1384,-120.125,50.9,-120.125
1466,-120.1,50.9,-120.1
1412,-120.075,50.9,-120.075
1528,-120.05,50.9,-120.05
1405,-120.025,50.9,-120.025
711,-120,50.9,-120
1094,-119.975,50.9,-119.975
1577,-119.95,50.9,-119.95
1980,-119.925,50.9,-119.925
1685,-119.9,50.9,-119.9
1664,-119.875,50.9,-119.875
1686,-119.85,50.9,-119.85
1671,-119.825,50.9,-119.825
1430,-119.8,50.9,-119.8
1148,-119.775,50.9,-119.775
836,-119.75,50.9,-119.75
891,-119.725,50.9,-119.725
600,-119.7,50.9,-119.7
631,-119.675,50.9,-119.675
958,-119.65,50.9,-119.65
560,-119.625,50.9,-119.625
383,-119.6,50.9,-119.6
359,-119.575,50.9,-119.575
355,-119.55,50.9,-119.55
348,-119.525,50.9,-119.525
348,-119.5,50.9,-119.5
348,-119.475,50.9,-119.475
348,-119.45,50.9,-119.45
348,-119.425,50.9,-119.425
348,-119.4,50.9,-119.4
393,-119.375,50.9,-119.375
866,-119.35,50.9,-119.35
789,-119.325,50.9,-119.325
807,-119.3,50.9,-119.3
672,-119.275,50.9,-119.275
840,-119.25,50.9,-119.25
532,-119.225,50.9,-119.225
554,-119.2,50.9,-119.2
803,-119.175,50.9,-119.175
928,-119.15,50.9,-119.15
965,-119.125,50.9,-119.125
697,-119.1,50.9,-119.1
348,-119.075,50.9,-119.075
348,-119.05,50.9,-119.05
790,-119.025,50.9,-119.025
1335,-119,50.9,-119
1470,-118.975,50.9,-118.975
1014,-118.95,50.9,-118.95
894,-118.925,50.9,-118.925
696,-118.9,50.9,-118.9
406,-118.875,50.9,-118.875
752,-118.85,50.9,-118.85
368,-118.825,50.9,-118.825
436,-118.8,50.9,-118.8
917,-118.775,50.9,-118.775
1583,-118.75,50.9,-118.75
1438,-118.725,50.9,-118.725
1379,-118.7,50.9,-118.7
1428,-118.675,50.9,-118.675
1478,-118.65,50.9,-118.65
1450,-118.625,50.9,-118.625
1478,-118.6,50.9,-118.6
1695,-118.575,50.9,-118.575
1656,-118.55,50.9,-118.55
1394,-118.525,50.9,-118.525
855,-118.5,50.9,-118.5
855,-118.5,50.9,-118.5
1945,-123,50.925,-123
1921,-122.975,50.925,-122.975
1189,-122.95,50.925,-122.95
1639,-122.925,50.925,-122.925
1713,-122.9,50.925,-122.9
1517,-122.875,50.925,-122.875
1223,-122.85,50.925,-122.85
1140,-122.825,50.925,-122.825
1045,-122.8,50.925,-122.8
1025,-122.775,50.925,-122.775
942,-122.75,50.925,-122.75
1008,-122.725,50.925,-122.725
1178,-122.7,50.925,-122.7
1141,-122.675,50.925,-122.675
1071,-122.65,50.925,-122.65
1624,-122.625,50.925,-122.625
1216,-122.6,50.925,-122.6
1318,-122.575,50.925,-122.575
1903,-122.55,50.925,-122.55
2006,-122.525,50.925,-122.525
1919,-122.5,50.925,-122.5
2068,-122.475,50.925,-122.475
2143,-122.45,50.925,-122.45
2206,-122.425,50.925,-122.425
2205,-122.4,50.925,-122.4
1964,-122.375,50.925,-122.375
1548,-122.35,50.925,-122.35
1548,-122.325,50.925,-122.325
1078,-122.3,50.925,-122.3
940,-122.275,50.925,-122.275
714,-122.25,50.925,-122.25
1123,-122.225,50.925,-122.225
1323,-122.2,50.925,-122.2
1358,-122.175,50.925,-122.175
1786,-122.15,50.925,-122.15
1680,-122.125,50.925,-122.125
1253,-122.1,50.925,-122.1
1756,-122.075,50.925,-122.075
1956,-122.05,50.925,-122.05
1794,-122.025,50.925,-122.025
1596,-122,50.925,-122
1520,-121.975,50.925,-121.975
1197,-121.95,50.925,-121.95
1127,-121.925,50.925,-121.925
746,-121.9,50.925,-121.9
508,-121.875,50.925,-121.875
1002,-121.85,50.925,-121.85
1281,-121.825,50.925,-121.825
1236,-121.8,50.925,-121.8
1277,-121.775,50.925,-121.775
1357,-121.75,50.925,-121.75
1679,-121.725,50.925,-121.725
1549,-121.7,50.925,-121.7
1480,-121.675,50.925,-121.675
1823,-121.65,50.925,-121.65
1787,-121.625,50.925,-121.625
1533,-121.6,50.925,-121.6
1317,-121.575,50.925,-121.575
1181,-121.55,50.925,-121.55
1194,-121.525,50.925,-121.525
1205,-121.5,50.925,-121.5
1268,-121.475,50.925,-121.475
900,-121.45,50.925,-121.45
546,-121.425,50.925,-121.425
713,-121.4,50.925,-121.4
1111,-121.375,50.925,-121.375
1363,-121.35,50.925,-121.35
1581,-121.325,50.925,-121.325
1481,-121.3,50.925,-121.3
1492,-121.275,50.925,-121.275
1442,-121.25,50.925,-121.25
1595,-121.225,50.925,-121.225
1637,-121.2,50.925,-121.2
1745,-121.175,50.925,-121.175
1680,-121.15,50.925,-121.15
1649,-121.125,50.925,-121.125
1583,-121.1,50.925,-121.1
1483,-121.075,50.925,-121.075
1403,-121.05,50.925,-121.05
1246,-121.025,50.925,-121.025
771,-121,50.925,-121
579,-120.975,50.925,-120.975
1094,-120.95,50.925,-120.95
1039,-120.925,50.925,-120.925
877,-120.9,50.925,-120.9
931,-120.875,50.925,-120.875
1100,-120.85,50.925,-120.85
1101,-120.825,50.925,-120.825
1108,-120.8,50.925,-120.8
1123,-120.775,50.925,-120.775
1173,-120.75,50.925,-120.75
1150,-120.725,50.925,-120.725
1313,-120.7,50.925,-120.7
1473,-120.675,50.925,-120.675
1472,-120.65,50.925,-120.65
1579,-120.625,50.925,-120.625
1579,-120.6,50.925,-120.6
1552,-120.575,50.925,-120.575
1470,-120.55,50.925,-120.55
1512,-120.525,50.925,-120.525
1515,-120.5,50.925,-120.5
1488,-120.475,50.925,-120.475
1387,-120.45,50.925,-120.45
1502,-120.425,50.925,-120.425
1350,-120.4,50.925,-120.4
1318,-120.375,50.925,-120.375
1151,-120.35,50.925,-120.35
739,-120.325,50.925,-120.325
1127,-120.3,50.925,-120.3
807,-120.275,50.925,-120.275
356,-120.25,50.925,-120.25
519,-120.225,50.925,-120.225
649,-120.2,50.925,-120.2
892,-120.175,50.925,-120.175
1122,-120.15,50.925,-120.15
1207,-120.125,50.925,-120.125
1342,-120.1,50.925,-120.1
1380,-120.075,50.925,-120.075
1425,-120.05,50.925,-120.05
1046,-120.025,50.925,-120.025
781,-120,50.925,-120
1626,-119.975,50.925,-119.975
2043,-119.95,50.925,-119.95
1802,-119.925,50.925,-119.925
1630,-119.9,50.925,-119.9
1620,-119.875,50.925,-119.875
1618,-119.85,50.925,-119.85
1671,-119.825,50.925,-119.825
1493,-119.8,50.925,-119.8
1023,-119.775,50.925,-119.775
1222,-119.75,50.925,-119.75
1119,-119.725,50.925,-119.725
1397,-119.7,50.925,-119.7
656,-119.675,50.925,-119.675
457,-119.65,50.925,-119.65
558,-119.625,50.925,-119.625
715,-119.6,50.925,-119.6
674,-119.575,50.925,-119.575
621,-119.55,50.925,-119.55
675,-119.525,50.925,-119.525
626,-119.5,50.925,-119.5
382,-119.475,50.925,-119.475
572,-119.45,50.925,-119.45
539,-119.425,50.925,-119.425
348,-119.4,50.925,-119.4
348,-119.375,50.925,-119.375
348,-119.35,50.925,-119.35
348,-119.325,50.925,-119.325
471,-119.3,50.925,-119.3
507,-119.275,50.925,-119.275
625,-119.25,50.925,-119.25
509,-119.225,50.925,-119.225
528,-119.2,50.925,-119.2
598,-119.175,50.925,-119.175
649,-119.15,50.925,-119.15
718,-119.125,50.925,-119.125
708,-119.1,50.925,-119.1
348,-119.075,50.925,-119.075
348,-119.05,50.925,-119.05
348,-119.025,50.925,-119.025
529,-119,50.925,-119
988,-118.975,50.925,-118.975
1289,-118.95,50.925,-118.95
1320,-118.925,50.925,-118.925
1418,-118.9,50.925,-118.9
1385,-118.875,50.925,-118.875
1226,-118.85,50.925,-118.85
420,-118.825,50.925,-118.825
367,-118.8,50.925,-118.8
590,-118.775,50.925,-118.775
974,-118.75,50.925,-118.75
1218,-118.725,50.925,-118.725
1636,-118.7,50.925,-118.7
2020,-118.675,50.925,-118.675
2030,-118.65,50.925,-118.65
2026,-118.625,50.925,-118.625
2086,-118.6,50.925,-118.6
1893,-118.575,50.925,-118.575
1807,-118.55,50.925,-118.55
1672,-118.525,50.925,-118.525
1048,-118.5,50.925,-118.5
1493,-123,50.95,-123
1248,-122.975,50.95,-122.975
1309,-122.95,50.95,-122.95
1908,-122.925,50.95,-122.925
1937,-122.9,50.95,-122.9
2064,-122.875,50.95,-122.875
1815,-122.85,50.95,-122.85
1757,-122.825,50.95,-122.825
1595,-122.8,50.95,-122.8
1013,-122.775,50.95,-122.775
1168,-122.75,50.95,-122.75
1092,-122.725,50.95,-122.725
1313,-122.7,50.95,-122.7
1217,-122.675,50.95,-122.675
1279,-122.65,50.95,-122.65
1170,-122.625,50.95,-122.625
1663,-122.6,50.95,-122.6
2175,-122.575,50.95,-122.575
2217,-122.55,50.95,-122.55
2595,-122.525,50.95,-122.525
2681,-122.5,50.95,-122.5
2226,-122.475,50.95,-122.475
2185,-122.45,50.95,-122.45
2139,-122.425,50.95,-122.425
1954,-122.4,50.95,-122.4
1825,-122.375,50.95,-122.375
1589,-122.35,50.95,-122.35
1378,-122.325,50.95,-122.325
993,-122.3,50.95,-122.3
1426,-122.275,50.95,-122.275
1207,-122.25,50.95,-122.25
1431,-122.225,50.95,-122.225
1653,-122.2,50.95,-122.2
2157,-122.175,50.95,-122.175
1766,-122.15,50.95,-122.15
1543,-122.125,50.95,-122.125
1820,-122.1,50.95,-122.1
1774,-122.075,50.95,-122.075
1743,-122.05,50.95,-122.05
1676,-122.025,50.95,-122.025
1471,-122,50.95,-122
1314,-121.975,50.95,-121.975
1329,-121.95,50.95,-121.95
1090,-121.925,50.95,-121.925
926,-121.9,50.95,-121.9
466,-121.875,50.95,-121.875
965,-121.85,50.95,-121.85
1388,-121.825,50.95,-121.825
1313,-121.8,50.95,-121.8
1463,-121.775,50.95,-121.775
1507,-121.75,50.95,-121.75
1785,-121.725,50.95,-121.725
1775,-121.7,50.95,-121.7
1629,-121.675,50.95,-121.675
1699,-121.65,50.95,-121.65
1537,-121.625,50.95,-121.625
1479,-121.6,50.95,-121.6
1423,-121.575,50.95,-121.575
1063,-121.55,50.95,-121.55
1073,-121.525,50.95,-121.525
1144,-121.5,50.95,-121.5
1074,-121.475,50.95,-121.475
776,-121.45,50.95,-121.45
667,-121.425,50.95,-121.425
990,-121.4,50.95,-121.4
1046,-121.375,50.95,-121.375
1342,-121.35,50.95,-121.35
1428,-121.325,50.95,-121.325
1342,-121.3,50.95,-121.3
1412,-121.275,50.95,-121.275
1444,-121.25,50.95,-121.25
1492,-121.225,50.95,-121.225
1478,-121.2,50.95,-121.2
1524,-121.175,50.95,-121.175
1295,-121.15,50.95,-121.15
1291,-121.125,50.95,-121.125
1412,-121.1,50.95,-121.1
1376,-121.075,50.95,-121.075
1365,-121.05,50.95,-121.05
1103,-121.025,50.95,-121.025
854,-121,50.95,-121
742,-120.975,50.95,-120.975
1107,-120.95,50.95,-120.95
1236,-120.925,50.95,-120.925
1035,-120.9,50.95,-120.9
919,-120.875,50.95,-120.875
1180,-120.85,50.95,-120.85
1213,-120.825,50.95,-120.825
1281,-120.8,50.95,-120.8
1200,-120.775,50.95,-120.775
1226,-120.75,50.95,-120.75
1273,-120.725,50.95,-120.725
1358,-120.7,50.95,-120.7
1383,-120.675,50.95,-120.675
1387,-120.65,50.95,-120.65
1448,-120.625,50.95,-120.625
1539,-120.6,50.95,-120.6
1570,-120.575,50.95,-120.575
1610,-120.55,50.95,-120.55
1657,-120.525,50.95,-120.525
1720,-120.5,50.95,-120.5
1754,-120.475,50.95,-120.475
1694,-120.45,50.95,-120.45
1520,-120.425,50.95,-120.425
1482,-120.4,50.95,-120.4
1320,-120.375,50.95,-120.375
1201,-120.35,50.95,-120.35
1075,-120.325,50.95,-120.325
1196,-120.3,50.95,-120.3
1042,-120.275,50.95,-120.275
357,-120.25,50.95,-120.25
638,-120.225,50.95,-120.225
790,-120.2,50.95,-120.2
764,-120.175,50.95,-120.175
1004,-120.15,50.95,-120.15
1151,-120.125,50.95,-120.125
1389,-120.1,50.95,-120.1
1376,-120.075,50.95,-120.075
1240,-120.05,50.95,-120.05
677,-120.025,50.95,-120.025
1072,-120,50.95,-120
1543,-119.975,50.95,-119.975
1529,-119.95,50.95,-119.95
1516,-119.925,50.95,-119.925
1724,-119.9,50.95,-119.9
1788,-119.875,50.95,-119.875
1626,-119.85,50.95,-119.85
1511,-119.825,50.95,-119.825
1335,-119.8,50.95,-119.8
1115,-119.775,50.95,-119.775
1296,-119.75,50.95,-119.75
989,-119.725,50.95,-119.725
867,-119.7,50.95,-119.7
446,-119.675,50.95,-119.675
588,-119.65,50.95,-119.65
554,-119.625,50.95,-119.625
898,-119.6,50.95,-119.6
955,-119.575,50.95,-119.575
991,-119.55,50.95,-119.55
1019,-119.525,50.95,-119.525
1233,-119.5,50.95,-119.5
927,-119.475,50.95,-119.475
597,-119.45,50.95,-119.45
1047,-119.425,50.95,-119.425
720,-119.4,50.95,-119.4
573,-119.375,50.95,-119.375
459,-119.35,50.95,-119.35
359,-119.325,50.95,-119.325
348,-119.3,50.95,-119.3
348,-119.275,50.95,-119.275
348,-119.25,50.95,-119.25
348,-119.225,50.95,-119.225
348,-119.2,50.95,-119.2
348,-119.175,50.95,-119.175
348,-119.15,50.95,-119.15
423,-119.125,50.95,-119.125
566,-119.1,50.95,-119.1
655,-119.075,50.95,-119.075
683,-119.05,50.95,-119.05
348,-119.025,50.95,-119.025
348,-119,50.95,-119
669,-118.975,50.95,-118.975
1245,-118.95,50.95,-118.95
1484,-118.925,50.95,-118.925
1569,-118.9,50.95,-118.9
1729,-118.875,50.95,-118.875
1314,-118.85,50.95,-118.85
899,-118.825,50.95,-118.825
434,-118.8,50.95,-118.8
375,-118.775,50.95,-118.775
375,-118.75,50.95,-118.75
663,-118.725,50.95,-118.725
1073,-118.7,50.95,-118.7
1527,-118.675,50.95,-118.675
1624,-118.65,50.95,-118.65
1671,-118.625,50.95,-118.625
1377,-118.6,50.95,-118.6
1653,-118.575,50.95,-118.575
1976,-118.55,50.95,-118.55
1171,-118.525,50.95,-118.525
515,-118.5,50.95,-118.5
1688,-123,50.975,-123
1444,-122.975,50.975,-122.975
1758,-122.95,50.975,-122.95
2143,-122.925,50.975,-122.925
1880,-122.9,50.975,-122.9
2208,-122.875,50.975,-122.875
2163,-122.85,50.975,-122.85
1988,-122.825,50.975,-122.825
1843,-122.8,50.975,-122.8
1567,-122.775,50.975,-122.775
1111,-122.75,50.975,-122.75
1299,-122.725,50.975,-122.725
1753,-122.7,50.975,-122.7
1557,-122.675,50.975,-122.675
1433,-122.65,50.975,-122.65
1832,-122.625,50.975,-122.625
2362,-122.6,50.975,-122.6
2542,-122.575,50.975,-122.575
2428,-122.55,50.975,-122.55
2230,-122.525,50.975,-122.525
2091,-122.5,50.975,-122.5
2242,-122.475,50.975,-122.475
1908,-122.45,50.975,-122.45
1802,-122.425,50.975,-122.425
1647,-122.4,50.975,-122.4
1555,-122.375,50.975,-122.375
1193,-122.35,50.975,-122.35
1212,-122.325,50.975,-122.325
1069,-122.3,50.975,-122.3
1329,-122.275,50.975,-122.275
1786,-122.25,50.975,-122.25
1885,-122.225,50.975,-122.225
1940,-122.2,50.975,-122.2
1849,-122.175,50.975,-122.175
1546,-122.15,50.975,-122.15
1532,-122.125,50.975,-122.125
1546,-122.1,50.975,-122.1
1407,-122.075,50.975,-122.075
1357,-122.05,50.975,-122.05
1206,-122.025,50.975,-122.025
1309,-122,50.975,-122
1321,-121.975,50.975,-121.975
1292,-121.95,50.975,-121.95
1045,-121.925,50.975,-121.925
365,-121.9,50.975,-121.9
607,-121.875,50.975,-121.875
1237,-121.85,50.975,-121.85
1440,-121.825,50.975,-121.825
1579,-121.8,50.975,-121.8
1594,-121.775,50.975,-121.775
1692,-121.75,50.975,-121.75
1862,-121.725,50.975,-121.725
1916,-121.7,50.975,-121.7
2032,-121.675,50.975,-121.675
1761,-121.65,50.975,-121.65
1747,-121.625,50.975,-121.625
1511,-121.6,50.975,-121.6
1331,-121.575,50.975,-121.575
1231,-121.55,50.975,-121.55
1069,-121.525,50.975,-121.525
689,-121.5,50.975,-121.5
669,-121.475,50.975,-121.475
708,-121.45,50.975,-121.45
822,-121.425,50.975,-121.425
944,-121.4,50.975,-121.4
869,-121.375,50.975,-121.375
1007,-121.35,50.975,-121.35
1046,-121.325,50.975,-121.325
1120,-121.3,50.975,-121.3
1200,-121.275,50.975,-121.275
1272,-121.25,50.975,-121.25
1295,-121.225,50.975,-121.225
1326,-121.2,50.975,-121.2
1333,-121.175,50.975,-121.175
1362,-121.15,50.975,-121.15
1511,-121.125,50.975,-121.125
1323,-121.1,50.975,-121.1
1334,-121.075,50.975,-121.075
1319,-121.05,50.975,-121.05
1306,-121.025,50.975,-121.025
1001,-121,50.975,-121
1166,-120.975,50.975,-120.975
800,-120.95,50.975,-120.95
1136,-120.925,50.975,-120.925
1107,-120.9,50.975,-120.9
1086,-120.875,50.975,-120.875
1036,-120.85,50.975,-120.85
1201,-120.825,50.975,-120.825
1232,-120.8,50.975,-120.8
1274,-120.775,50.975,-120.775
1310,-120.75,50.975,-120.75
1313,-120.725,50.975,-120.725
1390,-120.7,50.975,-120.7
1479,-120.675,50.975,-120.675
1553,-120.65,50.975,-120.65
1681,-120.625,50.975,-120.625
1741,-120.6,50.975,-120.6
1809,-120.575,50.975,-120.575
1842,-120.55,50.975,-120.55
1824,-120.525,50.975,-120.525
1829,-120.5,50.975,-120.5
1673,-120.475,50.975,-120.475
1559,-120.45,50.975,-120.45
1539,-120.425,50.975,-120.425
1314,-120.4,50.975,-120.4
1281,-120.375,50.975,-120.375
1145,-120.35,50.975,-120.35
1121,-120.325,50.975,-120.325
957,-120.3,50.975,-120.3
1202,-120.275,50.975,-120.275
359,-120.25,50.975,-120.25
506,-120.225,50.975,-120.225
891,-120.2,50.975,-120.2
767,-120.175,50.975,-120.175
1326,-120.15,50.975,-120.15
1197,-120.125,50.975,-120.125
1315,-120.1,50.975,-120.1
1287,-120.075,50.975,-120.075
906,-120.05,50.975,-120.05
790,-120.025,50.975,-120.025
1442,-120,50.975,-120
1640,-119.975,50.975,-119.975
1730,-119.95,50.975,-119.95
1685,-119.925,50.975,-119.925
1420,-119.9,50.975,-119.9
1445,-119.875,50.975,-119.875
1623,-119.85,50.975,-119.85
1381,-119.825,50.975,-119.825
1315,-119.8,50.975,-119.8
1079,-119.775,50.975,-119.775
1001,-119.75,50.975,-119.75
639,-119.725,50.975,-119.725
404,-119.7,50.975,-119.7
611,-119.675,50.975,-119.675
1190,-119.65,50.975,-119.65
1395,-119.625,50.975,-119.625
683,-119.6,50.975,-119.6
921,-119.575,50.975,-119.575
1413,-119.55,50.975,-119.55
1391,-119.525,50.975,-119.525
1335,-119.5,50.975,-119.5
819,-119.475,50.975,-119.475
600,-119.45,50.975,-119.45
595,-119.425,50.975,-119.425
929,-119.4,50.975,-119.4
662,-119.375,50.975,-119.375
571,-119.35,50.975,-119.35
528,-119.325,50.975,-119.325
496,-119.3,50.975,-119.3
503,-119.275,50.975,-119.275
496,-119.25,50.975,-119.25
496,-119.225,50.975,-119.225
607,-119.2,50.975,-119.2
661,-119.175,50.975,-119.175
504,-119.15,50.975,-119.15
359,-119.125,50.975,-119.125
348,-119.1,50.975,-119.1
401,-119.075,50.975,-119.075
714,-119.05,50.975,-119.05
765,-119.025,50.975,-119.025
348,-119,50.975,-119
680,-118.975,50.975,-118.975
1141,-118.95,50.975,-118.95
1473,-118.925,50.975,-118.925
1704,-118.9,50.975,-118.9
1788,-118.875,50.975,-118.875
1450,-118.85,50.975,-118.85
1558,-118.825,50.975,-118.825
1176,-118.8,50.975,-118.8
820,-118.775,50.975,-118.775
554,-118.75,50.975,-118.75
401,-118.725,50.975,-118.725
703,-118.7,50.975,-118.7
1085,-118.675,50.975,-118.675
1221,-118.65,50.975,-118.65
779,-118.625,50.975,-118.625
471,-118.6,50.975,-118.6
568,-118.575,50.975,-118.575
432,-118.55,50.975,-118.55
455,-118.525,50.975,-118.525
958,-118.5,50.975,-118.5
1557,-123,51,-123
1678,-122.975,51,-122.975
2053,-122.95,51,-122.95
2131,-122.925,51,-122.925
2148,-122.9,51,-122.9
2327,-122.875,51,-122.875
1963,-122.85,51,-122.85
1911,-122.825,51,-122.825
1642,-122.8,51,-122.8
1574,-122.775,51,-122.775
1163,-122.75,51,-122.75
1445,-122.725,51,-122.725
1747,-122.7,51,-122.7
1482,-122.675,51,-122.675
1655,-122.65,51,-122.65
1995,-122.625,51,-122.625
2249,-122.6,51,-122.6
2346,-122.575,51,-122.575
2081,-122.55,51,-122.55
2308,-122.525,51,-122.525
2154,-122.5,51,-122.5
1860,-122.475,51,-122.475
1551,-122.45,51,-122.45
1458,-122.425,51,-122.425
1206,-122.4,51,-122.4
1112,-122.375,51,-122.375
1427,-122.35,51,-122.35
1200,-122.325,51,-122.325
1537,-122.3,51,-122.3
1376,-122.275,51,-122.275
1236,-122.25,51,-122.25
1479,-122.225,51,-122.225
1745,-122.2,51,-122.2
1786,-122.175,51,-122.175
1911,-122.15,51,-122.15
1774,-122.125,51,-122.125
2026,-122.1,51,-122.1
1803,-122.075,51,-122.075
1533,-122.05,51,-122.05
1322,-122.025,51,-122.025
1112,-122,51,-122
1084,-121.975,51,-121.975
798,-121.95,51,-121.95
539,-121.925,51,-121.925
672,-121.9,51,-121.9
1327,-121.875,51,-121.875
1387,-121.85,51,-121.85
1344,-121.825,51,-121.825
1568,-121.8,51,-121.8
1259,-121.775,51,-121.775
1533,-121.75,51,-121.75
1516,-121.725,51,-121.725
1587,-121.7,51,-121.7
1767,-121.675,51,-121.675
1450,-121.65,51,-121.65
1751,-121.625,51,-121.625
1570,-121.6,51,-121.6
1378,-121.575,51,-121.575
1203,-121.55,51,-121.55
929,-121.525,51,-121.525
1076,-121.5,51,-121.5
767,-121.475,51,-121.475
731,-121.45,51,-121.45
1045,-121.425,51,-121.425
954,-121.4,51,-121.4
859,-121.375,51,-121.375
1321,-121.35,51,-121.35
1282,-121.325,51,-121.325
1316,-121.3,51,-121.3
1456,-121.275,51,-121.275
1528,-121.25,51,-121.25
1529,-121.225,51,-121.225
1427,-121.2,51,-121.2
1502,-121.175,51,-121.175
1618,-121.15,51,-121.15
1555,-121.125,51,-121.125
1561,-121.1,51,-121.1
1395,-121.075,51,-121.075
1311,-121.05,51,-121.05
1137,-121.025,51,-121.025
1268,-121,51,-121
1175,-120.975,51,-120.975
775,-120.95,51,-120.95
708,-120.925,51,-120.925
1169,-120.9,51,-120.9
1183,-120.875,51,-120.875
1094,-120.85,51,-120.85
1022,-120.825,51,-120.825
1105,-120.8,51,-120.8
1156,-120.775,51,-120.775
1232,-120.75,51,-120.75
1324,-120.725,51,-120.725
1367,-120.7,51,-120.7
1424,-120.675,51,-120.675
1511,-120.65,51,-120.65
1602,-120.625,51,-120.625
1765,-120.6,51,-120.6
1756,-120.575,51,-120.575
1829,-120.55,51,-120.55
1808,-120.525,51,-120.525
1821,-120.5,51,-120.5
1831,-120.475,51,-120.475
1786,-120.45,51,-120.45
1655,-120.425,51,-120.425
1480,-120.4,51,-120.4
1409,-120.375,51,-120.375
1240,-120.35,51,-120.35
1104,-120.325,51,-120.325
1036,-120.3,51,-120.3
1089,-120.275,51,-120.275
497,-120.25,51,-120.25
387,-120.225,51,-120.225
813,-120.2,51,-120.2
843,-120.175,51,-120.175
1162,-120.15,51,-120.15
1180,-120.125,51,-120.125
1355,-120.1,51,-120.1
1326,-120.075,51,-120.075
671,-120.05,51,-120.05
1133,-120.025,51,-120.025
1598,-120,51,-120
1581,-119.975,51,-119.975
1434,-119.95,51,-119.95
1252,-119.925,51,-119.925
944,-119.9,51,-119.9
1021,-119.875,51,-119.875
955,-119.85,51,-119.85
1118,-119.825,51,-119.825
1309,-119.8,51,-119.8
1191,-119.775,51,-119.775
682,-119.75,51,-119.75
404,-119.725,51,-119.725
1024,-119.7,51,-119.7
1082,-119.675,51,-119.675
1632,-119.65,51,-119.65
1619,-119.625,51,-119.625
882,-119.6,51,-119.6
1775,-119.575,51,-119.575
1660,-119.55,51,-119.55
1597,-119.525,51,-119.525
1483,-119.5,51,-119.5
843,-119.475,51,-119.475
619,-119.45,51,-119.45
1372,-119.425,51,-119.425
1211,-119.4,51,-119.4
1385,-119.375,51,-119.375
1103,-119.35,51,-119.35
757,-119.325,51,-119.325
941,-119.3,51,-119.3
1194,-119.275,51,-119.275
1186,-119.25,51,-119.25
931,-119.225,51,-119.225
881,-119.2,51,-119.2
1426,-119.175,51,-119.175
1683,-119.15,51,-119.15
1506,-119.125,51,-119.125
1170,-119.1,51,-119.1
565,-119.075,51,-119.075
348,-119.05,51,-119.05
348,-119.025,51,-119.025
348,-119,51,-119
348,-118.975,51,-118.975
706,-118.95,51,-118.95
1255,-118.925,51,-118.925
1646,-118.9,51,-118.9
1998,-118.875,51,-118.875
1867,-118.85,51,-118.85
1804,-118.825,51,-118.825
1548,-118.8,51,-118.8
1017,-118.775,51,-118.775
780,-118.75,51,-118.75
831,-118.725,51,-118.725
454,-118.7,51,-118.7
389,-118.675,51,-118.675
415,-118.65,51,-118.65
778,-118.625,51,-118.625
1213,-118.6,51,-118.6
1320,-118.575,51,-118.575
1400,-118.55,51,-118.55
1769,-118.525,51,-118.525
1548,-118.5,51,-118.5
1821,-123,51.025,-123
1762,-122.975,51.025,-122.975
1608,-122.95,51.025,-122.95
1969,-122.925,51.025,-122.925
1688,-122.9,51.025,-122.9
2120,-122.875,51.025,-122.875
1886,-122.85,51.025,-122.85
2040,-122.825,51.025,-122.825
1711,-122.8,51.025,-122.8
1545,-122.775,51.025,-122.775
1262,-122.75,51.025,-122.75
1336,-122.725,51.025,-122.725
1598,-122.7,51.025,-122.7
1956,-122.675,51.025,-122.675
1949,-122.65,51.025,-122.65
2491,-122.625,51.025,-122.625
2178,-122.6,51.025,-122.6
2285,-122.575,51.025,-122.575
1981,-122.55,51.025,-122.55
2118,-122.525,51.025,-122.525
1794,-122.5,51.025,-122.5
1537,-122.475,51.025,-122.475
1500,-122.45,51.025,-122.45
1494,-122.425,51.025,-122.425
1586,-122.4,51.025,-122.4
1546,-122.375,51.025,-122.375
1683,-122.35,51.025,-122.35
1411,-122.325,51.025,-122.325
1574,-122.3,51.025,-122.3
1491,-122.275,51.025,-122.275
1893,-122.25,51.025,-122.25
1927,-122.225,51.025,-122.225
1803,-122.2,51.025,-122.2
2009,-122.175,51.025,-122.175
2028,-122.15,51.025,-122.15
1850,-122.125,51.025,-122.125
1750,-122.1,51.025,-122.1
1556,-122.075,51.025,-122.075
1665,-122.05,51.025,-122.05
1712,-122.025,51.025,-122.025
1441,-122,51.025,-122
1266,-121.975,51.025,-121.975
859,-121.95,51.025,-121.95
270,-121.925,51.025,-121.925
1222,-121.9,51.025,-121.9
1516,-121.875,51.025,-121.875
1597,-121.85,51.025,-121.85
1705,-121.825,51.025,-121.825
1690,-121.8,51.025,-121.8
1142,-121.775,51.025,-121.775
1151,-121.75,51.025,-121.75
1079,-121.725,51.025,-121.725
1026,-121.7,51.025,-121.7
1249,-121.675,51.025,-121.675
1464,-121.65,51.025,-121.65
1689,-121.625,51.025,-121.625
1614,-121.6,51.025,-121.6
1383,-121.575,51.025,-121.575
902,-121.55,51.025,-121.55
1301,-121.525,51.025,-121.525
1256,-121.5,51.025,-121.5
1067,-121.475,51.025,-121.475
662,-121.45,51.025,-121.45
981,-121.425,51.025,-121.425
878,-121.4,51.025,-121.4
1118,-121.375,51.025,-121.375
1344,-121.35,51.025,-121.35
1456,-121.325,51.025,-121.325
1421,-121.3,51.025,-121.3
1476,-121.275,51.025,-121.275
1523,-121.25,51.025,-121.25
1593,-121.225,51.025,-121.225
1588,-121.2,51.025,-121.2
1673,-121.175,51.025,-121.175
1600,-121.15,51.025,-121.15
1545,-121.125,51.025,-121.125
1451,-121.1,51.025,-121.1
1385,-121.075,51.025,-121.075
1319,-121.05,51.025,-121.05
1311,-121.025,51.025,-121.025
1317,-121,51.025,-121
1249,-120.975,51.025,-120.975
1252,-120.95,51.025,-120.95
1139,-120.925,51.025,-120.925
808,-120.9,51.025,-120.9
1215,-120.875,51.025,-120.875
1254,-120.85,51.025,-120.85
1288,-120.825,51.025,-120.825
1243,-120.8,51.025,-120.8
1157,-120.775,51.025,-120.775
1101,-120.75,51.025,-120.75
1176,-120.725,51.025,-120.725
1357,-120.7,51.025,-120.7
1438,-120.675,51.025,-120.675
1484,-120.65,51.025,-120.65
1503,-120.625,51.025,-120.625
1571,-120.6,51.025,-120.6
1639,-120.575,51.025,-120.575
1684,-120.55,51.025,-120.55
1757,-120.525,51.025,-120.525
1786,-120.5,51.025,-120.5
1713,-120.475,51.025,-120.475
1746,-120.45,51.025,-120.45
1741,-120.425,51.025,-120.425
1710,-120.4,51.025,-120.4
1494,-120.375,51.025,-120.375
1345,-120.35,51.025,-120.35
1198,-120.325,51.025,-120.325
1224,-120.3,51.025,-120.3
1177,-120.275,51.025,-120.275
532,-120.25,51.025,-120.25
358,-120.225,51.025,-120.225
746,-120.2,51.025,-120.2
869,-120.175,51.025,-120.175
1081,-120.15,51.025,-120.15
1246,-120.125,51.025,-120.125
1439,-120.1,51.025,-120.1
1317,-120.075,51.025,-120.075
1001,-120.05,51.025,-120.05
642,-120.025,51.025,-120.025
1087,-120,51.025,-120
864,-119.975,51.025,-119.975
957,-119.95,51.025,-119.95
966,-119.925,51.025,-119.925
1057,-119.9,51.025,-119.9
1113,-119.875,51.025,-119.875
1214,-119.85,51.025,-119.85
1269,-119.825,51.025,-119.825
1418,-119.8,51.025,-119.8
1519,-119.775,51.025,-119.775
701,-119.75,51.025,-119.75
404,-119.725,51.025,-119.725
948,-119.7,51.025,-119.7
1657,-119.675,51.025,-119.675
1757,-119.65,51.025,-119.65
1909,-119.625,51.025,-119.625
1672,-119.6,51.025,-119.6
1531,-119.575,51.025,-119.575
1720,-119.55,51.025,-119.55
1715,-119.525,51.025,-119.525
1465,-119.5,51.025,-119.5
941,-119.475,51.025,-119.475
616,-119.45,51.025,-119.45
772,-119.425,51.025,-119.425
965,-119.4,51.025,-119.4
991,-119.375,51.025,-119.375
1427,-119.35,51.025,-119.35
1375,-119.325,51.025,-119.325
1361,-119.3,51.025,-119.3
1531,-119.275,51.025,-119.275
1607,-119.25,51.025,-119.25
1226,-119.225,51.025,-119.225
849,-119.2,51.025,-119.2
1219,-119.175,51.025,-119.175
1470,-119.15,51.025,-119.15
1617,-119.125,51.025,-119.125
1471,-119.1,51.025,-119.1
821,-119.075,51.025,-119.075
348,-119.05,51.025,-119.05
477,-119.025,51.025,-119.025
562,-119,51.025,-119
348,-118.975,51.025,-118.975
477,-118.95,51.025,-118.95
992,-118.925,51.025,-118.925
1576,-118.9,51.025,-118.9
1759,-118.875,51.025,-118.875
1929,-118.85,51.025,-118.85
1993,-118.825,51.025,-118.825
1657,-118.8,51.025,-118.8
1216,-118.775,51.025,-118.775
1254,-118.75,51.025,-118.75
999,-118.725,51.025,-118.725
482,-118.7,51.025,-118.7
1237,-118.675,51.025,-118.675
1654,-118.65,51.025,-118.65
951,-118.625,51.025,-118.625
685,-118.6,51.025,-118.6
811,-118.575,51.025,-118.575
1098,-118.55,51.025,-118.55
1535,-118.525,51.025,-118.525
1371,-118.5,51.025,-118.5
1561,-123,51.05,-123
1581,-122.975,51.05,-122.975
1481,-122.95,51.05,-122.95
1479,-122.925,51.05,-122.925
1350,-122.9,51.05,-122.9
1320,-122.875,51.05,-122.875
1303,-122.85,51.05,-122.85
1402,-122.825,51.05,-122.825
1453,-122.8,51.05,-122.8
1165,-122.775,51.05,-122.775
1600,-122.75,51.05,-122.75
1578,-122.725,51.05,-122.725
1398,-122.7,51.05,-122.7
1586,-122.675,51.05,-122.675
1999,-122.65,51.05,-122.65
1904,-122.625,51.05,-122.625
2394,-122.6,51.05,-122.6
2569,-122.575,51.05,-122.575
2231,-122.55,51.05,-122.55
2006,-122.525,51.05,-122.525
1951,-122.5,51.05,-122.5
1395,-122.475,51.05,-122.475
2006,-122.45,51.05,-122.45
2234,-122.425,51.05,-122.425
1903,-122.4,51.05,-122.4
1782,-122.375,51.05,-122.375
1630,-122.35,51.05,-122.35
1776,-122.325,51.05,-122.325
1884,-122.3,51.05,-122.3
1691,-122.275,51.05,-122.275
1737,-122.25,51.05,-122.25
1703,-122.225,51.05,-122.225
1756,-122.2,51.05,-122.2
1724,-122.175,51.05,-122.175
1944,-122.15,51.05,-122.15
1652,-122.125,51.05,-122.125
1213,-122.1,51.05,-122.1
1489,-122.075,51.05,-122.075
1054,-122.05,51.05,-122.05
1199,-122.025,51.05,-122.025
1107,-122,51.05,-122
1066,-121.975,51.05,-121.975
272,-121.95,51.05,-121.95
1120,-121.925,51.05,-121.925
1544,-121.9,51.05,-121.9
1560,-121.875,51.05,-121.875
1705,-121.85,51.05,-121.85
1566,-121.825,51.05,-121.825
1406,-121.8,51.05,-121.8
1553,-121.775,51.05,-121.775
1782,-121.75,51.05,-121.75
1731,-121.725,51.05,-121.725
1466,-121.7,51.05,-121.7
1006,-121.675,51.05,-121.675
1295,-121.65,51.05,-121.65
1443,-121.625,51.05,-121.625
1488,-121.6,51.05,-121.6
1245,-121.575,51.05,-121.575
929,-121.55,51.05,-121.55
1389,-121.525,51.05,-121.525
1285,-121.5,51.05,-121.5
968,-121.475,51.05,-121.475
622,-121.45,51.05,-121.45
802,-121.425,51.05,-121.425
808,-121.4,51.05,-121.4
870,-121.375,51.05,-121.375
1059,-121.35,51.05,-121.35
965,-121.325,51.05,-121.325
1136,-121.3,51.05,-121.3
1216,-121.275,51.05,-121.275
1344,-121.25,51.05,-121.25
1315,-121.225,51.05,-121.225
1391,-121.2,51.05,-121.2
1378,-121.175,51.05,-121.175
1409,-121.15,51.05,-121.15
1394,-121.125,51.05,-121.125
1370,-121.1,51.05,-121.1
1378,-121.075,51.05,-121.075
1348,-121.05,51.05,-121.05
1322,-121.025,51.05,-121.025
1322,-121,51.05,-121
1275,-120.975,51.05,-120.975
1266,-120.95,51.05,-120.95
1174,-120.925,51.05,-120.925
928,-120.9,51.05,-120.9
1092,-120.875,51.05,-120.875
1239,-120.85,51.05,-120.85
1270,-120.825,51.05,-120.825
1322,-120.8,51.05,-120.8
1342,-120.775,51.05,-120.775
1298,-120.75,51.05,-120.75
1145,-120.725,51.05,-120.725
1196,-120.7,51.05,-120.7
1375,-120.675,51.05,-120.675
1479,-120.65,51.05,-120.65
1513,-120.625,51.05,-120.625
1509,-120.6,51.05,-120.6
1546,-120.575,51.05,-120.575
1590,-120.55,51.05,-120.55
1659,-120.525,51.05,-120.525
1620,-120.5,51.05,-120.5
1668,-120.475,51.05,-120.475
1758,-120.45,51.05,-120.45
1707,-120.425,51.05,-120.425
1667,-120.4,51.05,-120.4
1511,-120.375,51.05,-120.375
1333,-120.35,51.05,-120.35
1356,-120.325,51.05,-120.325
1220,-120.3,51.05,-120.3
1163,-120.275,51.05,-120.275
684,-120.25,51.05,-120.25
363,-120.225,51.05,-120.225
920,-120.2,51.05,-120.2
1023,-120.175,51.05,-120.175
1120,-120.15,51.05,-120.15
1141,-120.125,51.05,-120.125
1260,-120.1,51.05,-120.1
1276,-120.075,51.05,-120.075
875,-120.05,51.05,-120.05
755,-120.025,51.05,-120.025
1281,-120,51.05,-120
1261,-119.975,51.05,-119.975
1177,-119.95,51.05,-119.95
1197,-119.925,51.05,-119.925
1225,-119.9,51.05,-119.9
1325,-119.875,51.05,-119.875
1436,-119.85,51.05,-119.85
1443,-119.825,51.05,-119.825
1303,-119.8,51.05,-119.8
1191,-119.775,51.05,-119.775
599,-119.75,51.05,-119.75
404,-119.725,51.05,-119.725
848,-119.7,51.05,-119.7
1341,-119.675,51.05,-119.675
1893,-119.65,51.05,-119.65
1944,-119.625,51.05,-119.625
1815,-119.6,51.05,-119.6
1664,-119.575,51.05,-119.575
1635,-119.55,51.05,-119.55
1690,-119.525,51.05,-119.525
1716,-119.5,51.05,-119.5
1211,-119.475,51.05,-119.475
955,-119.45,51.05,-119.45
1449,-119.425,51.05,-119.425
1173,-119.4,51.05,-119.4
708,-119.375,51.05,-119.375
1233,-119.35,51.05,-119.35
1393,-119.325,51.05,-119.325
1524,-119.3,51.05,-119.3
1713,-119.275,51.05,-119.275
1890,-119.25,51.05,-119.25
1831,-119.225,51.05,-119.225
1453,-119.2,51.05,-119.2
1311,-119.175,51.05,-119.175
1264,-119.15,51.05,-119.15
913,-119.125,51.05,-119.125
1200,-119.1,51.05,-119.1
762,-119.075,51.05,-119.075
348,-119.05,51.05,-119.05
742,-119.025,51.05,-119.025
808,-119,51.05,-119
436,-118.975,51.05,-118.975
348,-118.95,51.05,-118.95
741,-118.925,51.05,-118.925
1180,-118.9,51.05,-118.9
1123,-118.875,51.05,-118.875
1745,-118.85,51.05,-118.85
1689,-118.825,51.05,-118.825
1526,-118.8,51.05,-118.8
1865,-118.775,51.05,-118.775
1784,-118.75,51.05,-118.75
1225,-118.725,51.05,-118.725
573,-118.7,51.05,-118.7
1065,-118.675,51.05,-118.675
1652,-118.65,51.05,-118.65
1857,-118.625,51.05,-118.625
1454,-118.6,51.05,-118.6
1380,-118.575,51.05,-118.575
1468,-118.55,51.05,-118.55
1481,-118.525,51.05,-118.525
1060,-118.5,51.05,-118.5
1994,-123,51.075,-123
2336,-122.975,51.075,-122.975
1956,-122.95,51.075,-122.95
2045,-122.925,51.075,-122.925
2049,-122.9,51.075,-122.9
2078,-122.875,51.075,-122.875
1672,-122.85,51.075,-122.85
1593,-122.825,51.075,-122.825
1270,-122.8,51.075,-122.8
1522,-122.775,51.075,-122.775
1673,-122.75,51.075,-122.75
1495,-122.725,51.075,-122.725
1687,-122.7,51.075,-122.7
1700,-122.675,51.075,-122.675
1708,-122.65,51.075,-122.65
2131,-122.625,51.075,-122.625
2316,-122.6,51.075,-122.6
2140,-122.575,51.075,-122.575
1905,-122.55,51.075,-122.55
1662,-122.525,51.075,-122.525
1728,-122.5,51.075,-122.5
1653,-122.475,51.075,-122.475
1641,-122.45,51.075,-122.45
1771,-122.425,51.075,-122.425
1748,-122.4,51.075,-122.4
1955,-122.375,51.075,-122.375
1827,-122.35,51.075,-122.35
1745,-122.325,51.075,-122.325
1679,-122.3,51.075,-122.3
1637,-122.275,51.075,-122.275
1471,-122.25,51.075,-122.25
1765,-122.225,51.075,-122.225
1380,-122.2,51.075,-122.2
1282,-122.175,51.075,-122.175
1115,-122.15,51.075,-122.15
835,-122.125,51.075,-122.125
838,-122.1,51.075,-122.1
569,-122.075,51.075,-122.075
541,-122.05,51.075,-122.05
873,-122.025,51.075,-122.025
821,-122,51.075,-122
522,-121.975,51.075,-121.975
402,-121.95,51.075,-121.95
1009,-121.925,51.075,-121.925
1521,-121.9,51.075,-121.9
1726,-121.875,51.075,-121.875
1471,-121.85,51.075,-121.85
1430,-121.825,51.075,-121.825
1593,-121.8,51.075,-121.8
1846,-121.775,51.075,-121.775
1958,-121.75,51.075,-121.75
1642,-121.725,51.075,-121.725
1507,-121.7,51.075,-121.7
1630,-121.675,51.075,-121.675
1233,-121.65,51.075,-121.65
965,-121.625,51.075,-121.625
909,-121.6,51.075,-121.6
954,-121.575,51.075,-121.575
1254,-121.55,51.075,-121.55
1432,-121.525,51.075,-121.525
1182,-121.5,51.075,-121.5
625,-121.475,51.075,-121.475
1076,-121.45,51.075,-121.45
1045,-121.425,51.075,-121.425
1014,-121.4,51.075,-121.4
1023,-121.375,51.075,-121.375
1125,-121.35,51.075,-121.35
892,-121.325,51.075,-121.325
1019,-121.3,51.075,-121.3
1278,-121.275,51.075,-121.275
1365,-121.25,51.075,-121.25
1417,-121.225,51.075,-121.225
1463,-121.2,51.075,-121.2
1541,-121.175,51.075,-121.175
1536,-121.15,51.075,-121.15
1410,-121.125,51.075,-121.125
1385,-121.1,51.075,-121.1
1370,-121.075,51.075,-121.075
1299,-121.05,51.075,-121.05
1297,-121.025,51.075,-121.025
1291,-121,51.075,-121
1267,-120.975,51.075,-120.975
1240,-120.95,51.075,-120.95
1153,-120.925,51.075,-120.925
1154,-120.9,51.075,-120.9
872,-120.875,51.075,-120.875
1187,-120.85,51.075,-120.85
1244,-120.825,51.075,-120.825
1284,-120.8,51.075,-120.8
1278,-120.775,51.075,-120.775
1283,-120.75,51.075,-120.75
1310,-120.725,51.075,-120.725
1320,-120.7,51.075,-120.7
1193,-120.675,51.075,-120.675
1231,-120.65,51.075,-120.65
1273,-120.625,51.075,-120.625
1319,-120.6,51.075,-120.6
1411,-120.575,51.075,-120.575
1480,-120.55,51.075,-120.55
1594,-120.525,51.075,-120.525
1586,-120.5,51.075,-120.5
1623,-120.475,51.075,-120.475
1654,-120.45,51.075,-120.45
1652,-120.425,51.075,-120.425
1597,-120.4,51.075,-120.4
1418,-120.375,51.075,-120.375
1376,-120.35,51.075,-120.35
1296,-120.325,51.075,-120.325
1137,-120.3,51.075,-120.3
1189,-120.275,51.075,-120.275
1017,-120.25,51.075,-120.25
429,-120.225,51.075,-120.225
508,-120.2,51.075,-120.2
803,-120.175,51.075,-120.175
798,-120.15,51.075,-120.15
1157,-120.125,51.075,-120.125
1180,-120.1,51.075,-120.1
1043,-120.075,51.075,-120.075
603,-120.05,51.075,-120.05
997,-120.025,51.075,-120.025
1220,-120,51.075,-120
1461,-119.975,51.075,-119.975
1510,-119.95,51.075,-119.95
1397,-119.925,51.075,-119.925
1239,-119.9,51.075,-119.9
1263,-119.875,51.075,-119.875
1214,-119.85,51.075,-119.85
1214,-119.825,51.075,-119.825
584,-119.8,51.075,-119.8
404,-119.775,51.075,-119.775
404,-119.75,51.075,-119.75
404,-119.725,51.075,-119.725
591,-119.7,51.075,-119.7
985,-119.675,51.075,-119.675
1712,-119.65,51.075,-119.65
1844,-119.625,51.075,-119.625
1877,-119.6,51.075,-119.6
1714,-119.575,51.075,-119.575
1688,-119.55,51.075,-119.55
1638,-119.525,51.075,-119.525
1601,-119.5,51.075,-119.5
1475,-119.475,51.075,-119.475
841,-119.45,51.075,-119.45
1190,-119.425,51.075,-119.425
1696,-119.4,51.075,-119.4
1368,-119.375,51.075,-119.375
905,-119.35,51.075,-119.35
933,-119.325,51.075,-119.325
1493,-119.3,51.075,-119.3
1579,-119.275,51.075,-119.275
1839,-119.25,51.075,-119.25
1920,-119.225,51.075,-119.225
1741,-119.2,51.075,-119.2
1789,-119.175,51.075,-119.175
1852,-119.15,51.075,-119.15
1541,-119.125,51.075,-119.125
1259,-119.1,51.075,-119.1
745,-119.075,51.075,-119.075
348,-119.05,51.075,-119.05
410,-119.025,51.075,-119.025
791,-119,51.075,-119
785,-118.975,51.075,-118.975
940,-118.95,51.075,-118.95
519,-118.925,51.075,-118.925
348,-118.9,51.075,-118.9
841,-118.875,51.075,-118.875
916,-118.85,51.075,-118.85
1337,-118.825,51.075,-118.825
1458,-118.8,51.075,-118.8
1722,-118.775,51.075,-118.775
1997,-118.75,51.075,-118.75
1329,-118.725,51.075,-118.725
653,-118.7,51.075,-118.7
854,-118.675,51.075,-118.675
1493,-118.65,51.075,-118.65
1508,-118.625,51.075,-118.625
1854,-118.6,51.075,-118.6
1948,-118.575,51.075,-118.575
1907,-118.55,51.075,-118.55
2089,-118.525,51.075,-118.525
1936,-118.5,51.075,-118.5
2172,-123,51.1,-123
2073,-122.975,51.1,-122.975
2472,-122.95,51.1,-122.95
2065,-122.925,51.1,-122.925
1634,-122.9,51.1,-122.9
1623,-122.875,51.1,-122.875
1438,-122.85,51.1,-122.85
1418,-122.825,51.1,-122.825
1706,-122.8,51.1,-122.8
1496,-122.775,51.1,-122.775
1404,-122.75,51.1,-122.75
1711,-122.725,51.1,-122.725
1729,-122.7,51.1,-122.7
1994,-122.675,51.1,-122.675
1898,-122.65,51.1,-122.65
2040,-122.625,51.1,-122.625
1851,-122.6,51.1,-122.6
1845,-122.575,51.1,-122.575
1596,-122.55,51.1,-122.55
1883,-122.525,51.1,-122.525
1836,-122.5,51.1,-122.5
1946,-122.475,51.1,-122.475
1958,-122.45,51.1,-122.45
1957,-122.425,51.1,-122.425
1847,-122.4,51.1,-122.4
2032,-122.375,51.1,-122.375
2092,-122.35,51.1,-122.35
2166,-122.325,51.1,-122.325
2260,-122.3,51.1,-122.3
2175,-122.275,51.1,-122.275
1968,-122.25,51.1,-122.25
1758,-122.225,51.1,-122.225
1480,-122.2,51.1,-122.2
1709,-122.175,51.1,-122.175
1477,-122.15,51.1,-122.15
1475,-122.125,51.1,-122.125
1169,-122.1,51.1,-122.1
878,-122.075,51.1,-122.075
538,-122.05,51.1,-122.05
383,-122.025,51.1,-122.025
357,-122,51.1,-122
451,-121.975,51.1,-121.975
1171,-121.95,51.1,-121.95
1535,-121.925,51.1,-121.925
1708,-121.9,51.1,-121.9
1504,-121.875,51.1,-121.875
1837,-121.85,51.1,-121.85
2123,-121.825,51.1,-121.825
1793,-121.8,51.1,-121.8
1751,-121.775,51.1,-121.775
1585,-121.75,51.1,-121.75
1587,-121.725,51.1,-121.725
1626,-121.7,51.1,-121.7
1792,-121.675,51.1,-121.675
1450,-121.65,51.1,-121.65
1231,-121.625,51.1,-121.625
1049,-121.6,51.1,-121.6
943,-121.575,51.1,-121.575
867,-121.55,51.1,-121.55
974,-121.525,51.1,-121.525
954,-121.5,51.1,-121.5
778,-121.475,51.1,-121.475
1093,-121.45,51.1,-121.45
1124,-121.425,51.1,-121.425
1110,-121.4,51.1,-121.4
1172,-121.375,51.1,-121.375
1177,-121.35,51.1,-121.35
1208,-121.325,51.1,-121.325
1129,-121.3,51.1,-121.3
996,-121.275,51.1,-121.275
870,-121.25,51.1,-121.25
1240,-121.225,51.1,-121.225
1372,-121.2,51.1,-121.2
1402,-121.175,51.1,-121.175
1323,-121.15,51.1,-121.15
1241,-121.125,51.1,-121.125
1264,-121.1,51.1,-121.1
1227,-121.075,51.1,-121.075
1237,-121.05,51.1,-121.05
1219,-121.025,51.1,-121.025
1194,-121,51.1,-121
1171,-120.975,51.1,-120.975
1217,-120.95,51.1,-120.95
1154,-120.925,51.1,-120.925
1108,-120.9,51.1,-120.9
851,-120.875,51.1,-120.875
1132,-120.85,51.1,-120.85
1181,-120.825,51.1,-120.825
1198,-120.8,51.1,-120.8
1224,-120.775,51.1,-120.775
1310,-120.75,51.1,-120.75
1318,-120.725,51.1,-120.725
1352,-120.7,51.1,-120.7
1366,-120.675,51.1,-120.675
1336,-120.65,51.1,-120.65
1367,-120.625,51.1,-120.625
1465,-120.6,51.1,-120.6
1523,-120.575,51.1,-120.575
1503,-120.55,51.1,-120.55
1506,-120.525,51.1,-120.525
1543,-120.5,51.1,-120.5
1531,-120.475,51.1,-120.475
1605,-120.45,51.1,-120.45
1571,-120.425,51.1,-120.425
1510,-120.4,51.1,-120.4
1486,-120.375,51.1,-120.375
1371,-120.35,51.1,-120.35
1384,-120.325,51.1,-120.325
1314,-120.3,51.1,-120.3
1383,-120.275,51.1,-120.275
1158,-120.25,51.1,-120.25
716,-120.225,51.1,-120.225
867,-120.2,51.1,-120.2
464,-120.175,51.1,-120.175
380,-120.15,51.1,-120.15
984,-120.125,51.1,-120.125
907,-120.1,51.1,-120.1
717,-120.075,51.1,-120.075
691,-120.05,51.1,-120.05
903,-120.025,51.1,-120.025
747,-120,51.1,-120
613,-119.975,51.1,-119.975
785,-119.95,51.1,-119.95
805,-119.925,51.1,-119.925
1005,-119.9,51.1,-119.9
1140,-119.875,51.1,-119.875
836,-119.85,51.1,-119.85
469,-119.825,51.1,-119.825
844,-119.8,51.1,-119.8
1488,-119.775,51.1,-119.775
1033,-119.75,51.1,-119.75
454,-119.725,51.1,-119.725
404,-119.7,51.1,-119.7
726,-119.675,51.1,-119.675
1228,-119.65,51.1,-119.65
1442,-119.625,51.1,-119.625
1341,-119.6,51.1,-119.6
1374,-119.575,51.1,-119.575
1601,-119.55,51.1,-119.55
1764,-119.525,51.1,-119.525
1599,-119.5,51.1,-119.5
1349,-119.475,51.1,-119.475
955,-119.45,51.1,-119.45
945,-119.425,51.1,-119.425
1262,-119.4,51.1,-119.4
1292,-119.375,51.1,-119.375
1604,-119.35,51.1,-119.35
1390,-119.325,51.1,-119.325
921,-119.3,51.1,-119.3
1252,-119.275,51.1,-119.275
1563,-119.25,51.1,-119.25
1678,-119.225,51.1,-119.225
1739,-119.2,51.1,-119.2
1730,-119.175,51.1,-119.175
1993,-119.15,51.1,-119.15
1836,-119.125,51.1,-119.125
1462,-119.1,51.1,-119.1
1160,-119.075,51.1,-119.075
570,-119.05,51.1,-119.05
348,-119.025,51.1,-119.025
599,-119,51.1,-119
948,-118.975,51.1,-118.975
1388,-118.95,51.1,-118.95
928,-118.925,51.1,-118.925
348,-118.9,51.1,-118.9
826,-118.875,51.1,-118.875
1692,-118.85,51.1,-118.85
1485,-118.825,51.1,-118.825
1862,-118.8,51.1,-118.8
2094,-118.775,51.1,-118.775
1554,-118.75,51.1,-118.75
1567,-118.725,51.1,-118.725
812,-118.7,51.1,-118.7
525,-118.675,51.1,-118.675
879,-118.65,51.1,-118.65
1194,-118.625,51.1,-118.625
1503,-118.6,51.1,-118.6
1499,-118.575,51.1,-118.575
1748,-118.55,51.1,-118.55
1636,-118.525,51.1,-118.525
1789,-118.5,51.1,-118.5
2337,-123,51.125,-123
2241,-122.975,51.125,-122.975
1832,-122.95,51.125,-122.95
1626,-122.925,51.125,-122.925
1606,-122.9,51.125,-122.9
1747,-122.875,51.125,-122.875
1471,-122.85,51.125,-122.85
1518,-122.825,51.125,-122.825
1740,-122.8,51.125,-122.8
1694,-122.775,51.125,-122.775
1559,-122.75,51.125,-122.75
1734,-122.725,51.125,-122.725
1862,-122.7,51.125,-122.7
1814,-122.675,51.125,-122.675
1694,-122.65,51.125,-122.65
1783,-122.625,51.125,-122.625
1803,-122.6,51.125,-122.6
1734,-122.575,51.125,-122.575
1952,-122.55,51.125,-122.55
1979,-122.525,51.125,-122.525
1832,-122.5,51.125,-122.5
1932,-122.475,51.125,-122.475
1787,-122.45,51.125,-122.45
1752,-122.425,51.125,-122.425
1784,-122.4,51.125,-122.4
1912,-122.375,51.125,-122.375
1927,-122.35,51.125,-122.35
1743,-122.325,51.125,-122.325
1851,-122.3,51.125,-122.3
1681,-122.275,51.125,-122.275
1801,-122.25,51.125,-122.25
1981,-122.225,51.125,-122.225
1688,-122.2,51.125,-122.2
1525,-122.175,51.125,-122.175
1408,-122.15,51.125,-122.15
1128,-122.125,51.125,-122.125
910,-122.1,51.125,-122.1
666,-122.075,51.125,-122.075
279,-122.05,51.125,-122.05
526,-122.025,51.125,-122.025
1432,-122,51.125,-122
1464,-121.975,51.125,-121.975
1636,-121.95,51.125,-121.95
1523,-121.925,51.125,-121.925
1484,-121.9,51.125,-121.9
1654,-121.875,51.125,-121.875
2097,-121.85,51.125,-121.85
2045,-121.825,51.125,-121.825
1865,-121.8,51.125,-121.8
1884,-121.775,51.125,-121.775
1896,-121.75,51.125,-121.75
1621,-121.725,51.125,-121.725
1508,-121.7,51.125,-121.7
1465,-121.675,51.125,-121.675
1356,-121.65,51.125,-121.65
1247,-121.625,51.125,-121.625
1244,-121.6,51.125,-121.6
1168,-121.575,51.125,-121.575
963,-121.55,51.125,-121.55
928,-121.525,51.125,-121.525
875,-121.5,51.125,-121.5
735,-121.475,51.125,-121.475
793,-121.45,51.125,-121.45
997,-121.425,51.125,-121.425
1110,-121.4,51.125,-121.4
1179,-121.375,51.125,-121.375
1144,-121.35,51.125,-121.35
1173,-121.325,51.125,-121.325
1188,-121.3,51.125,-121.3
1174,-121.275,51.125,-121.275
1151,-121.25,51.125,-121.25
904,-121.225,51.125,-121.225
825,-121.2,51.125,-121.2
1007,-121.175,51.125,-121.175
1088,-121.15,51.125,-121.15
1064,-121.125,51.125,-121.125
1051,-121.1,51.125,-121.1
1100,-121.075,51.125,-121.075
1136,-121.05,51.125,-121.05
1170,-121.025,51.125,-121.025
1191,-121,51.125,-121
1190,-120.975,51.125,-120.975
1166,-120.95,51.125,-120.95
1159,-120.925,51.125,-120.925
1131,-120.9,51.125,-120.9
905,-120.875,51.125,-120.875
1113,-120.85,51.125,-120.85
1157,-120.825,51.125,-120.825
1179,-120.8,51.125,-120.8
1139,-120.775,51.125,-120.775
1197,-120.75,51.125,-120.75
1260,-120.725,51.125,-120.725
1231,-120.7,51.125,-120.7
1344,-120.675,51.125,-120.675
1299,-120.65,51.125,-120.65
1297,-120.625,51.125,-120.625
1328,-120.6,51.125,-120.6
1420,-120.575,51.125,-120.575
1496,-120.55,51.125,-120.55
1469,-120.525,51.125,-120.525
1503,-120.5,51.125,-120.5
1536,-120.475,51.125,-120.475
1526,-120.45,51.125,-120.45
1509,-120.425,51.125,-120.425
1487,-120.4,51.125,-120.4
1485,-120.375,51.125,-120.375
1479,-120.35,51.125,-120.35
1375,-120.325,51.125,-120.325
1236,-120.3,51.125,-120.3
1201,-120.275,51.125,-120.275
1146,-120.25,51.125,-120.25
941,-120.225,51.125,-120.225
769,-120.2,51.125,-120.2
738,-120.175,51.125,-120.175
827,-120.15,51.125,-120.15
370,-120.125,51.125,-120.125
500,-120.1,51.125,-120.1
604,-120.075,51.125,-120.075
924,-120.05,51.125,-120.05
1380,-120.025,51.125,-120.025
1499,-120,51.125,-120
1483,-119.975,51.125,-119.975
1313,-119.95,51.125,-119.95
995,-119.925,51.125,-119.925
583,-119.9,51.125,-119.9
625,-119.875,51.125,-119.875
965,-119.85,51.125,-119.85
1308,-119.825,51.125,-119.825
1350,-119.8,51.125,-119.8
1579,-119.775,51.125,-119.775
1419,-119.75,51.125,-119.75
960,-119.725,51.125,-119.725
689,-119.7,51.125,-119.7
404,-119.675,51.125,-119.675
602,-119.65,51.125,-119.65
633,-119.625,51.125,-119.625
711,-119.6,51.125,-119.6
1140,-119.575,51.125,-119.575
949,-119.55,51.125,-119.55
1441,-119.525,51.125,-119.525
1484,-119.5,51.125,-119.5
1186,-119.475,51.125,-119.475
965,-119.45,51.125,-119.45
1208,-119.425,51.125,-119.425
1720,-119.4,51.125,-119.4
1285,-119.375,51.125,-119.375
1752,-119.35,51.125,-119.35
1900,-119.325,51.125,-119.325
1735,-119.3,51.125,-119.3
1324,-119.275,51.125,-119.275
1238,-119.25,51.125,-119.25
1010,-119.225,51.125,-119.225
1243,-119.2,51.125,-119.2
1325,-119.175,51.125,-119.175
1805,-119.15,51.125,-119.15
1977,-119.125,51.125,-119.125
1751,-119.1,51.125,-119.1
1247,-119.075,51.125,-119.075
734,-119.05,51.125,-119.05
348,-119.025,51.125,-119.025
348,-119,51.125,-119
725,-118.975,51.125,-118.975
1328,-118.95,51.125,-118.95
841,-118.925,51.125,-118.925
348,-118.9,51.125,-118.9
743,-118.875,51.125,-118.875
1277,-118.85,51.125,-118.85
1331,-118.825,51.125,-118.825
1974,-118.8,51.125,-118.8
1680,-118.775,51.125,-118.775
1873,-118.75,51.125,-118.75
1703,-118.725,51.125,-118.725
1495,-118.7,51.125,-118.7
825,-118.675,51.125,-118.675
616,-118.65,51.125,-118.65
830,-118.625,51.125,-118.625
974,-118.6,51.125,-118.6
1043,-118.575,51.125,-118.575
949,-118.55,51.125,-118.55
1419,-118.525,51.125,-118.525
2162,-118.5,51.125,-118.5
1871,-123,51.15,-123
2071,-122.975,51.15,-122.975
2289,-122.95,51.15,-122.95
2001,-122.925,51.15,-122.925
1692,-122.9,51.15,-122.9
1715,-122.875,51.15,-122.875
1917,-122.85,51.15,-122.85
2026,-122.825,51.15,-122.825
1887,-122.8,51.15,-122.8
1882,-122.775,51.15,-122.775
1772,-122.75,51.15,-122.75
1623,-122.725,51.15,-122.725
1690,-122.7,51.15,-122.7
1750,-122.675,51.15,-122.675
1743,-122.65,51.15,-122.65
1806,-122.625,51.15,-122.625
2239,-122.6,51.15,-122.6
1877,-122.575,51.15,-122.575
1766,-122.55,51.15,-122.55
1914,-122.525,51.15,-122.525
1941,-122.5,51.15,-122.5
1956,-122.475,51.15,-122.475
2080,-122.45,51.15,-122.45
1975,-122.425,51.15,-122.425
1794,-122.4,51.15,-122.4
1733,-122.375,51.15,-122.375
1675,-122.35,51.15,-122.35
1423,-122.325,51.15,-122.325
1608,-122.3,51.15,-122.3
1485,-122.275,51.15,-122.275
1770,-122.25,51.15,-122.25
1612,-122.225,51.15,-122.225
1412,-122.2,51.15,-122.2
1492,-122.175,51.15,-122.175
1313,-122.15,51.15,-122.15
1071,-122.125,51.15,-122.125
932,-122.1,51.15,-122.1
580,-122.075,51.15,-122.075
306,-122.05,51.15,-122.05
1020,-122.025,51.15,-122.025
1451,-122,51.15,-122
1678,-121.975,51.15,-121.975
1509,-121.95,51.15,-121.95
1422,-121.925,51.15,-121.925
1596,-121.9,51.15,-121.9
1744,-121.875,51.15,-121.875
1853,-121.85,51.15,-121.85
1612,-121.825,51.15,-121.825
1617,-121.8,51.15,-121.8
1588,-121.775,51.15,-121.775
1490,-121.75,51.15,-121.75
1542,-121.725,51.15,-121.725
1567,-121.7,51.15,-121.7
1388,-121.675,51.15,-121.675
1318,-121.65,51.15,-121.65
1257,-121.625,51.15,-121.625
1226,-121.6,51.15,-121.6
1186,-121.575,51.15,-121.575
1130,-121.55,51.15,-121.55
1157,-121.525,51.15,-121.525
1043,-121.5,51.15,-121.5
887,-121.475,51.15,-121.475
781,-121.45,51.15,-121.45
736,-121.425,51.15,-121.425
1057,-121.4,51.15,-121.4
1085,-121.375,51.15,-121.375
1124,-121.35,51.15,-121.35
1129,-121.325,51.15,-121.325
1154,-121.3,51.15,-121.3
1179,-121.275,51.15,-121.275
1173,-121.25,51.15,-121.25
1190,-121.225,51.15,-121.225
1135,-121.2,51.15,-121.2
1042,-121.175,51.15,-121.175
1016,-121.15,51.15,-121.15
924,-121.125,51.15,-121.125
1072,-121.1,51.15,-121.1
1077,-121.075,51.15,-121.075
1172,-121.05,51.15,-121.05
1179,-121.025,51.15,-121.025
1176,-121,51.15,-121
1162,-120.975,51.15,-120.975
1134,-120.95,51.15,-120.95
1086,-120.925,51.15,-120.925
1081,-120.9,51.15,-120.9
939,-120.875,51.15,-120.875
1060,-120.85,51.15,-120.85
1109,-120.825,51.15,-120.825
1207,-120.8,51.15,-120.8
1232,-120.775,51.15,-120.775
1216,-120.75,51.15,-120.75
1281,-120.725,51.15,-120.725
1278,-120.7,51.15,-120.7
1231,-120.675,51.15,-120.675
1316,-120.65,51.15,-120.65
1379,-120.625,51.15,-120.625
1457,-120.6,51.15,-120.6
1464,-120.575,51.15,-120.575
1429,-120.55,51.15,-120.55
1479,-120.525,51.15,-120.525
1625,-120.5,51.15,-120.5
1469,-120.475,51.15,-120.475
1509,-120.45,51.15,-120.45
1521,-120.425,51.15,-120.425
1497,-120.4,51.15,-120.4
1462,-120.375,51.15,-120.375
1397,-120.35,51.15,-120.35
1354,-120.325,51.15,-120.325
1378,-120.3,51.15,-120.3
1258,-120.275,51.15,-120.275
1161,-120.25,51.15,-120.25
941,-120.225,51.15,-120.225
679,-120.2,51.15,-120.2
859,-120.175,51.15,-120.175
757,-120.15,51.15,-120.15
373,-120.125,51.15,-120.125
534,-120.1,51.15,-120.1
581,-120.075,51.15,-120.075
1088,-120.05,51.15,-120.05
1348,-120.025,51.15,-120.025
1403,-120,51.15,-120
1262,-119.975,51.15,-119.975
1425,-119.95,51.15,-119.95
1215,-119.925,51.15,-119.925
965,-119.9,51.15,-119.9
1034,-119.875,51.15,-119.875
949,-119.85,51.15,-119.85
1204,-119.825,51.15,-119.825
1560,-119.8,51.15,-119.8
1761,-119.775,51.15,-119.775
1615,-119.75,51.15,-119.75
1224,-119.725,51.15,-119.725
1162,-119.7,51.15,-119.7
625,-119.675,51.15,-119.675
404,-119.65,51.15,-119.65
404,-119.625,51.15,-119.625
404,-119.6,51.15,-119.6
458,-119.575,51.15,-119.575
657,-119.55,51.15,-119.55
998,-119.525,51.15,-119.525
1065,-119.5,51.15,-119.5
1528,-119.475,51.15,-119.475
1138,-119.45,51.15,-119.45
1026,-119.425,51.15,-119.425
1429,-119.4,51.15,-119.4
1741,-119.375,51.15,-119.375
1629,-119.35,51.15,-119.35
1679,-119.325,51.15,-119.325
1827,-119.3,51.15,-119.3
2036,-119.275,51.15,-119.275
1989,-119.25,51.15,-119.25
1756,-119.225,51.15,-119.225
1038,-119.2,51.15,-119.2
1078,-119.175,51.15,-119.175
1526,-119.15,51.15,-119.15
1672,-119.125,51.15,-119.125
1699,-119.1,51.15,-119.1
1372,-119.075,51.15,-119.075
736,-119.05,51.15,-119.05
380,-119.025,51.15,-119.025
348,-119,51.15,-119
415,-118.975,51.15,-118.975
1093,-118.95,51.15,-118.95
355,-118.925,51.15,-118.925
416,-118.9,51.15,-118.9
522,-118.875,51.15,-118.875
875,-118.85,51.15,-118.85
946,-118.825,51.15,-118.825
1278,-118.8,51.15,-118.8
1888,-118.775,51.15,-118.775
2029,-118.75,51.15,-118.75
1832,-118.725,51.15,-118.725
1382,-118.7,51.15,-118.7
601,-118.675,51.15,-118.675
1704,-118.65,51.15,-118.65
1787,-118.625,51.15,-118.625
928,-118.6,51.15,-118.6
1749,-118.575,51.15,-118.575
1230,-118.55,51.15,-118.55
1148,-118.525,51.15,-118.525
1351,-118.5,51.15,-118.5
1771,-123,51.175,-123
1676,-122.975,51.175,-122.975
1815,-122.95,51.175,-122.95
1600,-122.925,51.175,-122.925
1756,-122.9,51.175,-122.9
1884,-122.875,51.175,-122.875
1839,-122.85,51.175,-122.85
1786,-122.825,51.175,-122.825
1711,-122.8,51.175,-122.8
1681,-122.775,51.175,-122.775
1730,-122.75,51.175,-122.75
1788,-122.725,51.175,-122.725
1619,-122.7,51.175,-122.7
1610,-122.675,51.175,-122.675
1786,-122.65,51.175,-122.65
1832,-122.625,51.175,-122.625
2015,-122.6,51.175,-122.6
1932,-122.575,51.175,-122.575
1962,-122.55,51.175,-122.55
1906,-122.525,51.175,-122.525
1958,-122.5,51.175,-122.5
1985,-122.475,51.175,-122.475
1920,-122.45,51.175,-122.45
1871,-122.425,51.175,-122.425
1895,-122.4,51.175,-122.4
1974,-122.375,51.175,-122.375
1894,-122.35,51.175,-122.35
1731,-122.325,51.175,-122.325
1745,-122.3,51.175,-122.3
1380,-122.275,51.175,-122.275
1291,-122.25,51.175,-122.25
1563,-122.225,51.175,-122.225
1619,-122.2,51.175,-122.2
1504,-122.175,51.175,-122.175
925,-122.15,51.175,-122.15
405,-122.125,51.175,-122.125
283,-122.1,51.175,-122.1
471,-122.075,51.175,-122.075
1000,-122.05,51.175,-122.05
1438,-122.025,51.175,-122.025
1684,-122,51.175,-122
1399,-121.975,51.175,-121.975
1338,-121.95,51.175,-121.95
1549,-121.925,51.175,-121.925
1934,-121.9,51.175,-121.9
1730,-121.875,51.175,-121.875
2021,-121.85,51.175,-121.85
1820,-121.825,51.175,-121.825
1936,-121.8,51.175,-121.8
2003,-121.775,51.175,-121.775
1749,-121.75,51.175,-121.75
1457,-121.725,51.175,-121.725
1361,-121.7,51.175,-121.7
1333,-121.675,51.175,-121.675
1262,-121.65,51.175,-121.65
1209,-121.625,51.175,-121.625
1170,-121.6,51.175,-121.6
1150,-121.575,51.175,-121.575
1147,-121.55,51.175,-121.55
1127,-121.525,51.175,-121.525
1025,-121.5,51.175,-121.5
1087,-121.475,51.175,-121.475
793,-121.45,51.175,-121.45
1061,-121.425,51.175,-121.425
802,-121.4,51.175,-121.4
773,-121.375,51.175,-121.375
1035,-121.35,51.175,-121.35
1081,-121.325,51.175,-121.325
1106,-121.3,51.175,-121.3
1120,-121.275,51.175,-121.275
1130,-121.25,51.175,-121.25
1145,-121.225,51.175,-121.225
1141,-121.2,51.175,-121.2
1144,-121.175,51.175,-121.175
1155,-121.15,51.175,-121.15
1046,-121.125,51.175,-121.125
957,-121.1,51.175,-121.1
1052,-121.075,51.175,-121.075
1151,-121.05,51.175,-121.05
1038,-121.025,51.175,-121.025
1009,-121,51.175,-121
1002,-120.975,51.175,-120.975
999,-120.95,51.175,-120.95
972,-120.925,51.175,-120.925
1082,-120.9,51.175,-120.9
1130,-120.875,51.175,-120.875
1134,-120.85,51.175,-120.85
1132,-120.825,51.175,-120.825
1161,-120.8,51.175,-120.8
1214,-120.775,51.175,-120.775
1256,-120.75,51.175,-120.75
1277,-120.725,51.175,-120.725
1315,-120.7,51.175,-120.7
1372,-120.675,51.175,-120.675
1365,-120.65,51.175,-120.65
1331,-120.625,51.175,-120.625
1440,-120.6,51.175,-120.6
1418,-120.575,51.175,-120.575
1444,-120.55,51.175,-120.55
1443,-120.525,51.175,-120.525
1439,-120.5,51.175,-120.5
1538,-120.475,51.175,-120.475
1456,-120.45,51.175,-120.45
1464,-120.425,51.175,-120.425
1554,-120.4,51.175,-120.4
1575,-120.375,51.175,-120.375
1494,-120.35,51.175,-120.35
1390,-120.325,51.175,-120.325
1308,-120.3,51.175,-120.3
1319,-120.275,51.175,-120.275
1206,-120.25,51.175,-120.25
1052,-120.225,51.175,-120.225
911,-120.2,51.175,-120.2
790,-120.175,51.175,-120.175
475,-120.15,51.175,-120.15
396,-120.125,51.175,-120.125
475,-120.1,51.175,-120.1
816,-120.075,51.175,-120.075
1137,-120.05,51.175,-120.05
1128,-120.025,51.175,-120.025
1077,-120,51.175,-120
1142,-119.975,51.175,-119.975
1153,-119.95,51.175,-119.95
1101,-119.925,51.175,-119.925
1102,-119.9,51.175,-119.9
1081,-119.875,51.175,-119.875
1136,-119.85,51.175,-119.85
1166,-119.825,51.175,-119.825
1175,-119.8,51.175,-119.8
1209,-119.775,51.175,-119.775
1149,-119.75,51.175,-119.75
1295,-119.725,51.175,-119.725
1128,-119.7,51.175,-119.7
927,-119.675,51.175,-119.675
711,-119.65,51.175,-119.65
570,-119.625,51.175,-119.625
456,-119.6,51.175,-119.6
404,-119.575,51.175,-119.575
404,-119.55,51.175,-119.55
657,-119.525,51.175,-119.525
1058,-119.5,51.175,-119.5
1272,-119.475,51.175,-119.475
1681,-119.45,51.175,-119.45
1456,-119.425,51.175,-119.425
1173,-119.4,51.175,-119.4
1441,-119.375,51.175,-119.375
1355,-119.35,51.175,-119.35
1441,-119.325,51.175,-119.325
1500,-119.3,51.175,-119.3
1522,-119.275,51.175,-119.275
1524,-119.25,51.175,-119.25
1495,-119.225,51.175,-119.225
1482,-119.2,51.175,-119.2
1190,-119.175,51.175,-119.175
1223,-119.15,51.175,-119.15
1408,-119.125,51.175,-119.125
1538,-119.1,51.175,-119.1
1445,-119.075,51.175,-119.075
770,-119.05,51.175,-119.05
348,-119.025,51.175,-119.025
499,-119,51.175,-119
448,-118.975,51.175,-118.975
648,-118.95,51.175,-118.95
355,-118.925,51.175,-118.925
851,-118.9,51.175,-118.9
1210,-118.875,51.175,-118.875
796,-118.85,51.175,-118.85
865,-118.825,51.175,-118.825
1039,-118.8,51.175,-118.8
1189,-118.775,51.175,-118.775
1318,-118.75,51.175,-118.75
1875,-118.725,51.175,-118.725
1409,-118.7,51.175,-118.7
641,-118.675,51.175,-118.675
1536,-118.65,51.175,-118.65
1882,-118.625,51.175,-118.625
1226,-118.6,51.175,-118.6
1812,-118.575,51.175,-118.575
2088,-118.55,51.175,-118.55
2354,-118.525,51.175,-118.525
1906,-118.5,51.175,-118.5
1906,-118.5,51.175,-118.5
2342,-123,51.2,-123
2101,-122.975,51.2,-122.975
1977,-122.95,51.2,-122.95
2005,-122.925,51.2,-122.925
1731,-122.9,51.2,-122.9
1758,-122.875,51.2,-122.875
1798,-122.85,51.2,-122.85
1845,-122.825,51.2,-122.825
1918,-122.8,51.2,-122.8
1946,-122.775,51.2,-122.775
1711,-122.75,51.2,-122.75
1544,-122.725,51.2,-122.725
1563,-122.7,51.2,-122.7
1594,-122.675,51.2,-122.675
1653,-122.65,51.2,-122.65
1691,-122.625,51.2,-122.625
1741,-122.6,51.2,-122.6
1907,-122.575,51.2,-122.575
2275,-122.55,51.2,-122.55
2025,-122.525,51.2,-122.525
2077,-122.5,51.2,-122.5
2008,-122.475,51.2,-122.475
1885,-122.45,51.2,-122.45
1870,-122.425,51.2,-122.425
1816,-122.4,51.2,-122.4
1860,-122.375,51.2,-122.375
1816,-122.35,51.2,-122.35
1836,-122.325,51.2,-122.325
1654,-122.3,51.2,-122.3
1617,-122.275,51.2,-122.275
1516,-122.25,51.2,-122.25
1045,-122.225,51.2,-122.225
1499,-122.2,51.2,-122.2
919,-122.175,51.2,-122.175
296,-122.15,51.2,-122.15
686,-122.125,51.2,-122.125
575,-122.1,51.2,-122.1
1366,-122.075,51.2,-122.075
1333,-122.05,51.2,-122.05
1216,-122.025,51.2,-122.025
1168,-122,51.2,-122
1304,-121.975,51.2,-121.975
1349,-121.95,51.2,-121.95
1620,-121.925,51.2,-121.925
1732,-121.9,51.2,-121.9
1653,-121.875,51.2,-121.875
1710,-121.85,51.2,-121.85
1910,-121.825,51.2,-121.825
1683,-121.8,51.2,-121.8
1504,-121.775,51.2,-121.775
1427,-121.75,51.2,-121.75
1371,-121.725,51.2,-121.725
1289,-121.7,51.2,-121.7
1231,-121.675,51.2,-121.675
1198,-121.65,51.2,-121.65
1182,-121.625,51.2,-121.625
1143,-121.6,51.2,-121.6
1133,-121.575,51.2,-121.575
1113,-121.55,51.2,-121.55
1127,-121.525,51.2,-121.525
1084,-121.5,51.2,-121.5
935,-121.475,51.2,-121.475
1089,-121.45,51.2,-121.45
1096,-121.425,51.2,-121.425
1090,-121.4,51.2,-121.4
1034,-121.375,51.2,-121.375
990,-121.35,51.2,-121.35
862,-121.325,51.2,-121.325
768,-121.3,51.2,-121.3
824,-121.275,51.2,-121.275
942,-121.25,51.2,-121.25
1078,-121.225,51.2,-121.225
1124,-121.2,51.2,-121.2
1162,-121.175,51.2,-121.175
1171,-121.15,51.2,-121.15
1089,-121.125,51.2,-121.125
1152,-121.1,51.2,-121.1
1146,-121.075,51.2,-121.075
1124,-121.05,51.2,-121.05
1141,-121.025,51.2,-121.025
1164,-121,51.2,-121
1185,-120.975,51.2,-120.975
1192,-120.95,51.2,-120.95
1105,-120.925,51.2,-120.925
1169,-120.9,51.2,-120.9
1201,-120.875,51.2,-120.875
1223,-120.85,51.2,-120.85
1236,-120.825,51.2,-120.825
1206,-120.8,51.2,-120.8
1219,-120.775,51.2,-120.775
1254,-120.75,51.2,-120.75
1288,-120.725,51.2,-120.725
1371,-120.7,51.2,-120.7
1387,-120.675,51.2,-120.675
1421,-120.65,51.2,-120.65
1492,-120.625,51.2,-120.625
1471,-120.6,51.2,-120.6
1496,-120.575,51.2,-120.575
1441,-120.55,51.2,-120.55
1514,-120.525,51.2,-120.525
1480,-120.5,51.2,-120.5
1434,-120.475,51.2,-120.475
1412,-120.45,51.2,-120.45
1416,-120.425,51.2,-120.425
1350,-120.4,51.2,-120.4
1379,-120.375,51.2,-120.375
1340,-120.35,51.2,-120.35
1320,-120.325,51.2,-120.325
1326,-120.3,51.2,-120.3
1193,-120.275,51.2,-120.275
1189,-120.25,51.2,-120.25
1049,-120.225,51.2,-120.225
765,-120.2,51.2,-120.2
624,-120.175,51.2,-120.175
383,-120.15,51.2,-120.15
509,-120.125,51.2,-120.125
415,-120.1,51.2,-120.1
710,-120.075,51.2,-120.075
941,-120.05,51.2,-120.05
1141,-120.025,51.2,-120.025
1275,-120,51.2,-120
1262,-119.975,51.2,-119.975
1240,-119.95,51.2,-119.95
1211,-119.925,51.2,-119.925
1037,-119.9,51.2,-119.9
1029,-119.875,51.2,-119.875
1148,-119.85,51.2,-119.85
1006,-119.825,51.2,-119.825
1021,-119.8,51.2,-119.8
1024,-119.775,51.2,-119.775
1136,-119.75,51.2,-119.75
1218,-119.725,51.2,-119.725
1332,-119.7,51.2,-119.7
1416,-119.675,51.2,-119.675
1231,-119.65,51.2,-119.65
993,-119.625,51.2,-119.625
786,-119.6,51.2,-119.6
575,-119.575,51.2,-119.575
404,-119.55,51.2,-119.55
539,-119.525,51.2,-119.525
776,-119.5,51.2,-119.5
1374,-119.475,51.2,-119.475
1662,-119.45,51.2,-119.45
1376,-119.425,51.2,-119.425
1376,-119.4,51.2,-119.4
1446,-119.375,51.2,-119.375
1684,-119.35,51.2,-119.35
2075,-119.325,51.2,-119.325
1849,-119.3,51.2,-119.3
1768,-119.275,51.2,-119.275
2173,-119.25,51.2,-119.25
2145,-119.225,51.2,-119.225
1908,-119.2,51.2,-119.2
1586,-119.175,51.2,-119.175
1502,-119.15,51.2,-119.15
1400,-119.125,51.2,-119.125
1297,-119.1,51.2,-119.1
997,-119.075,51.2,-119.075
944,-119.05,51.2,-119.05
494,-119.025,51.2,-119.025
354,-119,51.2,-119
431,-118.975,51.2,-118.975
506,-118.95,51.2,-118.95
396,-118.925,51.2,-118.925
830,-118.9,51.2,-118.9
1699,-118.875,51.2,-118.875
1337,-118.85,51.2,-118.85
804,-118.825,51.2,-118.825
1510,-118.8,51.2,-118.8
1754,-118.775,51.2,-118.775
1834,-118.75,51.2,-118.75
1856,-118.725,51.2,-118.725
1235,-118.7,51.2,-118.7
655,-118.675,51.2,-118.675
1615,-118.65,51.2,-118.65
2053,-118.625,51.2,-118.625
2029,-118.6,51.2,-118.6
2120,-118.575,51.2,-118.575
1954,-118.55,51.2,-118.55
1611,-118.525,51.2,-118.525
1775,-118.5,51.2,-118.5
2194,-123,51.225,-123
2141,-122.975,51.225,-122.975
1884,-122.95,51.225,-122.95
1920,-122.925,51.225,-122.925
1862,-122.9,51.225,-122.9
1635,-122.875,51.225,-122.875
1712,-122.85,51.225,-122.85
1619,-122.825,51.225,-122.825
1653,-122.8,51.225,-122.8
1642,-122.775,51.225,-122.775
1615,-122.75,51.225,-122.75
1558,-122.725,51.225,-122.725
1516,-122.7,51.225,-122.7
1576,-122.675,51.225,-122.675
1605,-122.65,51.225,-122.65
1586,-122.625,51.225,-122.625
1768,-122.6,51.225,-122.6
1901,-122.575,51.225,-122.575
1867,-122.55,51.225,-122.55
2076,-122.525,51.225,-122.525
1757,-122.5,51.225,-122.5
1659,-122.475,51.225,-122.475
1579,-122.45,51.225,-122.45
1657,-122.425,51.225,-122.425
1664,-122.4,51.225,-122.4
1585,-122.375,51.225,-122.375
1572,-122.35,51.225,-122.35
1580,-122.325,51.225,-122.325
1552,-122.3,51.225,-122.3
1512,-122.275,51.225,-122.275
1379,-122.25,51.225,-122.25
900,-122.225,51.225,-122.225
671,-122.2,51.225,-122.2
514,-122.175,51.225,-122.175
417,-122.15,51.225,-122.15
1030,-122.125,51.225,-122.125
1155,-122.1,51.225,-122.1
784,-122.075,51.225,-122.075
1048,-122.05,51.225,-122.05
1125,-122.025,51.225,-122.025
1186,-122,51.225,-122
1176,-121.975,51.225,-121.975
1277,-121.95,51.225,-121.95
1488,-121.925,51.225,-121.925
1594,-121.9,51.225,-121.9
1800,-121.875,51.225,-121.875
1716,-121.85,51.225,-121.85
1667,-121.825,51.225,-121.825
1535,-121.8,51.225,-121.8
1409,-121.775,51.225,-121.775
1309,-121.75,51.225,-121.75
1261,-121.725,51.225,-121.725
1208,-121.7,51.225,-121.7
1189,-121.675,51.225,-121.675
1170,-121.65,51.225,-121.65
1129,-121.625,51.225,-121.625
1121,-121.6,51.225,-121.6
1108,-121.575,51.225,-121.575
1105,-121.55,51.225,-121.55
1098,-121.525,51.225,-121.525
1106,-121.5,51.225,-121.5
1087,-121.475,51.225,-121.475
1101,-121.45,51.225,-121.45
1095,-121.425,51.225,-121.425
1098,-121.4,51.225,-121.4
1086,-121.375,51.225,-121.375
1083,-121.35,51.225,-121.35
1081,-121.325,51.225,-121.325
1053,-121.3,51.225,-121.3
1035,-121.275,51.225,-121.275
1023,-121.25,51.225,-121.25
907,-121.225,51.225,-121.225
1022,-121.2,51.225,-121.2
1072,-121.175,51.225,-121.175
1059,-121.15,51.225,-121.15
1125,-121.125,51.225,-121.125
1250,-121.1,51.225,-121.1
1213,-121.075,51.225,-121.075
1199,-121.05,51.225,-121.05
1194,-121.025,51.225,-121.025
1193,-121,51.225,-121
1170,-120.975,51.225,-120.975
1160,-120.95,51.225,-120.95
1109,-120.925,51.225,-120.925
1248,-120.9,51.225,-120.9
1240,-120.875,51.225,-120.875
1254,-120.85,51.225,-120.85
1247,-120.825,51.225,-120.825
1262,-120.8,51.225,-120.8
1289,-120.775,51.225,-120.775
1252,-120.75,51.225,-120.75
1325,-120.725,51.225,-120.725
1331,-120.7,51.225,-120.7
1400,-120.675,51.225,-120.675
1469,-120.65,51.225,-120.65
1435,-120.625,51.225,-120.625
1510,-120.6,51.225,-120.6
1444,-120.575,51.225,-120.575
1374,-120.55,51.225,-120.55
1380,-120.525,51.225,-120.525
1347,-120.5,51.225,-120.5
1382,-120.475,51.225,-120.475
1428,-120.45,51.225,-120.45
1317,-120.425,51.225,-120.425
1253,-120.4,51.225,-120.4
1282,-120.375,51.225,-120.375
1256,-120.35,51.225,-120.35
1294,-120.325,51.225,-120.325
1281,-120.3,51.225,-120.3
1242,-120.275,51.225,-120.275
1167,-120.25,51.225,-120.25
860,-120.225,51.225,-120.225
835,-120.2,51.225,-120.2
487,-120.175,51.225,-120.175
379,-120.15,51.225,-120.15
546,-120.125,51.225,-120.125
757,-120.1,51.225,-120.1
1028,-120.075,51.225,-120.075
701,-120.05,51.225,-120.05
587,-120.025,51.225,-120.025
796,-120,51.225,-120
750,-119.975,51.225,-119.975
847,-119.95,51.225,-119.95
901,-119.925,51.225,-119.925
807,-119.9,51.225,-119.9
834,-119.875,51.225,-119.875
976,-119.85,51.225,-119.85
1084,-119.825,51.225,-119.825
1349,-119.8,51.225,-119.8
1567,-119.775,51.225,-119.775
1686,-119.75,51.225,-119.75
1791,-119.725,51.225,-119.725
1780,-119.7,51.225,-119.7
1754,-119.675,51.225,-119.675
1585,-119.65,51.225,-119.65
1371,-119.625,51.225,-119.625
1194,-119.6,51.225,-119.6
901,-119.575,51.225,-119.575
404,-119.55,51.225,-119.55
404,-119.525,51.225,-119.525
638,-119.5,51.225,-119.5
1072,-119.475,51.225,-119.475
1363,-119.45,51.225,-119.45
1422,-119.425,51.225,-119.425
1567,-119.4,51.225,-119.4
1652,-119.375,51.225,-119.375
2096,-119.35,51.225,-119.35
1967,-119.325,51.225,-119.325
2160,-119.3,51.225,-119.3
1944,-119.275,51.225,-119.275
1906,-119.25,51.225,-119.25
1780,-119.225,51.225,-119.225
1850,-119.2,51.225,-119.2
1737,-119.175,51.225,-119.175
1654,-119.15,51.225,-119.15
1610,-119.125,51.225,-119.125
1765,-119.1,51.225,-119.1
1633,-119.075,51.225,-119.075
1200,-119.05,51.225,-119.05
603,-119.025,51.225,-119.025
527,-119,51.225,-119
348,-118.975,51.225,-118.975
348,-118.95,51.225,-118.95
388,-118.925,51.225,-118.925
621,-118.9,51.225,-118.9
1554,-118.875,51.225,-118.875
1632,-118.85,51.225,-118.85
906,-118.825,51.225,-118.825
1292,-118.8,51.225,-118.8
1954,-118.775,51.225,-118.775
2114,-118.75,51.225,-118.75
2150,-118.725,51.225,-118.725
1612,-118.7,51.225,-118.7
719,-118.675,51.225,-118.675
1792,-118.65,51.225,-118.65
1752,-118.625,51.225,-118.625
1683,-118.6,51.225,-118.6
2245,-118.575,51.225,-118.575
2404,-118.55,51.225,-118.55
2523,-118.525,51.225,-118.525
2275,-118.5,51.225,-118.5
1861,-123,51.25,-123
1824,-122.975,51.25,-122.975
1704,-122.95,51.25,-122.95
1676,-122.925,51.25,-122.925
1740,-122.9,51.25,-122.9
1862,-122.875,51.25,-122.875
1942,-122.85,51.25,-122.85
1729,-122.825,51.25,-122.825
1665,-122.8,51.25,-122.8
1679,-122.775,51.25,-122.775
1619,-122.75,51.25,-122.75
1486,-122.725,51.25,-122.725
1555,-122.7,51.25,-122.7
1529,-122.675,51.25,-122.675
1557,-122.65,51.25,-122.65
1475,-122.625,51.25,-122.625
1513,-122.6,51.25,-122.6
1545,-122.575,51.25,-122.575
1733,-122.55,51.25,-122.55
1733,-122.525,51.25,-122.525
1772,-122.5,51.25,-122.5
1742,-122.475,51.25,-122.475
1480,-122.45,51.25,-122.45
1671,-122.425,51.25,-122.425
1964,-122.4,51.25,-122.4
1844,-122.375,51.25,-122.375
1817,-122.35,51.25,-122.35
1645,-122.325,51.25,-122.325
1604,-122.3,51.25,-122.3
1518,-122.275,51.25,-122.275
1447,-122.25,51.25,-122.25
1301,-122.225,51.25,-122.225
594,-122.2,51.25,-122.2
339,-122.175,51.25,-122.175
626,-122.15,51.25,-122.15
959,-122.125,51.25,-122.125
1108,-122.1,51.25,-122.1
1112,-122.075,51.25,-122.075
1091,-122.05,51.25,-122.05
864,-122.025,51.25,-122.025
1129,-122,51.25,-122
1138,-121.975,51.25,-121.975
1196,-121.95,51.25,-121.95
1375,-121.925,51.25,-121.925
1506,-121.9,51.25,-121.9
1793,-121.875,51.25,-121.875
1803,-121.85,51.25,-121.85
1549,-121.825,51.25,-121.825
1355,-121.8,51.25,-121.8
1262,-121.775,51.25,-121.775
1218,-121.75,51.25,-121.75
1187,-121.725,51.25,-121.725
1153,-121.7,51.25,-121.7
1148,-121.675,51.25,-121.675
1130,-121.65,51.25,-121.65
1122,-121.625,51.25,-121.625
1112,-121.6,51.25,-121.6
1136,-121.575,51.25,-121.575
1104,-121.55,51.25,-121.55
1112,-121.525,51.25,-121.525
1106,-121.5,51.25,-121.5
1102,-121.475,51.25,-121.475
1097,-121.45,51.25,-121.45
1112,-121.425,51.25,-121.425
1113,-121.4,51.25,-121.4
1099,-121.375,51.25,-121.375
1102,-121.35,51.25,-121.35
1096,-121.325,51.25,-121.325
1086,-121.3,51.25,-121.3
1068,-121.275,51.25,-121.275
1090,-121.25,51.25,-121.25
1025,-121.225,51.25,-121.225
1034,-121.2,51.25,-121.2
1036,-121.175,51.25,-121.175
962,-121.15,51.25,-121.15
958,-121.125,51.25,-121.125
942,-121.1,51.25,-121.1
953,-121.075,51.25,-121.075
1001,-121.05,51.25,-121.05
1035,-121.025,51.25,-121.025
1029,-121,51.25,-121
1126,-120.975,51.25,-120.975
1135,-120.95,51.25,-120.95
965,-120.925,51.25,-120.925
1227,-120.9,51.25,-120.9
1271,-120.875,51.25,-120.875
1266,-120.85,51.25,-120.85
1248,-120.825,51.25,-120.825
1231,-120.8,51.25,-120.8
1261,-120.775,51.25,-120.775
1288,-120.75,51.25,-120.75
1308,-120.725,51.25,-120.725
1275,-120.7,51.25,-120.7
1356,-120.675,51.25,-120.675
1229,-120.65,51.25,-120.65
1198,-120.625,51.25,-120.625
1175,-120.6,51.25,-120.6
1176,-120.575,51.25,-120.575
1175,-120.55,51.25,-120.55
1230,-120.525,51.25,-120.525
1217,-120.5,51.25,-120.5
1206,-120.475,51.25,-120.475
1259,-120.45,51.25,-120.45
1227,-120.425,51.25,-120.425
1327,-120.4,51.25,-120.4
1457,-120.375,51.25,-120.375
1356,-120.35,51.25,-120.35
1355,-120.325,51.25,-120.325
1311,-120.3,51.25,-120.3
1284,-120.275,51.25,-120.275
1196,-120.25,51.25,-120.25
938,-120.225,51.25,-120.225
706,-120.2,51.25,-120.2
410,-120.175,51.25,-120.175
381,-120.15,51.25,-120.15
889,-120.125,51.25,-120.125
983,-120.1,51.25,-120.1
1102,-120.075,51.25,-120.075
1129,-120.05,51.25,-120.05
980,-120.025,51.25,-120.025
809,-120,51.25,-120
989,-119.975,51.25,-119.975
594,-119.95,51.25,-119.95
575,-119.925,51.25,-119.925
612,-119.9,51.25,-119.9
681,-119.875,51.25,-119.875
636,-119.85,51.25,-119.85
626,-119.825,51.25,-119.825
994,-119.8,51.25,-119.8
1424,-119.775,51.25,-119.775
1676,-119.75,51.25,-119.75
1616,-119.725,51.25,-119.725
1526,-119.7,51.25,-119.7
1595,-119.675,51.25,-119.675
1557,-119.65,51.25,-119.65
1618,-119.625,51.25,-119.625
1437,-119.6,51.25,-119.6
1250,-119.575,51.25,-119.575
984,-119.55,51.25,-119.55
444,-119.525,51.25,-119.525
404,-119.5,51.25,-119.5
404,-119.475,51.25,-119.475
783,-119.45,51.25,-119.45
1270,-119.425,51.25,-119.425
1743,-119.4,51.25,-119.4
1921,-119.375,51.25,-119.375
1939,-119.35,51.25,-119.35
2107,-119.325,51.25,-119.325
1992,-119.3,51.25,-119.3
1946,-119.275,51.25,-119.275
1338,-119.25,51.25,-119.25
1496,-119.225,51.25,-119.225
1727,-119.2,51.25,-119.2
1618,-119.175,51.25,-119.175
1447,-119.15,51.25,-119.15
1584,-119.125,51.25,-119.125
1553,-119.1,51.25,-119.1
1546,-119.075,51.25,-119.075
1416,-119.05,51.25,-119.05
698,-119.025,51.25,-119.025
649,-119,51.25,-119
541,-118.975,51.25,-118.975
358,-118.95,51.25,-118.95
377,-118.925,51.25,-118.925
505,-118.9,51.25,-118.9
1415,-118.875,51.25,-118.875
1568,-118.85,51.25,-118.85
1082,-118.825,51.25,-118.825
1095,-118.8,51.25,-118.8
967,-118.775,51.25,-118.775
1114,-118.75,51.25,-118.75
1549,-118.725,51.25,-118.725
1891,-118.7,51.25,-118.7
1000,-118.675,51.25,-118.675
1423,-118.65,51.25,-118.65
1315,-118.625,51.25,-118.625
1842,-118.6,51.25,-118.6
2424,-118.575,51.25,-118.575
2172,-118.55,51.25,-118.55
2279,-118.525,51.25,-118.525
2128,-118.5,51.25,-118.5
1872,-123,51.275,-123
1912,-122.975,51.275,-122.975
1804,-122.95,51.275,-122.95
1866,-122.925,51.275,-122.925
2132,-122.9,51.275,-122.9
2025,-122.875,51.275,-122.875
1836,-122.85,51.275,-122.85
1723,-122.825,51.275,-122.825
1644,-122.8,51.275,-122.8
1668,-122.775,51.275,-122.775
1607,-122.75,51.275,-122.75
1562,-122.725,51.275,-122.725
1528,-122.7,51.275,-122.7
1352,-122.675,51.275,-122.675
1592,-122.65,51.275,-122.65
1684,-122.625,51.275,-122.625
1676,-122.6,51.275,-122.6
1730,-122.575,51.275,-122.575
1938,-122.55,51.275,-122.55
1736,-122.525,51.275,-122.525
1689,-122.5,51.275,-122.5
1575,-122.475,51.275,-122.475
1618,-122.45,51.275,-122.45
1346,-122.425,51.275,-122.425
1651,-122.4,51.275,-122.4
1739,-122.375,51.275,-122.375
1721,-122.35,51.275,-122.35
1744,-122.325,51.275,-122.325
1701,-122.3,51.275,-122.3
1447,-122.275,51.275,-122.275
1100,-122.25,51.275,-122.25
808,-122.225,51.275,-122.225
515,-122.2,51.275,-122.2
458,-122.175,51.275,-122.175
900,-122.15,51.275,-122.15
1132,-122.125,51.275,-122.125
1216,-122.1,51.275,-122.1
1299,-122.075,51.275,-122.075
1262,-122.05,51.275,-122.05
1265,-122.025,51.275,-122.025
1215,-122,51.275,-122
1068,-121.975,51.275,-121.975
1186,-121.95,51.275,-121.95
1575,-121.925,51.275,-121.925
1678,-121.9,51.275,-121.9
1682,-121.875,51.275,-121.875
1533,-121.85,51.275,-121.85
1290,-121.825,51.275,-121.825
1226,-121.8,51.275,-121.8
1174,-121.775,51.275,-121.775
1156,-121.75,51.275,-121.75
1126,-121.725,51.275,-121.725
1116,-121.7,51.275,-121.7
1116,-121.675,51.275,-121.675
1135,-121.65,51.275,-121.65
1113,-121.625,51.275,-121.625
1122,-121.6,51.275,-121.6
1114,-121.575,51.275,-121.575
1119,-121.55,51.275,-121.55
1102,-121.525,51.275,-121.525
1137,-121.5,51.275,-121.5
1139,-121.475,51.275,-121.475
1114,-121.45,51.275,-121.45
1110,-121.425,51.275,-121.425
1106,-121.4,51.275,-121.4
1104,-121.375,51.275,-121.375
1092,-121.35,51.275,-121.35
1107,-121.325,51.275,-121.325
1100,-121.3,51.275,-121.3
1090,-121.275,51.275,-121.275
1079,-121.25,51.275,-121.25
1073,-121.225,51.275,-121.225
1078,-121.2,51.275,-121.2
1107,-121.175,51.275,-121.175
1087,-121.15,51.275,-121.15
1047,-121.125,51.275,-121.125
1032,-121.1,51.275,-121.1
993,-121.075,51.275,-121.075
1016,-121.05,51.275,-121.05
1085,-121.025,51.275,-121.025
1134,-121,51.275,-121
1087,-120.975,51.275,-120.975
1116,-120.95,51.275,-120.95
1053,-120.925,51.275,-120.925
1004,-120.9,51.275,-120.9
1029,-120.875,51.275,-120.875
1093,-120.85,51.275,-120.85
1213,-120.825,51.275,-120.825
1251,-120.8,51.275,-120.8
1263,-120.775,51.275,-120.775
1361,-120.75,51.275,-120.75
1304,-120.725,51.275,-120.725
1295,-120.7,51.275,-120.7
1187,-120.675,51.275,-120.675
1238,-120.65,51.275,-120.65
1298,-120.625,51.275,-120.625
1265,-120.6,51.275,-120.6
1233,-120.575,51.275,-120.575
1247,-120.55,51.275,-120.55
1248,-120.525,51.275,-120.525
1212,-120.5,51.275,-120.5
1338,-120.475,51.275,-120.475
1338,-120.45,51.275,-120.45
1323,-120.425,51.275,-120.425
1257,-120.4,51.275,-120.4
1356,-120.375,51.275,-120.375
1296,-120.35,51.275,-120.35
1307,-120.325,51.275,-120.325
1259,-120.3,51.275,-120.3
1276,-120.275,51.275,-120.275
1173,-120.25,51.275,-120.25
940,-120.225,51.275,-120.225
616,-120.2,51.275,-120.2
394,-120.175,51.275,-120.175
435,-120.15,51.275,-120.15
1107,-120.125,51.275,-120.125
1136,-120.1,51.275,-120.1
1257,-120.075,51.275,-120.075
1373,-120.05,51.275,-120.05
1390,-120.025,51.275,-120.025
1288,-120,51.275,-120
1098,-119.975,51.275,-119.975
769,-119.95,51.275,-119.95
779,-119.925,51.275,-119.925
1251,-119.9,51.275,-119.9
1073,-119.875,51.275,-119.875
1074,-119.85,51.275,-119.85
951,-119.825,51.275,-119.825
626,-119.8,51.275,-119.8
745,-119.775,51.275,-119.775
1003,-119.75,51.275,-119.75
1219,-119.725,51.275,-119.725
1462,-119.7,51.275,-119.7
1683,-119.675,51.275,-119.675
1602,-119.65,51.275,-119.65
1543,-119.625,51.275,-119.625
1430,-119.6,51.275,-119.6
1307,-119.575,51.275,-119.575
1129,-119.55,51.275,-119.55
882,-119.525,51.275,-119.525
404,-119.5,51.275,-119.5
404,-119.475,51.275,-119.475
755,-119.45,51.275,-119.45
1164,-119.425,51.275,-119.425
1507,-119.4,51.275,-119.4
1758,-119.375,51.275,-119.375
1882,-119.35,51.275,-119.35
1703,-119.325,51.275,-119.325
1894,-119.3,51.275,-119.3
1687,-119.275,51.275,-119.275
1498,-119.25,51.275,-119.25
1204,-119.225,51.275,-119.225
1176,-119.2,51.275,-119.2
1053,-119.175,51.275,-119.175
981,-119.15,51.275,-119.15
887,-119.125,51.275,-119.125
1042,-119.1,51.275,-119.1
1122,-119.075,51.275,-119.075
1136,-119.05,51.275,-119.05
789,-119.025,51.275,-119.025
647,-119,51.275,-119
706,-118.975,51.275,-118.975
380,-118.95,51.275,-118.95
478,-118.925,51.275,-118.925
406,-118.9,51.275,-118.9
1110,-118.875,51.275,-118.875
1237,-118.85,51.275,-118.85
1641,-118.825,51.275,-118.825
1227,-118.8,51.275,-118.8
1587,-118.775,51.275,-118.775
2088,-118.75,51.275,-118.75
2288,-118.725,51.275,-118.725
1847,-118.7,51.275,-118.7
1079,-118.675,51.275,-118.675
2173,-118.65,51.275,-118.65
1665,-118.625,51.275,-118.625
1640,-118.6,51.275,-118.6
1987,-118.575,51.275,-118.575
2461,-118.55,51.275,-118.55
2464,-118.525,51.275,-118.525
2317,-118.5,51.275,-118.5
1982,-123,51.3,-123
1957,-122.975,51.3,-122.975
2156,-122.95,51.3,-122.95
2166,-122.925,51.3,-122.925
2021,-122.9,51.3,-122.9
1794,-122.875,51.3,-122.875
1716,-122.85,51.3,-122.85
1617,-122.825,51.3,-122.825
1618,-122.8,51.3,-122.8
1557,-122.775,51.3,-122.775
1544,-122.75,51.3,-122.75
1525,-122.725,51.3,-122.725
1568,-122.7,51.3,-122.7
1264,-122.675,51.3,-122.675
1553,-122.65,51.3,-122.65
1637,-122.625,51.3,-122.625
1688,-122.6,51.3,-122.6
1812,-122.575,51.3,-122.575
1763,-122.55,51.3,-122.55
1938,-122.525,51.3,-122.525
2107,-122.5,51.3,-122.5
1890,-122.475,51.3,-122.475
1601,-122.45,51.3,-122.45
1493,-122.425,51.3,-122.425
1374,-122.4,51.3,-122.4
1156,-122.375,51.3,-122.375
1335,-122.35,51.3,-122.35
1504,-122.325,51.3,-122.325
1191,-122.3,51.3,-122.3
912,-122.275,51.3,-122.275
756,-122.25,51.3,-122.25
464,-122.225,51.3,-122.225
521,-122.2,51.3,-122.2
921,-122.175,51.3,-122.175
1073,-122.15,51.3,-122.15
1304,-122.125,51.3,-122.125
1464,-122.1,51.3,-122.1
1525,-122.075,51.3,-122.075
1513,-122.05,51.3,-122.05
1213,-122.025,51.3,-122.025
1192,-122,51.3,-122
1068,-121.975,51.3,-121.975
1184,-121.95,51.3,-121.95
1527,-121.925,51.3,-121.925
1751,-121.9,51.3,-121.9
1748,-121.875,51.3,-121.875
1214,-121.85,51.3,-121.85
1174,-121.825,51.3,-121.825
1134,-121.8,51.3,-121.8
1098,-121.775,51.3,-121.775
1129,-121.75,51.3,-121.75
1131,-121.725,51.3,-121.725
1124,-121.7,51.3,-121.7
1122,-121.675,51.3,-121.675
1119,-121.65,51.3,-121.65
1113,-121.625,51.3,-121.625
1116,-121.6,51.3,-121.6
1121,-121.575,51.3,-121.575
1141,-121.55,51.3,-121.55
1130,-121.525,51.3,-121.525
1116,-121.5,51.3,-121.5
1092,-121.475,51.3,-121.475
1088,-121.45,51.3,-121.45
1093,-121.425,51.3,-121.425
1083,-121.4,51.3,-121.4
1079,-121.375,51.3,-121.375
1099,-121.35,51.3,-121.35
1100,-121.325,51.3,-121.325
1101,-121.3,51.3,-121.3
1075,-121.275,51.3,-121.275
1062,-121.25,51.3,-121.25
1057,-121.225,51.3,-121.225
1103,-121.2,51.3,-121.2
1111,-121.175,51.3,-121.175
1141,-121.15,51.3,-121.15
1102,-121.125,51.3,-121.125
972,-121.1,51.3,-121.1
1031,-121.075,51.3,-121.075
1068,-121.05,51.3,-121.05
1092,-121.025,51.3,-121.025
1116,-121,51.3,-121
1128,-120.975,51.3,-120.975
1130,-120.95,51.3,-120.95
1172,-120.925,51.3,-120.925
1086,-120.9,51.3,-120.9
1045,-120.875,51.3,-120.875
1020,-120.85,51.3,-120.85
1073,-120.825,51.3,-120.825
1195,-120.8,51.3,-120.8
1361,-120.775,51.3,-120.775
1330,-120.75,51.3,-120.75
1276,-120.725,51.3,-120.725
1183,-120.7,51.3,-120.7
1337,-120.675,51.3,-120.675
1486,-120.65,51.3,-120.65
1480,-120.625,51.3,-120.625
1400,-120.6,51.3,-120.6
1348,-120.575,51.3,-120.575
1397,-120.55,51.3,-120.55
1455,-120.525,51.3,-120.525
1592,-120.5,51.3,-120.5
1705,-120.475,51.3,-120.475
1586,-120.45,51.3,-120.45
1670,-120.425,51.3,-120.425
1396,-120.4,51.3,-120.4
1453,-120.375,51.3,-120.375
1414,-120.35,51.3,-120.35
1327,-120.325,51.3,-120.325
1291,-120.3,51.3,-120.3
1224,-120.275,51.3,-120.275
1048,-120.25,51.3,-120.25
834,-120.225,51.3,-120.225
750,-120.2,51.3,-120.2
383,-120.175,51.3,-120.175
410,-120.15,51.3,-120.15
1179,-120.125,51.3,-120.125
1247,-120.1,51.3,-120.1
1565,-120.075,51.3,-120.075
1735,-120.05,51.3,-120.05
1744,-120.025,51.3,-120.025
1654,-120,51.3,-120
1382,-119.975,51.3,-119.975
1056,-119.95,51.3,-119.95
667,-119.925,51.3,-119.925
1141,-119.9,51.3,-119.9
1217,-119.875,51.3,-119.875
1255,-119.85,51.3,-119.85
1184,-119.825,51.3,-119.825
922,-119.8,51.3,-119.8
745,-119.775,51.3,-119.775
626,-119.75,51.3,-119.75
1005,-119.725,51.3,-119.725
1079,-119.7,51.3,-119.7
890,-119.675,51.3,-119.675
965,-119.65,51.3,-119.65
1007,-119.625,51.3,-119.625
1000,-119.6,51.3,-119.6
1125,-119.575,51.3,-119.575
766,-119.55,51.3,-119.55
951,-119.525,51.3,-119.525
696,-119.5,51.3,-119.5
404,-119.475,51.3,-119.475
404,-119.45,51.3,-119.45
668,-119.425,51.3,-119.425
1022,-119.4,51.3,-119.4
1220,-119.375,51.3,-119.375
1384,-119.35,51.3,-119.35
1329,-119.325,51.3,-119.325
1065,-119.3,51.3,-119.3
819,-119.275,51.3,-119.275
571,-119.25,51.3,-119.25
697,-119.225,51.3,-119.225
676,-119.2,51.3,-119.2
579,-119.175,51.3,-119.175
796,-119.15,51.3,-119.15
914,-119.125,51.3,-119.125
933,-119.1,51.3,-119.1
587,-119.075,51.3,-119.075
580,-119.05,51.3,-119.05
587,-119.025,51.3,-119.025
889,-119,51.3,-119
1028,-118.975,51.3,-118.975
559,-118.95,51.3,-118.95
614,-118.925,51.3,-118.925
469,-118.9,51.3,-118.9
664,-118.875,51.3,-118.875
1507,-118.85,51.3,-118.85
1390,-118.825,51.3,-118.825
1830,-118.8,51.3,-118.8
1997,-118.775,51.3,-118.775
2194,-118.75,51.3,-118.75
2210,-118.725,51.3,-118.725
1592,-118.7,51.3,-118.7
1283,-118.675,51.3,-118.675
1872,-118.65,51.3,-118.65
2391,-118.625,51.3,-118.625
2157,-118.6,51.3,-118.6
2325,-118.575,51.3,-118.575
2540,-118.55,51.3,-118.55
2601,-118.525,51.3,-118.525
2272,-118.5,51.3,-118.5
1713,-123,51.325,-123
1789,-122.975,51.325,-122.975
1771,-122.95,51.325,-122.95
1773,-122.925,51.325,-122.925
1720,-122.9,51.325,-122.9
1640,-122.875,51.325,-122.875
1613,-122.85,51.325,-122.85
1697,-122.825,51.325,-122.825
1777,-122.8,51.325,-122.8
1740,-122.775,51.325,-122.775
1684,-122.75,51.325,-122.75
1565,-122.725,51.325,-122.725
1531,-122.7,51.325,-122.7
1443,-122.675,51.325,-122.675
1197,-122.65,51.325,-122.65
1526,-122.625,51.325,-122.625
1610,-122.6,51.325,-122.6
1601,-122.575,51.325,-122.575
1660,-122.55,51.325,-122.55
1700,-122.525,51.325,-122.525
1946,-122.5,51.325,-122.5
1857,-122.475,51.325,-122.475
1555,-122.45,51.325,-122.45
1391,-122.425,51.325,-122.425
1569,-122.4,51.325,-122.4
1519,-122.375,51.325,-122.375
1253,-122.35,51.325,-122.35
908,-122.325,51.325,-122.325
690,-122.3,51.325,-122.3
994,-122.275,51.325,-122.275
513,-122.25,51.325,-122.25
624,-122.225,51.325,-122.225
954,-122.2,51.325,-122.2
1111,-122.175,51.325,-122.175
1344,-122.15,51.325,-122.15
1463,-122.125,51.325,-122.125
1473,-122.1,51.325,-122.1
1312,-122.075,51.325,-122.075
1218,-122.05,51.325,-122.05
1078,-122.025,51.325,-122.025
1075,-122,51.325,-122
1016,-121.975,51.325,-121.975
1194,-121.95,51.325,-121.95
1521,-121.925,51.325,-121.925
1205,-121.9,51.325,-121.9
1102,-121.875,51.325,-121.875
1094,-121.85,51.325,-121.85
1083,-121.825,51.325,-121.825
1113,-121.8,51.325,-121.8
1129,-121.775,51.325,-121.775
1119,-121.75,51.325,-121.75
1121,-121.725,51.325,-121.725
1110,-121.7,51.325,-121.7
1105,-121.675,51.325,-121.675
1105,-121.65,51.325,-121.65
1102,-121.625,51.325,-121.625
1088,-121.6,51.325,-121.6
1110,-121.575,51.325,-121.575
1103,-121.55,51.325,-121.55
1105,-121.525,51.325,-121.525
1105,-121.5,51.325,-121.5
1099,-121.475,51.325,-121.475
1097,-121.45,51.325,-121.45
1086,-121.425,51.325,-121.425
1092,-121.4,51.325,-121.4
1094,-121.375,51.325,-121.375
1087,-121.35,51.325,-121.35
1097,-121.325,51.325,-121.325
1096,-121.3,51.325,-121.3
1093,-121.275,51.325,-121.275
1096,-121.25,51.325,-121.25
1101,-121.225,51.325,-121.225
1104,-121.2,51.325,-121.2
1080,-121.175,51.325,-121.175
1090,-121.15,51.325,-121.15
1151,-121.125,51.325,-121.125
1035,-121.1,51.325,-121.1
1070,-121.075,51.325,-121.075
1106,-121.05,51.325,-121.05
1128,-121.025,51.325,-121.025
1168,-121,51.325,-121
1165,-120.975,51.325,-120.975
1194,-120.95,51.325,-120.95
1227,-120.925,51.325,-120.925
1269,-120.9,51.325,-120.9
1229,-120.875,51.325,-120.875
1109,-120.85,51.325,-120.85
1063,-120.825,51.325,-120.825
1049,-120.8,51.325,-120.8
1104,-120.775,51.325,-120.775
1128,-120.75,51.325,-120.75
1205,-120.725,51.325,-120.725
1163,-120.7,51.325,-120.7
1192,-120.675,51.325,-120.675
1232,-120.65,51.325,-120.65
1258,-120.625,51.325,-120.625
1333,-120.6,51.325,-120.6
1404,-120.575,51.325,-120.575
1469,-120.55,51.325,-120.55
1540,-120.525,51.325,-120.525
1453,-120.5,51.325,-120.5
1421,-120.475,51.325,-120.475
1577,-120.45,51.325,-120.45
1534,-120.425,51.325,-120.425
1414,-120.4,51.325,-120.4
1423,-120.375,51.325,-120.375
1439,-120.35,51.325,-120.35
1331,-120.325,51.325,-120.325
1286,-120.3,51.325,-120.3
1194,-120.275,51.325,-120.275
1068,-120.25,51.325,-120.25
847,-120.225,51.325,-120.225
603,-120.2,51.325,-120.2
382,-120.175,51.325,-120.175
401,-120.15,51.325,-120.15
646,-120.125,51.325,-120.125
1262,-120.1,51.325,-120.1
1578,-120.075,51.325,-120.075
1741,-120.05,51.325,-120.05
1722,-120.025,51.325,-120.025
1737,-120,51.325,-120
1558,-119.975,51.325,-119.975
1320,-119.95,51.325,-119.95
870,-119.925,51.325,-119.925
699,-119.9,51.325,-119.9
637,-119.875,51.325,-119.875
695,-119.85,51.325,-119.85
1129,-119.825,51.325,-119.825
1173,-119.8,51.325,-119.8
1117,-119.775,51.325,-119.775
1058,-119.75,51.325,-119.75
1283,-119.725,51.325,-119.725
1482,-119.7,51.325,-119.7
1104,-119.675,51.325,-119.675
1009,-119.65,51.325,-119.65
1103,-119.625,51.325,-119.625
1075,-119.6,51.325,-119.6
1204,-119.575,51.325,-119.575
1312,-119.55,51.325,-119.55
1352,-119.525,51.325,-119.525
970,-119.5,51.325,-119.5
404,-119.475,51.325,-119.475
404,-119.45,51.325,-119.45
422,-119.425,51.325,-119.425
793,-119.4,51.325,-119.4
764,-119.375,51.325,-119.375
453,-119.35,51.325,-119.35
457,-119.325,51.325,-119.325
714,-119.3,51.325,-119.3
1245,-119.275,51.325,-119.275
1125,-119.25,51.325,-119.25
594,-119.225,51.325,-119.225
969,-119.2,51.325,-119.2
1348,-119.175,51.325,-119.175
1466,-119.15,51.325,-119.15
1492,-119.125,51.325,-119.125
1193,-119.1,51.325,-119.1
1249,-119.075,51.325,-119.075
1299,-119.05,51.325,-119.05
952,-119.025,51.325,-119.025
1251,-119,51.325,-119
1026,-118.975,51.325,-118.975
568,-118.95,51.325,-118.95
739,-118.925,51.325,-118.925
647,-118.9,51.325,-118.9
526,-118.875,51.325,-118.875
1267,-118.85,51.325,-118.85
1489,-118.825,51.325,-118.825
1766,-118.8,51.325,-118.8
1959,-118.775,51.325,-118.775
2169,-118.75,51.325,-118.75
2003,-118.725,51.325,-118.725
1606,-118.7,51.325,-118.7
1445,-118.675,51.325,-118.675
1638,-118.65,51.325,-118.65
2095,-118.625,51.325,-118.625
2379,-118.6,51.325,-118.6
2018,-118.575,51.325,-118.575
2582,-118.55,51.325,-118.55
1954,-118.525,51.325,-118.525
2301,-118.5,51.325,-118.5
1646,-123,51.35,-123
1668,-122.975,51.35,-122.975
1643,-122.95,51.35,-122.95
1617,-122.925,51.35,-122.925
1613,-122.9,51.35,-122.9
1625,-122.875,51.35,-122.875
1734,-122.85,51.35,-122.85
1718,-122.825,51.35,-122.825
1708,-122.8,51.35,-122.8
1646,-122.775,51.35,-122.775
1571,-122.75,51.35,-122.75
1505,-122.725,51.35,-122.725
1503,-122.7,51.35,-122.7
1518,-122.675,51.35,-122.675
1476,-122.65,51.35,-122.65
1442,-122.625,51.35,-122.625
1443,-122.6,51.35,-122.6
1552,-122.575,51.35,-122.575
1655,-122.55,51.35,-122.55
1756,-122.525,51.35,-122.525
1884,-122.5,51.35,-122.5
1876,-122.475,51.35,-122.475
1659,-122.45,51.35,-122.45
1915,-122.425,51.35,-122.425
1602,-122.4,51.35,-122.4
1451,-122.375,51.35,-122.375
1319,-122.35,51.35,-122.35
1280,-122.325,51.35,-122.325
1201,-122.3,51.35,-122.3
962,-122.275,51.35,-122.275
498,-122.25,51.35,-122.25
587,-122.225,51.35,-122.225
912,-122.2,51.35,-122.2
1073,-122.175,51.35,-122.175
1294,-122.15,51.35,-122.15
1346,-122.125,51.35,-122.125
1285,-122.1,51.35,-122.1
1129,-122.075,51.35,-122.075
1098,-122.05,51.35,-122.05
1104,-122.025,51.35,-122.025
1083,-122,51.35,-122
1074,-121.975,51.35,-121.975
1056,-121.95,51.35,-121.95
1065,-121.925,51.35,-121.925
1073,-121.9,51.35,-121.9
1054,-121.875,51.35,-121.875
1080,-121.85,51.35,-121.85
1087,-121.825,51.35,-121.825
1075,-121.8,51.35,-121.8
1103,-121.775,51.35,-121.775
1090,-121.75,51.35,-121.75
1089,-121.725,51.35,-121.725
1093,-121.7,51.35,-121.7
1098,-121.675,51.35,-121.675
1094,-121.65,51.35,-121.65
1085,-121.625,51.35,-121.625
1115,-121.6,51.35,-121.6
1099,-121.575,51.35,-121.575
1122,-121.55,51.35,-121.55
1107,-121.525,51.35,-121.525
1103,-121.5,51.35,-121.5
1111,-121.475,51.35,-121.475
1112,-121.45,51.35,-121.45
1101,-121.425,51.35,-121.425
1076,-121.4,51.35,-121.4
1091,-121.375,51.35,-121.375
1099,-121.35,51.35,-121.35
1100,-121.325,51.35,-121.325
1087,-121.3,51.35,-121.3
1076,-121.275,51.35,-121.275
1108,-121.25,51.35,-121.25
1110,-121.225,51.35,-121.225
1125,-121.2,51.35,-121.2
1204,-121.175,51.35,-121.175
1116,-121.15,51.35,-121.15
1109,-121.125,51.35,-121.125
1028,-121.1,51.35,-121.1
1045,-121.075,51.35,-121.075
1068,-121.05,51.35,-121.05
1125,-121.025,51.35,-121.025
1113,-121,51.35,-121
1169,-120.975,51.35,-120.975
1192,-120.95,51.35,-120.95
1241,-120.925,51.35,-120.925
1286,-120.9,51.35,-120.9
1332,-120.875,51.35,-120.875
1300,-120.85,51.35,-120.85
1192,-120.825,51.35,-120.825
1082,-120.8,51.35,-120.8
1052,-120.775,51.35,-120.775
1170,-120.75,51.35,-120.75
1386,-120.725,51.35,-120.725
1420,-120.7,51.35,-120.7
1351,-120.675,51.35,-120.675
1251,-120.65,51.35,-120.65
1346,-120.625,51.35,-120.625
1416,-120.6,51.35,-120.6
1519,-120.575,51.35,-120.575
1576,-120.55,51.35,-120.55
1531,-120.525,51.35,-120.525
1497,-120.5,51.35,-120.5
1413,-120.475,51.35,-120.475
1541,-120.45,51.35,-120.45
1417,-120.425,51.35,-120.425
1463,-120.4,51.35,-120.4
1538,-120.375,51.35,-120.375
1398,-120.35,51.35,-120.35
1463,-120.325,51.35,-120.325
1319,-120.3,51.35,-120.3
1238,-120.275,51.35,-120.275
1087,-120.25,51.35,-120.25
946,-120.225,51.35,-120.225
645,-120.2,51.35,-120.2
381,-120.175,51.35,-120.175
423,-120.15,51.35,-120.15
589,-120.125,51.35,-120.125
1141,-120.1,51.35,-120.1
1622,-120.075,51.35,-120.075
1576,-120.05,51.35,-120.05
1606,-120.025,51.35,-120.025
1585,-120,51.35,-120
1287,-119.975,51.35,-119.975
1525,-119.95,51.35,-119.95
1427,-119.925,51.35,-119.925
1120,-119.9,51.35,-119.9
855,-119.875,51.35,-119.875
983,-119.85,51.35,-119.85
744,-119.825,51.35,-119.825
662,-119.8,51.35,-119.8
661,-119.775,51.35,-119.775
662,-119.75,51.35,-119.75
674,-119.725,51.35,-119.725
699,-119.7,51.35,-119.7
738,-119.675,51.35,-119.675
910,-119.65,51.35,-119.65
1633,-119.625,51.35,-119.625
1568,-119.6,51.35,-119.6
1728,-119.575,51.35,-119.575
1328,-119.55,51.35,-119.55
1556,-119.525,51.35,-119.525
1361,-119.5,51.35,-119.5
882,-119.475,51.35,-119.475
404,-119.45,51.35,-119.45
574,-119.425,51.35,-119.425
624,-119.4,51.35,-119.4
1304,-119.375,51.35,-119.375
1543,-119.35,51.35,-119.35
1561,-119.325,51.35,-119.325
1205,-119.3,51.35,-119.3
625,-119.275,51.35,-119.275
612,-119.25,51.35,-119.25
841,-119.225,51.35,-119.225
1443,-119.2,51.35,-119.2
1563,-119.175,51.35,-119.175
1642,-119.15,51.35,-119.15
1514,-119.125,51.35,-119.125
1404,-119.1,51.35,-119.1
1364,-119.075,51.35,-119.075
1271,-119.05,51.35,-119.05
1309,-119.025,51.35,-119.025
1423,-119,51.35,-119
1459,-118.975,51.35,-118.975
949,-118.95,51.35,-118.95
568,-118.925,51.35,-118.925
594,-118.9,51.35,-118.9
619,-118.875,51.35,-118.875
1096,-118.85,51.35,-118.85
1009,-118.825,51.35,-118.825
1210,-118.8,51.35,-118.8
1024,-118.775,51.35,-118.775
1388,-118.75,51.35,-118.75
1507,-118.725,51.35,-118.725
907,-118.7,51.35,-118.7
1325,-118.675,51.35,-118.675
1667,-118.65,51.35,-118.65
2020,-118.625,51.35,-118.625
1759,-118.6,51.35,-118.6
1051,-118.575,51.35,-118.575
1806,-118.55,51.35,-118.55
2301,-118.525,51.35,-118.525
2123,-118.5,51.35,-118.5
1589,-123,51.375,-123
1598,-122.975,51.375,-122.975
1588,-122.95,51.375,-122.95
1664,-122.925,51.375,-122.925
1810,-122.9,51.375,-122.9
1719,-122.875,51.375,-122.875
1738,-122.85,51.375,-122.85
1666,-122.825,51.375,-122.825
1619,-122.8,51.375,-122.8
1615,-122.775,51.375,-122.775
1595,-122.75,51.375,-122.75
1525,-122.725,51.375,-122.725
1485,-122.7,51.375,-122.7
1457,-122.675,51.375,-122.675
1311,-122.65,51.375,-122.65
1204,-122.625,51.375,-122.625
1267,-122.6,51.375,-122.6
1556,-122.575,51.375,-122.575
1718,-122.55,51.375,-122.55
1782,-122.525,51.375,-122.525
1876,-122.5,51.375,-122.5
1928,-122.475,51.375,-122.475
1734,-122.45,51.375,-122.45
1632,-122.425,51.375,-122.425
1419,-122.4,51.375,-122.4
1412,-122.375,51.375,-122.375
1107,-122.35,51.375,-122.35
1194,-122.325,51.375,-122.325
1104,-122.3,51.375,-122.3
670,-122.275,51.375,-122.275
643,-122.25,51.375,-122.25
464,-122.225,51.375,-122.225
643,-122.2,51.375,-122.2
1060,-122.175,51.375,-122.175
1164,-122.15,51.375,-122.15
1120,-122.125,51.375,-122.125
1094,-122.1,51.375,-122.1
1150,-122.075,51.375,-122.075
1178,-122.05,51.375,-122.05
1102,-122.025,51.375,-122.025
1082,-122,51.375,-122
1091,-121.975,51.375,-121.975
1084,-121.95,51.375,-121.95
1066,-121.925,51.375,-121.925
1088,-121.9,51.375,-121.9
1086,-121.875,51.375,-121.875
1082,-121.85,51.375,-121.85
1074,-121.825,51.375,-121.825
1078,-121.8,51.375,-121.8
1071,-121.775,51.375,-121.775
1088,-121.75,51.375,-121.75
1089,-121.725,51.375,-121.725
1097,-121.7,51.375,-121.7
1115,-121.675,51.375,-121.675
1120,-121.65,51.375,-121.65
1122,-121.625,51.375,-121.625
1120,-121.6,51.375,-121.6
1124,-121.575,51.375,-121.575
1124,-121.55,51.375,-121.55
1141,-121.525,51.375,-121.525
1113,-121.5,51.375,-121.5
1119,-121.475,51.375,-121.475
1112,-121.45,51.375,-121.45
1113,-121.425,51.375,-121.425
1105,-121.4,51.375,-121.4
1099,-121.375,51.375,-121.375
1112,-121.35,51.375,-121.35
1099,-121.325,51.375,-121.325
1082,-121.3,51.375,-121.3
1070,-121.275,51.375,-121.275
1113,-121.25,51.375,-121.25
1111,-121.225,51.375,-121.225
1149,-121.2,51.375,-121.2
1154,-121.175,51.375,-121.175
1253,-121.15,51.375,-121.15
1285,-121.125,51.375,-121.125
1250,-121.1,51.375,-121.1
1176,-121.075,51.375,-121.075
1112,-121.05,51.375,-121.05
1025,-121.025,51.375,-121.025
1093,-121,51.375,-121
1147,-120.975,51.375,-120.975
1186,-120.95,51.375,-120.95
1197,-120.925,51.375,-120.925
1224,-120.9,51.375,-120.9
1255,-120.875,51.375,-120.875
1257,-120.85,51.375,-120.85
1290,-120.825,51.375,-120.825
1294,-120.8,51.375,-120.8
1161,-120.775,51.375,-120.775
1070,-120.75,51.375,-120.75
1048,-120.725,51.375,-120.725
1085,-120.7,51.375,-120.7
1126,-120.675,51.375,-120.675
1149,-120.65,51.375,-120.65
1160,-120.625,51.375,-120.625
1147,-120.6,51.375,-120.6
1173,-120.575,51.375,-120.575
1238,-120.55,51.375,-120.55
1443,-120.525,51.375,-120.525
1485,-120.5,51.375,-120.5
1322,-120.475,51.375,-120.475
1466,-120.45,51.375,-120.45
1595,-120.425,51.375,-120.425
1721,-120.4,51.375,-120.4
1604,-120.375,51.375,-120.375
1643,-120.35,51.375,-120.35
1481,-120.325,51.375,-120.325
1295,-120.3,51.375,-120.3
1224,-120.275,51.375,-120.275
1161,-120.25,51.375,-120.25
954,-120.225,51.375,-120.225
523,-120.2,51.375,-120.2
391,-120.175,51.375,-120.175
491,-120.15,51.375,-120.15
572,-120.125,51.375,-120.125
1139,-120.1,51.375,-120.1
1620,-120.075,51.375,-120.075
1785,-120.05,51.375,-120.05
1757,-120.025,51.375,-120.025
1711,-120,51.375,-120
1926,-119.975,51.375,-119.975
2127,-119.95,51.375,-119.95
1783,-119.925,51.375,-119.925
1335,-119.9,51.375,-119.9
922,-119.875,51.375,-119.875
1719,-119.85,51.375,-119.85
1489,-119.825,51.375,-119.825
1605,-119.8,51.375,-119.8
1517,-119.775,51.375,-119.775
1617,-119.75,51.375,-119.75
1385,-119.725,51.375,-119.725
982,-119.7,51.375,-119.7
1258,-119.675,51.375,-119.675
1142,-119.65,51.375,-119.65
1185,-119.625,51.375,-119.625
1706,-119.6,51.375,-119.6
1579,-119.575,51.375,-119.575
1578,-119.55,51.375,-119.55
1592,-119.525,51.375,-119.525
1403,-119.5,51.375,-119.5
953,-119.475,51.375,-119.475
441,-119.45,51.375,-119.45
452,-119.425,51.375,-119.425
753,-119.4,51.375,-119.4
1159,-119.375,51.375,-119.375
1429,-119.35,51.375,-119.35
1695,-119.325,51.375,-119.325
1684,-119.3,51.375,-119.3
1563,-119.275,51.375,-119.275
1439,-119.25,51.375,-119.25
1113,-119.225,51.375,-119.225
713,-119.2,51.375,-119.2
1313,-119.175,51.375,-119.175
1609,-119.15,51.375,-119.15
1559,-119.125,51.375,-119.125
1597,-119.1,51.375,-119.1
1794,-119.075,51.375,-119.075
1718,-119.05,51.375,-119.05
1616,-119.025,51.375,-119.025
1551,-119,51.375,-119
1399,-118.975,51.375,-118.975
694,-118.95,51.375,-118.95
841,-118.925,51.375,-118.925
1351,-118.9,51.375,-118.9
1321,-118.875,51.375,-118.875
866,-118.85,51.375,-118.85
1034,-118.825,51.375,-118.825
799,-118.8,51.375,-118.8
1125,-118.775,51.375,-118.775
755,-118.75,51.375,-118.75
680,-118.725,51.375,-118.725
822,-118.7,51.375,-118.7
1437,-118.675,51.375,-118.675
1754,-118.65,51.375,-118.65
1959,-118.625,51.375,-118.625
2083,-118.6,51.375,-118.6
1908,-118.575,51.375,-118.575
1138,-118.55,51.375,-118.55
980,-118.525,51.375,-118.525
1537,-118.5,51.375,-118.5
1533,-123,51.4,-123
1702,-122.975,51.4,-122.975
1756,-122.95,51.4,-122.95
1852,-122.925,51.4,-122.925
1792,-122.9,51.4,-122.9
1712,-122.875,51.4,-122.875
1679,-122.85,51.4,-122.85
1726,-122.825,51.4,-122.825
1707,-122.8,51.4,-122.8
1838,-122.775,51.4,-122.775
1654,-122.75,51.4,-122.75
1512,-122.725,51.4,-122.725
1496,-122.7,51.4,-122.7
1481,-122.675,51.4,-122.675
1209,-122.65,51.4,-122.65
1322,-122.625,51.4,-122.625
1507,-122.6,51.4,-122.6
1489,-122.575,51.4,-122.575
1611,-122.55,51.4,-122.55
1747,-122.525,51.4,-122.525
1618,-122.5,51.4,-122.5
1494,-122.475,51.4,-122.475
1437,-122.45,51.4,-122.45
1593,-122.425,51.4,-122.425
1404,-122.4,51.4,-122.4
1072,-122.375,51.4,-122.375
1098,-122.35,51.4,-122.35
1037,-122.325,51.4,-122.325
1034,-122.3,51.4,-122.3
891,-122.275,51.4,-122.275
973,-122.25,51.4,-122.25
371,-122.225,51.4,-122.225
784,-122.2,51.4,-122.2
1166,-122.175,51.4,-122.175
1279,-122.15,51.4,-122.15
1314,-122.125,51.4,-122.125
1329,-122.1,51.4,-122.1
1198,-122.075,51.4,-122.075
1188,-122.05,51.4,-122.05
1166,-122.025,51.4,-122.025
1112,-122,51.4,-122
1073,-121.975,51.4,-121.975
1079,-121.95,51.4,-121.95
1093,-121.925,51.4,-121.925
1056,-121.9,51.4,-121.9
1050,-121.875,51.4,-121.875
1135,-121.85,51.4,-121.85
1177,-121.825,51.4,-121.825
1170,-121.8,51.4,-121.8
1101,-121.775,51.4,-121.775
1116,-121.75,51.4,-121.75
1125,-121.725,51.4,-121.725
1128,-121.7,51.4,-121.7
1149,-121.675,51.4,-121.675
1156,-121.65,51.4,-121.65
1145,-121.625,51.4,-121.625
1149,-121.6,51.4,-121.6
1146,-121.575,51.4,-121.575
1142,-121.55,51.4,-121.55
1133,-121.525,51.4,-121.525
1131,-121.5,51.4,-121.5
1133,-121.475,51.4,-121.475
1136,-121.45,51.4,-121.45
1136,-121.425,51.4,-121.425
1144,-121.4,51.4,-121.4
1123,-121.375,51.4,-121.375
1120,-121.35,51.4,-121.35
1097,-121.325,51.4,-121.325
1091,-121.3,51.4,-121.3
1079,-121.275,51.4,-121.275
1070,-121.25,51.4,-121.25
1070,-121.225,51.4,-121.225
1097,-121.2,51.4,-121.2
1157,-121.175,51.4,-121.175
1173,-121.15,51.4,-121.15
1161,-121.125,51.4,-121.125
1165,-121.1,51.4,-121.1
1174,-121.075,51.4,-121.075
1218,-121.05,51.4,-121.05
1198,-121.025,51.4,-121.025
1089,-121,51.4,-121
1071,-120.975,51.4,-120.975
1138,-120.95,51.4,-120.95
1179,-120.925,51.4,-120.925
1218,-120.9,51.4,-120.9
1225,-120.875,51.4,-120.875
1225,-120.85,51.4,-120.85
1252,-120.825,51.4,-120.825
1284,-120.8,51.4,-120.8
1307,-120.775,51.4,-120.775
1326,-120.75,51.4,-120.75
1354,-120.725,51.4,-120.725
1184,-120.7,51.4,-120.7
1151,-120.675,51.4,-120.675
1115,-120.65,51.4,-120.65
1126,-120.625,51.4,-120.625
1161,-120.6,51.4,-120.6
1371,-120.575,51.4,-120.575
1315,-120.55,51.4,-120.55
1306,-120.525,51.4,-120.525
1407,-120.5,51.4,-120.5
1263,-120.475,51.4,-120.475
1620,-120.45,51.4,-120.45
1555,-120.425,51.4,-120.425
1443,-120.4,51.4,-120.4
1433,-120.375,51.4,-120.375
1333,-120.35,51.4,-120.35
1334,-120.325,51.4,-120.325
1226,-120.3,51.4,-120.3
1191,-120.275,51.4,-120.275
1085,-120.25,51.4,-120.25
768,-120.225,51.4,-120.225
381,-120.2,51.4,-120.2
616,-120.175,51.4,-120.175
952,-120.15,51.4,-120.15
486,-120.125,51.4,-120.125
957,-120.1,51.4,-120.1
1326,-120.075,51.4,-120.075
1919,-120.05,51.4,-120.05
1985,-120.025,51.4,-120.025
2072,-120,51.4,-120
2179,-119.975,51.4,-119.975
1985,-119.95,51.4,-119.95
1397,-119.925,51.4,-119.925
1321,-119.9,51.4,-119.9
931,-119.875,51.4,-119.875
1649,-119.85,51.4,-119.85
1668,-119.825,51.4,-119.825
1939,-119.8,51.4,-119.8
1849,-119.775,51.4,-119.775
1990,-119.75,51.4,-119.75
1567,-119.725,51.4,-119.725
879,-119.7,51.4,-119.7
1481,-119.675,51.4,-119.675
926,-119.65,51.4,-119.65
1368,-119.625,51.4,-119.625
1081,-119.6,51.4,-119.6
1365,-119.575,51.4,-119.575
1579,-119.55,51.4,-119.55
1558,-119.525,51.4,-119.525
1546,-119.5,51.4,-119.5
869,-119.475,51.4,-119.475
426,-119.45,51.4,-119.45
414,-119.425,51.4,-119.425
909,-119.4,51.4,-119.4
1222,-119.375,51.4,-119.375
1368,-119.35,51.4,-119.35
1489,-119.325,51.4,-119.325
1539,-119.3,51.4,-119.3
1687,-119.275,51.4,-119.275
1764,-119.25,51.4,-119.25
1656,-119.225,51.4,-119.225
1467,-119.2,51.4,-119.2
942,-119.175,51.4,-119.175
728,-119.15,51.4,-119.15
1020,-119.125,51.4,-119.125
1619,-119.1,51.4,-119.1
1587,-119.075,51.4,-119.075
1925,-119.05,51.4,-119.05
1737,-119.025,51.4,-119.025
1513,-119,51.4,-119
1514,-118.975,51.4,-118.975
1063,-118.95,51.4,-118.95
867,-118.925,51.4,-118.925
679,-118.9,51.4,-118.9
1368,-118.875,51.4,-118.875
1023,-118.85,51.4,-118.85
1868,-118.825,51.4,-118.825
1722,-118.8,51.4,-118.8
1716,-118.775,51.4,-118.775
1711,-118.75,51.4,-118.75
1392,-118.725,51.4,-118.725
915,-118.7,51.4,-118.7
933,-118.675,51.4,-118.675
1361,-118.65,51.4,-118.65
1927,-118.625,51.4,-118.625
1958,-118.6,51.4,-118.6
2086,-118.575,51.4,-118.575
1919,-118.55,51.4,-118.55
1569,-118.525,51.4,-118.525
1207,-118.5,51.4,-118.5
1494,-123,51.425,-123
1691,-122.975,51.425,-122.975
1664,-122.95,51.425,-122.95
1767,-122.925,51.425,-122.925
1964,-122.9,51.425,-122.9
1905,-122.875,51.425,-122.875
1701,-122.85,51.425,-122.85
1526,-122.825,51.425,-122.825
1526,-122.8,51.425,-122.8
1550,-122.775,51.425,-122.775
1529,-122.75,51.425,-122.75
1497,-122.725,51.425,-122.725
1489,-122.7,51.425,-122.7
1523,-122.675,51.425,-122.675
1308,-122.65,51.425,-122.65
1393,-122.625,51.425,-122.625
996,-122.6,51.425,-122.6
1126,-122.575,51.425,-122.575
1178,-122.55,51.425,-122.55
1059,-122.525,51.425,-122.525
1323,-122.5,51.425,-122.5
1393,-122.475,51.425,-122.475
1233,-122.45,51.425,-122.45
1173,-122.425,51.425,-122.425
1122,-122.4,51.425,-122.4
1377,-122.375,51.425,-122.375
1263,-122.35,51.425,-122.35
1151,-122.325,51.425,-122.325
929,-122.3,51.425,-122.3
889,-122.275,51.425,-122.275
1020,-122.25,51.425,-122.25
556,-122.225,51.425,-122.225
545,-122.2,51.425,-122.2
1125,-122.175,51.425,-122.175
1232,-122.15,51.425,-122.15
1219,-122.125,51.425,-122.125
1176,-122.1,51.425,-122.1
1107,-122.075,51.425,-122.075
1057,-122.05,51.425,-122.05
1056,-122.025,51.425,-122.025
986,-122,51.425,-122
1099,-121.975,51.425,-121.975
1202,-121.95,51.425,-121.95
1222,-121.925,51.425,-121.925
1210,-121.9,51.425,-121.9
1242,-121.875,51.425,-121.875
1135,-121.85,51.425,-121.85
1145,-121.825,51.425,-121.825
1115,-121.8,51.425,-121.8
1146,-121.775,51.425,-121.775
1153,-121.75,51.425,-121.75
1150,-121.725,51.425,-121.725
1162,-121.7,51.425,-121.7
1168,-121.675,51.425,-121.675
1164,-121.65,51.425,-121.65
1161,-121.625,51.425,-121.625
1151,-121.6,51.425,-121.6
1151,-121.575,51.425,-121.575
1148,-121.55,51.425,-121.55
1144,-121.525,51.425,-121.525
1137,-121.5,51.425,-121.5
1150,-121.475,51.425,-121.475
1136,-121.45,51.425,-121.45
1139,-121.425,51.425,-121.425
1130,-121.4,51.425,-121.4
1133,-121.375,51.425,-121.375
1140,-121.35,51.425,-121.35
1157,-121.325,51.425,-121.325
1109,-121.3,51.425,-121.3
1112,-121.275,51.425,-121.275
1110,-121.25,51.425,-121.25
1074,-121.225,51.425,-121.225
1070,-121.2,51.425,-121.2
1070,-121.175,51.425,-121.175
1088,-121.15,51.425,-121.15
1098,-121.125,51.425,-121.125
1100,-121.1,51.425,-121.1
1102,-121.075,51.425,-121.075
1110,-121.05,51.425,-121.05
1071,-121.025,51.425,-121.025
1123,-121,51.425,-121
1112,-120.975,51.425,-120.975
1090,-120.95,51.425,-120.95
1125,-120.925,51.425,-120.925
1183,-120.9,51.425,-120.9
1228,-120.875,51.425,-120.875
1270,-120.85,51.425,-120.85
1267,-120.825,51.425,-120.825
1270,-120.8,51.425,-120.8
1284,-120.775,51.425,-120.775
1329,-120.75,51.425,-120.75
1218,-120.725,51.425,-120.725
1199,-120.7,51.425,-120.7
1163,-120.675,51.425,-120.675
1121,-120.65,51.425,-120.65
1121,-120.625,51.425,-120.625
1188,-120.6,51.425,-120.6
1407,-120.575,51.425,-120.575
1326,-120.55,51.425,-120.55
1315,-120.525,51.425,-120.525
1301,-120.5,51.425,-120.5
1377,-120.475,51.425,-120.475
1223,-120.45,51.425,-120.45
1365,-120.425,51.425,-120.425
1426,-120.4,51.425,-120.4
1448,-120.375,51.425,-120.375
1306,-120.35,51.425,-120.35
1272,-120.325,51.425,-120.325
1227,-120.3,51.425,-120.3
1190,-120.275,51.425,-120.275
928,-120.25,51.425,-120.25
556,-120.225,51.425,-120.225
386,-120.2,51.425,-120.2
584,-120.175,51.425,-120.175
900,-120.15,51.425,-120.15
459,-120.125,51.425,-120.125
1188,-120.1,51.425,-120.1
974,-120.075,51.425,-120.075
1573,-120.05,51.425,-120.05
1541,-120.025,51.425,-120.025
1779,-120,51.425,-120
2041,-119.975,51.425,-119.975
1954,-119.95,51.425,-119.95
1741,-119.925,51.425,-119.925
1899,-119.9,51.425,-119.9
1177,-119.875,51.425,-119.875
1477,-119.85,51.425,-119.85
1739,-119.825,51.425,-119.825
1948,-119.8,51.425,-119.8
1864,-119.775,51.425,-119.775
1841,-119.75,51.425,-119.75
1554,-119.725,51.425,-119.725
870,-119.7,51.425,-119.7
1577,-119.675,51.425,-119.675
1058,-119.65,51.425,-119.65
1777,-119.625,51.425,-119.625
1566,-119.6,51.425,-119.6
1602,-119.575,51.425,-119.575
1377,-119.55,51.425,-119.55
1214,-119.525,51.425,-119.525
1093,-119.5,51.425,-119.5
534,-119.475,51.425,-119.475
415,-119.45,51.425,-119.45
762,-119.425,51.425,-119.425
1035,-119.4,51.425,-119.4
1337,-119.375,51.425,-119.375
1449,-119.35,51.425,-119.35
1613,-119.325,51.425,-119.325
1441,-119.3,51.425,-119.3
1496,-119.275,51.425,-119.275
1492,-119.25,51.425,-119.25
1541,-119.225,51.425,-119.225
1619,-119.2,51.425,-119.2
954,-119.175,51.425,-119.175
1221,-119.15,51.425,-119.15
1279,-119.125,51.425,-119.125
843,-119.1,51.425,-119.1
1426,-119.075,51.425,-119.075
1741,-119.05,51.425,-119.05
1809,-119.025,51.425,-119.025
1742,-119,51.425,-119
1577,-118.975,51.425,-118.975
1575,-118.95,51.425,-118.95
1348,-118.925,51.425,-118.925
613,-118.9,51.425,-118.9
1078,-118.875,51.425,-118.875
1503,-118.85,51.425,-118.85
1768,-118.825,51.425,-118.825
1758,-118.8,51.425,-118.8
1760,-118.775,51.425,-118.775
1675,-118.75,51.425,-118.75
915,-118.725,51.425,-118.725
1459,-118.7,51.425,-118.7
1485,-118.675,51.425,-118.675
1364,-118.65,51.425,-118.65
1617,-118.625,51.425,-118.625
1756,-118.6,51.425,-118.6
1524,-118.575,51.425,-118.575
1578,-118.55,51.425,-118.55
1477,-118.525,51.425,-118.525
1066,-118.5,51.425,-118.5
1598,-123,51.45,-123
1853,-122.975,51.45,-122.975
1956,-122.95,51.45,-122.95
1805,-122.925,51.45,-122.925
1746,-122.9,51.45,-122.9
1783,-122.875,51.45,-122.875
1501,-122.85,51.45,-122.85
1417,-122.825,51.45,-122.825
1405,-122.8,51.45,-122.8
1418,-122.775,51.45,-122.775
1482,-122.75,51.45,-122.75
1484,-122.725,51.45,-122.725
1499,-122.7,51.45,-122.7
1602,-122.675,51.45,-122.675
1608,-122.65,51.45,-122.65
1563,-122.625,51.45,-122.625
1556,-122.6,51.45,-122.6
1268,-122.575,51.45,-122.575
1267,-122.55,51.45,-122.55
1093,-122.525,51.45,-122.525
840,-122.5,51.45,-122.5
1116,-122.475,51.45,-122.475
1242,-122.45,51.45,-122.45
1233,-122.425,51.45,-122.425
1207,-122.4,51.45,-122.4
1103,-122.375,51.45,-122.375
1004,-122.35,51.45,-122.35
911,-122.325,51.45,-122.325
998,-122.3,51.45,-122.3
763,-122.275,51.45,-122.275
510,-122.25,51.45,-122.25
522,-122.225,51.45,-122.225
609,-122.2,51.45,-122.2
817,-122.175,51.45,-122.175
923,-122.15,51.45,-122.15
1047,-122.125,51.45,-122.125
915,-122.1,51.45,-122.1
1187,-122.075,51.45,-122.075
1123,-122.05,51.45,-122.05
1146,-122.025,51.45,-122.025
1100,-122,51.45,-122
1201,-121.975,51.45,-121.975
1274,-121.95,51.45,-121.95
1294,-121.925,51.45,-121.925
1208,-121.9,51.45,-121.9
1151,-121.875,51.45,-121.875
1111,-121.85,51.45,-121.85
1131,-121.825,51.45,-121.825
1144,-121.8,51.45,-121.8
1145,-121.775,51.45,-121.775
1156,-121.75,51.45,-121.75
1170,-121.725,51.45,-121.725
1158,-121.7,51.45,-121.7
1165,-121.675,51.45,-121.675
1167,-121.65,51.45,-121.65
1152,-121.625,51.45,-121.625
1150,-121.6,51.45,-121.6
1161,-121.575,51.45,-121.575
1137,-121.55,51.45,-121.55
1137,-121.525,51.45,-121.525
1128,-121.5,51.45,-121.5
1141,-121.475,51.45,-121.475
1143,-121.45,51.45,-121.45
1130,-121.425,51.45,-121.425
1126,-121.4,51.45,-121.4
1122,-121.375,51.45,-121.375
1126,-121.35,51.45,-121.35
1140,-121.325,51.45,-121.325
1135,-121.3,51.45,-121.3
1160,-121.275,51.45,-121.275
1145,-121.25,51.45,-121.25
1107,-121.225,51.45,-121.225
1114,-121.2,51.45,-121.2
1118,-121.175,51.45,-121.175
1101,-121.15,51.45,-121.15
1086,-121.125,51.45,-121.125
1103,-121.1,51.45,-121.1
1153,-121.075,51.45,-121.075
1141,-121.05,51.45,-121.05
1095,-121.025,51.45,-121.025
1122,-121,51.45,-121
1096,-120.975,51.45,-120.975
1116,-120.95,51.45,-120.95
1121,-120.925,51.45,-120.925
1101,-120.9,51.45,-120.9
1095,-120.875,51.45,-120.875
1161,-120.85,51.45,-120.85
1189,-120.825,51.45,-120.825
1186,-120.8,51.45,-120.8
1180,-120.775,51.45,-120.775
1148,-120.75,51.45,-120.75
1189,-120.725,51.45,-120.725
1174,-120.7,51.45,-120.7
1197,-120.675,51.45,-120.675
1285,-120.65,51.45,-120.65
1153,-120.625,51.45,-120.625
1215,-120.6,51.45,-120.6
1352,-120.575,51.45,-120.575
1234,-120.55,51.45,-120.55
1175,-120.525,51.45,-120.525
1127,-120.5,51.45,-120.5
1257,-120.475,51.45,-120.475
1111,-120.45,51.45,-120.45
1157,-120.425,51.45,-120.425
1050,-120.4,51.45,-120.4
952,-120.375,51.45,-120.375
1074,-120.35,51.45,-120.35
1229,-120.325,51.45,-120.325
1163,-120.3,51.45,-120.3
1045,-120.275,51.45,-120.275
765,-120.25,51.45,-120.25
494,-120.225,51.45,-120.225
747,-120.2,51.45,-120.2
394,-120.175,51.45,-120.175
566,-120.15,51.45,-120.15
605,-120.125,51.45,-120.125
1257,-120.1,51.45,-120.1
1599,-120.075,51.45,-120.075
2125,-120.05,51.45,-120.05
1896,-120.025,51.45,-120.025
1893,-120,51.45,-120
2170,-119.975,51.45,-119.975
2262,-119.95,51.45,-119.95
2042,-119.925,51.45,-119.925
1835,-119.9,51.45,-119.9
1316,-119.875,51.45,-119.875
1577,-119.85,51.45,-119.85
1712,-119.825,51.45,-119.825
2199,-119.8,51.45,-119.8
1992,-119.775,51.45,-119.775
1891,-119.75,51.45,-119.75
1144,-119.725,51.45,-119.725
1290,-119.7,51.45,-119.7
1843,-119.675,51.45,-119.675
1061,-119.65,51.45,-119.65
1695,-119.625,51.45,-119.625
1734,-119.6,51.45,-119.6
1598,-119.575,51.45,-119.575
1146,-119.55,51.45,-119.55
1282,-119.525,51.45,-119.525
780,-119.5,51.45,-119.5
459,-119.475,51.45,-119.475
497,-119.45,51.45,-119.45
1051,-119.425,51.45,-119.425
1404,-119.4,51.45,-119.4
993,-119.375,51.45,-119.375
1152,-119.35,51.45,-119.35
1495,-119.325,51.45,-119.325
1629,-119.3,51.45,-119.3
1613,-119.275,51.45,-119.275
1556,-119.25,51.45,-119.25
1553,-119.225,51.45,-119.225
1199,-119.2,51.45,-119.2
846,-119.175,51.45,-119.175
1341,-119.15,51.45,-119.15
1460,-119.125,51.45,-119.125
942,-119.1,51.45,-119.1
1164,-119.075,51.45,-119.075
1415,-119.05,51.45,-119.05
1473,-119.025,51.45,-119.025
1640,-119,51.45,-119
1570,-118.975,51.45,-118.975
1692,-118.95,51.45,-118.95
1442,-118.925,51.45,-118.925
812,-118.9,51.45,-118.9
846,-118.875,51.45,-118.875
1403,-118.85,51.45,-118.85
1792,-118.825,51.45,-118.825
1597,-118.8,51.45,-118.8
1742,-118.775,51.45,-118.775
1520,-118.75,51.45,-118.75
960,-118.725,51.45,-118.725
1800,-118.7,51.45,-118.7
1822,-118.675,51.45,-118.675
1863,-118.65,51.45,-118.65
1728,-118.625,51.45,-118.625
1744,-118.6,51.45,-118.6
1545,-118.575,51.45,-118.575
1181,-118.55,51.45,-118.55
1383,-118.525,51.45,-118.525
854,-118.5,51.45,-118.5
854,-118.5,51.45,-118.5
1546,-123,51.475,-123
1692,-122.975,51.475,-122.975
1600,-122.95,51.475,-122.95
1542,-122.925,51.475,-122.925
1491,-122.9,51.475,-122.9
1427,-122.875,51.475,-122.875
1382,-122.85,51.475,-122.85
1388,-122.825,51.475,-122.825
1430,-122.8,51.475,-122.8
1384,-122.775,51.475,-122.775
1371,-122.75,51.475,-122.75
1519,-122.725,51.475,-122.725
1635,-122.7,51.475,-122.7
1460,-122.675,51.475,-122.675
1457,-122.65,51.475,-122.65
1447,-122.625,51.475,-122.625
1522,-122.6,51.475,-122.6
1528,-122.575,51.475,-122.575
1299,-122.55,51.475,-122.55
1202,-122.525,51.475,-122.525
1060,-122.5,51.475,-122.5
713,-122.475,51.475,-122.475
892,-122.45,51.475,-122.45
1075,-122.425,51.475,-122.425
1230,-122.4,51.475,-122.4
1225,-122.375,51.475,-122.375
1136,-122.35,51.475,-122.35
907,-122.325,51.475,-122.325
885,-122.3,51.475,-122.3
628,-122.275,51.475,-122.275
493,-122.25,51.475,-122.25
945,-122.225,51.475,-122.225
1060,-122.2,51.475,-122.2
1082,-122.175,51.475,-122.175
910,-122.15,51.475,-122.15
1128,-122.125,51.475,-122.125
1153,-122.1,51.475,-122.1
1294,-122.075,51.475,-122.075
1304,-122.05,51.475,-122.05
1253,-122.025,51.475,-122.025
1189,-122,51.475,-122
1034,-121.975,51.475,-121.975
1140,-121.95,51.475,-121.95
1139,-121.925,51.475,-121.925
1137,-121.9,51.475,-121.9
1163,-121.875,51.475,-121.875
1144,-121.85,51.475,-121.85
1142,-121.825,51.475,-121.825
1162,-121.8,51.475,-121.8
1160,-121.775,51.475,-121.775
1153,-121.75,51.475,-121.75
1163,-121.725,51.475,-121.725
1150,-121.7,51.475,-121.7
1169,-121.675,51.475,-121.675
1141,-121.65,51.475,-121.65
1123,-121.625,51.475,-121.625
1140,-121.6,51.475,-121.6
1148,-121.575,51.475,-121.575
1145,-121.55,51.475,-121.55
1142,-121.525,51.475,-121.525
1158,-121.5,51.475,-121.5
1160,-121.475,51.475,-121.475
1172,-121.45,51.475,-121.45
1214,-121.425,51.475,-121.425
1196,-121.4,51.475,-121.4
1194,-121.375,51.475,-121.375
1195,-121.35,51.475,-121.35
1153,-121.325,51.475,-121.325
1173,-121.3,51.475,-121.3
1180,-121.275,51.475,-121.275
1166,-121.25,51.475,-121.25
1172,-121.225,51.475,-121.225
1162,-121.2,51.475,-121.2
1169,-121.175,51.475,-121.175
1149,-121.15,51.475,-121.15
1136,-121.125,51.475,-121.125
1145,-121.1,51.475,-121.1
1110,-121.075,51.475,-121.075
1087,-121.05,51.475,-121.05
1107,-121.025,51.475,-121.025
1143,-121,51.475,-121
1181,-120.975,51.475,-120.975
1133,-120.95,51.475,-120.95
1155,-120.925,51.475,-120.925
1126,-120.9,51.475,-120.9
1141,-120.875,51.475,-120.875
1167,-120.85,51.475,-120.85
1170,-120.825,51.475,-120.825
1154,-120.8,51.475,-120.8
1167,-120.775,51.475,-120.775
1160,-120.75,51.475,-120.75
1152,-120.725,51.475,-120.725
1143,-120.7,51.475,-120.7
1164,-120.675,51.475,-120.675
1168,-120.65,51.475,-120.65
1278,-120.625,51.475,-120.625
1335,-120.6,51.475,-120.6
1130,-120.575,51.475,-120.575
1221,-120.55,51.475,-120.55
1296,-120.525,51.475,-120.525
1180,-120.5,51.475,-120.5
1157,-120.475,51.475,-120.475
1368,-120.45,51.475,-120.45
1454,-120.425,51.475,-120.425
1332,-120.4,51.475,-120.4
1242,-120.375,51.475,-120.375
1173,-120.35,51.475,-120.35
1027,-120.325,51.475,-120.325
929,-120.3,51.475,-120.3
1136,-120.275,51.475,-120.275
730,-120.25,51.475,-120.25
505,-120.225,51.475,-120.225
900,-120.2,51.475,-120.2
393,-120.175,51.475,-120.175
923,-120.15,51.475,-120.15
583,-120.125,51.475,-120.125
1009,-120.1,51.475,-120.1
1393,-120.075,51.475,-120.075
1861,-120.05,51.475,-120.05
2138,-120.025,51.475,-120.025
1918,-120,51.475,-120
1878,-119.975,51.475,-119.975
1917,-119.95,51.475,-119.95
1810,-119.925,51.475,-119.925
1544,-119.9,51.475,-119.9
1339,-119.875,51.475,-119.875
1189,-119.85,51.475,-119.85
1708,-119.825,51.475,-119.825
1714,-119.8,51.475,-119.8
1856,-119.775,51.475,-119.775
1508,-119.75,51.475,-119.75
1045,-119.725,51.475,-119.725
1666,-119.7,51.475,-119.7
1754,-119.675,51.475,-119.675
1365,-119.65,51.475,-119.65
1058,-119.625,51.475,-119.625
1098,-119.6,51.475,-119.6
1331,-119.575,51.475,-119.575
896,-119.55,51.475,-119.55
1040,-119.525,51.475,-119.525
706,-119.5,51.475,-119.5
479,-119.475,51.475,-119.475
649,-119.45,51.475,-119.45
990,-119.425,51.475,-119.425
1232,-119.4,51.475,-119.4
1532,-119.375,51.475,-119.375
1387,-119.35,51.475,-119.35
1028,-119.325,51.475,-119.325
1219,-119.3,51.475,-119.3
1452,-119.275,51.475,-119.275
1576,-119.25,51.475,-119.25
1476,-119.225,51.475,-119.225
1106,-119.2,51.475,-119.2
977,-119.175,51.475,-119.175
1344,-119.15,51.475,-119.15
1431,-119.125,51.475,-119.125
1298,-119.1,51.475,-119.1
1493,-119.075,51.475,-119.075
1474,-119.05,51.475,-119.05
1286,-119.025,51.475,-119.025
1509,-119,51.475,-119
1487,-118.975,51.475,-118.975
1705,-118.95,51.475,-118.95
1432,-118.925,51.475,-118.925
616,-118.9,51.475,-118.9
811,-118.875,51.475,-118.875
793,-118.85,51.475,-118.85
1546,-118.825,51.475,-118.825
1998,-118.8,51.475,-118.8
2051,-118.775,51.475,-118.775
1958,-118.75,51.475,-118.75
1111,-118.725,51.475,-118.725
2100,-118.7,51.475,-118.7
1608,-118.675,51.475,-118.675
1610,-118.65,51.475,-118.65
1803,-118.625,51.475,-118.625
1853,-118.6,51.475,-118.6
1971,-118.575,51.475,-118.575
1573,-118.55,51.475,-118.55
981,-118.525,51.475,-118.525
717,-118.5,51.475,-118.5
1372,-123,51.5,-123
1373,-122.975,51.5,-122.975
1421,-122.95,51.5,-122.95
1430,-122.925,51.5,-122.925
1415,-122.9,51.5,-122.9
1416,-122.875,51.5,-122.875
1467,-122.85,51.5,-122.85
1530,-122.825,51.5,-122.825
1503,-122.8,51.5,-122.8
1529,-122.775,51.5,-122.775
1585,-122.75,51.5,-122.75
1612,-122.725,51.5,-122.725
1428,-122.7,51.5,-122.7
1490,-122.675,51.5,-122.675
1349,-122.65,51.5,-122.65
1374,-122.625,51.5,-122.625
1411,-122.6,51.5,-122.6
1360,-122.575,51.5,-122.575
1324,-122.55,51.5,-122.55
1188,-122.525,51.5,-122.525
1264,-122.5,51.5,-122.5
1002,-122.475,51.5,-122.475
666,-122.45,51.5,-122.45
828,-122.425,51.5,-122.425
866,-122.4,51.5,-122.4
959,-122.375,51.5,-122.375
736,-122.35,51.5,-122.35
658,-122.325,51.5,-122.325
493,-122.3,51.5,-122.3
427,-122.275,51.5,-122.275
750,-122.25,51.5,-122.25
1080,-122.225,51.5,-122.225
1099,-122.2,51.5,-122.2
1134,-122.175,51.5,-122.175
1296,-122.15,51.5,-122.15
1332,-122.125,51.5,-122.125
1502,-122.1,51.5,-122.1
1430,-122.075,51.5,-122.075
1481,-122.05,51.5,-122.05
1453,-122.025,51.5,-122.025
1304,-122,51.5,-122
1172,-121.975,51.5,-121.975
1116,-121.95,51.5,-121.95
1079,-121.925,51.5,-121.925
1120,-121.9,51.5,-121.9
1144,-121.875,51.5,-121.875
1144,-121.85,51.5,-121.85
1158,-121.825,51.5,-121.825
1165,-121.8,51.5,-121.8
1160,-121.775,51.5,-121.775
1159,-121.75,51.5,-121.75
1147,-121.725,51.5,-121.725
1147,-121.7,51.5,-121.7
1126,-121.675,51.5,-121.675
1107,-121.65,51.5,-121.65
1159,-121.625,51.5,-121.625
1154,-121.6,51.5,-121.6
1156,-121.575,51.5,-121.575
1147,-121.55,51.5,-121.55
1153,-121.525,51.5,-121.525
1160,-121.5,51.5,-121.5
1155,-121.475,51.5,-121.475
1160,-121.45,51.5,-121.45
1161,-121.425,51.5,-121.425
1181,-121.4,51.5,-121.4
1170,-121.375,51.5,-121.375
1180,-121.35,51.5,-121.35
1191,-121.325,51.5,-121.325
1184,-121.3,51.5,-121.3
1199,-121.275,51.5,-121.275
1179,-121.25,51.5,-121.25
1169,-121.225,51.5,-121.225
1210,-121.2,51.5,-121.2
1201,-121.175,51.5,-121.175
1232,-121.15,51.5,-121.15
1262,-121.125,51.5,-121.125
1228,-121.1,51.5,-121.1
1198,-121.075,51.5,-121.075
1217,-121.05,51.5,-121.05
1165,-121.025,51.5,-121.025
1171,-121,51.5,-121
1169,-120.975,51.5,-120.975
1135,-120.95,51.5,-120.95
1132,-120.925,51.5,-120.925
1115,-120.9,51.5,-120.9
1134,-120.875,51.5,-120.875
1115,-120.85,51.5,-120.85
1124,-120.825,51.5,-120.825
1136,-120.8,51.5,-120.8
1168,-120.775,51.5,-120.775
1134,-120.75,51.5,-120.75
1145,-120.725,51.5,-120.725
1134,-120.7,51.5,-120.7
1200,-120.675,51.5,-120.675
1184,-120.65,51.5,-120.65
1130,-120.625,51.5,-120.625
1163,-120.6,51.5,-120.6
1242,-120.575,51.5,-120.575
1435,-120.55,51.5,-120.55
1529,-120.525,51.5,-120.525
1461,-120.5,51.5,-120.5
1336,-120.475,51.5,-120.475
1324,-120.45,51.5,-120.45
1410,-120.425,51.5,-120.425
1332,-120.4,51.5,-120.4
1297,-120.375,51.5,-120.375
1229,-120.35,51.5,-120.35
1231,-120.325,51.5,-120.325
1195,-120.3,51.5,-120.3
928,-120.275,51.5,-120.275
792,-120.25,51.5,-120.25
495,-120.225,51.5,-120.225
1007,-120.2,51.5,-120.2
390,-120.175,51.5,-120.175
984,-120.15,51.5,-120.15
732,-120.125,51.5,-120.125
783,-120.1,51.5,-120.1
1237,-120.075,51.5,-120.075
1703,-120.05,51.5,-120.05
1778,-120.025,51.5,-120.025
1396,-120,51.5,-120
1587,-119.975,51.5,-119.975
2048,-119.95,51.5,-119.95
2168,-119.925,51.5,-119.925
1980,-119.9,51.5,-119.9
1665,-119.875,51.5,-119.875
1356,-119.85,51.5,-119.85
1775,-119.825,51.5,-119.825
1809,-119.8,51.5,-119.8
1815,-119.775,51.5,-119.775
1757,-119.75,51.5,-119.75
1279,-119.725,51.5,-119.725
1784,-119.7,51.5,-119.7
1774,-119.675,51.5,-119.675
1777,-119.65,51.5,-119.65
1753,-119.625,51.5,-119.625
1686,-119.6,51.5,-119.6
1217,-119.575,51.5,-119.575
1439,-119.55,51.5,-119.55
1250,-119.525,51.5,-119.525
789,-119.5,51.5,-119.5
599,-119.475,51.5,-119.475
556,-119.45,51.5,-119.45
569,-119.425,51.5,-119.425
711,-119.4,51.5,-119.4
988,-119.375,51.5,-119.375
1205,-119.35,51.5,-119.35
1229,-119.325,51.5,-119.325
1216,-119.3,51.5,-119.3
1213,-119.275,51.5,-119.275
1376,-119.25,51.5,-119.25
1417,-119.225,51.5,-119.225
1339,-119.2,51.5,-119.2
872,-119.175,51.5,-119.175
1377,-119.15,51.5,-119.15
1571,-119.125,51.5,-119.125
1495,-119.1,51.5,-119.1
1557,-119.075,51.5,-119.075
1798,-119.05,51.5,-119.05
1214,-119.025,51.5,-119.025
1685,-119,51.5,-119
1781,-118.975,51.5,-118.975
1929,-118.95,51.5,-118.95
1154,-118.925,51.5,-118.925
620,-118.9,51.5,-118.9
1331,-118.875,51.5,-118.875
1703,-118.85,51.5,-118.85
1425,-118.825,51.5,-118.825
1611,-118.8,51.5,-118.8
1868,-118.775,51.5,-118.775
1738,-118.75,51.5,-118.75
1898,-118.725,51.5,-118.725
2212,-118.7,51.5,-118.7
2073,-118.675,51.5,-118.675
2312,-118.65,51.5,-118.65
1770,-118.625,51.5,-118.625
1560,-118.6,51.5,-118.6
1006,-118.575,51.5,-118.575
1593,-118.55,51.5,-118.55
1068,-118.525,51.5,-118.525
572,-118.5,51.5,-118.5
1362,-123,51.525,-123
1374,-122.975,51.525,-122.975
1447,-122.95,51.525,-122.95
1492,-122.925,51.525,-122.925
1556,-122.9,51.525,-122.9
1498,-122.875,51.525,-122.875
1550,-122.85,51.525,-122.85
1894,-122.825,51.525,-122.825
1702,-122.8,51.525,-122.8
1647,-122.775,51.525,-122.775
1511,-122.75,51.525,-122.75
1423,-122.725,51.525,-122.725
1359,-122.7,51.525,-122.7
1315,-122.675,51.525,-122.675
1298,-122.65,51.525,-122.65
1270,-122.625,51.525,-122.625
1238,-122.6,51.525,-122.6
1267,-122.575,51.525,-122.575
1258,-122.55,51.525,-122.55
1342,-122.525,51.525,-122.525
1364,-122.5,51.525,-122.5
1251,-122.475,51.525,-122.475
1202,-122.45,51.525,-122.45
948,-122.425,51.525,-122.425
916,-122.4,51.525,-122.4
717,-122.375,51.525,-122.375
625,-122.35,51.525,-122.35
454,-122.325,51.525,-122.325
512,-122.3,51.525,-122.3
476,-122.275,51.525,-122.275
1024,-122.25,51.525,-122.25
1080,-122.225,51.525,-122.225
1157,-122.2,51.525,-122.2
1256,-122.175,51.525,-122.175
1372,-122.15,51.525,-122.15
1390,-122.125,51.525,-122.125
1479,-122.1,51.525,-122.1
1534,-122.075,51.525,-122.075
1527,-122.05,51.525,-122.05
1453,-122.025,51.525,-122.025
1407,-122,51.525,-122
1260,-121.975,51.525,-121.975
1143,-121.95,51.525,-121.95
1094,-121.925,51.525,-121.925
1115,-121.9,51.525,-121.9
1126,-121.875,51.525,-121.875
1130,-121.85,51.525,-121.85
1156,-121.825,51.525,-121.825
1137,-121.8,51.525,-121.8
1158,-121.775,51.525,-121.775
1117,-121.75,51.525,-121.75
1111,-121.725,51.525,-121.725
1113,-121.7,51.525,-121.7
1103,-121.675,51.525,-121.675
1144,-121.65,51.525,-121.65
1150,-121.625,51.525,-121.625
1165,-121.6,51.525,-121.6
1157,-121.575,51.525,-121.575
1169,-121.55,51.525,-121.55
1167,-121.525,51.525,-121.525
1184,-121.5,51.525,-121.5
1196,-121.475,51.525,-121.475
1197,-121.45,51.525,-121.45
1192,-121.425,51.525,-121.425
1173,-121.4,51.525,-121.4
1186,-121.375,51.525,-121.375
1193,-121.35,51.525,-121.35
1181,-121.325,51.525,-121.325
1189,-121.3,51.525,-121.3
1191,-121.275,51.525,-121.275
1178,-121.25,51.525,-121.25
1177,-121.225,51.525,-121.225
1173,-121.2,51.525,-121.2
1163,-121.175,51.525,-121.175
1176,-121.15,51.525,-121.15
1196,-121.125,51.525,-121.125
1220,-121.1,51.525,-121.1
1227,-121.075,51.525,-121.075
1205,-121.05,51.525,-121.05
1176,-121.025,51.525,-121.025
1172,-121,51.525,-121
1129,-120.975,51.525,-120.975
1140,-120.95,51.525,-120.95
1115,-120.925,51.525,-120.925
1115,-120.9,51.525,-120.9
1138,-120.875,51.525,-120.875
1138,-120.85,51.525,-120.85
1136,-120.825,51.525,-120.825
1146,-120.8,51.525,-120.8
1164,-120.775,51.525,-120.775
1149,-120.75,51.525,-120.75
1171,-120.725,51.525,-120.725
1160,-120.7,51.525,-120.7
1151,-120.675,51.525,-120.675
1159,-120.65,51.525,-120.65
1187,-120.625,51.525,-120.625
1212,-120.6,51.525,-120.6
1266,-120.575,51.525,-120.575
1326,-120.55,51.525,-120.55
1343,-120.525,51.525,-120.525
1384,-120.5,51.525,-120.5
1411,-120.475,51.525,-120.475
1443,-120.45,51.525,-120.45
1457,-120.425,51.525,-120.425
1432,-120.4,51.525,-120.4
1345,-120.375,51.525,-120.375
1352,-120.35,51.525,-120.35
1250,-120.325,51.525,-120.325
1397,-120.3,51.525,-120.3
1297,-120.275,51.525,-120.275
1126,-120.25,51.525,-120.25
666,-120.225,51.525,-120.225
889,-120.2,51.525,-120.2
432,-120.175,51.525,-120.175
395,-120.15,51.525,-120.15
742,-120.125,51.525,-120.125
897,-120.1,51.525,-120.1
1505,-120.075,51.525,-120.075
1479,-120.05,51.525,-120.05
1820,-120.025,51.525,-120.025
1941,-120,51.525,-120
2014,-119.975,51.525,-119.975
1912,-119.95,51.525,-119.95
1885,-119.925,51.525,-119.925
1783,-119.9,51.525,-119.9
1712,-119.875,51.525,-119.875
1509,-119.85,51.525,-119.85
1697,-119.825,51.525,-119.825
1649,-119.8,51.525,-119.8
1495,-119.775,51.525,-119.775
1568,-119.75,51.525,-119.75
1559,-119.725,51.525,-119.725
1643,-119.7,51.525,-119.7
1769,-119.675,51.525,-119.675
1655,-119.65,51.525,-119.65
1690,-119.625,51.525,-119.625
1657,-119.6,51.525,-119.6
1448,-119.575,51.525,-119.575
1161,-119.55,51.525,-119.55
862,-119.525,51.525,-119.525
944,-119.5,51.525,-119.5
887,-119.475,51.525,-119.475
1222,-119.45,51.525,-119.45
1068,-119.425,51.525,-119.425
755,-119.4,51.525,-119.4
596,-119.375,51.525,-119.375
517,-119.35,51.525,-119.35
541,-119.325,51.525,-119.325
492,-119.3,51.525,-119.3
643,-119.275,51.525,-119.275
830,-119.25,51.525,-119.25
923,-119.225,51.525,-119.225
972,-119.2,51.525,-119.2
962,-119.175,51.525,-119.175
1102,-119.15,51.525,-119.15
1519,-119.125,51.525,-119.125
1483,-119.1,51.525,-119.1
1634,-119.075,51.525,-119.075
1911,-119.05,51.525,-119.05
1329,-119.025,51.525,-119.025
1878,-119,51.525,-119
2147,-118.975,51.525,-118.975
1893,-118.95,51.525,-118.95
1253,-118.925,51.525,-118.925
647,-118.9,51.525,-118.9
1344,-118.875,51.525,-118.875
2115,-118.85,51.525,-118.85
2200,-118.825,51.525,-118.825
2126,-118.8,51.525,-118.8
2138,-118.775,51.525,-118.775
2104,-118.75,51.525,-118.75
2365,-118.725,51.525,-118.725
1959,-118.7,51.525,-118.7
1511,-118.675,51.525,-118.675
2132,-118.65,51.525,-118.65
1592,-118.625,51.525,-118.625
1650,-118.6,51.525,-118.6
1100,-118.575,51.525,-118.575
964,-118.55,51.525,-118.55
668,-118.525,51.525,-118.525
816,-118.5,51.525,-118.5
1403,-123,51.55,-123
1605,-122.975,51.55,-122.975
1639,-122.95,51.55,-122.95
1703,-122.925,51.55,-122.925
1655,-122.9,51.55,-122.9
1551,-122.875,51.55,-122.875
1624,-122.85,51.55,-122.85
1615,-122.825,51.55,-122.825
1515,-122.8,51.55,-122.8
1476,-122.775,51.55,-122.775
1489,-122.75,51.55,-122.75
1473,-122.725,51.55,-122.725
1295,-122.7,51.55,-122.7
1290,-122.675,51.55,-122.675
1257,-122.65,51.55,-122.65
1203,-122.625,51.55,-122.625
1151,-122.6,51.55,-122.6
1172,-122.575,51.55,-122.575
1201,-122.55,51.55,-122.55
1167,-122.525,51.55,-122.525
1090,-122.5,51.55,-122.5
1023,-122.475,51.55,-122.475
939,-122.45,51.55,-122.45
943,-122.425,51.55,-122.425
859,-122.4,51.55,-122.4
718,-122.375,51.55,-122.375
638,-122.35,51.55,-122.35
656,-122.325,51.55,-122.325
531,-122.3,51.55,-122.3
596,-122.275,51.55,-122.275
1005,-122.25,51.55,-122.25
1053,-122.225,51.55,-122.225
1088,-122.2,51.55,-122.2
1179,-122.175,51.55,-122.175
1214,-122.15,51.55,-122.15
1301,-122.125,51.55,-122.125
1494,-122.1,51.55,-122.1
1413,-122.075,51.55,-122.075
1390,-122.05,51.55,-122.05
1283,-122.025,51.55,-122.025
1238,-122,51.55,-122
1174,-121.975,51.55,-121.975
1107,-121.95,51.55,-121.95
1102,-121.925,51.55,-121.925
1112,-121.9,51.55,-121.9
1109,-121.875,51.55,-121.875
1140,-121.85,51.55,-121.85
1152,-121.825,51.55,-121.825
1133,-121.8,51.55,-121.8
1099,-121.775,51.55,-121.775
1103,-121.75,51.55,-121.75
1082,-121.725,51.55,-121.725
1146,-121.7,51.55,-121.7
1148,-121.675,51.55,-121.675
1156,-121.65,51.55,-121.65
1175,-121.625,51.55,-121.625
1172,-121.6,51.55,-121.6
1203,-121.575,51.55,-121.575
1197,-121.55,51.55,-121.55
1206,-121.525,51.55,-121.525
1203,-121.5,51.55,-121.5
1245,-121.475,51.55,-121.475
1234,-121.45,51.55,-121.45
1228,-121.425,51.55,-121.425
1213,-121.4,51.55,-121.4
1210,-121.375,51.55,-121.375
1192,-121.35,51.55,-121.35
1190,-121.325,51.55,-121.325
1179,-121.3,51.55,-121.3
1170,-121.275,51.55,-121.275
1157,-121.25,51.55,-121.25
1155,-121.225,51.55,-121.225
1160,-121.2,51.55,-121.2
1178,-121.175,51.55,-121.175
1171,-121.15,51.55,-121.15
1152,-121.125,51.55,-121.125
1149,-121.1,51.55,-121.1
1159,-121.075,51.55,-121.075
1145,-121.05,51.55,-121.05
1109,-121.025,51.55,-121.025
1136,-121,51.55,-121
1101,-120.975,51.55,-120.975
1131,-120.95,51.55,-120.95
1115,-120.925,51.55,-120.925
1128,-120.9,51.55,-120.9
1141,-120.875,51.55,-120.875
1126,-120.85,51.55,-120.85
1130,-120.825,51.55,-120.825
1151,-120.8,51.55,-120.8
1222,-120.775,51.55,-120.775
1250,-120.75,51.55,-120.75
1363,-120.725,51.55,-120.725
1367,-120.7,51.55,-120.7
1350,-120.675,51.55,-120.675
1288,-120.65,51.55,-120.65
1299,-120.625,51.55,-120.625
1362,-120.6,51.55,-120.6
1236,-120.575,51.55,-120.575
1291,-120.55,51.55,-120.55
1420,-120.525,51.55,-120.525
1386,-120.5,51.55,-120.5
1352,-120.475,51.55,-120.475
1545,-120.45,51.55,-120.45
1481,-120.425,51.55,-120.425
1412,-120.4,51.55,-120.4
1358,-120.375,51.55,-120.375
1378,-120.35,51.55,-120.35
1278,-120.325,51.55,-120.325
1430,-120.3,51.55,-120.3
1420,-120.275,51.55,-120.275
1182,-120.25,51.55,-120.25
727,-120.225,51.55,-120.225
835,-120.2,51.55,-120.2
520,-120.175,51.55,-120.175
393,-120.15,51.55,-120.15
683,-120.125,51.55,-120.125
909,-120.1,51.55,-120.1
1401,-120.075,51.55,-120.075
1752,-120.05,51.55,-120.05
1709,-120.025,51.55,-120.025
1816,-120,51.55,-120
1752,-119.975,51.55,-119.975
1863,-119.95,51.55,-119.95
1749,-119.925,51.55,-119.925
1558,-119.9,51.55,-119.9
1277,-119.875,51.55,-119.875
1291,-119.85,51.55,-119.85
1148,-119.825,51.55,-119.825
1014,-119.8,51.55,-119.8
1028,-119.775,51.55,-119.775
1223,-119.75,51.55,-119.75
1204,-119.725,51.55,-119.725
1180,-119.7,51.55,-119.7
1073,-119.675,51.55,-119.675
1041,-119.65,51.55,-119.65
1226,-119.625,51.55,-119.625
1358,-119.6,51.55,-119.6
1334,-119.575,51.55,-119.575
1195,-119.55,51.55,-119.55
887,-119.525,51.55,-119.525
1501,-119.5,51.55,-119.5
1618,-119.475,51.55,-119.475
1766,-119.45,51.55,-119.45
1665,-119.425,51.55,-119.425
1397,-119.4,51.55,-119.4
1654,-119.375,51.55,-119.375
1158,-119.35,51.55,-119.35
1013,-119.325,51.55,-119.325
656,-119.3,51.55,-119.3
580,-119.275,51.55,-119.275
749,-119.25,51.55,-119.25
1180,-119.225,51.55,-119.225
1205,-119.2,51.55,-119.2
869,-119.175,51.55,-119.175
1326,-119.15,51.55,-119.15
1453,-119.125,51.55,-119.125
1525,-119.1,51.55,-119.1
1870,-119.075,51.55,-119.075
2092,-119.05,51.55,-119.05
1891,-119.025,51.55,-119.025
1756,-119,51.55,-119
1783,-118.975,51.55,-118.975
1858,-118.95,51.55,-118.95
1013,-118.925,51.55,-118.925
743,-118.9,51.55,-118.9
1509,-118.875,51.55,-118.875
1883,-118.85,51.55,-118.85
1834,-118.825,51.55,-118.825
1760,-118.8,51.55,-118.8
1912,-118.775,51.55,-118.775
1848,-118.75,51.55,-118.75
2019,-118.725,51.55,-118.725
1728,-118.7,51.55,-118.7
1326,-118.675,51.55,-118.675
1561,-118.65,51.55,-118.65
1724,-118.625,51.55,-118.625
1391,-118.6,51.55,-118.6
1056,-118.575,51.55,-118.575
645,-118.55,51.55,-118.55
805,-118.525,51.55,-118.525
1393,-118.5,51.55,-118.5
1372,-123,51.575,-123
1489,-122.975,51.575,-122.975
1697,-122.95,51.575,-122.95
1785,-122.925,51.575,-122.925
1744,-122.9,51.575,-122.9
1675,-122.875,51.575,-122.875
1668,-122.85,51.575,-122.85
1618,-122.825,51.575,-122.825
1600,-122.8,51.575,-122.8
1513,-122.775,51.575,-122.775
1418,-122.75,51.575,-122.75
1307,-122.725,51.575,-122.725
1255,-122.7,51.575,-122.7
1392,-122.675,51.575,-122.675
1379,-122.65,51.575,-122.65
1287,-122.625,51.575,-122.625
1246,-122.6,51.575,-122.6
1393,-122.575,51.575,-122.575
1246,-122.55,51.575,-122.55
1038,-122.525,51.575,-122.525
961,-122.5,51.575,-122.5
1113,-122.475,51.575,-122.475
1029,-122.45,51.575,-122.45
968,-122.425,51.575,-122.425
787,-122.4,51.575,-122.4
747,-122.375,51.575,-122.375
761,-122.35,51.575,-122.35
684,-122.325,51.575,-122.325
349,-122.3,51.575,-122.3
758,-122.275,51.575,-122.275
788,-122.25,51.575,-122.25
824,-122.225,51.575,-122.225
949,-122.2,51.575,-122.2
1051,-122.175,51.575,-122.175
1067,-122.15,51.575,-122.15
1103,-122.125,51.575,-122.125
1124,-122.1,51.575,-122.1
1162,-122.075,51.575,-122.075
1214,-122.05,51.575,-122.05
1212,-122.025,51.575,-122.025
1180,-122,51.575,-122
1100,-121.975,51.575,-121.975
1064,-121.95,51.575,-121.95
1082,-121.925,51.575,-121.925
1109,-121.9,51.575,-121.9
1117,-121.875,51.575,-121.875
1107,-121.85,51.575,-121.85
1077,-121.825,51.575,-121.825
1036,-121.8,51.575,-121.8
1072,-121.775,51.575,-121.775
1117,-121.75,51.575,-121.75
1145,-121.725,51.575,-121.725
1161,-121.7,51.575,-121.7
1185,-121.675,51.575,-121.675
1187,-121.65,51.575,-121.65
1197,-121.625,51.575,-121.625
1215,-121.6,51.575,-121.6
1214,-121.575,51.575,-121.575
1224,-121.55,51.575,-121.55
1216,-121.525,51.575,-121.525
1234,-121.5,51.575,-121.5
1254,-121.475,51.575,-121.475
1320,-121.45,51.575,-121.45
1298,-121.425,51.575,-121.425
1254,-121.4,51.575,-121.4
1216,-121.375,51.575,-121.375
1199,-121.35,51.575,-121.35
1184,-121.325,51.575,-121.325
1188,-121.3,51.575,-121.3
1144,-121.275,51.575,-121.275
1187,-121.25,51.575,-121.25
1152,-121.225,51.575,-121.225
1138,-121.2,51.575,-121.2
1089,-121.175,51.575,-121.175
1080,-121.15,51.575,-121.15
1046,-121.125,51.575,-121.125
1037,-121.1,51.575,-121.1
1072,-121.075,51.575,-121.075
1170,-121.05,51.575,-121.05
1146,-121.025,51.575,-121.025
1155,-121,51.575,-121
1146,-120.975,51.575,-120.975
1131,-120.95,51.575,-120.95
1090,-120.925,51.575,-120.925
1057,-120.9,51.575,-120.9
1115,-120.875,51.575,-120.875
1129,-120.85,51.575,-120.85
1156,-120.825,51.575,-120.825
1183,-120.8,51.575,-120.8
1175,-120.775,51.575,-120.775
1334,-120.75,51.575,-120.75
1460,-120.725,51.575,-120.725
1433,-120.7,51.575,-120.7
1341,-120.675,51.575,-120.675
1265,-120.65,51.575,-120.65
1347,-120.625,51.575,-120.625
1323,-120.6,51.575,-120.6
1404,-120.575,51.575,-120.575
1413,-120.55,51.575,-120.55
1305,-120.525,51.575,-120.525
1439,-120.5,51.575,-120.5
1429,-120.475,51.575,-120.475
1482,-120.45,51.575,-120.45
1414,-120.425,51.575,-120.425
1372,-120.4,51.575,-120.4
1499,-120.375,51.575,-120.375
1341,-120.35,51.575,-120.35
1340,-120.325,51.575,-120.325
1240,-120.3,51.575,-120.3
1345,-120.275,51.575,-120.275
878,-120.25,51.575,-120.25
1122,-120.225,51.575,-120.225
1302,-120.2,51.575,-120.2
950,-120.175,51.575,-120.175
410,-120.15,51.575,-120.15
393,-120.125,51.575,-120.125
697,-120.1,51.575,-120.1
1223,-120.075,51.575,-120.075
1297,-120.05,51.575,-120.05
1376,-120.025,51.575,-120.025
1478,-120,51.575,-120
1530,-119.975,51.575,-119.975
1347,-119.95,51.575,-119.95
994,-119.925,51.575,-119.925
939,-119.9,51.575,-119.9
726,-119.875,51.575,-119.875
505,-119.85,51.575,-119.85
478,-119.825,51.575,-119.825
521,-119.8,51.575,-119.8
459,-119.775,51.575,-119.775
485,-119.75,51.575,-119.75
623,-119.725,51.575,-119.725
738,-119.7,51.575,-119.7
798,-119.675,51.575,-119.675
1204,-119.65,51.575,-119.65
1290,-119.625,51.575,-119.625
1289,-119.6,51.575,-119.6
1281,-119.575,51.575,-119.575
1241,-119.55,51.575,-119.55
1219,-119.525,51.575,-119.525
1494,-119.5,51.575,-119.5
1873,-119.475,51.575,-119.475
1748,-119.45,51.575,-119.45
1733,-119.425,51.575,-119.425
1799,-119.4,51.575,-119.4
1841,-119.375,51.575,-119.375
1842,-119.35,51.575,-119.35
1725,-119.325,51.575,-119.325
954,-119.3,51.575,-119.3
526,-119.275,51.575,-119.275
785,-119.25,51.575,-119.25
1255,-119.225,51.575,-119.225
1501,-119.2,51.575,-119.2
1089,-119.175,51.575,-119.175
858,-119.15,51.575,-119.15
1320,-119.125,51.575,-119.125
1587,-119.1,51.575,-119.1
1416,-119.075,51.575,-119.075
1793,-119.05,51.575,-119.05
2184,-119.025,51.575,-119.025
2133,-119,51.575,-119
2282,-118.975,51.575,-118.975
1994,-118.95,51.575,-118.95
1025,-118.925,51.575,-118.925
799,-118.9,51.575,-118.9
1231,-118.875,51.575,-118.875
1876,-118.85,51.575,-118.85
1881,-118.825,51.575,-118.825
1421,-118.8,51.575,-118.8
1735,-118.775,51.575,-118.775
1518,-118.75,51.575,-118.75
1698,-118.725,51.575,-118.725
1758,-118.7,51.575,-118.7
1898,-118.675,51.575,-118.675
1727,-118.65,51.575,-118.65
1403,-118.625,51.575,-118.625
887,-118.6,51.575,-118.6
572,-118.575,51.575,-118.575
935,-118.55,51.575,-118.55
1694,-118.525,51.575,-118.525
1911,-118.5,51.575,-118.5
1336,-123,51.6,-123
1446,-122.975,51.6,-122.975
1458,-122.95,51.6,-122.95
1517,-122.925,51.6,-122.925
1651,-122.9,51.6,-122.9
1662,-122.875,51.6,-122.875
1662,-122.85,51.6,-122.85
1569,-122.825,51.6,-122.825
1512,-122.8,51.6,-122.8
1434,-122.775,51.6,-122.775
1419,-122.75,51.6,-122.75
1293,-122.725,51.6,-122.725
1315,-122.7,51.6,-122.7
1367,-122.675,51.6,-122.675
1450,-122.65,51.6,-122.65
1488,-122.625,51.6,-122.625
1209,-122.6,51.6,-122.6
1240,-122.575,51.6,-122.575
1035,-122.55,51.6,-122.55
989,-122.525,51.6,-122.525
1261,-122.5,51.6,-122.5
1296,-122.475,51.6,-122.475
1244,-122.45,51.6,-122.45
1132,-122.425,51.6,-122.425
956,-122.4,51.6,-122.4
894,-122.375,51.6,-122.375
826,-122.35,51.6,-122.35
743,-122.325,51.6,-122.325
472,-122.3,51.6,-122.3
850,-122.275,51.6,-122.275
1042,-122.25,51.6,-122.25
1043,-122.225,51.6,-122.225
1065,-122.2,51.6,-122.2
819,-122.175,51.6,-122.175
776,-122.15,51.6,-122.15
1075,-122.125,51.6,-122.125
1040,-122.1,51.6,-122.1
838,-122.075,51.6,-122.075
1211,-122.05,51.6,-122.05
1210,-122.025,51.6,-122.025
1153,-122,51.6,-122
992,-121.975,51.6,-121.975
1101,-121.95,51.6,-121.95
1102,-121.925,51.6,-121.925
1068,-121.9,51.6,-121.9
1066,-121.875,51.6,-121.875
1047,-121.85,51.6,-121.85
1035,-121.825,51.6,-121.825
1091,-121.8,51.6,-121.8
1145,-121.775,51.6,-121.775
1168,-121.75,51.6,-121.75
1189,-121.725,51.6,-121.725
1202,-121.7,51.6,-121.7
1211,-121.675,51.6,-121.675
1202,-121.65,51.6,-121.65
1203,-121.625,51.6,-121.625
1211,-121.6,51.6,-121.6
1211,-121.575,51.6,-121.575
1208,-121.55,51.6,-121.55
1220,-121.525,51.6,-121.525
1221,-121.5,51.6,-121.5
1223,-121.475,51.6,-121.475
1220,-121.45,51.6,-121.45
1212,-121.425,51.6,-121.425
1196,-121.4,51.6,-121.4
1277,-121.375,51.6,-121.375
1239,-121.35,51.6,-121.35
1205,-121.325,51.6,-121.325
1164,-121.3,51.6,-121.3
1096,-121.275,51.6,-121.275
1110,-121.25,51.6,-121.25
1059,-121.225,51.6,-121.225
1036,-121.2,51.6,-121.2
991,-121.175,51.6,-121.175
1072,-121.15,51.6,-121.15
1135,-121.125,51.6,-121.125
1084,-121.1,51.6,-121.1
991,-121.075,51.6,-121.075
1001,-121.05,51.6,-121.05
1022,-121.025,51.6,-121.025
994,-121,51.6,-121
1018,-120.975,51.6,-120.975
1104,-120.95,51.6,-120.95
1146,-120.925,51.6,-120.925
1063,-120.9,51.6,-120.9
1109,-120.875,51.6,-120.875
1158,-120.85,51.6,-120.85
1176,-120.825,51.6,-120.825
1225,-120.8,51.6,-120.8
1202,-120.775,51.6,-120.775
1131,-120.75,51.6,-120.75
1128,-120.725,51.6,-120.725
1145,-120.7,51.6,-120.7
1214,-120.675,51.6,-120.675
1397,-120.65,51.6,-120.65
1262,-120.625,51.6,-120.625
1187,-120.6,51.6,-120.6
1219,-120.575,51.6,-120.575
1492,-120.55,51.6,-120.55
1485,-120.525,51.6,-120.525
1516,-120.5,51.6,-120.5
1465,-120.475,51.6,-120.475
1551,-120.45,51.6,-120.45
1578,-120.425,51.6,-120.425
1500,-120.4,51.6,-120.4
1539,-120.375,51.6,-120.375
1340,-120.35,51.6,-120.35
1261,-120.325,51.6,-120.325
1217,-120.3,51.6,-120.3
1203,-120.275,51.6,-120.275
979,-120.25,51.6,-120.25
1060,-120.225,51.6,-120.225
714,-120.2,51.6,-120.2
1005,-120.175,51.6,-120.175
766,-120.15,51.6,-120.15
397,-120.125,51.6,-120.125
418,-120.1,51.6,-120.1
933,-120.075,51.6,-120.075
1121,-120.05,51.6,-120.05
1265,-120.025,51.6,-120.025
1166,-120,51.6,-120
800,-119.975,51.6,-119.975
567,-119.95,51.6,-119.95
485,-119.925,51.6,-119.925
421,-119.9,51.6,-119.9
700,-119.875,51.6,-119.875
890,-119.85,51.6,-119.85
861,-119.825,51.6,-119.825
900,-119.8,51.6,-119.8
876,-119.775,51.6,-119.775
911,-119.75,51.6,-119.75
700,-119.725,51.6,-119.725
534,-119.7,51.6,-119.7
456,-119.675,51.6,-119.675
610,-119.65,51.6,-119.65
964,-119.625,51.6,-119.625
1040,-119.6,51.6,-119.6
1190,-119.575,51.6,-119.575
1252,-119.55,51.6,-119.55
1296,-119.525,51.6,-119.525
1273,-119.5,51.6,-119.5
1383,-119.475,51.6,-119.475
1597,-119.45,51.6,-119.45
1692,-119.425,51.6,-119.425
1659,-119.4,51.6,-119.4
1713,-119.375,51.6,-119.375
1824,-119.35,51.6,-119.35
1852,-119.325,51.6,-119.325
1676,-119.3,51.6,-119.3
897,-119.275,51.6,-119.275
547,-119.25,51.6,-119.25
685,-119.225,51.6,-119.225
1102,-119.2,51.6,-119.2
1258,-119.175,51.6,-119.175
1044,-119.15,51.6,-119.15
1040,-119.125,51.6,-119.125
1722,-119.1,51.6,-119.1
1714,-119.075,51.6,-119.075
2019,-119.05,51.6,-119.05
1890,-119.025,51.6,-119.025
1830,-119,51.6,-119
1806,-118.975,51.6,-118.975
1496,-118.95,51.6,-118.95
926,-118.925,51.6,-118.925
1462,-118.9,51.6,-118.9
1218,-118.875,51.6,-118.875
1490,-118.85,51.6,-118.85
1891,-118.825,51.6,-118.825
1705,-118.8,51.6,-118.8
1363,-118.775,51.6,-118.775
948,-118.75,51.6,-118.75
959,-118.725,51.6,-118.725
1080,-118.7,51.6,-118.7
1498,-118.675,51.6,-118.675
1291,-118.65,51.6,-118.65
829,-118.625,51.6,-118.625
663,-118.6,51.6,-118.6
1040,-118.575,51.6,-118.575
1372,-118.55,51.6,-118.55
1723,-118.525,51.6,-118.525
1786,-118.5,51.6,-118.5
1324,-123,51.625,-123
1370,-122.975,51.625,-122.975
1534,-122.95,51.625,-122.95
1488,-122.925,51.625,-122.925
1408,-122.9,51.625,-122.9
1537,-122.875,51.625,-122.875
1644,-122.85,51.625,-122.85
1525,-122.825,51.625,-122.825
1455,-122.8,51.625,-122.8
1467,-122.775,51.625,-122.775
1301,-122.75,51.625,-122.75
1231,-122.725,51.625,-122.725
1208,-122.7,51.625,-122.7
1193,-122.675,51.625,-122.675
1160,-122.65,51.625,-122.65
1126,-122.625,51.625,-122.625
1158,-122.6,51.625,-122.6
1017,-122.575,51.625,-122.575
1152,-122.55,51.625,-122.55
1354,-122.525,51.625,-122.525
1436,-122.5,51.625,-122.5
1327,-122.475,51.625,-122.475
1236,-122.45,51.625,-122.45
1110,-122.425,51.625,-122.425
1023,-122.4,51.625,-122.4
913,-122.375,51.625,-122.375
802,-122.35,51.625,-122.35
378,-122.325,51.625,-122.325
557,-122.3,51.625,-122.3
1017,-122.275,51.625,-122.275
1029,-122.25,51.625,-122.25
980,-122.225,51.625,-122.225
1079,-122.2,51.625,-122.2
1241,-122.175,51.625,-122.175
1177,-122.15,51.625,-122.15
1160,-122.125,51.625,-122.125
1102,-122.1,51.625,-122.1
1036,-122.075,51.625,-122.075
904,-122.05,51.625,-122.05
954,-122.025,51.625,-122.025
962,-122,51.625,-122
1056,-121.975,51.625,-121.975
1060,-121.95,51.625,-121.95
1051,-121.925,51.625,-121.925
1021,-121.9,51.625,-121.9
985,-121.875,51.625,-121.875
1059,-121.85,51.625,-121.85
1119,-121.825,51.625,-121.825
1156,-121.8,51.625,-121.8
1187,-121.775,51.625,-121.775
1198,-121.75,51.625,-121.75
1214,-121.725,51.625,-121.725
1219,-121.7,51.625,-121.7
1210,-121.675,51.625,-121.675
1195,-121.65,51.625,-121.65
1196,-121.625,51.625,-121.625
1177,-121.6,51.625,-121.6
1178,-121.575,51.625,-121.575
1167,-121.55,51.625,-121.55
1181,-121.525,51.625,-121.525
1167,-121.5,51.625,-121.5
1186,-121.475,51.625,-121.475
1167,-121.45,51.625,-121.45
1089,-121.425,51.625,-121.425
1194,-121.4,51.625,-121.4
1207,-121.375,51.625,-121.375
1202,-121.35,51.625,-121.35
1142,-121.325,51.625,-121.325
1031,-121.3,51.625,-121.3
991,-121.275,51.625,-121.275
1195,-121.25,51.625,-121.25
1169,-121.225,51.625,-121.225
1170,-121.2,51.625,-121.2
1154,-121.175,51.625,-121.175
1108,-121.15,51.625,-121.15
1083,-121.125,51.625,-121.125
1085,-121.1,51.625,-121.1
1107,-121.075,51.625,-121.075
1125,-121.05,51.625,-121.05
1080,-121.025,51.625,-121.025
1063,-121,51.625,-121
1137,-120.975,51.625,-120.975
1162,-120.95,51.625,-120.95
1159,-120.925,51.625,-120.925
1168,-120.9,51.625,-120.9
1207,-120.875,51.625,-120.875
1116,-120.85,51.625,-120.85
1140,-120.825,51.625,-120.825
1152,-120.8,51.625,-120.8
1151,-120.775,51.625,-120.775
1320,-120.75,51.625,-120.75
1368,-120.725,51.625,-120.725
1120,-120.7,51.625,-120.7
1182,-120.675,51.625,-120.675
1247,-120.65,51.625,-120.65
1237,-120.625,51.625,-120.625
1287,-120.6,51.625,-120.6
1342,-120.575,51.625,-120.575
1523,-120.55,51.625,-120.55
1478,-120.525,51.625,-120.525
1463,-120.5,51.625,-120.5
1591,-120.475,51.625,-120.475
1519,-120.45,51.625,-120.45
1459,-120.425,51.625,-120.425
1393,-120.4,51.625,-120.4
1256,-120.375,51.625,-120.375
1193,-120.35,51.625,-120.35
1206,-120.325,51.625,-120.325
1249,-120.3,51.625,-120.3
1164,-120.275,51.625,-120.275
1091,-120.25,51.625,-120.25
867,-120.225,51.625,-120.225
1129,-120.2,51.625,-120.2
1221,-120.175,51.625,-120.175
896,-120.15,51.625,-120.15
581,-120.125,51.625,-120.125
440,-120.1,51.625,-120.1
524,-120.075,51.625,-120.075
784,-120.05,51.625,-120.05
656,-120.025,51.625,-120.025
729,-120,51.625,-120
417,-119.975,51.625,-119.975
419,-119.95,51.625,-119.95
828,-119.925,51.625,-119.925
1224,-119.9,51.625,-119.9
1432,-119.875,51.625,-119.875
1511,-119.85,51.625,-119.85
1462,-119.825,51.625,-119.825
1415,-119.8,51.625,-119.8
1346,-119.775,51.625,-119.775
1374,-119.75,51.625,-119.75
1184,-119.725,51.625,-119.725
664,-119.7,51.625,-119.7
592,-119.675,51.625,-119.675
885,-119.65,51.625,-119.65
1295,-119.625,51.625,-119.625
1197,-119.6,51.625,-119.6
992,-119.575,51.625,-119.575
1098,-119.55,51.625,-119.55
1331,-119.525,51.625,-119.525
1341,-119.5,51.625,-119.5
1246,-119.475,51.625,-119.475
1322,-119.45,51.625,-119.45
1400,-119.425,51.625,-119.425
1345,-119.4,51.625,-119.4
1481,-119.375,51.625,-119.375
1730,-119.35,51.625,-119.35
1858,-119.325,51.625,-119.325
1829,-119.3,51.625,-119.3
1587,-119.275,51.625,-119.275
1093,-119.25,51.625,-119.25
956,-119.225,51.625,-119.225
557,-119.2,51.625,-119.2
658,-119.175,51.625,-119.175
882,-119.15,51.625,-119.15
1175,-119.125,51.625,-119.125
1445,-119.1,51.625,-119.1
1546,-119.075,51.625,-119.075
1762,-119.05,51.625,-119.05
1054,-119.025,51.625,-119.025
1795,-119,51.625,-119
2458,-118.975,51.625,-118.975
1358,-118.95,51.625,-118.95
1333,-118.925,51.625,-118.925
1718,-118.9,51.625,-118.9
1518,-118.875,51.625,-118.875
1948,-118.85,51.625,-118.85
2102,-118.825,51.625,-118.825
2162,-118.8,51.625,-118.8
2100,-118.775,51.625,-118.775
1986,-118.75,51.625,-118.75
1599,-118.725,51.625,-118.725
750,-118.7,51.625,-118.7
1270,-118.675,51.625,-118.675
1058,-118.65,51.625,-118.65
572,-118.625,51.625,-118.625
846,-118.6,51.625,-118.6
977,-118.575,51.625,-118.575
700,-118.55,51.625,-118.55
1152,-118.525,51.625,-118.525
1017,-118.5,51.625,-118.5
1247,-123,51.65,-123
1251,-122.975,51.65,-122.975
1269,-122.95,51.65,-122.95
1381,-122.925,51.65,-122.925
1386,-122.9,51.65,-122.9
1520,-122.875,51.65,-122.875
1429,-122.85,51.65,-122.85
1322,-122.825,51.65,-122.825
1250,-122.8,51.65,-122.8
1200,-122.775,51.65,-122.775
1191,-122.75,51.65,-122.75
1155,-122.725,51.65,-122.725
1151,-122.7,51.65,-122.7
1073,-122.675,51.65,-122.675
1124,-122.65,51.65,-122.65
1166,-122.625,51.65,-122.625
1153,-122.6,51.65,-122.6
1275,-122.575,51.65,-122.575
1425,-122.55,51.65,-122.55
1286,-122.525,51.65,-122.525
1255,-122.5,51.65,-122.5
1283,-122.475,51.65,-122.475
1281,-122.45,51.65,-122.45
1141,-122.425,51.65,-122.425
1111,-122.4,51.65,-122.4
961,-122.375,51.65,-122.375
694,-122.35,51.65,-122.35
335,-122.325,51.65,-122.325
829,-122.3,51.65,-122.3
991,-122.275,51.65,-122.275
1046,-122.25,51.65,-122.25
1063,-122.225,51.65,-122.225
1042,-122.2,51.65,-122.2
1027,-122.175,51.65,-122.175
1066,-122.15,51.65,-122.15
1159,-122.125,51.65,-122.125
1129,-122.1,51.65,-122.1
1034,-122.075,51.65,-122.075
929,-122.05,51.65,-122.05
1018,-122.025,51.65,-122.025
1009,-122,51.65,-122
1002,-121.975,51.65,-121.975
997,-121.95,51.65,-121.95
1024,-121.925,51.65,-121.925
1049,-121.9,51.65,-121.9
1093,-121.875,51.65,-121.875
1121,-121.85,51.65,-121.85
1164,-121.825,51.65,-121.825
1180,-121.8,51.65,-121.8
1182,-121.775,51.65,-121.775
1185,-121.75,51.65,-121.75
1194,-121.725,51.65,-121.725
1190,-121.7,51.65,-121.7
1181,-121.675,51.65,-121.675
1173,-121.65,51.65,-121.65
1182,-121.625,51.65,-121.625
1178,-121.6,51.65,-121.6
1183,-121.575,51.65,-121.575
1194,-121.55,51.65,-121.55
1173,-121.525,51.65,-121.525
1182,-121.5,51.65,-121.5
1168,-121.475,51.65,-121.475
1122,-121.45,51.65,-121.45
1098,-121.425,51.65,-121.425
1015,-121.4,51.65,-121.4
978,-121.375,51.65,-121.375
932,-121.35,51.65,-121.35
947,-121.325,51.65,-121.325
938,-121.3,51.65,-121.3
930,-121.275,51.65,-121.275
913,-121.25,51.65,-121.25
925,-121.225,51.65,-121.225
1025,-121.2,51.65,-121.2
1034,-121.175,51.65,-121.175
1045,-121.15,51.65,-121.15
1073,-121.125,51.65,-121.125
1098,-121.1,51.65,-121.1
1067,-121.075,51.65,-121.075
1097,-121.05,51.65,-121.05
1122,-121.025,51.65,-121.025
1077,-121,51.65,-121
1101,-120.975,51.65,-120.975
1125,-120.95,51.65,-120.95
1201,-120.925,51.65,-120.925
1281,-120.9,51.65,-120.9
1287,-120.875,51.65,-120.875
1338,-120.85,51.65,-120.85
1180,-120.825,51.65,-120.825
1231,-120.8,51.65,-120.8
1115,-120.775,51.65,-120.775
1571,-120.75,51.65,-120.75
1431,-120.725,51.65,-120.725
1151,-120.7,51.65,-120.7
1204,-120.675,51.65,-120.675
1466,-120.65,51.65,-120.65
1575,-120.625,51.65,-120.625
1423,-120.6,51.65,-120.6
1395,-120.575,51.65,-120.575
1562,-120.55,51.65,-120.55
1581,-120.525,51.65,-120.525
1623,-120.5,51.65,-120.5
1768,-120.475,51.65,-120.475
1550,-120.45,51.65,-120.45
1289,-120.425,51.65,-120.425
1194,-120.4,51.65,-120.4
1239,-120.375,51.65,-120.375
1283,-120.35,51.65,-120.35
1286,-120.325,51.65,-120.325
1212,-120.3,51.65,-120.3
1095,-120.275,51.65,-120.275
932,-120.25,51.65,-120.25
1163,-120.225,51.65,-120.225
1155,-120.2,51.65,-120.2
1036,-120.175,51.65,-120.175
923,-120.15,51.65,-120.15
683,-120.125,51.65,-120.125
485,-120.1,51.65,-120.1
437,-120.075,51.65,-120.075
411,-120.05,51.65,-120.05
450,-120.025,51.65,-120.025
434,-120,51.65,-120
632,-119.975,51.65,-119.975
700,-119.95,51.65,-119.95
995,-119.925,51.65,-119.925
1304,-119.9,51.65,-119.9
1400,-119.875,51.65,-119.875
1309,-119.85,51.65,-119.85
1387,-119.825,51.65,-119.825
1319,-119.8,51.65,-119.8
1186,-119.775,51.65,-119.775
1429,-119.75,51.65,-119.75
1559,-119.725,51.65,-119.725
769,-119.7,51.65,-119.7
501,-119.675,51.65,-119.675
763,-119.65,51.65,-119.65
998,-119.625,51.65,-119.625
1074,-119.6,51.65,-119.6
939,-119.575,51.65,-119.575
816,-119.55,51.65,-119.55
818,-119.525,51.65,-119.525
962,-119.5,51.65,-119.5
868,-119.475,51.65,-119.475
1019,-119.45,51.65,-119.45
1035,-119.425,51.65,-119.425
1129,-119.4,51.65,-119.4
969,-119.375,51.65,-119.375
1110,-119.35,51.65,-119.35
1336,-119.325,51.65,-119.325
1604,-119.3,51.65,-119.3
1686,-119.275,51.65,-119.275
1403,-119.25,51.65,-119.25
1607,-119.225,51.65,-119.225
985,-119.2,51.65,-119.2
684,-119.175,51.65,-119.175
648,-119.15,51.65,-119.15
1248,-119.125,51.65,-119.125
1362,-119.1,51.65,-119.1
1451,-119.075,51.65,-119.075
1602,-119.05,51.65,-119.05
1574,-119.025,51.65,-119.025
2091,-119,51.65,-119
2307,-118.975,51.65,-118.975
1336,-118.95,51.65,-118.95
1529,-118.925,51.65,-118.925
2023,-118.9,51.65,-118.9
2303,-118.875,51.65,-118.875
2353,-118.85,51.65,-118.85
1725,-118.825,51.65,-118.825
1895,-118.8,51.65,-118.8
1550,-118.775,51.65,-118.775
1320,-118.75,51.65,-118.75
1594,-118.725,51.65,-118.725
1633,-118.7,51.65,-118.7
1209,-118.675,51.65,-118.675
653,-118.65,51.65,-118.65
572,-118.625,51.65,-118.625
913,-118.6,51.65,-118.6
907,-118.575,51.65,-118.575
809,-118.55,51.65,-118.55
620,-118.525,51.65,-118.525
626,-118.5,51.65,-118.5
1183,-123,51.675,-123
1167,-122.975,51.675,-122.975
1173,-122.95,51.675,-122.95
1247,-122.925,51.675,-122.925
1202,-122.9,51.675,-122.9
1206,-122.875,51.675,-122.875
1197,-122.85,51.675,-122.85
1163,-122.825,51.675,-122.825
1178,-122.8,51.675,-122.8
1166,-122.775,51.675,-122.775
1190,-122.75,51.675,-122.75
1165,-122.725,51.675,-122.725
1126,-122.7,51.675,-122.7
1195,-122.675,51.675,-122.675
1200,-122.65,51.675,-122.65
1213,-122.625,51.675,-122.625
1298,-122.6,51.675,-122.6
1376,-122.575,51.675,-122.575
1312,-122.55,51.675,-122.55
1360,-122.525,51.675,-122.525
1262,-122.5,51.675,-122.5
1305,-122.475,51.675,-122.475
1290,-122.45,51.675,-122.45
1147,-122.425,51.675,-122.425
1050,-122.4,51.675,-122.4
936,-122.375,51.675,-122.375
446,-122.35,51.675,-122.35
636,-122.325,51.675,-122.325
868,-122.3,51.675,-122.3
1019,-122.275,51.675,-122.275
1071,-122.25,51.675,-122.25
1101,-122.225,51.675,-122.225
1127,-122.2,51.675,-122.2
1141,-122.175,51.675,-122.175
1241,-122.15,51.675,-122.15
1234,-122.125,51.675,-122.125
1135,-122.1,51.675,-122.1
1085,-122.075,51.675,-122.075
1053,-122.05,51.675,-122.05
1039,-122.025,51.675,-122.025
1058,-122,51.675,-122
1069,-121.975,51.675,-121.975
1072,-121.95,51.675,-121.95
1081,-121.925,51.675,-121.925
1101,-121.9,51.675,-121.9
1130,-121.875,51.675,-121.875
1149,-121.85,51.675,-121.85
1171,-121.825,51.675,-121.825
1160,-121.8,51.675,-121.8
1167,-121.775,51.675,-121.775
1177,-121.75,51.675,-121.75
1177,-121.725,51.675,-121.725
1177,-121.7,51.675,-121.7
1174,-121.675,51.675,-121.675
1181,-121.65,51.675,-121.65
1168,-121.625,51.675,-121.625
1153,-121.6,51.675,-121.6
1140,-121.575,51.675,-121.575
1125,-121.55,51.675,-121.55
1109,-121.525,51.675,-121.525
1067,-121.5,51.675,-121.5
1028,-121.475,51.675,-121.475
1119,-121.45,51.675,-121.45
1067,-121.425,51.675,-121.425
1079,-121.4,51.675,-121.4
1052,-121.375,51.675,-121.375
1010,-121.35,51.675,-121.35
976,-121.325,51.675,-121.325
985,-121.3,51.675,-121.3
944,-121.275,51.675,-121.275
990,-121.25,51.675,-121.25
982,-121.225,51.675,-121.225
929,-121.2,51.675,-121.2
972,-121.175,51.675,-121.175
993,-121.15,51.675,-121.15
1022,-121.125,51.675,-121.125
1057,-121.1,51.675,-121.1
1073,-121.075,51.675,-121.075
1084,-121.05,51.675,-121.05
1124,-121.025,51.675,-121.025
1049,-121,51.675,-121
1081,-120.975,51.675,-120.975
1153,-120.95,51.675,-120.95
1149,-120.925,51.675,-120.925
1166,-120.9,51.675,-120.9
1208,-120.875,51.675,-120.875
1245,-120.85,51.675,-120.85
1135,-120.825,51.675,-120.825
1194,-120.8,51.675,-120.8
1112,-120.775,51.675,-120.775
1382,-120.75,51.675,-120.75
1429,-120.725,51.675,-120.725
1095,-120.7,51.675,-120.7
1241,-120.675,51.675,-120.675
1431,-120.65,51.675,-120.65
1441,-120.625,51.675,-120.625
1513,-120.6,51.675,-120.6
1608,-120.575,51.675,-120.575
1745,-120.55,51.675,-120.55
1619,-120.525,51.675,-120.525
1635,-120.5,51.675,-120.5
1327,-120.475,51.675,-120.475
1243,-120.45,51.675,-120.45
1404,-120.425,51.675,-120.425
1453,-120.4,51.675,-120.4
1309,-120.375,51.675,-120.375
1249,-120.35,51.675,-120.35
1059,-120.325,51.675,-120.325
1086,-120.3,51.675,-120.3
1307,-120.275,51.675,-120.275
1529,-120.25,51.675,-120.25
1627,-120.225,51.675,-120.225
1686,-120.2,51.675,-120.2
1301,-120.175,51.675,-120.175
1073,-120.15,51.675,-120.15
862,-120.125,51.675,-120.125
834,-120.1,51.675,-120.1
621,-120.075,51.675,-120.075
446,-120.05,51.675,-120.05
655,-120.025,51.675,-120.025
676,-120,51.675,-120
915,-119.975,51.675,-119.975
973,-119.95,51.675,-119.95
871,-119.925,51.675,-119.925
774,-119.9,51.675,-119.9
787,-119.875,51.675,-119.875
882,-119.85,51.675,-119.85
912,-119.825,51.675,-119.825
889,-119.8,51.675,-119.8
689,-119.775,51.675,-119.775
903,-119.75,51.675,-119.75
1276,-119.725,51.675,-119.725
1417,-119.7,51.675,-119.7
731,-119.675,51.675,-119.675
591,-119.65,51.675,-119.65
612,-119.625,51.675,-119.625
657,-119.6,51.675,-119.6
851,-119.575,51.675,-119.575
602,-119.55,51.675,-119.55
606,-119.525,51.675,-119.525
582,-119.5,51.675,-119.5
668,-119.475,51.675,-119.475
573,-119.45,51.675,-119.45
589,-119.425,51.675,-119.425
810,-119.4,51.675,-119.4
880,-119.375,51.675,-119.375
870,-119.35,51.675,-119.35
1188,-119.325,51.675,-119.325
1480,-119.3,51.675,-119.3
1228,-119.275,51.675,-119.275
1265,-119.25,51.675,-119.25
1314,-119.225,51.675,-119.225
1085,-119.2,51.675,-119.2
682,-119.175,51.675,-119.175
656,-119.15,51.675,-119.15
1657,-119.125,51.675,-119.125
1835,-119.1,51.675,-119.1
1910,-119.075,51.675,-119.075
2147,-119.05,51.675,-119.05
2086,-119.025,51.675,-119.025
2212,-119,51.675,-119
2155,-118.975,51.675,-118.975
1423,-118.95,51.675,-118.95
1981,-118.925,51.675,-118.925
1915,-118.9,51.675,-118.9
1787,-118.875,51.675,-118.875
1789,-118.85,51.675,-118.85
1771,-118.825,51.675,-118.825
1611,-118.8,51.675,-118.8
1557,-118.775,51.675,-118.775
1469,-118.75,51.675,-118.75
1736,-118.725,51.675,-118.725
1071,-118.7,51.675,-118.7
769,-118.675,51.675,-118.675
625,-118.65,51.675,-118.65
651,-118.625,51.675,-118.625
634,-118.6,51.675,-118.6
625,-118.575,51.675,-118.575
802,-118.55,51.675,-118.55
1566,-118.525,51.675,-118.525
1597,-118.5,51.675,-118.5
1153,-123,51.7,-123
1161,-122.975,51.7,-122.975
1151,-122.95,51.7,-122.95
1143,-122.925,51.7,-122.925
1136,-122.9,51.7,-122.9
1140,-122.875,51.7,-122.875
1139,-122.85,51.7,-122.85
1147,-122.825,51.7,-122.825
1175,-122.8,51.7,-122.8
1118,-122.775,51.7,-122.775
1134,-122.75,51.7,-122.75
1113,-122.725,51.7,-122.725
1163,-122.7,51.7,-122.7
1187,-122.675,51.7,-122.675
1183,-122.65,51.7,-122.65
1237,-122.625,51.7,-122.625
1212,-122.6,51.7,-122.6
1322,-122.575,51.7,-122.575
1390,-122.55,51.7,-122.55
1519,-122.525,51.7,-122.525
1466,-122.5,51.7,-122.5
1300,-122.475,51.7,-122.475
1167,-122.45,51.7,-122.45
1073,-122.425,51.7,-122.425
934,-122.4,51.7,-122.4
633,-122.375,51.7,-122.375
442,-122.35,51.7,-122.35
634,-122.325,51.7,-122.325
861,-122.3,51.7,-122.3
1003,-122.275,51.7,-122.275
1108,-122.25,51.7,-122.25
1168,-122.225,51.7,-122.225
1208,-122.2,51.7,-122.2
1349,-122.175,51.7,-122.175
1376,-122.15,51.7,-122.15
1342,-122.125,51.7,-122.125
1146,-122.1,51.7,-122.1
1074,-122.075,51.7,-122.075
1044,-122.05,51.7,-122.05
1066,-122.025,51.7,-122.025
1082,-122,51.7,-122
1082,-121.975,51.7,-121.975
1091,-121.95,51.7,-121.95
1095,-121.925,51.7,-121.925
1100,-121.9,51.7,-121.9
1123,-121.875,51.7,-121.875
1140,-121.85,51.7,-121.85
1146,-121.825,51.7,-121.825
1165,-121.8,51.7,-121.8
1160,-121.775,51.7,-121.775
1158,-121.75,51.7,-121.75
1143,-121.725,51.7,-121.725
1142,-121.7,51.7,-121.7
1130,-121.675,51.7,-121.675
1105,-121.65,51.7,-121.65
1114,-121.625,51.7,-121.625
1081,-121.6,51.7,-121.6
1063,-121.575,51.7,-121.575
1025,-121.55,51.7,-121.55
1001,-121.525,51.7,-121.525
1003,-121.5,51.7,-121.5
1024,-121.475,51.7,-121.475
985,-121.45,51.7,-121.45
941,-121.425,51.7,-121.425
957,-121.4,51.7,-121.4
934,-121.375,51.7,-121.375
892,-121.35,51.7,-121.35
887,-121.325,51.7,-121.325
906,-121.3,51.7,-121.3
969,-121.275,51.7,-121.275
1029,-121.25,51.7,-121.25
991,-121.225,51.7,-121.225
889,-121.2,51.7,-121.2
914,-121.175,51.7,-121.175
976,-121.15,51.7,-121.15
1002,-121.125,51.7,-121.125
991,-121.1,51.7,-121.1
995,-121.075,51.7,-121.075
1003,-121.05,51.7,-121.05
999,-121.025,51.7,-121.025
1049,-121,51.7,-121
1149,-120.975,51.7,-120.975
1070,-120.95,51.7,-120.95
1064,-120.925,51.7,-120.925
1062,-120.9,51.7,-120.9
1141,-120.875,51.7,-120.875
1121,-120.85,51.7,-120.85
1127,-120.825,51.7,-120.825
1200,-120.8,51.7,-120.8
1247,-120.775,51.7,-120.775
1198,-120.75,51.7,-120.75
1352,-120.725,51.7,-120.725
1095,-120.7,51.7,-120.7
1207,-120.675,51.7,-120.675
1534,-120.65,51.7,-120.65
1408,-120.625,51.7,-120.625
1504,-120.6,51.7,-120.6
1470,-120.575,51.7,-120.575
1403,-120.55,51.7,-120.55
1316,-120.525,51.7,-120.525
1280,-120.5,51.7,-120.5
1226,-120.475,51.7,-120.475
1294,-120.45,51.7,-120.45
1505,-120.425,51.7,-120.425
1357,-120.4,51.7,-120.4
1131,-120.375,51.7,-120.375
1072,-120.35,51.7,-120.35
1230,-120.325,51.7,-120.325
1379,-120.3,51.7,-120.3
1669,-120.275,51.7,-120.275
1873,-120.25,51.7,-120.25
1791,-120.225,51.7,-120.225
1511,-120.2,51.7,-120.2
1407,-120.175,51.7,-120.175
1324,-120.15,51.7,-120.15
1250,-120.125,51.7,-120.125
1210,-120.1,51.7,-120.1
1051,-120.075,51.7,-120.075
800,-120.05,51.7,-120.05
691,-120.025,51.7,-120.025
725,-120,51.7,-120
1044,-119.975,51.7,-119.975
1307,-119.95,51.7,-119.95
1544,-119.925,51.7,-119.925
1676,-119.9,51.7,-119.9
1688,-119.875,51.7,-119.875
1685,-119.85,51.7,-119.85
1673,-119.825,51.7,-119.825
1409,-119.8,51.7,-119.8
1061,-119.775,51.7,-119.775
708,-119.75,51.7,-119.75
793,-119.725,51.7,-119.725
969,-119.7,51.7,-119.7
1123,-119.675,51.7,-119.675
1216,-119.65,51.7,-119.65
1245,-119.625,51.7,-119.625
1067,-119.6,51.7,-119.6
711,-119.575,51.7,-119.575
1071,-119.55,51.7,-119.55
1231,-119.525,51.7,-119.525
1001,-119.5,51.7,-119.5
1123,-119.475,51.7,-119.475
1143,-119.45,51.7,-119.45
1019,-119.425,51.7,-119.425
653,-119.4,51.7,-119.4
596,-119.375,51.7,-119.375
1158,-119.35,51.7,-119.35
1208,-119.325,51.7,-119.325
1111,-119.3,51.7,-119.3
1401,-119.275,51.7,-119.275
1674,-119.25,51.7,-119.25
1469,-119.225,51.7,-119.225
948,-119.2,51.7,-119.2
564,-119.175,51.7,-119.175
906,-119.15,51.7,-119.15
1783,-119.125,51.7,-119.125
1697,-119.1,51.7,-119.1
1598,-119.075,51.7,-119.075
1613,-119.05,51.7,-119.05
1968,-119.025,51.7,-119.025
2253,-119,51.7,-119
2327,-118.975,51.7,-118.975
1454,-118.95,51.7,-118.95
2035,-118.925,51.7,-118.925
1669,-118.9,51.7,-118.9
1649,-118.875,51.7,-118.875
1562,-118.85,51.7,-118.85
1705,-118.825,51.7,-118.825
1650,-118.8,51.7,-118.8
1440,-118.775,51.7,-118.775
1420,-118.75,51.7,-118.75
1037,-118.725,51.7,-118.725
637,-118.7,51.7,-118.7
604,-118.675,51.7,-118.675
572,-118.65,51.7,-118.65
852,-118.625,51.7,-118.625
878,-118.6,51.7,-118.6
1073,-118.575,51.7,-118.575
1441,-118.55,51.7,-118.55
1635,-118.525,51.7,-118.525
1740,-118.5,51.7,-118.5
1109,-123,51.725,-123
1107,-122.975,51.725,-122.975
1093,-122.95,51.725,-122.95
1114,-122.925,51.725,-122.925
1127,-122.9,51.725,-122.9
1119,-122.875,51.725,-122.875
1117,-122.85,51.725,-122.85
1118,-122.825,51.725,-122.825
1111,-122.8,51.725,-122.8
1114,-122.775,51.725,-122.775
1098,-122.75,51.725,-122.75
1068,-122.725,51.725,-122.725
1117,-122.7,51.725,-122.7
1116,-122.675,51.725,-122.675
1141,-122.65,51.725,-122.65
1159,-122.625,51.725,-122.625
1260,-122.6,51.725,-122.6
1362,-122.575,51.725,-122.575
1305,-122.55,51.725,-122.55
1369,-122.525,51.725,-122.525
1496,-122.5,51.725,-122.5
1322,-122.475,51.725,-122.475
1178,-122.45,51.725,-122.45
764,-122.425,51.725,-122.425
546,-122.4,51.725,-122.4
370,-122.375,51.725,-122.375
580,-122.35,51.725,-122.35
685,-122.325,51.725,-122.325
926,-122.3,51.725,-122.3
1042,-122.275,51.725,-122.275
1154,-122.25,51.725,-122.25
1200,-122.225,51.725,-122.225
1228,-122.2,51.725,-122.2
1232,-122.175,51.725,-122.175
1179,-122.15,51.725,-122.15
1246,-122.125,51.725,-122.125
1084,-122.1,51.725,-122.1
1056,-122.075,51.725,-122.075
1048,-122.05,51.725,-122.05
1063,-122.025,51.725,-122.025
1075,-122,51.725,-122
1125,-121.975,51.725,-121.975
1080,-121.95,51.725,-121.95
1093,-121.925,51.725,-121.925
1122,-121.9,51.725,-121.9
1134,-121.875,51.725,-121.875
1135,-121.85,51.725,-121.85
1138,-121.825,51.725,-121.825
1136,-121.8,51.725,-121.8
1122,-121.775,51.725,-121.775
1119,-121.75,51.725,-121.75
1106,-121.725,51.725,-121.725
1081,-121.7,51.725,-121.7
1078,-121.675,51.725,-121.675
1070,-121.65,51.725,-121.65
1049,-121.625,51.725,-121.625
1012,-121.6,51.725,-121.6
975,-121.575,51.725,-121.575
974,-121.55,51.725,-121.55
998,-121.525,51.725,-121.525
970,-121.5,51.725,-121.5
943,-121.475,51.725,-121.475
953,-121.45,51.725,-121.45
971,-121.425,51.725,-121.425
949,-121.4,51.725,-121.4
920,-121.375,51.725,-121.375
935,-121.35,51.725,-121.35
936,-121.325,51.725,-121.325
925,-121.3,51.725,-121.3
940,-121.275,51.725,-121.275
936,-121.25,51.725,-121.25
961,-121.225,51.725,-121.225
982,-121.2,51.725,-121.2
946,-121.175,51.725,-121.175
851,-121.15,51.725,-121.15
949,-121.125,51.725,-121.125
988,-121.1,51.725,-121.1
1086,-121.075,51.725,-121.075
1098,-121.05,51.725,-121.05
1011,-121.025,51.725,-121.025
1066,-121,51.725,-121
1129,-120.975,51.725,-120.975
1221,-120.95,51.725,-120.95
1264,-120.925,51.725,-120.925
1294,-120.9,51.725,-120.9
1213,-120.875,51.725,-120.875
1304,-120.85,51.725,-120.85
1133,-120.825,51.725,-120.825
1062,-120.8,51.725,-120.8
1120,-120.775,51.725,-120.775
1227,-120.75,51.725,-120.75
1366,-120.725,51.725,-120.725
1151,-120.7,51.725,-120.7
1303,-120.675,51.725,-120.675
1445,-120.65,51.725,-120.65
1395,-120.625,51.725,-120.625
1238,-120.6,51.725,-120.6
1087,-120.575,51.725,-120.575
1109,-120.55,51.725,-120.55
1147,-120.525,51.725,-120.525
1204,-120.5,51.725,-120.5
1275,-120.475,51.725,-120.475
1323,-120.45,51.725,-120.45
1216,-120.425,51.725,-120.425
1118,-120.4,51.725,-120.4
1130,-120.375,51.725,-120.375
1150,-120.35,51.725,-120.35
1188,-120.325,51.725,-120.325
1558,-120.3,51.725,-120.3
1408,-120.275,51.725,-120.275
1442,-120.25,51.725,-120.25
1420,-120.225,51.725,-120.225
1409,-120.2,51.725,-120.2
1385,-120.175,51.725,-120.175
1384,-120.15,51.725,-120.15
1366,-120.125,51.725,-120.125
1316,-120.1,51.725,-120.1
1212,-120.075,51.725,-120.075
1179,-120.05,51.725,-120.05
577,-120.025,51.725,-120.025
786,-120,51.725,-120
1306,-119.975,51.725,-119.975
1612,-119.95,51.725,-119.95
1834,-119.925,51.725,-119.925
1939,-119.9,51.725,-119.9
2182,-119.875,51.725,-119.875
2095,-119.85,51.725,-119.85
2157,-119.825,51.725,-119.825
1674,-119.8,51.725,-119.8
1258,-119.775,51.725,-119.775
1003,-119.75,51.725,-119.75
775,-119.725,51.725,-119.725
854,-119.7,51.725,-119.7
1459,-119.675,51.725,-119.675
1587,-119.65,51.725,-119.65
1674,-119.625,51.725,-119.625
1398,-119.6,51.725,-119.6
1066,-119.575,51.725,-119.575
735,-119.55,51.725,-119.55
1105,-119.525,51.725,-119.525
1474,-119.5,51.725,-119.5
1576,-119.475,51.725,-119.475
1511,-119.45,51.725,-119.45
1411,-119.425,51.725,-119.425
1241,-119.4,51.725,-119.4
831,-119.375,51.725,-119.375
574,-119.35,51.725,-119.35
897,-119.325,51.725,-119.325
1382,-119.3,51.725,-119.3
1879,-119.275,51.725,-119.275
1892,-119.25,51.725,-119.25
1692,-119.225,51.725,-119.225
1248,-119.2,51.725,-119.2
599,-119.175,51.725,-119.175
596,-119.15,51.725,-119.15
1241,-119.125,51.725,-119.125
761,-119.1,51.725,-119.1
1493,-119.075,51.725,-119.075
1274,-119.05,51.725,-119.05
1878,-119.025,51.725,-119.025
2430,-119,51.725,-119
2371,-118.975,51.725,-118.975
1301,-118.95,51.725,-118.95
1914,-118.925,51.725,-118.925
2225,-118.9,51.725,-118.9
2110,-118.875,51.725,-118.875
2162,-118.85,51.725,-118.85
2068,-118.825,51.725,-118.825
2023,-118.8,51.725,-118.8
1979,-118.775,51.725,-118.775
1837,-118.75,51.725,-118.75
1593,-118.725,51.725,-118.725
1036,-118.7,51.725,-118.7
729,-118.675,51.725,-118.675
711,-118.65,51.725,-118.65
1067,-118.625,51.725,-118.625
1340,-118.6,51.725,-118.6
1773,-118.575,51.725,-118.575
1554,-118.55,51.725,-118.55
1657,-118.525,51.725,-118.525
2068,-118.5,51.725,-118.5
2068,-118.5,51.725,-118.5
1121,-123,51.75,-123
1141,-122.975,51.75,-122.975
1127,-122.95,51.75,-122.95
1112,-122.925,51.75,-122.925
1065,-122.9,51.75,-122.9
1075,-122.875,51.75,-122.875
1053,-122.85,51.75,-122.85
1063,-122.825,51.75,-122.825
1057,-122.8,51.75,-122.8
1053,-122.775,51.75,-122.775
1042,-122.75,51.75,-122.75
1067,-122.725,51.75,-122.725
1042,-122.7,51.75,-122.7
1069,-122.675,51.75,-122.675
1170,-122.65,51.75,-122.65
1104,-122.625,51.75,-122.625
1208,-122.6,51.75,-122.6
1285,-122.575,51.75,-122.575
1305,-122.55,51.75,-122.55
1297,-122.525,51.75,-122.525
1134,-122.5,51.75,-122.5
987,-122.475,51.75,-122.475
892,-122.45,51.75,-122.45
456,-122.425,51.75,-122.425
414,-122.4,51.75,-122.4
777,-122.375,51.75,-122.375
722,-122.35,51.75,-122.35
819,-122.325,51.75,-122.325
745,-122.3,51.75,-122.3
1039,-122.275,51.75,-122.275
1082,-122.25,51.75,-122.25
1083,-122.225,51.75,-122.225
1076,-122.2,51.75,-122.2
1050,-122.175,51.75,-122.175
1042,-122.15,51.75,-122.15
1034,-122.125,51.75,-122.125
1026,-122.1,51.75,-122.1
1011,-122.075,51.75,-122.075
1024,-122.05,51.75,-122.05
1039,-122.025,51.75,-122.025
1085,-122,51.75,-122
1119,-121.975,51.75,-121.975
1141,-121.95,51.75,-121.95
1117,-121.925,51.75,-121.925
1108,-121.9,51.75,-121.9
1106,-121.875,51.75,-121.875
1106,-121.85,51.75,-121.85
1095,-121.825,51.75,-121.825
1098,-121.8,51.75,-121.8
1084,-121.775,51.75,-121.775
1061,-121.75,51.75,-121.75
1043,-121.725,51.75,-121.725
1041,-121.7,51.75,-121.7
1035,-121.675,51.75,-121.675
1018,-121.65,51.75,-121.65
986,-121.625,51.75,-121.625
969,-121.6,51.75,-121.6
990,-121.575,51.75,-121.575
995,-121.55,51.75,-121.55
1000,-121.525,51.75,-121.525
968,-121.5,51.75,-121.5
968,-121.475,51.75,-121.475
933,-121.45,51.75,-121.45
941,-121.425,51.75,-121.425
901,-121.4,51.75,-121.4
902,-121.375,51.75,-121.375
884,-121.35,51.75,-121.35
924,-121.325,51.75,-121.325
947,-121.3,51.75,-121.3
1077,-121.275,51.75,-121.275
1130,-121.25,51.75,-121.25
1130,-121.225,51.75,-121.225
1086,-121.2,51.75,-121.2
950,-121.175,51.75,-121.175
1019,-121.15,51.75,-121.15
875,-121.125,51.75,-121.125
901,-121.1,51.75,-121.1
877,-121.075,51.75,-121.075
978,-121.05,51.75,-121.05
1046,-121.025,51.75,-121.025
993,-121,51.75,-121
1054,-120.975,51.75,-120.975
1072,-120.95,51.75,-120.95
1211,-120.925,51.75,-120.925
1222,-120.9,51.75,-120.9
1258,-120.875,51.75,-120.875
1363,-120.85,51.75,-120.85
1430,-120.825,51.75,-120.825
1198,-120.8,51.75,-120.8
1325,-120.775,51.75,-120.775
1380,-120.75,51.75,-120.75
1238,-120.725,51.75,-120.725
1141,-120.7,51.75,-120.7
1172,-120.675,51.75,-120.675
1416,-120.65,51.75,-120.65
1277,-120.625,51.75,-120.625
1302,-120.6,51.75,-120.6
1237,-120.575,51.75,-120.575
1096,-120.55,51.75,-120.55
1074,-120.525,51.75,-120.525
1068,-120.5,51.75,-120.5
1107,-120.475,51.75,-120.475
1142,-120.45,51.75,-120.45
1141,-120.425,51.75,-120.425
1209,-120.4,51.75,-120.4
1432,-120.375,51.75,-120.375
1636,-120.35,51.75,-120.35
1201,-120.325,51.75,-120.325
1201,-120.3,51.75,-120.3
1439,-120.275,51.75,-120.275
1534,-120.25,51.75,-120.25
1482,-120.225,51.75,-120.225
1567,-120.2,51.75,-120.2
1540,-120.175,51.75,-120.175
1510,-120.15,51.75,-120.15
1476,-120.125,51.75,-120.125
1402,-120.1,51.75,-120.1
1290,-120.075,51.75,-120.075
1308,-120.05,51.75,-120.05
665,-120.025,51.75,-120.025
880,-120,51.75,-120
1340,-119.975,51.75,-119.975
1519,-119.95,51.75,-119.95
1357,-119.925,51.75,-119.925
1356,-119.9,51.75,-119.9
1838,-119.875,51.75,-119.875
1677,-119.85,51.75,-119.85
1631,-119.825,51.75,-119.825
1751,-119.8,51.75,-119.8
1723,-119.775,51.75,-119.775
1609,-119.75,51.75,-119.75
1122,-119.725,51.75,-119.725
721,-119.7,51.75,-119.7
1073,-119.675,51.75,-119.675
1619,-119.65,51.75,-119.65
1760,-119.625,51.75,-119.625
1272,-119.6,51.75,-119.6
1051,-119.575,51.75,-119.575
950,-119.55,51.75,-119.55
796,-119.525,51.75,-119.525
1084,-119.5,51.75,-119.5
1388,-119.475,51.75,-119.475
1588,-119.45,51.75,-119.45
1669,-119.425,51.75,-119.425
1607,-119.4,51.75,-119.4
1491,-119.375,51.75,-119.375
1024,-119.35,51.75,-119.35
578,-119.325,51.75,-119.325
1126,-119.3,51.75,-119.3
1571,-119.275,51.75,-119.275
1775,-119.25,51.75,-119.25
1646,-119.225,51.75,-119.225
1397,-119.2,51.75,-119.2
904,-119.175,51.75,-119.175
683,-119.15,51.75,-119.15
723,-119.125,51.75,-119.125
1594,-119.1,51.75,-119.1
1752,-119.075,51.75,-119.075
1808,-119.05,51.75,-119.05
2066,-119.025,51.75,-119.025
1627,-119,51.75,-119
1746,-118.975,51.75,-118.975
1281,-118.95,51.75,-118.95
1848,-118.925,51.75,-118.925
2356,-118.9,51.75,-118.9
2255,-118.875,51.75,-118.875
1918,-118.85,51.75,-118.85
1210,-118.825,51.75,-118.825
887,-118.8,51.75,-118.8
979,-118.775,51.75,-118.775
920,-118.75,51.75,-118.75
784,-118.725,51.75,-118.725
653,-118.7,51.75,-118.7
598,-118.675,51.75,-118.675
619,-118.65,51.75,-118.65
1044,-118.625,51.75,-118.625
917,-118.6,51.75,-118.6
1522,-118.575,51.75,-118.575
1634,-118.55,51.75,-118.55
1891,-118.525,51.75,-118.525
1982,-118.5,51.75,-118.5
1192,-123,51.775,-123
1166,-122.975,51.775,-122.975
1142,-122.95,51.775,-122.95
1132,-122.925,51.775,-122.925
1073,-122.9,51.775,-122.9
1039,-122.875,51.775,-122.875
1018,-122.85,51.775,-122.85
1004,-122.825,51.775,-122.825
1004,-122.8,51.775,-122.8
1016,-122.775,51.775,-122.775
1020,-122.75,51.775,-122.75
1022,-122.725,51.775,-122.725
1010,-122.7,51.775,-122.7
1007,-122.675,51.775,-122.675
1001,-122.65,51.775,-122.65
1088,-122.625,51.775,-122.625
1185,-122.6,51.775,-122.6
1353,-122.575,51.775,-122.575
1157,-122.55,51.775,-122.55
987,-122.525,51.775,-122.525
887,-122.5,51.775,-122.5
553,-122.475,51.775,-122.475
521,-122.45,51.775,-122.45
781,-122.425,51.775,-122.425
737,-122.4,51.775,-122.4
558,-122.375,51.775,-122.375
870,-122.35,51.775,-122.35
901,-122.325,51.775,-122.325
673,-122.3,51.775,-122.3
625,-122.275,51.775,-122.275
796,-122.25,51.775,-122.25
1003,-122.225,51.775,-122.225
948,-122.2,51.775,-122.2
1010,-122.175,51.775,-122.175
993,-122.15,51.775,-122.15
988,-122.125,51.775,-122.125
1005,-122.1,51.775,-122.1
984,-122.075,51.775,-122.075
1024,-122.05,51.775,-122.05
1042,-122.025,51.775,-122.025
1060,-122,51.775,-122
1068,-121.975,51.775,-121.975
1079,-121.95,51.775,-121.95
1083,-121.925,51.775,-121.925
1094,-121.9,51.775,-121.9
1092,-121.875,51.775,-121.875
1094,-121.85,51.775,-121.85
1075,-121.825,51.775,-121.825
1066,-121.8,51.775,-121.8
1061,-121.775,51.775,-121.775
1042,-121.75,51.775,-121.75
1016,-121.725,51.775,-121.725
1007,-121.7,51.775,-121.7
985,-121.675,51.775,-121.675
969,-121.65,51.775,-121.65
971,-121.625,51.775,-121.625
963,-121.6,51.775,-121.6
975,-121.575,51.775,-121.575
986,-121.55,51.775,-121.55
991,-121.525,51.775,-121.525
912,-121.5,51.775,-121.5
911,-121.475,51.775,-121.475
848,-121.45,51.775,-121.45
836,-121.425,51.775,-121.425
836,-121.4,51.775,-121.4
919,-121.375,51.775,-121.375
905,-121.35,51.775,-121.35
994,-121.325,51.775,-121.325
1110,-121.3,51.775,-121.3
1001,-121.275,51.775,-121.275
1028,-121.25,51.775,-121.25
1009,-121.225,51.775,-121.225
944,-121.2,51.775,-121.2
1024,-121.175,51.775,-121.175
1010,-121.15,51.775,-121.15
1038,-121.125,51.775,-121.125
932,-121.1,51.775,-121.1
897,-121.075,51.775,-121.075
901,-121.05,51.775,-121.05
789,-121.025,51.775,-121.025
780,-121,51.775,-121
777,-120.975,51.775,-120.975
773,-120.95,51.775,-120.95
771,-120.925,51.775,-120.925
767,-120.9,51.775,-120.9
779,-120.875,51.775,-120.875
1168,-120.85,51.775,-120.85
1374,-120.825,51.775,-120.825
1133,-120.8,51.775,-120.8
1240,-120.775,51.775,-120.775
1261,-120.75,51.775,-120.75
1290,-120.725,51.775,-120.725
1007,-120.7,51.775,-120.7
1178,-120.675,51.775,-120.675
1224,-120.65,51.775,-120.65
1235,-120.625,51.775,-120.625
1152,-120.6,51.775,-120.6
1059,-120.575,51.775,-120.575
1042,-120.55,51.775,-120.55
1094,-120.525,51.775,-120.525
1327,-120.5,51.775,-120.5
1569,-120.475,51.775,-120.475
1257,-120.45,51.775,-120.45
1387,-120.425,51.775,-120.425
1390,-120.4,51.775,-120.4
1597,-120.375,51.775,-120.375
1555,-120.35,51.775,-120.35
1633,-120.325,51.775,-120.325
1286,-120.3,51.775,-120.3
1232,-120.275,51.775,-120.275
1333,-120.25,51.775,-120.25
1401,-120.225,51.775,-120.225
1595,-120.2,51.775,-120.2
1708,-120.175,51.775,-120.175
1511,-120.15,51.775,-120.15
1519,-120.125,51.775,-120.125
1380,-120.1,51.775,-120.1
1311,-120.075,51.775,-120.075
981,-120.05,51.775,-120.05
502,-120.025,51.775,-120.025
1110,-120,51.775,-120
1429,-119.975,51.775,-119.975
1722,-119.95,51.775,-119.95
1989,-119.925,51.775,-119.925
1879,-119.9,51.775,-119.9
1926,-119.875,51.775,-119.875
2123,-119.85,51.775,-119.85
1907,-119.825,51.775,-119.825
1775,-119.8,51.775,-119.8
1334,-119.775,51.775,-119.775
1604,-119.75,51.775,-119.75
1290,-119.725,51.775,-119.725
752,-119.7,51.775,-119.7
965,-119.675,51.775,-119.675
1506,-119.65,51.775,-119.65
1802,-119.625,51.775,-119.625
1525,-119.6,51.775,-119.6
1497,-119.575,51.775,-119.575
1609,-119.55,51.775,-119.55
1183,-119.525,51.775,-119.525
904,-119.5,51.775,-119.5
915,-119.475,51.775,-119.475
1149,-119.45,51.775,-119.45
1348,-119.425,51.775,-119.425
1685,-119.4,51.775,-119.4
1741,-119.375,51.775,-119.375
1256,-119.35,51.775,-119.35
586,-119.325,51.775,-119.325
885,-119.3,51.775,-119.3
1391,-119.275,51.775,-119.275
1717,-119.25,51.775,-119.25
1740,-119.225,51.775,-119.225
1586,-119.2,51.775,-119.2
1220,-119.175,51.775,-119.175
1025,-119.15,51.775,-119.15
614,-119.125,51.775,-119.125
1447,-119.1,51.775,-119.1
1656,-119.075,51.775,-119.075
1030,-119.05,51.775,-119.05
1795,-119.025,51.775,-119.025
2151,-119,51.775,-119
1066,-118.975,51.775,-118.975
1453,-118.95,51.775,-118.95
2138,-118.925,51.775,-118.925
2248,-118.9,51.775,-118.9
2016,-118.875,51.775,-118.875
2257,-118.85,51.775,-118.85
2545,-118.825,51.775,-118.825
2658,-118.8,51.775,-118.8
1857,-118.775,51.775,-118.775
1509,-118.75,51.775,-118.75
1249,-118.725,51.775,-118.725
842,-118.7,51.775,-118.7
572,-118.675,51.775,-118.675
900,-118.65,51.775,-118.65
1386,-118.625,51.775,-118.625
1498,-118.6,51.775,-118.6
1526,-118.575,51.775,-118.575
2019,-118.55,51.775,-118.55
1814,-118.525,51.775,-118.525
1368,-118.5,51.775,-118.5
1202,-123,51.8,-123
1224,-122.975,51.8,-122.975
1221,-122.95,51.8,-122.95
1106,-122.925,51.8,-122.925
1032,-122.9,51.8,-122.9
1026,-122.875,51.8,-122.875
1024,-122.85,51.8,-122.85
1002,-122.825,51.8,-122.825
983,-122.8,51.8,-122.8
949,-122.775,51.8,-122.775
810,-122.75,51.8,-122.75
963,-122.725,51.8,-122.725
995,-122.7,51.8,-122.7
976,-122.675,51.8,-122.675
937,-122.65,51.8,-122.65
957,-122.625,51.8,-122.625
1000,-122.6,51.8,-122.6
919,-122.575,51.8,-122.575
888,-122.55,51.8,-122.55
740,-122.525,51.8,-122.525
407,-122.5,51.8,-122.5
591,-122.475,51.8,-122.475
902,-122.45,51.8,-122.45
746,-122.425,51.8,-122.425
437,-122.4,51.8,-122.4
841,-122.375,51.8,-122.375
888,-122.35,51.8,-122.35
956,-122.325,51.8,-122.325
949,-122.3,51.8,-122.3
952,-122.275,51.8,-122.275
935,-122.25,51.8,-122.25
952,-122.225,51.8,-122.225
835,-122.2,51.8,-122.2
897,-122.175,51.8,-122.175
960,-122.15,51.8,-122.15
969,-122.125,51.8,-122.125
985,-122.1,51.8,-122.1
1000,-122.075,51.8,-122.075
998,-122.05,51.8,-122.05
1005,-122.025,51.8,-122.025
1025,-122,51.8,-122
1027,-121.975,51.8,-121.975
1063,-121.95,51.8,-121.95
1070,-121.925,51.8,-121.925
1082,-121.9,51.8,-121.9
1074,-121.875,51.8,-121.875
1062,-121.85,51.8,-121.85
1053,-121.825,51.8,-121.825
1037,-121.8,51.8,-121.8
1007,-121.775,51.8,-121.775
1004,-121.75,51.8,-121.75
1002,-121.725,51.8,-121.725
988,-121.7,51.8,-121.7
954,-121.675,51.8,-121.675
956,-121.65,51.8,-121.65
973,-121.625,51.8,-121.625
971,-121.6,51.8,-121.6
948,-121.575,51.8,-121.575
918,-121.55,51.8,-121.55
875,-121.525,51.8,-121.525
806,-121.5,51.8,-121.5
806,-121.475,51.8,-121.475
886,-121.45,51.8,-121.45
843,-121.425,51.8,-121.425
905,-121.4,51.8,-121.4
967,-121.375,51.8,-121.375
847,-121.35,51.8,-121.35
854,-121.325,51.8,-121.325
893,-121.3,51.8,-121.3
845,-121.275,51.8,-121.275
915,-121.25,51.8,-121.25
893,-121.225,51.8,-121.225
903,-121.2,51.8,-121.2
1100,-121.175,51.8,-121.175
1009,-121.15,51.8,-121.15
1004,-121.125,51.8,-121.125
926,-121.1,51.8,-121.1
894,-121.075,51.8,-121.075
903,-121.05,51.8,-121.05
1058,-121.025,51.8,-121.025
1078,-121,51.8,-121
1032,-120.975,51.8,-120.975
1238,-120.95,51.8,-120.95
1057,-120.925,51.8,-120.925
964,-120.9,51.8,-120.9
769,-120.875,51.8,-120.875
1046,-120.85,51.8,-120.85
1097,-120.825,51.8,-120.825
1077,-120.8,51.8,-120.8
1105,-120.775,51.8,-120.775
1048,-120.75,51.8,-120.75
1026,-120.725,51.8,-120.725
964,-120.7,51.8,-120.7
1022,-120.675,51.8,-120.675
1103,-120.65,51.8,-120.65
1078,-120.625,51.8,-120.625
1048,-120.6,51.8,-120.6
982,-120.575,51.8,-120.575
1091,-120.55,51.8,-120.55
1322,-120.525,51.8,-120.525
1362,-120.5,51.8,-120.5
1334,-120.475,51.8,-120.475
1325,-120.45,51.8,-120.45
1332,-120.425,51.8,-120.425
1367,-120.4,51.8,-120.4
1518,-120.375,51.8,-120.375
1483,-120.35,51.8,-120.35
1471,-120.325,51.8,-120.325
1523,-120.3,51.8,-120.3
1407,-120.275,51.8,-120.275
1267,-120.25,51.8,-120.25
1349,-120.225,51.8,-120.225
1249,-120.2,51.8,-120.2
1294,-120.175,51.8,-120.175
1348,-120.15,51.8,-120.15
1370,-120.125,51.8,-120.125
1298,-120.1,51.8,-120.1
1206,-120.075,51.8,-120.075
780,-120.05,51.8,-120.05
593,-120.025,51.8,-120.025
1220,-120,51.8,-120
1559,-119.975,51.8,-119.975
1867,-119.95,51.8,-119.95
2231,-119.925,51.8,-119.925
2263,-119.9,51.8,-119.9
2559,-119.875,51.8,-119.875
2046,-119.85,51.8,-119.85
1547,-119.825,51.8,-119.825
1313,-119.8,51.8,-119.8
1249,-119.775,51.8,-119.775
975,-119.75,51.8,-119.75
880,-119.725,51.8,-119.725
830,-119.7,51.8,-119.7
780,-119.675,51.8,-119.675
1295,-119.65,51.8,-119.65
1560,-119.625,51.8,-119.625
1766,-119.6,51.8,-119.6
1698,-119.575,51.8,-119.575
1676,-119.55,51.8,-119.55
1530,-119.525,51.8,-119.525
1393,-119.5,51.8,-119.5
1210,-119.475,51.8,-119.475
1280,-119.45,51.8,-119.45
1023,-119.425,51.8,-119.425
1454,-119.4,51.8,-119.4
1826,-119.375,51.8,-119.375
1220,-119.35,51.8,-119.35
612,-119.325,51.8,-119.325
880,-119.3,51.8,-119.3
1485,-119.275,51.8,-119.275
1551,-119.25,51.8,-119.25
1654,-119.225,51.8,-119.225
1623,-119.2,51.8,-119.2
1408,-119.175,51.8,-119.175
827,-119.15,51.8,-119.15
768,-119.125,51.8,-119.125
992,-119.1,51.8,-119.1
1256,-119.075,51.8,-119.075
1960,-119.05,51.8,-119.05
2079,-119.025,51.8,-119.025
1068,-119,51.8,-119
1366,-118.975,51.8,-118.975
1977,-118.95,51.8,-118.95
2435,-118.925,51.8,-118.925
1705,-118.9,51.8,-118.9
1742,-118.875,51.8,-118.875
1265,-118.85,51.8,-118.85
1224,-118.825,51.8,-118.825
869,-118.8,51.8,-118.8
938,-118.775,51.8,-118.775
1249,-118.75,51.8,-118.75
1612,-118.725,51.8,-118.725
1027,-118.7,51.8,-118.7
585,-118.675,51.8,-118.675
804,-118.65,51.8,-118.65
1307,-118.625,51.8,-118.625
1554,-118.6,51.8,-118.6
1598,-118.575,51.8,-118.575
1618,-118.55,51.8,-118.55
1620,-118.525,51.8,-118.525
1021,-118.5,51.8,-118.5
1109,-123,51.825,-123
1096,-122.975,51.825,-122.975
1126,-122.95,51.825,-122.95
1050,-122.925,51.825,-122.925
1014,-122.9,51.825,-122.9
1006,-122.875,51.825,-122.875
978,-122.85,51.825,-122.85
996,-122.825,51.825,-122.825
982,-122.8,51.825,-122.8
968,-122.775,51.825,-122.775
974,-122.75,51.825,-122.75
954,-122.725,51.825,-122.725
616,-122.7,51.825,-122.7
947,-122.675,51.825,-122.675
939,-122.65,51.825,-122.65
923,-122.625,51.825,-122.625
842,-122.6,51.825,-122.6
558,-122.575,51.825,-122.575
489,-122.55,51.825,-122.55
686,-122.525,51.825,-122.525
848,-122.5,51.825,-122.5
911,-122.475,51.825,-122.475
927,-122.45,51.825,-122.45
783,-122.425,51.825,-122.425
432,-122.4,51.825,-122.4
745,-122.375,51.825,-122.375
853,-122.35,51.825,-122.35
925,-122.325,51.825,-122.325
946,-122.3,51.825,-122.3
958,-122.275,51.825,-122.275
956,-122.25,51.825,-122.25
978,-122.225,51.825,-122.225
956,-122.2,51.825,-122.2
872,-122.175,51.825,-122.175
853,-122.15,51.825,-122.15
890,-122.125,51.825,-122.125
924,-122.1,51.825,-122.1
985,-122.075,51.825,-122.075
1007,-122.05,51.825,-122.05
1033,-122.025,51.825,-122.025
1060,-122,51.825,-122
1056,-121.975,51.825,-121.975
1065,-121.95,51.825,-121.95
1058,-121.925,51.825,-121.925
1058,-121.9,51.825,-121.9
1048,-121.875,51.825,-121.875
1032,-121.85,51.825,-121.85
1014,-121.825,51.825,-121.825
1004,-121.8,51.825,-121.8
992,-121.775,51.825,-121.775
980,-121.75,51.825,-121.75
961,-121.725,51.825,-121.725
955,-121.7,51.825,-121.7
938,-121.675,51.825,-121.675
941,-121.65,51.825,-121.65
925,-121.625,51.825,-121.625
913,-121.6,51.825,-121.6
806,-121.575,51.825,-121.575
806,-121.55,51.825,-121.55
814,-121.525,51.825,-121.525
854,-121.5,51.825,-121.5
870,-121.475,51.825,-121.475
934,-121.45,51.825,-121.45
960,-121.425,51.825,-121.425
923,-121.4,51.825,-121.4
908,-121.375,51.825,-121.375
948,-121.35,51.825,-121.35
956,-121.325,51.825,-121.325
966,-121.3,51.825,-121.3
998,-121.275,51.825,-121.275
939,-121.25,51.825,-121.25
950,-121.225,51.825,-121.225
885,-121.2,51.825,-121.2
937,-121.175,51.825,-121.175
942,-121.15,51.825,-121.15
1017,-121.125,51.825,-121.125
1001,-121.1,51.825,-121.1
958,-121.075,51.825,-121.075
914,-121.05,51.825,-121.05
960,-121.025,51.825,-121.025
992,-121,51.825,-121
1032,-120.975,51.825,-120.975
1059,-120.95,51.825,-120.95
1130,-120.925,51.825,-120.925
1126,-120.9,51.825,-120.9
893,-120.875,51.825,-120.875
845,-120.85,51.825,-120.85
1029,-120.825,51.825,-120.825
1013,-120.8,51.825,-120.8
1178,-120.775,51.825,-120.775
1090,-120.75,51.825,-120.75
885,-120.725,51.825,-120.725
808,-120.7,51.825,-120.7
880,-120.675,51.825,-120.675
934,-120.65,51.825,-120.65
929,-120.625,51.825,-120.625
952,-120.6,51.825,-120.6
1240,-120.575,51.825,-120.575
1286,-120.55,51.825,-120.55
1405,-120.525,51.825,-120.525
1508,-120.5,51.825,-120.5
1508,-120.475,51.825,-120.475
1479,-120.45,51.825,-120.45
1339,-120.425,51.825,-120.425
1473,-120.4,51.825,-120.4
1311,-120.375,51.825,-120.375
1329,-120.35,51.825,-120.35
1624,-120.325,51.825,-120.325
1725,-120.3,51.825,-120.3
1677,-120.275,51.825,-120.275
1607,-120.25,51.825,-120.25
1634,-120.225,51.825,-120.225
1568,-120.2,51.825,-120.2
1352,-120.175,51.825,-120.175
1308,-120.15,51.825,-120.15
1264,-120.125,51.825,-120.125
1117,-120.1,51.825,-120.1
854,-120.075,51.825,-120.075
660,-120.05,51.825,-120.05
729,-120.025,51.825,-120.025
1304,-120,51.825,-120
1582,-119.975,51.825,-119.975
1860,-119.95,51.825,-119.95
1825,-119.925,51.825,-119.925
1848,-119.9,51.825,-119.9
1665,-119.875,51.825,-119.875
1837,-119.85,51.825,-119.85
2000,-119.825,51.825,-119.825
1670,-119.8,51.825,-119.8
979,-119.775,51.825,-119.775
1717,-119.75,51.825,-119.75
1524,-119.725,51.825,-119.725
1414,-119.7,51.825,-119.7
986,-119.675,51.825,-119.675
1008,-119.65,51.825,-119.65
800,-119.625,51.825,-119.625
1207,-119.6,51.825,-119.6
1574,-119.575,51.825,-119.575
1507,-119.55,51.825,-119.55
1535,-119.525,51.825,-119.525
1577,-119.5,51.825,-119.5
1708,-119.475,51.825,-119.475
1498,-119.45,51.825,-119.45
1366,-119.425,51.825,-119.425
1075,-119.4,51.825,-119.4
1585,-119.375,51.825,-119.375
1451,-119.35,51.825,-119.35
892,-119.325,51.825,-119.325
693,-119.3,51.825,-119.3
964,-119.275,51.825,-119.275
1275,-119.25,51.825,-119.25
1356,-119.225,51.825,-119.225
1592,-119.2,51.825,-119.2
1288,-119.175,51.825,-119.175
946,-119.15,51.825,-119.15
651,-119.125,51.825,-119.125
1408,-119.1,51.825,-119.1
1550,-119.075,51.825,-119.075
1988,-119.05,51.825,-119.05
1041,-119.025,51.825,-119.025
1224,-119,51.825,-119
2363,-118.975,51.825,-118.975
2197,-118.95,51.825,-118.95
2087,-118.925,51.825,-118.925
2233,-118.9,51.825,-118.9
2056,-118.875,51.825,-118.875
1739,-118.85,51.825,-118.85
1098,-118.825,51.825,-118.825
1607,-118.8,51.825,-118.8
2356,-118.775,51.825,-118.775
1923,-118.75,51.825,-118.75
1840,-118.725,51.825,-118.725
1424,-118.7,51.825,-118.7
917,-118.675,51.825,-118.675
581,-118.65,51.825,-118.65
871,-118.625,51.825,-118.625
854,-118.6,51.825,-118.6
825,-118.575,51.825,-118.575
762,-118.55,51.825,-118.55
776,-118.525,51.825,-118.525
1107,-118.5,51.825,-118.5
987,-123,51.85,-123
971,-122.975,51.85,-122.975
954,-122.95,51.85,-122.95
942,-122.925,51.85,-122.925
940,-122.9,51.85,-122.9
954,-122.875,51.85,-122.875
964,-122.85,51.85,-122.85
745,-122.825,51.85,-122.825
570,-122.8,51.85,-122.8
537,-122.775,51.85,-122.775
690,-122.75,51.85,-122.75
689,-122.725,51.85,-122.725
518,-122.7,51.85,-122.7
496,-122.675,51.85,-122.675
548,-122.65,51.85,-122.65
689,-122.625,51.85,-122.625
575,-122.6,51.85,-122.6
706,-122.575,51.85,-122.575
839,-122.55,51.85,-122.55
890,-122.525,51.85,-122.525
992,-122.5,51.85,-122.5
1034,-122.475,51.85,-122.475
1088,-122.45,51.85,-122.45
845,-122.425,51.85,-122.425
360,-122.4,51.85,-122.4
676,-122.375,51.85,-122.375
812,-122.35,51.85,-122.35
945,-122.325,51.85,-122.325
969,-122.3,51.85,-122.3
996,-122.275,51.85,-122.275
1001,-122.25,51.85,-122.25
1072,-122.225,51.85,-122.225
1060,-122.2,51.85,-122.2
1035,-122.175,51.85,-122.175
968,-122.15,51.85,-122.15
964,-122.125,51.85,-122.125
971,-122.1,51.85,-122.1
960,-122.075,51.85,-122.075
996,-122.05,51.85,-122.05
1021,-122.025,51.85,-122.025
1023,-122,51.85,-122
1012,-121.975,51.85,-121.975
1007,-121.95,51.85,-121.95
1011,-121.925,51.85,-121.925
1020,-121.9,51.85,-121.9
1009,-121.875,51.85,-121.875
993,-121.85,51.85,-121.85
981,-121.825,51.85,-121.825
974,-121.8,51.85,-121.8
953,-121.775,51.85,-121.775
952,-121.75,51.85,-121.75
947,-121.725,51.85,-121.725
922,-121.7,51.85,-121.7
932,-121.675,51.85,-121.675
895,-121.65,51.85,-121.65
806,-121.625,51.85,-121.625
843,-121.6,51.85,-121.6
827,-121.575,51.85,-121.575
925,-121.55,51.85,-121.55
991,-121.525,51.85,-121.525
945,-121.5,51.85,-121.5
1017,-121.475,51.85,-121.475
1012,-121.45,51.85,-121.45
953,-121.425,51.85,-121.425
955,-121.4,51.85,-121.4
965,-121.375,51.85,-121.375
941,-121.35,51.85,-121.35
955,-121.325,51.85,-121.325
958,-121.3,51.85,-121.3
928,-121.275,51.85,-121.275
980,-121.25,51.85,-121.25
928,-121.225,51.85,-121.225
1024,-121.2,51.85,-121.2
977,-121.175,51.85,-121.175
1026,-121.15,51.85,-121.15
948,-121.125,51.85,-121.125
1007,-121.1,51.85,-121.1
887,-121.075,51.85,-121.075
935,-121.05,51.85,-121.05
810,-121.025,51.85,-121.025
877,-121,51.85,-121
881,-120.975,51.85,-120.975
1039,-120.95,51.85,-120.95
803,-120.925,51.85,-120.925
789,-120.9,51.85,-120.9
912,-120.875,51.85,-120.875
769,-120.85,51.85,-120.85
769,-120.825,51.85,-120.825
800,-120.8,51.85,-120.8
827,-120.775,51.85,-120.775
778,-120.75,51.85,-120.75
769,-120.725,51.85,-120.725
769,-120.7,51.85,-120.7
872,-120.675,51.85,-120.675
816,-120.65,51.85,-120.65
806,-120.625,51.85,-120.625
863,-120.6,51.85,-120.6
1126,-120.575,51.85,-120.575
1139,-120.55,51.85,-120.55
1624,-120.525,51.85,-120.525
1603,-120.5,51.85,-120.5
1735,-120.475,51.85,-120.475
1441,-120.45,51.85,-120.45
1305,-120.425,51.85,-120.425
1284,-120.4,51.85,-120.4
1425,-120.375,51.85,-120.375
1453,-120.35,51.85,-120.35
1364,-120.325,51.85,-120.325
1439,-120.3,51.85,-120.3
1501,-120.275,51.85,-120.275
1483,-120.25,51.85,-120.25
1493,-120.225,51.85,-120.225
1458,-120.2,51.85,-120.2
1447,-120.175,51.85,-120.175
1330,-120.15,51.85,-120.15
1173,-120.125,51.85,-120.125
756,-120.1,51.85,-120.1
609,-120.075,51.85,-120.075
663,-120.05,51.85,-120.05
704,-120.025,51.85,-120.025
952,-120,51.85,-120
1243,-119.975,51.85,-119.975
1153,-119.95,51.85,-119.95
1786,-119.925,51.85,-119.925
1962,-119.9,51.85,-119.9
2067,-119.875,51.85,-119.875
2021,-119.85,51.85,-119.85
1966,-119.825,51.85,-119.825
1796,-119.8,51.85,-119.8
1051,-119.775,51.85,-119.775
1711,-119.75,51.85,-119.75
1553,-119.725,51.85,-119.725
1437,-119.7,51.85,-119.7
1329,-119.675,51.85,-119.675
1447,-119.65,51.85,-119.65
880,-119.625,51.85,-119.625
872,-119.6,51.85,-119.6
995,-119.575,51.85,-119.575
1487,-119.55,51.85,-119.55
1640,-119.525,51.85,-119.525
1642,-119.5,51.85,-119.5
1847,-119.475,51.85,-119.475
1611,-119.45,51.85,-119.45
1517,-119.425,51.85,-119.425
1513,-119.4,51.85,-119.4
1171,-119.375,51.85,-119.375
1565,-119.35,51.85,-119.35
1298,-119.325,51.85,-119.325
579,-119.3,51.85,-119.3
1366,-119.275,51.85,-119.275
1763,-119.25,51.85,-119.25
1739,-119.225,51.85,-119.225
1631,-119.2,51.85,-119.2
1310,-119.175,51.85,-119.175
789,-119.15,51.85,-119.15
697,-119.125,51.85,-119.125
1236,-119.1,51.85,-119.1
1583,-119.075,51.85,-119.075
905,-119.05,51.85,-119.05
1149,-119.025,51.85,-119.025
1430,-119,51.85,-119
1918,-118.975,51.85,-118.975
1983,-118.95,51.85,-118.95
1401,-118.925,51.85,-118.925
1329,-118.9,51.85,-118.9
1207,-118.875,51.85,-118.875
1538,-118.85,51.85,-118.85
1827,-118.825,51.85,-118.825
1456,-118.8,51.85,-118.8
1229,-118.775,51.85,-118.775
1287,-118.75,51.85,-118.75
802,-118.725,51.85,-118.725
989,-118.7,51.85,-118.7
1479,-118.675,51.85,-118.675
1093,-118.65,51.85,-118.65
601,-118.625,51.85,-118.625
867,-118.6,51.85,-118.6
1104,-118.575,51.85,-118.575
1494,-118.55,51.85,-118.55
1628,-118.525,51.85,-118.525
1539,-118.5,51.85,-118.5
1003,-123,51.875,-123
1039,-122.975,51.875,-122.975
1162,-122.95,51.875,-122.95
952,-122.925,51.875,-122.925
564,-122.9,51.875,-122.9
635,-122.875,51.875,-122.875
627,-122.85,51.875,-122.85
747,-122.825,51.875,-122.825
1046,-122.8,51.875,-122.8
1036,-122.775,51.875,-122.775
1041,-122.75,51.875,-122.75
1072,-122.725,51.875,-122.725
1068,-122.7,51.875,-122.7
1092,-122.675,51.875,-122.675
1153,-122.65,51.875,-122.65
1206,-122.625,51.875,-122.625
1073,-122.6,51.875,-122.6
1000,-122.575,51.875,-122.575
997,-122.55,51.875,-122.55
988,-122.525,51.875,-122.525
1038,-122.5,51.875,-122.5
1021,-122.475,51.875,-122.475
996,-122.45,51.875,-122.45
786,-122.425,51.875,-122.425
373,-122.4,51.875,-122.4
609,-122.375,51.875,-122.375
701,-122.35,51.875,-122.35
705,-122.325,51.875,-122.325
802,-122.3,51.875,-122.3
984,-122.275,51.875,-122.275
1053,-122.25,51.875,-122.25
1118,-122.225,51.875,-122.225
1156,-122.2,51.875,-122.2
1095,-122.175,51.875,-122.175
1032,-122.15,51.875,-122.15
992,-122.125,51.875,-122.125
987,-122.1,51.875,-122.1
974,-122.075,51.875,-122.075
985,-122.05,51.875,-122.05
992,-122.025,51.875,-122.025
991,-122,51.875,-122
990,-121.975,51.875,-121.975
1000,-121.95,51.875,-121.95
998,-121.925,51.875,-121.925
970,-121.9,51.875,-121.9
971,-121.875,51.875,-121.875
966,-121.85,51.875,-121.85
960,-121.825,51.875,-121.825
935,-121.8,51.875,-121.8
925,-121.775,51.875,-121.775
917,-121.75,51.875,-121.75
904,-121.725,51.875,-121.725
890,-121.7,51.875,-121.7
831,-121.675,51.875,-121.675
893,-121.65,51.875,-121.65
896,-121.625,51.875,-121.625
893,-121.6,51.875,-121.6
926,-121.575,51.875,-121.575
973,-121.55,51.875,-121.55
970,-121.525,51.875,-121.525
1003,-121.5,51.875,-121.5
1008,-121.475,51.875,-121.475
995,-121.45,51.875,-121.45
967,-121.425,51.875,-121.425
996,-121.4,51.875,-121.4
1079,-121.375,51.875,-121.375
1085,-121.35,51.875,-121.35
1081,-121.325,51.875,-121.325
1108,-121.3,51.875,-121.3
1273,-121.275,51.875,-121.275
1217,-121.25,51.875,-121.25
1271,-121.225,51.875,-121.225
1198,-121.2,51.875,-121.2
1072,-121.175,51.875,-121.175
1048,-121.15,51.875,-121.15
919,-121.125,51.875,-121.125
877,-121.1,51.875,-121.1
1019,-121.075,51.875,-121.075
954,-121.05,51.875,-121.05
922,-121.025,51.875,-121.025
923,-121,51.875,-121
972,-120.975,51.875,-120.975
1025,-120.95,51.875,-120.95
1038,-120.925,51.875,-120.925
784,-120.9,51.875,-120.9
869,-120.875,51.875,-120.875
871,-120.85,51.875,-120.85
907,-120.825,51.875,-120.825
825,-120.8,51.875,-120.8
841,-120.775,51.875,-120.775
808,-120.75,51.875,-120.75
889,-120.725,51.875,-120.725
788,-120.7,51.875,-120.7
769,-120.675,51.875,-120.675
769,-120.65,51.875,-120.65
769,-120.625,51.875,-120.625
776,-120.6,51.875,-120.6
771,-120.575,51.875,-120.575
728,-120.55,51.875,-120.55
737,-120.525,51.875,-120.525
794,-120.5,51.875,-120.5
799,-120.475,51.875,-120.475
789,-120.45,51.875,-120.45
881,-120.425,51.875,-120.425
1289,-120.4,51.875,-120.4
1593,-120.375,51.875,-120.375
1283,-120.35,51.875,-120.35
1425,-120.325,51.875,-120.325
1323,-120.3,51.875,-120.3
1338,-120.275,51.875,-120.275
1397,-120.25,51.875,-120.25
1474,-120.225,51.875,-120.225
1554,-120.2,51.875,-120.2
1410,-120.175,51.875,-120.175
1307,-120.15,51.875,-120.15
1071,-120.125,51.875,-120.125
519,-120.1,51.875,-120.1
1022,-120.075,51.875,-120.075
633,-120.05,51.875,-120.05
705,-120.025,51.875,-120.025
796,-120,51.875,-120
1055,-119.975,51.875,-119.975
1581,-119.95,51.875,-119.95
1698,-119.925,51.875,-119.925
1712,-119.9,51.875,-119.9
1773,-119.875,51.875,-119.875
1707,-119.85,51.875,-119.85
1568,-119.825,51.875,-119.825
1403,-119.8,51.875,-119.8
1304,-119.775,51.875,-119.775
1729,-119.75,51.875,-119.75
1636,-119.725,51.875,-119.725
1520,-119.7,51.875,-119.7
1350,-119.675,51.875,-119.675
1304,-119.65,51.875,-119.65
1351,-119.625,51.875,-119.625
843,-119.6,51.875,-119.6
1201,-119.575,51.875,-119.575
1589,-119.55,51.875,-119.55
1732,-119.525,51.875,-119.525
1723,-119.5,51.875,-119.5
1666,-119.475,51.875,-119.475
1640,-119.45,51.875,-119.45
1630,-119.425,51.875,-119.425
1590,-119.4,51.875,-119.4
1501,-119.375,51.875,-119.375
1166,-119.35,51.875,-119.35
873,-119.325,51.875,-119.325
773,-119.3,51.875,-119.3
1629,-119.275,51.875,-119.275
1683,-119.25,51.875,-119.25
1955,-119.225,51.875,-119.225
1604,-119.2,51.875,-119.2
1341,-119.175,51.875,-119.175
832,-119.15,51.875,-119.15
670,-119.125,51.875,-119.125
1222,-119.1,51.875,-119.1
1562,-119.075,51.875,-119.075
1444,-119.05,51.875,-119.05
1884,-119.025,51.875,-119.025
2474,-119,51.875,-119
2223,-118.975,51.875,-118.975
1546,-118.95,51.875,-118.95
1849,-118.925,51.875,-118.925
1497,-118.9,51.875,-118.9
1114,-118.875,51.875,-118.875
914,-118.85,51.875,-118.85
1409,-118.825,51.875,-118.825
1441,-118.8,51.875,-118.8
1103,-118.775,51.875,-118.775
1436,-118.75,51.875,-118.75
1921,-118.725,51.875,-118.725
2015,-118.7,51.875,-118.7
1989,-118.675,51.875,-118.675
1722,-118.65,51.875,-118.65
1154,-118.625,51.875,-118.625
572,-118.6,51.875,-118.6
717,-118.575,51.875,-118.575
1136,-118.55,51.875,-118.55
1657,-118.525,51.875,-118.525
2079,-118.5,51.875,-118.5
1022,-123,51.9,-123
1175,-122.975,51.9,-122.975
584,-122.95,51.9,-122.95
720,-122.925,51.9,-122.925
1031,-122.9,51.9,-122.9
1042,-122.875,51.9,-122.875
1054,-122.85,51.9,-122.85
1070,-122.825,51.9,-122.825
1048,-122.8,51.9,-122.8
1128,-122.775,51.9,-122.775
1192,-122.75,51.9,-122.75
1203,-122.725,51.9,-122.725
1300,-122.7,51.9,-122.7
1450,-122.675,51.9,-122.675
1238,-122.65,51.9,-122.65
1141,-122.625,51.9,-122.625
1079,-122.6,51.9,-122.6
1057,-122.575,51.9,-122.575
1054,-122.55,51.9,-122.55
1015,-122.525,51.9,-122.525
999,-122.5,51.9,-122.5
1099,-122.475,51.9,-122.475
1087,-122.45,51.9,-122.45
750,-122.425,51.9,-122.425
720,-122.4,51.9,-122.4
712,-122.375,51.9,-122.375
773,-122.35,51.9,-122.35
555,-122.325,51.9,-122.325
557,-122.3,51.9,-122.3
983,-122.275,51.9,-122.275
1036,-122.25,51.9,-122.25
1123,-122.225,51.9,-122.225
1126,-122.2,51.9,-122.2
1227,-122.175,51.9,-122.175
1064,-122.15,51.9,-122.15
1013,-122.125,51.9,-122.125
993,-122.1,51.9,-122.1
986,-122.075,51.9,-122.075
977,-122.05,51.9,-122.05
981,-122.025,51.9,-122.025
969,-122,51.9,-122
958,-121.975,51.9,-121.975
951,-121.95,51.9,-121.95
875,-121.925,51.9,-121.925
897,-121.9,51.9,-121.9
922,-121.875,51.9,-121.875
931,-121.85,51.9,-121.85
924,-121.825,51.9,-121.825
899,-121.8,51.9,-121.8
920,-121.775,51.9,-121.775
902,-121.75,51.9,-121.75
785,-121.725,51.9,-121.725
841,-121.7,51.9,-121.7
913,-121.675,51.9,-121.675
924,-121.65,51.9,-121.65
938,-121.625,51.9,-121.625
910,-121.6,51.9,-121.6
995,-121.575,51.9,-121.575
967,-121.55,51.9,-121.55
1006,-121.525,51.9,-121.525
1057,-121.5,51.9,-121.5
1070,-121.475,51.9,-121.475
1097,-121.45,51.9,-121.45
1071,-121.425,51.9,-121.425
1091,-121.4,51.9,-121.4
1292,-121.375,51.9,-121.375
1138,-121.35,51.9,-121.35
1360,-121.325,51.9,-121.325
1293,-121.3,51.9,-121.3
1454,-121.275,51.9,-121.275
1551,-121.25,51.9,-121.25
1592,-121.225,51.9,-121.225
1473,-121.2,51.9,-121.2
1126,-121.175,51.9,-121.175
899,-121.15,51.9,-121.15
970,-121.125,51.9,-121.125
1153,-121.1,51.9,-121.1
1119,-121.075,51.9,-121.075
1076,-121.05,51.9,-121.05
986,-121.025,51.9,-121.025
954,-121,51.9,-121
930,-120.975,51.9,-120.975
818,-120.95,51.9,-120.95
809,-120.925,51.9,-120.925
945,-120.9,51.9,-120.9
955,-120.875,51.9,-120.875
968,-120.85,51.9,-120.85
1004,-120.825,51.9,-120.825
978,-120.8,51.9,-120.8
957,-120.775,51.9,-120.775
985,-120.75,51.9,-120.75
999,-120.725,51.9,-120.725
1018,-120.7,51.9,-120.7
980,-120.675,51.9,-120.675
896,-120.65,51.9,-120.65
897,-120.625,51.9,-120.625
946,-120.6,51.9,-120.6
1093,-120.575,51.9,-120.575
820,-120.55,51.9,-120.55
803,-120.525,51.9,-120.525
794,-120.5,51.9,-120.5
712,-120.475,51.9,-120.475
627,-120.45,51.9,-120.45
627,-120.425,51.9,-120.425
733,-120.4,51.9,-120.4
805,-120.375,51.9,-120.375
966,-120.35,51.9,-120.35
1389,-120.325,51.9,-120.325
1441,-120.3,51.9,-120.3
1347,-120.275,51.9,-120.275
1249,-120.25,51.9,-120.25
1280,-120.225,51.9,-120.225
1200,-120.2,51.9,-120.2
773,-120.175,51.9,-120.175
513,-120.15,51.9,-120.15
529,-120.125,51.9,-120.125
788,-120.1,51.9,-120.1
1046,-120.075,51.9,-120.075
685,-120.05,51.9,-120.05
712,-120.025,51.9,-120.025
745,-120,51.9,-120
1109,-119.975,51.9,-119.975
1624,-119.95,51.9,-119.95
1817,-119.925,51.9,-119.925
1947,-119.9,51.9,-119.9
1873,-119.875,51.9,-119.875
1960,-119.85,51.9,-119.85
1931,-119.825,51.9,-119.825
1567,-119.8,51.9,-119.8
1749,-119.775,51.9,-119.775
1816,-119.75,51.9,-119.75
1616,-119.725,51.9,-119.725
1580,-119.7,51.9,-119.7
1500,-119.675,51.9,-119.675
1157,-119.65,51.9,-119.65
1251,-119.625,51.9,-119.625
1057,-119.6,51.9,-119.6
942,-119.575,51.9,-119.575
1320,-119.55,51.9,-119.55
1659,-119.525,51.9,-119.525
1710,-119.5,51.9,-119.5
1740,-119.475,51.9,-119.475
1634,-119.45,51.9,-119.45
1530,-119.425,51.9,-119.425
1498,-119.4,51.9,-119.4
1529,-119.375,51.9,-119.375
643,-119.35,51.9,-119.35
610,-119.325,51.9,-119.325
1059,-119.3,51.9,-119.3
1298,-119.275,51.9,-119.275
1650,-119.25,51.9,-119.25
1710,-119.225,51.9,-119.225
1888,-119.2,51.9,-119.2
1702,-119.175,51.9,-119.175
1245,-119.15,51.9,-119.15
862,-119.125,51.9,-119.125
672,-119.1,51.9,-119.1
1487,-119.075,51.9,-119.075
1927,-119.05,51.9,-119.05
1382,-119.025,51.9,-119.025
1198,-119,51.9,-119
1620,-118.975,51.9,-118.975
1750,-118.95,51.9,-118.95
1324,-118.925,51.9,-118.925
1371,-118.9,51.9,-118.9
1782,-118.875,51.9,-118.875
1824,-118.85,51.9,-118.85
1788,-118.825,51.9,-118.825
1208,-118.8,51.9,-118.8
1802,-118.775,51.9,-118.775
2399,-118.75,51.9,-118.75
2099,-118.725,51.9,-118.725
2025,-118.7,51.9,-118.7
1347,-118.675,51.9,-118.675
1563,-118.65,51.9,-118.65
1606,-118.625,51.9,-118.625
1072,-118.6,51.9,-118.6
572,-118.575,51.9,-118.575
1053,-118.55,51.9,-118.55
1439,-118.525,51.9,-118.525
1947,-118.5,51.9,-118.5
881,-123,51.925,-123
829,-122.975,51.925,-122.975
1055,-122.95,51.925,-122.95
1039,-122.925,51.925,-122.925
1091,-122.9,51.925,-122.9
1102,-122.875,51.925,-122.875
1104,-122.85,51.925,-122.85
1114,-122.825,51.925,-122.825
1101,-122.8,51.925,-122.8
1095,-122.775,51.925,-122.775
1066,-122.75,51.925,-122.75
1066,-122.725,51.925,-122.725
1141,-122.7,51.925,-122.7
1151,-122.675,51.925,-122.675
1206,-122.65,51.925,-122.65
1263,-122.625,51.925,-122.625
1162,-122.6,51.925,-122.6
1126,-122.575,51.925,-122.575
1066,-122.55,51.925,-122.55
955,-122.525,51.925,-122.525
789,-122.5,51.925,-122.5
762,-122.475,51.925,-122.475
1053,-122.45,51.925,-122.45
747,-122.425,51.925,-122.425
888,-122.4,51.925,-122.4
953,-122.375,51.925,-122.375
936,-122.35,51.925,-122.35
990,-122.325,51.925,-122.325
617,-122.3,51.925,-122.3
371,-122.275,51.925,-122.275
830,-122.25,51.925,-122.25
1215,-122.225,51.925,-122.225
1298,-122.2,51.925,-122.2
1120,-122.175,51.925,-122.175
1047,-122.15,51.925,-122.15
987,-122.125,51.925,-122.125
975,-122.1,51.925,-122.1
972,-122.075,51.925,-122.075
956,-122.05,51.925,-122.05
944,-122.025,51.925,-122.025
896,-122,51.925,-122
875,-121.975,51.925,-121.975
950,-121.95,51.925,-121.95
976,-121.925,51.925,-121.925
972,-121.9,51.925,-121.9
944,-121.875,51.925,-121.875
936,-121.85,51.925,-121.85
910,-121.825,51.925,-121.825
903,-121.8,51.925,-121.8
823,-121.775,51.925,-121.775
819,-121.75,51.925,-121.75
921,-121.725,51.925,-121.725
930,-121.7,51.925,-121.7
938,-121.675,51.925,-121.675
951,-121.65,51.925,-121.65
959,-121.625,51.925,-121.625
960,-121.6,51.925,-121.6
1033,-121.575,51.925,-121.575
1084,-121.55,51.925,-121.55
1069,-121.525,51.925,-121.525
1123,-121.5,51.925,-121.5
1128,-121.475,51.925,-121.475
1109,-121.45,51.925,-121.45
1116,-121.425,51.925,-121.425
1161,-121.4,51.925,-121.4
1156,-121.375,51.925,-121.375
1260,-121.35,51.925,-121.35
1412,-121.325,51.925,-121.325
1387,-121.3,51.925,-121.3
1367,-121.275,51.925,-121.275
1335,-121.25,51.925,-121.25
1294,-121.225,51.925,-121.225
1215,-121.2,51.925,-121.2
1005,-121.175,51.925,-121.175
977,-121.15,51.925,-121.15
1242,-121.125,51.925,-121.125
1298,-121.1,51.925,-121.1
1199,-121.075,51.925,-121.075
1089,-121.05,51.925,-121.05
955,-121.025,51.925,-121.025
841,-121,51.925,-121
894,-120.975,51.925,-120.975
1042,-120.95,51.925,-120.95
1034,-120.925,51.925,-120.925
1008,-120.9,51.925,-120.9
1009,-120.875,51.925,-120.875
1012,-120.85,51.925,-120.85
1039,-120.825,51.925,-120.825
1064,-120.8,51.925,-120.8
1064,-120.775,51.925,-120.775
1018,-120.75,51.925,-120.75
1021,-120.725,51.925,-120.725
990,-120.7,51.925,-120.7
940,-120.675,51.925,-120.675
1003,-120.65,51.925,-120.65
1032,-120.625,51.925,-120.625
1034,-120.6,51.925,-120.6
1062,-120.575,51.925,-120.575
996,-120.55,51.925,-120.55
894,-120.525,51.925,-120.525
1022,-120.5,51.925,-120.5
1266,-120.475,51.925,-120.475
1446,-120.45,51.925,-120.45
1232,-120.425,51.925,-120.425
978,-120.4,51.925,-120.4
657,-120.375,51.925,-120.375
627,-120.35,51.925,-120.35
803,-120.325,51.925,-120.325
748,-120.3,51.925,-120.3
688,-120.275,51.925,-120.275
678,-120.25,51.925,-120.25
614,-120.225,51.925,-120.225
533,-120.2,51.925,-120.2
795,-120.175,51.925,-120.175
805,-120.15,51.925,-120.15
789,-120.125,51.925,-120.125
901,-120.1,51.925,-120.1
1044,-120.075,51.925,-120.075
664,-120.05,51.925,-120.05
773,-120.025,51.925,-120.025
799,-120,51.925,-120
1239,-119.975,51.925,-119.975
1651,-119.95,51.925,-119.95
1825,-119.925,51.925,-119.925
1957,-119.9,51.925,-119.9
1908,-119.875,51.925,-119.875
1759,-119.85,51.925,-119.85
1595,-119.825,51.925,-119.825
1562,-119.8,51.925,-119.8
1806,-119.775,51.925,-119.775
1749,-119.75,51.925,-119.75
1678,-119.725,51.925,-119.725
1647,-119.7,51.925,-119.7
1684,-119.675,51.925,-119.675
1561,-119.65,51.925,-119.65
1466,-119.625,51.925,-119.625
1277,-119.6,51.925,-119.6
1329,-119.575,51.925,-119.575
1282,-119.55,51.925,-119.55
1532,-119.525,51.925,-119.525
1541,-119.5,51.925,-119.5
1595,-119.475,51.925,-119.475
1629,-119.45,51.925,-119.45
1677,-119.425,51.925,-119.425
1503,-119.4,51.925,-119.4
1151,-119.375,51.925,-119.375
665,-119.35,51.925,-119.35
720,-119.325,51.925,-119.325
1061,-119.3,51.925,-119.3
1183,-119.275,51.925,-119.275
993,-119.25,51.925,-119.25
1357,-119.225,51.925,-119.225
1492,-119.2,51.925,-119.2
1598,-119.175,51.925,-119.175
1728,-119.15,51.925,-119.15
1482,-119.125,51.925,-119.125
701,-119.1,51.925,-119.1
1176,-119.075,51.925,-119.075
1479,-119.05,51.925,-119.05
1927,-119.025,51.925,-119.025
1874,-119,51.925,-119
1906,-118.975,51.925,-118.975
2126,-118.95,51.925,-118.95
2203,-118.925,51.925,-118.925
1945,-118.9,51.925,-118.9
2107,-118.875,51.925,-118.875
1944,-118.85,51.925,-118.85
2201,-118.825,51.925,-118.825
1635,-118.8,51.925,-118.8
1440,-118.775,51.925,-118.775
1502,-118.75,51.925,-118.75
2378,-118.725,51.925,-118.725
2020,-118.7,51.925,-118.7
1406,-118.675,51.925,-118.675
1669,-118.65,51.925,-118.65
2037,-118.625,51.925,-118.625
1316,-118.6,51.925,-118.6
572,-118.575,51.925,-118.575
696,-118.55,51.925,-118.55
1224,-118.525,51.925,-118.525
1418,-118.5,51.925,-118.5
1113,-123,51.95,-123
1127,-122.975,51.95,-122.975
1127,-122.95,51.95,-122.95
1174,-122.925,51.95,-122.925
1233,-122.9,51.95,-122.9
1316,-122.875,51.95,-122.875
1209,-122.85,51.95,-122.85
1151,-122.825,51.95,-122.825
1148,-122.8,51.95,-122.8
1182,-122.775,51.95,-122.775
1235,-122.75,51.95,-122.75
1142,-122.725,51.95,-122.725
1053,-122.7,51.95,-122.7
1167,-122.675,51.95,-122.675
1271,-122.65,51.95,-122.65
1200,-122.625,51.95,-122.625
1174,-122.6,51.95,-122.6
1178,-122.575,51.95,-122.575
997,-122.55,51.95,-122.55
840,-122.525,51.95,-122.525
892,-122.5,51.95,-122.5
919,-122.475,51.95,-122.475
950,-122.45,51.95,-122.45
981,-122.425,51.95,-122.425
979,-122.4,51.95,-122.4
943,-122.375,51.95,-122.375
963,-122.35,51.95,-122.35
953,-122.325,51.95,-122.325
921,-122.3,51.95,-122.3
374,-122.275,51.95,-122.275
808,-122.25,51.95,-122.25
1034,-122.225,51.95,-122.225
1064,-122.2,51.95,-122.2
1070,-122.175,51.95,-122.175
1009,-122.15,51.95,-122.15
975,-122.125,51.95,-122.125
982,-122.1,51.95,-122.1
950,-122.075,51.95,-122.075
940,-122.05,51.95,-122.05
928,-122.025,51.95,-122.025
863,-122,51.95,-122
986,-121.975,51.95,-121.975
993,-121.95,51.95,-121.95
954,-121.925,51.95,-121.925
953,-121.9,51.95,-121.9
956,-121.875,51.95,-121.875
948,-121.85,51.95,-121.85
913,-121.825,51.95,-121.825
817,-121.8,51.95,-121.8
802,-121.775,51.95,-121.775
922,-121.75,51.95,-121.75
926,-121.725,51.95,-121.725
940,-121.7,51.95,-121.7
949,-121.675,51.95,-121.675
958,-121.65,51.95,-121.65
969,-121.625,51.95,-121.625
996,-121.6,51.95,-121.6
1055,-121.575,51.95,-121.575
1098,-121.55,51.95,-121.55
1149,-121.525,51.95,-121.525
1112,-121.5,51.95,-121.5
1096,-121.475,51.95,-121.475
1120,-121.45,51.95,-121.45
1157,-121.425,51.95,-121.425
1206,-121.4,51.95,-121.4
1232,-121.375,51.95,-121.375
1331,-121.35,51.95,-121.35
1453,-121.325,51.95,-121.325
1429,-121.3,51.95,-121.3
1389,-121.275,51.95,-121.275
1389,-121.25,51.95,-121.25
1282,-121.225,51.95,-121.225
1221,-121.2,51.95,-121.2
974,-121.175,51.95,-121.175
989,-121.15,51.95,-121.15
1171,-121.125,51.95,-121.125
1146,-121.1,51.95,-121.1
1084,-121.075,51.95,-121.075
982,-121.05,51.95,-121.05
862,-121.025,51.95,-121.025
820,-121,51.95,-121
875,-120.975,51.95,-120.975
925,-120.95,51.95,-120.95
1006,-120.925,51.95,-120.925
1008,-120.9,51.95,-120.9
1037,-120.875,51.95,-120.875
1133,-120.85,51.95,-120.85
1039,-120.825,51.95,-120.825
1038,-120.8,51.95,-120.8
1081,-120.775,51.95,-120.775
1058,-120.75,51.95,-120.75
1068,-120.725,51.95,-120.725
1002,-120.7,51.95,-120.7
1009,-120.675,51.95,-120.675
1122,-120.65,51.95,-120.65
1068,-120.625,51.95,-120.625
992,-120.6,51.95,-120.6
924,-120.575,51.95,-120.575
1030,-120.55,51.95,-120.55
1113,-120.525,51.95,-120.525
1258,-120.5,51.95,-120.5
1067,-120.475,51.95,-120.475
1043,-120.45,51.95,-120.45
1043,-120.425,51.95,-120.425
1036,-120.4,51.95,-120.4
1156,-120.375,51.95,-120.375
918,-120.35,51.95,-120.35
1062,-120.325,51.95,-120.325
1132,-120.3,51.95,-120.3
983,-120.275,51.95,-120.275
741,-120.25,51.95,-120.25
704,-120.225,51.95,-120.225
746,-120.2,51.95,-120.2
772,-120.175,51.95,-120.175
814,-120.15,51.95,-120.15
825,-120.125,51.95,-120.125
852,-120.1,51.95,-120.1
720,-120.075,51.95,-120.075
678,-120.05,51.95,-120.05
760,-120.025,51.95,-120.025
872,-120,51.95,-120
1376,-119.975,51.95,-119.975
1620,-119.95,51.95,-119.95
1694,-119.925,51.95,-119.925
1904,-119.9,51.95,-119.9
2289,-119.875,51.95,-119.875
2172,-119.85,51.95,-119.85
1888,-119.825,51.95,-119.825
1656,-119.8,51.95,-119.8
1626,-119.775,51.95,-119.775
1677,-119.75,51.95,-119.75
1583,-119.725,51.95,-119.725
1639,-119.7,51.95,-119.7
1689,-119.675,51.95,-119.675
1876,-119.65,51.95,-119.65
1548,-119.625,51.95,-119.625
1373,-119.6,51.95,-119.6
1522,-119.575,51.95,-119.575
1739,-119.55,51.95,-119.55
1121,-119.525,51.95,-119.525
1634,-119.5,51.95,-119.5
1836,-119.475,51.95,-119.475
1708,-119.45,51.95,-119.45
1861,-119.425,51.95,-119.425
1647,-119.4,51.95,-119.4
1383,-119.375,51.95,-119.375
646,-119.35,51.95,-119.35
1029,-119.325,51.95,-119.325
1271,-119.3,51.95,-119.3
1404,-119.275,51.95,-119.275
1507,-119.25,51.95,-119.25
1456,-119.225,51.95,-119.225
1240,-119.2,51.95,-119.2
1479,-119.175,51.95,-119.175
1574,-119.15,51.95,-119.15
1641,-119.125,51.95,-119.125
937,-119.1,51.95,-119.1
1052,-119.075,51.95,-119.075
1772,-119.05,51.95,-119.05
1380,-119.025,51.95,-119.025
1552,-119,51.95,-119
1907,-118.975,51.95,-118.975
2004,-118.95,51.95,-118.95
1988,-118.925,51.95,-118.925
2028,-118.9,51.95,-118.9
2095,-118.875,51.95,-118.875
1683,-118.85,51.95,-118.85
1313,-118.825,51.95,-118.825
1501,-118.8,51.95,-118.8
1383,-118.775,51.95,-118.775
1262,-118.75,51.95,-118.75
1814,-118.725,51.95,-118.725
1558,-118.7,51.95,-118.7
1716,-118.675,51.95,-118.675
999,-118.65,51.95,-118.65
805,-118.625,51.95,-118.625
821,-118.6,51.95,-118.6
572,-118.575,51.95,-118.575
912,-118.55,51.95,-118.55
1637,-118.525,51.95,-118.525
1743,-118.5,51.95,-118.5
1153,-123,51.975,-123
1215,-122.975,51.975,-122.975
1213,-122.95,51.975,-122.95
1256,-122.925,51.975,-122.925
1331,-122.9,51.975,-122.9
1283,-122.875,51.975,-122.875
1203,-122.85,51.975,-122.85
1221,-122.825,51.975,-122.825
1218,-122.8,51.975,-122.8
1234,-122.775,51.975,-122.775
1259,-122.75,51.975,-122.75
1262,-122.725,51.975,-122.725
1139,-122.7,51.975,-122.7
1106,-122.675,51.975,-122.675
1019,-122.65,51.975,-122.65
1110,-122.625,51.975,-122.625
1068,-122.6,51.975,-122.6
1030,-122.575,51.975,-122.575
987,-122.55,51.975,-122.55
924,-122.525,51.975,-122.525
944,-122.5,51.975,-122.5
986,-122.475,51.975,-122.475
989,-122.45,51.975,-122.45
939,-122.425,51.975,-122.425
972,-122.4,51.975,-122.4
951,-122.375,51.975,-122.375
916,-122.35,51.975,-122.35
853,-122.325,51.975,-122.325
654,-122.3,51.975,-122.3
399,-122.275,51.975,-122.275
1083,-122.25,51.975,-122.25
1288,-122.225,51.975,-122.225
1044,-122.2,51.975,-122.2
966,-122.175,51.975,-122.175
974,-122.15,51.975,-122.15
972,-122.125,51.975,-122.125
969,-122.1,51.975,-122.1
946,-122.075,51.975,-122.075
931,-122.05,51.975,-122.05
880,-122.025,51.975,-122.025
958,-122,51.975,-122
981,-121.975,51.975,-121.975
962,-121.95,51.975,-121.95
971,-121.925,51.975,-121.925
950,-121.9,51.975,-121.9
949,-121.875,51.975,-121.875
890,-121.85,51.975,-121.85
772,-121.825,51.975,-121.825
807,-121.8,51.975,-121.8
904,-121.775,51.975,-121.775
927,-121.75,51.975,-121.75
900,-121.725,51.975,-121.725
929,-121.7,51.975,-121.7
923,-121.675,51.975,-121.675
956,-121.65,51.975,-121.65
1014,-121.625,51.975,-121.625
1063,-121.6,51.975,-121.6
1112,-121.575,51.975,-121.575
1141,-121.55,51.975,-121.55
1108,-121.525,51.975,-121.525
1127,-121.5,51.975,-121.5
1139,-121.475,51.975,-121.475
1128,-121.45,51.975,-121.45
1118,-121.425,51.975,-121.425
1103,-121.4,51.975,-121.4
1161,-121.375,51.975,-121.375
1133,-121.35,51.975,-121.35
1156,-121.325,51.975,-121.325
1156,-121.3,51.975,-121.3
1149,-121.275,51.975,-121.275
1196,-121.25,51.975,-121.25
1124,-121.225,51.975,-121.225
989,-121.2,51.975,-121.2
1039,-121.175,51.975,-121.175
1008,-121.15,51.975,-121.15
979,-121.125,51.975,-121.125
1043,-121.1,51.975,-121.1
820,-121.075,51.975,-121.075
934,-121.05,51.975,-121.05
1025,-121.025,51.975,-121.025
1086,-121,51.975,-121
1148,-120.975,51.975,-120.975
1201,-120.95,51.975,-120.95
1237,-120.925,51.975,-120.925
1289,-120.9,51.975,-120.9
1417,-120.875,51.975,-120.875
1314,-120.85,51.975,-120.85
1298,-120.825,51.975,-120.825
1246,-120.8,51.975,-120.8
1069,-120.775,51.975,-120.775
1119,-120.75,51.975,-120.75
1127,-120.725,51.975,-120.725
1079,-120.7,51.975,-120.7
1122,-120.675,51.975,-120.675
1076,-120.65,51.975,-120.65
1165,-120.625,51.975,-120.625
1149,-120.6,51.975,-120.6
1049,-120.575,51.975,-120.575
1071,-120.55,51.975,-120.55
1015,-120.525,51.975,-120.525
1026,-120.5,51.975,-120.5
1071,-120.475,51.975,-120.475
1241,-120.45,51.975,-120.45
1336,-120.425,51.975,-120.425
1441,-120.4,51.975,-120.4
1188,-120.375,51.975,-120.375
1410,-120.35,51.975,-120.35
1365,-120.325,51.975,-120.325
1372,-120.3,51.975,-120.3
1325,-120.275,51.975,-120.275
874,-120.25,51.975,-120.25
773,-120.225,51.975,-120.225
728,-120.2,51.975,-120.2
811,-120.175,51.975,-120.175
786,-120.15,51.975,-120.15
834,-120.125,51.975,-120.125
826,-120.1,51.975,-120.1
779,-120.075,51.975,-120.075
814,-120.05,51.975,-120.05
792,-120.025,51.975,-120.025
872,-120,51.975,-120
1090,-119.975,51.975,-119.975
1297,-119.95,51.975,-119.95
1518,-119.925,51.975,-119.925
1752,-119.9,51.975,-119.9
1966,-119.875,51.975,-119.875
1906,-119.85,51.975,-119.85
1778,-119.825,51.975,-119.825
1564,-119.8,51.975,-119.8
1541,-119.775,51.975,-119.775
1530,-119.75,51.975,-119.75
1572,-119.725,51.975,-119.725
1685,-119.7,51.975,-119.7
1664,-119.675,51.975,-119.675
1698,-119.65,51.975,-119.65
1661,-119.625,51.975,-119.625
1454,-119.6,51.975,-119.6
1631,-119.575,51.975,-119.575
1640,-119.55,51.975,-119.55
1531,-119.525,51.975,-119.525
1306,-119.5,51.975,-119.5
1572,-119.475,51.975,-119.475
1520,-119.45,51.975,-119.45
1507,-119.425,51.975,-119.425
1542,-119.4,51.975,-119.4
1192,-119.375,51.975,-119.375
684,-119.35,51.975,-119.35
1227,-119.325,51.975,-119.325
1290,-119.3,51.975,-119.3
1778,-119.275,51.975,-119.275
1791,-119.25,51.975,-119.25
1839,-119.225,51.975,-119.225
1449,-119.2,51.975,-119.2
1121,-119.175,51.975,-119.175
1511,-119.15,51.975,-119.15
1827,-119.125,51.975,-119.125
875,-119.1,51.975,-119.1
848,-119.075,51.975,-119.075
1386,-119.05,51.975,-119.05
1625,-119.025,51.975,-119.025
1834,-119,51.975,-119
2532,-118.975,51.975,-118.975
2312,-118.95,51.975,-118.95
1510,-118.925,51.975,-118.925
1861,-118.9,51.975,-118.9
2024,-118.875,51.975,-118.875
1231,-118.85,51.975,-118.85
1079,-118.825,51.975,-118.825
1332,-118.8,51.975,-118.8
1455,-118.775,51.975,-118.775
1398,-118.75,51.975,-118.75
1289,-118.725,51.975,-118.725
1367,-118.7,51.975,-118.7
1663,-118.675,51.975,-118.675
1771,-118.65,51.975,-118.65
2242,-118.625,51.975,-118.625
1399,-118.6,51.975,-118.6
724,-118.575,51.975,-118.575
997,-118.55,51.975,-118.55
1677,-118.525,51.975,-118.525
1817,-118.5,51.975,-118.5
1158,-123,52,-123
1187,-122.975,52,-122.975
1220,-122.95,52,-122.95
1247,-122.925,52,-122.925
1255,-122.9,52,-122.9
1234,-122.875,52,-122.875
1246,-122.85,52,-122.85
1244,-122.825,52,-122.825
1285,-122.8,52,-122.8
1337,-122.775,52,-122.775
1378,-122.75,52,-122.75
1336,-122.725,52,-122.725
1302,-122.7,52,-122.7
1236,-122.675,52,-122.675
1185,-122.65,52,-122.65
1074,-122.625,52,-122.625
1103,-122.6,52,-122.6
992,-122.575,52,-122.575
974,-122.55,52,-122.55
1005,-122.525,52,-122.525
998,-122.5,52,-122.5
983,-122.475,52,-122.475
972,-122.45,52,-122.45
958,-122.425,52,-122.425
947,-122.4,52,-122.4
908,-122.375,52,-122.375
864,-122.35,52,-122.35
926,-122.325,52,-122.325
968,-122.3,52,-122.3
447,-122.275,52,-122.275
981,-122.25,52,-122.25
1037,-122.225,52,-122.225
979,-122.2,52,-122.2
911,-122.175,52,-122.175
960,-122.15,52,-122.15
963,-122.125,52,-122.125
932,-122.1,52,-122.1
914,-122.075,52,-122.075
956,-122.05,52,-122.05
854,-122.025,52,-122.025
851,-122,52,-122
905,-121.975,52,-121.975
967,-121.95,52,-121.95
887,-121.925,52,-121.925
800,-121.9,52,-121.9
756,-121.875,52,-121.875
786,-121.85,52,-121.85
856,-121.825,52,-121.825
936,-121.8,52,-121.8
922,-121.775,52,-121.775
840,-121.75,52,-121.75
847,-121.725,52,-121.725
888,-121.7,52,-121.7
941,-121.675,52,-121.675
996,-121.65,52,-121.65
1054,-121.625,52,-121.625
1089,-121.6,52,-121.6
1140,-121.575,52,-121.575
1131,-121.55,52,-121.55
1104,-121.525,52,-121.525
1099,-121.5,52,-121.5
1112,-121.475,52,-121.475
1089,-121.45,52,-121.45
1074,-121.425,52,-121.425
1090,-121.4,52,-121.4
1074,-121.375,52,-121.375
1102,-121.35,52,-121.35
1166,-121.325,52,-121.325
1086,-121.3,52,-121.3
1066,-121.275,52,-121.275
1031,-121.25,52,-121.25
974,-121.225,52,-121.225
894,-121.2,52,-121.2
984,-121.175,52,-121.175
941,-121.15,52,-121.15
842,-121.125,52,-121.125
1006,-121.1,52,-121.1
1092,-121.075,52,-121.075
1151,-121.05,52,-121.05
1175,-121.025,52,-121.025
1254,-121,52,-121
1258,-120.975,52,-120.975
1371,-120.95,52,-120.95
1456,-120.925,52,-120.925
1394,-120.9,52,-120.9
1314,-120.875,52,-120.875
1306,-120.85,52,-120.85
1236,-120.825,52,-120.825
1168,-120.8,52,-120.8
1386,-120.775,52,-120.775
1326,-120.75,52,-120.75
1036,-120.725,52,-120.725
1458,-120.7,52,-120.7
1342,-120.675,52,-120.675
1409,-120.65,52,-120.65
1305,-120.625,52,-120.625
1237,-120.6,52,-120.6
1037,-120.575,52,-120.575
1188,-120.55,52,-120.55
1134,-120.525,52,-120.525
1343,-120.5,52,-120.5
1151,-120.475,52,-120.475
1081,-120.45,52,-120.45
1101,-120.425,52,-120.425
1112,-120.4,52,-120.4
1137,-120.375,52,-120.375
1504,-120.35,52,-120.35
1526,-120.325,52,-120.325
1435,-120.3,52,-120.3
1317,-120.275,52,-120.275
1124,-120.25,52,-120.25
827,-120.225,52,-120.225
963,-120.2,52,-120.2
882,-120.175,52,-120.175
632,-120.15,52,-120.15
858,-120.125,52,-120.125
854,-120.1,52,-120.1
841,-120.075,52,-120.075
891,-120.05,52,-120.05
1061,-120.025,52,-120.025
1014,-120,52,-120
958,-119.975,52,-119.975
1119,-119.95,52,-119.95
1234,-119.925,52,-119.925
1453,-119.9,52,-119.9
1504,-119.875,52,-119.875
1518,-119.85,52,-119.85
1579,-119.825,52,-119.825
1531,-119.8,52,-119.8
1538,-119.775,52,-119.775
1540,-119.75,52,-119.75
1518,-119.725,52,-119.725
1560,-119.7,52,-119.7
1767,-119.675,52,-119.675
1701,-119.65,52,-119.65
1557,-119.625,52,-119.625
1362,-119.6,52,-119.6
1620,-119.575,52,-119.575
1641,-119.55,52,-119.55
1575,-119.525,52,-119.525
1517,-119.5,52,-119.5
1529,-119.475,52,-119.475
1507,-119.45,52,-119.45
1415,-119.425,52,-119.425
1261,-119.4,52,-119.4
1181,-119.375,52,-119.375
998,-119.35,52,-119.35
961,-119.325,52,-119.325
1251,-119.3,52,-119.3
1721,-119.275,52,-119.275
1973,-119.25,52,-119.25
2007,-119.225,52,-119.225
2064,-119.2,52,-119.2
1687,-119.175,52,-119.175
1144,-119.15,52,-119.15
1305,-119.125,52,-119.125
789,-119.1,52,-119.1
1429,-119.075,52,-119.075
1835,-119.05,52,-119.05
2001,-119.025,52,-119.025
2005,-119,52,-119
1776,-118.975,52,-118.975
2190,-118.95,52,-118.95
2112,-118.925,52,-118.925
1370,-118.9,52,-118.9
1497,-118.875,52,-118.875
1652,-118.85,52,-118.85
1822,-118.825,52,-118.825
1879,-118.8,52,-118.8
2126,-118.775,52,-118.775
1685,-118.75,52,-118.75
1938,-118.725,52,-118.725
1627,-118.7,52,-118.7
1437,-118.675,52,-118.675
1738,-118.65,52,-118.65
1903,-118.625,52,-118.625
1198,-118.6,52,-118.6
595,-118.575,52,-118.575
1089,-118.55,52,-118.55
1112,-118.525,52,-118.525
961,-118.5,52,-118.5
