lat,lon,land
31,-115.5,TRUE
31.5,-115.75,TRUE
31.5,-115.5,TRUE
31.5,-115.25,TRUE
31.5,-115,TRUE
31.5,-114.75,TRUE
31.5,-114.25,TRUE
31.5,-114,TRUE
31.5,-113.75,TRUE
31.5,-113.5,TRUE
31.5,-113.25,TRUE
31.5,-113,TRUE
31.5,-112.75,TRUE
31.5,-112.5,TRUE
31.5,-112.25,TRUE
31.5,-112,TRUE
31.5,-111.75,TRUE
31.5,-111.5,TRUE
31.5,-111.25,TRUE
31.5,-111,TRUE
31.5,-110.75,TRUE
31.5,-110.5,TRUE
31.5,-110.25,TRUE
31.5,-110,TRUE
31.5,-109.75,TRUE
31.5,-109.5,TRUE
31.5,-109.25,TRUE
31.5,-109,TRUE
31.5,-108.75,TRUE
31.5,-108.5,TRUE
31.5,-108.25,TRUE
31.5,-108,TRUE
31.5,-107.75,TRUE
31.5,-107.5,TRUE
31.5,-107.25,TRUE
31.5,-107,TRUE
31.5,-106.75,TRUE
31.5,-106.5,TRUE
31.5,-106.25,TRUE
31.5,-106,TRUE
31.5,-105.75,TRUE
31.5,-105.5,TRUE
31.5,-105.25,TRUE
31.5,-105,TRUE
31.5,-104.75,TRUE
31.5,-104.5,TRUE
31.5,-104.25,TRUE
31.5,-104,TRUE
31.75,-115.75,TRUE
31.75,-115.5,TRUE
31.75,-115.25,TRUE
31.75,-115,TRUE
31.75,-114.75,TRUE
31.75,-114.5,TRUE
31.75,-114.25,TRUE
31.75,-114,TRUE
31.75,-113.75,TRUE
31.75,-113.5,TRUE
31.75,-113.25,TRUE
31.75,-113,TRUE
31.75,-112.75,TRUE
31.75,-112.5,TRUE
31.75,-112.25,TRUE
31.75,-112,TRUE
31.75,-111.75,TRUE
31.75,-111.5,TRUE
31.75,-111.25,TRUE
31.75,-111,TRUE
31.75,-110.75,TRUE
31.75,-110.5,TRUE
31.75,-110.25,TRUE
31.75,-110,TRUE
31.75,-109.75,TRUE
31.75,-109.5,TRUE
31.75,-109.25,TRUE
31.75,-109,TRUE
31.75,-108.75,TRUE
31.75,-108.5,TRUE
31.75,-108.25,TRUE
31.75,-108,TRUE
31.75,-107.75,TRUE
31.75,-107.5,TRUE
31.75,-107.25,TRUE
31.75,-107,TRUE
31.75,-106.75,TRUE
31.75,-106.5,TRUE
31.75,-106.25,TRUE
31.75,-106,TRUE
31.75,-105.75,TRUE
31.75,-105.5,TRUE
31.75,-105.25,TRUE
31.75,-105,TRUE
31.75,-104.75,TRUE
31.75,-104.5,TRUE
31.75,-104.25,TRUE
31.75,-104,TRUE
32,-115.75,TRUE
32,-115.5,TRUE
32,-115.25,TRUE
32,-115,TRUE
32,-114.75,TRUE
32,-114.5,TRUE
32,-114.25,TRUE
32,-114,TRUE
32,-113.75,TRUE
32,-113.5,TRUE
32,-113.25,TRUE
32,-113,TRUE
32,-112.75,TRUE
32,-112.5,TRUE
32,-112.25,TRUE
32,-112,TRUE
32,-111.75,TRUE
32,-111.5,TRUE
32,-111.25,TRUE
32,-111,TRUE
32,-110.75,TRUE
32,-110.5,TRUE
32,-110.25,TRUE
32,-110,TRUE
32,-109.75,TRUE
32,-109.5,TRUE
32,-109.25,TRUE
32,-109,TRUE
32,-108.75,TRUE
32,-108.5,TRUE
32,-108.25,TRUE
32,-108,TRUE
32,-107.75,TRUE
32,-107.5,TRUE
32,-107.25,TRUE
32,-107,TRUE
32,-106.75,TRUE
32,-106.5,TRUE
32,-106.25,TRUE
32,-106,TRUE
32,-105.75,TRUE
32,-105.5,TRUE
32,-105.25,TRUE
32,-105,TRUE
32,-104.75,TRUE
32,-104.5,TRUE
32,-104.25,TRUE
32,-104,TRUE
32.25,-116.75,TRUE
32.25,-116.5,TRUE
32.25,-116.25,TRUE
32.25,-116,TRUE
32.25,-115.75,TRUE
32.25,-115.5,TRUE
32.25,-115.25,TRUE
32.25,-115,TRUE
32.25,-114.75,TRUE
32.25,-114.5,TRUE
32.25,-114.25,TRUE
32.25,-114,TRUE
32.25,-113.75,TRUE
32.25,-113.5,TRUE
32.25,-113.25,TRUE
32.25,-113,TRUE
32.25,-112.75,TRUE
32.25,-112.5,TRUE
32.25,-112.25,TRUE
32.25,-112,TRUE
32.25,-111.75,TRUE
32.25,-111.5,TRUE
32.25,-111.25,TRUE
32.25,-111,TRUE
32.25,-110.75,TRUE
32.25,-110.5,TRUE
32.25,-110.25,TRUE
32.25,-110,TRUE
32.25,-109.75,TRUE
32.25,-109.5,TRUE
32.25,-109.25,TRUE
32.25,-109,TRUE
32.25,-108.75,TRUE
32.25,-108.5,TRUE
32.25,-108.25,TRUE
32.25,-108,TRUE
32.25,-107.75,TRUE
32.25,-107.5,TRUE
32.25,-107.25,TRUE
32.25,-107,TRUE
32.25,-106.75,TRUE
32.25,-106.5,TRUE
32.25,-106.25,TRUE
32.25,-106,TRUE
32.25,-105.75,TRUE
32.25,-105.5,TRUE
32.25,-105.25,TRUE
32.25,-105,TRUE
32.25,-104.75,TRUE
32.25,-104.5,TRUE
32.25,-104.25,TRUE
32.25,-104,TRUE
32.5,-117,TRUE
32.5,-116.75,TRUE
32.5,-116.5,TRUE
32.5,-116.25,TRUE
32.5,-116,TRUE
32.5,-115.75,TRUE
32.5,-115.5,TRUE
32.5,-115.25,TRUE
32.5,-115,TRUE
32.5,-114.75,TRUE
32.5,-114.5,TRUE
32.5,-114.25,TRUE
32.5,-114,TRUE
32.5,-113.75,TRUE
32.5,-113.5,TRUE
32.5,-113.25,TRUE
32.5,-113,TRUE
32.5,-112.75,TRUE
32.5,-112.5,TRUE
32.5,-112.25,TRUE
32.5,-112,TRUE
32.5,-111.75,TRUE
32.5,-111.5,TRUE
32.5,-111.25,TRUE
32.5,-111,TRUE
32.5,-110.75,TRUE
32.5,-110.5,TRUE
32.5,-110.25,TRUE
32.5,-110,TRUE
32.5,-109.75,TRUE
32.5,-109.5,TRUE
32.5,-109.25,TRUE
32.5,-109,TRUE
32.5,-108.75,TRUE
32.5,-108.5,TRUE
32.5,-108.25,TRUE
32.5,-108,TRUE
32.5,-107.75,TRUE
32.5,-107.5,TRUE
32.5,-107.25,TRUE
32.5,-107,TRUE
32.5,-106.75,TRUE
32.5,-106.5,TRUE
32.5,-106.25,TRUE
32.5,-106,TRUE
32.5,-105.75,TRUE
32.5,-105.5,TRUE
32.5,-105.25,TRUE
32.5,-105,TRUE
32.5,-104.75,TRUE
32.5,-104.5,TRUE
32.5,-104.25,TRUE
32.5,-104,TRUE
32.75,-117.25,TRUE
32.75,-117,TRUE
32.75,-116.75,TRUE
32.75,-116.5,TRUE
32.75,-116.25,TRUE
32.75,-116,TRUE
32.75,-115.75,TRUE
32.75,-115.5,TRUE
32.75,-115.25,TRUE
32.75,-115,TRUE
32.75,-114.75,TRUE
32.75,-114.5,TRUE
32.75,-114.25,TRUE
32.75,-114,TRUE
32.75,-113.75,TRUE
32.75,-113.5,TRUE
32.75,-113.25,TRUE
32.75,-113,TRUE
32.75,-112.75,TRUE
32.75,-112.5,TRUE
32.75,-112.25,TRUE
32.75,-112,TRUE
32.75,-111.75,TRUE
32.75,-111.5,TRUE
32.75,-111.25,TRUE
32.75,-111,TRUE
32.75,-110.75,TRUE
32.75,-110.5,TRUE
32.75,-110.25,TRUE
32.75,-110,TRUE
32.75,-109.75,TRUE
32.75,-109.5,TRUE
32.75,-109.25,TRUE
32.75,-109,TRUE
32.75,-108.75,TRUE
32.75,-108.5,TRUE
32.75,-108.25,TRUE
32.75,-108,TRUE
32.75,-107.75,TRUE
32.75,-107.5,TRUE
32.75,-107.25,TRUE
32.75,-107,TRUE
32.75,-106.75,TRUE
32.75,-106.5,TRUE
32.75,-106.25,TRUE
32.75,-106,TRUE
32.75,-105.75,TRUE
32.75,-105.5,TRUE
32.75,-105.25,TRUE
32.75,-105,TRUE
32.75,-104.75,TRUE
32.75,-104.5,TRUE
32.75,-104.25,TRUE
32.75,-104,TRUE
33,-117.25,TRUE
33,-117,TRUE
33,-116.75,TRUE
33,-116.5,TRUE
33,-116.25,TRUE
33,-116,TRUE
33,-115.75,TRUE
33,-115.5,TRUE
33,-115.25,TRUE
33,-115,TRUE
33,-114.75,TRUE
33,-114.5,TRUE
33,-114.25,TRUE
33,-114,TRUE
33,-113.75,TRUE
33,-113.5,TRUE
33,-113.25,TRUE
33,-113,TRUE
33,-112.75,TRUE
33,-112.5,TRUE
33,-112.25,TRUE
33,-112,TRUE
33,-111.75,TRUE
33,-111.5,TRUE
33,-111.25,TRUE
33,-111,TRUE
33,-110.75,TRUE
33,-110.5,TRUE
33,-110.25,TRUE
33,-110,TRUE
33,-109.75,TRUE
33,-109.5,TRUE
33,-109.25,TRUE
33,-109,TRUE
33,-108.75,TRUE
33,-108.5,TRUE
33,-108.25,TRUE
33,-108,TRUE
33,-107.75,TRUE
33,-107.5,TRUE
33,-107.25,TRUE
33,-107,TRUE
33,-106.75,TRUE
33,-106.5,TRUE
33,-106.25,TRUE
33,-106,TRUE
33,-105.75,TRUE
33,-105.5,TRUE
33,-105.25,TRUE
33,-105,TRUE
33,-104.75,TRUE
33,-104.5,TRUE
33,-104.25,TRUE
33,-104,TRUE
33.25,-119.5,TRUE
33.25,-117.5,TRUE
33.25,-117.25,TRUE
33.25,-117,TRUE
33.25,-116.75,TRUE
33.25,-116.5,TRUE
33.25,-116.25,TRUE
33.25,-116,TRUE
33.25,-115.75,TRUE
33.25,-115.5,TRUE
33.25,-115.25,TRUE
33.25,-115,TRUE
33.25,-114.75,TRUE
33.25,-114.5,TRUE
33.25,-114.25,TRUE
33.25,-114,TRUE
33.25,-113.75,TRUE
33.25,-113.5,TRUE
33.25,-113.25,TRUE
33.25,-113,TRUE
33.25,-112.75,TRUE
33.25,-112.5,TRUE
33.25,-112.25,TRUE
33.25,-112,TRUE
33.25,-111.75,TRUE
33.25,-111.5,TRUE
33.25,-111.25,TRUE
33.25,-111,TRUE
33.25,-110.75,TRUE
33.25,-110.5,TRUE
33.25,-110.25,TRUE
33.25,-110,TRUE
33.25,-109.75,TRUE
33.25,-109.5,TRUE
33.25,-109.25,TRUE
33.25,-109,TRUE
33.25,-108.75,TRUE
33.25,-108.5,TRUE
33.25,-108.25,TRUE
33.25,-108,TRUE
33.25,-107.75,TRUE
33.25,-107.5,TRUE
33.25,-107.25,TRUE
33.25,-107,TRUE
33.25,-106.75,TRUE
33.25,-106.5,TRUE
33.25,-106.25,TRUE
33.25,-106,TRUE
33.25,-105.75,TRUE
33.25,-105.5,TRUE
33.25,-105.25,TRUE
33.25,-105,TRUE
33.25,-104.75,TRUE
33.25,-104.5,TRUE
33.25,-104.25,TRUE
33.25,-104,TRUE
33.5,-118.5,TRUE
33.5,-118,TRUE
33.5,-117.75,TRUE
33.5,-117.5,TRUE
33.5,-117.25,TRUE
33.5,-117,TRUE
33.5,-116.75,TRUE
33.5,-116.5,TRUE
33.5,-116.25,TRUE
33.5,-116,TRUE
33.5,-115.75,TRUE
33.5,-115.5,TRUE
33.5,-115.25,TRUE
33.5,-115,TRUE
33.5,-114.75,TRUE
33.5,-114.5,TRUE
33.5,-114.25,TRUE
33.5,-114,TRUE
33.5,-113.75,TRUE
33.5,-113.5,TRUE
33.5,-113.25,TRUE
33.5,-113,TRUE
33.5,-112.75,TRUE
33.5,-112.5,TRUE
33.5,-112.25,TRUE
33.5,-112,TRUE
33.5,-111.75,TRUE
33.5,-111.5,TRUE
33.5,-111.25,TRUE
33.5,-111,TRUE
33.5,-110.75,TRUE
33.5,-110.5,TRUE
33.5,-110.25,TRUE
33.5,-110,TRUE
33.5,-109.75,TRUE
33.5,-109.5,TRUE
33.5,-109.25,TRUE
33.5,-109,TRUE
33.5,-108.75,TRUE
33.5,-108.5,TRUE
33.5,-108.25,TRUE
33.5,-108,TRUE
33.5,-107.75,TRUE
33.5,-107.5,TRUE
33.5,-107.25,TRUE
33.5,-107,TRUE
33.5,-106.75,TRUE
33.5,-106.5,TRUE
33.5,-106.25,TRUE
33.5,-106,TRUE
33.5,-105.75,TRUE
33.5,-105.5,TRUE
33.5,-105.25,TRUE
33.5,-105,TRUE
33.5,-104.75,TRUE
33.5,-104.5,TRUE
33.5,-104.25,TRUE
33.5,-104,TRUE
33.75,-118.25,TRUE
33.75,-118,TRUE
33.75,-117.75,TRUE
33.75,-117.5,TRUE
33.75,-117.25,TRUE
33.75,-117,TRUE
33.75,-116.75,TRUE
33.75,-116.5,TRUE
33.75,-116.25,TRUE
33.75,-116,TRUE
33.75,-115.75,TRUE
33.75,-115.5,TRUE
33.75,-115.25,TRUE
33.75,-115,TRUE
33.75,-114.75,TRUE
33.75,-114.5,TRUE
33.75,-114.25,TRUE
33.75,-114,TRUE
33.75,-113.75,TRUE
33.75,-113.5,TRUE
33.75,-113.25,TRUE
33.75,-113,TRUE
33.75,-112.75,TRUE
33.75,-112.5,TRUE
33.75,-112.25,TRUE
33.75,-112,TRUE
33.75,-111.75,TRUE
33.75,-111.5,TRUE
33.75,-111.25,TRUE
33.75,-111,TRUE
33.75,-110.75,TRUE
33.75,-110.5,TRUE
33.75,-110.25,TRUE
33.75,-110,TRUE
33.75,-109.75,TRUE
33.75,-109.5,TRUE
33.75,-109.25,TRUE
33.75,-109,TRUE
33.75,-108.75,TRUE
33.75,-108.5,TRUE
33.75,-108.25,TRUE
33.75,-108,TRUE
33.75,-107.75,TRUE
33.75,-107.5,TRUE
33.75,-107.25,TRUE
33.75,-107,TRUE
33.75,-106.75,TRUE
33.75,-106.5,TRUE
33.75,-106.25,TRUE
33.75,-106,TRUE
33.75,-105.75,TRUE
33.75,-105.5,TRUE
33.75,-105.25,TRUE
33.75,-105,TRUE
33.75,-104.75,TRUE
33.75,-104.5,TRUE
33.75,-104.25,TRUE
33.75,-104,TRUE
34,-120.5,TRUE
34,-120.25,TRUE
34,-119,TRUE
34,-118.75,TRUE
34,-118.5,TRUE
34,-118.25,TRUE
34,-118,TRUE
34,-117.75,TRUE
34,-117.5,TRUE
34,-117.25,TRUE
34,-117,TRUE
34,-116.75,TRUE
34,-116.5,TRUE
34,-116.25,TRUE
34,-116,TRUE
34,-115.75,TRUE
34,-115.5,TRUE
34,-115.25,TRUE
34,-115,TRUE
34,-114.75,TRUE
34,-114.5,TRUE
34,-114.25,TRUE
34,-114,TRUE
34,-113.75,TRUE
34,-113.5,TRUE
34,-113.25,TRUE
34,-113,TRUE
34,-112.75,TRUE
34,-112.5,TRUE
34,-112.25,TRUE
34,-112,TRUE
34,-111.75,TRUE
34,-111.5,TRUE
34,-111.25,TRUE
34,-111,TRUE
34,-110.75,TRUE
34,-110.5,TRUE
34,-110.25,TRUE
34,-110,TRUE
34,-109.75,TRUE
34,-109.5,TRUE
34,-109.25,TRUE
34,-109,TRUE
34,-108.75,TRUE
34,-108.5,TRUE
34,-108.25,TRUE
34,-108,TRUE
34,-107.75,TRUE
34,-107.5,TRUE
34,-107.25,TRUE
34,-107,TRUE
34,-106.75,TRUE
34,-106.5,TRUE
34,-106.25,TRUE
34,-106,TRUE
34,-105.75,TRUE
34,-105.5,TRUE
34,-105.25,TRUE
34,-105,TRUE
34,-104.75,TRUE
34,-104.5,TRUE
34,-104.25,TRUE
34,-104,TRUE
34.25,-119.25,TRUE
34.25,-119,TRUE
34.25,-118.75,TRUE
34.25,-118.5,TRUE
34.25,-118.25,TRUE
34.25,-118,TRUE
34.25,-117.75,TRUE
34.25,-117.5,TRUE
34.25,-117.25,TRUE
34.25,-117,TRUE
34.25,-116.75,TRUE
34.25,-116.5,TRUE
34.25,-116.25,TRUE
34.25,-116,TRUE
34.25,-115.75,TRUE
34.25,-115.5,TRUE
34.25,-115.25,TRUE
34.25,-115,TRUE
34.25,-114.75,TRUE
34.25,-114.5,TRUE
34.25,-114.25,TRUE
34.25,-114,TRUE
34.25,-113.75,TRUE
34.25,-113.5,TRUE
34.25,-113.25,TRUE
34.25,-113,TRUE
34.25,-112.75,TRUE
34.25,-112.5,TRUE
34.25,-112.25,TRUE
34.25,-112,TRUE
34.25,-111.75,TRUE
34.25,-111.5,TRUE
34.25,-111.25,TRUE
34.25,-111,TRUE
34.25,-110.75,TRUE
34.25,-110.5,TRUE
34.25,-110.25,TRUE
34.25,-110,TRUE
34.25,-109.75,TRUE
34.25,-109.5,TRUE
34.25,-109.25,TRUE
34.25,-109,TRUE
34.25,-108.75,TRUE
34.25,-108.5,TRUE
34.25,-108.25,TRUE
34.25,-108,TRUE
34.25,-107.75,TRUE
34.25,-107.5,TRUE
34.25,-107.25,TRUE
34.25,-107,TRUE
34.25,-106.75,TRUE
34.25,-106.5,TRUE
34.25,-106.25,TRUE
34.25,-106,TRUE
34.25,-105.75,TRUE
34.25,-105.5,TRUE
34.25,-105.25,TRUE
34.25,-105,TRUE
34.25,-104.75,TRUE
34.25,-104.5,TRUE
34.25,-104.25,TRUE
34.25,-104,TRUE
34.5,-120.5,TRUE
34.5,-120.25,TRUE
34.5,-120,TRUE
34.5,-119.75,TRUE
34.5,-119.5,TRUE
34.5,-119.25,TRUE
34.5,-119,TRUE
34.5,-118.75,TRUE
34.5,-118.5,TRUE
34.5,-118.25,TRUE
34.5,-118,TRUE
34.5,-117.75,TRUE
34.5,-117.5,TRUE
34.5,-117.25,TRUE
34.5,-117,TRUE
34.5,-116.75,TRUE
34.5,-116.5,TRUE
34.5,-116.25,TRUE
34.5,-116,TRUE
34.5,-115.75,TRUE
34.5,-115.5,TRUE
34.5,-115.25,TRUE
34.5,-115,TRUE
34.5,-114.75,TRUE
34.5,-114.5,TRUE
34.5,-114.25,TRUE
34.5,-114,TRUE
34.5,-113.75,TRUE
34.5,-113.5,TRUE
34.5,-113.25,TRUE
34.5,-113,TRUE
34.5,-112.75,TRUE
34.5,-112.5,TRUE
34.5,-112.25,TRUE
34.5,-112,TRUE
34.5,-111.75,TRUE
34.5,-111.5,TRUE
34.5,-111.25,TRUE
34.5,-111,TRUE
34.5,-110.75,TRUE
34.5,-110.5,TRUE
34.5,-110.25,TRUE
34.5,-110,TRUE
34.5,-109.75,TRUE
34.5,-109.5,TRUE
34.5,-109.25,TRUE
34.5,-109,TRUE
34.5,-108.75,TRUE
34.5,-108.5,TRUE
34.5,-108.25,TRUE
34.5,-108,TRUE
34.5,-107.75,TRUE
34.5,-107.5,TRUE
34.5,-107.25,TRUE
34.5,-107,TRUE
34.5,-106.75,TRUE
34.5,-106.5,TRUE
34.5,-106.25,TRUE
34.5,-106,TRUE
34.5,-105.75,TRUE
34.5,-105.5,TRUE
34.5,-105.25,TRUE
34.5,-105,TRUE
34.5,-104.75,TRUE
34.5,-104.5,TRUE
34.5,-104.25,TRUE
34.5,-104,TRUE
34.75,-120.5,TRUE
34.75,-120.25,TRUE
34.75,-120,TRUE
34.75,-119.75,TRUE
34.75,-119.5,TRUE
34.75,-119.25,TRUE
34.75,-119,TRUE
34.75,-118.75,TRUE
34.75,-118.5,TRUE
34.75,-118.25,TRUE
34.75,-118,TRUE
34.75,-117.75,TRUE
34.75,-117.5,TRUE
34.75,-117.25,TRUE
34.75,-117,TRUE
34.75,-116.75,TRUE
34.75,-116.5,TRUE
34.75,-116.25,TRUE
34.75,-116,TRUE
34.75,-115.75,TRUE
34.75,-115.5,TRUE
34.75,-115.25,TRUE
34.75,-115,TRUE
34.75,-114.75,TRUE
34.75,-114.5,TRUE
34.75,-114.25,TRUE
34.75,-114,TRUE
34.75,-113.75,TRUE
34.75,-113.5,TRUE
34.75,-113.25,TRUE
34.75,-113,TRUE
34.75,-112.75,TRUE
34.75,-112.5,TRUE
34.75,-112.25,TRUE
34.75,-112,TRUE
34.75,-111.75,TRUE
34.75,-111.5,TRUE
34.75,-111.25,TRUE
34.75,-111,TRUE
34.75,-110.75,TRUE
34.75,-110.5,TRUE
34.75,-110.25,TRUE
34.75,-110,TRUE
34.75,-109.75,TRUE
34.75,-109.5,TRUE
34.75,-109.25,TRUE
34.75,-109,TRUE
34.75,-108.75,TRUE
34.75,-108.5,TRUE
34.75,-108.25,TRUE
34.75,-108,TRUE
34.75,-107.75,TRUE
34.75,-107.5,TRUE
34.75,-107.25,TRUE
34.75,-107,TRUE
34.75,-106.75,TRUE
34.75,-106.5,TRUE
34.75,-106.25,TRUE
34.75,-106,TRUE
34.75,-105.75,TRUE
34.75,-105.5,TRUE
34.75,-105.25,TRUE
34.75,-105,TRUE
34.75,-104.75,TRUE
34.75,-104.5,TRUE
34.75,-104.25,TRUE
34.75,-104,TRUE
35,-120.5,TRUE
35,-120.25,TRUE
35,-120,TRUE
35,-119.75,TRUE
35,-119.5,TRUE
35,-119.25,TRUE
35,-119,TRUE
35,-118.75,TRUE
35,-118.5,TRUE
35,-118.25,TRUE
35,-118,TRUE
35,-117.75,TRUE
35,-117.5,TRUE
35,-117.25,TRUE
35,-117,TRUE
35,-116.75,TRUE
35,-116.5,TRUE
35,-116.25,TRUE
35,-116,TRUE
35,-115.75,TRUE
35,-115.5,TRUE
35,-115.25,TRUE
35,-115,TRUE
35,-114.75,TRUE
35,-114.5,TRUE
35,-114.25,TRUE
35,-114,TRUE
35,-113.75,TRUE
35,-113.5,TRUE
35,-113.25,TRUE
35,-113,TRUE
35,-112.75,TRUE
35,-112.5,TRUE
35,-112.25,TRUE
35,-112,TRUE
35,-111.75,TRUE
35,-111.5,TRUE
35,-111.25,TRUE
35,-111,TRUE
35,-110.75,TRUE
35,-110.5,TRUE
35,-110.25,TRUE
35,-110,TRUE
35,-109.75,TRUE
35,-109.5,TRUE
35,-109.25,TRUE
35,-109,TRUE
35,-108.75,TRUE
35,-108.5,TRUE
35,-108.25,TRUE
35,-108,TRUE
35,-107.75,TRUE
35,-107.5,TRUE
35,-107.25,TRUE
35,-107,TRUE
35,-106.75,TRUE
35,-106.5,TRUE
35,-106.25,TRUE
35,-106,TRUE
35,-105.75,TRUE
35,-105.5,TRUE
35,-105.25,TRUE
35,-105,TRUE
35,-104.75,TRUE
35,-104.5,TRUE
35,-104.25,TRUE
35,-104,TRUE
35.25,-120.75,TRUE
35.25,-120.5,TRUE
35.25,-120.25,TRUE
35.25,-120,TRUE
35.25,-119.75,TRUE
35.25,-119.5,TRUE
35.25,-119.25,TRUE
35.25,-119,TRUE
35.25,-118.75,TRUE
35.25,-118.5,TRUE
35.25,-118.25,TRUE
35.25,-118,TRUE
35.25,-117.75,TRUE
35.25,-117.5,TRUE
35.25,-117.25,TRUE
35.25,-117,TRUE
35.25,-116.75,TRUE
35.25,-116.5,TRUE
35.25,-116.25,TRUE
35.25,-116,TRUE
35.25,-115.75,TRUE
35.25,-115.5,TRUE
35.25,-115.25,TRUE
35.25,-115,TRUE
35.25,-114.75,TRUE
35.25,-114.5,TRUE
35.25,-114.25,TRUE
35.25,-114,TRUE
35.25,-113.75,TRUE
35.25,-113.5,TRUE
35.25,-113.25,TRUE
35.25,-113,TRUE
35.25,-112.75,TRUE
35.25,-112.5,TRUE
35.25,-112.25,TRUE
35.25,-112,TRUE
35.25,-111.75,TRUE
35.25,-111.5,TRUE
35.25,-111.25,TRUE
35.25,-111,TRUE
35.25,-110.75,TRUE
35.25,-110.5,TRUE
35.25,-110.25,TRUE
35.25,-110,TRUE
35.25,-109.75,TRUE
35.25,-109.5,TRUE
35.25,-109.25,TRUE
35.25,-109,TRUE
35.25,-108.75,TRUE
35.25,-108.5,TRUE
35.25,-108.25,TRUE
35.25,-108,TRUE
35.25,-107.75,TRUE
35.25,-107.5,TRUE
35.25,-107.25,TRUE
35.25,-107,TRUE
35.25,-106.75,TRUE
35.25,-106.5,TRUE
35.25,-106.25,TRUE
35.25,-106,TRUE
35.25,-105.75,TRUE
35.25,-105.5,TRUE
35.25,-105.25,TRUE
35.25,-105,TRUE
35.25,-104.75,TRUE
35.25,-104.5,TRUE
35.25,-104.25,TRUE
35.25,-104,TRUE
35.5,-121,TRUE
35.5,-120.75,TRUE
35.5,-120.5,TRUE
35.5,-120.25,TRUE
35.5,-120,TRUE
35.5,-119.75,TRUE
35.5,-119.5,TRUE
35.5,-119.25,TRUE
35.5,-119,TRUE
35.5,-118.75,TRUE
35.5,-118.5,TRUE
35.5,-118.25,TRUE
35.5,-118,TRUE
35.5,-117.75,TRUE
35.5,-117.5,TRUE
35.5,-117.25,TRUE
35.5,-117,TRUE
35.5,-116.75,TRUE
35.5,-116.5,TRUE
35.5,-116.25,TRUE
35.5,-116,TRUE
35.5,-115.75,TRUE
35.5,-115.5,TRUE
35.5,-115.25,TRUE
35.5,-115,TRUE
35.5,-114.75,TRUE
35.5,-114.5,TRUE
35.5,-114.25,TRUE
35.5,-114,TRUE
35.5,-113.75,TRUE
35.5,-113.5,TRUE
35.5,-113.25,TRUE
35.5,-113,TRUE
35.5,-112.75,TRUE
35.5,-112.5,TRUE
35.5,-112.25,TRUE
35.5,-112,TRUE
35.5,-111.75,TRUE
35.5,-111.5,TRUE
35.5,-111.25,TRUE
35.5,-111,TRUE
35.5,-110.75,TRUE
35.5,-110.5,TRUE
35.5,-110.25,TRUE
35.5,-110,TRUE
35.5,-109.75,TRUE
35.5,-109.5,TRUE
35.5,-109.25,TRUE
35.5,-109,TRUE
35.5,-108.75,TRUE
35.5,-108.5,TRUE
35.5,-108.25,TRUE
35.5,-108,TRUE
35.5,-107.75,TRUE
35.5,-107.5,TRUE
35.5,-107.25,TRUE
35.5,-107,TRUE
35.5,-106.75,TRUE
35.5,-106.5,TRUE
35.5,-106.25,TRUE
35.5,-106,TRUE
35.5,-105.75,TRUE
35.5,-105.5,TRUE
35.5,-105.25,TRUE
35.5,-105,TRUE
35.5,-104.75,TRUE
35.5,-104.5,TRUE
35.5,-104.25,TRUE
35.5,-104,TRUE
35.75,-121.25,TRUE
35.75,-121,TRUE
35.75,-120.75,TRUE
35.75,-120.5,TRUE
35.75,-120.25,TRUE
35.75,-120,TRUE
35.75,-119.75,TRUE
35.75,-119.5,TRUE
35.75,-119.25,TRUE
35.75,-119,TRUE
35.75,-118.75,TRUE
35.75,-118.5,TRUE
35.75,-118.25,TRUE
35.75,-118,TRUE
35.75,-117.75,TRUE
35.75,-117.5,TRUE
35.75,-117.25,TRUE
35.75,-117,TRUE
35.75,-116.75,TRUE
35.75,-116.5,TRUE
35.75,-116.25,TRUE
35.75,-116,TRUE
35.75,-115.75,TRUE
35.75,-115.5,TRUE
35.75,-115.25,TRUE
35.75,-115,TRUE
35.75,-114.75,TRUE
35.75,-114.5,TRUE
35.75,-114.25,TRUE
35.75,-114,TRUE
35.75,-113.75,TRUE
35.75,-113.5,TRUE
35.75,-113.25,TRUE
35.75,-113,TRUE
35.75,-112.75,TRUE
35.75,-112.5,TRUE
35.75,-112.25,TRUE
35.75,-112,TRUE
35.75,-111.75,TRUE
35.75,-111.5,TRUE
35.75,-111.25,TRUE
35.75,-111,TRUE
35.75,-110.75,TRUE
35.75,-110.5,TRUE
35.75,-110.25,TRUE
35.75,-110,TRUE
35.75,-109.75,TRUE
35.75,-109.5,TRUE
35.75,-109.25,TRUE
35.75,-109,TRUE
35.75,-108.75,TRUE
35.75,-108.5,TRUE
35.75,-108.25,TRUE
35.75,-108,TRUE
35.75,-107.75,TRUE
35.75,-107.5,TRUE
35.75,-107.25,TRUE
35.75,-107,TRUE
35.75,-106.75,TRUE
35.75,-106.5,TRUE
35.75,-106.25,TRUE
35.75,-106,TRUE
35.75,-105.75,TRUE
35.75,-105.5,TRUE
35.75,-105.25,TRUE
35.75,-105,TRUE
35.75,-104.75,TRUE
35.75,-104.5,TRUE
35.75,-104.25,TRUE
35.75,-104,TRUE
36,-121.5,TRUE
36,-121.25,TRUE
36,-121,TRUE
36,-120.75,TRUE
36,-120.5,TRUE
36,-120.25,TRUE
36,-120,TRUE
36,-119.75,TRUE
36,-119.5,TRUE
36,-119.25,TRUE
36,-119,TRUE
36,-118.75,TRUE
36,-118.5,TRUE
36,-118.25,TRUE
36,-118,TRUE
36,-117.75,TRUE
36,-117.5,TRUE
36,-117.25,TRUE
36,-117,TRUE
36,-116.75,TRUE
36,-116.5,TRUE
36,-116.25,TRUE
36,-116,TRUE
36,-115.75,TRUE
36,-115.5,TRUE
36,-115.25,TRUE
36,-115,TRUE
36,-114.75,TRUE
36,-114.5,TRUE
36,-114.25,TRUE
36,-114,TRUE
36,-113.75,TRUE
36,-113.5,TRUE
36,-113.25,TRUE
36,-113,TRUE
36,-112.75,TRUE
36,-112.5,TRUE
36,-112.25,TRUE
36,-112,TRUE
36,-111.75,TRUE
36,-111.5,TRUE
36,-111.25,TRUE
36,-111,TRUE
36,-110.75,TRUE
36,-110.5,TRUE
36,-110.25,TRUE
36,-110,TRUE
36,-109.75,TRUE
36,-109.5,TRUE
36,-109.25,TRUE
36,-109,TRUE
36,-108.75,TRUE
36,-108.5,TRUE
36,-108.25,TRUE
36,-108,TRUE
36,-107.75,TRUE
36,-107.5,TRUE
36,-107.25,TRUE
36,-107,TRUE
36,-106.75,TRUE
36,-106.5,TRUE
36,-106.25,TRUE
36,-106,TRUE
36,-105.75,TRUE
36,-105.5,TRUE
36,-105.25,TRUE
36,-105,TRUE
36,-104.75,TRUE
36,-104.5,TRUE
36,-104.25,TRUE
36,-104,TRUE
36.25,-121.75,TRUE
36.25,-121.5,TRUE
36.25,-121.25,TRUE
36.25,-121,TRUE
36.25,-120.75,TRUE
36.25,-120.5,TRUE
36.25,-120.25,TRUE
36.25,-120,TRUE
36.25,-119.75,TRUE
36.25,-119.5,TRUE
36.25,-119.25,TRUE
36.25,-119,TRUE
36.25,-118.75,TRUE
36.25,-118.5,TRUE
36.25,-118.25,TRUE
36.25,-118,TRUE
36.25,-117.75,TRUE
36.25,-117.5,TRUE
36.25,-117.25,TRUE
36.25,-117,TRUE
36.25,-116.75,TRUE
36.25,-116.5,TRUE
36.25,-116.25,TRUE
36.25,-116,TRUE
36.25,-115.75,TRUE
36.25,-115.5,TRUE
36.25,-115.25,TRUE
36.25,-115,TRUE
36.25,-114.75,TRUE
36.25,-114.5,TRUE
36.25,-114.25,TRUE
36.25,-114,TRUE
36.25,-113.75,TRUE
36.25,-113.5,TRUE
36.25,-113.25,TRUE
36.25,-113,TRUE
36.25,-112.75,TRUE
36.25,-112.5,TRUE
36.25,-112.25,TRUE
36.25,-112,TRUE
36.25,-111.75,TRUE
36.25,-111.5,TRUE
36.25,-111.25,TRUE
36.25,-111,TRUE
36.25,-110.75,TRUE
36.25,-110.5,TRUE
36.25,-110.25,TRUE
36.25,-110,TRUE
36.25,-109.75,TRUE
36.25,-109.5,TRUE
36.25,-109.25,TRUE
36.25,-109,TRUE
36.25,-108.75,TRUE
36.25,-108.5,TRUE
36.25,-108.25,TRUE
36.25,-108,TRUE
36.25,-107.75,TRUE
36.25,-107.5,TRUE
36.25,-107.25,TRUE
36.25,-107,TRUE
36.25,-106.75,TRUE
36.25,-106.5,TRUE
36.25,-106.25,TRUE
36.25,-106,TRUE
36.25,-105.75,TRUE
36.25,-105.5,TRUE
36.25,-105.25,TRUE
36.25,-105,TRUE
36.25,-104.75,TRUE
36.25,-104.5,TRUE
36.25,-104.25,TRUE
36.25,-104,TRUE
36.5,-122,TRUE
36.5,-121.75,TRUE
36.5,-121.5,TRUE
36.5,-121.25,TRUE
36.5,-121,TRUE
36.5,-120.75,TRUE
36.5,-120.5,TRUE
36.5,-120.25,TRUE
36.5,-120,TRUE
36.5,-119.75,TRUE
36.5,-119.5,TRUE
36.5,-119.25,TRUE
36.5,-119,TRUE
36.5,-118.75,TRUE
36.5,-118.5,TRUE
36.5,-118.25,TRUE
36.5,-118,TRUE
36.5,-117.75,TRUE
36.5,-117.5,TRUE
36.5,-117.25,TRUE
36.5,-117,TRUE
36.5,-116.75,TRUE
36.5,-116.5,TRUE
36.5,-116.25,TRUE
36.5,-116,TRUE
36.5,-115.75,TRUE
36.5,-115.5,TRUE
36.5,-115.25,TRUE
36.5,-115,TRUE
36.5,-114.75,TRUE
36.5,-114.5,TRUE
36.5,-114.25,TRUE
36.5,-114,TRUE
36.5,-113.75,TRUE
36.5,-113.5,TRUE
36.5,-113.25,TRUE
36.5,-113,TRUE
36.5,-112.75,TRUE
36.5,-112.5,TRUE
36.5,-112.25,TRUE
36.5,-112,TRUE
36.5,-111.75,TRUE
36.5,-111.5,TRUE
36.5,-111.25,TRUE
36.5,-111,TRUE
36.5,-110.75,TRUE
36.5,-110.5,TRUE
36.5,-110.25,TRUE
36.5,-110,TRUE
36.5,-109.75,TRUE
36.5,-109.5,TRUE
36.5,-109.25,TRUE
36.5,-109,TRUE
36.5,-108.75,TRUE
36.5,-108.5,TRUE
36.5,-108.25,TRUE
36.5,-108,TRUE
36.5,-107.75,TRUE
36.5,-107.5,TRUE
36.5,-107.25,TRUE
36.5,-107,TRUE
36.5,-106.75,TRUE
36.5,-106.5,TRUE
36.5,-106.25,TRUE
36.5,-106,TRUE
36.5,-105.75,TRUE
36.5,-105.5,TRUE
36.5,-105.25,TRUE
36.5,-105,TRUE
36.5,-104.75,TRUE
36.5,-104.5,TRUE
36.5,-104.25,TRUE
36.5,-104,TRUE
36.75,-121.75,TRUE
36.75,-121.5,TRUE
36.75,-121.25,TRUE
36.75,-121,TRUE
36.75,-120.75,TRUE
36.75,-120.5,TRUE
36.75,-120.25,TRUE
36.75,-120,TRUE
36.75,-119.75,TRUE
36.75,-119.5,TRUE
36.75,-119.25,TRUE
36.75,-119,TRUE
36.75,-118.75,TRUE
36.75,-118.5,TRUE
36.75,-118.25,TRUE
36.75,-118,TRUE
36.75,-117.75,TRUE
36.75,-117.5,TRUE
36.75,-117.25,TRUE
36.75,-117,TRUE
36.75,-116.75,TRUE
36.75,-116.5,TRUE
36.75,-116.25,TRUE
36.75,-116,TRUE
36.75,-115.75,TRUE
36.75,-115.5,TRUE
36.75,-115.25,TRUE
36.75,-115,TRUE
36.75,-114.75,TRUE
36.75,-114.5,TRUE
36.75,-114.25,TRUE
36.75,-114,TRUE
36.75,-113.75,TRUE
36.75,-113.5,TRUE
36.75,-113.25,TRUE
36.75,-113,TRUE
36.75,-112.75,TRUE
36.75,-112.5,TRUE
36.75,-112.25,TRUE
36.75,-112,TRUE
36.75,-111.75,TRUE
36.75,-111.5,TRUE
36.75,-111.25,TRUE
36.75,-111,TRUE
36.75,-110.75,TRUE
36.75,-110.5,TRUE
36.75,-110.25,TRUE
36.75,-110,TRUE
36.75,-109.75,TRUE
36.75,-109.5,TRUE
36.75,-109.25,TRUE
36.75,-109,TRUE
36.75,-108.75,TRUE
36.75,-108.5,TRUE
36.75,-108.25,TRUE
36.75,-108,TRUE
36.75,-107.75,TRUE
36.75,-107.5,TRUE
36.75,-107.25,TRUE
36.75,-107,TRUE
36.75,-106.75,TRUE
36.75,-106.5,TRUE
36.75,-106.25,TRUE
36.75,-106,TRUE
36.75,-105.75,TRUE
36.75,-105.5,TRUE
36.75,-105.25,TRUE
36.75,-105,TRUE
36.75,-104.75,TRUE
36.75,-104.5,TRUE
36.75,-104.25,TRUE
36.75,-104,TRUE
37,-122.25,TRUE
37,-122,TRUE
37,-121.75,TRUE
37,-121.5,TRUE
37,-121.25,TRUE
37,-121,TRUE
37,-120.75,TRUE
37,-120.5,TRUE
37,-120.25,TRUE
37,-120,TRUE
37,-119.75,TRUE
37,-119.5,TRUE
37,-119.25,TRUE
37,-119,TRUE
37,-118.75,TRUE
37,-118.5,TRUE
37,-118.25,TRUE
37,-118,TRUE
37,-117.75,TRUE
37,-117.5,TRUE
37,-117.25,TRUE
37,-117,TRUE
37,-116.75,TRUE
37,-116.5,TRUE
37,-116.25,TRUE
37,-116,TRUE
37,-115.75,TRUE
37,-115.5,TRUE
37,-115.25,TRUE
37,-115,TRUE
37,-114.75,TRUE
37,-114.5,TRUE
37,-114.25,TRUE
37,-114,TRUE
37,-113.75,TRUE
37,-113.5,TRUE
37,-113.25,TRUE
37,-113,TRUE
37,-112.75,TRUE
37,-112.5,TRUE
37,-112.25,TRUE
37,-112,TRUE
37,-111.75,TRUE
37,-111.5,TRUE
37,-111.25,TRUE
37,-111,TRUE
37,-110.75,TRUE
37,-110.5,TRUE
37,-110.25,TRUE
37,-110,TRUE
37,-109.75,TRUE
37,-109.5,TRUE
37,-109.25,TRUE
37,-109,TRUE
37,-108.75,TRUE
37,-108.5,TRUE
37,-108.25,TRUE
37,-108,TRUE
37,-107.75,TRUE
37,-107.5,TRUE
37,-107.25,TRUE
37,-107,TRUE
37,-106.75,TRUE
37,-106.5,TRUE
37,-106.25,TRUE
37,-106,TRUE
37,-105.75,TRUE
37,-105.5,TRUE
37,-105.25,TRUE
37,-105,TRUE
37,-104.75,TRUE
37,-104.5,TRUE
37,-104.25,TRUE
37,-104,TRUE
37.25,-122.5,TRUE
37.25,-122.25,TRUE
37.25,-122,TRUE
37.25,-121.75,TRUE
37.25,-121.5,TRUE
37.25,-121.25,TRUE
37.25,-121,TRUE
37.25,-120.75,TRUE
37.25,-120.5,TRUE
37.25,-120.25,TRUE
37.25,-120,TRUE
37.25,-119.75,TRUE
37.25,-119.5,TRUE
37.25,-119.25,TRUE
37.25,-119,TRUE
37.25,-118.75,TRUE
37.25,-118.5,TRUE
37.25,-118.25,TRUE
37.25,-118,TRUE
37.25,-117.75,TRUE
37.25,-117.5,TRUE
37.25,-117.25,TRUE
37.25,-117,TRUE
37.25,-116.75,TRUE
37.25,-116.5,TRUE
37.25,-116.25,TRUE
37.25,-116,TRUE
37.25,-115.75,TRUE
37.25,-115.5,TRUE
37.25,-115.25,TRUE
37.25,-115,TRUE
37.25,-114.75,TRUE
37.25,-114.5,TRUE
37.25,-114.25,TRUE
37.25,-114,TRUE
37.25,-113.75,TRUE
37.25,-113.5,TRUE
37.25,-113.25,TRUE
37.25,-113,TRUE
37.25,-112.75,TRUE
37.25,-112.5,TRUE
37.25,-112.25,TRUE
37.25,-112,TRUE
37.25,-111.75,TRUE
37.25,-111.5,TRUE
37.25,-111.25,TRUE
37.25,-111,TRUE
37.25,-110.75,TRUE
37.25,-110.5,TRUE
37.25,-110.25,TRUE
37.25,-110,TRUE
37.25,-109.75,TRUE
37.25,-109.5,TRUE
37.25,-109.25,TRUE
37.25,-109,TRUE
37.25,-108.75,TRUE
37.25,-108.5,TRUE
37.25,-108.25,TRUE
37.25,-108,TRUE
37.25,-107.75,TRUE
37.25,-107.5,TRUE
37.25,-107.25,TRUE
37.25,-107,TRUE
37.25,-106.75,TRUE
37.25,-106.5,TRUE
37.25,-106.25,TRUE
37.25,-106,TRUE
37.25,-105.75,TRUE
37.25,-105.5,TRUE
37.25,-105.25,TRUE
37.25,-105,TRUE
37.25,-104.75,TRUE
37.25,-104.5,TRUE
37.25,-104.25,TRUE
37.25,-104,TRUE
37.5,-122.25,TRUE
37.5,-122,TRUE
37.5,-121.75,TRUE
37.5,-121.5,TRUE
37.5,-121.25,TRUE
37.5,-121,TRUE
37.5,-120.75,TRUE
37.5,-120.5,TRUE
37.5,-120.25,TRUE
37.5,-120,TRUE
37.5,-119.75,TRUE
37.5,-119.5,TRUE
37.5,-119.25,TRUE
37.5,-119,TRUE
37.5,-118.75,TRUE
37.5,-118.5,TRUE
37.5,-118.25,TRUE
37.5,-118,TRUE
37.5,-117.75,TRUE
37.5,-117.5,TRUE
37.5,-117.25,TRUE
37.5,-117,TRUE
37.5,-116.75,TRUE
37.5,-116.5,TRUE
37.5,-116.25,TRUE
37.5,-116,TRUE
37.5,-115.75,TRUE
37.5,-115.5,TRUE
37.5,-115.25,TRUE
37.5,-115,TRUE
37.5,-114.75,TRUE
37.5,-114.5,TRUE
37.5,-114.25,TRUE
37.5,-114,TRUE
37.5,-113.75,TRUE
37.5,-113.5,TRUE
37.5,-113.25,TRUE
37.5,-113,TRUE
37.5,-112.75,TRUE
37.5,-112.5,TRUE
37.5,-112.25,TRUE
37.5,-112,TRUE
37.5,-111.75,TRUE
37.5,-111.5,TRUE
37.5,-111.25,TRUE
37.5,-111,TRUE
37.5,-110.75,TRUE
37.5,-110.5,TRUE
37.5,-110.25,TRUE
37.5,-110,TRUE
37.5,-109.75,TRUE
37.5,-109.5,TRUE
37.5,-109.25,TRUE
37.5,-109,TRUE
37.5,-108.75,TRUE
37.5,-108.5,TRUE
37.5,-108.25,TRUE
37.5,-108,TRUE
37.5,-107.75,TRUE
37.5,-107.5,TRUE
37.5,-107.25,TRUE
37.5,-107,TRUE
37.5,-106.75,TRUE
37.5,-106.5,TRUE
37.5,-106.25,TRUE
37.5,-106,TRUE
37.5,-105.75,TRUE
37.5,-105.5,TRUE
37.5,-105.25,TRUE
37.5,-105,TRUE
37.5,-104.75,TRUE
37.5,-104.5,TRUE
37.5,-104.25,TRUE
37.5,-104,TRUE
37.75,-122.5,TRUE
37.75,-122.25,TRUE
37.75,-122,TRUE
37.75,-121.75,TRUE
37.75,-121.5,TRUE
37.75,-121.25,TRUE
37.75,-121,TRUE
37.75,-120.75,TRUE
37.75,-120.5,TRUE
37.75,-120.25,TRUE
37.75,-120,TRUE
37.75,-119.75,TRUE
37.75,-119.5,TRUE
37.75,-119.25,TRUE
37.75,-119,TRUE
37.75,-118.75,TRUE
37.75,-118.5,TRUE
37.75,-118.25,TRUE
37.75,-118,TRUE
37.75,-117.75,TRUE
37.75,-117.5,TRUE
37.75,-117.25,TRUE
37.75,-117,TRUE
37.75,-116.75,TRUE
37.75,-116.5,TRUE
37.75,-116.25,TRUE
37.75,-116,TRUE
37.75,-115.75,TRUE
37.75,-115.5,TRUE
37.75,-115.25,TRUE
37.75,-115,TRUE
37.75,-114.75,TRUE
37.75,-114.5,TRUE
37.75,-114.25,TRUE
37.75,-114,TRUE
37.75,-113.75,TRUE
37.75,-113.5,TRUE
37.75,-113.25,TRUE
37.75,-113,TRUE
37.75,-112.75,TRUE
37.75,-112.5,TRUE
37.75,-112.25,TRUE
37.75,-112,TRUE
37.75,-111.75,TRUE
37.75,-111.5,TRUE
37.75,-111.25,TRUE
37.75,-111,TRUE
37.75,-110.75,TRUE
37.75,-110.5,TRUE
37.75,-110.25,TRUE
37.75,-110,TRUE
37.75,-109.75,TRUE
37.75,-109.5,TRUE
37.75,-109.25,TRUE
37.75,-109,TRUE
37.75,-108.75,TRUE
37.75,-108.5,TRUE
37.75,-108.25,TRUE
37.75,-108,TRUE
37.75,-107.75,TRUE
37.75,-107.5,TRUE
37.75,-107.25,TRUE
37.75,-107,TRUE
37.75,-106.75,TRUE
37.75,-106.5,TRUE
37.75,-106.25,TRUE
37.75,-106,TRUE
37.75,-105.75,TRUE
37.75,-105.5,TRUE
37.75,-105.25,TRUE
37.75,-105,TRUE
37.75,-104.75,TRUE
37.75,-104.5,TRUE
37.75,-104.25,TRUE
37.75,-104,TRUE
38,-123,TRUE
38,-122.75,TRUE
38,-122.5,TRUE
38,-122.25,TRUE
38,-122,TRUE
38,-121.75,TRUE
38,-121.5,TRUE
38,-121.25,TRUE
38,-121,TRUE
38,-120.75,TRUE
38,-120.5,TRUE
38,-120.25,TRUE
38,-120,TRUE
38,-119.75,TRUE
38,-119.5,TRUE
38,-119.25,TRUE
38,-119,TRUE
38,-118.75,TRUE
38,-118.5,TRUE
38,-118.25,TRUE
38,-118,TRUE
38,-117.75,TRUE
38,-117.5,TRUE
38,-117.25,TRUE
38,-117,TRUE
38,-116.75,TRUE
38,-116.5,TRUE
38,-116.25,TRUE
38,-116,TRUE
38,-115.75,TRUE
38,-115.5,TRUE
38,-115.25,TRUE
38,-115,TRUE
38,-114.75,TRUE
38,-114.5,TRUE
38,-114.25,TRUE
38,-114,TRUE
38,-113.75,TRUE
38,-113.5,TRUE
38,-113.25,TRUE
38,-113,TRUE
38,-112.75,TRUE
38,-112.5,TRUE
38,-112.25,TRUE
38,-112,TRUE
38,-111.75,TRUE
38,-111.5,TRUE
38,-111.25,TRUE
38,-111,TRUE
38,-110.75,TRUE
38,-110.5,TRUE
38,-110.25,TRUE
38,-110,TRUE
38,-109.75,TRUE
38,-109.5,TRUE
38,-109.25,TRUE
38,-109,TRUE
38,-108.75,TRUE
38,-108.5,TRUE
38,-108.25,TRUE
38,-108,TRUE
38,-107.75,TRUE
38,-107.5,TRUE
38,-107.25,TRUE
38,-107,TRUE
38,-106.75,TRUE
38,-106.5,TRUE
38,-106.25,TRUE
38,-106,TRUE
38,-105.75,TRUE
38,-105.5,TRUE
38,-105.25,TRUE
38,-105,TRUE
38,-104.75,TRUE
38,-104.5,TRUE
38,-104.25,TRUE
38,-104,TRUE
38.25,-123,TRUE
38.25,-122.75,TRUE
38.25,-122.5,TRUE
38.25,-122.25,TRUE
38.25,-122,TRUE
38.25,-121.75,TRUE
38.25,-121.5,TRUE
38.25,-121.25,TRUE
38.25,-121,TRUE
38.25,-120.75,TRUE
38.25,-120.5,TRUE
38.25,-120.25,TRUE
38.25,-120,TRUE
38.25,-119.75,TRUE
38.25,-119.5,TRUE
38.25,-119.25,TRUE
38.25,-119,TRUE
38.25,-118.75,TRUE
38.25,-118.5,TRUE
38.25,-118.25,TRUE
38.25,-118,TRUE
38.25,-117.75,TRUE
38.25,-117.5,TRUE
38.25,-117.25,TRUE
38.25,-117,TRUE
38.25,-116.75,TRUE
38.25,-116.5,TRUE
38.25,-116.25,TRUE
38.25,-116,TRUE
38.25,-115.75,TRUE
38.25,-115.5,TRUE
38.25,-115.25,TRUE
38.25,-115,TRUE
38.25,-114.75,TRUE
38.25,-114.5,TRUE
38.25,-114.25,TRUE
38.25,-114,TRUE
38.25,-113.75,TRUE
38.25,-113.5,TRUE
38.25,-113.25,TRUE
38.25,-113,TRUE
38.25,-112.75,TRUE
38.25,-112.5,TRUE
38.25,-112.25,TRUE
38.25,-112,TRUE
38.25,-111.75,TRUE
38.25,-111.5,TRUE
38.25,-111.25,TRUE
38.25,-111,TRUE
38.25,-110.75,TRUE
38.25,-110.5,TRUE
38.25,-110.25,TRUE
38.25,-110,TRUE
38.25,-109.75,TRUE
38.25,-109.5,TRUE
38.25,-109.25,TRUE
38.25,-109,TRUE
38.25,-108.75,TRUE
38.25,-108.5,TRUE
38.25,-108.25,TRUE
38.25,-108,TRUE
38.25,-107.75,TRUE
38.25,-107.5,TRUE
38.25,-107.25,TRUE
38.25,-107,TRUE
38.25,-106.75,TRUE
38.25,-106.5,TRUE
38.25,-106.25,TRUE
38.25,-106,TRUE
38.25,-105.75,TRUE
38.25,-105.5,TRUE
38.25,-105.25,TRUE
38.25,-105,TRUE
38.25,-104.75,TRUE
38.25,-104.5,TRUE
38.25,-104.25,TRUE
38.25,-104,TRUE
38.5,-123.25,TRUE
38.5,-123,TRUE
38.5,-122.75,TRUE
38.5,-122.5,TRUE
38.5,-122.25,TRUE
38.5,-122,TRUE
38.5,-121.75,TRUE
38.5,-121.5,TRUE
38.5,-121.25,TRUE
38.5,-121,TRUE
38.5,-120.75,TRUE
38.5,-120.5,TRUE
38.5,-120.25,TRUE
38.5,-120,TRUE
38.5,-119.75,TRUE
38.5,-119.5,TRUE
38.5,-119.25,TRUE
38.5,-119,TRUE
38.5,-118.75,TRUE
38.5,-118.5,TRUE
38.5,-118.25,TRUE
38.5,-118,TRUE
38.5,-117.75,TRUE
38.5,-117.5,TRUE
38.5,-117.25,TRUE
38.5,-117,TRUE
38.5,-116.75,TRUE
38.5,-116.5,TRUE
38.5,-116.25,TRUE
38.5,-116,TRUE
38.5,-115.75,TRUE
38.5,-115.5,TRUE
38.5,-115.25,TRUE
38.5,-115,TRUE
38.5,-114.75,TRUE
38.5,-114.5,TRUE
38.5,-114.25,TRUE
38.5,-114,TRUE
38.5,-113.75,TRUE
38.5,-113.5,TRUE
38.5,-113.25,TRUE
38.5,-113,TRUE
38.5,-112.75,TRUE
38.5,-112.5,TRUE
38.5,-112.25,TRUE
38.5,-112,TRUE
38.5,-111.75,TRUE
38.5,-111.5,TRUE
38.5,-111.25,TRUE
38.5,-111,TRUE
38.5,-110.75,TRUE
38.5,-110.5,TRUE
38.5,-110.25,TRUE
38.5,-110,TRUE
38.5,-109.75,TRUE
38.5,-109.5,TRUE
38.5,-109.25,TRUE
38.5,-109,TRUE
38.5,-108.75,TRUE
38.5,-108.5,TRUE
38.5,-108.25,TRUE
38.5,-108,TRUE
38.5,-107.75,TRUE
38.5,-107.5,TRUE
38.5,-107.25,TRUE
38.5,-107,TRUE
38.5,-106.75,TRUE
38.5,-106.5,TRUE
38.5,-106.25,TRUE
38.5,-106,TRUE
38.5,-105.75,TRUE
38.5,-105.5,TRUE
38.5,-105.25,TRUE
38.5,-105,TRUE
38.5,-104.75,TRUE
38.5,-104.5,TRUE
38.5,-104.25,TRUE
38.5,-104,TRUE
38.75,-123.5,TRUE
38.75,-123.25,TRUE
38.75,-123,TRUE
38.75,-122.75,TRUE
38.75,-122.5,TRUE
38.75,-122.25,TRUE
38.75,-122,TRUE
38.75,-121.75,TRUE
38.75,-121.5,TRUE
38.75,-121.25,TRUE
38.75,-121,TRUE
38.75,-120.75,TRUE
38.75,-120.5,TRUE
38.75,-120.25,TRUE
38.75,-120,TRUE
38.75,-119.75,TRUE
38.75,-119.5,TRUE
38.75,-119.25,TRUE
38.75,-119,TRUE
38.75,-118.75,TRUE
38.75,-118.5,TRUE
38.75,-118.25,TRUE
38.75,-118,TRUE
38.75,-117.75,TRUE
38.75,-117.5,TRUE
38.75,-117.25,TRUE
38.75,-117,TRUE
38.75,-116.75,TRUE
38.75,-116.5,TRUE
38.75,-116.25,TRUE
38.75,-116,TRUE
38.75,-115.75,TRUE
38.75,-115.5,TRUE
38.75,-115.25,TRUE
38.75,-115,TRUE
38.75,-114.75,TRUE
38.75,-114.5,TRUE
38.75,-114.25,TRUE
38.75,-114,TRUE
38.75,-113.75,TRUE
38.75,-113.5,TRUE
38.75,-113.25,TRUE
38.75,-113,TRUE
38.75,-112.75,TRUE
38.75,-112.5,TRUE
38.75,-112.25,TRUE
38.75,-112,TRUE
38.75,-111.75,TRUE
38.75,-111.5,TRUE
38.75,-111.25,TRUE
38.75,-111,TRUE
38.75,-110.75,TRUE
38.75,-110.5,TRUE
38.75,-110.25,TRUE
38.75,-110,TRUE
38.75,-109.75,TRUE
38.75,-109.5,TRUE
38.75,-109.25,TRUE
38.75,-109,TRUE
38.75,-108.75,TRUE
38.75,-108.5,TRUE
38.75,-108.25,TRUE
38.75,-108,TRUE
38.75,-107.75,TRUE
38.75,-107.5,TRUE
38.75,-107.25,TRUE
38.75,-107,TRUE
38.75,-106.75,TRUE
38.75,-106.5,TRUE
38.75,-106.25,TRUE
38.75,-106,TRUE
38.75,-105.75,TRUE
38.75,-105.5,TRUE
38.75,-105.25,TRUE
38.75,-105,TRUE
38.75,-104.75,TRUE
38.75,-104.5,TRUE
38.75,-104.25,TRUE
38.75,-104,TRUE
39,-123.5,TRUE
39,-123.25,TRUE
39,-123,TRUE
39,-122.75,TRUE
39,-122.5,TRUE
39,-122.25,TRUE
39,-122,TRUE
39,-121.75,TRUE
39,-121.5,TRUE
39,-121.25,TRUE
39,-121,TRUE
39,-120.75,TRUE
39,-120.5,TRUE
39,-120.25,TRUE
39,-120,TRUE
39,-119.75,TRUE
39,-119.5,TRUE
39,-119.25,TRUE
39,-119,TRUE
39,-118.75,TRUE
39,-118.5,TRUE
39,-118.25,TRUE
39,-118,TRUE
39,-117.75,TRUE
39,-117.5,TRUE
39,-117.25,TRUE
39,-117,TRUE
39,-116.75,TRUE
39,-116.5,TRUE
39,-116.25,TRUE
39,-116,TRUE
39,-115.75,TRUE
39,-115.5,TRUE
39,-115.25,TRUE
39,-115,TRUE
39,-114.75,TRUE
39,-114.5,TRUE
39,-114.25,TRUE
39,-114,TRUE
39,-113.75,TRUE
39,-113.5,TRUE
39,-113.25,TRUE
39,-113,TRUE
39,-112.75,TRUE
39,-112.5,TRUE
39,-112.25,TRUE
39,-112,TRUE
39,-111.75,TRUE
39,-111.5,TRUE
39,-111.25,TRUE
39,-111,TRUE
39,-110.75,TRUE
39,-110.5,TRUE
39,-110.25,TRUE
39,-110,TRUE
39,-109.75,TRUE
39,-109.5,TRUE
39,-109.25,TRUE
39,-109,TRUE
39,-108.75,TRUE
39,-108.5,TRUE
39,-108.25,TRUE
39,-108,TRUE
39,-107.75,TRUE
39,-107.5,TRUE
39,-107.25,TRUE
39,-107,TRUE
39,-106.75,TRUE
39,-106.5,TRUE
39,-106.25,TRUE
39,-106,TRUE
39,-105.75,TRUE
39,-105.5,TRUE
39,-105.25,TRUE
39,-105,TRUE
39,-104.75,TRUE
39,-104.5,TRUE
39,-104.25,TRUE
39,-104,TRUE
39.25,-123.75,TRUE
39.25,-123.5,TRUE
39.25,-123.25,TRUE
39.25,-123,TRUE
39.25,-122.75,TRUE
39.25,-122.5,TRUE
39.25,-122.25,TRUE
39.25,-122,TRUE
39.25,-121.75,TRUE
39.25,-121.5,TRUE
39.25,-121.25,TRUE
39.25,-121,TRUE
39.25,-120.75,TRUE
39.25,-120.5,TRUE
39.25,-120.25,TRUE
39.25,-120,TRUE
39.25,-119.75,TRUE
39.25,-119.5,TRUE
39.25,-119.25,TRUE
39.25,-119,TRUE
39.25,-118.75,TRUE
39.25,-118.5,TRUE
39.25,-118.25,TRUE
39.25,-118,TRUE
39.25,-117.75,TRUE
39.25,-117.5,TRUE
39.25,-117.25,TRUE
39.25,-117,TRUE
39.25,-116.75,TRUE
39.25,-116.5,TRUE
39.25,-116.25,TRUE
39.25,-116,TRUE
39.25,-115.75,TRUE
39.25,-115.5,TRUE
39.25,-115.25,TRUE
39.25,-115,TRUE
39.25,-114.75,TRUE
39.25,-114.5,TRUE
39.25,-114.25,TRUE
39.25,-114,TRUE
39.25,-113.75,TRUE
39.25,-113.5,TRUE
39.25,-113.25,TRUE
39.25,-113,TRUE
39.25,-112.75,TRUE
39.25,-112.5,TRUE
39.25,-112.25,TRUE
39.25,-112,TRUE
39.25,-111.75,TRUE
39.25,-111.5,TRUE
39.25,-111.25,TRUE
39.25,-111,TRUE
39.25,-110.75,TRUE
39.25,-110.5,TRUE
39.25,-110.25,TRUE
39.25,-110,TRUE
39.25,-109.75,TRUE
39.25,-109.5,TRUE
39.25,-109.25,TRUE
39.25,-109,TRUE
39.25,-108.75,TRUE
39.25,-108.5,TRUE
39.25,-108.25,TRUE
39.25,-108,TRUE
39.25,-107.75,TRUE
39.25,-107.5,TRUE
39.25,-107.25,TRUE
39.25,-107,TRUE
39.25,-106.75,TRUE
39.25,-106.5,TRUE
39.25,-106.25,TRUE
39.25,-106,TRUE
39.25,-105.75,TRUE
39.25,-105.5,TRUE
39.25,-105.25,TRUE
39.25,-105,TRUE
39.25,-104.75,TRUE
39.25,-104.5,TRUE
39.25,-104.25,TRUE
39.25,-104,TRUE
39.5,-123.75,TRUE
39.5,-123.5,TRUE
39.5,-123.25,TRUE
39.5,-123,TRUE
39.5,-122.75,TRUE
39.5,-122.5,TRUE
39.5,-122.25,TRUE
39.5,-122,TRUE
39.5,-121.75,TRUE
39.5,-121.5,TRUE
39.5,-121.25,TRUE
39.5,-121,TRUE
39.5,-120.75,TRUE
39.5,-120.5,TRUE
39.5,-120.25,TRUE
39.5,-120,TRUE
39.5,-119.75,TRUE
39.5,-119.5,TRUE
39.5,-119.25,TRUE
39.5,-119,TRUE
39.5,-118.75,TRUE
39.5,-118.5,TRUE
39.5,-118.25,TRUE
39.5,-118,TRUE
39.5,-117.75,TRUE
39.5,-117.5,TRUE
39.5,-117.25,TRUE
39.5,-117,TRUE
39.5,-116.75,TRUE
39.5,-116.5,TRUE
39.5,-116.25,TRUE
39.5,-116,TRUE
39.5,-115.75,TRUE
39.5,-115.5,TRUE
39.5,-115.25,TRUE
39.5,-115,TRUE
39.5,-114.75,TRUE
39.5,-114.5,TRUE
39.5,-114.25,TRUE
39.5,-114,TRUE
39.5,-113.75,TRUE
39.5,-113.5,TRUE
39.5,-113.25,TRUE
39.5,-113,TRUE
39.5,-112.75,TRUE
39.5,-112.5,TRUE
39.5,-112.25,TRUE
39.5,-112,TRUE
39.5,-111.75,TRUE
39.5,-111.5,TRUE
39.5,-111.25,TRUE
39.5,-111,TRUE
39.5,-110.75,TRUE
39.5,-110.5,TRUE
39.5,-110.25,TRUE
39.5,-110,TRUE
39.5,-109.75,TRUE
39.5,-109.5,TRUE
39.5,-109.25,TRUE
39.5,-109,TRUE
39.5,-108.75,TRUE
39.5,-108.5,TRUE
39.5,-108.25,TRUE
39.5,-108,TRUE
39.5,-107.75,TRUE
39.5,-107.5,TRUE
39.5,-107.25,TRUE
39.5,-107,TRUE
39.5,-106.75,TRUE
39.5,-106.5,TRUE
39.5,-106.25,TRUE
39.5,-106,TRUE
39.5,-105.75,TRUE
39.5,-105.5,TRUE
39.5,-105.25,TRUE
39.5,-105,TRUE
39.5,-104.75,TRUE
39.5,-104.5,TRUE
39.5,-104.25,TRUE
39.5,-104,TRUE
39.75,-123.75,TRUE
39.75,-123.5,TRUE
39.75,-123.25,TRUE
39.75,-123,TRUE
39.75,-122.75,TRUE
39.75,-122.5,TRUE
39.75,-122.25,TRUE
39.75,-122,TRUE
39.75,-121.75,TRUE
39.75,-121.5,TRUE
39.75,-121.25,TRUE
39.75,-121,TRUE
39.75,-120.75,TRUE
39.75,-120.5,TRUE
39.75,-120.25,TRUE
39.75,-120,TRUE
39.75,-119.75,TRUE
39.75,-119.5,TRUE
39.75,-119.25,TRUE
39.75,-119,TRUE
39.75,-118.75,TRUE
39.75,-118.5,TRUE
39.75,-118.25,TRUE
39.75,-118,TRUE
39.75,-117.75,TRUE
39.75,-117.5,TRUE
39.75,-117.25,TRUE
39.75,-117,TRUE
39.75,-116.75,TRUE
39.75,-116.5,TRUE
39.75,-116.25,TRUE
39.75,-116,TRUE
39.75,-115.75,TRUE
39.75,-115.5,TRUE
39.75,-115.25,TRUE
39.75,-115,TRUE
39.75,-114.75,TRUE
39.75,-114.5,TRUE
39.75,-114.25,TRUE
39.75,-114,TRUE
39.75,-113.75,TRUE
39.75,-113.5,TRUE
39.75,-113.25,TRUE
39.75,-113,TRUE
39.75,-112.75,TRUE
39.75,-112.5,TRUE
39.75,-112.25,TRUE
39.75,-112,TRUE
39.75,-111.75,TRUE
39.75,-111.5,TRUE
39.75,-111.25,TRUE
39.75,-111,TRUE
39.75,-110.75,TRUE
39.75,-110.5,TRUE
39.75,-110.25,TRUE
39.75,-110,TRUE
39.75,-109.75,TRUE
39.75,-109.5,TRUE
39.75,-109.25,TRUE
39.75,-109,TRUE
39.75,-108.75,TRUE
39.75,-108.5,TRUE
39.75,-108.25,TRUE
39.75,-108,TRUE
39.75,-107.75,TRUE
39.75,-107.5,TRUE
39.75,-107.25,TRUE
39.75,-107,TRUE
39.75,-106.75,TRUE
39.75,-106.5,TRUE
39.75,-106.25,TRUE
39.75,-106,TRUE
39.75,-105.75,TRUE
39.75,-105.5,TRUE
39.75,-105.25,TRUE
39.75,-105,TRUE
39.75,-104.75,TRUE
39.75,-104.5,TRUE
39.75,-104.25,TRUE
39.75,-104,TRUE
40,-124,TRUE
40,-123.75,TRUE
40,-123.5,TRUE
40,-123.25,TRUE
40,-123,TRUE
40,-122.75,TRUE
40,-122.5,TRUE
40,-122.25,TRUE
40,-122,TRUE
40,-121.75,TRUE
40,-121.5,TRUE
40,-121.25,TRUE
40,-121,TRUE
40,-120.75,TRUE
40,-120.5,TRUE
40,-120.25,TRUE
40,-120,TRUE
40,-119.75,TRUE
40,-119.5,TRUE
40,-119.25,TRUE
40,-119,TRUE
40,-118.75,TRUE
40,-118.5,TRUE
40,-118.25,TRUE
40,-118,TRUE
40,-117.75,TRUE
40,-117.5,TRUE
40,-117.25,TRUE
40,-117,TRUE
40,-116.75,TRUE
40,-116.5,TRUE
40,-116.25,TRUE
40,-116,TRUE
40,-115.75,TRUE
40,-115.5,TRUE
40,-115.25,TRUE
40,-115,TRUE
40,-114.75,TRUE
40,-114.5,TRUE
40,-114.25,TRUE
40,-114,TRUE
40,-113.75,TRUE
40,-113.5,TRUE
40,-113.25,TRUE
40,-113,TRUE
40,-112.75,TRUE
40,-112.5,TRUE
40,-112.25,TRUE
40,-112,TRUE
40,-111.75,TRUE
40,-111.5,TRUE
40,-111.25,TRUE
40,-111,TRUE
40,-110.75,TRUE
40,-110.5,TRUE
40,-110.25,TRUE
40,-110,TRUE
40,-109.75,TRUE
40,-109.5,TRUE
40,-109.25,TRUE
40,-109,TRUE
40,-108.75,TRUE
40,-108.5,TRUE
40,-108.25,TRUE
40,-108,TRUE
40,-107.75,TRUE
40,-107.5,TRUE
40,-107.25,TRUE
40,-107,TRUE
40,-106.75,TRUE
40,-106.5,TRUE
40,-106.25,TRUE
40,-106,TRUE
40,-105.75,TRUE
40,-105.5,TRUE
40,-105.25,TRUE
40,-105,TRUE
40,-104.75,TRUE
40,-104.5,TRUE
40,-104.25,TRUE
40,-104,TRUE
40.25,-124.25,TRUE
40.25,-124,TRUE
40.25,-123.75,TRUE
40.25,-123.5,TRUE
40.25,-123.25,TRUE
40.25,-123,TRUE
40.25,-122.75,TRUE
40.25,-122.5,TRUE
40.25,-122.25,TRUE
40.25,-122,TRUE
40.25,-121.75,TRUE
40.25,-121.5,TRUE
40.25,-121.25,TRUE
40.25,-121,TRUE
40.25,-120.75,TRUE
40.25,-120.5,TRUE
40.25,-120.25,TRUE
40.25,-120,TRUE
40.25,-119.75,TRUE
40.25,-119.5,TRUE
40.25,-119.25,TRUE
40.25,-119,TRUE
40.25,-118.75,TRUE
40.25,-118.5,TRUE
40.25,-118.25,TRUE
40.25,-118,TRUE
40.25,-117.75,TRUE
40.25,-117.5,TRUE
40.25,-117.25,TRUE
40.25,-117,TRUE
40.25,-116.75,TRUE
40.25,-116.5,TRUE
40.25,-116.25,TRUE
40.25,-116,TRUE
40.25,-115.75,TRUE
40.25,-115.5,TRUE
40.25,-115.25,TRUE
40.25,-115,TRUE
40.25,-114.75,TRUE
40.25,-114.5,TRUE
40.25,-114.25,TRUE
40.25,-114,TRUE
40.25,-113.75,TRUE
40.25,-113.5,TRUE
40.25,-113.25,TRUE
40.25,-113,TRUE
40.25,-112.75,TRUE
40.25,-112.5,TRUE
40.25,-112.25,TRUE
40.25,-112,TRUE
40.25,-111.75,TRUE
40.25,-111.5,TRUE
40.25,-111.25,TRUE
40.25,-111,TRUE
40.25,-110.75,TRUE
40.25,-110.5,TRUE
40.25,-110.25,TRUE
40.25,-110,TRUE
40.25,-109.75,TRUE
40.25,-109.5,TRUE
40.25,-109.25,TRUE
40.25,-109,TRUE
40.25,-108.75,TRUE
40.25,-108.5,TRUE
40.25,-108.25,TRUE
40.25,-108,TRUE
40.25,-107.75,TRUE
40.25,-107.5,TRUE
40.25,-107.25,TRUE
40.25,-107,TRUE
40.25,-106.75,TRUE
40.25,-106.5,TRUE
40.25,-106.25,TRUE
40.25,-106,TRUE
40.25,-105.75,TRUE
40.25,-105.5,TRUE
40.25,-105.25,TRUE
40.25,-105,TRUE
40.25,-104.75,TRUE
40.25,-104.5,TRUE
40.25,-104.25,TRUE
40.25,-104,TRUE
40.5,-124.25,TRUE
40.5,-124,TRUE
40.5,-123.75,TRUE
40.5,-123.5,TRUE
40.5,-123.25,TRUE
40.5,-123,TRUE
40.5,-122.75,TRUE
40.5,-122.5,TRUE
40.5,-122.25,TRUE
40.5,-122,TRUE
40.5,-121.75,TRUE
40.5,-121.5,TRUE
40.5,-121.25,TRUE
40.5,-121,TRUE
40.5,-120.75,TRUE
40.5,-120.5,TRUE
40.5,-120.25,TRUE
40.5,-120,TRUE
40.5,-119.75,TRUE
40.5,-119.5,TRUE
40.5,-119.25,TRUE
40.5,-119,TRUE
40.5,-118.75,TRUE
40.5,-118.5,TRUE
40.5,-118.25,TRUE
40.5,-118,TRUE
40.5,-117.75,TRUE
40.5,-117.5,TRUE
40.5,-117.25,TRUE
40.5,-117,TRUE
40.5,-116.75,TRUE
40.5,-116.5,TRUE
40.5,-116.25,TRUE
40.5,-116,TRUE
40.5,-115.75,TRUE
40.5,-115.5,TRUE
40.5,-115.25,TRUE
40.5,-115,TRUE
40.5,-114.75,TRUE
40.5,-114.5,TRUE
40.5,-114.25,TRUE
40.5,-114,TRUE
40.5,-113.75,TRUE
40.5,-113.5,TRUE
40.5,-113.25,TRUE
40.5,-113,TRUE
40.5,-112.75,TRUE
40.5,-112.5,TRUE
40.5,-112.25,TRUE
40.5,-112,TRUE
40.5,-111.75,TRUE
40.5,-111.5,TRUE
40.5,-111.25,TRUE
40.5,-111,TRUE
40.5,-110.75,TRUE
40.5,-110.5,TRUE
40.5,-110.25,TRUE
40.5,-110,TRUE
40.5,-109.75,TRUE
40.5,-109.5,TRUE
40.5,-109.25,TRUE
40.5,-109,TRUE
40.5,-108.75,TRUE
40.5,-108.5,TRUE
40.5,-108.25,TRUE
40.5,-108,TRUE
40.5,-107.75,TRUE
40.5,-107.5,TRUE
40.5,-107.25,TRUE
40.5,-107,TRUE
40.5,-106.75,TRUE
40.5,-106.5,TRUE
40.5,-106.25,TRUE
40.5,-106,TRUE
40.5,-105.75,TRUE
40.5,-105.5,TRUE
40.5,-105.25,TRUE
40.5,-105,TRUE
40.5,-104.75,TRUE
40.5,-104.5,TRUE
40.5,-104.25,TRUE
40.5,-104,TRUE
40.75,-124.25,TRUE
40.75,-124,TRUE
40.75,-123.75,TRUE
40.75,-123.5,TRUE
40.75,-123.25,TRUE
40.75,-123,TRUE
40.75,-122.75,TRUE
40.75,-122.5,TRUE
40.75,-122.25,TRUE
40.75,-122,TRUE
40.75,-121.75,TRUE
40.75,-121.5,TRUE
40.75,-121.25,TRUE
40.75,-121,TRUE
40.75,-120.75,TRUE
40.75,-120.5,TRUE
40.75,-120.25,TRUE
40.75,-120,TRUE
40.75,-119.75,TRUE
40.75,-119.5,TRUE
40.75,-119.25,TRUE
40.75,-119,TRUE
40.75,-118.75,TRUE
40.75,-118.5,TRUE
40.75,-118.25,TRUE
40.75,-118,TRUE
40.75,-117.75,TRUE
40.75,-117.5,TRUE
40.75,-117.25,TRUE
40.75,-117,TRUE
40.75,-116.75,TRUE
40.75,-116.5,TRUE
40.75,-116.25,TRUE
40.75,-116,TRUE
40.75,-115.75,TRUE
40.75,-115.5,TRUE
40.75,-115.25,TRUE
40.75,-115,TRUE
40.75,-114.75,TRUE
40.75,-114.5,TRUE
40.75,-114.25,TRUE
40.75,-114,TRUE
40.75,-113.75,TRUE
40.75,-113.5,TRUE
40.75,-113.25,TRUE
40.75,-113,TRUE
40.75,-112.75,TRUE
40.75,-112.5,TRUE
40.75,-112.25,TRUE
40.75,-112,TRUE
40.75,-111.75,TRUE
40.75,-111.5,TRUE
40.75,-111.25,TRUE
40.75,-111,TRUE
40.75,-110.75,TRUE
40.75,-110.5,TRUE
40.75,-110.25,TRUE
40.75,-110,TRUE
40.75,-109.75,TRUE
40.75,-109.5,TRUE
40.75,-109.25,TRUE
40.75,-109,TRUE
40.75,-108.75,TRUE
40.75,-108.5,TRUE
40.75,-108.25,TRUE
40.75,-108,TRUE
40.75,-107.75,TRUE
40.75,-107.5,TRUE
40.75,-107.25,TRUE
40.75,-107,TRUE
40.75,-106.75,TRUE
40.75,-106.5,TRUE
40.75,-106.25,TRUE
40.75,-106,TRUE
40.75,-105.75,TRUE
40.75,-105.5,TRUE
40.75,-105.25,TRUE
40.75,-105,TRUE
40.75,-104.75,TRUE
40.75,-104.5,TRUE
40.75,-104.25,TRUE
40.75,-104,TRUE
41,-124,TRUE
41,-123.75,TRUE
41,-123.5,TRUE
41,-123.25,TRUE
41,-123,TRUE
41,-122.75,TRUE
41,-122.5,TRUE
41,-122.25,TRUE
41,-122,TRUE
41,-121.75,TRUE
41,-121.5,TRUE
41,-121.25,TRUE
41,-121,TRUE
41,-120.75,TRUE
41,-120.5,TRUE
41,-120.25,TRUE
41,-120,TRUE
41,-119.75,TRUE
41,-119.5,TRUE
41,-119.25,TRUE
41,-119,TRUE
41,-118.75,TRUE
41,-118.5,TRUE
41,-118.25,TRUE
41,-118,TRUE
41,-117.75,TRUE
41,-117.5,TRUE
41,-117.25,TRUE
41,-117,TRUE
41,-116.75,TRUE
41,-116.5,TRUE
41,-116.25,TRUE
41,-116,TRUE
41,-115.75,TRUE
41,-115.5,TRUE
41,-115.25,TRUE
41,-115,TRUE
41,-114.75,TRUE
41,-114.5,TRUE
41,-114.25,TRUE
41,-114,TRUE
41,-113.75,TRUE
41,-113.5,TRUE
41,-113.25,TRUE
41,-113,TRUE
41,-112.75,TRUE
41,-112.5,TRUE
41,-112.25,TRUE
41,-112,TRUE
41,-111.75,TRUE
41,-111.5,TRUE
41,-111.25,TRUE
41,-111,TRUE
41,-110.75,TRUE
41,-110.5,TRUE
41,-110.25,TRUE
41,-110,TRUE
41,-109.75,TRUE
41,-109.5,TRUE
41,-109.25,TRUE
41,-109,TRUE
41,-108.75,TRUE
41,-108.5,TRUE
41,-108.25,TRUE
41,-108,TRUE
41,-107.75,TRUE
41,-107.5,TRUE
41,-107.25,TRUE
41,-107,TRUE
41,-106.75,TRUE
41,-106.5,TRUE
41,-106.25,TRUE
41,-106,TRUE
41,-105.75,TRUE
41,-105.5,TRUE
41,-105.25,TRUE
41,-105,TRUE
41,-104.75,TRUE
41,-104.5,TRUE
41,-104.25,TRUE
41,-104,TRUE
41.25,-124,TRUE
41.25,-123.75,TRUE
41.25,-123.5,TRUE
41.25,-123.25,TRUE
41.25,-123,TRUE
41.25,-122.75,TRUE
41.25,-122.5,TRUE
41.25,-122.25,TRUE
41.25,-122,TRUE
41.25,-121.75,TRUE
41.25,-121.5,TRUE
41.25,-121.25,TRUE
41.25,-121,TRUE
41.25,-120.75,TRUE
41.25,-120.5,TRUE
41.25,-120.25,TRUE
41.25,-120,TRUE
41.25,-119.75,TRUE
41.25,-119.5,TRUE
41.25,-119.25,TRUE
41.25,-119,TRUE
41.25,-118.75,TRUE
41.25,-118.5,TRUE
41.25,-118.25,TRUE
41.25,-118,TRUE
41.25,-117.75,TRUE
41.25,-117.5,TRUE
41.25,-117.25,TRUE
41.25,-117,TRUE
41.25,-116.75,TRUE
41.25,-116.5,TRUE
41.25,-116.25,TRUE
41.25,-116,TRUE
41.25,-115.75,TRUE
41.25,-115.5,TRUE
41.25,-115.25,TRUE
41.25,-115,TRUE
41.25,-114.75,TRUE
41.25,-114.5,TRUE
41.25,-114.25,TRUE
41.25,-114,TRUE
41.25,-113.75,TRUE
41.25,-113.5,TRUE
41.25,-113.25,TRUE
41.25,-113,TRUE
41.25,-112.75,TRUE
41.25,-112.5,TRUE
41.25,-112.25,TRUE
41.25,-112,TRUE
41.25,-111.75,TRUE
41.25,-111.5,TRUE
41.25,-111.25,TRUE
41.25,-111,TRUE
41.25,-110.75,TRUE
41.25,-110.5,TRUE
41.25,-110.25,TRUE
41.25,-110,TRUE
41.25,-109.75,TRUE
41.25,-109.5,TRUE
41.25,-109.25,TRUE
41.25,-109,TRUE
41.25,-108.75,TRUE
41.25,-108.5,TRUE
41.25,-108.25,TRUE
41.25,-108,TRUE
41.25,-107.75,TRUE
41.25,-107.5,TRUE
41.25,-107.25,TRUE
41.25,-107,TRUE
41.25,-106.75,TRUE
41.25,-106.5,TRUE
41.25,-106.25,TRUE
41.25,-106,TRUE
41.25,-105.75,TRUE
41.25,-105.5,TRUE
41.25,-105.25,TRUE
41.25,-105,TRUE
41.25,-104.75,TRUE
41.25,-104.5,TRUE
41.25,-104.25,TRUE
41.25,-104,TRUE
41.5,-124,TRUE
41.5,-123.75,TRUE
41.5,-123.5,TRUE
41.5,-123.25,TRUE
41.5,-123,TRUE
41.5,-122.75,TRUE
41.5,-122.5,TRUE
41.5,-122.25,TRUE
41.5,-122,TRUE
41.5,-121.75,TRUE
41.5,-121.5,TRUE
41.5,-121.25,TRUE
41.5,-121,TRUE
41.5,-120.75,TRUE
41.5,-120.5,TRUE
41.5,-120.25,TRUE
41.5,-120,TRUE
41.5,-119.75,TRUE
41.5,-119.5,TRUE
41.5,-119.25,TRUE
41.5,-119,TRUE
41.5,-118.75,TRUE
41.5,-118.5,TRUE
41.5,-118.25,TRUE
41.5,-118,TRUE
41.5,-117.75,TRUE
41.5,-117.5,TRUE
41.5,-117.25,TRUE
41.5,-117,TRUE
41.5,-116.75,TRUE
41.5,-116.5,TRUE
41.5,-116.25,TRUE
41.5,-116,TRUE
41.5,-115.75,TRUE
41.5,-115.5,TRUE
41.5,-115.25,TRUE
41.5,-115,TRUE
41.5,-114.75,TRUE
41.5,-114.5,TRUE
41.5,-114.25,TRUE
41.5,-114,TRUE
41.5,-113.75,TRUE
41.5,-113.5,TRUE
41.5,-113.25,TRUE
41.5,-113,TRUE
41.5,-112.75,TRUE
41.5,-112.5,TRUE
41.5,-112.25,TRUE
41.5,-112,TRUE
41.5,-111.75,TRUE
41.5,-111.5,TRUE
41.5,-111.25,TRUE
41.5,-111,TRUE
41.5,-110.75,TRUE
41.5,-110.5,TRUE
41.5,-110.25,TRUE
41.5,-110,TRUE
41.5,-109.75,TRUE
41.5,-109.5,TRUE
41.5,-109.25,TRUE
41.5,-109,TRUE
41.5,-108.75,TRUE
41.5,-108.5,TRUE
41.5,-108.25,TRUE
41.5,-108,TRUE
41.5,-107.75,TRUE
41.5,-107.5,TRUE
41.5,-107.25,TRUE
41.5,-107,TRUE
41.5,-106.75,TRUE
41.5,-106.5,TRUE
41.5,-106.25,TRUE
41.5,-106,TRUE
41.5,-105.75,TRUE
41.5,-105.5,TRUE
41.5,-105.25,TRUE
41.5,-105,TRUE
41.5,-104.75,TRUE
41.5,-104.5,TRUE
41.5,-104.25,TRUE
41.5,-104,TRUE
41.75,-124.25,TRUE
41.75,-124,TRUE
41.75,-123.75,TRUE
41.75,-123.5,TRUE
41.75,-123.25,TRUE
41.75,-123,TRUE
41.75,-122.75,TRUE
41.75,-122.5,TRUE
41.75,-122.25,TRUE
41.75,-122,TRUE
41.75,-121.75,TRUE
41.75,-121.5,TRUE
41.75,-121.25,TRUE
41.75,-121,TRUE
41.75,-120.75,TRUE
41.75,-120.5,TRUE
41.75,-120.25,TRUE
41.75,-120,TRUE
41.75,-119.75,TRUE
41.75,-119.5,TRUE
41.75,-119.25,TRUE
41.75,-119,TRUE
41.75,-118.75,TRUE
41.75,-118.5,TRUE
41.75,-118.25,TRUE
41.75,-118,TRUE
41.75,-117.75,TRUE
41.75,-117.5,TRUE
41.75,-117.25,TRUE
41.75,-117,TRUE
41.75,-116.75,TRUE
41.75,-116.5,TRUE
41.75,-116.25,TRUE
41.75,-116,TRUE
41.75,-115.75,TRUE
41.75,-115.5,TRUE
41.75,-115.25,TRUE
41.75,-115,TRUE
41.75,-114.75,TRUE
41.75,-114.5,TRUE
41.75,-114.25,TRUE
41.75,-114,TRUE
41.75,-113.75,TRUE
41.75,-113.5,TRUE
41.75,-113.25,TRUE
41.75,-113,TRUE
41.75,-112.75,TRUE
41.75,-112.5,TRUE
41.75,-112.25,TRUE
41.75,-112,TRUE
41.75,-111.75,TRUE
41.75,-111.5,TRUE
41.75,-111.25,TRUE
41.75,-111,TRUE
41.75,-110.75,TRUE
41.75,-110.5,TRUE
41.75,-110.25,TRUE
41.75,-110,TRUE
41.75,-109.75,TRUE
41.75,-109.5,TRUE
41.75,-109.25,TRUE
41.75,-109,TRUE
41.75,-108.75,TRUE
41.75,-108.5,TRUE
41.75,-108.25,TRUE
41.75,-108,TRUE
41.75,-107.75,TRUE
41.75,-107.5,TRUE
41.75,-107.25,TRUE
41.75,-107,TRUE
41.75,-106.75,TRUE
41.75,-106.5,TRUE
41.75,-106.25,TRUE
41.75,-106,TRUE
41.75,-105.75,TRUE
41.75,-105.5,TRUE
41.75,-105.25,TRUE
41.75,-105,TRUE
41.75,-104.75,TRUE
41.75,-104.5,TRUE
41.75,-104.25,TRUE
41.75,-104,TRUE
42,-124.25,TRUE
42,-124,TRUE
42,-123.75,TRUE
42,-123.5,TRUE
42,-123.25,TRUE
42,-123,TRUE
42,-122.75,TRUE
42,-122.5,TRUE
42,-122.25,TRUE
42,-122,TRUE
42,-121.75,TRUE
42,-121.5,TRUE
42,-121.25,TRUE
42,-121,TRUE
42,-120.75,TRUE
42,-120.5,TRUE
42,-120.25,TRUE
42,-120,TRUE
42,-119.75,TRUE
42,-119.5,TRUE
42,-119.25,TRUE
42,-119,TRUE
42,-118.75,TRUE
42,-118.5,TRUE
42,-118.25,TRUE
42,-118,TRUE
42,-117.75,TRUE
42,-117.5,TRUE
42,-117.25,TRUE
42,-117,TRUE
42,-116.75,TRUE
42,-116.5,TRUE
42,-116.25,TRUE
42,-116,TRUE
42,-115.75,TRUE
42,-115.5,TRUE
42,-115.25,TRUE
42,-115,TRUE
42,-114.75,TRUE
42,-114.5,TRUE
42,-114.25,TRUE
42,-114,TRUE
42,-113.75,TRUE
42,-113.5,TRUE
42,-113.25,TRUE
42,-113,TRUE
42,-112.75,TRUE
42,-112.5,TRUE
42,-112.25,TRUE
42,-112,TRUE
42,-111.75,TRUE
42,-111.5,TRUE
42,-111.25,TRUE
42,-111,TRUE
42,-110.75,TRUE
42,-110.5,TRUE
42,-110.25,TRUE
42,-110,TRUE
42,-109.75,TRUE
42,-109.5,TRUE
42,-109.25,TRUE
42,-109,TRUE
42,-108.75,TRUE
42,-108.5,TRUE
42,-108.25,TRUE
42,-108,TRUE
42,-107.75,TRUE
42,-107.5,TRUE
42,-107.25,TRUE
42,-107,TRUE
42,-106.75,TRUE
42,-106.5,TRUE
42,-106.25,TRUE
42,-106,TRUE
42,-105.75,TRUE
42,-105.5,TRUE
42,-105.25,TRUE
42,-105,TRUE
42,-104.75,TRUE
42,-104.5,TRUE
42,-104.25,TRUE
42,-104,TRUE
42.25,-124.5,TRUE
42.25,-124.25,TRUE
42.25,-124,TRUE
42.25,-123.75,TRUE
42.25,-123.5,TRUE
42.25,-123.25,TRUE
42.25,-123,TRUE
42.25,-122.75,TRUE
42.25,-122.5,TRUE
42.25,-122.25,TRUE
42.25,-122,TRUE
42.25,-121.75,TRUE
42.25,-121.5,TRUE
42.25,-121.25,TRUE
42.25,-121,TRUE
42.25,-120.75,TRUE
42.25,-120.5,TRUE
42.25,-120.25,TRUE
42.25,-120,TRUE
42.25,-119.75,TRUE
42.25,-119.5,TRUE
42.25,-119.25,TRUE
42.25,-119,TRUE
42.25,-118.75,TRUE
42.25,-118.5,TRUE
42.25,-118.25,TRUE
42.25,-118,TRUE
42.25,-117.75,TRUE
42.25,-117.5,TRUE
42.25,-117.25,TRUE
42.25,-117,TRUE
42.25,-116.75,TRUE
42.25,-116.5,TRUE
42.25,-116.25,TRUE
42.25,-116,TRUE
42.25,-115.75,TRUE
42.25,-115.5,TRUE
42.25,-115.25,TRUE
42.25,-115,TRUE
42.25,-114.75,TRUE
42.25,-114.5,TRUE
42.25,-114.25,TRUE
42.25,-114,TRUE
42.25,-113.75,TRUE
42.25,-113.5,TRUE
42.25,-113.25,TRUE
42.25,-113,TRUE
42.25,-112.75,TRUE
42.25,-112.5,TRUE
42.25,-112.25,TRUE
42.25,-112,TRUE
42.25,-111.75,TRUE
42.25,-111.5,TRUE
42.25,-111.25,TRUE
42.25,-111,TRUE
42.25,-110.75,TRUE
42.25,-110.5,TRUE
42.25,-110.25,TRUE
42.25,-110,TRUE
42.25,-109.75,TRUE
42.25,-109.5,TRUE
42.25,-109.25,TRUE
42.25,-109,TRUE
42.25,-108.75,TRUE
42.25,-108.5,TRUE
42.25,-108.25,TRUE
42.25,-108,TRUE
42.25,-107.75,TRUE
42.25,-107.5,TRUE
42.25,-107.25,TRUE
42.25,-107,TRUE
42.25,-106.75,TRUE
42.25,-106.5,TRUE
42.25,-106.25,TRUE
42.25,-106,TRUE
42.25,-105.75,TRUE
42.25,-105.5,TRUE
42.25,-105.25,TRUE
42.25,-105,TRUE
42.25,-104.75,TRUE
42.25,-104.5,TRUE
42.25,-104.25,TRUE
42.25,-104,TRUE
42.5,-124.5,TRUE
42.5,-124.25,TRUE
42.5,-124,TRUE
42.5,-123.75,TRUE
42.5,-123.5,TRUE
42.5,-123.25,TRUE
42.5,-123,TRUE
42.5,-122.75,TRUE
42.5,-122.5,TRUE
42.5,-122.25,TRUE
42.5,-122,TRUE
42.5,-121.75,TRUE
42.5,-121.5,TRUE
42.5,-121.25,TRUE
42.5,-121,TRUE
42.5,-120.75,TRUE
42.5,-120.5,TRUE
42.5,-120.25,TRUE
42.5,-120,TRUE
42.5,-119.75,TRUE
42.5,-119.5,TRUE
42.5,-119.25,TRUE
42.5,-119,TRUE
42.5,-118.75,TRUE
42.5,-118.5,TRUE
42.5,-118.25,TRUE
42.5,-118,TRUE
42.5,-117.75,TRUE
42.5,-117.5,TRUE
42.5,-117.25,TRUE
42.5,-117,TRUE
42.5,-116.75,TRUE
42.5,-116.5,TRUE
42.5,-116.25,TRUE
42.5,-116,TRUE
42.5,-115.75,TRUE
42.5,-115.5,TRUE
42.5,-115.25,TRUE
42.5,-115,TRUE
42.5,-114.75,TRUE
42.5,-114.5,TRUE
42.5,-114.25,TRUE
42.5,-114,TRUE
42.5,-113.75,TRUE
42.5,-113.5,TRUE
42.5,-113.25,TRUE
42.5,-113,TRUE
42.5,-112.75,TRUE
42.5,-112.5,TRUE
42.5,-112.25,TRUE
42.5,-112,TRUE
42.5,-111.75,TRUE
42.5,-111.5,TRUE
42.5,-111.25,TRUE
42.5,-111,TRUE
42.5,-110.75,TRUE
42.5,-110.5,TRUE
42.5,-110.25,TRUE
42.5,-110,TRUE
42.5,-109.75,TRUE
42.5,-109.5,TRUE
42.5,-109.25,TRUE
42.5,-109,TRUE
42.5,-108.75,TRUE
42.5,-108.5,TRUE
42.5,-108.25,TRUE
42.5,-108,TRUE
42.5,-107.75,TRUE
42.5,-107.5,TRUE
42.5,-107.25,TRUE
42.5,-107,TRUE
42.5,-106.75,TRUE
42.5,-106.5,TRUE
42.5,-106.25,TRUE
42.5,-106,TRUE
42.5,-105.75,TRUE
42.5,-105.5,TRUE
42.5,-105.25,TRUE
42.5,-105,TRUE
42.5,-104.75,TRUE
42.5,-104.5,TRUE
42.5,-104.25,TRUE
42.5,-104,TRUE
42.75,-124.5,TRUE
42.75,-124.25,TRUE
42.75,-124,TRUE
42.75,-123.75,TRUE
42.75,-123.5,TRUE
42.75,-123.25,TRUE
42.75,-123,TRUE
42.75,-122.75,TRUE
42.75,-122.5,TRUE
42.75,-122.25,TRUE
42.75,-122,TRUE
42.75,-121.75,TRUE
42.75,-121.5,TRUE
42.75,-121.25,TRUE
42.75,-121,TRUE
42.75,-120.75,TRUE
42.75,-120.5,TRUE
42.75,-120.25,TRUE
42.75,-120,TRUE
42.75,-119.75,TRUE
42.75,-119.5,TRUE
42.75,-119.25,TRUE
42.75,-119,TRUE
42.75,-118.75,TRUE
42.75,-118.5,TRUE
42.75,-118.25,TRUE
42.75,-118,TRUE
42.75,-117.75,TRUE
42.75,-117.5,TRUE
42.75,-117.25,TRUE
42.75,-117,TRUE
42.75,-116.75,TRUE
42.75,-116.5,TRUE
42.75,-116.25,TRUE
42.75,-116,TRUE
42.75,-115.75,TRUE
42.75,-115.5,TRUE
42.75,-115.25,TRUE
42.75,-115,TRUE
42.75,-114.75,TRUE
42.75,-114.5,TRUE
42.75,-114.25,TRUE
42.75,-114,TRUE
42.75,-113.75,TRUE
42.75,-113.5,TRUE
42.75,-113.25,TRUE
42.75,-113,TRUE
42.75,-112.75,TRUE
42.75,-112.5,TRUE
42.75,-112.25,TRUE
42.75,-112,TRUE
42.75,-111.75,TRUE
42.75,-111.5,TRUE
42.75,-111.25,TRUE
42.75,-111,TRUE
42.75,-110.75,TRUE
42.75,-110.5,TRUE
42.75,-110.25,TRUE
42.75,-110,TRUE
42.75,-109.75,TRUE
42.75,-109.5,TRUE
42.75,-109.25,TRUE
42.75,-109,TRUE
42.75,-108.75,TRUE
42.75,-108.5,TRUE
42.75,-108.25,TRUE
42.75,-108,TRUE
42.75,-107.75,TRUE
42.75,-107.5,TRUE
42.75,-107.25,TRUE
42.75,-107,TRUE
42.75,-106.75,TRUE
42.75,-106.5,TRUE
42.75,-106.25,TRUE
42.75,-106,TRUE
42.75,-105.75,TRUE
42.75,-105.5,TRUE
42.75,-105.25,TRUE
42.75,-105,TRUE
42.75,-104.75,TRUE
42.75,-104.5,TRUE
42.75,-104.25,TRUE
42.75,-104,TRUE
43,-124.5,TRUE
43,-124.25,TRUE
43,-124,TRUE
43,-123.75,TRUE
43,-123.5,TRUE
43,-123.25,TRUE
43,-123,TRUE
43,-122.75,TRUE
43,-122.5,TRUE
43,-122.25,TRUE
43,-122,TRUE
43,-121.75,TRUE
43,-121.5,TRUE
43,-121.25,TRUE
43,-121,TRUE
43,-120.75,TRUE
43,-120.5,TRUE
43,-120.25,TRUE
43,-120,TRUE
43,-119.75,TRUE
43,-119.5,TRUE
43,-119.25,TRUE
43,-119,TRUE
43,-118.75,TRUE
43,-118.5,TRUE
43,-118.25,TRUE
43,-118,TRUE
43,-117.75,TRUE
43,-117.5,TRUE
43,-117.25,TRUE
43,-117,TRUE
43,-116.75,TRUE
43,-116.5,TRUE
43,-116.25,TRUE
43,-116,TRUE
43,-115.75,TRUE
43,-115.5,TRUE
43,-115.25,TRUE
43,-115,TRUE
43,-114.75,TRUE
43,-114.5,TRUE
43,-114.25,TRUE
43,-114,TRUE
43,-113.75,TRUE
43,-113.5,TRUE
43,-113.25,TRUE
43,-113,TRUE
43,-112.75,TRUE
43,-112.5,TRUE
43,-112.25,TRUE
43,-112,TRUE
43,-111.75,TRUE
43,-111.5,TRUE
43,-111.25,TRUE
43,-111,TRUE
43,-110.75,TRUE
43,-110.5,TRUE
43,-110.25,TRUE
43,-110,TRUE
43,-109.75,TRUE
43,-109.5,TRUE
43,-109.25,TRUE
43,-109,TRUE
43,-108.75,TRUE
43,-108.5,TRUE
43,-108.25,TRUE
43,-108,TRUE
43,-107.75,TRUE
43,-107.5,TRUE
43,-107.25,TRUE
43,-107,TRUE
43,-106.75,TRUE
43,-106.5,TRUE
43,-106.25,TRUE
43,-106,TRUE
43,-105.75,TRUE
43,-105.5,TRUE
43,-105.25,TRUE
43,-105,TRUE
43,-104.75,TRUE
43,-104.5,TRUE
43,-104.25,TRUE
43,-104,TRUE
43.25,-124.25,TRUE
43.25,-124,TRUE
43.25,-123.75,TRUE
43.25,-123.5,TRUE
43.25,-123.25,TRUE
43.25,-123,TRUE
43.25,-122.75,TRUE
43.25,-122.5,TRUE
43.25,-122.25,TRUE
43.25,-122,TRUE
43.25,-121.75,TRUE
43.25,-121.5,TRUE
43.25,-121.25,TRUE
43.25,-121,TRUE
43.25,-120.75,TRUE
43.25,-120.5,TRUE
43.25,-120.25,TRUE
43.25,-120,TRUE
43.25,-119.75,TRUE
43.25,-119.5,TRUE
43.25,-119.25,TRUE
43.25,-119,TRUE
43.25,-118.75,TRUE
43.25,-118.5,TRUE
43.25,-118.25,TRUE
43.25,-118,TRUE
43.25,-117.75,TRUE
43.25,-117.5,TRUE
43.25,-117.25,TRUE
43.25,-117,TRUE
43.25,-116.75,TRUE
43.25,-116.5,TRUE
43.25,-116.25,TRUE
43.25,-116,TRUE
43.25,-115.75,TRUE
43.25,-115.5,TRUE
43.25,-115.25,TRUE
43.25,-115,TRUE
43.25,-114.75,TRUE
43.25,-114.5,TRUE
43.25,-114.25,TRUE
43.25,-114,TRUE
43.25,-113.75,TRUE
43.25,-113.5,TRUE
43.25,-113.25,TRUE
43.25,-113,TRUE
43.25,-112.75,TRUE
43.25,-112.5,TRUE
43.25,-112.25,TRUE
43.25,-112,TRUE
43.25,-111.75,TRUE
43.25,-111.5,TRUE
43.25,-111.25,TRUE
43.25,-111,TRUE
43.25,-110.75,TRUE
43.25,-110.5,TRUE
43.25,-110.25,TRUE
43.25,-110,TRUE
43.25,-109.75,TRUE
43.25,-109.5,TRUE
43.25,-109.25,TRUE
43.25,-109,TRUE
43.25,-108.75,TRUE
43.25,-108.5,TRUE
43.25,-108.25,TRUE
43.25,-108,TRUE
43.25,-107.75,TRUE
43.25,-107.5,TRUE
43.25,-107.25,TRUE
43.25,-107,TRUE
43.25,-106.75,TRUE
43.25,-106.5,TRUE
43.25,-106.25,TRUE
43.25,-106,TRUE
43.25,-105.75,TRUE
43.25,-105.5,TRUE
43.25,-105.25,TRUE
43.25,-105,TRUE
43.25,-104.75,TRUE
43.25,-104.5,TRUE
43.25,-104.25,TRUE
43.25,-104,TRUE
43.5,-124.25,TRUE
43.5,-124,TRUE
43.5,-123.75,TRUE
43.5,-123.5,TRUE
43.5,-123.25,TRUE
43.5,-123,TRUE
43.5,-122.75,TRUE
43.5,-122.5,TRUE
43.5,-122.25,TRUE
43.5,-122,TRUE
43.5,-121.75,TRUE
43.5,-121.5,TRUE
43.5,-121.25,TRUE
43.5,-121,TRUE
43.5,-120.75,TRUE
43.5,-120.5,TRUE
43.5,-120.25,TRUE
43.5,-120,TRUE
43.5,-119.75,TRUE
43.5,-119.5,TRUE
43.5,-119.25,TRUE
43.5,-119,TRUE
43.5,-118.75,TRUE
43.5,-118.5,TRUE
43.5,-118.25,TRUE
43.5,-118,TRUE
43.5,-117.75,TRUE
43.5,-117.5,TRUE
43.5,-117.25,TRUE
43.5,-117,TRUE
43.5,-116.75,TRUE
43.5,-116.5,TRUE
43.5,-116.25,TRUE
43.5,-116,TRUE
43.5,-115.75,TRUE
43.5,-115.5,TRUE
43.5,-115.25,TRUE
43.5,-115,TRUE
43.5,-114.75,TRUE
43.5,-114.5,TRUE
43.5,-114.25,TRUE
43.5,-114,TRUE
43.5,-113.75,TRUE
43.5,-113.5,TRUE
43.5,-113.25,TRUE
43.5,-113,TRUE
43.5,-112.75,TRUE
43.5,-112.5,TRUE
43.5,-112.25,TRUE
43.5,-112,TRUE
43.5,-111.75,TRUE
43.5,-111.5,TRUE
43.5,-111.25,TRUE
43.5,-111,TRUE
43.5,-110.75,TRUE
43.5,-110.5,TRUE
43.5,-110.25,TRUE
43.5,-110,TRUE
43.5,-109.75,TRUE
43.5,-109.5,TRUE
43.5,-109.25,TRUE
43.5,-109,TRUE
43.5,-108.75,TRUE
43.5,-108.5,TRUE
43.5,-108.25,TRUE
43.5,-108,TRUE
43.5,-107.75,TRUE
43.5,-107.5,TRUE
43.5,-107.25,TRUE
43.5,-107,TRUE
43.5,-106.75,TRUE
43.5,-106.5,TRUE
43.5,-106.25,TRUE
43.5,-106,TRUE
43.5,-105.75,TRUE
43.5,-105.5,TRUE
43.5,-105.25,TRUE
43.5,-105,TRUE
43.5,-104.75,TRUE
43.5,-104.5,TRUE
43.5,-104.25,TRUE
43.5,-104,TRUE
43.75,-124.25,TRUE
43.75,-124,TRUE
43.75,-123.75,TRUE
43.75,-123.5,TRUE
43.75,-123.25,TRUE
43.75,-123,TRUE
43.75,-122.75,TRUE
43.75,-122.5,TRUE
43.75,-122.25,TRUE
43.75,-122,TRUE
43.75,-121.75,TRUE
43.75,-121.5,TRUE
43.75,-121.25,TRUE
43.75,-121,TRUE
43.75,-120.75,TRUE
43.75,-120.5,TRUE
43.75,-120.25,TRUE
43.75,-120,TRUE
43.75,-119.75,TRUE
43.75,-119.5,TRUE
43.75,-119.25,TRUE
43.75,-119,TRUE
43.75,-118.75,TRUE
43.75,-118.5,TRUE
43.75,-118.25,TRUE
43.75,-118,TRUE
43.75,-117.75,TRUE
43.75,-117.5,TRUE
43.75,-117.25,TRUE
43.75,-117,TRUE
43.75,-116.75,TRUE
43.75,-116.5,TRUE
43.75,-116.25,TRUE
43.75,-116,TRUE
43.75,-115.75,TRUE
43.75,-115.5,TRUE
43.75,-115.25,TRUE
43.75,-115,TRUE
43.75,-114.75,TRUE
43.75,-114.5,TRUE
43.75,-114.25,TRUE
43.75,-114,TRUE
43.75,-113.75,TRUE
43.75,-113.5,TRUE
43.75,-113.25,TRUE
43.75,-113,TRUE
43.75,-112.75,TRUE
43.75,-112.5,TRUE
43.75,-112.25,TRUE
43.75,-112,TRUE
43.75,-111.75,TRUE
43.75,-111.5,TRUE
43.75,-111.25,TRUE
43.75,-111,TRUE
43.75,-110.75,TRUE
43.75,-110.5,TRUE
43.75,-110.25,TRUE
43.75,-110,TRUE
43.75,-109.75,TRUE
43.75,-109.5,TRUE
43.75,-109.25,TRUE
43.75,-109,TRUE
43.75,-108.75,TRUE
43.75,-108.5,TRUE
43.75,-108.25,TRUE
43.75,-108,TRUE
43.75,-107.75,TRUE
43.75,-107.5,TRUE
43.75,-107.25,TRUE
43.75,-107,TRUE
43.75,-106.75,TRUE
43.75,-106.5,TRUE
43.75,-106.25,TRUE
43.75,-106,TRUE
43.75,-105.75,TRUE
43.75,-105.5,TRUE
43.75,-105.25,TRUE
43.75,-105,TRUE
43.75,-104.75,TRUE
43.75,-104.5,TRUE
43.75,-104.25,TRUE
43.75,-104,TRUE
44,-124.25,TRUE
44,-124,TRUE
44,-123.75,TRUE
44,-123.5,TRUE
44,-123.25,TRUE
44,-123,TRUE
44,-122.75,TRUE
44,-122.5,TRUE
44,-122.25,TRUE
44,-122,TRUE
44,-121.75,TRUE
44,-121.5,TRUE
44,-121.25,TRUE
44,-121,TRUE
44,-120.75,TRUE
44,-120.5,TRUE
44,-120.25,TRUE
44,-120,TRUE
44,-119.75,TRUE
44,-119.5,TRUE
44,-119.25,TRUE
44,-119,TRUE
44,-118.75,TRUE
44,-118.5,TRUE
44,-118.25,TRUE
44,-118,TRUE
44,-117.75,TRUE
44,-117.5,TRUE
44,-117.25,TRUE
44,-117,TRUE
44,-116.75,TRUE
44,-116.5,TRUE
44,-116.25,TRUE
44,-116,TRUE
44,-115.75,TRUE
44,-115.5,TRUE
44,-115.25,TRUE
44,-115,TRUE
44,-114.75,TRUE
44,-114.5,TRUE
44,-114.25,TRUE
44,-114,TRUE
44,-113.75,TRUE
44,-113.5,TRUE
44,-113.25,TRUE
44,-113,TRUE
44,-112.75,TRUE
44,-112.5,TRUE
44,-112.25,TRUE
44,-112,TRUE
44,-111.75,TRUE
44,-111.5,TRUE
44,-111.25,TRUE
44,-111,TRUE
44,-110.75,TRUE
44,-110.5,TRUE
44,-110.25,TRUE
44,-110,TRUE
44,-109.75,TRUE
44,-109.5,TRUE
44,-109.25,TRUE
44,-109,TRUE
44,-108.75,TRUE
44,-108.5,TRUE
44,-108.25,TRUE
44,-108,TRUE
44,-107.75,TRUE
44,-107.5,TRUE
44,-107.25,TRUE
44,-107,TRUE
44,-106.75,TRUE
44,-106.5,TRUE
44,-106.25,TRUE
44,-106,TRUE
44,-105.75,TRUE
44,-105.5,TRUE
44,-105.25,TRUE
44,-105,TRUE
44,-104.75,TRUE
44,-104.5,TRUE
44,-104.25,TRUE
44,-104,TRUE
44.25,-124,TRUE
44.25,-123.75,TRUE
44.25,-123.5,TRUE
44.25,-123.25,TRUE
44.25,-123,TRUE
44.25,-122.75,TRUE
44.25,-122.5,TRUE
44.25,-122.25,TRUE
44.25,-122,TRUE
44.25,-121.75,TRUE
44.25,-121.5,TRUE
44.25,-121.25,TRUE
44.25,-121,TRUE
44.25,-120.75,TRUE
44.25,-120.5,TRUE
44.25,-120.25,TRUE
44.25,-120,TRUE
44.25,-119.75,TRUE
44.25,-119.5,TRUE
44.25,-119.25,TRUE
44.25,-119,TRUE
44.25,-118.75,TRUE
44.25,-118.5,TRUE
44.25,-118.25,TRUE
44.25,-118,TRUE
44.25,-117.75,TRUE
44.25,-117.5,TRUE
44.25,-117.25,TRUE
44.25,-117,TRUE
44.25,-116.75,TRUE
44.25,-116.5,TRUE
44.25,-116.25,TRUE
44.25,-116,TRUE
44.25,-115.75,TRUE
44.25,-115.5,TRUE
44.25,-115.25,TRUE
44.25,-115,TRUE
44.25,-114.75,TRUE
44.25,-114.5,TRUE
44.25,-114.25,TRUE
44.25,-114,TRUE
44.25,-113.75,TRUE
44.25,-113.5,TRUE
44.25,-113.25,TRUE
44.25,-113,TRUE
44.25,-112.75,TRUE
44.25,-112.5,TRUE
44.25,-112.25,TRUE
44.25,-112,TRUE
44.25,-111.75,TRUE
44.25,-111.5,TRUE
44.25,-111.25,TRUE
44.25,-111,TRUE
44.25,-110.75,TRUE
44.25,-110.5,TRUE
44.25,-110.25,TRUE
44.25,-110,TRUE
44.25,-109.75,TRUE
44.25,-109.5,TRUE
44.25,-109.25,TRUE
44.25,-109,TRUE
44.25,-108.75,TRUE
44.25,-108.5,TRUE
44.25,-108.25,TRUE
44.25,-108,TRUE
44.25,-107.75,TRUE
44.25,-107.5,TRUE
44.25,-107.25,TRUE
44.25,-107,TRUE
44.25,-106.75,TRUE
44.25,-106.5,TRUE
44.25,-106.25,TRUE
44.25,-106,TRUE
44.25,-105.75,TRUE
44.25,-105.5,TRUE
44.25,-105.25,TRUE
44.25,-105,TRUE
44.25,-104.75,TRUE
44.25,-104.5,TRUE
44.25,-104.25,TRUE
44.25,-104,TRUE
44.5,-124,TRUE
44.5,-123.75,TRUE
44.5,-123.5,TRUE
44.5,-123.25,TRUE
44.5,-123,TRUE
44.5,-122.75,TRUE
44.5,-122.5,TRUE
44.5,-122.25,TRUE
44.5,-122,TRUE
44.5,-121.75,TRUE
44.5,-121.5,TRUE
44.5,-121.25,TRUE
44.5,-121,TRUE
44.5,-120.75,TRUE
44.5,-120.5,TRUE
44.5,-120.25,TRUE
44.5,-120,TRUE
44.5,-119.75,TRUE
44.5,-119.5,TRUE
44.5,-119.25,TRUE
44.5,-119,TRUE
44.5,-118.75,TRUE
44.5,-118.5,TRUE
44.5,-118.25,TRUE
44.5,-118,TRUE
44.5,-117.75,TRUE
44.5,-117.5,TRUE
44.5,-117.25,TRUE
44.5,-117,TRUE
44.5,-116.75,TRUE
44.5,-116.5,TRUE
44.5,-116.25,TRUE
44.5,-116,TRUE
44.5,-115.75,TRUE
44.5,-115.5,TRUE
44.5,-115.25,TRUE
44.5,-115,TRUE
44.5,-114.75,TRUE
44.5,-114.5,TRUE
44.5,-114.25,TRUE
44.5,-114,TRUE
44.5,-113.75,TRUE
44.5,-113.5,TRUE
44.5,-113.25,TRUE
44.5,-113,TRUE
44.5,-112.75,TRUE
44.5,-112.5,TRUE
44.5,-112.25,TRUE
44.5,-112,TRUE
44.5,-111.75,TRUE
44.5,-111.5,TRUE
44.5,-111.25,TRUE
44.5,-111,TRUE
44.5,-110.75,TRUE
44.5,-110.5,TRUE
44.5,-110.25,TRUE
44.5,-110,TRUE
44.5,-109.75,TRUE
44.5,-109.5,TRUE
44.5,-109.25,TRUE
44.5,-109,TRUE
44.5,-108.75,TRUE
44.5,-108.5,TRUE
44.5,-108.25,TRUE
44.5,-108,TRUE
44.5,-107.75,TRUE
44.5,-107.5,TRUE
44.5,-107.25,TRUE
44.5,-107,TRUE
44.5,-106.75,TRUE
44.5,-106.5,TRUE
44.5,-106.25,TRUE
44.5,-106,TRUE
44.5,-105.75,TRUE
44.5,-105.5,TRUE
44.5,-105.25,TRUE
44.5,-105,TRUE
44.5,-104.75,TRUE
44.5,-104.5,TRUE
44.5,-104.25,TRUE
44.5,-104,TRUE
44.75,-124,TRUE
44.75,-123.75,TRUE
44.75,-123.5,TRUE
44.75,-123.25,TRUE
44.75,-123,TRUE
44.75,-122.75,TRUE
44.75,-122.5,TRUE
44.75,-122.25,TRUE
44.75,-122,TRUE
44.75,-121.75,TRUE
44.75,-121.5,TRUE
44.75,-121.25,TRUE
44.75,-121,TRUE
44.75,-120.75,TRUE
44.75,-120.5,TRUE
44.75,-120.25,TRUE
44.75,-120,TRUE
44.75,-119.75,TRUE
44.75,-119.5,TRUE
44.75,-119.25,TRUE
44.75,-119,TRUE
44.75,-118.75,TRUE
44.75,-118.5,TRUE
44.75,-118.25,TRUE
44.75,-118,TRUE
44.75,-117.75,TRUE
44.75,-117.5,TRUE
44.75,-117.25,TRUE
44.75,-117,TRUE
44.75,-116.75,TRUE
44.75,-116.5,TRUE
44.75,-116.25,TRUE
44.75,-116,TRUE
44.75,-115.75,TRUE
44.75,-115.5,TRUE
44.75,-115.25,TRUE
44.75,-115,TRUE
44.75,-114.75,TRUE
44.75,-114.5,TRUE
44.75,-114.25,TRUE
44.75,-114,TRUE
44.75,-113.75,TRUE
44.75,-113.5,TRUE
44.75,-113.25,TRUE
44.75,-113,TRUE
44.75,-112.75,TRUE
44.75,-112.5,TRUE
44.75,-112.25,TRUE
44.75,-112,TRUE
44.75,-111.75,TRUE
44.75,-111.5,TRUE
44.75,-111.25,TRUE
44.75,-111,TRUE
44.75,-110.75,TRUE
44.75,-110.5,TRUE
44.75,-110.25,TRUE
44.75,-110,TRUE
44.75,-109.75,TRUE
44.75,-109.5,TRUE
44.75,-109.25,TRUE
44.75,-109,TRUE
44.75,-108.75,TRUE
44.75,-108.5,TRUE
44.75,-108.25,TRUE
44.75,-108,TRUE
44.75,-107.75,TRUE
44.75,-107.5,TRUE
44.75,-107.25,TRUE
44.75,-107,TRUE
44.75,-106.75,TRUE
44.75,-106.5,TRUE
44.75,-106.25,TRUE
44.75,-106,TRUE
44.75,-105.75,TRUE
44.75,-105.5,TRUE
44.75,-105.25,TRUE
44.75,-105,TRUE
44.75,-104.75,TRUE
44.75,-104.5,TRUE
44.75,-104.25,TRUE
44.75,-104,TRUE
45,-124,TRUE
45,-123.75,TRUE
45,-123.5,TRUE
45,-123.25,TRUE
45,-123,TRUE
45,-122.75,TRUE
45,-122.5,TRUE
45,-122.25,TRUE
45,-122,TRUE
45,-121.75,TRUE
45,-121.5,TRUE
45,-121.25,TRUE
45,-121,TRUE
45,-120.75,TRUE
45,-120.5,TRUE
45,-120.25,TRUE
45,-120,TRUE
45,-119.75,TRUE
45,-119.5,TRUE
45,-119.25,TRUE
45,-119,TRUE
45,-118.75,TRUE
45,-118.5,TRUE
45,-118.25,TRUE
45,-118,TRUE
45,-117.75,TRUE
45,-117.5,TRUE
45,-117.25,TRUE
45,-117,TRUE
45,-116.75,TRUE
45,-116.5,TRUE
45,-116.25,TRUE
45,-116,TRUE
45,-115.75,TRUE
45,-115.5,TRUE
45,-115.25,TRUE
45,-115,TRUE
45,-114.75,TRUE
45,-114.5,TRUE
45,-114.25,TRUE
45,-114,TRUE
45,-113.75,TRUE
45,-113.5,TRUE
45,-113.25,TRUE
45,-113,TRUE
45,-112.75,TRUE
45,-112.5,TRUE
45,-112.25,TRUE
45,-112,TRUE
45,-111.75,TRUE
45,-111.5,TRUE
45,-111.25,TRUE
45,-111,TRUE
45,-110.75,TRUE
45,-110.5,TRUE
45,-110.25,TRUE
45,-110,TRUE
45,-109.75,TRUE
45,-109.5,TRUE
45,-109.25,TRUE
45,-109,TRUE
45,-108.75,TRUE
45,-108.5,TRUE
45,-108.25,TRUE
45,-108,TRUE
45,-107.75,TRUE
45,-107.5,TRUE
45,-107.25,TRUE
45,-107,TRUE
45,-106.75,TRUE
45,-106.5,TRUE
45,-106.25,TRUE
45,-106,TRUE
45,-105.75,TRUE
45,-105.5,TRUE
45,-105.25,TRUE
45,-105,TRUE
45,-104.75,TRUE
45,-104.5,TRUE
45,-104.25,TRUE
45,-104,TRUE
45.25,-123.75,TRUE
45.25,-123.5,TRUE
45.25,-123.25,TRUE
45.25,-123,TRUE
45.25,-122.75,TRUE
45.25,-122.5,TRUE
45.25,-122.25,TRUE
45.25,-122,TRUE
45.25,-121.75,TRUE
45.25,-121.5,TRUE
45.25,-121.25,TRUE
45.25,-121,TRUE
45.25,-120.75,TRUE
45.25,-120.5,TRUE
45.25,-120.25,TRUE
45.25,-120,TRUE
45.25,-119.75,TRUE
45.25,-119.5,TRUE
45.25,-119.25,TRUE
45.25,-119,TRUE
45.25,-118.75,TRUE
45.25,-118.5,TRUE
45.25,-118.25,TRUE
45.25,-118,TRUE
45.25,-117.75,TRUE
45.25,-117.5,TRUE
45.25,-117.25,TRUE
45.25,-117,TRUE
45.25,-116.75,TRUE
45.25,-116.5,TRUE
45.25,-116.25,TRUE
45.25,-116,TRUE
45.25,-115.75,TRUE
45.25,-115.5,TRUE
45.25,-115.25,TRUE
45.25,-115,TRUE
45.25,-114.75,TRUE
45.25,-114.5,TRUE
45.25,-114.25,TRUE
45.25,-114,TRUE
45.25,-113.75,TRUE
45.25,-113.5,TRUE
45.25,-113.25,TRUE
45.25,-113,TRUE
45.25,-112.75,TRUE
45.25,-112.5,TRUE
45.25,-112.25,TRUE
45.25,-112,TRUE
45.25,-111.75,TRUE
45.25,-111.5,TRUE
45.25,-111.25,TRUE
45.25,-111,TRUE
45.25,-110.75,TRUE
45.25,-110.5,TRUE
45.25,-110.25,TRUE
45.25,-110,TRUE
45.25,-109.75,TRUE
45.25,-109.5,TRUE
45.25,-109.25,TRUE
45.25,-109,TRUE
45.25,-108.75,TRUE
45.25,-108.5,TRUE
45.25,-108.25,TRUE
45.25,-108,TRUE
45.25,-107.75,TRUE
45.25,-107.5,TRUE
45.25,-107.25,TRUE
45.25,-107,TRUE
45.25,-106.75,TRUE
45.25,-106.5,TRUE
45.25,-106.25,TRUE
45.25,-106,TRUE
45.25,-105.75,TRUE
45.25,-105.5,TRUE
45.25,-105.25,TRUE
45.25,-105,TRUE
45.25,-104.75,TRUE
45.25,-104.5,TRUE
45.25,-104.25,TRUE
45.25,-104,TRUE
45.5,-124,TRUE
45.5,-123.75,TRUE
45.5,-123.5,TRUE
45.5,-123.25,TRUE
45.5,-123,TRUE
45.5,-122.75,TRUE
45.5,-122.5,TRUE
45.5,-122.25,TRUE
45.5,-122,TRUE
45.5,-121.75,TRUE
45.5,-121.5,TRUE
45.5,-121.25,TRUE
45.5,-121,TRUE
45.5,-120.75,TRUE
45.5,-120.5,TRUE
45.5,-120.25,TRUE
45.5,-120,TRUE
45.5,-119.75,TRUE
45.5,-119.5,TRUE
45.5,-119.25,TRUE
45.5,-119,TRUE
45.5,-118.75,TRUE
45.5,-118.5,TRUE
45.5,-118.25,TRUE
45.5,-118,TRUE
45.5,-117.75,TRUE
45.5,-117.5,TRUE
45.5,-117.25,TRUE
45.5,-117,TRUE
45.5,-116.75,TRUE
45.5,-116.5,TRUE
45.5,-116.25,TRUE
45.5,-116,TRUE
45.5,-115.75,TRUE
45.5,-115.5,TRUE
45.5,-115.25,TRUE
45.5,-115,TRUE
45.5,-114.75,TRUE
45.5,-114.5,TRUE
45.5,-114.25,TRUE
45.5,-114,TRUE
45.5,-113.75,TRUE
45.5,-113.5,TRUE
45.5,-113.25,TRUE
45.5,-113,TRUE
45.5,-112.75,TRUE
45.5,-112.5,TRUE
45.5,-112.25,TRUE
45.5,-112,TRUE
45.5,-111.75,TRUE
45.5,-111.5,TRUE
45.5,-111.25,TRUE
45.5,-111,TRUE
45.5,-110.75,TRUE
45.5,-110.5,TRUE
45.5,-110.25,TRUE
45.5,-110,TRUE
45.5,-109.75,TRUE
45.5,-109.5,TRUE
45.5,-109.25,TRUE
45.5,-109,TRUE
45.5,-108.75,TRUE
45.5,-108.5,TRUE
45.5,-108.25,TRUE
45.5,-108,TRUE
45.5,-107.75,TRUE
45.5,-107.5,TRUE
45.5,-107.25,TRUE
45.5,-107,TRUE
45.5,-106.75,TRUE
45.5,-106.5,TRUE
45.5,-106.25,TRUE
45.5,-106,TRUE
45.5,-105.75,TRUE
45.5,-105.5,TRUE
45.5,-105.25,TRUE
45.5,-105,TRUE
45.5,-104.75,TRUE
45.5,-104.5,TRUE
45.5,-104.25,TRUE
45.5,-104,TRUE
45.75,-124,TRUE
45.75,-123.75,TRUE
45.75,-123.5,TRUE
45.75,-123.25,TRUE
45.75,-123,TRUE
45.75,-122.75,TRUE
45.75,-122.5,TRUE
45.75,-122.25,TRUE
45.75,-122,TRUE
45.75,-121.75,TRUE
45.75,-121.5,TRUE
45.75,-121.25,TRUE
45.75,-121,TRUE
45.75,-120.75,TRUE
45.75,-120.5,TRUE
45.75,-120.25,TRUE
45.75,-120,TRUE
45.75,-119.75,TRUE
45.75,-119.5,TRUE
45.75,-119.25,TRUE
45.75,-119,TRUE
45.75,-118.75,TRUE
45.75,-118.5,TRUE
45.75,-118.25,TRUE
45.75,-118,TRUE
45.75,-117.75,TRUE
45.75,-117.5,TRUE
45.75,-117.25,TRUE
45.75,-117,TRUE
45.75,-116.75,TRUE
45.75,-116.5,TRUE
45.75,-116.25,TRUE
45.75,-116,TRUE
45.75,-115.75,TRUE
45.75,-115.5,TRUE
45.75,-115.25,TRUE
45.75,-115,TRUE
45.75,-114.75,TRUE
45.75,-114.5,TRUE
45.75,-114.25,TRUE
45.75,-114,TRUE
45.75,-113.75,TRUE
45.75,-113.5,TRUE
45.75,-113.25,TRUE
45.75,-113,TRUE
45.75,-112.75,TRUE
45.75,-112.5,TRUE
45.75,-112.25,TRUE
45.75,-112,TRUE
45.75,-111.75,TRUE
45.75,-111.5,TRUE
45.75,-111.25,TRUE
45.75,-111,TRUE
45.75,-110.75,TRUE
45.75,-110.5,TRUE
45.75,-110.25,TRUE
45.75,-110,TRUE
45.75,-109.75,TRUE
45.75,-109.5,TRUE
45.75,-109.25,TRUE
45.75,-109,TRUE
45.75,-108.75,TRUE
45.75,-108.5,TRUE
45.75,-108.25,TRUE
45.75,-108,TRUE
45.75,-107.75,TRUE
45.75,-107.5,TRUE
45.75,-107.25,TRUE
45.75,-107,TRUE
45.75,-106.75,TRUE
45.75,-106.5,TRUE
45.75,-106.25,TRUE
45.75,-106,TRUE
45.75,-105.75,TRUE
45.75,-105.5,TRUE
45.75,-105.25,TRUE
45.75,-105,TRUE
45.75,-104.75,TRUE
45.75,-104.5,TRUE
45.75,-104.25,TRUE
45.75,-104,TRUE
46,-124,TRUE
46,-123.75,TRUE
46,-123.5,TRUE
46,-123.25,TRUE
46,-123,TRUE
46,-122.75,TRUE
46,-122.5,TRUE
46,-122.25,TRUE
46,-122,TRUE
46,-121.75,TRUE
46,-121.5,TRUE
46,-121.25,TRUE
46,-121,TRUE
46,-120.75,TRUE
46,-120.5,TRUE
46,-120.25,TRUE
46,-120,TRUE
46,-119.75,TRUE
46,-119.5,TRUE
46,-119.25,TRUE
46,-119,TRUE
46,-118.75,TRUE
46,-118.5,TRUE
46,-118.25,TRUE
46,-118,TRUE
46,-117.75,TRUE
46,-117.5,TRUE
46,-117.25,TRUE
46,-117,TRUE
46,-116.75,TRUE
46,-116.5,TRUE
46,-116.25,TRUE
46,-116,TRUE
46,-115.75,TRUE
46,-115.5,TRUE
46,-115.25,TRUE
46,-115,TRUE
46,-114.75,TRUE
46,-114.5,TRUE
46,-114.25,TRUE
46,-114,TRUE
46,-113.75,TRUE
46,-113.5,TRUE
46,-113.25,TRUE
46,-113,TRUE
46,-112.75,TRUE
46,-112.5,TRUE
46,-112.25,TRUE
46,-112,TRUE
46,-111.75,TRUE
46,-111.5,TRUE
46,-111.25,TRUE
46,-111,TRUE
46,-110.75,TRUE
46,-110.5,TRUE
46,-110.25,TRUE
46,-110,TRUE
46,-109.75,TRUE
46,-109.5,TRUE
46,-109.25,TRUE
46,-109,TRUE
46,-108.75,TRUE
46,-108.5,TRUE
46,-108.25,TRUE
46,-108,TRUE
46,-107.75,TRUE
46,-107.5,TRUE
46,-107.25,TRUE
46,-107,TRUE
46,-106.75,TRUE
46,-106.5,TRUE
46,-106.25,TRUE
46,-106,TRUE
46,-105.75,TRUE
46,-105.5,TRUE
46,-105.25,TRUE
46,-105,TRUE
46,-104.75,TRUE
46,-104.5,TRUE
46,-104.25,TRUE
46,-104,TRUE
46.25,-124,TRUE
46.25,-123.75,TRUE
46.25,-123.5,TRUE
46.25,-123.25,TRUE
46.25,-123,TRUE
46.25,-122.75,TRUE
46.25,-122.5,TRUE
46.25,-122.25,TRUE
46.25,-122,TRUE
46.25,-121.75,TRUE
46.25,-121.5,TRUE
46.25,-121.25,TRUE
46.25,-121,TRUE
46.25,-120.75,TRUE
46.25,-120.5,TRUE
46.25,-120.25,TRUE
46.25,-120,TRUE
46.25,-119.75,TRUE
46.25,-119.5,TRUE
46.25,-119.25,TRUE
46.25,-119,TRUE
46.25,-118.75,TRUE
46.25,-118.5,TRUE
46.25,-118.25,TRUE
46.25,-118,TRUE
46.25,-117.75,TRUE
46.25,-117.5,TRUE
46.25,-117.25,TRUE
46.25,-117,TRUE
46.25,-116.75,TRUE
46.25,-116.5,TRUE
46.25,-116.25,TRUE
46.25,-116,TRUE
46.25,-115.75,TRUE
46.25,-115.5,TRUE
46.25,-115.25,TRUE
46.25,-115,TRUE
46.25,-114.75,TRUE
46.25,-114.5,TRUE
46.25,-114.25,TRUE
46.25,-114,TRUE
46.25,-113.75,TRUE
46.25,-113.5,TRUE
46.25,-113.25,TRUE
46.25,-113,TRUE
46.25,-112.75,TRUE
46.25,-112.5,TRUE
46.25,-112.25,TRUE
46.25,-112,TRUE
46.25,-111.75,TRUE
46.25,-111.5,TRUE
46.25,-111.25,TRUE
46.25,-111,TRUE
46.25,-110.75,TRUE
46.25,-110.5,TRUE
46.25,-110.25,TRUE
46.25,-110,TRUE
46.25,-109.75,TRUE
46.25,-109.5,TRUE
46.25,-109.25,TRUE
46.25,-109,TRUE
46.25,-108.75,TRUE
46.25,-108.5,TRUE
46.25,-108.25,TRUE
46.25,-108,TRUE
46.25,-107.75,TRUE
46.25,-107.5,TRUE
46.25,-107.25,TRUE
46.25,-107,TRUE
46.25,-106.75,TRUE
46.25,-106.5,TRUE
46.25,-106.25,TRUE
46.25,-106,TRUE
46.25,-105.75,TRUE
46.25,-105.5,TRUE
46.25,-105.25,TRUE
46.25,-105,TRUE
46.25,-104.75,TRUE
46.25,-104.5,TRUE
46.25,-104.25,TRUE
46.25,-104,TRUE
46.5,-124,TRUE
46.5,-123.75,TRUE
46.5,-123.5,TRUE
46.5,-123.25,TRUE
46.5,-123,TRUE
46.5,-122.75,TRUE
46.5,-122.5,TRUE
46.5,-122.25,TRUE
46.5,-122,TRUE
46.5,-121.75,TRUE
46.5,-121.5,TRUE
46.5,-121.25,TRUE
46.5,-121,TRUE
46.5,-120.75,TRUE
46.5,-120.5,TRUE
46.5,-120.25,TRUE
46.5,-120,TRUE
46.5,-119.75,TRUE
46.5,-119.5,TRUE
46.5,-119.25,TRUE
46.5,-119,TRUE
46.5,-118.75,TRUE
46.5,-118.5,TRUE
46.5,-118.25,TRUE
46.5,-118,TRUE
46.5,-117.75,TRUE
46.5,-117.5,TRUE
46.5,-117.25,TRUE
46.5,-117,TRUE
46.5,-116.75,TRUE
46.5,-116.5,TRUE
46.5,-116.25,TRUE
46.5,-116,TRUE
46.5,-115.75,TRUE
46.5,-115.5,TRUE
46.5,-115.25,TRUE
46.5,-115,TRUE
46.5,-114.75,TRUE
46.5,-114.5,TRUE
46.5,-114.25,TRUE
46.5,-114,TRUE
46.5,-113.75,TRUE
46.5,-113.5,TRUE
46.5,-113.25,TRUE
46.5,-113,TRUE
46.5,-112.75,TRUE
46.5,-112.5,TRUE
46.5,-112.25,TRUE
46.5,-112,TRUE
46.5,-111.75,TRUE
46.5,-111.5,TRUE
46.5,-111.25,TRUE
46.5,-111,TRUE
46.5,-110.75,TRUE
46.5,-110.5,TRUE
46.5,-110.25,TRUE
46.5,-110,TRUE
46.5,-109.75,TRUE
46.5,-109.5,TRUE
46.5,-109.25,TRUE
46.5,-109,TRUE
46.5,-108.75,TRUE
46.5,-108.5,TRUE
46.5,-108.25,TRUE
46.5,-108,TRUE
46.5,-107.75,TRUE
46.5,-107.5,TRUE
46.5,-107.25,TRUE
46.5,-107,TRUE
46.5,-106.75,TRUE
46.5,-106.5,TRUE
46.5,-106.25,TRUE
46.5,-106,TRUE
46.5,-105.75,TRUE
46.5,-105.5,TRUE
46.5,-105.25,TRUE
46.5,-105,TRUE
46.5,-104.75,TRUE
46.5,-104.5,TRUE
46.5,-104.25,TRUE
46.5,-104,TRUE
46.75,-124,TRUE
46.75,-123.75,TRUE
46.75,-123.5,TRUE
46.75,-123.25,TRUE
46.75,-123,TRUE
46.75,-122.75,TRUE
46.75,-122.5,TRUE
46.75,-122.25,TRUE
46.75,-122,TRUE
46.75,-121.75,TRUE
46.75,-121.5,TRUE
46.75,-121.25,TRUE
46.75,-121,TRUE
46.75,-120.75,TRUE
46.75,-120.5,TRUE
46.75,-120.25,TRUE
46.75,-120,TRUE
46.75,-119.75,TRUE
46.75,-119.5,TRUE
46.75,-119.25,TRUE
46.75,-119,TRUE
46.75,-118.75,TRUE
46.75,-118.5,TRUE
46.75,-118.25,TRUE
46.75,-118,TRUE
46.75,-117.75,TRUE
46.75,-117.5,TRUE
46.75,-117.25,TRUE
46.75,-117,TRUE
46.75,-116.75,TRUE
46.75,-116.5,TRUE
46.75,-116.25,TRUE
46.75,-116,TRUE
46.75,-115.75,TRUE
46.75,-115.5,TRUE
46.75,-115.25,TRUE
46.75,-115,TRUE
46.75,-114.75,TRUE
46.75,-114.5,TRUE
46.75,-114.25,TRUE
46.75,-114,TRUE
46.75,-113.75,TRUE
46.75,-113.5,TRUE
46.75,-113.25,TRUE
46.75,-113,TRUE
46.75,-112.75,TRUE
46.75,-112.5,TRUE
46.75,-112.25,TRUE
46.75,-112,TRUE
46.75,-111.75,TRUE
46.75,-111.5,TRUE
46.75,-111.25,TRUE
46.75,-111,TRUE
46.75,-110.75,TRUE
46.75,-110.5,TRUE
46.75,-110.25,TRUE
46.75,-110,TRUE
46.75,-109.75,TRUE
46.75,-109.5,TRUE
46.75,-109.25,TRUE
46.75,-109,TRUE
46.75,-108.75,TRUE
46.75,-108.5,TRUE
46.75,-108.25,TRUE
46.75,-108,TRUE
46.75,-107.75,TRUE
46.75,-107.5,TRUE
46.75,-107.25,TRUE
46.75,-107,TRUE
46.75,-106.75,TRUE
46.75,-106.5,TRUE
46.75,-106.25,TRUE
46.75,-106,TRUE
46.75,-105.75,TRUE
46.75,-105.5,TRUE
46.75,-105.25,TRUE
46.75,-105,TRUE
46.75,-104.75,TRUE
46.75,-104.5,TRUE
46.75,-104.25,TRUE
46.75,-104,TRUE
47,-124,TRUE
47,-123.75,TRUE
47,-123.5,TRUE
47,-123.25,TRUE
47,-123,TRUE
47,-122.75,TRUE
47,-122.5,TRUE
47,-122.25,TRUE
47,-122,TRUE
47,-121.75,TRUE
47,-121.5,TRUE
47,-121.25,TRUE
47,-121,TRUE
47,-120.75,TRUE
47,-120.5,TRUE
47,-120.25,TRUE
47,-120,TRUE
47,-119.75,TRUE
47,-119.5,TRUE
47,-119.25,TRUE
47,-119,TRUE
47,-118.75,TRUE
47,-118.5,TRUE
47,-118.25,TRUE
47,-118,TRUE
47,-117.75,TRUE
47,-117.5,TRUE
47,-117.25,TRUE
47,-117,TRUE
47,-116.75,TRUE
47,-116.5,TRUE
47,-116.25,TRUE
47,-116,TRUE
47,-115.75,TRUE
47,-115.5,TRUE
47,-115.25,TRUE
47,-115,TRUE
47,-114.75,TRUE
47,-114.5,TRUE
47,-114.25,TRUE
47,-114,TRUE
47,-113.75,TRUE
47,-113.5,TRUE
47,-113.25,TRUE
47,-113,TRUE
47,-112.75,TRUE
47,-112.5,TRUE
47,-112.25,TRUE
47,-112,TRUE
47,-111.75,TRUE
47,-111.5,TRUE
47,-111.25,TRUE
47,-111,TRUE
47,-110.75,TRUE
47,-110.5,TRUE
47,-110.25,TRUE
47,-110,TRUE
47,-109.75,TRUE
47,-109.5,TRUE
47,-109.25,TRUE
47,-109,TRUE
47,-108.75,TRUE
47,-108.5,TRUE
47,-108.25,TRUE
47,-108,TRUE
47,-107.75,TRUE
47,-107.5,TRUE
47,-107.25,TRUE
47,-107,TRUE
47,-106.75,TRUE
47,-106.5,TRUE
47,-106.25,TRUE
47,-106,TRUE
47,-105.75,TRUE
47,-105.5,TRUE
47,-105.25,TRUE
47,-105,TRUE
47,-104.75,TRUE
47,-104.5,TRUE
47,-104.25,TRUE
47,-104,TRUE
47.25,-124.25,TRUE
47.25,-124,TRUE
47.25,-123.75,TRUE
47.25,-123.5,TRUE
47.25,-123.25,TRUE
47.25,-123,TRUE
47.25,-122.75,TRUE
47.25,-122.5,TRUE
47.25,-122.25,TRUE
47.25,-122,TRUE
47.25,-121.75,TRUE
47.25,-121.5,TRUE
47.25,-121.25,TRUE
47.25,-121,TRUE
47.25,-120.75,TRUE
47.25,-120.5,TRUE
47.25,-120.25,TRUE
47.25,-120,TRUE
47.25,-119.75,TRUE
47.25,-119.5,TRUE
47.25,-119.25,TRUE
47.25,-119,TRUE
47.25,-118.75,TRUE
47.25,-118.5,TRUE
47.25,-118.25,TRUE
47.25,-118,TRUE
47.25,-117.75,TRUE
47.25,-117.5,TRUE
47.25,-117.25,TRUE
47.25,-117,TRUE
47.25,-116.75,TRUE
47.25,-116.5,TRUE
47.25,-116.25,TRUE
47.25,-116,TRUE
47.25,-115.75,TRUE
47.25,-115.5,TRUE
47.25,-115.25,TRUE
47.25,-115,TRUE
47.25,-114.75,TRUE
47.25,-114.5,TRUE
47.25,-114.25,TRUE
47.25,-114,TRUE
47.25,-113.75,TRUE
47.25,-113.5,TRUE
47.25,-113.25,TRUE
47.25,-113,TRUE
47.25,-112.75,TRUE
47.25,-112.5,TRUE
47.25,-112.25,TRUE
47.25,-112,TRUE
47.25,-111.75,TRUE
47.25,-111.5,TRUE
47.25,-111.25,TRUE
47.25,-111,TRUE
47.25,-110.75,TRUE
47.25,-110.5,TRUE
47.25,-110.25,TRUE
47.25,-110,TRUE
47.25,-109.75,TRUE
47.25,-109.5,TRUE
47.25,-109.25,TRUE
47.25,-109,TRUE
47.25,-108.75,TRUE
47.25,-108.5,TRUE
47.25,-108.25,TRUE
47.25,-108,TRUE
47.25,-107.75,TRUE
47.25,-107.5,TRUE
47.25,-107.25,TRUE
47.25,-107,TRUE
47.25,-106.75,TRUE
47.25,-106.5,TRUE
47.25,-106.25,TRUE
47.25,-106,TRUE
47.25,-105.75,TRUE
47.25,-105.5,TRUE
47.25,-105.25,TRUE
47.25,-105,TRUE
47.25,-104.75,TRUE
47.25,-104.5,TRUE
47.25,-104.25,TRUE
47.25,-104,TRUE
47.5,-124.25,TRUE
47.5,-124,TRUE
47.5,-123.75,TRUE
47.5,-123.5,TRUE
47.5,-123.25,TRUE
47.5,-123,TRUE
47.5,-122.75,TRUE
47.5,-122.5,TRUE
47.5,-122.25,TRUE
47.5,-122,TRUE
47.5,-121.75,TRUE
47.5,-121.5,TRUE
47.5,-121.25,TRUE
47.5,-121,TRUE
47.5,-120.75,TRUE
47.5,-120.5,TRUE
47.5,-120.25,TRUE
47.5,-120,TRUE
47.5,-119.75,TRUE
47.5,-119.5,TRUE
47.5,-119.25,TRUE
47.5,-119,TRUE
47.5,-118.75,TRUE
47.5,-118.5,TRUE
47.5,-118.25,TRUE
47.5,-118,TRUE
47.5,-117.75,TRUE
47.5,-117.5,TRUE
47.5,-117.25,TRUE
47.5,-117,TRUE
47.5,-116.75,TRUE
47.5,-116.5,TRUE
47.5,-116.25,TRUE
47.5,-116,TRUE
47.5,-115.75,TRUE
47.5,-115.5,TRUE
47.5,-115.25,TRUE
47.5,-115,TRUE
47.5,-114.75,TRUE
47.5,-114.5,TRUE
47.5,-114.25,TRUE
47.5,-114,TRUE
47.5,-113.75,TRUE
47.5,-113.5,TRUE
47.5,-113.25,TRUE
47.5,-113,TRUE
47.5,-112.75,TRUE
47.5,-112.5,TRUE
47.5,-112.25,TRUE
47.5,-112,TRUE
47.5,-111.75,TRUE
47.5,-111.5,TRUE
47.5,-111.25,TRUE
47.5,-111,TRUE
47.5,-110.75,TRUE
47.5,-110.5,TRUE
47.5,-110.25,TRUE
47.5,-110,TRUE
47.5,-109.75,TRUE
47.5,-109.5,TRUE
47.5,-109.25,TRUE
47.5,-109,TRUE
47.5,-108.75,TRUE
47.5,-108.5,TRUE
47.5,-108.25,TRUE
47.5,-108,TRUE
47.5,-107.75,TRUE
47.5,-107.5,TRUE
47.5,-107.25,TRUE
47.5,-107,TRUE
47.5,-106.75,TRUE
47.5,-106.5,TRUE
47.5,-106.25,TRUE
47.5,-106,TRUE
47.5,-105.75,TRUE
47.5,-105.5,TRUE
47.5,-105.25,TRUE
47.5,-105,TRUE
47.5,-104.75,TRUE
47.5,-104.5,TRUE
47.5,-104.25,TRUE
47.5,-104,TRUE
47.75,-124.5,TRUE
47.75,-124.25,TRUE
47.75,-124,TRUE
47.75,-123.75,TRUE
47.75,-123.5,TRUE
47.75,-123.25,TRUE
47.75,-123,TRUE
47.75,-122.75,TRUE
47.75,-122.5,TRUE
47.75,-122.25,TRUE
47.75,-122,TRUE
47.75,-121.75,TRUE
47.75,-121.5,TRUE
47.75,-121.25,TRUE
47.75,-121,TRUE
47.75,-120.75,TRUE
47.75,-120.5,TRUE
47.75,-120.25,TRUE
47.75,-120,TRUE
47.75,-119.75,TRUE
47.75,-119.5,TRUE
47.75,-119.25,TRUE
47.75,-119,TRUE
47.75,-118.75,TRUE
47.75,-118.5,TRUE
47.75,-118.25,TRUE
47.75,-118,TRUE
47.75,-117.75,TRUE
47.75,-117.5,TRUE
47.75,-117.25,TRUE
47.75,-117,TRUE
47.75,-116.75,TRUE
47.75,-116.5,TRUE
47.75,-116.25,TRUE
47.75,-116,TRUE
47.75,-115.75,TRUE
47.75,-115.5,TRUE
47.75,-115.25,TRUE
47.75,-115,TRUE
47.75,-114.75,TRUE
47.75,-114.5,TRUE
47.75,-114.25,TRUE
47.75,-114,TRUE
47.75,-113.75,TRUE
47.75,-113.5,TRUE
47.75,-113.25,TRUE
47.75,-113,TRUE
47.75,-112.75,TRUE
47.75,-112.5,TRUE
47.75,-112.25,TRUE
47.75,-112,TRUE
47.75,-111.75,TRUE
47.75,-111.5,TRUE
47.75,-111.25,TRUE
47.75,-111,TRUE
47.75,-110.75,TRUE
47.75,-110.5,TRUE
47.75,-110.25,TRUE
47.75,-110,TRUE
47.75,-109.75,TRUE
47.75,-109.5,TRUE
47.75,-109.25,TRUE
47.75,-109,TRUE
47.75,-108.75,TRUE
47.75,-108.5,TRUE
47.75,-108.25,TRUE
47.75,-108,TRUE
47.75,-107.75,TRUE
47.75,-107.5,TRUE
47.75,-107.25,TRUE
47.75,-107,TRUE
47.75,-106.75,TRUE
47.75,-106.5,TRUE
47.75,-106.25,TRUE
47.75,-106,TRUE
47.75,-105.75,TRUE
47.75,-105.5,TRUE
47.75,-105.25,TRUE
47.75,-105,TRUE
47.75,-104.75,TRUE
47.75,-104.5,TRUE
47.75,-104.25,TRUE
47.75,-104,TRUE
48,-124.75,TRUE
48,-124.5,TRUE
48,-124.25,TRUE
48,-124,TRUE
48,-123.75,TRUE
48,-123.5,TRUE
48,-123.25,TRUE
48,-123,TRUE
48,-122.75,TRUE
48,-122.5,TRUE
48,-122.25,TRUE
48,-122,TRUE
48,-121.75,TRUE
48,-121.5,TRUE
48,-121.25,TRUE
48,-121,TRUE
48,-120.75,TRUE
48,-120.5,TRUE
48,-120.25,TRUE
48,-120,TRUE
48,-119.75,TRUE
48,-119.5,TRUE
48,-119.25,TRUE
48,-119,TRUE
48,-118.75,TRUE
48,-118.5,TRUE
48,-118.25,TRUE
48,-118,TRUE
48,-117.75,TRUE
48,-117.5,TRUE
48,-117.25,TRUE
48,-117,TRUE
48,-116.75,TRUE
48,-116.5,TRUE
48,-116.25,TRUE
48,-116,TRUE
48,-115.75,TRUE
48,-115.5,TRUE
48,-115.25,TRUE
48,-115,TRUE
48,-114.75,TRUE
48,-114.5,TRUE
48,-114.25,TRUE
48,-114,TRUE
48,-113.75,TRUE
48,-113.5,TRUE
48,-113.25,TRUE
48,-113,TRUE
48,-112.75,TRUE
48,-112.5,TRUE
48,-112.25,TRUE
48,-112,TRUE
48,-111.75,TRUE
48,-111.5,TRUE
48,-111.25,TRUE
48,-111,TRUE
48,-110.75,TRUE
48,-110.5,TRUE
48,-110.25,TRUE
48,-110,TRUE
48,-109.75,TRUE
48,-109.5,TRUE
48,-109.25,TRUE
48,-109,TRUE
48,-108.75,TRUE
48,-108.5,TRUE
48,-108.25,TRUE
48,-108,TRUE
48,-107.75,TRUE
48,-107.5,TRUE
48,-107.25,TRUE
48,-107,TRUE
48,-106.75,TRUE
48,-106.5,TRUE
48,-106.25,TRUE
48,-106,TRUE
48,-105.75,TRUE
48,-105.5,TRUE
48,-105.25,TRUE
48,-105,TRUE
48,-104.75,TRUE
48,-104.5,TRUE
48,-104.25,TRUE
48,-104,TRUE
48.25,-124.75,TRUE
48.25,-124.5,TRUE
48.25,-124.25,TRUE
48.25,-124,TRUE
48.25,-123.75,TRUE
48.25,-123.5,TRUE
48.25,-123,TRUE
48.25,-122.75,TRUE
48.25,-122.5,TRUE
48.25,-122.25,TRUE
48.25,-122,TRUE
48.25,-121.75,TRUE
48.25,-121.5,TRUE
48.25,-121.25,TRUE
48.25,-121,TRUE
48.25,-120.75,TRUE
48.25,-120.5,TRUE
48.25,-120.25,TRUE
48.25,-120,TRUE
48.25,-119.75,TRUE
48.25,-119.5,TRUE
48.25,-119.25,TRUE
48.25,-119,TRUE
48.25,-118.75,TRUE
48.25,-118.5,TRUE
48.25,-118.25,TRUE
48.25,-118,TRUE
48.25,-117.75,TRUE
48.25,-117.5,TRUE
48.25,-117.25,TRUE
48.25,-117,TRUE
48.25,-116.75,TRUE
48.25,-116.5,TRUE
48.25,-116.25,TRUE
48.25,-116,TRUE
48.25,-115.75,TRUE
48.25,-115.5,TRUE
48.25,-115.25,TRUE
48.25,-115,TRUE
48.25,-114.75,TRUE
48.25,-114.5,TRUE
48.25,-114.25,TRUE
48.25,-114,TRUE
48.25,-113.75,TRUE
48.25,-113.5,TRUE
48.25,-113.25,TRUE
48.25,-113,TRUE
48.25,-112.75,TRUE
48.25,-112.5,TRUE
48.25,-112.25,TRUE
48.25,-112,TRUE
48.25,-111.75,TRUE
48.25,-111.5,TRUE
48.25,-111.25,TRUE
48.25,-111,TRUE
48.25,-110.75,TRUE
48.25,-110.5,TRUE
48.25,-110.25,TRUE
48.25,-110,TRUE
48.25,-109.75,TRUE
48.25,-109.5,TRUE
48.25,-109.25,TRUE
48.25,-109,TRUE
48.25,-108.75,TRUE
48.25,-108.5,TRUE
48.25,-108.25,TRUE
48.25,-108,TRUE
48.25,-107.75,TRUE
48.25,-107.5,TRUE
48.25,-107.25,TRUE
48.25,-107,TRUE
48.25,-106.75,TRUE
48.25,-106.5,TRUE
48.25,-106.25,TRUE
48.25,-106,TRUE
48.25,-105.75,TRUE
48.25,-105.5,TRUE
48.25,-105.25,TRUE
48.25,-105,TRUE
48.25,-104.75,TRUE
48.25,-104.5,TRUE
48.25,-104.25,TRUE
48.25,-104,TRUE
48.5,-124.75,TRUE
48.5,-124.5,TRUE
48.5,-124.25,TRUE
48.5,-124,TRUE
48.5,-123.75,TRUE
48.5,-123.5,TRUE
48.5,-123.25,TRUE
48.5,-123,TRUE
48.5,-122.5,TRUE
48.5,-122.25,TRUE
48.5,-122,TRUE
48.5,-121.75,TRUE
48.5,-121.5,TRUE
48.5,-121.25,TRUE
48.5,-121,TRUE
48.5,-120.75,TRUE
48.5,-120.5,TRUE
48.5,-120.25,TRUE
48.5,-120,TRUE
48.5,-119.75,TRUE
48.5,-119.5,TRUE
48.5,-119.25,TRUE
48.5,-119,TRUE
48.5,-118.75,TRUE
48.5,-118.5,TRUE
48.5,-118.25,TRUE
48.5,-118,TRUE
48.5,-117.75,TRUE
48.5,-117.5,TRUE
48.5,-117.25,TRUE
48.5,-117,TRUE
48.5,-116.75,TRUE
48.5,-116.5,TRUE
48.5,-116.25,TRUE
48.5,-116,TRUE
48.5,-115.75,TRUE
48.5,-115.5,TRUE
48.5,-115.25,TRUE
48.5,-115,TRUE
48.5,-114.75,TRUE
48.5,-114.5,TRUE
48.5,-114.25,TRUE
48.5,-114,TRUE
48.5,-113.75,TRUE
48.5,-113.5,TRUE
48.5,-113.25,TRUE
48.5,-113,TRUE
48.5,-112.75,TRUE
48.5,-112.5,TRUE
48.5,-112.25,TRUE
48.5,-112,TRUE
48.5,-111.75,TRUE
48.5,-111.5,TRUE
48.5,-111.25,TRUE
48.5,-111,TRUE
48.5,-110.75,TRUE
48.5,-110.5,TRUE
48.5,-110.25,TRUE
48.5,-110,TRUE
48.5,-109.75,TRUE
48.5,-109.5,TRUE
48.5,-109.25,TRUE
48.5,-109,TRUE
48.5,-108.75,TRUE
48.5,-108.5,TRUE
48.5,-108.25,TRUE
48.5,-108,TRUE
48.5,-107.75,TRUE
48.5,-107.5,TRUE
48.5,-107.25,TRUE
48.5,-107,TRUE
48.5,-106.75,TRUE
48.5,-106.5,TRUE
48.5,-106.25,TRUE
48.5,-106,TRUE
48.5,-105.75,TRUE
48.5,-105.5,TRUE
48.5,-105.25,TRUE
48.5,-105,TRUE
48.5,-104.75,TRUE
48.5,-104.5,TRUE
48.5,-104.25,TRUE
48.5,-104,TRUE
48.75,-125.25,TRUE
48.75,-125,TRUE
48.75,-124.75,TRUE
48.75,-124.5,TRUE
48.75,-124.25,TRUE
48.75,-124,TRUE
48.75,-123.75,TRUE
48.75,-123.5,TRUE
48.75,-123.25,TRUE
48.75,-123,TRUE
48.75,-122.75,TRUE
48.75,-122.5,TRUE
48.75,-122.25,TRUE
48.75,-122,TRUE
48.75,-121.75,TRUE
48.75,-121.5,TRUE
48.75,-121.25,TRUE
48.75,-121,TRUE
48.75,-120.75,TRUE
48.75,-120.5,TRUE
48.75,-120.25,TRUE
48.75,-120,TRUE
48.75,-119.75,TRUE
48.75,-119.5,TRUE
48.75,-119.25,TRUE
48.75,-119,TRUE
48.75,-118.75,TRUE
48.75,-118.5,TRUE
48.75,-118.25,TRUE
48.75,-118,TRUE
48.75,-117.75,TRUE
48.75,-117.5,TRUE
48.75,-117.25,TRUE
48.75,-117,TRUE
48.75,-116.75,TRUE
48.75,-116.5,TRUE
48.75,-116.25,TRUE
48.75,-116,TRUE
48.75,-115.75,TRUE
48.75,-115.5,TRUE
48.75,-115.25,TRUE
48.75,-115,TRUE
48.75,-114.75,TRUE
48.75,-114.5,TRUE
48.75,-114.25,TRUE
48.75,-114,TRUE
48.75,-113.75,TRUE
48.75,-113.5,TRUE
48.75,-113.25,TRUE
48.75,-113,TRUE
48.75,-112.75,TRUE
48.75,-112.5,TRUE
48.75,-112.25,TRUE
48.75,-112,TRUE
48.75,-111.75,TRUE
48.75,-111.5,TRUE
48.75,-111.25,TRUE
48.75,-111,TRUE
48.75,-110.75,TRUE
48.75,-110.5,TRUE
48.75,-110.25,TRUE
48.75,-110,TRUE
48.75,-109.75,TRUE
48.75,-109.5,TRUE
48.75,-109.25,TRUE
48.75,-109,TRUE
48.75,-108.75,TRUE
48.75,-108.5,TRUE
48.75,-108.25,TRUE
48.75,-108,TRUE
48.75,-107.75,TRUE
48.75,-107.5,TRUE
48.75,-107.25,TRUE
48.75,-107,TRUE
48.75,-106.75,TRUE
48.75,-106.5,TRUE
48.75,-106.25,TRUE
48.75,-106,TRUE
48.75,-105.75,TRUE
48.75,-105.5,TRUE
48.75,-105.25,TRUE
48.75,-105,TRUE
48.75,-104.75,TRUE
48.75,-104.5,TRUE
48.75,-104.25,TRUE
48.75,-104,TRUE
49,-125.75,TRUE
49,-125.5,TRUE
49,-125.25,TRUE
49,-125,TRUE
49,-124.75,TRUE
49,-124.5,TRUE
49,-124.25,TRUE
49,-124,TRUE
49,-123.75,TRUE
49,-123.5,TRUE
49,-123.25,TRUE
49,-123,TRUE
49,-122.75,TRUE
49,-122.5,TRUE
49,-122.25,TRUE
49,-122,TRUE
49,-121.75,TRUE
49,-121.5,TRUE
49,-121.25,TRUE
49,-121,TRUE
49,-120.75,TRUE
49,-120.5,TRUE
49,-120.25,TRUE
49,-120,TRUE
49,-119.75,TRUE
49,-119.5,TRUE
49,-119.25,TRUE
49,-119,TRUE
49,-118.75,TRUE
49,-118.5,TRUE
49,-118.25,TRUE
49,-118,TRUE
49,-117.75,TRUE
49,-117.5,TRUE
49,-117.25,TRUE
49,-117,TRUE
49,-116.75,TRUE
49,-116.5,TRUE
49,-116.25,TRUE
49,-116,TRUE
49,-115.75,TRUE
49,-115.5,TRUE
49,-115.25,TRUE
49,-115,TRUE
49,-114.75,TRUE
49,-114.5,TRUE
49,-114.25,TRUE
49,-114,TRUE
49,-113.75,TRUE
49,-113.5,TRUE
49,-113.25,TRUE
49,-113,TRUE
49,-112.75,TRUE
49,-112.5,TRUE
49,-112.25,TRUE
49,-112,TRUE
49,-111.75,TRUE
49,-111.5,TRUE
49,-111.25,TRUE
49,-111,TRUE
49,-110.75,TRUE
49,-110.5,TRUE
49,-110.25,TRUE
49,-110,TRUE
49,-109.75,TRUE
49,-109.5,TRUE
49,-109.25,TRUE
49,-109,TRUE
49,-108.75,TRUE
49,-108.5,TRUE
49,-108.25,TRUE
49,-108,TRUE
49,-107.75,TRUE
49,-107.5,TRUE
49,-107.25,TRUE
49,-107,TRUE
49,-106.75,TRUE
49,-106.5,TRUE
49,-106.25,TRUE
49,-106,TRUE
49,-105.75,TRUE
49,-105.5,TRUE
49,-105.25,TRUE
49,-105,TRUE
49,-104.75,TRUE
49,-104.5,TRUE
49,-104.25,TRUE
49,-104,TRUE
49.25,-125.75,TRUE
49.25,-125.5,TRUE
49.25,-125.25,TRUE
49.25,-125,TRUE
49.25,-124.75,TRUE
49.25,-124.5,TRUE
49.25,-124.25,TRUE
49.25,-124,TRUE
49.25,-123.75,TRUE
49.25,-123.5,TRUE
49.25,-123.25,TRUE
49.25,-123,TRUE
49.25,-122.75,TRUE
49.25,-122.5,TRUE
49.25,-122.25,TRUE
49.25,-122,TRUE
49.25,-121.75,TRUE
49.25,-121.5,TRUE
49.25,-121.25,TRUE
49.25,-121,TRUE
49.25,-120.75,TRUE
49.25,-120.5,TRUE
49.25,-120.25,TRUE
49.25,-120,TRUE
49.25,-119.75,TRUE
49.25,-119.5,TRUE
49.25,-119.25,TRUE
49.25,-119,TRUE
49.25,-118.75,TRUE
49.25,-118.5,TRUE
49.25,-118.25,TRUE
49.25,-118,TRUE
49.25,-117.75,TRUE
49.25,-117.5,TRUE
49.25,-117.25,TRUE
49.25,-117,TRUE
49.25,-116.75,TRUE
49.25,-116.5,TRUE
49.25,-116.25,TRUE
49.25,-116,TRUE
49.25,-115.75,TRUE
49.25,-115.5,TRUE
49.25,-115.25,TRUE
49.25,-115,TRUE
49.25,-114.75,TRUE
49.25,-114.5,TRUE
49.25,-114.25,TRUE
49.25,-114,TRUE
49.25,-113.75,TRUE
49.25,-113.5,TRUE
49.25,-113.25,TRUE
49.25,-113,TRUE
49.25,-112.75,TRUE
49.25,-112.5,TRUE
49.25,-112.25,TRUE
49.25,-112,TRUE
49.25,-111.75,TRUE
49.25,-111.5,TRUE
49.25,-111.25,TRUE
49.25,-111,TRUE
49.25,-110.75,TRUE
49.25,-110.5,TRUE
49.25,-110.25,TRUE
49.25,-110,TRUE
49.25,-109.75,TRUE
49.25,-109.5,TRUE
49.25,-109.25,TRUE
49.25,-109,TRUE
49.25,-108.75,TRUE
49.25,-108.5,TRUE
49.25,-108.25,TRUE
49.25,-108,TRUE
49.25,-107.75,TRUE
49.25,-107.5,TRUE
49.25,-107.25,TRUE
49.25,-107,TRUE
49.25,-106.75,TRUE
49.25,-106.5,TRUE
49.25,-106.25,TRUE
49.25,-106,TRUE
49.25,-105.75,TRUE
49.25,-105.5,TRUE
49.25,-105.25,TRUE
49.25,-105,TRUE
49.25,-104.75,TRUE
49.25,-104.5,TRUE
49.25,-104.25,TRUE
49.25,-104,TRUE
49.5,-126.75,TRUE
49.5,-126.5,TRUE
49.5,-126.25,TRUE
49.5,-126,TRUE
49.5,-125.75,TRUE
49.5,-125.5,TRUE
49.5,-125.25,TRUE
49.5,-125,TRUE
49.5,-124.75,TRUE
49.5,-124.25,TRUE
49.5,-124,TRUE
49.5,-123.75,TRUE
49.5,-123.5,TRUE
49.5,-123.25,TRUE
49.5,-123,TRUE
49.5,-122.75,TRUE
49.5,-122.5,TRUE
49.5,-122.25,TRUE
49.5,-122,TRUE
49.5,-121.75,TRUE
49.5,-121.5,TRUE
49.5,-121.25,TRUE
49.5,-121,TRUE
49.5,-120.75,TRUE
49.5,-120.5,TRUE
49.5,-120.25,TRUE
49.5,-120,TRUE
49.5,-119.75,TRUE
49.5,-119.5,TRUE
49.5,-119.25,TRUE
49.5,-119,TRUE
49.5,-118.75,TRUE
49.5,-118.5,TRUE
49.5,-118.25,TRUE
49.5,-118,TRUE
49.5,-117.75,TRUE
49.5,-117.5,TRUE
49.5,-117.25,TRUE
49.5,-117,TRUE
49.5,-116.75,TRUE
49.5,-116.5,TRUE
49.5,-116.25,TRUE
49.5,-116,TRUE
49.5,-115.75,TRUE
49.5,-115.5,TRUE
49.5,-115.25,TRUE
49.5,-115,TRUE
49.5,-114.75,TRUE
49.5,-114.5,TRUE
49.5,-114.25,TRUE
49.5,-114,TRUE
49.5,-113.75,TRUE
49.5,-113.5,TRUE
49.5,-113.25,TRUE
49.5,-113,TRUE
49.5,-112.75,TRUE
49.5,-112.5,TRUE
49.5,-112.25,TRUE
49.5,-112,TRUE
49.5,-111.75,TRUE
49.5,-111.5,TRUE
49.5,-111.25,TRUE
49.5,-111,TRUE
49.5,-110.75,TRUE
49.5,-110.5,TRUE
49.5,-110.25,TRUE
49.5,-110,TRUE
49.5,-109.75,TRUE
49.5,-109.5,TRUE
49.5,-109.25,TRUE
49.5,-109,TRUE
49.5,-108.75,TRUE
49.5,-108.5,TRUE
49.5,-108.25,TRUE
49.5,-108,TRUE
49.5,-107.75,TRUE
49.5,-107.5,TRUE
49.5,-107.25,TRUE
49.5,-107,TRUE
49.5,-106.75,TRUE
49.5,-106.5,TRUE
49.5,-106.25,TRUE
49.5,-106,TRUE
49.5,-105.75,TRUE
49.5,-105.5,TRUE
49.5,-105.25,TRUE
49.5,-105,TRUE
49.5,-104.75,TRUE
49.5,-104.5,TRUE
49.5,-104.25,TRUE
49.5,-104,TRUE
49.75,-127,TRUE
49.75,-126.75,TRUE
49.75,-126.5,TRUE
49.75,-126.25,TRUE
49.75,-126,TRUE
49.75,-125.75,TRUE
49.75,-125.5,TRUE
49.75,-125.25,TRUE
49.75,-125,TRUE
49.75,-124.5,TRUE
49.75,-124.25,TRUE
49.75,-124,TRUE
49.75,-123.75,TRUE
49.75,-123.5,TRUE
49.75,-123.25,TRUE
49.75,-123,TRUE
49.75,-122.75,TRUE
49.75,-122.5,TRUE
49.75,-122.25,TRUE
49.75,-122,TRUE
49.75,-121.75,TRUE
49.75,-121.5,TRUE
49.75,-121.25,TRUE
49.75,-121,TRUE
49.75,-120.75,TRUE
49.75,-120.5,TRUE
49.75,-120.25,TRUE
49.75,-120,TRUE
49.75,-119.75,TRUE
49.75,-119.5,TRUE
49.75,-119.25,TRUE
49.75,-119,TRUE
49.75,-118.75,TRUE
49.75,-118.5,TRUE
49.75,-118.25,TRUE
49.75,-118,TRUE
49.75,-117.75,TRUE
49.75,-117.5,TRUE
49.75,-117.25,TRUE
49.75,-117,TRUE
49.75,-116.75,TRUE
49.75,-116.5,TRUE
49.75,-116.25,TRUE
49.75,-116,TRUE
49.75,-115.75,TRUE
49.75,-115.5,TRUE
49.75,-115.25,TRUE
49.75,-115,TRUE
49.75,-114.75,TRUE
49.75,-114.5,TRUE
49.75,-114.25,TRUE
49.75,-114,TRUE
49.75,-113.75,TRUE
49.75,-113.5,TRUE
49.75,-113.25,TRUE
49.75,-113,TRUE
49.75,-112.75,TRUE
49.75,-112.5,TRUE
49.75,-112.25,TRUE
49.75,-112,TRUE
49.75,-111.75,TRUE
49.75,-111.5,TRUE
49.75,-111.25,TRUE
49.75,-111,TRUE
49.75,-110.75,TRUE
49.75,-110.5,TRUE
49.75,-110.25,TRUE
49.75,-110,TRUE
49.75,-109.75,TRUE
49.75,-109.5,TRUE
49.75,-109.25,TRUE
49.75,-109,TRUE
49.75,-108.75,TRUE
49.75,-108.5,TRUE
49.75,-108.25,TRUE
49.75,-108,TRUE
49.75,-107.75,TRUE
49.75,-107.5,TRUE
49.75,-107.25,TRUE
49.75,-107,TRUE
49.75,-106.75,TRUE
49.75,-106.5,TRUE
49.75,-106.25,TRUE
49.75,-106,TRUE
49.75,-105.75,TRUE
49.75,-105.5,TRUE
49.75,-105.25,TRUE
49.75,-105,TRUE
49.75,-104.75,TRUE
49.75,-104.5,TRUE
49.75,-104.25,TRUE
49.75,-104,TRUE
50,-127.25,TRUE
50,-127,TRUE
50,-126.75,TRUE
50,-126.5,TRUE
50,-126.25,TRUE
50,-126,TRUE
50,-125.75,TRUE
50,-125.5,TRUE
50,-125.25,TRUE
50,-125,TRUE
50,-124.75,TRUE
50,-124.5,TRUE
50,-124.25,TRUE
50,-124,TRUE
50,-123.75,TRUE
50,-123.5,TRUE
50,-123.25,TRUE
50,-123,TRUE
50,-122.75,TRUE
50,-122.5,TRUE
50,-122.25,TRUE
50,-122,TRUE
50,-121.75,TRUE
50,-121.5,TRUE
50,-121.25,TRUE
50,-121,TRUE
50,-120.75,TRUE
50,-120.5,TRUE
50,-120.25,TRUE
50,-120,TRUE
50,-119.75,TRUE
50,-119.5,TRUE
50,-119.25,TRUE
50,-119,TRUE
50,-118.75,TRUE
50,-118.5,TRUE
50,-118.25,TRUE
50,-118,TRUE
50,-117.75,TRUE
50,-117.5,TRUE
50,-117.25,TRUE
50,-117,TRUE
50,-116.75,TRUE
50,-116.5,TRUE
50,-116.25,TRUE
50,-116,TRUE
50,-115.75,TRUE
50,-115.5,TRUE
50,-115.25,TRUE
50,-115,TRUE
50,-114.75,TRUE
50,-114.5,TRUE
50,-114.25,TRUE
50,-114,TRUE
50,-113.75,TRUE
50,-113.5,TRUE
50,-113.25,TRUE
50,-113,TRUE
50,-112.75,TRUE
50,-112.5,TRUE
50,-112.25,TRUE
50,-112,TRUE
50,-111.75,TRUE
50,-111.5,TRUE
50,-111.25,TRUE
50,-111,TRUE
50,-110.75,TRUE
50,-110.5,TRUE
50,-110.25,TRUE
50,-110,TRUE
50,-109.75,TRUE
50,-109.5,TRUE
50,-109.25,TRUE
50,-109,TRUE
50,-108.75,TRUE
50,-108.5,TRUE
50,-108.25,TRUE
50,-108,TRUE
50,-107.75,TRUE
50,-107.5,TRUE
50,-107.25,TRUE
50,-107,TRUE
50,-106.75,TRUE
50,-106.5,TRUE
50,-106.25,TRUE
50,-106,TRUE
50,-105.75,TRUE
50,-105.5,TRUE
50,-105.25,TRUE
50,-105,TRUE
50,-104.75,TRUE
50,-104.5,TRUE
50,-104.25,TRUE
50,-104,TRUE
50.25,-128,TRUE
50.25,-127.75,TRUE
50.25,-127.5,TRUE
50.25,-127.25,TRUE
50.25,-127,TRUE
50.25,-126.75,TRUE
50.25,-126.5,TRUE
50.25,-126.25,TRUE
50.25,-126,TRUE
50.25,-125.75,TRUE
50.25,-125.5,TRUE
50.25,-125.25,TRUE
50.25,-125,TRUE
50.25,-124.75,TRUE
50.25,-124.5,TRUE
50.25,-124.25,TRUE
50.25,-124,TRUE
50.25,-123.75,TRUE
50.25,-123.5,TRUE
50.25,-123.25,TRUE
50.25,-123,TRUE
50.25,-122.75,TRUE
50.25,-122.5,TRUE
50.25,-122.25,TRUE
50.25,-122,TRUE
50.25,-121.75,TRUE
50.25,-121.5,TRUE
50.25,-121.25,TRUE
50.25,-121,TRUE
50.25,-120.75,TRUE
50.25,-120.5,TRUE
50.25,-120.25,TRUE
50.25,-120,TRUE
50.25,-119.75,TRUE
50.25,-119.5,TRUE
50.25,-119.25,TRUE
50.25,-119,TRUE
50.25,-118.75,TRUE
50.25,-118.5,TRUE
50.25,-118.25,TRUE
50.25,-118,TRUE
50.25,-117.75,TRUE
50.25,-117.5,TRUE
50.25,-117.25,TRUE
50.25,-117,TRUE
50.25,-116.75,TRUE
50.25,-116.5,TRUE
50.25,-116.25,TRUE
50.25,-116,TRUE
50.25,-115.75,TRUE
50.25,-115.5,TRUE
50.25,-115.25,TRUE
50.25,-115,TRUE
50.25,-114.75,TRUE
50.25,-114.5,TRUE
50.25,-114.25,TRUE
50.25,-114,TRUE
50.25,-113.75,TRUE
50.25,-113.5,TRUE
50.25,-113.25,TRUE
50.25,-113,TRUE
50.25,-112.75,TRUE
50.25,-112.5,TRUE
50.25,-112.25,TRUE
50.25,-112,TRUE
50.25,-111.75,TRUE
50.25,-111.5,TRUE
50.25,-111.25,TRUE
50.25,-111,TRUE
50.25,-110.75,TRUE
50.25,-110.5,TRUE
50.25,-110.25,TRUE
50.25,-110,TRUE
50.25,-109.75,TRUE
50.25,-109.5,TRUE
50.25,-109.25,TRUE
50.25,-109,TRUE
50.25,-108.75,TRUE
50.25,-108.5,TRUE
50.25,-108.25,TRUE
50.25,-108,TRUE
50.25,-107.75,TRUE
50.25,-107.5,TRUE
50.25,-107.25,TRUE
50.25,-107,TRUE
50.25,-106.75,TRUE
50.25,-106.5,TRUE
50.25,-106.25,TRUE
50.25,-106,TRUE
50.25,-105.75,TRUE
50.25,-105.5,TRUE
50.25,-105.25,TRUE
50.25,-105,TRUE
50.25,-104.75,TRUE
50.25,-104.5,TRUE
50.25,-104.25,TRUE
50.25,-104,TRUE
50.5,-128,TRUE
50.5,-127.75,TRUE
50.5,-127.5,TRUE
50.5,-127.25,TRUE
50.5,-127,TRUE
50.5,-126.75,TRUE
50.5,-126.5,TRUE
50.5,-126.25,TRUE
50.5,-126,TRUE
50.5,-125.75,TRUE
50.5,-125.5,TRUE
50.5,-125.25,TRUE
50.5,-125,TRUE
50.5,-124.75,TRUE
50.5,-124.5,TRUE
50.5,-124.25,TRUE
50.5,-124,TRUE
50.5,-123.75,TRUE
50.5,-123.5,TRUE
50.5,-123.25,TRUE
50.5,-123,TRUE
50.5,-122.75,TRUE
50.5,-122.5,TRUE
50.5,-122.25,TRUE
50.5,-122,TRUE
50.5,-121.75,TRUE
50.5,-121.5,TRUE
50.5,-121.25,TRUE
50.5,-121,TRUE
50.5,-120.75,TRUE
50.5,-120.5,TRUE
50.5,-120.25,TRUE
50.5,-120,TRUE
50.5,-119.75,TRUE
50.5,-119.5,TRUE
50.5,-119.25,TRUE
50.5,-119,TRUE
50.5,-118.75,TRUE
50.5,-118.5,TRUE
50.5,-118.25,TRUE
50.5,-118,TRUE
50.5,-117.75,TRUE
50.5,-117.5,TRUE
50.5,-117.25,TRUE
50.5,-117,TRUE
50.5,-116.75,TRUE
50.5,-116.5,TRUE
50.5,-116.25,TRUE
50.5,-116,TRUE
50.5,-115.75,TRUE
50.5,-115.5,TRUE
50.5,-115.25,TRUE
50.5,-115,TRUE
50.5,-114.75,TRUE
50.5,-114.5,TRUE
50.5,-114.25,TRUE
50.5,-114,TRUE
50.5,-113.75,TRUE
50.5,-113.5,TRUE
50.5,-113.25,TRUE
50.5,-113,TRUE
50.5,-112.75,TRUE
50.5,-112.5,TRUE
50.5,-112.25,TRUE
50.5,-112,TRUE
50.5,-111.75,TRUE
50.5,-111.5,TRUE
50.5,-111.25,TRUE
50.5,-111,TRUE
50.5,-110.75,TRUE
50.5,-110.5,TRUE
50.5,-110.25,TRUE
50.5,-110,TRUE
50.5,-109.75,TRUE
50.5,-109.5,TRUE
50.5,-109.25,TRUE
50.5,-109,TRUE
50.5,-108.75,TRUE
50.5,-108.5,TRUE
50.5,-108.25,TRUE
50.5,-108,TRUE
50.5,-107.75,TRUE
50.5,-107.5,TRUE
50.5,-107.25,TRUE
50.5,-107,TRUE
50.5,-106.75,TRUE
50.5,-106.5,TRUE
50.5,-106.25,TRUE
50.5,-106,TRUE
50.5,-105.75,TRUE
50.5,-105.5,TRUE
50.5,-105.25,TRUE
50.5,-105,TRUE
50.5,-104.75,TRUE
50.5,-104.5,TRUE
50.5,-104.25,TRUE
50.5,-104,TRUE
50.75,-128,TRUE
50.75,-127.75,TRUE
50.75,-127.5,TRUE
50.75,-127,TRUE
50.75,-126.75,TRUE
50.75,-126.5,TRUE
50.75,-126.25,TRUE
50.75,-126,TRUE
50.75,-125.75,TRUE
50.75,-125.5,TRUE
50.75,-125.25,TRUE
50.75,-125,TRUE
50.75,-124.75,TRUE
50.75,-124.5,TRUE
50.75,-124.25,TRUE
50.75,-124,TRUE
50.75,-123.75,TRUE
50.75,-123.5,TRUE
50.75,-123.25,TRUE
50.75,-123,TRUE
50.75,-122.75,TRUE
50.75,-122.5,TRUE
50.75,-122.25,TRUE
50.75,-122,TRUE
50.75,-121.75,TRUE
50.75,-121.5,TRUE
50.75,-121.25,TRUE
50.75,-121,TRUE
50.75,-120.75,TRUE
50.75,-120.5,TRUE
50.75,-120.25,TRUE
50.75,-120,TRUE
50.75,-119.75,TRUE
50.75,-119.5,TRUE
50.75,-119.25,TRUE
50.75,-119,TRUE
50.75,-118.75,TRUE
50.75,-118.5,TRUE
50.75,-118.25,TRUE
50.75,-118,TRUE
50.75,-117.75,TRUE
50.75,-117.5,TRUE
50.75,-117.25,TRUE
50.75,-117,TRUE
50.75,-116.75,TRUE
50.75,-116.5,TRUE
50.75,-116.25,TRUE
50.75,-116,TRUE
50.75,-115.75,TRUE
50.75,-115.5,TRUE
50.75,-115.25,TRUE
50.75,-115,TRUE
50.75,-114.75,TRUE
50.75,-114.5,TRUE
50.75,-114.25,TRUE
50.75,-114,TRUE
50.75,-113.75,TRUE
50.75,-113.5,TRUE
50.75,-113.25,TRUE
50.75,-113,TRUE
50.75,-112.75,TRUE
50.75,-112.5,TRUE
50.75,-112.25,TRUE
50.75,-112,TRUE
50.75,-111.75,TRUE
50.75,-111.5,TRUE
50.75,-111.25,TRUE
50.75,-111,TRUE
50.75,-110.75,TRUE
50.75,-110.5,TRUE
50.75,-110.25,TRUE
50.75,-110,TRUE
50.75,-109.75,TRUE
50.75,-109.5,TRUE
50.75,-109.25,TRUE
50.75,-109,TRUE
50.75,-108.75,TRUE
50.75,-108.5,TRUE
50.75,-108.25,TRUE
50.75,-108,TRUE
50.75,-107.75,TRUE
50.75,-107.5,TRUE
50.75,-107.25,TRUE
50.75,-107,TRUE
50.75,-106.75,TRUE
50.75,-106.5,TRUE
50.75,-106.25,TRUE
50.75,-106,TRUE
50.75,-105.75,TRUE
50.75,-105.5,TRUE
50.75,-105.25,TRUE
50.75,-105,TRUE
50.75,-104.75,TRUE
50.75,-104.5,TRUE
50.75,-104.25,TRUE
50.75,-104,TRUE
51,-128,TRUE
51,-127.5,TRUE
51,-127.25,TRUE
51,-127,TRUE
51,-126.75,TRUE
51,-126.5,TRUE
51,-126.25,TRUE
51,-126,TRUE
51,-125.75,TRUE
51,-125.5,TRUE
51,-125.25,TRUE
51,-125,TRUE
51,-124.75,TRUE
51,-124.5,TRUE
51,-124.25,TRUE
51,-124,TRUE
51,-123.75,TRUE
51,-123.5,TRUE
51,-123.25,TRUE
51,-123,TRUE
51,-122.75,TRUE
51,-122.5,TRUE
51,-122.25,TRUE
51,-122,TRUE
51,-121.75,TRUE
51,-121.5,TRUE
51,-121.25,TRUE
51,-121,TRUE
51,-120.75,TRUE
51,-120.5,TRUE
51,-120.25,TRUE
51,-120,TRUE
51,-119.75,TRUE
51,-119.5,TRUE
51,-119.25,TRUE
51,-119,TRUE
51,-118.75,TRUE
51,-118.5,TRUE
51,-118.25,TRUE
51,-118,TRUE
51,-117.75,TRUE
51,-117.5,TRUE
51,-117.25,TRUE
51,-117,TRUE
51,-116.75,TRUE
51,-116.5,TRUE
51,-116.25,TRUE
51,-116,TRUE
51,-115.75,TRUE
51,-115.5,TRUE
51,-115.25,TRUE
51,-115,TRUE
51,-114.75,TRUE
51,-114.5,TRUE
51,-114.25,TRUE
51,-114,TRUE
51,-113.75,TRUE
51,-113.5,TRUE
51,-113.25,TRUE
51,-113,TRUE
51,-112.75,TRUE
51,-112.5,TRUE
51,-112.25,TRUE
51,-112,TRUE
51,-111.75,TRUE
51,-111.5,TRUE
51,-111.25,TRUE
51,-111,TRUE
51,-110.75,TRUE
51,-110.5,TRUE
51,-110.25,TRUE
51,-110,TRUE
51,-109.75,TRUE
51,-109.5,TRUE
51,-109.25,TRUE
51,-109,TRUE
51,-108.75,TRUE
51,-108.5,TRUE
51,-108.25,TRUE
51,-108,TRUE
51,-107.75,TRUE
51,-107.5,TRUE
51,-107.25,TRUE
51,-107,TRUE
51,-106.75,TRUE
51,-106.5,TRUE
51,-106.25,TRUE
51,-106,TRUE
51,-105.75,TRUE
51,-105.5,TRUE
51,-105.25,TRUE
51,-105,TRUE
51,-104.75,TRUE
51,-104.5,TRUE
51,-104.25,TRUE
51,-104,TRUE
51.25,-127.75,TRUE
51.25,-127.5,TRUE
51.25,-127.25,TRUE
51.25,-127,TRUE
51.25,-126.75,TRUE
51.25,-126.5,TRUE
51.25,-126.25,TRUE
51.25,-126,TRUE
51.25,-125.75,TRUE
51.25,-125.5,TRUE
51.25,-125.25,TRUE
51.25,-125,TRUE
51.25,-124.75,TRUE
51.25,-124.5,TRUE
51.25,-124.25,TRUE
51.25,-124,TRUE
51.25,-123.75,TRUE
51.25,-123.5,TRUE
51.25,-123.25,TRUE
51.25,-123,TRUE
51.25,-122.75,TRUE
51.25,-122.5,TRUE
51.25,-122.25,TRUE
51.25,-122,TRUE
51.25,-121.75,TRUE
51.25,-121.5,TRUE
51.25,-121.25,TRUE
51.25,-121,TRUE
51.25,-120.75,TRUE
51.25,-120.5,TRUE
51.25,-120.25,TRUE
51.25,-120,TRUE
51.25,-119.75,TRUE
51.25,-119.5,TRUE
51.25,-119.25,TRUE
51.25,-119,TRUE
51.25,-118.75,TRUE
51.25,-118.5,TRUE
51.25,-118.25,TRUE
51.25,-118,TRUE
51.25,-117.75,TRUE
51.25,-117.5,TRUE
51.25,-117.25,TRUE
51.25,-117,TRUE
51.25,-116.75,TRUE
51.25,-116.5,TRUE
51.25,-116.25,TRUE
51.25,-116,TRUE
51.25,-115.75,TRUE
51.25,-115.5,TRUE
51.25,-115.25,TRUE
51.25,-115,TRUE
51.25,-114.75,TRUE
51.25,-114.5,TRUE
51.25,-114.25,TRUE
51.25,-114,TRUE
51.25,-113.75,TRUE
51.25,-113.5,TRUE
51.25,-113.25,TRUE
51.25,-113,TRUE
51.25,-112.75,TRUE
51.25,-112.5,TRUE
51.25,-112.25,TRUE
51.25,-112,TRUE
51.25,-111.75,TRUE
51.25,-111.5,TRUE
51.25,-111.25,TRUE
51.25,-111,TRUE
51.25,-110.75,TRUE
51.25,-110.5,TRUE
51.25,-110.25,TRUE
51.25,-110,TRUE
51.25,-109.75,TRUE
51.25,-109.5,TRUE
51.25,-109.25,TRUE
51.25,-109,TRUE
51.25,-108.75,TRUE
51.25,-108.5,TRUE
51.25,-108.25,TRUE
51.25,-108,TRUE
51.25,-107.75,TRUE
51.25,-107.5,TRUE
51.25,-107.25,TRUE
51.25,-107,TRUE
51.25,-106.75,TRUE
51.25,-106.5,TRUE
51.25,-106.25,TRUE
51.25,-106,TRUE
51.25,-105.75,TRUE
51.25,-105.5,TRUE
51.25,-105.25,TRUE
51.25,-105,TRUE
51.25,-104.75,TRUE
51.25,-104.5,TRUE
51.25,-104.25,TRUE
51.25,-104,TRUE
51.5,-128,TRUE
51.5,-127.75,TRUE
51.5,-127.5,TRUE
51.5,-127.25,TRUE
51.5,-127,TRUE
51.5,-126.75,TRUE
51.5,-126.5,TRUE
51.5,-126.25,TRUE
51.5,-126,TRUE
51.5,-125.75,TRUE
51.5,-125.5,TRUE
51.5,-125.25,TRUE
51.5,-125,TRUE
51.5,-124.75,TRUE
51.5,-124.5,TRUE
51.5,-124.25,TRUE
51.5,-124,TRUE
51.5,-123.75,TRUE
51.5,-123.5,TRUE
51.5,-123.25,TRUE
51.5,-123,TRUE
51.5,-122.75,TRUE
51.5,-122.5,TRUE
51.5,-122.25,TRUE
51.5,-122,TRUE
51.5,-121.75,TRUE
51.5,-121.5,TRUE
51.5,-121.25,TRUE
51.5,-121,TRUE
51.5,-120.75,TRUE
51.5,-120.5,TRUE
51.5,-120.25,TRUE
51.5,-120,TRUE
51.5,-119.75,TRUE
51.5,-119.5,TRUE
51.5,-119.25,TRUE
51.5,-119,TRUE
51.5,-118.75,TRUE
51.5,-118.5,TRUE
51.5,-118.25,TRUE
51.5,-118,TRUE
51.5,-117.75,TRUE
51.5,-117.5,TRUE
51.5,-117.25,TRUE
51.5,-117,TRUE
51.5,-116.75,TRUE
51.5,-116.5,TRUE
51.5,-116.25,TRUE
51.5,-116,TRUE
51.5,-115.75,TRUE
51.5,-115.5,TRUE
51.5,-115.25,TRUE
51.5,-115,TRUE
51.5,-114.75,TRUE
51.5,-114.5,TRUE
51.5,-114.25,TRUE
51.5,-114,TRUE
51.5,-113.75,TRUE
51.5,-113.5,TRUE
51.5,-113.25,TRUE
51.5,-113,TRUE
51.5,-112.75,TRUE
51.5,-112.5,TRUE
51.5,-112.25,TRUE
51.5,-112,TRUE
51.5,-111.75,TRUE
51.5,-111.5,TRUE
51.5,-111.25,TRUE
51.5,-111,TRUE
51.5,-110.75,TRUE
51.5,-110.5,TRUE
51.5,-110.25,TRUE
51.5,-110,TRUE
51.5,-109.75,TRUE
51.5,-109.5,TRUE
51.5,-109.25,TRUE
51.5,-109,TRUE
51.5,-108.75,TRUE
51.5,-108.5,TRUE
51.5,-108.25,TRUE
51.5,-108,TRUE
51.5,-107.75,TRUE
51.5,-107.5,TRUE
51.5,-107.25,TRUE
51.5,-107,TRUE
51.5,-106.75,TRUE
51.5,-106.5,TRUE
51.5,-106.25,TRUE
51.5,-106,TRUE
51.5,-105.75,TRUE
51.5,-105.5,TRUE
51.5,-105.25,TRUE
51.5,-105,TRUE
51.5,-104.75,TRUE
51.5,-104.5,TRUE
51.5,-104.25,TRUE
51.5,-104,TRUE
51.75,-128,TRUE
51.75,-127.75,TRUE
51.75,-127.5,TRUE
51.75,-127.25,TRUE
51.75,-127,TRUE
51.75,-126.75,TRUE
51.75,-126.5,TRUE
51.75,-126.25,TRUE
51.75,-126,TRUE
51.75,-125.75,TRUE
51.75,-125.5,TRUE
51.75,-125.25,TRUE
51.75,-125,TRUE
51.75,-124.75,TRUE
51.75,-124.5,TRUE
51.75,-124.25,TRUE
51.75,-124,TRUE
51.75,-123.75,TRUE
51.75,-123.5,TRUE
51.75,-123.25,TRUE
51.75,-123,TRUE
51.75,-122.75,TRUE
51.75,-122.5,TRUE
51.75,-122.25,TRUE
51.75,-122,TRUE
51.75,-121.75,TRUE
51.75,-121.5,TRUE
51.75,-121.25,TRUE
51.75,-121,TRUE
51.75,-120.75,TRUE
51.75,-120.5,TRUE
51.75,-120.25,TRUE
51.75,-120,TRUE
51.75,-119.75,TRUE
51.75,-119.5,TRUE
51.75,-119.25,TRUE
51.75,-119,TRUE
51.75,-118.75,TRUE
51.75,-118.5,TRUE
51.75,-118.25,TRUE
51.75,-118,TRUE
51.75,-117.75,TRUE
51.75,-117.5,TRUE
51.75,-117.25,TRUE
51.75,-117,TRUE
51.75,-116.75,TRUE
51.75,-116.5,TRUE
51.75,-116.25,TRUE
51.75,-116,TRUE
51.75,-115.75,TRUE
51.75,-115.5,TRUE
51.75,-115.25,TRUE
51.75,-115,TRUE
51.75,-114.75,TRUE
51.75,-114.5,TRUE
51.75,-114.25,TRUE
51.75,-114,TRUE
51.75,-113.75,TRUE
51.75,-113.5,TRUE
51.75,-113.25,TRUE
51.75,-113,TRUE
51.75,-112.75,TRUE
51.75,-112.5,TRUE
51.75,-112.25,TRUE
51.75,-112,TRUE
51.75,-111.75,TRUE
51.75,-111.5,TRUE
51.75,-111.25,TRUE
51.75,-111,TRUE
51.75,-110.75,TRUE
51.75,-110.5,TRUE
51.75,-110.25,TRUE
51.75,-110,TRUE
51.75,-109.75,TRUE
51.75,-109.5,TRUE
51.75,-109.25,TRUE
51.75,-109,TRUE
51.75,-108.75,TRUE
51.75,-108.5,TRUE
51.75,-108.25,TRUE
51.75,-108,TRUE
51.75,-107.75,TRUE
51.75,-107.5,TRUE
51.75,-107.25,TRUE
51.75,-107,TRUE
51.75,-106.75,TRUE
51.75,-106.5,TRUE
51.75,-106.25,TRUE
51.75,-106,TRUE
51.75,-105.75,TRUE
51.75,-105.5,TRUE
51.75,-105.25,TRUE
51.75,-105,TRUE
51.75,-104.75,TRUE
51.75,-104.5,TRUE
51.75,-104.25,TRUE
51.75,-104,TRUE
52,-128,TRUE
52,-127.75,TRUE
52,-127.5,TRUE
52,-127.25,TRUE
52,-127,TRUE
52,-126.75,TRUE
52,-126.5,TRUE
52,-126.25,TRUE
52,-126,TRUE
52,-125.75,TRUE
52,-125.5,TRUE
52,-125.25,TRUE
52,-125,TRUE
52,-124.75,TRUE
52,-124.5,TRUE
52,-124.25,TRUE
52,-124,TRUE
52,-123.75,TRUE
52,-123.5,TRUE
52,-123.25,TRUE
52,-123,TRUE
52,-122.75,TRUE
52,-122.5,TRUE
52,-122.25,TRUE
52,-122,TRUE
52,-121.75,TRUE
52,-121.5,TRUE
52,-121.25,TRUE
52,-121,TRUE
52,-120.75,TRUE
52,-120.5,TRUE
52,-120.25,TRUE
52,-120,TRUE
52,-119.75,TRUE
52,-119.5,TRUE
52,-119.25,TRUE
52,-119,TRUE
52,-118.75,TRUE
52,-118.5,TRUE
52,-118.25,TRUE
52,-118,TRUE
52,-117.75,TRUE
52,-117.5,TRUE
52,-117.25,TRUE
52,-117,TRUE
52,-116.75,TRUE
52,-116.5,TRUE
52,-116.25,TRUE
52,-116,TRUE
52,-115.75,TRUE
52,-115.5,TRUE
52,-115.25,TRUE
52,-115,TRUE
52,-114.75,TRUE
52,-114.5,TRUE
52,-114.25,TRUE
52,-114,TRUE
52,-113.75,TRUE
52,-113.5,TRUE
52,-113.25,TRUE
52,-113,TRUE
52,-112.75,TRUE
52,-112.5,TRUE
52,-112.25,TRUE
52,-112,TRUE
52,-111.75,TRUE
52,-111.5,TRUE
52,-111.25,TRUE
52,-111,TRUE
52,-110.75,TRUE
52,-110.5,TRUE
52,-110.25,TRUE
52,-110,TRUE
52,-109.75,TRUE
52,-109.5,TRUE
52,-109.25,TRUE
52,-109,TRUE
52,-108.75,TRUE
52,-108.5,TRUE
52,-108.25,TRUE
52,-108,TRUE
52,-107.75,TRUE
52,-107.5,TRUE
52,-107.25,TRUE
52,-107,TRUE
52,-106.75,TRUE
52,-106.5,TRUE
52,-106.25,TRUE
52,-106,TRUE
52,-105.75,TRUE
52,-105.5,TRUE
52,-105.25,TRUE
52,-105,TRUE
52,-104.75,TRUE
52,-104.5,TRUE
52,-104.25,TRUE
52,-104,TRUE
52.25,-128,TRUE
52.25,-127.75,TRUE
52.25,-127.5,TRUE
52.25,-127.25,TRUE
52.25,-127,TRUE
52.25,-126.75,TRUE
52.25,-126.5,TRUE
52.25,-126.25,TRUE
52.25,-126,TRUE
52.25,-125.75,TRUE
52.25,-125.5,TRUE
52.25,-125.25,TRUE
52.25,-125,TRUE
52.25,-124.75,TRUE
52.25,-124.5,TRUE
52.25,-124.25,TRUE
52.25,-124,TRUE
52.25,-123.75,TRUE
52.25,-123.5,TRUE
52.25,-123.25,TRUE
52.25,-123,TRUE
52.25,-122.75,TRUE
52.25,-122.5,TRUE
52.25,-122.25,TRUE
52.25,-122,TRUE
52.25,-121.75,TRUE
52.25,-121.5,TRUE
52.25,-121.25,TRUE
52.25,-121,TRUE
52.25,-120.75,TRUE
52.25,-120.5,TRUE
52.25,-120.25,TRUE
52.25,-120,TRUE
52.25,-119.75,TRUE
52.25,-119.5,TRUE
52.25,-119.25,TRUE
52.25,-119,TRUE
52.25,-118.75,TRUE
52.25,-118.5,TRUE
52.25,-118.25,TRUE
52.25,-118,TRUE
52.25,-117.75,TRUE
52.25,-117.5,TRUE
52.25,-117.25,TRUE
52.25,-117,TRUE
52.25,-116.75,TRUE
52.25,-116.5,TRUE
52.25,-116.25,TRUE
52.25,-116,TRUE
52.25,-115.75,TRUE
52.25,-115.5,TRUE
52.25,-115.25,TRUE
52.25,-115,TRUE
52.25,-114.75,TRUE
52.25,-114.5,TRUE
52.25,-114.25,TRUE
52.25,-114,TRUE
52.25,-113.75,TRUE
52.25,-113.5,TRUE
52.25,-113.25,TRUE
52.25,-113,TRUE
52.25,-112.75,TRUE
52.25,-112.5,TRUE
52.25,-112.25,TRUE
52.25,-112,TRUE
52.25,-111.75,TRUE
52.25,-111.5,TRUE
52.25,-111.25,TRUE
52.25,-111,TRUE
52.25,-110.75,TRUE
52.25,-110.5,TRUE
52.25,-110.25,TRUE
52.25,-110,TRUE
52.25,-109.75,TRUE
52.25,-109.5,TRUE
52.25,-109.25,TRUE
52.25,-109,TRUE
52.25,-108.75,TRUE
52.25,-108.5,TRUE
52.25,-108.25,TRUE
52.25,-108,TRUE
52.25,-107.75,TRUE
52.25,-107.5,TRUE
52.25,-107.25,TRUE
52.25,-107,TRUE
52.25,-106.75,TRUE
52.25,-106.5,TRUE
52.25,-106.25,TRUE
52.25,-106,TRUE
52.25,-105.75,TRUE
52.25,-105.5,TRUE
52.25,-105.25,TRUE
52.25,-105,TRUE
52.25,-104.75,TRUE
52.25,-104.5,TRUE
52.25,-104.25,TRUE
52.25,-104,TRUE
52.5,-128,TRUE
52.5,-127.75,TRUE
52.5,-127.5,TRUE
52.5,-127.25,TRUE
52.5,-127,TRUE
52.5,-126.75,TRUE
52.5,-126.5,TRUE
52.5,-126.25,TRUE
52.5,-126,TRUE
52.5,-125.75,TRUE
52.5,-125.5,TRUE
52.5,-125.25,TRUE
52.5,-125,TRUE
52.5,-124.75,TRUE
52.5,-124.5,TRUE
52.5,-124.25,TRUE
52.5,-124,TRUE
52.5,-123.75,TRUE
52.5,-123.5,TRUE
52.5,-123.25,TRUE
52.5,-123,TRUE
52.5,-122.75,TRUE
52.5,-122.5,TRUE
52.5,-122.25,TRUE
52.5,-122,TRUE
52.5,-121.75,TRUE
52.5,-121.5,TRUE
52.5,-121.25,TRUE
52.5,-121,TRUE
52.5,-120.75,TRUE
52.5,-120.5,TRUE
52.5,-120.25,TRUE
52.5,-120,TRUE
52.5,-119.75,TRUE
52.5,-119.5,TRUE
52.5,-119.25,TRUE
52.5,-119,TRUE
52.5,-118.75,TRUE
52.5,-118.5,TRUE
52.5,-118.25,TRUE
52.5,-118,TRUE
52.5,-117.75,TRUE
52.5,-117.5,TRUE
52.5,-117.25,TRUE
52.5,-117,TRUE
52.5,-116.75,TRUE
52.5,-116.5,TRUE
52.5,-116.25,TRUE
52.5,-116,TRUE
52.5,-115.75,TRUE
52.5,-115.5,TRUE
52.5,-115.25,TRUE
52.5,-115,TRUE
52.5,-114.75,TRUE
52.5,-114.5,TRUE
52.5,-114.25,TRUE
52.5,-114,TRUE
52.5,-113.75,TRUE
52.5,-113.5,TRUE
52.5,-113.25,TRUE
52.5,-113,TRUE
52.5,-112.75,TRUE
52.5,-112.5,TRUE
52.5,-112.25,TRUE
52.5,-112,TRUE
52.5,-111.75,TRUE
52.5,-111.5,TRUE
52.5,-111.25,TRUE
52.5,-111,TRUE
52.5,-110.75,TRUE
52.5,-110.5,TRUE
52.5,-110.25,TRUE
52.5,-110,TRUE
52.5,-109.75,TRUE
52.5,-109.5,TRUE
52.5,-109.25,TRUE
52.5,-109,TRUE
52.5,-108.75,TRUE
52.5,-108.5,TRUE
52.5,-108.25,TRUE
52.5,-108,TRUE
52.5,-107.75,TRUE
52.5,-107.5,TRUE
52.5,-107.25,TRUE
52.5,-107,TRUE
52.5,-106.75,TRUE
52.5,-106.5,TRUE
52.5,-106.25,TRUE
52.5,-106,TRUE
52.5,-105.75,TRUE
52.5,-105.5,TRUE
52.5,-105.25,TRUE
52.5,-105,TRUE
52.5,-104.75,TRUE
52.5,-104.5,TRUE
52.5,-104.25,TRUE
52.5,-104,TRUE
52.75,-128,TRUE
52.75,-127.75,TRUE
52.75,-127.5,TRUE
52.75,-127.25,TRUE
52.75,-127,TRUE
52.75,-126.75,TRUE
52.75,-126.5,TRUE
52.75,-126.25,TRUE
52.75,-126,TRUE
52.75,-125.75,TRUE
52.75,-125.5,TRUE
52.75,-125.25,TRUE
52.75,-125,TRUE
52.75,-124.75,TRUE
52.75,-124.5,TRUE
52.75,-124.25,TRUE
52.75,-124,TRUE
52.75,-123.75,TRUE
52.75,-123.5,TRUE
52.75,-123.25,TRUE
52.75,-123,TRUE
52.75,-122.75,TRUE
52.75,-122.5,TRUE
52.75,-122.25,TRUE
52.75,-122,TRUE
52.75,-121.75,TRUE
52.75,-121.5,TRUE
52.75,-121.25,TRUE
52.75,-121,TRUE
52.75,-120.75,TRUE
52.75,-120.5,TRUE
52.75,-120.25,TRUE
52.75,-120,TRUE
52.75,-119.75,TRUE
52.75,-119.5,TRUE
52.75,-119.25,TRUE
52.75,-119,TRUE
52.75,-118.75,TRUE
52.75,-118.5,TRUE
52.75,-118.25,TRUE
52.75,-118,TRUE
52.75,-117.75,TRUE
52.75,-117.5,TRUE
52.75,-117.25,TRUE
52.75,-117,TRUE
52.75,-116.75,TRUE
52.75,-116.5,TRUE
52.75,-116.25,TRUE
52.75,-116,TRUE
52.75,-115.75,TRUE
52.75,-115.5,TRUE
52.75,-115.25,TRUE
52.75,-115,TRUE
52.75,-114.75,TRUE
52.75,-114.5,TRUE
52.75,-114.25,TRUE
52.75,-114,TRUE
52.75,-113.75,TRUE
52.75,-113.5,TRUE
52.75,-113.25,TRUE
52.75,-113,TRUE
52.75,-112.75,TRUE
52.75,-112.5,TRUE
52.75,-112.25,TRUE
52.75,-112,TRUE
52.75,-111.75,TRUE
52.75,-111.5,TRUE
52.75,-111.25,TRUE
52.75,-111,TRUE
52.75,-110.75,TRUE
52.75,-110.5,TRUE
52.75,-110.25,TRUE
52.75,-110,TRUE
52.75,-109.75,TRUE
52.75,-109.5,TRUE
52.75,-109.25,TRUE
52.75,-109,TRUE
52.75,-108.75,TRUE
52.75,-108.5,TRUE
52.75,-108.25,TRUE
52.75,-108,TRUE
52.75,-107.75,TRUE
52.75,-107.5,TRUE
52.75,-107.25,TRUE
52.75,-107,TRUE
52.75,-106.75,TRUE
52.75,-106.5,TRUE
52.75,-106.25,TRUE
52.75,-106,TRUE
52.75,-105.75,TRUE
52.75,-105.5,TRUE
52.75,-105.25,TRUE
52.75,-105,TRUE
52.75,-104.75,TRUE
52.75,-104.5,TRUE
52.75,-104.25,TRUE
52.75,-104,TRUE
53,-128,TRUE
53,-127.75,TRUE
53,-127.5,TRUE
53,-127.25,TRUE
53,-127,TRUE
53,-126.75,TRUE
53,-126.5,TRUE
53,-126.25,TRUE
53,-126,TRUE
53,-125.75,TRUE
53,-125.5,TRUE
53,-125.25,TRUE
53,-125,TRUE
53,-124.75,TRUE
53,-124.5,TRUE
53,-124.25,TRUE
53,-124,TRUE
53,-123.75,TRUE
53,-123.5,TRUE
53,-123.25,TRUE
53,-123,TRUE
53,-122.75,TRUE
53,-122.5,TRUE
53,-122.25,TRUE
53,-122,TRUE
53,-121.75,TRUE
53,-121.5,TRUE
53,-121.25,TRUE
53,-121,TRUE
53,-120.75,TRUE
53,-120.5,TRUE
53,-120.25,TRUE
53,-120,TRUE
53,-119.75,TRUE
53,-119.5,TRUE
53,-119.25,TRUE
53,-119,TRUE
53,-118.75,TRUE
53,-118.5,TRUE
53,-118.25,TRUE
53,-118,TRUE
53,-117.75,TRUE
53,-117.5,TRUE
53,-117.25,TRUE
53,-117,TRUE
53,-116.75,TRUE
53,-116.5,TRUE
53,-116.25,TRUE
53,-116,TRUE
53,-115.75,TRUE
53,-115.5,TRUE
53,-115.25,TRUE
53,-115,TRUE
53,-114.75,TRUE
53,-114.5,TRUE
53,-114.25,TRUE
53,-114,TRUE
53,-113.75,TRUE
53,-113.5,TRUE
53,-113.25,TRUE
53,-113,TRUE
53,-112.75,TRUE
53,-112.5,TRUE
53,-112.25,TRUE
53,-112,TRUE
53,-111.75,TRUE
53,-111.5,TRUE
53,-111.25,TRUE
53,-111,TRUE
53,-110.75,TRUE
53,-110.5,TRUE
53,-110.25,TRUE
53,-110,TRUE
53,-109.75,TRUE
53,-109.5,TRUE
53,-109.25,TRUE
53,-109,TRUE
53,-108.75,TRUE
53,-108.5,TRUE
53,-108.25,TRUE
53,-108,TRUE
53,-107.75,TRUE
53,-107.5,TRUE
53,-107.25,TRUE
53,-107,TRUE
53,-106.75,TRUE
53,-106.5,TRUE
53,-106.25,TRUE
53,-106,TRUE
53,-105.75,TRUE
53,-105.5,TRUE
53,-105.25,TRUE
53,-105,TRUE
53,-104.75,TRUE
53,-104.5,TRUE
53,-104.25,TRUE
53,-104,TRUE
53.25,-128,TRUE
53.25,-127.75,TRUE
53.25,-127.5,TRUE
53.25,-127.25,TRUE
53.25,-127,TRUE
53.25,-126.75,TRUE
53.25,-126.5,TRUE
53.25,-126.25,TRUE
53.25,-126,TRUE
53.25,-125.75,TRUE
53.25,-125.5,TRUE
53.25,-125.25,TRUE
53.25,-125,TRUE
53.25,-124.75,TRUE
53.25,-124.5,TRUE
53.25,-124.25,TRUE
53.25,-124,TRUE
53.25,-123.75,TRUE
53.25,-123.5,TRUE
53.25,-123.25,TRUE
53.25,-123,TRUE
53.25,-122.75,TRUE
53.25,-122.5,TRUE
53.25,-122.25,TRUE
53.25,-122,TRUE
53.25,-121.75,TRUE
53.25,-121.5,TRUE
53.25,-121.25,TRUE
53.25,-121,TRUE
53.25,-120.75,TRUE
53.25,-120.5,TRUE
53.25,-120.25,TRUE
53.25,-120,TRUE
53.25,-119.75,TRUE
53.25,-119.5,TRUE
53.25,-119.25,TRUE
53.25,-119,TRUE
53.25,-118.75,TRUE
53.25,-118.5,TRUE
53.25,-118.25,TRUE
53.25,-118,TRUE
53.25,-117.75,TRUE
53.25,-117.5,TRUE
53.25,-117.25,TRUE
53.25,-117,TRUE
53.25,-116.75,TRUE
53.25,-116.5,TRUE
53.25,-116.25,TRUE
53.25,-116,TRUE
53.25,-115.75,TRUE
53.25,-115.5,TRUE
53.25,-115.25,TRUE
53.25,-115,TRUE
53.25,-114.75,TRUE
53.25,-114.5,TRUE
53.25,-114.25,TRUE
53.25,-114,TRUE
53.25,-113.75,TRUE
53.25,-113.5,TRUE
53.25,-113.25,TRUE
53.25,-113,TRUE
53.25,-112.75,TRUE
53.25,-112.5,TRUE
53.25,-112.25,TRUE
53.25,-112,TRUE
53.25,-111.75,TRUE
53.25,-111.5,TRUE
53.25,-111.25,TRUE
53.25,-111,TRUE
53.25,-110.75,TRUE
53.25,-110.5,TRUE
53.25,-110.25,TRUE
53.25,-110,TRUE
53.25,-109.75,TRUE
53.25,-109.5,TRUE
53.25,-109.25,TRUE
53.25,-109,TRUE
53.25,-108.75,TRUE
53.25,-108.5,TRUE
53.25,-108.25,TRUE
53.25,-108,TRUE
53.25,-107.75,TRUE
53.25,-107.5,TRUE
53.25,-107.25,TRUE
53.25,-107,TRUE
53.25,-106.75,TRUE
53.25,-106.5,TRUE
53.25,-106.25,TRUE
53.25,-106,TRUE
53.25,-105.75,TRUE
53.25,-105.5,TRUE
53.25,-105.25,TRUE
53.25,-105,TRUE
53.25,-104.75,TRUE
53.25,-104.5,TRUE
53.25,-104.25,TRUE
53.25,-104,TRUE
53.5,-128,TRUE
53.5,-127.75,TRUE
53.5,-127.5,TRUE
53.5,-127.25,TRUE
53.5,-127,TRUE
53.5,-126.75,TRUE
53.5,-126.5,TRUE
53.5,-126.25,TRUE
53.5,-126,TRUE
53.5,-125.75,TRUE
53.5,-125.5,TRUE
53.5,-125.25,TRUE
53.5,-125,TRUE
53.5,-124.75,TRUE
53.5,-124.5,TRUE
53.5,-124.25,TRUE
53.5,-124,TRUE
53.5,-123.75,TRUE
53.5,-123.5,TRUE
53.5,-123.25,TRUE
53.5,-123,TRUE
53.5,-122.75,TRUE
53.5,-122.5,TRUE
53.5,-122.25,TRUE
53.5,-122,TRUE
53.5,-121.75,TRUE
53.5,-121.5,TRUE
53.5,-121.25,TRUE
53.5,-121,TRUE
53.5,-120.75,TRUE
53.5,-120.5,TRUE
53.5,-120.25,TRUE
53.5,-120,TRUE
53.5,-119.75,TRUE
53.5,-119.5,TRUE
53.5,-119.25,TRUE
53.5,-119,TRUE
53.5,-118.75,TRUE
53.5,-118.5,TRUE
53.5,-118.25,TRUE
53.5,-118,TRUE
53.5,-117.75,TRUE
53.5,-117.5,TRUE
53.5,-117.25,TRUE
53.5,-117,TRUE
53.5,-116.75,TRUE
53.5,-116.5,TRUE
53.5,-116.25,TRUE
53.5,-116,TRUE
53.5,-115.75,TRUE
53.5,-115.5,TRUE
53.5,-115.25,TRUE
53.5,-115,TRUE
53.5,-114.75,TRUE
53.5,-114.5,TRUE
53.5,-114.25,TRUE
53.5,-114,TRUE
53.5,-113.75,TRUE
53.5,-113.5,TRUE
53.5,-113.25,TRUE
53.5,-113,TRUE
53.5,-112.75,TRUE
53.5,-112.5,TRUE
53.5,-112.25,TRUE
53.5,-112,TRUE
53.5,-111.75,TRUE
53.5,-111.5,TRUE
53.5,-111.25,TRUE
53.5,-111,TRUE
53.5,-110.75,TRUE
53.5,-110.5,TRUE
53.5,-110.25,TRUE
53.5,-110,TRUE
53.5,-109.75,TRUE
53.5,-109.5,TRUE
53.5,-109.25,TRUE
53.5,-109,TRUE
53.5,-108.75,TRUE
53.5,-108.5,TRUE
53.5,-108.25,TRUE
53.5,-108,TRUE
53.5,-107.75,TRUE
53.5,-107.5,TRUE
53.5,-107.25,TRUE
53.5,-107,TRUE
53.5,-106.75,TRUE
53.5,-106.5,TRUE
53.5,-106.25,TRUE
53.5,-106,TRUE
53.5,-105.75,TRUE
53.5,-105.5,TRUE
53.5,-105.25,TRUE
53.5,-105,TRUE
53.5,-104.75,TRUE
53.5,-104.5,TRUE
53.5,-104.25,TRUE
53.5,-104,TRUE
53.75,-128,TRUE
53.75,-127.75,TRUE
53.75,-127.5,TRUE
53.75,-127.25,TRUE
53.75,-127,TRUE
53.75,-126.75,TRUE
53.75,-126.5,TRUE
53.75,-126.25,TRUE
53.75,-126,TRUE
53.75,-125.75,TRUE
53.75,-125.5,TRUE
53.75,-125.25,TRUE
53.75,-125,TRUE
53.75,-124.75,TRUE
53.75,-124.5,TRUE
53.75,-124.25,TRUE
53.75,-124,TRUE
53.75,-123.75,TRUE
53.75,-123.5,TRUE
53.75,-123.25,TRUE
53.75,-123,TRUE
53.75,-122.75,TRUE
53.75,-122.5,TRUE
53.75,-122.25,TRUE
53.75,-122,TRUE
53.75,-121.75,TRUE
53.75,-121.5,TRUE
53.75,-121.25,TRUE
53.75,-121,TRUE
53.75,-120.75,TRUE
53.75,-120.5,TRUE
53.75,-120.25,TRUE
53.75,-120,TRUE
53.75,-119.75,TRUE
53.75,-119.5,TRUE
53.75,-119.25,TRUE
53.75,-119,TRUE
53.75,-118.75,TRUE
53.75,-118.5,TRUE
53.75,-118.25,TRUE
53.75,-118,TRUE
53.75,-117.75,TRUE
53.75,-117.5,TRUE
53.75,-117.25,TRUE
53.75,-117,TRUE
53.75,-116.75,TRUE
53.75,-116.5,TRUE
53.75,-116.25,TRUE
53.75,-116,TRUE
53.75,-115.75,TRUE
53.75,-115.5,TRUE
53.75,-115.25,TRUE
53.75,-115,TRUE
53.75,-114.75,TRUE
53.75,-114.5,TRUE
53.75,-114.25,TRUE
53.75,-114,TRUE
53.75,-113.75,TRUE
53.75,-113.5,TRUE
53.75,-113.25,TRUE
53.75,-113,TRUE
53.75,-112.75,TRUE
53.75,-112.5,TRUE
53.75,-112.25,TRUE
53.75,-112,TRUE
53.75,-111.75,TRUE
53.75,-111.5,TRUE
53.75,-111.25,TRUE
53.75,-111,TRUE
53.75,-110.75,TRUE
53.75,-110.5,TRUE
53.75,-110.25,TRUE
53.75,-110,TRUE
53.75,-109.75,TRUE
53.75,-109.5,TRUE
53.75,-109.25,TRUE
53.75,-109,TRUE
53.75,-108.75,TRUE
53.75,-108.5,TRUE
53.75,-108.25,TRUE
53.75,-108,TRUE
53.75,-107.75,TRUE
53.75,-107.5,TRUE
53.75,-107.25,TRUE
53.75,-107,TRUE
53.75,-106.75,TRUE
53.75,-106.5,TRUE
53.75,-106.25,TRUE
53.75,-106,TRUE
53.75,-105.75,TRUE
53.75,-105.5,TRUE
53.75,-105.25,TRUE
53.75,-105,TRUE
53.75,-104.75,TRUE
53.75,-104.5,TRUE
53.75,-104.25,TRUE
53.75,-104,TRUE
54,-128,TRUE
54,-127.75,TRUE
54,-127.5,TRUE
54,-127.25,TRUE
54,-127,TRUE
54,-126.75,TRUE
54,-126.5,TRUE
54,-126.25,TRUE
54,-126,TRUE
54,-125.75,TRUE
54,-125.5,TRUE
54,-125.25,TRUE
54,-125,TRUE
54,-124.75,TRUE
54,-124.5,TRUE
54,-124.25,TRUE
54,-124,TRUE
54,-123.75,TRUE
54,-123.5,TRUE
54,-123.25,TRUE
54,-123,TRUE
54,-122.75,TRUE
54,-122.5,TRUE
54,-122.25,TRUE
54,-122,TRUE
54,-121.75,TRUE
54,-121.5,TRUE
54,-121.25,TRUE
54,-121,TRUE
54,-120.75,TRUE
54,-120.5,TRUE
54,-120.25,TRUE
54,-120,TRUE
54,-119.75,TRUE
54,-119.5,TRUE
54,-119.25,TRUE
54,-119,TRUE
54,-118.75,TRUE
54,-118.5,TRUE
54,-118.25,TRUE
54,-118,TRUE
54,-117.75,TRUE
54,-117.5,TRUE
54,-117.25,TRUE
54,-117,TRUE
54,-116.75,TRUE
54,-116.5,TRUE
54,-116.25,TRUE
54,-116,TRUE
54,-115.75,TRUE
54,-115.5,TRUE
54,-115.25,TRUE
54,-115,TRUE
54,-114.75,TRUE
54,-114.5,TRUE
54,-114.25,TRUE
54,-114,TRUE
54,-113.75,TRUE
54,-113.5,TRUE
54,-113.25,TRUE
54,-113,TRUE
54,-112.75,TRUE
54,-112.5,TRUE
54,-112.25,TRUE
54,-112,TRUE
54,-111.75,TRUE
54,-111.5,TRUE
54,-111.25,TRUE
54,-111,TRUE
54,-110.75,TRUE
54,-110.5,TRUE
54,-110.25,TRUE
54,-110,TRUE
54,-109.75,TRUE
54,-109.5,TRUE
54,-109.25,TRUE
54,-109,TRUE
54,-108.75,TRUE
54,-108.5,TRUE
54,-108.25,TRUE
54,-108,TRUE
54,-107.75,TRUE
54,-107.5,TRUE
54,-107.25,TRUE
54,-107,TRUE
54,-106.75,TRUE
54,-106.5,TRUE
54,-106.25,TRUE
54,-106,TRUE
54,-105.75,TRUE
54,-105.5,TRUE
54,-105.25,TRUE
54,-105,TRUE
54,-104.75,TRUE
54,-104.5,TRUE
54,-104.25,TRUE
54,-104,TRUE
