new_lat,new_lon,new_year,new_id,old_lat,old_lon,old_year,distm,diffyear,rate,old_id,p2
39.01303242224063,-120.48156230332248,1980,1,43.7432333036248,-119.74853432093256,1947,528902.1538902563,33,16027.337996674434,886,1947-1984
37.756814126962766,-119.80884915880111,2000,2,37.500782859422756,-119.62436511896664,1984,32752.307269220782,16,2047.019204326299,235,1985-2010
39.083,-114.327,2014,3,38.99943155097032,-114.24498195410554,1996,11683.005152163989,18,649.0558417868883,272,2011-2025
38.725056853959245,-104.84127231209773,2014,4,38.83480170804869,-104.90926047411422,1990,13539.763505283023,24,564.1568127201259,177,2011-2025
32.42616528345549,-110.74152743114641,1999,5,33.29108661131896,-110.8249030981037,1992,96238.39776080596,7,13748.342537257995,1228,1985-2010
36.74107210692616,-118.96182520739727,1998,6,36.70604,-118.815491,1986,13638.272227599888,12,1136.522685633324,2166,1985-2010
36.44799999999999,-118.564,2010,7,36.25377516466415,-118.67135027467765,1981,23608.32200307843,29,814.08006907167,80,1985-2010
35.203535688012586,-106.41663727188389,2000,8,37.3720437,-105.1058817,1986,267884.9317699048,14,19134.63798356463,2233,1985-2010
34.431686850560205,-111.16541876569063,2007,9,34.44249467131656,-111.26143820124938,1993,8906.107886222191,14,636.1505633015851,1425,1985-2010
34.21950188150977,-117.12674719674209,2016,10,34.243523396800704,-116.95027837901394,2010,16475.575155896662,6,2745.929192649444,1323,2011-2025
35.747351535160895,-105.83657462727919,2014,11,35.203535688012586,-106.41663727188389,2000,80073.96903441272,14,5719.5692167437655,8,2011-2025
35.81050006625212,-106.60299987407426,2017,12,35.853408645058074,-106.62953725017084,2012,5330.670962716027,5,1066.1341925432055,23,2011-2025
49.271000211431144,-124.15900269598491,2017,13,49.08000090810051,-123.8214941610161,2009,32508.718327836465,8,4063.589790979558,150,2011-2025
36.37150150425183,-105.04500134327246,2017,14,36.417,-105.104,2014,7314.7472283247635,3,2438.2490761082545,156,2011-2025
39.809999999999995,-120.46900000000001,2017,15,39.88937399999999,-120.56091000000002,1991,11812.673720359315,26,454.3336046292044,2270,2011-2025
40.56720146663441,-111.72479842464257,2016,16,41.52315363,-111.4749275,1991,108221.63411888127,25,4328.865364755251,1774,2011-2025
40.53021003502419,-121.56437439305755,2002,17,40.48021259677627,-121.5749429983102,1981,5623.738558425173,21,267.79707421072254,367,1985-2010
36.58299873215978,-118.74983816588988,1999,18,36.70604,-118.815491,1986,14862.710761669034,13,1143.2854432053102,2166,1985-2010
35.74100000000001,-105.42,2017,19,35.86449971510941,-105.23078585491302,2012,21915.07363015415,5,4383.01472603083,1385,2011-2025
31.422451736360838,-110.3170122333736,2008,20,32.75166000000001,-110.046944,1995,149582.29436478578,13,11506.330335752751,2318,1985-2010
44.35344504693042,-120.37727913555634,1987,21,43.8606351051261,-119.72827507829138,1947,75486.9416369564,40,1887.17354092391,888,1985-2010
35.13675618325736,-106.48584285244503,2017,22,35.203535688012586,-106.41663727188389,2000,9728.159037819696,17,572.2446492835115,8,2011-2025
35.853408645058074,-106.62953725017084,2012,23,35.203535688012586,-106.41663727188389,2000,74644.31110702327,12,6220.3592589186055,8,2011-2025
35.68460078091943,-105.94244112702398,2018,24,35.747351535160895,-105.83657462727919,2014,11842.329626737304,4,2960.582406684326,11,2011-2025
47.91,-116.70400000000001,2018,25,48.01736551058376,-117.25154796567936,1963,42596.55779587929,55,774.4828690159871,897,2011-2025
32.95176308046797,-105.74310501058507,2000,26,43.957273085377274,-119.017454283501,1947,1679504.7149063288,53,31688.76820577979,598,1985-2010
47.76848049907722,-114.09704956280507,2018,27,47.68420350645546,-114.05675465213967,1981,9845.865935814916,37,266.1044847517545,2170,2011-2025
43.91252343229075,-115.65705063339182,1992,28,43.709374712261386,-115.31776812016155,1983,35421.6987751226,9,3935.744308346955,741,1985-2010
47.877,-114.033,2018,29,47.77709196223296,-114.25871169117343,1979,20223.96639905149,39,518.5632410013202,1179,2011-2025
36.21356803907668,-118.68281433289752,2018,30,36.25377516466415,-118.67135027467765,1981,4578.999428351474,37,123.7567413067966,80,2011-2025
47.75500000000001,-114.18,2018,31,47.77709196223296,-114.25871169117343,1979,6391.254510788633,39,163.87832078945212,1179,2011-2025
35.974,-118.401,2018,32,35.95877456681185,-118.61145181669903,1998,19058.181615064146,20,952.9090807532073,86,2011-2025
38.02466688213805,-105.00349982257927,2018,33,37.3720437,-105.1058817,1986,72995.71945715082,32,2281.116233035963,2233,2011-2025
36.6342653904609,-118.8152541059109,1998,34,36.70604,-118.815491,1986,7964.962152484574,12,663.7468460403812,2166,1985-2010
34.164875598153905,-116.87708475649787,2017,35,34.22157308173654,-116.86979410795429,2009,6325.0195696904875,8,790.6274462113109,315,2011-2025
37.22650020597998,-119.2270002320587,2018,36,37.43702500000001,-119.48117000000002,1984,32454.712812656682,34,954.5503768428435,1799,2011-2025
42.48487666909273,-122.08407226054295,2018,37,42.54639,-122.10583000000001,1981,7063.166679525144,37,190.89639674392282,2320,2011-2025
49.252500107883485,-123.24200015192997,2018,38,48.33597901136478,-120.25533908356135,1947,241929.84742889117,71,3407.4626398435375,586,2011-2025
34.27,-116.85000000000001,2018,39,34.22157308173654,-116.86979410795429,2009,5672.87128472843,9,630.3190316364921,315,2011-2025
46.788,-113.72,2018,40,46.8097778856671,-113.94145567379346,1983,17078.586061087302,35,487.9596017453515,65,2011-2025
47.34341851118725,-120.68457305257495,2018,41,47.30443510870818,-120.72991087238543,1981,5525.451325991345,37,149.3365223240904,466,2011-2025
36.564190526021136,-118.64534912011798,2018,42,36.58299873215978,-118.74983816588988,1999,9582.480918576255,19,504.34110097769764,18,2011-2025
36.50400060088963,-118.81300201499634,2018,43,36.58299873215978,-118.74983816588988,1999,10432.470597472282,19,549.0773998669622,18,2011-2025
47.066612839260124,-114.27696273900577,1979,44,46.11889677676176,-117.33375420296046,1947,256823.99026771914,32,8025.749695866223,589,1947-1984
36.46640044080695,-118.65476344572085,2018,45,36.25377516466415,-118.67135027467765,1981,23641.02947069761,37,638.9467424512867,80,2011-2025
35.16140145666962,-106.39216486717056,2005,46,35.203535688012586,-106.41663727188389,2000,5178.807595720846,5,1035.7615191441691,8,1985-2010
39.338427627037646,-105.31087536584792,1988,47,39.30104736391463,-105.27000208883764,1986,5444.836420662707,2,2722.4182103313533,379,1985-2010
46.96156832557911,-114.04511892020248,1979,48,46.077133682354756,-117.30483637249861,1947,268736.6250536211,32,8398.019532925658,590,1947-1984
39.048209045567255,-120.12697597684554,2004,49,39.01303242224063,-120.48156230332248,1980,30950.627870619533,24,1289.6094946091473,1,1985-2010
49.20205627738054,-119.62293517923389,2009,50,48.9502661706318,-119.6138145525044,1973,28009.810573856048,36,778.0502937182235,954,1985-2010
49.15066464645894,-119.44526868534088,2009,51,48.93842694372315,-119.5006093972331,1972,23947.309544710053,37,647.2245822894608,934,1985-2010
38.834,-104.821,2015,52,38.83480170804869,-104.90926047411422,1990,7663.9939035741345,25,306.5597561429654,177,2011-2025
49.31909328907343,-124.27714718170613,2019,53,49.08000090810051,-123.8214941610161,2009,42541.45667927944,10,4254.1456679279445,150,2011-2025
49.3703233010469,-120.12935887854204,1999,54,48.33475764342339,-120.16599244441281,1947,115193.39421712243,52,2215.257581098508,890,1985-2010
47.822,-114.232,2019,55,47.77709196223296,-114.25871169117343,1979,5379.219639683735,40,134.4804909920934,1179,2011-2025
50.59099999999999,-119.359,2019,56,50.47374685,-119.3683931,1999,13060.150512325836,20,653.0075256162918,2340,2011-2025
48.44420351224138,-123.52999373503738,2019,57,48.33597901136478,-120.25533908356135,1947,242804.1009907449,72,3372.2791804270123,586,2011-2025
46.880924430544376,-113.94975510308161,2019,58,46.8097778856671,-113.94145567379346,1983,7934.499928162875,36,220.4027757823021,65,2011-2025
43.98500031505223,-123.07549785218333,2019,59,44.258610000000004,-121.68472,1981,115395.66721147604,38,3036.7280845125274,2279,2011-2025
32.82914453805503,-105.75258640899789,2000,60,43.957273085377274,-119.017454283501,1947,1689458.6794465692,53,31876.578857482436,598,1985-2010
50.48827147793749,-119.24456781777258,2019,61,50.47374685,-119.3683931,1999,8936.132229520039,20,446.80661147600193,2340,2011-2025
49.15899999999999,-123.936,2019,62,49.08000090810051,-123.8214941610161,2009,12126.528718900083,10,1212.6528718900083,150,2011-2025
41.74733333429717,-111.80766667531998,2019,63,41.650397834135106,-111.72005323609473,1991,13003.92842552651,28,464.42601519737536,1022,2011-2025
43.60574500044628,-116.05967999864349,2019,64,43.76600491761151,-116.1042025997966,1990,18164.111915367805,29,626.3486867368208,1827,2011-2025
46.8097778856671,-113.94145567379346,1983,65,46.96156832557911,-114.04511892020248,1979,18632.470033570717,4,4658.117508392679,48,1947-1984
44.843987782649464,-115.99419187880781,2019,66,44.92221797353204,-115.94853692960571,1982,9412.277803507106,37,254.38588658127313,1504,2011-2025
49.06129652206773,-119.58218261515222,1999,67,48.9502661706318,-119.6138145525044,1973,12562.678387677626,26,483.179937987601,954,1985-2010
49.32981111673509,-119.48490634275856,2019,68,49.355619567927526,-119.6145624702389,1999,9849.420533577406,20,492.4710266788703,491,2011-2025
47.42800010869154,-114.04800000000002,2019,69,47.27632031430105,-114.14772158600155,1983,18470.040344196776,36,513.0566762276882,1092,2011-2025
41.261000622974585,-122.38500330740418,2019,70,40.635161517406715,-121.70599112522179,1980,89995.13531244663,39,2307.567572114016,222,2011-2025
38.506,-120.51300000000002,2019,71,38.61173854783874,-120.43909540447457,1982,13389.140378894179,37,361.86865888903185,1944,2011-2025
46.255,-114.164,2019,72,46.464420000000004,-114.212949,1983,23581.616400393817,36,655.0449000109394,2169,2011-2025
36.45633352886046,-104.9536674002619,2019,73,36.417,-105.104,2014,14168.47382973846,5,2833.694765947692,156,2011-2025
38.87318840237901,-120.40560870272161,1996,74,38.929297,-120.484965,1981,9283.651341084204,15,618.9100894056136,2283,1985-2010
44.282694839518946,-116.10356692641827,1992,75,44.37827032896586,-115.93545295854229,1981,17105.041967153524,11,1555.003815195775,478,1985-2010
40.581,-111.656,2019,76,40.56720146663441,-111.72479842464257,2016,6023.612384646567,3,2007.870794882189,16,2011-2025
38.306,-120.11200000000001,2019,77,38.287829,-120.17311599999998,1980,5714.0871686133605,39,146.5150556054708,2272,2011-2025
44.94738450942858,-116.13716122223167,1991,78,44.92221797353204,-115.94853692960571,1982,15149.674533833277,9,1683.2971704259196,1504,1985-2010
39.099000000000004,-119.93499999999999,2019,79,39.229148,-120.01192,2004,15904.83004335201,15,1060.322002890134,1842,2011-2025
36.25377516466415,-118.67135027467765,1981,80,43.7432333036248,-119.74853432093256,1947,836640.7818875165,34,24607.081820221072,886,1947-1984
46.6750043221093,-114.07250233160511,2019,81,46.716131000000004,-114.164423,1983,8386.469962113426,36,232.95749894759516,2123,2011-2025
37.940662572408826,-119.19170990224688,2019,82,37.43702500000001,-119.48117000000002,1984,61453.42859415897,35,1755.8122455473992,1799,2011-2025
37.64060023466196,-118.98400058418414,2019,83,37.43702500000001,-119.48117000000002,1984,49408.388576030484,35,1411.6682450294425,1799,2011-2025
37.060500177315895,-119.16150004283797,2019,84,37.39843576198684,-119.57241403373324,1982,52310.20927395163,37,1413.7894398365306,1997,2011-2025
40.268508023258484,-121.12084743333112,2019,85,40.28267558088739,-121.31013597912731,1988,16175.587332451198,31,521.7931397564903,2255,2011-2025
35.95877456681185,-118.61145181669903,1998,86,36.25377516466415,-118.67135027467765,1981,33174.9034629992,17,1951.4649095881884,80,1985-2010
36.585,-118.582,2019,87,36.58299873215978,-118.74983816588988,1999,15022.18786899719,20,751.1093934498596,18,2011-2025
40.49950000969658,-121.41950005589847,2017,88,40.570997,-121.43822600000001,1994,8096.344576580048,23,352.0149815904369,1778,2011-2025
35.88034805548132,-106.70466496239942,2019,89,35.853408645058074,-106.62953725017084,2012,7414.3846328664695,7,1059.19780469521,23,2011-2025
32.630720447695495,-109.82286323771785,2014,90,32.65284950968817,-109.86313999853715,2001,4506.027199644433,13,346.6174768957256,1408,2011-2025
36.26657388042019,-115.6505926520215,2019,91,36.25377516466415,-118.67135027467765,1981,271457.9271251086,38,7143.629661187068,80,2011-2025
36.728772909890914,-118.89769371552951,1998,92,36.70604,-118.815491,1986,7765.199704165651,12,647.0999753471376,2166,1985-2010
44.42738219850659,-121.72973321519513,2017,93,44.49167,-121.70000000000002,1982,7525.4501178767305,35,215.01286051076372,2032,2011-2025
49.521,-117.28100000000002,2019,94,48.980538116885945,-118.5120245172848,1964,107910.70288189691,55,1962.012779670853,904,2011-2025
36.689,-118.612,2019,95,36.70604,-118.815491,1986,18282.619943200814,33,554.0187861576004,2166,2011-2025
37.22,-113.162,2019,96,37.350885583749026,-113.03416225855716,2003,18426.069749823033,16,1151.6293593639396,1163,2011-2025
35.82100037374881,-106.1995,2020,97,36.00521049951565,-106.2845511702285,2007,21833.627053300785,13,1679.5097733308296,1229,2011-2025
50.1645164813446,-119.44045283306481,2011,98,50.15173522290405,-119.38091784171358,1999,4485.6463535609955,12,373.8038627967496,1328,2011-2025
39.485,-105.07400000000001,2020,99,39.39779453756331,-105.09642585992725,1986,9872.488611145252,34,290.3673120925074,338,2011-2025
32.95490872886701,-105.66584637040364,2001,100,32.965551,-105.605888,2000,5728.716483051552,1,5728.716483051552,2034,1985-2010
40.6610000528388,-111.77650078705601,2020,101,40.56720146663441,-111.72479842464257,2016,11297.608185129075,4,2824.4020462822687,16,2011-2025
35.08971838347039,-106.39635342791517,2015,102,35.16140145666962,-106.39216486717056,2005,7961.88494195441,10,796.1884941954411,46,2011-2025
36.147001701476626,-105.54819711074684,2020,103,36.03939889012038,-105.27412392076414,2012,27418.482172179647,8,3427.310271522456,1387,2011-2025
46.69340240603967,-113.9788917249685,2019,104,46.8097778856671,-113.94145567379346,1983,13249.444221852878,36,368.04011727369107,65,2011-2025
42.38753504589611,-123.00025028293823,1983,105,42.06813038684523,-121.30800102363325,1965,144134.74649037584,18,8007.485916131991,724,1947-1984
49.962245062817345,-119.41979334667964,2009,106,49.908316043217525,-119.46919906035528,1998,6968.616359176001,11,633.5105781069092,1066,1985-2010
39.65913779521699,-120.48138009279782,2019,107,39.60733459361616,-120.60000244076494,1981,11695.576723414195,38,307.77833482668933,328,2011-2025
32.890527451958995,-105.77834967446826,2004,108,32.82914453805503,-105.75258640899789,2000,7221.980331661205,4,1805.4950829153013,60,1985-2010
38.28941334642539,-120.29112001037072,1980,109,43.7432333036248,-119.74853432093256,1947,607383.2706584444,33,18405.553656316497,886,1947-1984
44.99969957030833,-117.19671036769915,1973,110,45.78085213778396,-117.56552128282557,1947,91494.52384936207,26,3519.0201480523874,662,1947-1984
49.819,-124.53200000000001,2020,111,48.33597901136478,-120.25533908356135,1947,353228.41725260497,73,4838.745441816506,586,2011-2025
37.91100144785918,-119.4264969824871,2012,112,37.500782859422756,-119.62436511896664,1984,48759.34443072718,28,1741.4051582402565,235,2011-2025
32.89936040359536,-105.66990042105148,2001,113,32.820440078862994,-105.67148522273993,2000,8753.67622196697,1,8753.67622196697,219,1985-2010
39.714,-105.18300000000002,2020,114,39.407830321341365,-105.22341387671791,1986,34169.822096463475,34,1004.9947675430434,437,2011-2025
48.335000156016456,-114.30200035303861,2020,115,48.158179693477194,-114.37269034530388,1983,20350.445225495718,37,550.0120331215059,1225,2011-2025
40.264,-105.304,2020,116,39.407830321341365,-105.22341387671791,1986,95311.71892084622,34,2803.2858506131242,437,2011-2025
36.49533338612094,-118.56400053377403,2020,117,36.44799999999999,-118.564,2010,5252.480201915369,10,525.248020191537,7,2011-2025
49.982000000000006,-125.22700000000002,2020,118,48.33597901136478,-120.25533908356135,1947,406097.8207577438,73,5562.98384599649,586,2011-2025
47.637864327319186,-116.82601285441613,2011,119,47.733274950058345,-117.27644428963674,1964,35442.08680819174,47,754.0869533657818,917,2011-2025
39.99125188279785,-105.2272520727158,2019,120,39.999085051804265,-105.30046087422758,2015,6312.230363304232,4,1578.057590826058,159,2011-2025
49.055895899206,-119.0478828400661,2009,121,48.98393565209155,-118.8996419880295,1982,13476.196590723723,27,499.1183922490268,1007,1985-2010
38.64350003830718,-120.50700002093174,2020,122,38.69407901001985,-120.51403198994232,1981,5647.983097129481,39,144.82007941357645,1785,2011-2025
32.713,-109.958,2020,123,32.75166000000001,-110.046944,1995,9374.916090263481,25,374.99664361053925,2318,2011-2025
48.19714579319406,-114.01296590120128,2020,124,48.07176701574088,-114.07118228080151,1984,14599.105750066405,36,405.53071527962237,181,2011-2025
50.660705130966136,-120.24385132606865,2008,125,50.640470281661635,-120.43220567875721,1999,13509.935283805158,9,1501.1039204227955,158,1985-2010
47.953,-114.188,2020,126,47.943675999999996,-114.39252200000001,1983,15312.888961532883,37,413.86186382521305,2077,2011-2025
41.38162342769108,-122.39182573983723,2020,127,42.03145,-121.94312,1982,81264.06315278151,38,2138.5279777047767,2048,2011-2025
40.93300000000001,-122.848,2020,128,40.635161517406715,-121.70599112522179,1980,101911.41936221038,40,2547.7854840552595,222,2011-2025
49.772,-124.345,2020,129,48.33597901136478,-120.25533908356135,1947,338843.7894520974,73,4641.695745919143,586,2011-2025
38.971,-119.89,2020,130,38.921887970948774,-120.05670086181405,2004,15445.835849630448,16,965.364740601903,371,2011-2025
38.189,-120.373,2020,131,38.30464,-120.396508,1980,13000.076461258026,40,325.0019115314507,2259,2011-2025
36.016,-118.493,2020,132,35.95877456681185,-118.61145181669903,1998,12426.505340796048,22,564.8411518543658,86,2011-2025
38.765000239646874,-120.57950031534341,2020,133,38.81898778642458,-120.54548620961806,1988,6682.192269578245,32,208.81850842432016,2036,2011-2025
36.12544736233626,-118.55541005979424,2004,134,36.25377516466415,-118.67135027467765,1981,17649.910678390366,23,767.3874207995812,80,1985-2010
49.67750002690807,-124.91949966583762,2020,135,48.33597901136478,-120.25533908356135,1947,372342.1149577776,73,5100.5769172298305,586,2011-2025
34.237255664417326,-117.2247307445182,2020,136,34.21950188150977,-117.12674719674209,2016,9240.196154190204,4,2310.049038547551,10,2011-2025
49.341091963024475,-123.10214677501483,2018,137,49.299,-123.142,2016,5505.404352983524,2,2752.702176491762,225,2011-2025
48.767,-123.27500000000002,2020,138,48.33597901136478,-120.25533908356135,1947,228008.68530020304,73,3123.406647947987,586,2011-2025
37.48500007396491,-107.54233369920534,2020,139,38.999924,-106.230599,1987,203620.39475898567,33,6170.314992696535,2162,2011-2025
32.87254220125193,-105.72126347075218,2010,140,32.82914453805503,-105.75258640899789,2000,5635.714534687601,10,563.5714534687602,60,1985-2010
48.38300000000001,-114.123,2020,141,48.158179693477194,-114.37269034530388,1983,31121.00048557215,37,841.1081212316797,1225,2011-2025
47.693,-114.163,2020,142,47.675174,-114.234674,1983,5734.65499948536,37,154.9906756617665,2054,2011-2025
50.8371679636934,-121.69625859468528,2010,143,50.86903042521401,-121.83410593653224,1999,10333.990702193296,11,939.4537001993905,1294,1985-2010
49.44000034919291,-123.71400018352709,2020,144,49.08000090810051,-123.8214941610161,2009,40794.6526779804,11,3708.604788907309,150,2011-2025
49.63750302408354,-124.04649809540045,2020,145,48.33597901136478,-120.25533908356135,1947,312909.9119766653,73,4286.437150365278,586,2011-2025
47.68029035423325,-117.3850306421418,2020,146,47.733274950058345,-117.27644428963674,1964,10055.4771390961,56,179.56209176957321,917,2011-2025
48.52825411899032,-123.50398230666363,2020,147,48.55499999999999,-123.432,2017,6090.763174253667,3,2030.2543914178889,196,2011-2025
36.63399999999999,-118.55000000000001,2020,148,36.70604,-118.815491,1986,25043.758146517037,34,736.5811219563834,2166,2011-2025
36.18324950039576,-118.63330850295571,2004,149,36.25377516466415,-118.67135027467765,1981,8540.612878034224,23,371.33099469714017,80,1985-2010
49.08000090810051,-123.8214941610161,2009,150,48.33597901136478,-120.25533908356135,1947,275164.8038814488,62,4438.141998087884,586,1985-2010
50.72354893624582,-120.88363529186246,2009,151,50.71922499518963,-120.69656283407218,1999,13219.29302136064,10,1321.929302136064,1233,1985-2010
31.884000000000004,-109.207,2010,152,32.75166000000001,-110.046944,1995,124552.18690763829,15,8303.479127175886,2318,1985-2010
31.91505979337279,-109.26892504090989,2010,153,32.75166000000001,-110.046944,1995,118203.88668166466,15,7880.259112110977,2318,1985-2010
48.424000000000014,-114.153,2020,154,48.158179693477194,-114.37269034530388,1983,33755.56188940382,37,912.3124834974005,1225,2011-2025
37.236,-112.962,2014,155,37.310458657079806,-112.89698219967372,2004,10076.748263380494,10,1007.6748263380493,1181,2011-2025
36.417,-105.104,2014,156,37.3720437,-105.1058817,1986,105986.75090063398,28,3785.241103594071,2233,2011-2025
42.299001182638804,-122.25750235828663,2019,157,42.31747000000695,-122.1983099967201,1981,5294.044394173506,38,139.31695774140803,542,2011-2025
50.640470281661635,-120.43220567875721,1999,158,48.33597901136478,-120.25533908356135,1947,256623.52555206974,52,4935.067799078264,586,1985-2010
39.999085051804265,-105.30046087422758,2015,159,39.407830321341365,-105.22341387671791,1986,65978.09305965176,29,2275.1066572293707,437,2011-2025
47.947,-113.873,2012,160,48.07176701574088,-114.07118228080151,1984,20275.71783697769,28,724.1327798920603,181,2011-2025
45.521,-122.82600000000001,2021,161,45.527589999999996,-121.74406,1982,84528.49369664564,39,2167.397274272965,2090,2011-2025
40.48599999999999,-111.747,2021,162,40.56720146663441,-111.72479842464257,2016,9211.150611227635,5,1842.230122245527,16,2011-2025
44.568,-123.39599999999999,2021,163,44.55752,-121.72616,1981,132661.90131849734,40,3316.5475329624337,2294,2011-2025
38.865,-120.207,2021,164,38.71014482468912,-120.38442427181262,1981,23090.18068413479,40,577.2545171033697,2030,2011-2025
40.21280942949167,-121.16929042983361,2021,165,40.28267558088739,-121.31013597912731,1988,14275.696319557794,33,432.596858168418,2255,2011-2025
33.05120155986339,-105.64265715044898,2001,166,32.965551,-105.605888,2000,10101.33620586593,1,10101.33620586593,2034,1985-2010
47.83100000000001,-114.035,2021,167,47.68420350645546,-114.05675465213967,1981,16402.950011434154,40,410.07375028585386,2170,2011-2025
36.551877450083765,-105.28377590117684,2021,168,36.53069863180601,-105.16043855906094,2015,11291.351757938131,6,1881.8919596563553,223,2011-2025
48.44026802030367,-123.31876988753949,2021,169,48.33597901136478,-120.25533908356135,1947,227170.53288503338,74,3069.8720660139647,586,2011-2025
50.031000000000006,-124.984,2021,170,48.33597901136478,-120.25533908356135,1947,392801.9349006135,74,5308.134255413696,586,2011-2025
45.845,-115.718,2021,171,45.88051168592721,-115.77803071766876,2011,6108.231037901976,10,610.8231037901976,1357,2011-2025
43.02098782187398,-116.70645643971967,1986,172,42.94423627148614,-116.80032865260624,1980,11459.701388252472,6,1909.950231375412,1083,1985-2010
35.562,-105.541,2021,173,35.62656724687107,-105.7564774375112,2016,20799.86354005155,5,4159.972708010309,1433,2011-2025
38.8576667358032,-104.77033350990598,2021,174,38.83480170804869,-104.90926047411422,1990,12324.958504976417,31,397.5793066121425,177,2011-2025
45.06408559885202,-117.41328430532148,1973,175,45.78085213778396,-117.56552128282557,1947,80547.52743042208,26,3097.9818242470033,662,1947-1984
46.931620323178386,-113.96290712924886,2020,176,46.96156832557911,-114.04511892020248,1979,7089.322533251862,41,172.91030568906982,48,2011-2025
38.83480170804869,-104.90926047411422,1990,177,39.157434680218756,-105.10181893193844,1986,39511.34173569357,4,9877.835433923392,439,1985-2010
43.01014634270638,-116.75434013384519,2000,178,43.02098782187398,-116.70645643971967,1986,4085.082375099497,14,291.79159822139263,172,1985-2010
31.044,-115.46400000000001,2021,179,36.25377516466415,-118.67135027467765,1981,649831.5123057357,40,16245.787807643394,80,2011-2025
37.873,-119.163,2021,180,37.43702500000001,-119.48117000000002,1984,55944.02921976889,37,1512.0007897234834,1799,2011-2025
48.07176701574088,-114.07118228080151,1984,181,47.77709196223296,-114.25871169117343,1979,35636.110077356825,5,7127.222015471365,1179,1947-1984
47.09665642277274,-116.15596144868567,2001,182,47.00280772730372,-116.34075483049394,1985,17493.44350780968,16,1093.340219238105,826,1985-2010
43.56695717921426,-114.95639447291838,1991,183,43.6184800637869,-115.0669483152229,1981,10605.17499406132,10,1060.5174994061322,744,1985-2010
38.188709837232516,-119.99353698602758,1980,184,43.7432333036248,-119.74853432093256,1947,617192.4022972494,33,18702.80006961362,886,1947-1984
47.062399060263544,-115.94512284554075,2021,185,47.09665642277274,-116.15596144868567,2001,16458.426657540564,20,822.9213328770281,182,2011-2025
35.64500000929866,-105.4544999812259,2021,186,35.65576416087133,-105.35287635010272,2017,9280.204320600706,4,2320.0510801501764,1437,2011-2025
40.69050003882642,-121.42199975238175,2021,187,40.570997,-121.43822600000001,1994,13341.243920651701,27,494.1201452093223,1778,2011-2025
32.72340693434609,-105.73307441909256,2013,188,32.75504634285126,-105.76579589931207,2000,4660.2075390138225,13,358.47750300106327,1422,2011-2025
36.748185445042495,-105.55796331776607,2021,189,37.3720437,-105.1058817,1986,80063.67967280702,35,2287.5337049373434,2233,2011-2025
39.149606339723064,-120.15468513036848,2004,190,39.01303242224063,-120.48156230332248,1980,32091.367678388968,24,1337.1403199328736,1,1985-2010
47.881001485802145,-122.21450464238846,2021,191,48.33597901136478,-120.25533908356135,1947,154413.404891923,74,2086.6676336746355,586,2011-2025
37.61131831313231,-119.66043062712356,2006,192,37.500782859422756,-119.62436511896664,1984,12675.249304159188,22,576.1476956435995,235,1985-2010
36.364803649940725,-105.30155194595376,2021,193,36.417,-105.104,2014,18646.09323657146,7,2663.7276052244947,156,2011-2025
38.782613779988885,-104.88134725720407,2015,194,38.83480170804869,-104.90926047411422,1990,6280.340231885045,25,251.2136092754018,177,2011-2025
37.505,-107.22,2021,195,37.3720437,-105.1058817,1986,187671.9968718439,35,5362.057053481254,2233,2011-2025
48.55499999999999,-123.432,2017,196,48.33597901136478,-120.25533908356135,1947,236252.4798699549,70,3375.0354267136413,586,2011-2025
35.861,-105.473,2021,197,35.92935574344728,-105.2930036831107,2012,17933.395622146876,9,1992.5995135718751,1386,2011-2025
39.10100008644822,-120.16166597176169,2021,198,39.149606339723064,-120.15468513036848,2004,5429.822791305685,17,319.4013406650403,190,2011-2025
40.44766917802345,-111.67433397631318,2021,199,40.56720146663441,-111.72479842464257,2016,13945.539402595412,5,2789.1078805190823,16,2011-2025
40.675,-111.603,2021,200,40.56720146663441,-111.72479842464257,2016,15795.886647548694,5,3159.1773295097387,16,2011-2025
47.77450057434532,-122.06050320678484,2021,201,47.78901564286486,-120.76347373732617,1972,97211.06267581398,49,1983.899238281918,605,2011-2025
40.03361413531925,-105.37783628843842,2021,202,40.08105170623156,-105.33553530912982,2015,6385.182785646266,6,1064.1971309410444,255,2011-2025
49.872,-125.11800000000001,2021,203,48.33597901136478,-120.25533908356135,1947,393920.2063965197,74,5323.246032385401,586,2011-2025
36.98499999999999,-119.126,2021,204,36.70604,-118.815491,1986,41537.47236562556,35,1186.7849247321587,2166,2011-2025
37.797715000021014,-119.85992950068238,2004,205,38.09027047097583,-120.03927479282798,1981,36096.58223918281,23,1569.416619094905,1192,1985-2010
37.97450286135432,-105.0229969892059,2021,206,37.3720437,-105.1058817,1986,67265.73231613022,35,1921.8780661751491,2233,2011-2025
33.35150078548344,-105.66500297516956,2021,207,33.288450925479125,-105.76420792913083,2010,11585.767231820506,11,1053.2515665291369,1329,2011-2025
39.42243013233762,-105.42243995452914,2021,208,39.33678158571366,-105.37578824099764,1987,10323.610535276028,34,303.6356039787067,258,2011-2025
37.719,-119.75599999999999,2021,209,37.756814126962766,-119.80884915880111,2000,6270.196806054683,21,298.58080028831824,2,2011-2025
33.61767192619551,-109.34084068013635,2010,210,33.948923,-109.20622,1995,38799.80036766685,15,2586.653357844457,2138,1985-2010
30.993,-115.49500000000002,2021,211,36.25377516466415,-118.67135027467765,1981,653602.5898594385,40,16340.064746485961,80,2011-2025
48.14375376134683,-114.28912624758036,2019,212,48.158179693477194,-114.37269034530388,1983,6421.360734785783,36,178.37113152182732,1225,2011-2025
37.92099999999999,-104.967,2021,213,37.3720437,-105.1058817,1986,62149.09673490604,35,1775.6884781401725,2233,2011-2025
38.396,-119.8,2021,214,38.340219000000005,-119.787641,1988,6285.378291949568,33,190.4660088469566,2124,2011-2025
50.732000000000006,-119.25000000000001,2008,215,50.47374685,-119.3683931,1999,29925.97635255196,9,3325.1084836168843,2340,1985-2010
36.56400023487221,-105.03749970873858,2016,216,37.3720437,-105.1058817,1986,89880.78042373256,30,2996.026014124419,2233,2011-2025
40.63799999999999,-111.719,2021,217,40.56720146663441,-111.72479842464257,2016,7877.2134901527625,5,1575.4426980305525,16,2011-2025
46.964000000000006,-114.129,2021,218,46.96156832557911,-114.04511892020248,1979,6389.808324293847,42,152.1382934355678,48,2011-2025
32.820440078862994,-105.67148522273993,2000,219,43.957273085377274,-119.017454283501,1947,1695011.8599907171,53,31981.355848881456,598,1985-2010
39.190121394210976,-120.57660453010637,1984,220,39.304610847096875,-120.75606404686785,1980,20038.751402643695,4,5009.687850660924,1768,1947-1984
38.87046168278353,-104.87184314326572,2015,221,38.83480170804869,-104.90926047411422,1990,5120.6592684784255,25,204.82637073913702,177,2011-2025
40.635161517406715,-121.70599112522179,1980,222,42.06813038684523,-121.30800102363325,1965,162593.80495372563,15,10839.586996915043,724,1947-1984
36.53069863180601,-105.16043855906094,2015,223,37.3720437,-105.1058817,1986,93496.08573918341,29,3224.002956523566,2233,2011-2025
44.397,-114.323,2017,224,45.016785,-114.337218,1983,68883.47439472971,34,2025.984541021462,2171,2011-2025
49.299,-123.142,2016,225,48.33597901136478,-120.25533908356135,1947,237485.7219754131,69,3441.8220576146823,586,2011-2025
39.73512545984012,-105.2429998858874,2021,226,39.407830321341365,-105.22341387671791,1986,36377.353634275074,35,1039.352960979288,437,2011-2025
38.91,-120.66300000000001,2021,227,38.967169,-120.55107799999999,1981,11594.924805348091,40,289.8731201337023,2132,2011-2025
48.46600043314274,-123.38499743850781,2022,228,48.55499999999999,-123.432,2017,10488.408799086294,5,2097.681759817259,196,2011-2025
36.53071851494262,-105.54370716984543,2022,229,37.3720437,-105.1058817,1986,101183.67150758531,36,2810.65754187737,2233,2011-2025
35.89220424646867,-106.30049920392322,2022,230,36.00521049951565,-106.2845511702285,2007,12621.239364905483,15,841.4159576603655,1229,2011-2025
36.42600963159033,-105.02037076602276,2022,231,36.417,-105.104,2014,7566.332997810354,8,945.7916247262942,156,2011-2025
36.594,-106.185,2022,232,37.3720437,-105.1058817,1986,129172.40567232986,36,3588.1223797869407,2233,2011-2025
39.87697400017931,-121.04842363927693,2013,233,39.97746648922959,-120.90265731545725,1991,16726.366098704962,22,760.2893681229529,1873,2011-2025
36.618667304482265,-105.59500036756451,2022,234,37.3720437,-105.1058817,1986,94265.17377281228,36,2618.4770492447856,2233,2011-2025
37.500782859422756,-119.62436511896664,1984,235,37.39843576198684,-119.57241403373324,1982,12254.00180699003,2,6127.000903495015,1997,1947-1984
39.22870724346559,-104.89972926043646,2022,236,39.3212355606386,-105.06794513878596,1986,17782.609837774904,36,493.9613843826362,385,2011-2025
39.313945824598285,-120.83918668581283,1980,237,43.7432333036248,-119.74853432093256,1947,500271.90397452255,33,15159.754665894623,886,1947-1984
39.701194512398246,-120.9976767386393,1988,238,39.60733459361616,-120.60000244076494,1981,35685.0798877358,7,5097.868555390829,328,1985-2010
36.31050458965953,-115.67167462874069,2022,239,36.26657388042019,-115.6505926520215,2019,5229.713306757172,3,1743.2377689190573,91,2011-2025
39.586500656457574,-105.36525048172165,2022,240,39.5713933030616,-105.24390906547102,2004,10559.24250395664,18,586.6245835531467,274,2011-2025
40.72299999999999,-111.804,2022,241,41.52315363,-111.4749275,1991,93059.78568567181,31,3001.928570505542,1774,2011-2025
36.243,-112.05500000000002,2022,242,34.44249467131656,-111.26143820124938,1993,212384.65681550064,29,7323.608855706919,1425,2011-2025
39.59700000000001,-105.292,2022,243,39.5713933030616,-105.24390906547102,2004,5015.161302358268,18,278.6200723532371,274,2011-2025
39.93000000966414,-111.64250002191314,2012,244,39.96195605000442,-111.71291981589145,2010,6986.261717906054,2,3493.130858953027,1341,2011-2025
37.152,-105.017,2022,245,37.3720437,-105.1058817,1986,25662.180665999353,36,712.8383518333153,2233,2011-2025
48.65339203117141,-123.42724089239539,2022,246,48.55499999999999,-123.432,2017,10947.024866763573,5,2189.4049733527145,196,2011-2025
39.32150008662719,-120.93750112583325,2022,247,39.313945824598285,-120.83918668581283,1980,8519.78629398217,42,202.8520546186231,237,2011-2025
39.53676402751688,-105.30299452307268,2022,248,39.5713933030616,-105.24390906547102,2004,6369.478034914244,18,353.8598908285691,274,2011-2025
34.634184911482556,-106.42241623028669,2021,249,35.203535688012586,-106.41663727188389,2000,63165.465978623266,21,3007.8793323153936,8,2011-2025
36.67950065321531,-105.52849845630081,2022,250,37.3720437,-105.1058817,1986,85563.5147821744,36,2376.7642995048445,2233,2011-2025
45.40323159893267,-121.43731289136005,2022,251,45.44672,-121.45119,1981,4953.819847391023,41,120.82487432661033,2217,2011-2025
47.63956810898681,-122.54974612669255,2022,252,47.06107960991539,-122.78055631167229,1992,66637.38781110256,30,2221.246260370085,1032,2011-2025
39.731944343391326,-120.96064714347214,2014,253,39.701194512398246,-120.9976767386393,1988,4662.376612639236,26,179.32217740920137,238,2011-2025
39.466003881993274,-105.24692811638765,2022,254,39.407830321341365,-105.22341387671791,1986,6768.474157643376,36,188.01317104564933,437,2011-2025
40.08105170623156,-105.33553530912982,2015,255,39.407830321341365,-105.22341387671791,1986,75362.80335579757,29,2598.717357096468,437,2011-2025
47.5755895300821,-122.1181686050292,2022,256,47.70098091336939,-120.75250119705319,1972,103565.00272439822,50,2071.300054487964,927,2011-2025
39.468500154160594,-105.32699969820322,2022,257,39.407830321341365,-105.22341387671791,1986,11175.670834665549,36,310.43530096293193,437,2011-2025
39.33678158571366,-105.37578824099764,1987,258,39.30104736391463,-105.27000208883764,1986,9947.911219498958,1,9947.911219498958,379,1985-2010
36.70850003763657,-105.4099999414401,2022,259,37.3720437,-105.1058817,1986,78451.87955895346,36,2179.218876637596,2233,2011-2025
36.467000000000006,-106.713,2022,260,36.00521049951565,-106.2845511702285,2007,64102.26241589186,15,4273.484161059458,1229,2011-2025
36.59850134999913,-105.14925038408796,2022,261,36.53069863180601,-105.16043855906094,2015,7590.397991748116,7,1084.342570249731,223,2011-2025
40.556,-105.068,2022,262,39.407830321341365,-105.22341387671791,1986,128175.41633053462,36,3560.428231403739,437,2011-2025
39.74575179171125,-105.53474788489348,2022,263,39.407830321341365,-105.22341387671791,1986,46077.56950461734,36,1279.9324862393705,437,2011-2025
38.949,-104.886,2022,264,38.83480170804869,-104.90926047411422,1990,12837.155016865325,32,401.1610942770414,177,2011-2025
40.365454820661924,-121.53125710680293,1992,265,40.48021259677627,-121.5749429983102,1981,13271.373465428918,11,1206.4884968571744,367,1985-2010
39.352251884921266,-120.20700100523466,2022,266,39.45253416131917,-120.26702619624304,2005,12275.548997513506,17,722.0911175007944,304,2011-2025
49.904,-124.52,2022,267,49.819,-124.53200000000001,2020,9493.53325068103,2,4746.766625340515,111,2011-2025
49.304,-122.85799999999999,2022,268,49.24425,-122.77860000000001,2016,8805.755593351,6,1467.6259322251665,485,2011-2025
39.902489173905906,-120.96898486232459,2013,269,39.97746648922959,-120.90265731545725,1991,10071.849169846048,22,457.8113259020931,1873,2011-2025
39.758250906141434,-120.6885029678671,2022,270,39.60733459361616,-120.60000244076494,1981,18395.824874341804,41,448.6786554717513,328,2011-2025
49.19033392736346,-123.83467022157116,2022,271,49.08000090810051,-123.8214941610161,2009,12308.008894793678,13,946.7699149841291,150,2011-2025
38.99943155097032,-114.24498195410554,1996,272,43.957273085377274,-119.017454283501,1947,679499.6984297832,49,13867.34078428129,598,1985-2010
35.89550091906501,-106.65120576009839,2015,273,35.853408645058074,-106.62953725017084,2012,5063.782735207368,3,1687.927578402456,23,2011-2025
39.5713933030616,-105.24390906547102,2004,274,39.407830321341365,-105.22341387671791,1986,18244.94456218463,18,1013.6080312324796,437,1985-2010
48.863000001080934,-123.27350000000001,2022,275,48.33597901136478,-120.25533908356135,1947,230177.092537665,75,3069.0279005022003,586,2011-2025
42.967,-110.763,2022,276,41.96556662358339,-111.51119855843089,1991,127125.06826030069,31,4100.808653558087,1024,2011-2025
48.36600174631973,-123.55793130664556,2022,277,48.44420351224138,-123.52999373503738,2019,8938.522784520512,3,2979.5075948401704,57,2011-2025
39.67600001715276,-120.65699950775965,2022,278,39.60733459361616,-120.60000244076494,1981,9058.632528369308,41,220.9422567894953,328,2011-2025
48.64671150526198,-118.72443584570989,1983,279,48.873350266357924,-118.62359559633474,1963,26271.242898936784,20,1313.5621449468392,893,1947-1984
49.491227620002654,-119.62928828703456,2011,280,49.355619567927526,-119.6145624702389,1999,15119.83867315381,12,1259.986556096151,491,2011-2025
41.482,-121.73599999999999,2022,281,41.33825345696764,-121.81404047926586,2006,17246.74029021166,16,1077.9212681382287,1210,2011-2025
42.326955794442924,-113.56087220014338,1984,282,43.957273085377274,-119.017454283501,1947,479313.25273435976,37,12954.412236063778,598,1947-1984
37.54,-119.12100000000001,2022,283,37.43702500000001,-119.48117000000002,1984,33841.32282966684,38,890.5611270964957,1799,2011-2025
39.96200056515565,-105.51033467887297,2022,284,39.407830321341365,-105.22341387671791,1986,66269.11615067543,36,1840.8087819632065,437,2011-2025
39.710751061414506,-105.35899676718596,2022,285,39.407830321341365,-105.22341387671791,1986,35593.38643903412,36,988.7051788620588,437,2011-2025
47.74400000000001,-117.39,2022,286,47.733274950058345,-117.27644428963674,1964,8599.922919448596,58,148.2745330939413,917,2011-2025
40.169256026448764,-105.3038261863138,2022,287,40.08105170623156,-105.33553530912982,2015,10160.048678952779,7,1451.4355255646826,255,2011-2025
49.337,-124.38400000000001,2022,288,49.31909328907343,-124.27714718170613,2019,8018.385883732404,3,2672.795294577468,53,2011-2025
48.59537548655953,-120.45981188362646,1982,289,48.33597901136478,-120.25533908356135,1947,32567.800385415994,35,930.508582440457,586,1947-1984
34.012306067201855,-107.1604239534712,2015,290,33.94680436195654,-107.16210508266089,2014,7267.241834818916,1,7267.241834818916,1411,2011-2025
40.38971250196842,-121.61788163735294,2014,291,40.48021259677627,-121.5749429983102,1981,10689.447824829895,33,323.92266135848166,367,2011-2025
47.4358926564639,-120.60982525594663,2000,292,47.440668182966476,-120.66443971844639,1981,4153.741085839608,19,218.61795188629515,469,1985-2010
49.079,-123.706,2022,293,49.08000090810051,-123.8214941610161,2009,8438.189856414674,13,649.0915274165134,150,2011-2025
39.42475022680819,-120.73226098715634,1999,294,39.304610847096875,-120.75606404686785,1980,13494.989847563487,19,710.262623555973,1768,1985-2010
36.2422788170536,-106.75005397720393,2022,295,35.97432947693307,-106.38981242682468,2008,44001.032982028686,14,3142.930927287763,1426,2011-2025
49.295,-124.77899999999998,2020,296,48.33597901136478,-120.25533908356135,1947,348858.8664400749,73,4778.888581370889,586,2011-2025
35.665344287971706,-105.88381112809928,2023,297,35.628303749874156,-105.8220604947947,2016,6940.079788932574,7,991.4399698475106,511,2011-2025
47.096000000000004,-122.62899999999999,2023,298,47.06107960991539,-122.78055631167229,1992,12146.944611746323,31,391.8369229595588,1032,2011-2025
49.0320006750279,-122.69950025125472,2023,299,48.33597901136478,-120.25533908356135,1947,195898.1997411839,76,2577.6078913313672,586,2011-2025
45.462761715389114,-118.07173243598429,1972,300,45.78746290823576,-117.6802191182697,1947,47271.363164892704,25,1890.8545265957082,629,1947-1984
38.944440450215154,-104.7861100787006,2023,301,38.83480170804869,-104.90926047411422,1990,16195.783169797698,33,490.7813081756878,177,2011-2025
47.74350133014485,-122.34049983191078,2023,302,48.33597901136478,-120.25533908356135,1947,168859.24576479875,76,2221.832181115773,586,2011-2025
39.23290575015609,-104.99371348213013,2015,303,39.3212355606386,-105.06794513878596,1986,11712.974006838254,29,403.89565540821565,385,2011-2025
39.45253416131917,-120.26702619624304,2005,304,39.60733459361616,-120.60000244076494,1981,33390.930622774664,24,1391.2887759489442,328,1985-2010
47.306,-122.525,2023,305,47.06107960991539,-122.78055631167229,1992,33415.61505290052,31,1077.9230662225973,1032,2011-2025
36.364667802833615,-105.5919987664921,2023,306,37.3720437,-105.1058817,1986,119901.8564417272,37,3240.5907146412756,2233,2011-2025
43.462595410761644,-113.57744939725221,2017,307,43.5181715806708,-113.63083254326398,2010,7534.751412340304,7,1076.3930589057577,1342,2011-2025
47.241,-121.97900000000001,2023,308,47.07703,-121.24812000000001,1982,58343.32825665786,41,1423.0080062599477,2274,2011-2025
39.375,-105.032,2023,309,39.39779453756331,-105.09642585992725,1986,6100.209014337176,37,164.87051390100476,338,2011-2025
49.403,-123.529,2023,310,49.08000090810051,-123.8214941610161,2009,41761.5530567482,14,2982.9680754820142,150,2011-2025
42.345,-122.49500000000002,2023,311,42.180685662821205,-122.46135545233676,1986,18461.668559891074,37,498.96401513219115,417,2011-2025
48.55499999999999,-122.89000000000001,2023,312,48.33597901136478,-120.25533908356135,1947,196419.42309413807,76,2584.466093343922,586,2011-2025
36.36950001666725,-105.38100003856003,2023,313,36.417,-105.104,2014,25403.585097210063,9,2822.620566356674,156,2011-2025
35.979,-106.739,2023,314,35.89550091906501,-106.65120576009839,2015,12190.073257269602,8,1523.7591571587002,273,2011-2025
34.22157308173654,-116.86979410795429,2009,315,36.25377516466415,-118.67135027467765,1981,278776.4188745197,28,9956.30067408999,80,1985-2010
40.19300017073637,-121.11174984516528,2023,316,40.28267558088739,-121.31013597912731,1988,19599.855851689437,35,559.9958814768411,2255,2011-2025
49.75121177170293,-119.79099360748873,2010,317,49.63235555788116,-119.7660227434053,1999,13341.774152646352,11,1212.8885593314865,1321,1985-2010
39.4891208651152,-105.16740399840575,2023,318,39.407830321341365,-105.22341387671791,1986,10232.197799453632,37,276.54588647171977,437,2011-2025
39.88641599233835,-121.1726693665034,2014,319,39.701194512398246,-120.9976767386393,1988,25447.47467221102,26,978.74902585427,238,2011-2025
39.943695169748004,-105.32310470319277,2023,320,39.999085051804265,-105.30046087422758,2015,6447.218380320018,8,805.9022975400022,159,2011-2025
46.914486002522715,-122.27519199967816,2023,321,47.06107960991539,-122.78055631167229,1992,41756.18343999286,31,1346.9736593546086,1032,2011-2025
44.40844520379889,-121.64016563627567,1984,322,44.51085638542601,-121.61233185585382,1981,11593.639457235717,3,3864.546485745239,394,1947-1984
40.598,-122.491,2023,323,40.635161517406715,-121.70599112522179,1980,66555.94858260837,43,1547.8127577350783,222,2011-2025
39.234,-120.074,2023,324,39.229148,-120.01192,2004,5387.191858441101,19,283.53641360216324,1842,2011-2025
39.90931948464199,-121.11142020697214,2014,325,39.97746648922959,-120.90265731545725,1991,19379.947228840665,23,842.606401253942,1873,2011-2025
46.62,-122.982,2023,326,47.06107960991539,-122.78055631167229,1992,51385.21369827633,31,1657.5875386540752,1032,2011-2025
41.333000212053676,-122.26000021491278,2023,327,42.06813038684523,-121.30800102363325,1965,113778.70361792445,58,1961.7017865159387,724,2011-2025
39.60733459361616,-120.60000244076494,1981,328,43.7432333036248,-119.74853432093256,1947,464793.70732794964,34,13670.4031567044,886,1947-1984
42.695,-112.357,2023,329,42.49033483554644,-111.99795000651176,2001,37220.44313669236,22,1691.8383243951073,1139,2011-2025
39.4071410801551,-105.35835542109537,2023,330,39.33678158571366,-105.37578824099764,1987,7954.623929828889,36,220.96177582858024,258,2011-2025
39.1867073153554,-104.94014740231383,2015,331,39.157434680218756,-105.10181893193844,1986,14344.027618223387,29,494.621642007703,439,2011-2025
42.486,-111.344,2023,332,41.96556662358339,-111.51119855843089,1991,59433.63063031548,32,1857.3009571973587,1024,2011-2025
39.211,-105.065,2023,333,39.157434680218756,-105.10181893193844,1986,6744.190977439541,37,182.27543182269028,439,2011-2025
37.152,-119.258,2023,334,37.39843576198684,-119.57241403373324,1982,39059.150412709365,41,952.6622051880333,1997,2011-2025
42.375097884779855,-122.21453583781667,2023,335,42.39501,-122.14007000000001,1981,6518.9246642766175,42,155.21249200658613,2291,2011-2025
49.396897272820674,-123.3607036363788,2019,336,48.33597901136478,-120.25533908356135,1947,256539.62729049067,72,3563.0503790345924,586,2011-2025
39.71123190814974,-105.29788553500738,2023,337,39.5713933030616,-105.24390906547102,2004,16202.558393406869,19,852.7662312319404,274,2011-2025
39.39779453756331,-105.09642585992725,1986,338,46.077133682354756,-117.30483637249861,1947,1242656.5993748892,39,31862.98972756126,590,1985-2010
35.82465000699903,-105.65730025141563,2023,339,35.775473576819785,-105.57441615665498,2017,9268.306199119721,6,1544.7176998532868,1438,2011-2025
37.73238700974552,-119.56048094639586,2000,340,37.500782859422756,-119.62436511896664,1984,26317.06351973715,16,1644.8164699835718,235,1985-2010
40.05143571341536,-121.46394392338775,2014,341,40.217458,-121.38532999999998,1992,19614.428512383558,22,891.5649323810708,1852,2011-2025
40.746,-111.615,2023,342,41.52315363,-111.4749275,1991,87105.5718056209,32,2722.049118925653,1774,2011-2025
49.419,-123.627,2023,343,49.44000034919291,-123.71400018352709,2020,6729.365384348953,3,2243.121794782984,144,2011-2025
36.435,-105.594,2023,344,37.3720437,-105.1058817,1986,112721.58130001208,37,3046.529224324651,2233,2011-2025
32.933000322536536,-108.20400081398205,2023,345,33.948923,-109.20622,1995,146220.91374226386,28,5222.175490795138,2138,2011-2025
39.745,-105.005,2023,346,39.39779453756331,-105.09642585992725,1986,39341.282458063455,37,1063.2779042719853,338,2011-2025
38.796,-120.006,2023,347,38.62851450000001,-120.276043,1984,29955.55763810905,39,768.0912214899756,1952,2011-2025
41.05,-122.80799999999999,2023,348,40.635161517406715,-121.70599112522179,1980,103728.0358875653,43,2412.279904361984,222,2011-2025
39.32047254088679,-120.57975670111504,1983,349,39.304610847096875,-120.75606404686785,1980,15307.08298914862,3,5102.360996382873,1768,1947-1984
39.342641609117926,-105.24425643491548,1986,350,45.78085213778396,-117.56552128282557,1947,1236772.421450875,39,31712.113370535255,662,1985-2010
40.16288038006047,-105.38260081414575,2023,351,40.08105170623156,-105.33553530912982,2015,9932.333455750404,8,1241.5416819688005,255,2011-2025
40.693000000000005,-111.67,2023,352,40.56720146663441,-111.72479842464257,2016,14718.74289300415,7,2102.67755614345,16,2011-2025
40.973593334265466,-105.4353433363029,2023,353,39.407830321341365,-105.22341387671791,1986,174793.65044785888,37,4724.152714806996,437,2011-2025
37.70419056482874,-119.65087738846488,2002,354,37.500782859422756,-119.62436511896664,1984,22697.076097469784,18,1260.9486720816546,235,1985-2010
39.423336229341466,-105.29017034235748,2015,355,39.407830321341365,-105.22341387671791,1986,6001.114839287691,29,206.93499445819626,437,2011-2025
48.87601668372614,-123.3481998326114,2023,356,49.08000090810051,-123.8214941610161,2009,41412.72588806879,14,2958.0518491477706,150,2011-2025
35.32000000000001,-111.709,2023,357,35.27063755853268,-111.78751382171909,2014,8999.683327997627,9,999.9648142219586,1416,2011-2025
49.82840892697951,-119.3845025442828,1999,358,48.980538116885945,-118.5120245172848,1964,113584.43911887889,35,3245.2696891108253,904,1985-2010
39.11480024672217,-104.92180029859428,2023,359,39.157434680218756,-105.10181893193844,1986,16268.217924518505,37,439.68156552752714,439,2011-2025
45.392500001090724,-121.50950001327055,2023,360,45.34459084197367,-121.48373276236886,1982,5694.369374955955,41,138.88705792575502,441,2011-2025
40.11150047406956,-105.45250270168098,2023,361,40.08105170623156,-105.33553530912982,2015,10531.68493191379,8,1316.4606164892236,255,2011-2025
36.77,-105.205,2023,362,37.3720437,-105.1058817,1986,67393.09661357272,37,1821.4350436100735,2233,2011-2025
40.403,-121.356,2023,363,40.28267558088739,-121.31013597912731,1988,13917.64936064596,35,397.6471245898846,2255,2011-2025
39.354146216307676,-104.77413762183261,2023,364,39.3212355606386,-105.06794513878596,1986,25592.2228592408,37,691.6816988984,385,2011-2025
38.904,-120.591,2023,365,38.967169,-120.55107799999999,1981,7820.415831168414,42,186.2003769325813,2132,2011-2025
40.34180108448327,-121.59060093192059,2023,366,40.365454820661924,-121.53125710680293,1992,5684.544634445016,31,183.37240756274244,265,2011-2025
40.48021259677627,-121.5749429983102,1981,367,42.06813038684523,-121.30800102363325,1965,177765.22782111523,16,11110.326738819702,724,1947-1984
40.499,-121.157,2023,368,40.419351,-120.84429999999999,1980,27958.728687125513,43,650.2029927238491,1926,2011-2025
34.797999999999995,-106.265,2023,369,35.203535688012586,-106.41663727188389,2000,47071.72939167201,23,2046.596930072696,8,2011-2025
40.331,-121.661,2023,370,40.365454820661924,-121.53125710680293,1992,11667.854013541808,31,376.38238753360673,265,2011-2025
38.921887970948774,-120.05670086181405,2004,371,39.01303242224063,-120.48156230332248,1980,38185.98840305065,24,1591.0828501271105,1,1985-2010
37.298,-113.026,2014,372,37.350885583749026,-113.03416225855716,2003,5913.855093133275,11,537.6231902848432,1163,2011-2025
40.562,-121.516,2023,373,40.570997,-121.43822600000001,1994,6661.558662486101,29,229.70891939607245,1778,2011-2025
36.019,-118.559,2023,374,35.95877456681185,-118.61145181669903,1998,8187.089120944128,25,327.48356483776513,86,2011-2025
47.574000000000005,-117.32299999999998,2020,375,47.733274950058345,-117.27644428963674,1964,18050.820481581995,56,322.3360800282499,917,2011-2025
43.712,-110.703,2021,376,45.086161,-109.326159,1979,188003.49542668485,42,4476.273700635354,1917,2011-2025
33.0407059405822,-105.73317603470099,2014,377,33.05120155986339,-105.64265715044898,2001,8534.643985457436,13,656.5110758044182,166,2011-2025
36.22548472400639,-105.5780556650116,2024,378,36.147001701476626,-105.54819711074684,2020,9113.424420927491,4,2278.356105231873,103,2011-2025
39.30104736391463,-105.27000208883764,1986,379,45.78085213778396,-117.56552128282557,1947,1237990.0530412332,39,31743.334693364955,662,1985-2010
39.60050000107151,-104.99049998195142,2024,380,39.39779453756331,-105.09642585992725,1986,24279.724294029915,38,638.9401130007873,338,2011-2025
34.43186261040172,-111.01420454107206,2014,381,34.44249467131656,-111.26143820124938,1993,22753.535542593272,21,1083.5016925044415,1425,2011-2025
39.21999999999999,-105.13500000000002,2024,382,39.157434680218756,-105.10181893193844,1986,7514.26267269352,38,197.74375454456631,439,2011-2025
40.1,-121.5,2024,383,40.20798699999999,-121.58882899999999,1995,14179.395668067895,29,488.94467820923774,2145,2011-2025
39.098284006104286,-120.41780419961066,1990,384,39.01303242224063,-120.48156230332248,1980,10955.859410452433,10,1095.5859410452433,1,1985-2010
39.3212355606386,-105.06794513878596,1986,385,45.78085213778396,-117.56552128282557,1947,1250055.2341747363,39,32052.698312172724,662,1985-2010
49.653,-124.126,2023,386,49.63750302408354,-124.04649809540045,2020,5994.90299428907,3,1998.3009980963568,145,2011-2025
36.25727205887586,-105.6286088465168,2024,387,36.03939889012038,-105.27412392076414,2012,40027.16077259658,12,3335.596731049715,1387,2011-2025
35.79439299793538,-105.81892371518539,2024,388,35.747351535160895,-105.83657462727919,2014,5458.051369854678,10,545.8051369854678,11,2011-2025
36.88899999999999,-104.979,2024,389,37.3720437,-105.1058817,1986,54780.99786996583,38,1441.605207104364,2233,2011-2025
35.67705020577491,-105.73473029015713,2024,390,35.62656724687107,-105.7564774375112,2016,5937.345659620816,8,742.168207452602,1433,2011-2025
39.73400000000001,-105.435,2024,391,39.407830321341365,-105.22341387671791,1986,40520.981445186124,38,1066.3416169785821,437,2011-2025
41.31167597231668,-122.33038269910939,2024,392,41.261000622974585,-122.38500330740418,2019,7253.271493269025,5,1450.654298653805,70,2011-2025
41.56000000000001,-123.058,2024,393,42.10411,-123.49453,1984,70478.27028010366,40,1761.9567570025915,2301,2011-2025
44.51085638542601,-121.61233185585382,1981,394,43.8606351051261,-119.72827507829138,1947,167065.1562121965,34,4913.681065064603,888,1947-1984
38.792,-104.942,2024,395,38.83480170804869,-104.90926047411422,1990,5537.37112257483,34,162.86385654631854,177,2011-2025
33.80608403367004,-110.93384693136944,1992,396,43.957273085377274,-119.017454283501,1947,1325824.7401655891,45,29462.77200367976,598,1985-2010
40.642,-121.27800000000002,2024,397,40.570997,-121.43822600000001,1994,15686.115918902022,30,522.8705306300674,1778,2011-2025
40.252,-123.306,2024,398,40.635161517406715,-121.70599112522179,1980,142252.07782065487,44,3233.001768651247,222,2011-2025
41.51100000000002,-123.064,2024,399,42.10411,-123.49453,1984,74964.3979533316,40,1874.10994883329,2301,2011-2025
39.556,-105.19,2024,400,39.5713933030616,-105.24390906547102,2004,4937.863766007135,20,246.89318830035677,274,2011-2025
42.46582861156504,-112.72407267908137,2024,401,42.52511057680811,-112.7473909467549,2005,6858.531316415215,19,360.97533244290605,1205,2011-2025
47.718,-122.235,2024,402,48.33597901136478,-120.25533908356135,1947,162854.55741091512,77,2114.9942520898067,586,2011-2025
41.033,-122.964,2024,403,40.635161517406715,-121.70599112522179,1980,114936.57155727429,44,2612.1948081198702,222,2011-2025
49.81191637113177,-119.75037064832378,2009,404,49.63235555788116,-119.7660227434053,1999,20003.28467856536,10,2000.328467856536,1321,1985-2010
36.489958306963445,-105.08513150458577,2015,405,37.3720437,-105.1058817,1986,97908.0762221355,29,3376.1405593839827,2233,2011-2025
37.943365670213176,-104.86641711762708,2024,406,37.3720437,-105.1058817,1986,66838.84816486262,38,1758.9170569700689,2233,2011-2025
40.63700000000001,-111.48200000000001,2024,407,40.56720146663441,-111.72479842464257,2016,21963.332537457714,8,2745.4165671822143,16,2011-2025
39.638853772725064,-105.33157326743718,2024,408,39.5713933030616,-105.24390906547102,2004,10619.974821147332,20,530.9987410573666,274,2011-2025
33.768,-116.66,2024,409,34.22157308173654,-116.86979410795429,2009,53915.937258242404,15,3594.39581721616,315,2011-2025
42.05575028829355,-120.16514964709742,1981,410,42.11126557823553,-120.20441338546706,1973,6969.825695280207,8,871.2282119100258,942,1947-1984
36.372534998011645,-105.46860618245587,2024,411,37.3720437,-105.1058817,1986,115538.96975887699,38,3040.4992041809733,2233,2011-2025
34.08432050264888,-116.87766001174008,2024,412,34.22157308173654,-116.86979410795429,2009,15242.033857640217,15,1016.1355905093478,315,2011-2025
34.295,-117.278,2024,413,34.237255664417326,-117.2247307445182,2020,8068.265960793688,4,2017.066490198422,136,2011-2025
39.76091143199697,-105.68179857559258,2024,414,39.33678158571366,-105.37578824099764,1987,53937.268272809015,37,1457.7640073732166,258,2011-2025
35.977999999999994,-106.842,2024,415,35.853408645058074,-106.62953725017084,2012,23640.243322843366,12,1970.0202769036139,23,2011-2025
34.369,-111.06,2024,416,34.353323712571836,-111.0072624057894,2013,5153.676365380104,11,468.51603321637305,554,2011-2025
42.180685662821205,-122.46135545233676,1986,417,42.06813038684523,-121.30800102363325,1965,96185.13916115863,21,4580.244721959934,724,1985-2010
36.5876000795767,-118.23663503393202,2024,418,36.25377516466415,-118.67135027467765,1981,53778.599004760945,43,1250.6650931339755,80,2011-2025
39.53875038315178,-120.36063851800188,2004,419,39.60733459361616,-120.60000244076494,1981,21931.297038571964,23,953.5346538509549,328,1985-2010
35.944,-106.613,2024,420,35.89550091906501,-106.65120576009839,2015,6391.344141062428,9,710.1493490069365,273,2011-2025
43.63,-110.783,2024,421,43.712,-110.703,2021,11163.81291970223,3,3721.270973234077,376,2011-2025
40.044,-105.189,2024,422,39.999085051804265,-105.30046087422758,2015,10742.823783755897,9,1193.6470870839885,159,2011-2025
48.964,-115.194,2024,423,48.158179693477194,-114.37269034530388,1983,108187.08733735514,41,2638.7094472525646,1225,2011-2025
37.700650000874155,-106.68654499785174,2024,424,37.94066462173592,-106.40960342845342,2006,36114.31360763924,18,2006.3507559799577,1215,2011-2025
42.39300000000001,-122.32399999999998,2024,425,42.31747000000695,-122.1983099967201,1981,13327.57654555175,43,309.94364059422674,542,2011-2025
48.083,-121.96100000000001,2024,426,48.33597901136478,-120.25533908356135,1947,129849.83358170066,77,1686.3614750870215,586,2011-2025
42.65089049393974,-122.08925558268646,1981,427,42.06813038684523,-121.30800102363325,1965,91283.53336138888,16,5705.220835086805,724,1947-1984
36.8069833461938,-105.55202486975331,2023,428,37.3720437,-105.1058817,1986,74201.40431497185,37,2005.443359864104,2233,2011-2025
37.38300000000001,-113.528,2024,429,37.41361105196401,-113.03685478035042,2003,43621.014832167035,21,2077.1911824841445,1164,2011-2025
38.714,-104.911,2024,430,38.83480170804869,-104.90926047411422,1990,13411.192144145587,34,394.4468277689879,177,2011-2025
44.34445734577739,-119.28546291165519,1992,431,44.33667,-119.34367000000002,1981,4721.749296616939,11,429.2499360560854,1766,1985-2010
33.677,-116.57599999999998,2024,432,34.22157308173654,-116.86979410795429,2009,66229.15750006551,15,4415.277166671034,315,2011-2025
43.984,-121.482,2024,433,44.258610000000004,-121.68472,1981,34559.26808060862,43,803.7039088513633,2279,2011-2025
39.482500052462434,-105.40250007548677,2024,434,39.33678158571366,-105.37578824099764,1987,16340.897717871674,37,441.645884266802,258,2011-2025
40.487,-111.653,2024,435,40.56720146663441,-111.72479842464257,2016,10785.541928007655,8,1348.1927410009569,16,2011-2025
47.31705142933434,-120.38819116850733,1982,436,47.540460106023225,-120.58192677702856,1971,28819.885298397745,11,2619.989572581613,924,1947-1984
39.407830321341365,-105.22341387671791,1986,437,45.78085213778396,-117.56552128282557,1947,1233593.3664243466,39,31630.59913908581,662,1985-2010
39.76310241237521,-120.9185375160875,2014,438,39.701194512398246,-120.9976767386393,1988,9657.825226630197,26,371.45481640885373,238,2011-2025
39.157434680218756,-105.10181893193844,1986,439,45.78085213778396,-117.56552128282557,1947,1259345.1198903595,39,32290.900510009218,662,1985-2010
39.73400000000001,-104.86,2024,440,39.39779453756331,-105.09642585992725,1986,42498.38805608653,38,1118.3786330549087,338,2011-2025
45.34459084197367,-121.48373276236886,1982,441,43.8606351051261,-119.72827507829138,1947,215895.39786037593,35,6168.439938867884,888,1947-1984
34.27600000000001,-117.18900000000001,2024,442,34.21950188150977,-117.12674719674209,2016,8494.782291186473,8,1061.8477863983092,10,2011-2025
47.63400000000001,-117.40900000000002,2024,443,47.70840219157247,-117.5185926603689,1973,11669.100479206012,51,228.8058917491375,982,2011-2025
39.63700000000001,-105.239,2024,444,39.5713933030616,-105.24390906547102,2004,7296.308712322981,20,364.81543561614905,274,2011-2025
44.49699999999999,-111.256,2024,445,45.086161,-109.326159,1979,166149.90780062138,45,3692.220173347142,1917,2011-2025
35.820130325818305,-106.54112967931852,2024,446,35.853408645058074,-106.62953725017084,2012,8799.711546099606,12,733.3092955083006,23,2011-2025
39.09650001708402,-105.08099944689667,2024,447,39.157434680218756,-105.10181893193844,1986,7000.291636239538,38,184.21820095367207,439,2011-2025
41.924,-111.472,2024,448,41.96556662358339,-111.51119855843089,1991,5646.332609377057,33,171.10098816294112,1024,2011-2025
39.2642680444426,-105.10825847432953,2006,449,39.3212355606386,-105.06794513878596,1986,7217.709550470985,20,360.88547752354924,385,1985-2010
40.376,-121.94600000000001,2024,450,40.48021259677627,-121.5749429983102,1981,33546.32188654914,43,780.147020617422,367,2011-2025
43.54059862148173,-114.20271853887944,1991,451,43.451289643573496,-114.14049518345081,1981,11125.801717047296,10,1112.5801717047295,1055,1985-2010
39.361,-119.877,2018,452,39.229148,-120.01192,2004,18701.49917995232,14,1335.8213699965943,1842,2011-2025
38.76499999999999,-120.152,2024,453,38.62851450000001,-120.276043,1984,18601.270702790094,40,465.03176756975233,1952,2011-2025
42.283,-122.392,2024,454,42.180685662821205,-122.46135545233676,1986,12725.49565136455,38,334.8814645095934,417,2011-2025
39.155,-120.504,2024,455,39.190121394210976,-120.57660453010637,1984,7387.040828393458,40,184.67602070983645,220,2011-2025
43.75667021820321,-110.74107409313068,2024,456,43.712,-110.703,2021,5834.542343842455,3,1944.847447947485,376,2011-2025
47.10800000000001,-122.88900000000001,2024,457,47.06107960991539,-122.78055631167229,1992,9747.86206819212,32,304.62068963100376,1032,2011-2025
40.963,-105.578,2024,458,39.407830321341365,-105.22341387671791,1986,175303.2065697175,38,4613.24227815046,437,2011-2025
39.32532534875506,-105.16668480964154,1986,459,45.78085213778396,-117.56552128282557,1947,1243166.5094705478,39,31876.06434539866,662,1985-2010
47.414,-122.446,2024,460,47.06107960991539,-122.78055631167229,1992,46703.020025817445,32,1459.4693758067951,1032,2011-2025
42.48,-110.648,2024,461,41.96556662358339,-111.51119855843089,1991,91345.42497355306,33,2768.0431810167593,1024,2011-2025
35.70134003312069,-105.68517022503254,2024,462,35.62656724687107,-105.7564774375112,2016,10512.561520998586,8,1314.0701901248233,1433,2011-2025
46.828,-123.076,2024,463,47.06107960991539,-122.78055631167229,1992,34312.6064504452,32,1072.2689515764125,1032,2011-2025
43.755,-111.292,2021,464,45.086161,-109.326159,1979,215369.35867388613,42,5127.8418731877655,1917,2011-2025
44.330898972255575,-116.21017874242979,1991,465,44.47622384672082,-116.23238001725531,1982,16245.07469309643,9,1805.0082992329367,878,1985-2010
47.30443510870818,-120.72991087238543,1981,466,47.540460106023225,-120.58192677702856,1971,28517.929039652525,10,2851.7929039652527,924,1947-1984
48.92366671511624,-119.07019089176467,2011,467,48.957896330395606,-119.21450649427746,1983,11236.762666793142,28,401.3129523854694,1250,2011-2025
44.73151067711605,-116.7895715820424,1982,468,45.78085213778396,-117.56552128282557,1947,131566.1502852709,35,3759.0328652934545,662,1947-1984
47.440668182966476,-120.66443971844639,1981,469,47.540460106023225,-120.58192677702856,1971,12718.474463907396,10,1271.8474463907396,924,1947-1984
47.27571051536223,-120.66944477388317,2013,470,47.30443510870818,-120.72991087238543,1981,5578.408352147726,32,174.32526100461644,466,2011-2025
44.24409203298718,-116.0248085412052,1991,471,44.37827032896586,-115.93545295854229,1981,16526.496380214434,10,1652.6496380214435,478,1985-2010
47.39171235481324,-120.63219751878461,2018,472,47.440668182966476,-120.66443971844639,1981,5961.937864525801,37,161.13345579799463,469,2011-2025
45.010578010555136,-117.10662790262981,1973,473,45.78085213778396,-117.56552128282557,1947,92842.67796408244,26,3570.8722293877863,662,1947-1984
44.32230783710415,-116.14658153095029,1991,474,44.37827032896586,-115.93545295854229,1981,17945.717434609014,10,1794.5717434609014,478,1985-2010
44.394347090643656,-116.20720799478107,1991,475,44.47622384672082,-116.23238001725531,1982,9316.324322358998,9,1035.1471469287776,878,1985-2010
37.65233289916142,-119.69610961852416,2000,476,37.500782859422756,-119.62436511896664,1984,17974.63025719072,16,1123.41439107442,235,1985-2010
44.185757718565654,-116.01069118346803,1991,477,44.37827032896586,-115.93545295854229,1981,22218.687069743595,10,2221.8687069743596,478,1985-2010
44.37827032896586,-115.93545295854229,1981,478,45.78085213778396,-117.56552128282557,1947,201905.54579186873,34,5938.398405643198,662,1947-1984
44.15150059127381,-116.05508288270539,2018,479,44.185757718565654,-116.01069118346803,1991,5205.256772653032,27,192.78728787603825,477,2011-2025
44.29544835161604,-116.04003070271705,1992,480,44.37827032896586,-115.93545295854229,1981,12419.95336441544,11,1129.0866694923127,478,1985-2010
47.09920779263641,-120.79181371017263,2018,481,47.11603352769971,-120.92207710832211,1981,10062.788027909051,37,271.9672439975419,2263,2011-2025
41.259220000000006,-106.41599,2023,482,39.370008,-106.86152,1986,213169.31432447064,37,5761.332819580288,2203,2011-2025
44.36702999999999,-121.66809000000002,2024,483,44.40844520379889,-121.64016563627567,1984,5111.731182967409,40,127.79327957418522,322,2011-2025
34.79222252776443,-106.3805525785601,2024,484,35.203535688012586,-106.41663727188389,2000,45750.0534561281,24,1906.252227338671,8,2011-2025
49.24425,-122.77860000000001,2016,485,48.33597901136478,-120.25533908356135,1947,211117.76092177443,69,3059.67769451847,586,2011-2025
41.54742000000001,-122.08491,2024,486,42.03145,-121.94312,1982,55037.573318662806,42,1310.4184123491145,2048,2011-2025
35.736630000000005,-118.55937999999999,2020,487,35.82625412759867,-118.5890159332691,1998,10298.898769047999,22,468.1317622294545,2000,2011-2025
48.656991473691434,-120.53204353270888,1982,488,48.33597901136478,-120.25533908356135,1947,41139.434628637624,35,1175.4124179610749,586,1947-1984
42.28486,-122.99328,2025,489,42.22023002149957,-123.06518505602705,1983,9313.830439131887,42,221.75786759837825,494,2011-2025
48.321839999999995,-120.68287999999998,2025,490,48.33597901136478,-120.25533908356135,1947,31740.981646444085,78,406.9356621338985,586,2011-2025
49.355619567927526,-119.6145624702389,1999,491,48.9502661706318,-119.6138145525044,1973,45080.478585783625,26,1733.864560991678,954,1985-2010
47.69948,-122.31766,2025,492,48.33597901136478,-120.25533908356135,1947,169338.83671804774,78,2171.010727154458,586,2011-2025
49.828186322533654,-119.67709186998106,2009,493,49.908316043217525,-119.46919906035528,1998,17401.375829910292,11,1581.943257264572,1066,1985-2010
42.22023002149957,-123.06518505602705,1983,494,42.06813038684523,-121.30800102363325,1965,146231.4479008846,18,8123.969327826922,724,1947-1984
47.48863,-122.16888999999999,2025,495,47.07703,-121.24812000000001,1982,83344.55097703476,43,1938.245371558948,2274,2011-2025
48.71501,-123.64315,2025,496,49.08000090810051,-123.8214941610161,2009,42644.17561876694,16,2665.2609761729336,150,2011-2025
36.18214836975273,-106.84172522520912,2024,497,35.97432947693307,-106.38981242682468,2008,46783.61264112941,16,2923.975790070588,1426,2011-2025
35.23882299801217,-111.59632757374473,2017,498,34.44249467131656,-111.26143820124938,1993,93502.1178567845,24,3895.921577366021,1425,2011-2025
39.38038000000001,-104.58264,2024,499,39.3212355606386,-105.06794513878596,1986,42344.02241823865,38,1114.316379427333,385,2011-2025
35.87293,-106.25027,2025,500,36.00521049951565,-106.2845511702285,2007,14999.976495590658,18,833.3320275328143,1229,2011-2025
39.42415,-123.20988,2025,501,40.635161517406715,-121.70599112522179,1980,185894.2482507772,45,4130.983294461716,222,2011-2025
39.40693999999999,-105.49165,2025,502,39.33678158571366,-105.37578824099764,1987,12662.944270366212,38,333.2353755359529,258,2011-2025
40.17145500004743,-121.38571500006962,2025,503,40.217458,-121.38532999999998,1992,5108.203412045695,33,154.79404278926347,1852,2011-2025
39.24747000000001,-120.95145,2025,504,39.313945824598285,-120.83918668581283,1980,12177.608660077001,45,270.6135257794889,237,2011-2025
35.62921,-105.68232,2025,505,35.62656724687107,-105.7564774375112,2016,6723.974017610765,9,747.108224178974,1433,2011-2025
48.05544999999999,-122.18653,2025,506,48.33597901136478,-120.25533908356135,1947,146915.08416195717,78,1883.526720025092,586,2011-2025
37.61189,-106.69887,2025,507,37.94066462173592,-106.40960342845342,2006,44509.0194490718,19,2342.579971003779,1215,2011-2025
38.6176,-122.67327999999999,2025,508,39.313945824598285,-120.83918668581283,1980,176753.23543928642,45,3927.8496764285874,237,2011-2025
36.29557,-105.57349,2025,509,36.03939889012038,-105.27412392076414,2012,39159.60316710603,13,3012.2771667004636,1387,2011-2025
44.562911395007625,-121.60866236796758,1986,510,44.51085638542601,-121.61233185585382,1981,5791.842333823396,5,1158.3684667646792,394,1985-2010
35.628303749874156,-105.8220604947947,2016,511,35.203535688012586,-106.41663727188389,2000,71673.73715849097,16,4479.608572405686,8,2011-2025
35.68974,-105.53379,2025,512,35.775473576819785,-105.57441615665498,2017,10197.816627367816,8,1274.727078420977,1438,2011-2025
35.88457967521652,-106.38440005987897,2015,513,35.97432947693307,-106.38981242682468,2008,9970.40193529036,7,1424.3431336129086,1426,2011-2025
50.6359315872301,-120.16361265186147,2008,514,50.61690339736629,-119.94270879190772,1999,15773.793479710515,9,1752.643719967835,1245,1985-2010
46.004295272492286,-121.55674447058598,2025,515,46.000375000043604,-121.43765001309437,1996,9235.346011265246,29,318.4602072850085,1856,2011-2025
39.15852000000002,-104.89505,2025,516,39.157434680218756,-105.10181893193844,1986,17872.152784512724,39,458.2603278080186,439,2011-2025
45.285651049589255,-121.46971766778458,2024,517,45.34459084197367,-121.48373276236886,1982,6641.99463121161,42,158.14272931456213,441,2011-2025
39.69889532127235,-105.71534521507138,2025,518,39.33678158571366,-105.37578824099764,1987,49688.20910240723,38,1307.5844500633482,258,2011-2025
35.63768,-105.5973,2025,519,35.62656724687107,-105.7564774375112,2016,14471.005698119594,9,1607.8895220132881,1433,2011-2025
42.71727,-110.94146,2025,520,41.96556662358339,-111.51119855843089,1991,95793.01592406468,34,2817.4416448254315,1024,2011-2025
36.702000000000005,-105.4661,2025,521,36.70850003763657,-105.4099999414401,2022,5064.400745468864,3,1688.1335818229547,259,2011-2025
35.5382,-105.93496,2025,522,35.628303749874156,-105.8220604947947,2016,14305.632521393925,9,1589.514724599325,511,2011-2025
37.5706,-106.47276,2025,523,37.94066462173592,-106.40960342845342,2006,41449.50804924075,19,2181.5530552231976,1215,2011-2025
45.35747808577556,-121.3799676208672,1981,524,43.8606351051261,-119.72827507829138,1947,211786.98959238082,34,6229.029105658259,888,1947-1984
35.15706145590285,-106.30102340099994,2025,525,35.16140145666962,-106.39216486717056,2005,8317.935101859777,20,415.8967550929889,46,2011-2025
35.988739999999986,-106.62154,2025,526,35.89550091906501,-106.65120576009839,2015,10686.28189122373,10,1068.628189122373,273,2011-2025
41.62367501372885,-123.1807702024857,2025,527,42.10411,-123.49453,1984,59381.34505137486,41,1448.3254890579235,2301,2011-2025
35.24925782431777,-106.46359568015224,2007,528,35.203535688012586,-106.41663727188389,2000,6633.731775109335,7,947.6759678727622,8,1985-2010
41.808274642117986,-115.43129272676063,2001,529,41.719227229999994,-115.5593825,1991,14535.265311751164,10,1453.5265311751164,1963,1985-2010
36.00648,-105.53317,2025,530,35.97386521410395,-105.46886668400803,2015,6835.168251206797,10,683.5168251206798,1427,2011-2025
34.06918,-109.55162,2025,531,33.948923,-109.20622,1995,34582.452522071915,30,1152.748417402397,2138,2011-2025
43.66812086164254,-114.38853905871062,1982,532,45.78085213778396,-117.56552128282557,1947,344143.1469189079,35,9832.661340540226,662,1947-1984
42.91038,-122.44847,2025,533,42.72655,-122.10419000000002,1981,34781.652864055744,44,790.4921105467215,2293,2011-2025
36.17796999999999,-105.23377,2025,534,36.07301645224859,-105.15876723244088,2012,13461.46431814248,13,1035.4972552417291,1388,2011-2025
41.33989,-122.07226,2025,535,41.33825345696764,-121.81404047926586,2006,21614.385984587967,19,1137.599262346735,1210,2011-2025
49.677870000000006,-125.00898,2025,536,49.67750002690807,-124.91949966583762,2020,6458.278221350146,5,1291.6556442700291,135,2011-2025
42.4917,-121.83898000000002,2025,537,42.423425219573325,-121.74130412339242,1982,11048.460809711247,43,256.94094906305224,541,2011-2025
50.34617,-119.24023000000001,2020,538,50.292764356263326,-119.20260490551192,1999,6516.982990446225,21,310.3325233545821,1194,2011-2025
39.2501709100753,-105.2451011758172,1988,539,39.30104736391463,-105.27000208883764,1986,6043.227938246207,2,3021.6139691231033,379,1985-2010
41.4817106357532,-115.98445997069481,2007,540,41.719227229999994,-115.5593825,1991,44178.07583960685,16,2761.129739975428,1963,1985-2010
42.423425219573325,-121.74130412339242,1982,541,42.06813038684523,-121.30800102363325,1965,53257.44843797778,17,3132.7910845869283,724,1947-1984
42.31747000000695,-122.1983099967201,1981,542,42.06813038684523,-121.30800102363325,1965,78581.62068647063,16,4911.351292904415,724,1947-1984
39.51274,-105.45201,2025,543,39.33678158571366,-105.37578824099764,1987,20608.544616270567,38,542.3301214808043,258,2011-2025
40.11522,-105.39384,2025,544,40.08105170623156,-105.33553530912982,2015,6253.955973932453,10,625.3955973932453,255,2011-2025
36.42291,-105.3114,2025,545,36.364803649940725,-105.30155194595376,2021,6508.096017475365,4,1627.0240043688414,193,2011-2025
33.93028675540972,-109.48194844890921,2019,546,33.948923,-109.20622,1995,25574.79823679122,24,1065.616593199634,2138,2011-2025
44.50937003556034,-120.48881431619745,1987,547,43.8606351051261,-119.72827507829138,1947,94307.46843640802,40,2357.6867109102004,888,1985-2010
31.904650000000004,-109.15589,2025,548,31.884000000000004,-109.207,2010,5349.861728732864,15,356.65744858219097,152,2011-2025
35.74431,-105.62716000000002,2025,549,35.775473576819785,-105.57441615665498,2017,5891.3855664337125,8,736.4231958042141,1438,2011-2025
50.71115,-120.3986,2025,550,50.640470281661635,-120.43220567875721,1999,8213.557808125435,26,315.906069543286,158,2011-2025
40.40563,-111.6075,2025,551,40.44766917802345,-111.67433397631318,2021,7345.603960725343,4,1836.4009901813358,199,2011-2025
49.03024,-119.47047,2025,552,48.93842694372315,-119.5006093972331,1972,10446.075486394457,53,197.09576389423503,934,2011-2025
41.14959999999999,-120.28354,2025,553,41.451799,-120.332342,1981,33810.09558653793,44,768.4112633304075,2155,2011-2025
34.353323712571836,-111.0072624057894,2013,554,34.44249467131656,-111.26143820124938,1993,25378.96314359574,20,1268.9481571797871,1425,2011-2025
49.32509148447898,-119.7441016116939,2009,555,49.355619567927526,-119.6145624702389,1999,10007.407833937665,10,1000.7407833937665,491,1985-2010
49.56938700282931,-119.63349377475471,2025,556,49.63235555788116,-119.7660227434053,1999,11867.112004268403,26,456.42738477955396,1321,2011-2025
50.64274692848116,-120.31813450110764,2008,557,50.640470281661635,-120.43220567875721,1999,8073.034704946295,9,897.0038561051439,158,1985-2010
47.20345198673433,-121.0148076235297,2001,558,47.11603352769971,-120.92207710832211,1981,11995.68771604553,20,599.7843858022765,2263,1985-2010
42.18199092749265,-120.25971295666717,1981,559,42.22700151790092,-120.3044359788401,1973,6215.954728956078,8,776.9943411195097,943,1947-1984
49.2971782337371,-119.53214239299187,2025,560,49.355619567927526,-119.6145624702389,1999,8839.732536319372,26,339.98971293536044,491,2011-2025
42.80268003326051,-122.06771494636968,2025,561,42.72655,-122.10419000000002,1981,8968.652936958792,44,203.83302129451798,2293,2011-2025
48.568872912974044,-123.08325719566048,2025,562,48.33597901136478,-120.25533908356135,1947,210767.14347307078,78,2702.142865039369,586,2011-2025
49.11439127471862,-119.52436501293185,2009,563,48.93842694372315,-119.5006093972331,1972,19646.00443968899,37,530.9730929645673,934,1985-2010
47.66806,-116.76698,2025,564,47.58655588975729,-116.70128599370669,1999,10319.782811907813,26,396.9147235349159,1365,2011-2025
48.23687,-122.33254,2025,565,48.33597901136478,-120.25533908356135,1947,154540.51495031148,78,1981.2886532091215,586,2011-2025
50.845415000000116,-120.40166500000055,2025,566,50.844883720395785,-120.32475987351005,2009,5416.833279518976,16,338.552079969936,1269,2011-2025
47.90279292937269,-118.85639378887089,1972,567,48.33475764342339,-120.16599244441281,1947,108690.99991522517,25,4347.639996609007,890,1947-1984
44.54479005651928,-118.3384198636051,1981,568,44.376756687404054,-118.35872842723688,1973,18741.893764034558,8,2342.7367205043197,965,1947-1984
36.65771999999999,-105.99572,2025,569,37.3720437,-105.1058817,1986,112050.30661546138,39,2873.0847850118303,2233,2011-2025
38.07824,-105.56221,2025,570,37.3720437,-105.1058817,1986,88102.43114385799,39,2259.0366959963585,2233,2011-2025
49.10121,-123.92933,2025,571,49.08000090810051,-123.8214941610161,2009,8221.815868407764,16,513.8634917754853,150,2011-2025
49.29298845816949,-119.6172774306132,2009,572,49.355619567927526,-119.6145624702389,1999,6968.378085078487,10,696.8378085078486,491,1985-2010
44.55262,-118.91220999999999,2025,573,44.61327,-118.90978,1981,6742.410399197596,44,153.23659998176356,2010,2011-2025
49.233021338374755,-124.037192206651,2025,574,49.271000211431144,-124.15900269598491,2017,9822.554991108633,8,1227.819373888579,13,2011-2025
44.02484,-121.27778,2025,575,44.258610000000004,-121.68472,1981,41652.73663511143,44,946.6531053434417,2279,2011-2025
42.230070000000005,-122.39295999999999,2025,576,42.180685662821205,-122.46135545233676,1986,7873.652092593344,39,201.8885151947011,417,2011-2025
45.921224012790326,-117.61062205704994,1947,577,NA,NA,NA,NA,NA,NA,NA,1947-1984
45.92220951629828,-117.67973846772536,1947,578,NA,NA,NA,NA,NA,NA,NA,1947-1984
45.879873556889635,-117.75848257271305,1947,579,NA,NA,NA,NA,NA,NA,NA,1947-1984
45.89823828516765,-117.82353684557904,1947,580,NA,NA,NA,NA,NA,NA,NA,1947-1984
45.936445881646065,-117.75952505984299,1947,581,NA,NA,NA,NA,NA,NA,NA,1947-1984
45.941121559089524,-117.54360086981576,1947,582,NA,NA,NA,NA,NA,NA,NA,1947-1984
46.01371791710248,-117.64302133650187,1947,583,NA,NA,NA,NA,NA,NA,NA,1947-1984
45.98044224125529,-117.59497951664554,1947,584,NA,NA,NA,NA,NA,NA,NA,1947-1984
45.98008842236157,-117.82029663325027,1947,585,NA,NA,NA,NA,NA,NA,NA,1947-1984
48.33597901136478,-120.25533908356135,1947,586,NA,NA,NA,NA,NA,NA,NA,1947-1984
46.01966344351405,-117.51810214510901,1947,587,NA,NA,NA,NA,NA,NA,NA,1947-1984
46.05839269506555,-117.45778691951064,1947,588,NA,NA,NA,NA,NA,NA,NA,1947-1984
46.11889677676176,-117.33375420296046,1947,589,NA,NA,NA,NA,NA,NA,NA,1947-1984
46.077133682354756,-117.30483637249861,1947,590,NA,NA,NA,NA,NA,NA,NA,1947-1984
46.09723420683639,-117.38839458694268,1947,591,NA,NA,NA,NA,NA,NA,NA,1947-1984
43.825225918224945,-118.83233430885795,1964,592,43.957273085377274,-119.017454283501,1947,20893.110731903194,17,1229.0065136413643,598,1947-1984
43.790268685159184,-118.73156247410341,1964,593,43.957273085377274,-119.017454283501,1947,29535.474597595094,17,1737.3808586820644,598,1947-1984
43.744417769010575,-118.86716159495042,1964,594,43.957273085377274,-119.017454283501,1947,26558.773864540457,17,1562.2808155612033,598,1947-1984
43.77875071799983,-118.8106225464838,1964,595,43.957273085377274,-119.017454283501,1947,25881.8394270947,17,1522.4611427702764,598,1947-1984
43.78951852358353,-118.87434570870106,1964,596,43.957273085377274,-119.017454283501,1947,21902.68232232121,17,1288.3930777836006,598,1947-1984
43.82199761000319,-118.77394027076133,1964,597,43.957273085377274,-119.017454283501,1947,24673.895845047773,17,1451.4056379439867,598,1947-1984
43.957273085377274,-119.017454283501,1947,598,NA,NA,NA,NA,NA,NA,NA,1947-1984
44.063585960835205,-118.43118568847153,1964,599,43.957273085377274,-119.017454283501,1947,48475.31944886265,17,2851.4893793448614,598,1947-1984
44.089951086713015,-118.48699513624162,1964,600,43.957273085377274,-119.017454283501,1947,45011.76570088156,17,2647.750923581268,598,1947-1984
47.78095238997557,-117.57528018141579,1963,601,46.11889677676176,-117.33375420296046,1947,185682.78684615192,16,11605.174177884495,589,1947-1984
47.811962601614454,-117.65898893058835,1964,602,47.78095238997557,-117.57528018141579,1963,7156.650086394954,1,7156.650086394954,601,1947-1984
42.071079033852854,-120.57252448370306,1965,603,43.7432333036248,-119.74853432093256,1947,197570.16851880745,18,10976.120473267081,886,1947-1984
44.22458115832618,-118.91864953845595,1965,604,43.957273085377274,-119.017454283501,1947,30737.580569787948,18,1707.6433649882192,598,1947-1984
47.78901564286486,-120.76347373732617,1972,605,48.33597901136478,-120.25533908356135,1947,71646.13366646523,25,2865.8453466586093,586,1947-1984
47.85207538824627,-118.50540680341265,1972,606,47.83447414471636,-118.31086168027743,1965,14692.83013806064,7,2098.975734008663,922,1947-1984
47.9042742045254,-118.60149259616607,1972,607,47.83447414471636,-118.31086168027743,1965,23086.675621865335,7,3298.0965174093335,922,1947-1984
47.978664249439426,-118.59338422671813,1972,608,47.83447414471636,-118.31086168027743,1965,26516.888264155317,7,3788.126894879331,922,1947-1984
48.85205599862192,-119.47859973875096,1972,609,48.33475764342339,-120.16599244441281,1947,76681.53210503505,25,3067.261284201402,890,1947-1984
48.889547601105164,-119.51190409447905,1972,610,48.33475764342339,-120.16599244441281,1947,78308.95294268387,25,3132.3581177073547,890,1947-1984
48.92884965692418,-119.30626916144936,1972,611,48.33475764342339,-120.16599244441281,1947,91542.62482454028,25,3661.704992981611,890,1947-1984
48.918080642740016,-119.37641618798219,1971,612,48.33475764342339,-120.16599244441281,1947,87151.81455932694,24,3631.3256066386225,890,1947-1984
45.398699147250845,-118.10608508762847,1972,613,45.78746290823576,-117.6802191182697,1947,54508.591351102084,25,2180.3436540440835,629,1947-1984
45.52437524202043,-118.09055902343044,1972,614,45.78746290823576,-117.6802191182697,1947,43334.839501559414,25,1733.3935800623765,629,1947-1984
45.69420461828233,-118.12667218156999,1972,615,45.89823828516765,-117.82353684557904,1947,32706.667691545925,25,1308.266707661837,580,1947-1984
45.63982738906361,-118.10635154352701,1972,616,45.89823828516765,-117.82353684557904,1947,36178.275004444105,25,1447.1310001777642,580,1947-1984
45.58582717770933,-118.12105953740956,1972,617,45.78746290823576,-117.6802191182697,1947,41006.78654450848,25,1640.2714617803392,629,1947-1984
45.632018332176195,-118.28962332936446,1972,618,45.89823828516765,-117.82353684557904,1947,46798.4790943014,25,1871.939163772056,580,1947-1984
45.67835612921575,-118.25780343317275,1972,619,45.89823828516765,-117.82353684557904,1947,41683.72844456619,25,1667.3491377826476,580,1947-1984
45.76411169721503,-118.1678555571018,1972,620,45.89823828516765,-117.82353684557904,1947,30626.290570991707,25,1225.0516228396682,580,1947-1984
45.794425006179125,-118.14562988542764,1972,621,45.89823828516765,-117.82353684557904,1947,27551.918473983944,25,1102.0767389593577,580,1947-1984
45.66328206003705,-118.01668840567021,1972,622,45.78746290823576,-117.6802191182697,1947,29606.661079253223,25,1184.266443170129,629,1947-1984
45.608298561715884,-118.0330720501119,1972,623,45.78746290823576,-117.6802191182697,1947,33937.740348766,25,1357.50961395064,629,1947-1984
45.60143866148912,-117.97995292551124,1972,624,45.78746290823576,-117.6802191182697,1947,31185.11536294385,25,1247.404614517754,629,1947-1984
45.7180274204623,-117.98122284178098,1972,625,45.89823828516765,-117.82353684557904,1947,23482.65466589836,25,939.3061866359344,580,1947-1984
45.93400018583265,-118.04787387248902,1972,626,45.89823828516765,-117.82353684557904,1947,17852.266504963936,25,714.0906601985574,580,1947-1984
45.73393255413373,-117.73047584172654,1972,627,45.78746290823576,-117.6802191182697,1947,7119.388384873707,25,284.7755353949483,629,1947-1984
45.822380661303114,-117.71057218149592,1972,628,45.78746290823576,-117.6802191182697,1947,4541.976890249768,25,181.67907560999072,629,1947-1984
45.78746290823576,-117.6802191182697,1947,629,NA,NA,NA,NA,NA,NA,NA,1947-1984
45.754199229353226,-117.63799756976704,1972,630,45.78746290823576,-117.6802191182697,1947,4945.12164453504,25,197.80486578140162,629,1947-1984
45.758982345698115,-117.30200648109987,1972,631,45.78085213778396,-117.56552128282557,1947,20640.787412083006,25,825.6314964833202,662,1947-1984
45.70174149717357,-117.28524468492321,1972,632,45.78085213778396,-117.56552128282557,1947,23517.68800861227,25,940.7075203444907,662,1947-1984
45.63882879025567,-117.26187827683833,1972,633,45.78085213778396,-117.56552128282557,1947,28428.928975820523,25,1137.157159032821,662,1947-1984
48.240834718384534,-118.81853052628175,1973,634,48.33475764342339,-120.16599244441281,1947,100536.86936846017,26,3866.802668017699,890,1947-1984
48.17212330028294,-118.80441324345468,1972,635,48.33475764342339,-120.16599244441281,1947,102712.70947413688,25,4108.5083789654755,890,1947-1984
48.197495697250005,-118.74697319883417,1973,636,48.33475764342339,-120.16599244441281,1947,106447.33829134837,26,4094.128395821091,890,1947-1984
48.143450363935315,-118.63646458029568,1972,637,48.10446509594945,-118.21434160179312,1964,31723.068449123886,8,3965.383556140486,902,1947-1984
48.155677051672455,-118.71232545346204,1973,638,48.10446509594945,-118.21434160179312,1964,37503.47013171711,9,4167.052236857457,902,1947-1984
48.030945889202464,-118.61466603156303,1972,639,48.10446509594945,-118.21434160179312,1964,30934.853466456145,8,3866.856683307018,902,1947-1984
48.06954202912638,-118.57676648069811,1973,640,48.10446509594945,-118.21434160179312,1964,27278.35689368827,9,3030.928543743141,902,1947-1984
44.25972421801627,-118.1562777038672,1973,641,44.191488677772654,-118.3254683626569,1965,15499.71082716584,8,1937.46385339573,921,1947-1984
45.49840841180165,-118.37218247178924,1972,642,45.89823828516765,-117.82353684557904,1947,61649.70902827656,25,2465.9883611310624,580,1947-1984
45.442633547286356,-118.30828971065255,1972,643,45.78746290823576,-117.6802191182697,1947,62198.92543086704,25,2487.9570172346816,629,1947-1984
45.64050999512602,-118.20560624248809,1972,644,45.89823828516765,-117.82353684557904,1947,41276.99782505907,25,1651.079913002363,580,1947-1984
45.48296576115608,-118.17131404554421,1972,645,45.78746290823576,-117.6802191182697,1947,51103.230993780686,25,2044.1292397512275,629,1947-1984
45.56834557635366,-118.36375365102572,1972,646,45.89823828516765,-117.82353684557904,1947,55788.78785232044,25,2231.551514092818,580,1947-1984
45.423096110175955,-118.15015268678785,1972,647,45.78746290823576,-117.6802191182697,1947,54625.87430477712,25,2185.0349721910848,629,1947-1984
45.53725929517748,-118.42904021438743,1973,648,45.89823828516765,-117.82353684557904,1947,61903.67830768007,26,2380.9107041415414,580,1947-1984
45.43667667496863,-118.37861015060963,1972,649,45.78746290823576,-117.6802191182697,1947,66990.08768141785,25,2679.603507256714,629,1947-1984
45.587862880873224,-118.2312191246229,1972,650,45.89823828516765,-117.82353684557904,1947,46867.81973390057,25,1874.7127893560228,580,1947-1984
45.53319486887783,-118.1826073644348,1973,651,45.78746290823576,-117.6802191182697,1947,48287.53398500629,26,1857.212845577165,629,1947-1984
45.37032631067907,-118.18425446784715,1972,652,45.78746290823576,-117.6802191182697,1947,60802.74671386009,25,2432.109868554404,629,1947-1984
45.561734832072446,-118.01638021025599,1972,653,45.78746290823576,-117.6802191182697,1947,36269.414162445064,25,1450.7765664978026,629,1947-1984
45.43340442322892,-118.2411089496489,1972,654,45.78746290823576,-117.6802191182697,1947,58845.21829648738,25,2353.8087318594953,629,1947-1984
45.542550710543416,-117.960150000784,1972,655,45.78746290823576,-117.6802191182697,1947,34883.400119095604,25,1395.3360047638241,629,1947-1984
45.758280946873974,-118.02773109729421,1973,656,45.89823828516765,-117.82353684557904,1947,22220.061214124587,26,854.6177390047918,580,1947-1984
45.496669887349206,-118.25409361975471,1973,657,45.78746290823576,-117.6802191182697,1947,55192.58714140406,26,2122.791813130925,629,1947-1984
48.01865821204466,-118.51953661870876,1973,658,48.10446509594945,-118.21434160179312,1964,24667.976252584558,9,2740.886250287173,902,1947-1984
48.1347423905695,-118.45412033757793,1973,659,48.10446509594945,-118.21434160179312,1964,18166.83562193427,9,2018.53729132603,902,1947-1984
45.82040268570564,-117.63115735955607,1947,660,NA,NA,NA,NA,NA,NA,NA,1947-1984
45.73481606040946,-117.55803709547337,1972,661,45.78085213778396,-117.56552128282557,1947,5149.7769649648135,25,205.99107859859254,662,1947-1984
45.78085213778396,-117.56552128282557,1947,662,NA,NA,NA,NA,NA,NA,NA,1947-1984
45.83516153355858,-117.5624747871361,1973,663,45.82040268570564,-117.63115735955607,1947,5583.282565193785,26,214.74163712283786,660,1947-1984
45.70629943667654,-117.63418436609774,1973,664,45.78746290823576,-117.6802191182697,1947,9706.248404888429,26,373.31724634186264,629,1947-1984
45.783302808290706,-117.81357563548262,1972,665,45.78746290823576,-117.6802191182697,1947,10380.4044563306,25,415.216178253224,629,1947-1984
45.8335757570431,-117.80753865048855,1972,666,45.879873556889635,-117.75848257271305,1947,6402.773340238267,25,256.1109336095307,579,1947-1984
45.89805929586353,-117.89947319648495,1973,667,45.89823828516765,-117.82353684557904,1947,5893.097250966287,26,226.65758657562642,580,1947-1984
45.96010689151197,-117.9006868631537,1973,668,45.98008842236157,-117.82029663325027,1947,6614.651735432239,26,254.40968213200918,585,1947-1984
46.124691490415664,-117.26542654910978,1972,669,46.11889677676176,-117.33375420296046,1947,5320.392714130034,25,212.81570856520136,589,1947-1984
46.104854774161424,-117.51039702415714,1973,670,46.05839269506555,-117.45778691951064,1947,6575.000413889631,26,252.88463130344735,588,1947-1984
46.124305655925056,-117.63401325717915,1972,671,46.01371791710248,-117.64302133650187,1947,12311.86307231347,25,492.4745228925388,583,1947-1984
46.25029413575681,-117.7102571618538,1972,672,46.01371791710248,-117.64302133650187,1947,26804.781545761023,25,1072.191261830441,583,1947-1984
46.000056718263096,-117.7348097279795,1947,673,NA,NA,NA,NA,NA,NA,NA,1947-1984
46.14848918157221,-117.70722897830188,1972,674,46.01371791710248,-117.64302133650187,1947,15782.034798654053,25,631.2813919461621,583,1947-1984
46.25114078087577,-117.63000180454735,1972,675,46.05839269506555,-117.45778691951064,1947,25218.899772464545,25,1008.7559908985818,588,1947-1984
46.09216614400037,-117.8933892674286,1972,676,45.98008842236157,-117.82029663325027,1947,13682.465604273244,25,547.2986241709298,585,1947-1984
46.28111100827732,-117.56240941548216,1972,677,46.09723420683639,-117.38839458694268,1947,24458.344955936693,25,978.3337982374677,591,1947-1984
46.105292771998215,-117.75946883058637,1972,678,46.000056718263096,-117.7348097279795,1947,11851.883150194068,25,474.0753260077627,673,1947-1984
46.11978026044275,-117.83429218631221,1972,679,46.000056718263096,-117.7348097279795,1947,15373.65399394159,25,614.9461597576636,673,1947-1984
46.038828510872854,-117.76318699472037,1972,680,46.000056718263096,-117.7348097279795,1947,4837.448641872225,25,193.49794567488902,673,1947-1984
46.07318473626265,-117.6747403347071,1972,681,46.01371791710248,-117.64302133650187,1947,7051.099776537971,25,282.04399106151885,583,1947-1984
46.027304191071686,-118.01923936482189,1972,682,45.98008842236157,-117.82029663325027,1947,16278.890056766499,25,651.15560227066,585,1947-1984
46.09472044519805,-117.57208446276202,1973,683,46.01966344351405,-117.51810214510901,1947,9330.162291553457,26,358.8523958289791,587,1947-1984
45.978271913785925,-117.98357342848051,1972,684,45.98008842236157,-117.82029663325027,1947,12654.310851992208,25,506.17243407968834,585,1947-1984
46.253654995792154,-117.79577661450628,1972,685,46.000056718263096,-117.7348097279795,1947,28579.508452225426,25,1143.180338089017,673,1947-1984
46.19851889093789,-117.67672312719405,1972,686,46.01371791710248,-117.64302133650187,1947,20705.858540382895,25,828.2343416153158,583,1947-1984
46.16300670179435,-117.7909610043191,1972,687,46.000056718263096,-117.7348097279795,1947,18625.834404387406,25,745.0333761754962,673,1947-1984
46.16966874956679,-117.60969057580816,1972,688,46.05839269506555,-117.45778691951064,1947,17055.13657073418,25,682.2054628293672,588,1947-1984
45.895725122561544,-117.99120112627624,1972,689,45.89823828516765,-117.82353684557904,1947,13014.906332226996,25,520.5962532890799,580,1947-1984
45.87394092144355,-118.0619703476478,1972,690,45.89823828516765,-117.82353684557904,1947,18703.70206611515,25,748.148082644606,580,1947-1984
46.23021745128375,-117.55686247231802,1972,691,46.09723420683639,-117.38839458694268,1947,19692.58551794696,25,787.7034207178784,591,1947-1984
45.992858405202256,-118.04835772593812,1973,692,45.98008842236157,-117.82029663325027,1947,17727.57779558966,26,681.8299152149868,585,1947-1984
46.05166586242761,-117.95702628721575,1972,693,45.98008842236157,-117.82029663325027,1947,13244.371380635843,25,529.7748552254337,585,1947-1984
46.29361687721135,-117.49308058938506,1972,694,46.11889677676176,-117.33375420296046,1947,22986.286457216946,25,919.4514582886778,589,1947-1984
46.09322031092824,-117.18031054540805,1972,695,46.077133682354756,-117.30483637249861,1947,9795.941374670469,25,391.83765498681873,590,1947-1984
45.876958894955294,-118.15631914145861,1973,696,45.89823828516765,-117.82353684557904,1947,25938.602316632176,26,997.638550639699,580,1947-1984
46.30361174894379,-117.67614647925627,1973,697,46.09723420683639,-117.38839458694268,1947,31929.676322620766,26,1228.0644739469526,591,1947-1984
46.206739605059525,-117.77089069125958,1972,698,46.000056718263096,-117.7348097279795,1947,23142.2554074826,25,925.690216299304,673,1947-1984
46.14346854489049,-117.55256000346078,1972,699,46.05839269506555,-117.45778691951064,1947,11963.4983697038,25,478.53993478815204,588,1947-1984
46.067739307810236,-117.82075707751089,1973,700,45.98008842236157,-117.82029663325027,1947,9742.617666555654,26,374.7160640982944,585,1947-1984
46.14717133056923,-117.92386161729314,1972,701,45.98008842236157,-117.82029663325027,1947,20226.72275415177,25,809.0689101660709,585,1947-1984
44.98749918161726,-117.30670166219907,1973,702,45.78085213778396,-117.56552128282557,1947,90472.528441543,26,3479.7126323670386,662,1947-1984
45.02422418363278,-117.30862909988696,1973,703,45.78085213778396,-117.56552128282557,1947,86463.04217386208,26,3325.5016220716184,662,1947-1984
44.963179622525544,-117.23827055392793,1973,704,45.78085213778396,-117.56552128282557,1947,94421.62631867082,26,3631.6010122565704,662,1947-1984
45.011100629168865,-116.99779544564576,1973,705,45.78085213778396,-117.56552128282557,1947,96409.52821773314,26,3708.0587776051207,662,1947-1984
45.03249187969177,-117.36543458150828,1973,706,45.78085213778396,-117.56552128282557,1947,84634.66479657873,26,3255.179415253028,662,1947-1984
45.08518711057401,-117.30345651174316,1973,707,45.78085213778396,-117.56552128282557,1947,79989.54557444193,26,3076.520983632382,662,1947-1984
45.050967681600284,-116.95615836943387,1973,708,45.78085213778396,-117.56552128282557,1947,94102.34201526435,26,3619.3208467409368,662,1947-1984
45.27228217892495,-116.72933416775182,1973,709,45.78085213778396,-117.56552128282557,1947,86382.76423457259,26,3322.4140090220226,662,1947-1984
45.30172115348667,-116.78827676775045,1973,710,45.78085213778396,-117.56552128282557,1947,80749.90764427916,26,3105.7656786261214,662,1947-1984
45.51136520608055,-116.61599999490787,1973,711,45.78085213778396,-117.56552128282557,1947,79850.21691097708,26,3071.1621888837335,662,1947-1984
45.703615995623736,-117.44549072627113,1973,712,45.78085213778396,-117.56552128282557,1947,12686.561640350554,26,487.9446784750213,662,1947-1984
45.79156591546699,-117.47933043001103,1973,713,45.78085213778396,-117.56552128282557,1947,6807.259102315335,26,261.81765778135906,662,1947-1984
45.66158449343295,-117.41336524080974,1972,714,45.78085213778396,-117.56552128282557,1947,17777.55471100653,25,711.1021884402612,662,1947-1984
45.70354413735144,-117.36204084920034,1973,715,45.78085213778396,-117.56552128282557,1947,18016.31789033212,26,692.9353034743124,662,1947-1984
45.75635681769887,-117.43089084628787,1973,716,45.78085213778396,-117.56552128282557,1947,10820.423793693035,26,416.1701459112706,662,1947-1984
45.7686628807792,-117.37356909452485,1973,717,45.78085213778396,-117.56552128282557,1947,14990.810863062114,26,576.5696485793121,662,1947-1984
45.82957639863842,-117.31226429364716,1973,718,45.78085213778396,-117.56552128282557,1947,20418.131181470602,26,785.3127377488693,662,1947-1984
45.79023518011547,-117.270910129424,1973,719,45.78085213778396,-117.56552128282557,1947,22933.27160202215,26,882.0489077700827,662,1947-1984
45.85079220540491,-117.10312426765816,1973,720,46.077133682354756,-117.30483637249861,1947,29620.76548277577,26,1139.260210875991,590,1947-1984
45.81443534555722,-117.07505671585557,1973,721,46.077133682354756,-117.30483637249861,1947,34205.541823194646,26,1315.5977624305633,590,1947-1984
45.831360835318385,-117.16339724874686,1973,722,46.077133682354756,-117.30483637249861,1947,29436.34318082946,26,1132.1670454165176,590,1947-1984
46.20900779480609,-117.4817990927779,1972,723,46.09723420683639,-117.38839458694268,1947,14367.362601407876,25,574.694504056315,591,1947-1984
42.06813038684523,-121.30800102363325,1965,724,43.7432333036248,-119.74853432093256,1947,225485.2906024189,18,12526.960589023272,886,1947-1984
48.88428792399418,-119.22666241518185,1981,725,48.92884965692418,-119.30626916144936,1972,7656.06637285634,9,850.6740414284823,611,1947-1984
43.657206167811765,-115.55918729828404,1991,726,43.709374712261386,-115.31776812016155,1983,20310.63389214893,8,2538.829236518616,741,1985-2010
43.749735305549144,-115.71930003739506,1991,727,43.709374712261386,-115.31776812016155,1983,32660.557309563384,8,4082.569663695423,741,1985-2010
43.77525883556482,-115.65894623661649,1991,728,43.709374712261386,-115.31776812016155,1983,28440.916006705236,8,3555.1145008381545,741,1985-2010
43.8463555160016,-115.60144110671571,1991,729,43.709374712261386,-115.31776812016155,1983,27443.887724564607,8,3430.485965570576,741,1985-2010
44.363069967030206,-116.17505850553228,1991,730,44.47622384672082,-116.23238001725531,1982,13376.750402506796,9,1486.305600278533,878,1985-2010
44.26240775147871,-116.16952120591182,1991,731,44.37827032896586,-115.93545295854229,1981,22680.622644390565,10,2268.0622644390564,478,1985-2010
44.361381774949464,-116.08666608032058,1991,732,44.37827032896586,-115.93545295854229,1981,12197.864164770266,10,1219.7864164770267,478,1985-2010
44.43585338649438,-116.22330259813346,1991,733,44.47622384672082,-116.23238001725531,1982,4543.815476926175,9,504.86838632513053,878,1985-2010
44.592249410245415,-116.97018080918568,1982,734,45.78085213778396,-117.56552128282557,1947,140136.07872194026,35,4003.8879634840073,662,1947-1984
44.53594392746811,-117.01000825140275,1982,735,45.78085213778396,-117.56552128282557,1947,145082.97663765866,35,4145.227903933104,662,1947-1984
44.667449753663895,-116.88938766080041,1991,736,44.592249410245415,-116.97018080918568,1982,10532.608944625228,9,1170.2898827361364,734,1985-2010
44.644981527226214,-116.94089668162586,1991,737,44.592249410245415,-116.97018080918568,1982,6303.9297594815835,9,700.4366399423982,734,1985-2010
44.60341623472662,-116.88997771312445,1991,738,44.592249410245415,-116.97018080918568,1982,6487.621787731564,9,720.8468653035071,734,1985-2010
43.55923553427208,-115.4743498011684,1991,739,43.709374712261386,-115.31776812016155,1983,20926.63261786071,8,2615.8290772325886,741,1985-2010
43.74380791731921,-115.48728181763603,1991,740,43.709374712261386,-115.31776812016155,1983,14184.016018922754,8,1773.0020023653442,741,1985-2010
43.709374712261386,-115.31776812016155,1983,741,45.78085213778396,-117.56552128282557,1947,290969.3984867139,36,8082.483291297608,662,1947-1984
43.726997498470205,-115.40231075413477,1991,742,43.709374712261386,-115.31776812016155,1983,7088.6392253811855,8,886.0799031726482,741,1985-2010
43.707801725911544,-115.5243132573641,1991,743,43.709374712261386,-115.31776812016155,1983,16647.979817935433,8,2080.997477241929,741,1985-2010
43.6184800637869,-115.0669483152229,1981,744,45.78085213778396,-117.56552128282557,1947,311346.77465853613,34,9157.258078192239,662,1947-1984
43.585843014213765,-115.31371001430384,1991,745,43.56882039752357,-115.19453608377188,1983,9810.115648194243,8,1226.2644560242804,765,1985-2010
43.55250360423901,-115.37277226369442,1991,746,43.56882039752357,-115.19453608377188,1983,14514.365707351299,8,1814.2957134189123,765,1985-2010
43.78907268260133,-115.25768407757437,1991,747,43.709374712261386,-115.31776812016155,1983,10091.133979392871,8,1261.3917474241089,741,1985-2010
43.65741172086157,-115.15698274826333,1991,748,43.584836137001936,-115.13852075400892,1981,8200.035602464266,10,820.0035602464266,771,1985-2010
43.68356461914326,-115.20878258829903,1991,749,43.709374712261386,-115.31776812016155,1983,9241.913707195868,8,1155.2392133994836,741,1985-2010
43.767598130950105,-115.40841545265401,1991,750,43.709374712261386,-115.31776812016155,1983,9755.640802574657,8,1219.455100321832,741,1985-2010
43.61541483536291,-115.35390634650874,1991,751,43.709374712261386,-115.31776812016155,1983,10838.782574045808,8,1354.847821755726,741,1985-2010
43.71729690552526,-115.25524355545284,1991,752,43.709374712261386,-115.31776812016155,1983,5115.239615932793,8,639.4049519915991,741,1985-2010
43.63353062181776,-114.9787489978874,1991,753,43.6184800637869,-115.0669483152229,1981,7312.186187755751,10,731.2186187755751,744,1985-2010
43.671308844955846,-115.3802137406386,1991,754,43.709374712261386,-115.31776812016155,1983,6575.228447640826,8,821.9035559551032,741,1985-2010
43.7627900821769,-115.172908606944,1991,755,43.709374712261386,-115.31776812016155,1983,13092.409290563515,8,1636.5511613204394,741,1985-2010
43.511817740818174,-115.36000689451312,1991,756,43.56882039752357,-115.19453608377188,1983,14797.57286588521,8,1849.6966082356512,765,1985-2010
43.68790626243514,-115.4591024535876,1991,757,43.709374712261386,-115.31776812016155,1983,11640.12247331582,8,1455.0153091644775,741,1985-2010
43.482039095185115,-115.4524343108492,1991,758,43.584836137001936,-115.13852075400892,1981,27826.12327763756,10,2782.6123277637557,771,1985-2010
43.66727912368195,-115.08721104438011,1991,759,43.6184800637869,-115.0669483152229,1981,5662.968289905897,10,566.2968289905897,744,1985-2010
43.79646536787522,-115.33639206160011,1991,760,43.709374712261386,-115.31776812016155,1983,9791.980599769939,8,1223.9975749712423,741,1985-2010
43.65058958065784,-115.32903863084051,1991,761,43.709374712261386,-115.31776812016155,1983,6594.305592073128,8,824.288199009141,741,1985-2010
43.63151993053838,-115.26994428463931,1991,762,43.56882039752357,-115.19453608377188,1983,9252.016717741744,8,1156.502089717718,765,1985-2010
43.852650176122886,-115.41377127429922,1991,763,43.709374712261386,-115.31776812016155,1983,17695.838444857545,8,2211.979805607193,741,1985-2010
43.84641883376814,-115.47657859608964,1991,764,43.709374712261386,-115.31776812016155,1983,19882.35217325935,8,2485.294021657419,741,1985-2010
43.56882039752357,-115.19453608377188,1983,765,43.584836137001936,-115.13852075400892,1981,4861.911150994214,2,2430.955575497107,771,1947-1984
43.521556923165946,-115.2455126244117,1991,766,43.56882039752357,-115.19453608377188,1983,6674.324543450475,8,834.2905679313094,765,1985-2010
43.480931792315864,-115.22723873238536,1991,767,43.56882039752357,-115.19453608377188,1983,10116.260300488319,8,1264.5325375610398,765,1985-2010
43.493586908013285,-115.17467989733133,1991,768,43.584836137001936,-115.13852075400892,1981,10550.92442479357,10,1055.092442479357,771,1985-2010
43.532061893080844,-115.13095971263444,1991,769,43.584836137001936,-115.13852075400892,1981,5895.150487777077,10,589.5150487777076,771,1985-2010
43.56206848539419,-115.04642591057255,1991,770,43.6184800637869,-115.0669483152229,1981,6482.981843370499,10,648.2981843370499,744,1985-2010
43.584836137001936,-115.13852075400892,1981,771,45.78085213778396,-117.56552128282557,1947,310732.9206750105,34,9139.203549265014,662,1947-1984
43.481000405315896,-115.10176484991739,1991,772,43.584836137001936,-115.13852075400892,1981,11912.915185453732,10,1191.2915185453733,771,1985-2010
43.77360213488982,-115.11180773947572,1991,773,43.6184800637869,-115.0669483152229,1981,17610.348645640992,10,1761.0348645640993,744,1985-2010
43.83798408234753,-115.18546581454575,1991,774,43.709374712261386,-115.31776812016155,1983,17822.707571321098,8,2227.8384464151372,741,1985-2010
41.635766475074455,-111.47114129898173,1991,775,43.957273085377274,-119.017454283501,1947,668731.3665786322,44,15198.440149514367,598,1985-2010
43.44218655955438,-114.7075742202621,1991,776,43.51090548712625,-114.81106526915538,1981,11331.445455593179,10,1133.144545559318,1046,1985-2010
44.693147820046775,-116.95305359197253,1992,777,44.592249410245415,-116.97018080918568,1982,11294.349428424423,10,1129.4349428424423,734,1985-2010
43.67014168927478,-115.63647802503367,1992,778,43.709374712261386,-115.31776812016155,1983,26062.43062148868,9,2895.825624609853,741,1985-2010
43.597540309293244,-115.55832718400248,1991,779,43.709374712261386,-115.31776812016155,1983,23043.299785504398,8,2880.4124731880497,741,1985-2010
43.456648975123336,-115.51579971170862,1992,780,43.584836137001936,-115.13852075400892,1981,33663.63620843649,11,3060.330564403317,771,1985-2010
43.465273560798316,-115.3343663088744,1992,781,43.56882039752357,-115.19453608377188,1983,16129.829776366641,9,1792.2033084851823,765,1985-2010
43.7070957519851,-115.73360167670619,1992,782,43.709374712261386,-115.31776812016155,1983,33516.353791533234,9,3724.0393101703594,741,1985-2010
43.975256111808584,-115.6630429432843,1991,783,44.37827032896586,-115.93545295854229,1981,49798.50311504228,10,4979.850311504228,478,1985-2010
44.27274187879535,-115.96754173483598,1991,784,44.37827032896586,-115.93545295854229,1981,12002.27981603494,10,1200.2279816034938,478,1985-2010
44.200966487197846,-116.06818532827643,1992,785,44.37827032896586,-115.93545295854229,1981,22369.3416446166,11,2033.5765131469636,478,1985-2010
43.8658752099159,-115.33582590934473,1991,786,43.709374712261386,-115.31776812016155,1983,17449.115632218844,8,2181.1394540273554,741,1985-2010
43.851110231209056,-115.26994394636306,1991,787,43.709374712261386,-115.31776812016155,1983,16211.712020467145,8,2026.464002558393,741,1985-2010
43.9217071124898,-115.38112800172709,1991,788,43.709374712261386,-115.31776812016155,1983,24136.402416316698,8,3017.050302039587,741,1985-2010
43.991227692543085,-115.42939428268977,1991,789,43.709374712261386,-115.31776812016155,1983,32577.343562160553,8,4072.167945270069,741,1985-2010
43.98766856929728,-115.48861107802873,1991,790,43.709374712261386,-115.31776812016155,1983,33835.29234276197,8,4229.411542845246,741,1985-2010
43.88701828829701,-119.10298568687539,1993,791,43.957273085377274,-119.017454283501,1947,10398.041684143047,46,226.04438443789232,598,1985-2010
43.927089715045156,-119.05407434522577,1992,792,43.957273085377274,-119.017454283501,1947,4459.932078699246,45,99.10960174887212,598,1985-2010
43.96751766142697,-119.13858261040428,1981,793,43.957273085377274,-119.017454283501,1947,9787.790305607765,34,287.8761854590519,598,1947-1984
36.693872178178424,-118.93097565483076,1998,794,36.70604,-118.815491,1986,10407.695476890764,12,867.3079564075637,2166,1985-2010
44.97929158630151,-117.0561849640911,1974,795,45.78085213778396,-117.56552128282557,1947,97608.68426788287,27,3615.136454366032,662,1947-1984
45.10078532322824,-116.96019095528274,1973,796,45.78085213778396,-117.56552128282557,1947,89194.83171269423,26,3430.5704504882397,662,1947-1984
46.80782586185448,-116.88977750259228,1982,797,46.11889677676176,-117.33375420296046,1947,83831.62221815044,35,2395.1892062328698,589,1947-1984
46.84301503288713,-116.75239536545145,1981,798,46.11889677676176,-117.33375420296046,1947,92043.49414864724,34,2707.161592607272,589,1947-1984
46.87462063167735,-116.88062128499726,2000,799,46.82112968532457,-116.81999305599072,1981,7532.854105554159,19,396.46600555548207,801,1985-2010
46.89135017628948,-116.77408411472676,1987,800,46.84301503288713,-116.75239536545145,1981,5622.032077976274,6,937.005346329379,798,1985-2010
46.82112968532457,-116.81999305599072,1981,801,46.11889677676176,-117.33375420296046,1947,87466.55638730653,34,2572.545776097251,589,1947-1984
46.830040350541665,-116.95225750281094,1982,802,46.11889677676176,-117.33375420296046,1947,84305.56151712703,35,2408.7303290607724,589,1947-1984
46.75879774205661,-116.83895598354712,2000,803,46.80782586185448,-116.88977750259228,1982,6690.806474891982,18,371.71147082733233,797,1985-2010
46.82433024232179,-116.67139885196895,1982,804,46.11889677676176,-117.33375420296046,1947,93470.76027870207,35,2670.5931508200592,589,1947-1984
47.07832361036796,-116.9328430480312,1981,805,47.05108759924874,-116.89042386328411,1979,4421.711935296063,2,2210.8559676480313,806,1947-1984
47.05108759924874,-116.89042386328411,1979,806,46.11889677676176,-117.33375420296046,1947,109052.81321624538,32,3407.9004130076682,589,1947-1984
47.12184226695407,-116.9831020008683,1983,807,47.05108759924874,-116.89042386328411,1979,10554.516158077557,4,2638.629039519389,806,1947-1984
47.0959871234351,-116.8312922453797,2000,808,47.05108759924874,-116.89042386328411,1979,6714.6277810369875,21,319.74418004938036,806,1985-2010
47.033267975254844,-116.97338583819514,2000,809,47.07832361036796,-116.9328430480312,1981,5880.273059677988,19,309.4880557725257,805,1985-2010
43.07622378711811,-116.70657356452128,2000,810,43.02098782187398,-116.70645643971967,1986,6136.374247826249,14,438.3124462733035,172,1985-2010
43.01297924397173,-116.65099550406585,2000,811,43.02098782187398,-116.70645643971967,1986,4607.801990028162,14,329.12871357344017,172,1985-2010
46.881036921728786,-116.59755888453805,1982,812,46.11889677676176,-117.33375420296046,1947,101837.83864737094,35,2909.652532782027,589,1947-1984
44.881057257230786,-119.5208375906261,2001,813,44.891935995875585,-119.60102895188913,1980,6449.624627129828,21,307.12498224427753,814,1985-2010
44.891935995875585,-119.60102895188913,1980,814,43.926464014023125,-119.37427193419819,1947,108793.12427665392,33,3296.7613417167854,889,1947-1984
45.83610679534491,-117.87277231296794,2000,815,45.89823828516765,-117.82353684557904,1947,7893.435951562109,53,148.93275380305866,580,1985-2010
46.77125249831526,-116.7313773783392,1983,816,46.11889677676176,-117.33375420296046,1947,86028.39821289711,36,2389.677728136031,589,1947-1984
46.86897029467584,-116.96816233659023,2000,817,46.830040350541665,-116.95225750281094,1982,4494.552336148693,18,249.69735200826074,802,1985-2010
46.88889258139346,-116.68151374369027,1987,818,46.84301503288713,-116.75239536545145,1981,7430.965674043495,6,1238.4942790072491,798,1985-2010
47.0265213667783,-116.8228151989226,1982,819,47.05108759924874,-116.89042386328411,1979,5819.025837758128,3,1939.6752792527093,806,1947-1984
46.96587676287788,-116.77673062489633,1984,820,47.05108759924874,-116.89042386328411,1979,12825.17156880895,5,2565.03431376179,806,1947-1984
47.195193343867125,-116.84457983595989,1983,821,46.11889677676176,-117.33375420296046,1947,125366.61700869813,36,3482.4060280193926,589,1947-1984
42.97674925502767,-116.70068746144311,2000,822,42.92973186917141,-116.66793435451905,1981,5867.356493935081,19,308.808236522899,823,1985-2010
42.92973186917141,-116.66793435451905,1981,823,43.957273085377274,-119.017454283501,1947,221815.83103288003,34,6523.995030378825,598,1947-1984
47.04317582218871,-116.46214649701464,1985,824,46.11889677676176,-117.33375420296046,1947,122553.50853242852,38,3225.0923298007506,589,1985-2010
46.98836583580655,-116.42946559374555,1985,825,46.11889677676176,-117.33375420296046,1947,118954.6259914223,38,3130.384894511113,589,1985-2010
47.00280772730372,-116.34075483049394,1985,826,46.11889677676176,-117.33375420296046,1947,124303.20745031098,38,3271.137038166078,589,1985-2010
46.97875468227207,-116.37558395360001,2001,827,47.00280772730372,-116.34075483049394,1985,3764.2609333076557,16,235.26630833172848,826,1985-2010
47.03139850700214,-116.55602884481844,1984,828,46.11889677676176,-117.33375420296046,1947,117657.15253755247,37,3179.923041555472,589,1947-1984
47.0881849427545,-116.47408034631913,2001,829,47.04317582218871,-116.46214649701464,1985,5085.214011781612,16,317.8258757363507,824,1985-2010
46.94953828985506,-116.49503990074574,2001,830,46.98836583580655,-116.42946559374555,1985,6598.0344632841625,16,412.37715395526016,825,1985-2010
46.905337761699535,-116.52648852850558,2001,831,46.881036921728786,-116.59755888453805,1982,6052.4453101006275,19,318.5497531631909,812,1985-2010
45.21400137413727,-116.91631942841187,1981,832,45.183263039278344,-116.83994565591263,1973,6905.197782688505,8,863.1497228360631,990,1947-1984
45.260774336068145,-116.95904905593895,1981,833,45.183263039278344,-116.83994565591263,1973,12716.701187637625,8,1589.5876484547032,990,1947-1984
45.30493333519577,-116.90143751973687,1981,834,45.30172115348667,-116.78827676775045,1973,8882.340831585245,8,1110.2926039481556,710,1947-1984
37.4588081691948,-119.58419470292715,1984,835,37.39843576198684,-119.57241403373324,1982,6781.118701758948,2,3390.559350879474,1997,1947-1984
37.48266194013326,-119.69004308421923,2000,836,37.500782859422756,-119.62436511896664,1984,6146.589444299317,16,384.1618402687073,235,1985-2010
37.52830361342323,-119.73767503582613,2000,837,37.500782859422756,-119.62436511896664,1984,10472.855649352066,16,654.5534780845041,235,1985-2010
41.288226959244135,-121.72122716620571,2006,838,41.422253,-121.11689500000001,1980,52716.59481343609,26,2027.5613389783111,2003,1985-2010
50.74510658029524,-121.138647537064,2009,839,50.814713639653405,-121.13361587071373,1999,7751.499652879866,10,775.1499652879866,843,1985-2010
50.72830267868302,-120.9928067471439,2009,840,50.814713639653405,-121.13361587071373,1999,13822.70094861472,10,1382.270094861472,843,1985-2010
50.794195749335806,-121.01500558869321,2009,841,50.814713639653405,-121.13361587071373,1999,8667.066995759411,10,866.7066995759411,843,1985-2010
50.89059027865773,-120.97400882183291,2009,842,50.814713639653405,-121.13361587071373,1999,14056.151228880994,10,1405.6151228880994,843,1985-2010
50.814713639653405,-121.13361587071373,1999,843,48.33597901136478,-120.25533908356135,1947,282904.59434911574,52,5440.472968252226,586,1985-2010
50.82355867839032,-120.95763233610495,2009,844,50.814713639653405,-121.13361587071373,1999,12440.572014765012,10,1244.0572014765012,843,1985-2010
50.82260030910864,-121.23240959978007,2009,845,50.814713639653405,-121.13361587071373,1999,7017.151685044523,10,701.7151685044523,843,1985-2010
47.58452094133835,-116.98858664095623,2010,846,47.733274950058345,-117.27644428963674,1964,27222.757538316328,46,591.7990769199201,917,1985-2010
47.633373290404045,-116.98014129551271,2009,847,47.7215951843671,-117.10793324230502,1983,13721.998962911466,26,527.7691908812102,2004,1985-2010
47.66962486452374,-116.94947599550473,2009,848,47.7215951843671,-117.10793324230502,1983,13223.591278094553,26,508.5996645420982,2004,1985-2010
47.29239661828449,-116.78676895431884,1982,849,47.733274950058345,-117.27644428963674,1964,61344.50419970659,18,3408.0280110948106,917,1947-1984
47.28998624115232,-116.87528209631986,2001,850,47.29239661828449,-116.78676895431884,1982,6700.653473480526,19,352.66597228844876,849,1985-2010
47.232024296366745,-116.81328473394261,1982,851,47.733274950058345,-117.27644428963674,1964,65758.96353523344,18,3653.2757519574134,917,1947-1984
47.26669113185838,-116.93928751263483,2001,852,47.339281738074725,-116.93061645555815,1983,8096.984782370975,18,449.83248790949864,854,1985-2010
47.29357150432816,-116.71428564458341,2007,853,47.24821797963245,-116.70452612533538,1983,5096.02501627595,24,212.3343756781646,1376,1985-2010
47.339281738074725,-116.93061645555815,1983,854,47.733274950058345,-117.27644428963674,1964,50958.91454084555,19,2682.0481337287133,917,1947-1984
47.31908102500338,-117.02564716693432,2001,855,47.339281738074725,-116.93061645555815,1983,7526.0511067892285,18,418.1139503771794,854,1985-2010
47.64695665230908,-116.89735958336759,2008,856,47.733274950058345,-117.27644428963674,1964,30033.000151168202,44,682.5681852538228,917,1985-2010
45.91635604920266,-115.81383760050399,2011,857,45.64002894359061,-116.58984074613657,1973,67716.54075960415,38,1782.0142305158986,994,2011-2025
45.952802385223,-115.76063366975856,2011,858,46.08690368786243,-115.74881307493851,2001,14933.66692639886,10,1493.366692639886,1363,2011-2025
45.993536825069945,-115.79145014092647,2011,859,46.08690368786243,-115.74881307493851,2001,10890.087817154066,10,1089.0087817154067,1363,2011-2025
45.95940781117602,-115.82481377849447,2011,860,46.08690368786243,-115.74881307493851,2001,15344.682375533795,10,1534.4682375533796,1363,2011-2025
45.99655609383831,-115.43715717424358,2011,861,46.089972809212725,-115.65064039047344,2001,19515.78569102164,10,1951.578569102164,1373,2011-2025
45.95672381387995,-115.39796208254094,2011,862,46.077133682354756,-117.30483637249861,1947,148269.3635298013,64,2316.7088051531455,590,2011-2025
45.98498714405593,-115.34010149285135,2011,863,46.077133682354756,-117.30483637249861,1947,152450.18191421736,64,2382.0340924096463,590,2011-2025
47.166371971166505,-116.80215790791063,1982,864,46.11889677676176,-117.33375420296046,1947,123348.57014334493,35,3524.2448612384264,589,1947-1984
39.76959090451876,-120.80155613348741,2013,865,39.701194512398246,-120.9976767386393,1988,18447.51776778569,25,737.9007107114276,238,2011-2025
39.281247311924055,-105.02704463020605,2015,866,39.3212355606386,-105.06794513878596,1986,5670.65059915208,29,195.53967583283034,385,2011-2025
44.188366356409375,-116.1320855685883,2018,867,44.200966487197846,-116.06818532827643,1992,5296.795735504218,26,203.72291290400838,785,2011-2025
44.14496837297044,-116.1561352499409,2018,868,44.200966487197846,-116.06818532827643,1992,9390.853692373574,26,361.18668047590666,785,2011-2025
44.39885086962834,-115.88144391232382,2018,869,44.37827032896586,-115.93545295854229,1981,4873.392945197582,37,131.71332284317788,478,2011-2025
44.32755152154092,-115.96473037538996,2018,870,44.323257834753285,-115.91283130992016,1991,4167.210735368629,27,154.34113834698624,871,2011-2025
44.323257834753285,-115.91283130992016,1991,871,44.37827032896586,-115.93545295854229,1981,6373.480279562701,10,637.3480279562701,478,1985-2010
44.41224096650429,-116.07114762218295,2018,872,44.361381774949464,-116.08666608032058,1991,5785.163620091938,27,214.26531926266438,732,2011-2025
44.75354680738031,-116.20653066122617,1991,873,44.55525295597362,-116.17207628939933,1981,22204.23296489611,10,2220.423296489611,1493,1985-2010
44.70941289872305,-116.2304204716552,2018,874,44.75354680738031,-116.20653066122617,1991,5256.884871377664,27,194.69943968065422,873,2011-2025
44.42401022211661,-115.82234008540938,2018,875,44.38376260383643,-115.78670509587782,1991,5297.149565873412,27,196.19072466197824,876,2011-2025
44.38376260383643,-115.78670509587782,1991,876,44.37827032896586,-115.93545295854229,1981,11869.58428417878,10,1186.958428417878,478,1985-2010
44.45123029398095,-115.77260754616832,2018,877,44.38376260383643,-115.78670509587782,1991,7580.64155815462,27,280.7645021538748,876,2011-2025
44.47622384672082,-116.23238001725531,1982,878,45.78085213778396,-117.56552128282557,1947,178938.99441974904,35,5112.542697707116,662,1947-1984
44.47644280869888,-116.08848024004457,2019,879,44.55525295597362,-116.17207628939933,1981,10994.163948631483,38,289.3201039113548,1493,2011-2025
44.54477922912477,-116.25017191677433,2018,880,44.55525295597362,-116.17207628939933,1981,6313.798509175411,37,170.64320295068677,1493,2011-2025
44.61405702582817,-116.24003466500389,2018,881,44.650888,-116.28135400000001,1991,5244.124037797347,27,194.22681621471656,1862,2011-2025
44.63938388556944,-116.1459495283673,2019,882,44.55525295597362,-116.17207628939933,1981,9576.330395175957,38,252.0086946098936,1493,2011-2025
44.489470136149805,-115.81327731853334,2018,883,44.37827032896586,-115.93545295854229,1981,15726.116616237869,37,425.0301788172397,478,2011-2025
44.567394918024355,-115.92984647705508,2019,884,44.55525295597362,-116.17207628939933,1981,19291.461292365002,38,507.67003400960533,1493,2011-2025
44.23829285871108,-118.67512140387187,1981,885,44.22458115832618,-118.91864953845595,1965,19515.935051082182,16,1219.7459406926364,604,1947-1984
43.7432333036248,-119.74853432093256,1947,886,NA,NA,NA,NA,NA,NA,NA,1947-1984
43.84597703520053,-119.5457545256625,1947,887,NA,NA,NA,NA,NA,NA,NA,1947-1984
43.8606351051261,-119.72827507829138,1947,888,NA,NA,NA,NA,NA,NA,NA,1947-1984
43.926464014023125,-119.37427193419819,1947,889,NA,NA,NA,NA,NA,NA,NA,1947-1984
48.33475764342339,-120.16599244441281,1947,890,NA,NA,NA,NA,NA,NA,NA,1947-1984
47.738139989005624,-117.60236488480034,1963,891,46.11889677676176,-117.33375420296046,1947,181168.66041790432,16,11323.04127611902,589,1947-1984
48.59297857961717,-117.85711731960347,1963,892,48.33475764342339,-120.16599244441281,1947,173140.7788549074,16,10821.298678431713,890,1947-1984
48.873350266357924,-118.62359559633474,1963,893,48.33475764342339,-120.16599244441281,1947,128552.31868279468,16,8034.519917674667,890,1947-1984
47.82263362882947,-117.27149800259964,1963,894,46.11889677676176,-117.33375420296046,1947,189464.10024657735,16,11841.506265411084,589,1947-1984
47.93822214503429,-117.53535948133536,1963,895,48.33475764342339,-120.16599244441281,1947,200685.69462747773,16,12542.855914217358,890,1947-1984
48.01523595763584,-117.4918054816587,1963,896,48.33475764342339,-120.16599244441281,1947,202023.72461783618,16,12626.482788614761,890,1947-1984
48.01736551058376,-117.25154796567936,1963,897,46.11889677676176,-117.33375420296046,1947,211149.19135079032,16,13196.824459424395,589,1947-1984
48.03332203928021,-117.41647358688864,1963,898,48.33475764342339,-120.16599244441281,1947,207170.33937150717,16,12948.146210719198,890,1947-1984
43.95582857662694,-119.57704862934246,1964,899,43.84597703520053,-119.5457545256625,1947,12461.8850528455,17,733.0520619320882,887,1947-1984
43.974573814999275,-119.51280085747088,1964,900,43.926464014023125,-119.37427193419819,1947,12338.214812573897,17,725.7773419161116,889,1947-1984
44.2794109487141,-118.9734505613018,1964,901,43.957273085377274,-119.017454283501,1947,35967.094684749405,17,2115.7114520440828,598,1947-1984
48.10446509594945,-118.21434160179312,1964,902,48.33475764342339,-120.16599244441281,1947,147262.56762836297,17,8662.503978138999,890,1947-1984
48.13513584790325,-118.16677695939366,1964,903,48.33475764342339,-120.16599244441281,1947,150158.61889525718,17,8832.859935015129,890,1947-1984
48.980538116885945,-118.5120245172848,1964,904,48.33475764342339,-120.16599244441281,1947,141433.42864877163,17,8319.613449927743,890,1947-1984
47.750956119034974,-118.06206939317859,1964,905,48.33475764342339,-120.16599244441281,1947,169768.3454171565,17,9986.373259832735,890,1947-1984
47.775228156503964,-117.93221483697288,1964,906,48.33475764342339,-120.16599244441281,1947,177753.62584177958,17,10456.09563775174,890,1947-1984
48.398044284266085,-118.0166107575245,1964,907,48.33475764342339,-120.16599244441281,1947,159409.4610705079,17,9377.027121794583,890,1947-1984
48.50519350458949,-118.11470465299651,1964,908,48.33475764342339,-120.16599244441281,1947,153005.02464499022,17,9000.295567352367,890,1947-1984
48.51273106085122,-117.93470449219305,1964,909,48.33475764342339,-120.16599244441281,1947,166317.98320518289,17,9783.410776775463,890,1947-1984
48.570833171342024,-118.03658811280492,1964,910,48.33475764342339,-120.16599244441281,1947,159679.08278740066,17,9392.887222788275,890,1947-1984
48.63101507568843,-117.9178195080846,1964,911,48.59297857961717,-117.85711731960347,1963,6158.4145148431935,1,6158.4145148431935,892,1947-1984
48.6310313661784,-118.06239480507979,1964,912,48.33475764342339,-120.16599244441281,1947,158957.0300648366,17,9350.413533225683,890,1947-1984
47.80058495904217,-117.80726810790905,1964,913,48.33475764342339,-120.16599244441281,1947,185544.042892037,17,10914.35546423747,890,1947-1984
47.86965652604574,-117.70813425552758,1964,914,48.33475764342339,-120.16599244441281,1947,190211.12930391319,17,11188.889959053717,890,1947-1984
48.29283609738789,-117.8088187439268,1964,915,48.33475764342339,-120.16599244441281,1947,174890.76744007843,17,10287.692202357555,890,1947-1984
48.54805166434038,-117.84298599135617,1964,916,48.59297857961717,-117.85711731960347,1963,5103.623130021526,1,5103.623130021526,892,1947-1984
47.733274950058345,-117.27644428963674,1964,917,47.82263362882947,-117.27149800259964,1963,9942.347359186533,1,9942.347359186533,894,1947-1984
47.81631373286374,-117.5021514063753,1964,918,47.78095238997557,-117.57528018141579,1963,6743.280172734943,1,6743.280172734943,601,1947-1984
47.88706254170338,-117.5274975588138,1964,919,47.93822214503429,-117.53535948133536,1963,5718.643524293062,1,5718.643524293062,895,1947-1984
43.86949162858431,-118.79740136804017,1965,920,43.957273085377274,-119.017454283501,1947,20187.724649480908,18,1121.540258304495,598,1947-1984
44.191488677772654,-118.3254683626569,1965,921,43.957273085377274,-119.017454283501,1947,61236.990128232195,18,3402.055007124011,598,1947-1984
47.83447414471636,-118.31086168027743,1965,922,48.33475764342339,-120.16599244441281,1947,148982.6324049671,18,8276.81291138706,890,1947-1984
47.881537542122395,-117.285603712609,1965,923,47.82263362882947,-117.27149800259964,1963,6633.906481032475,2,3316.9532405162377,894,1947-1984
47.540460106023225,-120.58192677702856,1971,924,48.33597901136478,-120.25533908356135,1947,91756.71615703196,24,3823.196506542998,586,1947-1984
47.91700444379418,-120.22925731143299,1971,925,48.33597901136478,-120.25533908356135,1947,46627.389282828364,24,1942.8078867845152,586,1947-1984
48.579580520059,-119.59850793974199,1971,926,48.33475764342339,-120.16599244441281,1947,50028.81871492536,24,2084.5341131218897,890,1947-1984
47.70098091336939,-120.75250119705319,1972,927,48.33597901136478,-120.25533908356135,1947,79753.44133287824,25,3190.1376533151297,586,1947-1984
47.76443016515564,-120.6835835673169,1972,928,48.33597901136478,-120.25533908356135,1947,71119.93649016395,25,2844.797459606558,586,1947-1984
47.885271213633374,-118.74830657988915,1972,929,48.33475764342339,-120.16599244441281,1947,116800.80563401475,25,4672.03222536059,890,1947-1984
48.189741864651474,-119.2398296521051,1972,930,48.33475764342339,-120.16599244441281,1947,70629.07462637877,25,2825.162985055151,890,1947-1984
48.51171854364507,-119.73737142213523,1972,931,48.33475764342339,-120.16599244441281,1947,37330.80865695566,25,1493.2323462782265,890,1947-1984
48.53549793186342,-119.59926963744512,1972,932,48.33475764342339,-120.16599244441281,1947,47505.84087586007,25,1900.2336350344028,890,1947-1984
48.881131722501415,-119.59029343510655,1972,933,48.33475764342339,-120.16599244441281,1947,74120.47602065466,25,2964.8190408261867,890,1947-1984
48.93842694372315,-119.5006093972331,1972,934,48.33475764342339,-120.16599244441281,1947,83133.84583887119,25,3325.3538335548474,890,1947-1984
45.969462663848276,-118.11741305697514,1972,935,45.98008842236157,-117.82029663325027,1947,23056.33114746251,25,922.2532458985005,585,1947-1984
47.789328911094906,-118.31734430322442,1972,936,47.83447414471636,-118.31086168027743,1965,5042.974728813044,7,720.4249612590063,922,1947-1984
48.23373763030224,-118.11292356680875,1972,937,48.13513584790325,-118.16677695939366,1964,11672.332874390675,8,1459.0416092988344,903,1947-1984
45.738884899907774,-117.88182328852209,1972,938,45.78746290823576,-117.6802191182697,1947,16586.791891456956,25,663.4716756582783,629,1947-1984
46.21869755198429,-117.84112805715027,1972,939,46.000056718263096,-117.7348097279795,1947,25655.032588093673,25,1026.201303523747,673,1947-1984
46.15098659471318,-117.43567068878532,1972,940,46.09723420683639,-117.38839458694268,1947,7003.531241713439,25,280.14124966853757,591,1947-1984
42.08652533569498,-120.27004520592908,1973,941,42.071079033852854,-120.57252448370306,1965,25088.415412470767,8,3136.051926558846,603,1947-1984
42.11126557823553,-120.20441338546706,1973,942,42.071079033852854,-120.57252448370306,1965,30780.069394512513,8,3847.508674314064,603,1947-1984
42.22700151790092,-120.3044359788401,1973,943,42.071079033852854,-120.57252448370306,1965,28124.654524373796,8,3515.5818155467246,603,1947-1984
48.03646209037364,-118.8404993590663,1973,944,48.33475764342339,-120.16599244441281,1947,103989.90103837936,26,3999.6115783992063,890,1947-1984
48.08898594573992,-118.78863856875414,1973,945,48.33475764342339,-120.16599244441281,1947,105947.4677273953,26,4074.9026048998194,890,1947-1984
48.12451637028454,-118.81396837949931,1973,946,48.33475764342339,-120.16599244441281,1947,103129.74075936124,26,3966.528490744663,890,1947-1984
48.19410352719874,-119.04187514449052,1973,947,48.33475764342339,-120.16599244441281,1947,84910.07030069841,26,3265.7719346422464,890,1947-1984
48.2496422359587,-118.94778731463997,1973,948,48.33475764342339,-120.16599244441281,1947,90887.5858112121,26,3495.6763773543116,890,1947-1984
48.28736842483938,-118.86515414568494,1973,949,48.33475764342339,-120.16599244441281,1947,96633.12726916002,26,3716.658741121539,890,1947-1984
48.31753514213836,-118.8081582905261,1973,950,48.33475764342339,-120.16599244441281,1947,100705.42588231609,26,3873.2856108583114,890,1947-1984
48.34997240057089,-118.91679836189834,1973,951,48.33475764342339,-120.16599244441281,1947,92617.51470252052,26,3562.212103943097,890,1947-1984
48.447499659766805,-119.62072103656001,1973,952,48.33475764342339,-120.16599244441281,1947,42283.669813444045,26,1626.294992824771,890,1947-1984
48.59520187877708,-119.38755441990078,1973,953,48.33475764342339,-120.16599244441281,1947,64441.36071903093,26,2478.5138738088817,890,1947-1984
48.9502661706318,-119.6138145525044,1973,954,48.33475764342339,-120.16599244441281,1947,79628.28523761815,26,3062.626355293006,890,1947-1984
47.98078167680793,-118.73537886030846,1973,955,48.33475764342339,-120.16599244441281,1947,113476.51118637017,26,4364.481199475776,890,1947-1984
48.020487394995456,-118.7676615689832,1973,956,48.33475764342339,-120.16599244441281,1947,109704.61611072706,26,4219.408311951041,890,1947-1984
48.27179095967954,-118.78004768074786,1973,957,48.33475764342339,-120.16599244441281,1947,103055.68421160629,26,3963.6801619848575,890,1947-1984
48.08833951997301,-118.71931421724038,1973,958,48.10446509594945,-118.21434160179312,1964,37656.14534731299,9,4184.016149701443,902,1947-1984
48.207479575814205,-118.66036412539478,1973,959,48.10446509594945,-118.21434160179312,1964,35105.39227583079,9,3900.5991417589767,902,1947-1984
48.2521912858913,-118.72155200874062,1973,960,48.33475764342339,-120.16599244441281,1947,107569.99749987954,26,4137.307596149213,890,1947-1984
48.25636875384672,-118.63068787694294,1973,961,48.10446509594945,-118.21434160179312,1964,35269.066554109035,9,3918.7851726787817,902,1947-1984
44.59740519150165,-118.60411507018722,1973,962,43.957273085377274,-119.017454283501,1947,78410.88046728073,26,3015.803094895413,598,1947-1984
48.11048926783034,-118.54268753308091,1973,963,48.10446509594945,-118.21434160179312,1964,24461.14846418396,9,2717.905384909329,902,1947-1984
48.22085010718618,-118.53772156614168,1973,964,48.10446509594945,-118.21434160179312,1964,27316.369954432732,9,3035.1522171591923,902,1947-1984
44.376756687404054,-118.35872842723688,1973,965,44.191488677772654,-118.3254683626569,1965,20757.056915778332,8,2594.6321144722915,921,1947-1984
45.35532434650188,-118.25456119921373,1973,966,45.78746290823576,-117.6802191182697,1947,65701.76809087598,26,2526.991080418307,629,1947-1984
47.91876909980395,-118.2403771871162,1973,967,47.83447414471636,-118.31086168027743,1965,10753.79356211778,8,1344.2241952647225,922,1947-1984
47.92630605267637,-118.45377827115756,1973,968,47.83447414471636,-118.31086168027743,1965,14782.719652739377,8,1847.8399565924221,922,1947-1984
48.01904003107015,-118.31532863404782,1973,969,48.10446509594945,-118.21434160179312,1964,12119.44414872287,9,1346.6049054136522,902,1947-1984
48.04413825480207,-118.4676724059505,1973,970,48.10446509594945,-118.21434160179312,1964,20034.0653687655,9,2226.0072631961666,902,1947-1984
48.05433611726156,-118.1905851907463,1973,971,48.10446509594945,-118.21434160179312,1964,5848.250297548241,9,649.8055886164713,902,1947-1984
48.45856346141692,-118.1418868290421,1973,972,48.50519350458949,-118.11470465299651,1964,5561.019372950929,9,617.8910414389921,908,1947-1984
48.82356223258403,-118.17925667117002,1973,973,48.6310313661784,-118.06239480507979,1964,23072.028072870176,9,2563.558674763353,912,1947-1984
45.047823160953136,-117.60787301072773,1973,974,45.78085213778396,-117.56552128282557,1947,81536.16720832499,26,3136.0064310894227,662,1947-1984
45.081469353505966,-117.67962097281706,1973,975,45.78085213778396,-117.56552128282557,1947,78240.64960782781,26,3009.255754147224,662,1947-1984
45.13075955327934,-117.77194304100323,1973,976,45.78746290823576,-117.6802191182697,1947,73338.22855271435,26,2820.7010981813214,629,1947-1984
45.18518524684484,-117.99413206952302,1973,977,45.78746290823576,-117.6802191182697,1947,71294.52740290898,26,2742.0972078041914,629,1947-1984
45.65780385401885,-117.91934603259931,1973,978,45.78746290823576,-117.6802191182697,1947,23542.08512301495,26,905.4648124236519,629,1947-1984
45.68284459918492,-117.8199393223949,1973,979,45.78746290823576,-117.6802191182697,1947,15920.6696651636,26,612.3334486601384,629,1947-1984
45.725337078248785,-117.8103478754221,1973,980,45.78746290823576,-117.6802191182697,1947,12254.891301965932,26,471.34197315253584,629,1947-1984
45.78522464406479,-117.96170398637713,1973,981,45.89823828516765,-117.82353684557904,1947,16522.414168014428,26,635.477468000555,580,1947-1984
47.70840219157247,-117.5185926603689,1973,982,47.738139989005624,-117.60236488480034,1963,7101.555872847874,10,710.1555872847873,891,1947-1984
47.83306761593792,-117.85685969950701,1973,983,47.80058495904217,-117.80726810790905,1964,5180.42395991044,9,575.6026622122712,913,1947-1984
48.09011783066665,-118.07035072431265,1973,984,48.13513584790325,-118.16677695939366,1964,8752.797013283123,9,972.5330014759026,903,1947-1984
48.16075990470747,-118.03903630303047,1973,985,48.13513584790325,-118.16677695939366,1964,9923.242293773754,9,1102.5824770859726,903,1947-1984
48.17056153621509,-118.12350051960964,1973,986,48.13513584790325,-118.16677695939366,1964,5087.70044906132,9,565.3000498957022,903,1947-1984
48.207782619272486,-118.05438939783842,1973,987,48.13513584790325,-118.16677695939366,1964,11624.408595223456,9,1291.6009550248284,903,1947-1984
48.30254580934717,-118.08422921406715,1973,988,48.398044284266085,-118.0166107575245,1964,11742.42563945984,9,1304.7139599399823,907,1947-1984
45.08719592244738,-116.85776803673537,1973,989,45.78085213778396,-117.56552128282557,1947,94922.3572345261,26,3650.8598936356193,662,1947-1984
45.183263039278344,-116.83994565591263,1973,990,45.78085213778396,-117.56552128282557,1947,87344.52139704664,26,3359.4046691171784,662,1947-1984
45.380726731370835,-116.71480787820656,1973,991,45.78085213778396,-117.56552128282557,1947,79911.5857516672,26,3073.522528910277,662,1947-1984
45.428064615335664,-116.82057616954333,1973,992,45.78085213778396,-117.56552128282557,1947,70105.61187248734,26,2696.369687403359,662,1947-1984
45.43358209520294,-116.63102710881394,1973,993,45.78085213778396,-117.56552128282557,1947,82485.92327468685,26,3172.5355105648787,662,1947-1984
45.64002894359061,-116.58984074613657,1973,994,46.077133682354756,-117.30483637249861,1947,73780.14935435298,26,2837.698052090499,590,1947-1984
45.850002703882375,-116.87824502804372,1973,995,46.077133682354756,-117.30483637249861,1947,41602.35438303346,26,1600.0905531935946,590,1947-1984
45.90973807981726,-116.97852797054736,1973,996,46.077133682354756,-117.30483637249861,1947,31388.894359008482,26,1207.2651676541723,590,1947-1984
45.901843083810746,-117.07357146186439,1973,997,46.077133682354756,-117.30483637249861,1947,26470.123497794742,26,1018.0816729921055,590,1947-1984
46.25246469179777,-117.39583417783183,1973,998,46.11889677676176,-117.33375420296046,1947,15601.169411779134,26,600.0449773761205,589,1947-1984
44.99620658352616,-117.43064488963223,1974,999,45.78085213778396,-117.56552128282557,1947,87842.31688018153,27,3253.4191437104273,662,1947-1984
45.20964593068061,-116.7530665523584,1974,1000,45.78085213778396,-117.56552128282557,1947,89794.47721351372,27,3325.721378278286,662,1947-1984
48.51655160430866,-119.22215672958484,1982,1001,48.59520187877708,-119.38755441990078,1973,15018.944214902367,9,1668.7715794335963,953,1947-1984
48.57815281571164,-118.94332265403742,1982,1002,48.873350266357924,-118.62359559633474,1963,40385.17312552889,19,2125.5354276594153,893,1947-1984
48.59358601990168,-119.71106374731814,1981,1003,48.579580520059,-119.59850793974199,1971,8448.647423812401,10,844.8647423812401,926,1947-1984
48.683252496816515,-119.69599777046248,1982,1004,48.579580520059,-119.59850793974199,1971,13584.803184221071,11,1234.982107656461,926,1947-1984
48.809129828652644,-118.6512687139228,1982,1005,48.873350266357924,-118.62359559633474,1963,7425.005956459101,19,390.789787182058,893,1947-1984
48.812266381334176,-118.73227522768121,1982,1006,48.873350266357924,-118.62359559633474,1963,10477.63913039531,19,551.4546910734374,893,1947-1984
48.98393565209155,-118.8996419880295,1982,1007,48.873350266357924,-118.62359559633474,1963,23672.725979595874,19,1245.9329462945198,893,1947-1984
48.71231821705576,-117.98503199388976,1982,1008,48.63101507568843,-117.9178195080846,1964,10307.690399702866,18,572.6494666501592,911,1947-1984
48.734925295239144,-118.65388293950214,1982,1009,48.873350266357924,-118.62359559633474,1963,15553.62763841284,19,818.6119809690969,893,1947-1984
48.80109762852231,-118.59405925259145,1982,1010,48.873350266357924,-118.62359559633474,1963,8322.384284470621,19,438.0202254984538,893,1947-1984
48.81666795981882,-118.01097237900005,1982,1011,48.6310313661784,-118.06239480507979,1964,20987.43955021665,18,1165.968863900925,912,1947-1984
48.90722437632306,-118.54933051658172,1982,1012,48.873350266357924,-118.62359559633474,1963,6621.934619822941,19,348.52287472752323,893,1947-1984
48.91870030195129,-118.86030950161845,1983,1013,48.873350266357924,-118.62359559633474,1963,18074.650998461966,20,903.7325499230983,893,1947-1984
48.96776917837219,-118.78809038081356,1983,1014,48.873350266357924,-118.62359559633474,1963,15987.131567976769,20,799.3565783988385,893,1947-1984
48.646680861189616,-118.60917504397368,1983,1015,48.873350266357924,-118.62359559633474,1963,25229.078275500455,20,1261.4539137750228,893,1947-1984
48.44950010433757,-118.0528967580973,1981,1016,48.398044284266085,-118.0166107575245,1964,6320.729057345151,17,371.8075916085383,907,1947-1984
48.95509482577208,-118.57080984403555,1983,1017,48.980538116885945,-118.5120245172848,1964,5150.955164952437,19,271.1029034185493,904,1947-1984
47.985971455329896,-117.57550761903717,1984,1018,47.93822214503429,-117.53535948133536,1963,6097.332100128963,21,290.3491476251887,895,1947-1984
48.161139298342896,-117.9194489525574,1985,1019,48.16075990470747,-118.03903630303047,1973,8896.553668584578,12,741.3794723820482,985,1985-2010
44.553683463488234,-116.93063857474277,1991,1020,44.592249410245415,-116.97018080918568,1982,5313.299183491449,9,590.3665759434944,734,1985-2010
43.442712526468156,-114.9882092909082,1991,1021,43.51090548712625,-114.81106526915538,1981,16211.607122959502,10,1621.1607122959501,1046,1985-2010
41.650397834135106,-111.72005323609473,1991,1022,43.957273085377274,-119.017454283501,1947,649307.2921722094,44,14756.983913004759,598,1985-2010
41.84286214108819,-111.63994640688882,1991,1023,43.957273085377274,-119.017454283501,1947,646414.3455750317,44,14691.235126705265,598,1985-2010
41.96556662358339,-111.51119855843089,1991,1024,45.78085213778396,-117.56552128282557,1947,645037.7361694683,44,14659.948549306097,662,1985-2010
43.50200641291574,-114.15410346696896,1991,1025,43.451289643573496,-114.14049518345081,1981,5741.296633054392,10,574.1296633054392,1055,1985-2010
43.57823753725914,-114.252602383705,1991,1026,43.66812086164254,-114.38853905871062,1982,14836.053064115898,9,1648.450340457322,532,1985-2010
43.578225729709665,-114.869682233912,1991,1027,43.51090548712625,-114.81106526915538,1981,8853.50691659306,10,885.350691659306,1046,1985-2010
43.678171024055416,-114.04370429503221,1991,1028,43.451289643573496,-114.14049518345081,1981,26392.420903049224,10,2639.2420903049224,1055,1985-2010
44.04465588196475,-119.04584164541812,1992,1029,43.957273085377274,-119.017454283501,1947,9972.680030448488,45,221.61511178774418,598,1985-2010
45.051437199555174,-116.5302285113163,1992,1030,45.08719592244738,-116.85776803673537,1973,26098.606847313877,19,1373.6108867007304,989,1985-2010
45.10068544286549,-116.45053109504622,1991,1031,45.20964593068061,-116.7530665523584,1974,26694.078121900777,17,1570.2398895235751,1000,1985-2010
47.06107960991539,-122.78055631167229,1992,1032,48.33597901136478,-120.25533908356135,1947,236660.78783803608,45,5259.128618623024,586,1985-2010
43.77743866121466,-115.59717534978222,1992,1033,43.709374712261386,-115.31776812016155,1983,23743.077337610084,9,2638.1197041788982,741,1985-2010
44.8860286518937,-115.80517223555462,1992,1034,44.92221797353204,-115.94853692960571,1982,12015.71554653848,10,1201.5715546538481,1504,1985-2010
44.920648447242776,-116.258564797256,1992,1035,44.92221797353204,-115.94853692960571,1982,24478.706763714268,10,2447.8706763714267,1504,1985-2010
45.08623544985768,-115.79739107214769,1992,1036,44.92221797353204,-115.94853692960571,1982,21777.205063417852,10,2177.720506341785,1504,1985-2010
45.111469772419305,-115.6645513819485,1992,1037,44.92221797353204,-115.94853692960571,1982,30715.141278597395,10,3071.5141278597393,1504,1985-2010
45.10754640248923,-116.38916718702929,1992,1038,45.27228217892495,-116.72933416775182,1973,32400.577096365647,19,1705.2935313876656,709,1985-2010
45.165354370002056,-115.62409932254994,1992,1039,46.077133682354756,-117.30483637249861,1947,165679.24917366815,45,3681.761092748181,590,1985-2010
44.035618355013305,-115.4771832588499,1992,1040,43.709374712261386,-115.31776812016155,1983,38446.86543956393,9,4271.873937729326,741,1985-2010
43.41688092226407,-115.19222572437705,1992,1041,43.584836137001936,-115.13852075400892,1981,19159.069647878267,11,1741.7336043525697,771,1985-2010
43.45037719811828,-115.27128941849831,1992,1042,43.56882039752357,-115.19453608377188,1983,14549.574552917007,9,1616.6193947685563,765,1985-2010
43.41305875734623,-115.0518039849882,1992,1043,43.584836137001936,-115.13852075400892,1981,20332.778313080496,11,1848.434392098227,771,1985-2010
43.4840335068793,-115.01662977571597,1992,1044,43.584836137001936,-115.13852075400892,1981,14916.463462964533,11,1356.0421329967758,771,1985-2010
43.47237223190851,-114.66526239028542,1992,1045,43.51090548712625,-114.81106526915538,1981,12546.670206687335,11,1140.6063824261214,1046,1985-2010
43.51090548712625,-114.81106526915538,1981,1046,45.78085213778396,-117.56552128282557,1947,333688.4069111487,34,9814.364909151433,662,1947-1984
43.59542301118472,-114.80086657355713,1992,1047,43.51090548712625,-114.81106526915538,1981,9426.288456556493,11,856.9353142324085,1046,1985-2010
43.588508214497,-114.7366208954219,1992,1048,43.51090548712625,-114.81106526915538,1981,10513.24826810975,11,955.7498425554318,1046,1985-2010
43.611047965090144,-114.38275870814604,1992,1049,43.66812086164254,-114.38853905871062,1982,6358.226432433526,10,635.8226432433526,532,1985-2010
43.644416735150216,-114.746047430426,1992,1050,43.51090548712625,-114.81106526915538,1981,15735.844505342484,11,1430.5313186674985,1046,1985-2010
43.66502643627554,-114.85321036497137,1992,1051,43.51090548712625,-114.81106526915538,1981,17458.47119585803,11,1587.1337450780027,1046,1985-2010
43.688911010693786,-114.91726709472812,1992,1052,43.6184800637869,-115.0669483152229,1981,14388.868132940268,11,1308.078921176388,744,1985-2010
43.741144319656826,-114.43677128786979,1992,1053,43.66812086164254,-114.38853905871062,1982,8996.712635169102,10,899.6712635169102,532,1985-2010
41.681265959044325,-111.67139283878456,1992,1054,41.650397834135106,-111.72005323609473,1991,5308.243757618684,1,5308.243757618684,1022,1985-2010
43.451289643573496,-114.14049518345081,1981,1055,45.78085213778396,-117.56552128282557,1947,375320.75385638425,34,11038.84570165836,662,1947-1984
43.74644582869844,-114.3669461536864,1992,1056,43.66812086164254,-114.38853905871062,1982,8874.735980641708,10,887.4735980641708,532,1985-2010
43.91976379969378,-118.75478450914856,1993,1057,43.86949162858431,-118.79740136804017,1965,6551.763804726211,28,233.99156445450754,920,1985-2010
43.92822656963861,-119.2273011100507,1993,1058,43.926464014023125,-119.37427193419819,1947,11803.968745407099,46,256.6080162045022,889,1985-2010
43.95711816016449,-118.80753490947163,1981,1059,43.957273085377274,-119.017454283501,1947,16848.937996395976,34,495.5569998939993,598,1947-1984
43.97485415569401,-119.41100545229466,1993,1060,43.926464014023125,-119.37427193419819,1947,6132.178078428914,46,133.30821909628074,889,1985-2010
44.72106055206304,-118.64809745934464,1993,1061,44.726056610953215,-118.74710005272965,1981,7863.1101498627295,12,655.2591791552275,1062,1985-2010
44.726056610953215,-118.74710005272965,1981,1062,44.59740519150165,-118.60411507018722,1973,18247.845976847584,8,2280.980747105948,962,1947-1984
44.79349034464784,-118.73276172612516,1993,1063,44.726056610953215,-118.74710005272965,1981,7579.217227064047,12,631.6014355886706,1062,1985-2010
50.68220093971267,-119.79987423129899,1997,1064,48.33475764342339,-120.16599244441281,1947,262423.66592388845,50,5248.473318477769,890,1985-2010
47.804292345369355,-118.19058073478831,1998,1065,47.83447414471636,-118.31086168027743,1965,9612.119088665992,33,291.2763360201816,922,1985-2010
49.908316043217525,-119.46919906035528,1998,1066,48.33475764342339,-120.16599244441281,1947,182237.76019394118,51,3573.2894155674744,890,1985-2010
41.21848888569475,-120.80065692530269,1999,1067,41.422253,-121.11689500000001,1980,34830.65594515614,19,1833.1924181661127,2003,1985-2010
41.29641663590782,-120.82165455100952,1999,1068,41.422253,-121.11689500000001,1980,28383.72710345609,19,1493.88037386611,2003,1985-2010
44.97429581674023,-117.36063147943926,1980,1069,44.98749918161726,-117.30670166219907,1973,4499.57498155318,7,642.7964259361686,702,1947-1984
39.10246177330612,-112.1520288294465,1999,1070,43.957273085377274,-119.017454283501,1947,786255.6748424898,52,15120.30143927865,598,1985-2010
47.63223757029577,-117.15091590539762,1999,1071,47.733274950058345,-117.27644428963674,1964,14663.751845298217,35,418.9643384370919,917,1985-2010
45.82101323601047,-118.06401699849526,2000,1072,45.87394092144355,-118.0619703476478,1972,5884.971957400535,28,210.17756990716197,690,1985-2010
46.04073647701421,-117.86445132543109,2000,1073,45.98008842236157,-117.82029663325027,1947,7558.919987009491,53,142.62113183036774,585,1985-2010
46.280630829052825,-121.22548414636269,2000,1074,46.31629,-121.17414000000001,1986,5600.019382419902,14,400.0013844585645,2151,1985-2010
48.456981758906856,-119.87449110020597,2000,1075,48.51171854364507,-119.73737142213523,1972,11823.5272784622,28,422.26883137364996,931,1985-2010
45.11932866320614,-117.35955861676493,2000,1076,45.08518711057401,-117.30345651174316,1973,5821.860672712465,27,215.62446935972093,707,1985-2010
48.16170464905927,-117.17306588355073,2000,1077,48.01736551058376,-117.25154796567936,1963,17081.128597434672,37,461.6521242549911,897,1985-2010
42.72536826017895,-116.85633931732413,1980,1078,43.957273085377274,-119.017454283501,1947,222339.85901068265,33,6737.571485172201,598,1947-1984
43.00008941989471,-116.83218686991017,2000,1079,42.94423627148614,-116.80032865260624,1980,6727.149731679395,20,336.3574865839697,1083,1985-2010
45.125379347218754,-116.8907375379349,2000,1080,45.08719592244738,-116.85776803673537,1973,4973.899001395054,27,184.21848153315017,989,1985-2010
42.89509964325994,-116.78128855345284,2000,1081,42.94423627148614,-116.80032865260624,1980,5675.693462232049,20,283.78467311160244,1083,1985-2010
42.95050399057524,-116.74599023188618,2000,1082,42.94423627148614,-116.80032865260624,1980,4488.918031370109,20,224.44590156850546,1083,1985-2010
42.94423627148614,-116.80032865260624,1980,1083,43.957273085377274,-119.017454283501,1947,211821.0801304815,33,6418.820610014591,598,1947-1984
43.07819144205259,-116.79559796766287,2000,1084,43.02098782187398,-116.70645643971967,1986,9650.613477491843,14,689.3295341065602,172,1985-2010
45.14930866835464,-116.783442785475,2000,1085,45.183263039278344,-116.83994565591263,1973,5828.576212373401,27,215.87319305086672,990,1985-2010
38.18232667947357,-115.56754086405158,2000,1086,43.957273085377274,-119.017454283501,1947,703664.2876314418,53,13276.684672291356,598,1985-2010
38.89402384948131,-112.10983557478527,2000,1087,43.957273085377274,-119.017454283501,1947,805438.9932526785,53,15196.96213684299,598,1985-2010
38.94823053992489,-112.07237259911071,2000,1088,43.957273085377274,-119.017454283501,1947,803336.5810522336,53,15157.293982117615,598,1985-2010
38.99650677584784,-115.44231760274697,2000,1089,43.957273085377274,-119.017454283501,1947,626520.4336480978,53,11821.140257511279,598,1985-2010
42.198051621708395,-113.72832955110337,2000,1090,42.326955794442924,-113.56087220014338,1984,19897.79293128079,16,1243.6120582050494,282,1985-2010
42.96896690941968,-116.62611884615619,2000,1091,42.92973186917141,-116.66793435451905,1981,5535.626911609196,19,291.34878482153664,823,1985-2010
47.27632031430105,-114.14772158600155,1983,1092,47.066612839260124,-114.27696273900577,1979,25289.26716771141,4,6322.316791927852,44,1947-1984
44.89325969849783,-119.67989731534496,2001,1093,44.891935995875585,-119.60102895188913,1980,6231.863612669789,21,296.75541012713285,814,1985-2010
44.95981654696912,-119.57606099748573,2001,1094,44.891935995875585,-119.60102895188913,1980,7796.875745246945,21,371.27979739271166,814,1985-2010
48.16589883290149,-120.60764106760853,1981,1095,48.33597901136478,-120.25533908356135,1947,32282.52974084841,34,949.4861688484826,586,1947-1984
48.25616870846502,-120.22329463241816,1981,1096,48.33597901136478,-120.25533908356135,1947,9187.569794126393,34,270.22264100371746,586,1947-1984
48.28163739517094,-120.807667889151,2001,1097,48.33597901136478,-120.25533908356135,1947,41414.24810233525,54,766.9305204136158,586,1985-2010
48.384446910817786,-120.48069425788968,1987,1098,48.33597901136478,-120.25533908356135,1947,17547.9327189357,40,438.6983179733925,586,1985-2010
48.394273812334795,-120.2982044216674,1989,1099,48.33597901136478,-120.25533908356135,1947,7218.558823388259,42,171.87044817591092,586,1985-2010
48.46503898700922,-119.7436386318447,2001,1100,48.51171854364507,-119.73737142213523,1972,5211.389459446584,29,179.7030848085029,931,1985-2010
48.47798113352276,-120.33064127247421,2001,1101,48.33597901136478,-120.25533908356135,1947,16745.68783912092,54,310.1053303540911,586,1985-2010
48.47927127309992,-120.41831463783488,2001,1102,48.33597901136478,-120.25533908356135,1947,19986.876590283333,54,370.1273442645062,586,1985-2010
48.584977813996424,-120.23645929913964,2001,1103,48.33597901136478,-120.25533908356135,1947,27723.67134900743,54,513.4013212779154,586,1985-2010
48.59079812807695,-120.59891369968896,2001,1104,48.656991473691434,-120.53204353270888,1982,8859.156951337358,19,466.2714184914399,488,1985-2010
48.58812059686011,-120.3726185573887,1982,1105,48.33597901136478,-120.25533908356135,1947,29348.904172245457,35,838.540119207013,586,1947-1984
48.638434237469205,-120.35604988690459,1988,1106,48.33597901136478,-120.25533908356135,1947,34447.00939754702,41,840.170960915781,586,1985-2010
48.68412563725759,-119.80061687038067,2000,1107,48.683252496816515,-119.69599777046248,1982,7704.136370651778,18,428.007576147321,1004,1985-2010
48.69242657695653,-120.04713918137212,2001,1108,48.33475764342339,-120.16599244441281,1947,40730.69051040045,54,754.2720464888972,890,1985-2010
48.823684201112215,-121.41552538482588,2001,1109,48.33597901136478,-120.25533908356135,1947,101336.51683988623,54,1876.6021637015967,586,1985-2010
50.98408595608483,-121.50185954267964,2001,1110,50.894046656732165,-121.46404165858631,1999,10363.327121344564,2,5181.663560672282,1295,1985-2010
45.030164281515724,-119.44446532997164,2001,1111,45.08222,-119.38528,1980,7429.788281672907,21,353.79944198442416,1794,1985-2010
45.17880896583029,-117.0938303375802,2001,1112,45.25725500040589,-117.07411507662123,1981,8854.647615294834,20,442.7323807647417,1943,1985-2010
45.35035054507728,-117.40338926442423,1982,1113,45.78085213778396,-117.56552128282557,1947,49492.95728140727,35,1414.0844937544935,662,1947-1984
47.27257470754581,-117.08394918195998,2001,1114,47.339281738074725,-116.93061645555815,1983,13764.022170812668,18,764.6678983784816,854,1985-2010
42.78794453899967,-116.83859467499805,2001,1115,42.72536826017895,-116.85633931732413,1980,7101.624073220504,21,338.1725749152621,1078,1985-2010
46.755104894574956,-116.90764923290494,2001,1116,46.80782586185448,-116.88977750259228,1982,6017.617827664662,19,316.7167277718243,797,1985-2010
46.72712371481849,-116.67547173662858,2001,1117,46.77125249831526,-116.7313773783392,1983,6504.8823296891105,18,361.38235164939505,816,1985-2010
47.069211031976174,-116.67360235219739,1982,1118,46.11889677676176,-117.33375420296046,1947,117126.31578541755,35,3346.4661652976442,589,1947-1984
47.12759685496764,-116.74471849916031,1981,1119,46.11889677676176,-117.33375420296046,1947,120864.70495268847,34,3554.844263314367,589,1947-1984
41.69253393445846,-115.33206783301537,2001,1120,41.719227229999994,-115.5593825,1991,19150.547254694302,10,1915.0547254694302,1963,1985-2010
41.7082563057,-115.41857252027442,2001,1121,41.719227229999994,-115.5593825,1991,11781.535021198735,10,1178.1535021198736,1963,1985-2010
41.72890613623717,-115.35069055469589,2001,1122,41.719227229999994,-115.5593825,1991,17398.022359394374,10,1739.8022359394374,1963,1985-2010
41.75258054164842,-115.42132095384552,2001,1123,41.719227229999994,-115.5593825,1991,12068.306834133513,10,1206.8306834133514,1963,1985-2010
41.78646334851284,-115.32807827086765,2001,1124,41.719227229999994,-115.5593825,1991,20636.310635674192,10,2063.631063567419,1963,1985-2010
41.86343298371738,-115.4542331722254,2001,1125,41.719227229999994,-115.5593825,1991,18246.312061088785,10,1824.6312061088786,1963,1985-2010
42.926757296006265,-116.5820222213783,2001,1126,42.974061999999996,-116.54254599999999,1983,6164.001076526937,18,342.4445042514965,1788,1985-2010
46.74539286682807,-116.60093889271785,2001,1127,46.8101,-116.54255,1983,8463.308456005494,18,470.18380311141635,1891,1985-2010
46.84432287025576,-116.19954516712818,2001,1128,46.81436999999999,-116.31517,1985,9429.410326051648,16,589.338145378228,2033,1985-2010
46.91092659832039,-116.13164768916114,2001,1129,46.81436999999999,-116.31517,1985,17636.39928750914,16,1102.2749554693212,2033,1985-2010
46.922213355409035,-116.23277978255102,2001,1130,47.00280772730372,-116.34075483049394,1985,12157.699431805473,16,759.8562144878421,826,1985-2010
41.74934731269892,-115.2663847700483,2001,1131,41.719227229999994,-115.5593825,1991,24604.291008675274,10,2460.4291008675273,1963,1985-2010
41.75052422740886,-111.4098601657952,2001,1132,41.635766475074455,-111.47114129898173,1991,13728.86421118564,10,1372.8864211185642,775,1985-2010
41.82800726178888,-115.20068953347453,2001,1133,41.719227229999994,-115.5593825,1991,32177.488852252958,10,3217.748885225296,1963,1985-2010
41.89846802778057,-113.87254814879104,2001,1134,42.326955794442924,-113.56087220014338,1984,54126.476205931205,17,3183.910365054777,282,1985-2010
41.94494713362591,-113.84199791989731,2001,1135,42.326955794442924,-113.56087220014338,1984,48380.236060648705,17,2845.8962388616887,282,1985-2010
42.077693276551685,-114.12924130710135,2001,1136,42.326955794442924,-113.56087220014338,1984,54497.40906658401,17,3205.7299450931773,282,1985-2010
42.23306229711721,-114.13878300686235,2001,1137,42.326955794442924,-113.56087220014338,1984,48797.35357101759,17,2870.432563001035,282,1985-2010
42.35456603653089,-113.68055649739286,2001,1138,42.326955794442924,-113.56087220014338,1984,10328.699743207848,17,607.5705731298734,282,1985-2010
42.49033483554644,-111.99795000651176,2001,1139,41.96556662358339,-111.51119855843089,1991,70798.29539965132,10,7079.829539965132,1024,1985-2010
44.66666794179873,-117.3530484930838,2002,1140,44.963179622525544,-117.23827055392793,1973,34178.67639480762,29,1178.5750480968145,704,1985-2010
44.707867668868424,-117.38370424666684,2002,1141,44.963179622525544,-117.23827055392793,1973,30614.36274627016,29,1055.6676809058677,704,1985-2010
41.845832344566645,-115.80089647014644,2002,1142,41.87973884987751,-115.83049643408981,1991,4496.985589121811,11,408.8168717383465,1143,1985-2010
41.87973884987751,-115.83049643408981,1991,1143,43.957273085377274,-119.017454283501,1947,347766.4553111,44,7903.783075252272,598,1985-2010
41.8976607946078,-115.77265692277338,2002,1144,41.87973884987751,-115.83049643408981,1991,5196.755148463465,11,472.4322862239514,1143,1985-2010
44.94910277456663,-116.76793921130638,2002,1145,45.08719592244738,-116.85776803673537,1973,16901.20782917491,29,582.8002699715486,989,1985-2010
44.97517158611162,-116.88120625775937,2002,1146,45.011100629168865,-116.99779544564576,1973,10023.400350338525,29,345.63449483925945,705,1985-2010
47.98678026266694,-116.2652743270023,2002,1147,48.01736551058376,-117.25154796567936,1963,73676.09411152724,39,1889.1306182442884,897,1985-2010
36.996381436470365,-104.37588873279006,2002,1148,37.3720437,-105.1058817,1986,77070.41405989224,16,4816.900878743265,2233,1985-2010
36.99964892171063,-104.26491871087254,2002,1149,37.3720437,-105.1058817,1986,85346.51495013386,16,5334.157184383366,2233,1985-2010
37.05031288802719,-104.3240855186985,2002,1150,37.3720437,-105.1058817,1986,78042.83589971757,16,4877.677243732348,2233,1985-2010
37.102398071612086,-104.41698465722476,2002,1151,37.3720437,-105.1058817,1986,68060.68889951229,16,4253.793056219518,2233,1985-2010
41.811328092067114,-115.51109619081478,2003,1152,41.719227229999994,-115.5593825,1991,10989.322955000805,12,915.7769129167337,1963,1985-2010
44.9507106464394,-119.98516578830449,1982,1153,44.98682999999999,-119.8999,1979,7833.20289494208,3,2611.06763164736,2067,1947-1984
50.97381057819116,-121.431703894169,2003,1154,50.894046656732165,-121.46404165858631,1999,9160.058073598822,4,2290.0145183997056,1295,1985-2010
41.64568221540067,-115.3771502374439,2003,1155,41.719227229999994,-115.5593825,1991,17231.957444676395,12,1435.9964537230328,1963,1985-2010
41.82985153003361,-115.2646144607642,2003,1156,41.719227229999994,-115.5593825,1991,27415.29129865114,12,2284.6076082209283,1963,1985-2010
41.88241110551993,-115.271215873136,2003,1157,41.719227229999994,-115.5593825,1991,30034.40138910277,12,2502.866782425231,1963,1985-2010
41.874559127616614,-115.38445091053691,2003,1158,41.719227229999994,-115.5593825,1991,22561.93208977869,12,1880.1610074815574,1963,1985-2010
39.718537552959184,-114.21052870472658,2003,1159,43.957273085377274,-119.017454283501,1947,617069.0207419759,56,11019.089656106711,598,1985-2010
42.14360688384335,-114.1962385540248,2003,1160,42.326955794442924,-113.56087220014338,1984,56261.53104673403,19,2961.1332129860016,282,1985-2010
47.31088223729499,-114.2132236830946,2003,1161,47.27632031430105,-114.14772158600155,1983,6269.880537988342,20,313.4940268994171,1092,1985-2010
47.49234043371132,-114.50756249938225,2003,1162,47.26451,-114.407341,1983,26436.321444522524,20,1321.8160722261262,2191,1985-2010
37.350885583749026,-113.03416225855716,2003,1163,43.957273085377274,-119.017454283501,1947,890648.0210428861,56,15904.428947194394,598,1985-2010
37.41361105196401,-113.03685478035042,2003,1164,43.957273085377274,-119.017454283501,1947,884667.0048801869,56,15797.625087146194,598,1985-2010
42.28008775760387,-113.69444712573659,2003,1165,42.326955794442924,-113.56087220014338,1984,12182.448956906836,19,641.1815240477282,282,1985-2010
42.44748435480654,-111.9782212274115,2003,1166,42.49033483554644,-111.99795000651176,2001,5028.861091204573,2,2514.4305456022867,1139,1985-2010
43.59543433865005,-113.64165014012771,2003,1167,43.451289643573496,-114.14049518345081,1981,43392.708105778496,22,1972.3958229899317,1055,1985-2010
43.62183781207496,-113.76360401470984,2003,1168,43.451289643573496,-114.14049518345081,1981,35875.51368413258,22,1630.7051674605718,1055,1985-2010
41.568175372647154,-115.9599975252124,2004,1169,41.87973884987751,-115.83049643408981,1991,36243.572345968576,13,2787.9671035360443,1143,1985-2010
41.906602361511176,-115.52303289837796,2004,1170,41.719227229999994,-115.5593825,1991,21029.722830263563,13,1617.670986943351,1963,1985-2010
47.72309089622055,-114.5537221098425,2004,1171,47.77709196223296,-114.25871169117343,1979,22921.690446222216,25,916.8676178488886,1179,1985-2010
47.3540752092449,-114.47991758244082,2004,1172,47.26451,-114.407341,1983,11369.738709238763,21,541.4161290113697,2191,1985-2010
47.37907286513345,-114.42556621301391,2004,1173,47.26451,-114.407341,1983,12811.073046255267,21,610.0510974407271,2191,1985-2010
47.62325253167876,-114.41640959291708,2004,1174,47.675174,-114.234674,1983,14823.984026543432,21,705.904001263973,2054,1985-2010
47.64309748938092,-114.48735633311274,2004,1175,47.77709196223296,-114.25871169117343,1979,22723.393225412376,25,908.935729016495,1179,1985-2010
47.68796502396972,-114.45605417389521,2004,1176,47.77709196223296,-114.25871169117343,1979,17813.476914114937,25,712.5390765645975,1179,1985-2010
47.73229170650415,-114.30814989294096,2004,1177,47.77709196223296,-114.25871169117343,1979,6209.035584278031,25,248.36142337112125,1179,1985-2010
47.75337105604135,-114.37219860235037,2004,1178,47.77709196223296,-114.25871169117343,1979,8906.798555753645,25,356.2719422301458,1179,1985-2010
47.77709196223296,-114.25871169117343,1979,1179,46.11889677676176,-117.33375420296046,1947,297928.75553284184,32,9310.273610401307,589,1947-1984
47.8107936638109,-114.33927926643884,2004,1180,47.77709196223296,-114.25871169117343,1979,7104.788401623001,25,284.19153606492006,1179,1985-2010
37.310458657079806,-112.89698219967372,2004,1181,37.350885583749026,-113.03416225855716,2003,12959.038584411108,1,12959.038584411108,1163,1985-2010
38.62209444014641,-104.9143483520215,2004,1182,38.83480170804869,-104.90926047411422,1990,23616.84313265151,14,1686.917366617965,177,1985-2010
44.87791747460494,-107.88338640273535,2004,1183,45.086161,-109.326159,1979,116121.28297132898,25,4644.85131885316,1917,1985-2010
47.26749334516601,-114.23652571111322,2004,1184,47.27632031430105,-114.14772158600155,1983,6791.02440641941,21,323.38211459140047,1092,1985-2010
37.26242531465566,-119.42364452350351,2005,1185,37.39843576198684,-119.57241403373324,1982,20042.304061977662,23,871.4045244338114,1997,1985-2010
37.31691381305765,-119.43598674618704,2005,1186,37.39843576198684,-119.57241403373324,1982,15097.802448634997,23,656.4261934189129,1997,1985-2010
37.37756394104668,-119.44547070848968,2005,1187,37.43702500000001,-119.48117000000002,1984,7317.126652359324,21,348.43460249330116,1799,1985-2010
37.36645174904267,-119.5107478134399,2000,1188,37.39843576198684,-119.57241403373324,1982,6513.642604901889,18,361.8690336056605,1997,1985-2010
37.50393037188886,-119.5676292219819,2001,1189,37.500782859422756,-119.62436511896664,1984,5028.887083327679,17,295.81688725456934,235,1985-2010
37.524743332667846,-119.4582367168529,2005,1190,37.43702500000001,-119.48117000000002,1984,9944.629946616053,21,473.5538069817168,1799,1985-2010
38.07206221952837,-119.97027751999417,2005,1191,38.09027047097583,-120.03927479282798,1981,6381.990448152584,24,265.9162686730243,1192,1985-2010
38.09027047097583,-120.03927479282798,1981,1192,38.188709837232516,-119.99353698602758,1980,11639.141795855983,1,11639.141795855983,184,1947-1984
38.15340420665605,-120.00671062872318,2005,1193,38.188709837232516,-119.99353698602758,1980,4085.399495419048,25,163.41597981676193,184,1985-2010
50.292764356263326,-119.20260490551192,1999,1194,48.33475764342339,-120.16599244441281,1947,228745.14399191868,52,4398.945076767667,890,1985-2010
50.69797586165061,-120.16858128259686,2005,1195,50.61690339736629,-119.94270879190772,1999,18342.473858015226,6,3057.078976335871,1245,1985-2010
41.749663801215256,-116.03638138319315,2005,1196,41.87973884987751,-115.83049643408981,1991,22391.522766045862,14,1599.3944832889902,1143,1985-2010
41.77327938623086,-116.10753999287402,2005,1197,41.87973884987751,-115.83049643408981,1991,25875.283211815342,14,1848.2345151296672,1143,1985-2010
42.22650589356545,-113.67880996384557,2005,1198,42.326955794442924,-113.56087220014338,1984,14803.598437109504,21,704.9332589099764,282,1985-2010
47.78326279734203,-114.51384284907554,2005,1199,47.77709196223296,-114.25871169117343,1979,19132.291443573115,26,735.8573632143506,1179,1985-2010
47.818717393269836,-114.59512288088854,2005,1200,47.943675999999996,-114.39252200000001,1983,20559.153794608275,22,934.5069906640125,2077,1985-2010
38.06309162036672,-111.67686275220541,2005,1201,43.957273085377274,-119.017454283501,1947,899141.5873883067,58,15502.441161867358,598,1985-2010
42.24205375619473,-112.47677878344349,2005,1202,42.326955794442924,-113.56087220014338,1984,89912.09845076362,21,4281.52849765541,282,1985-2010
42.284057838759715,-112.53288035620582,2005,1203,42.326955794442924,-113.56087220014338,1984,84894.6171892366,21,4042.600818535076,282,1985-2010
42.37177588410087,-112.72644246902601,2005,1204,42.326955794442924,-113.56087220014338,1984,68933.43556482783,21,3282.544550706087,282,1985-2010
42.52511057680811,-112.7473909467549,2005,1205,42.326955794442924,-113.56087220014338,1984,70471.49118109467,21,3355.785294337841,282,1985-2010
42.52422560302822,-112.65410097999688,2005,1206,42.326955794442924,-113.56087220014338,1984,77774.36569284229,21,3703.54122346868,282,1985-2010
38.47057009266123,-120.40301527127453,2006,1207,38.54740623508474,-120.32501519669492,1981,10910.259370639016,25,436.41037482556067,2101,1985-2010
40.82804350635787,-121.73972818080624,2006,1208,40.807,-121.627764,1988,9730.831099226083,18,540.6017277347823,1851,1985-2010
41.2329330427996,-121.76561324678953,2006,1209,41.422253,-121.11689500000001,1980,58236.78444407116,26,2239.876324771968,2003,1985-2010
41.33825345696764,-121.81404047926586,2006,1210,42.06813038684523,-121.30800102363325,1965,91354.5023753438,41,2228.1585945205807,724,1985-2010
43.517347943704,-114.46500711761887,2006,1211,43.66812086164254,-114.38853905871062,1982,17853.403723682524,24,743.8918218201052,532,1985-2010
43.550658119166165,-114.52050886127459,2006,1212,43.66812086164254,-114.38853905871062,1982,16847.16265215517,24,701.9651105064654,532,1985-2010
43.61491313351264,-114.57410012574567,2006,1213,43.66812086164254,-114.38853905871062,1982,16097.274687102521,24,670.7197786292717,532,1985-2010
43.679611985519905,-114.53076557461465,2006,1214,43.66812086164254,-114.38853905871062,1982,11540.585820520051,24,480.8577425216688,532,1985-2010
37.94066462173592,-106.40960342845342,2006,1215,38.999924,-106.230599,1987,118616.57736801881,19,6242.977756211517,2162,1985-2010
45.61201504335915,-110.85111966923084,2006,1216,45.086161,-109.326159,1979,133027.76334431238,27,4926.954197937495,1917,1985-2010
41.15602921874333,-121.70972815676282,2007,1217,40.807,-121.627764,1988,39369.93624408069,19,2072.101907583194,1851,1985-2010
41.188216248331166,-121.7819132005136,2007,1218,41.422253,-121.11689500000001,1980,61459.04823641005,27,2276.261045792965,2003,1985-2010
47.97357679175448,-114.62676525019698,2007,1219,47.943675999999996,-114.39252200000001,1983,17807.55757523931,24,741.9815656349712,2077,1985-2010
48.048180850002545,-114.30127684412918,2007,1220,48.158179693477194,-114.37269034530388,1983,13337.381243757978,24,555.7242184899158,1225,1985-2010
48.07713971721652,-114.59395358440288,2007,1221,48.158179693477194,-114.37269034530388,1983,18777.647250196096,24,782.4019687581707,1225,1985-2010
48.071388889216514,-114.52112909094195,2007,1222,48.158179693477194,-114.37269034530388,1983,14672.89985894603,24,611.3708274560846,1225,1985-2010
48.10760304144366,-114.3858717825668,2007,1223,48.158179693477194,-114.37269034530388,1983,5708.709905226018,24,237.86291271775076,1225,1985-2010
48.12672567708522,-114.5059133267334,2007,1224,48.158179693477194,-114.37269034530388,1983,10513.220867104552,24,438.05086946268966,1225,1985-2010
48.158179693477194,-114.37269034530388,1983,1225,46.11889677676176,-117.33375420296046,1947,319100.77051452344,36,8863.910292070095,589,1947-1984
33.852556850584996,-110.91673458063313,1992,1226,43.957273085377274,-119.017454283501,1947,1322118.56577502,45,29380.412572778223,598,1985-2010
48.09361619556499,-114.24975834297153,2007,1227,48.158179693477194,-114.37269034530388,1983,11631.3317137769,24,484.63882140737087,1225,1985-2010
33.29108661131896,-110.8249030981037,1992,1228,43.957273085377274,-119.017454283501,1947,1380689.403909838,45,30681.986753551955,598,1985-2010
36.00521049951565,-106.2845511702285,2007,1229,37.3720437,-105.1058817,1986,184667.60549028628,21,8793.695499537442,2233,1985-2010
39.38893854998403,-105.16500926453918,1987,1230,39.407830321341365,-105.22341387671791,1986,5450.597225102373,1,5450.597225102373,437,1985-2010
50.67569666735228,-120.53582724743232,2008,1231,50.640470281661635,-120.43220567875721,1999,8309.358053439846,9,923.2620059377607,158,1985-2010
50.68795873019143,-120.6294399767705,2008,1232,50.71922499518963,-120.69656283407218,1999,5880.678123428069,9,653.4086803808965,1233,1985-2010
50.71922499518963,-120.69656283407218,1999,1233,48.33597901136478,-120.25533908356135,1947,266980.778556331,52,5134.245741467904,586,1985-2010
50.72921338224467,-120.78703122421845,2008,1234,50.71922499518963,-120.69656283407218,1999,6484.156161922678,9,720.4617957691864,1233,1985-2010
50.348248226628954,-120.37868377723014,1999,1235,48.33597901136478,-120.25533908356135,1947,223976.5582477905,52,4307.241504765202,586,1985-2010
50.71227179755148,-120.28111162122285,2008,1236,50.640470281661635,-120.43220567875721,1999,13336.470090840749,9,1481.8300100934166,158,1985-2010
50.860035701127835,-120.2346679723488,1999,1237,48.33597901136478,-120.25533908356135,1947,280732.78942398756,52,5398.707488922838,586,1985-2010
50.903531786723555,-120.28857306532507,2008,1238,50.860035701127835,-120.2346679723488,1999,6148.593701338101,9,683.1770779264557,1237,1985-2010
50.630573613034024,-120.0847105444265,2008,1239,50.61690339736629,-119.94270879190772,1999,10163.010875366967,9,1129.2234305963295,1245,1985-2010
49.28455988298488,-120.02634777689676,2008,1240,49.22321462314239,-119.97333817572395,1999,7838.283441710317,9,870.9203824122574,1244,1985-2010
49.33741767203206,-120.05892906884385,2008,1241,49.3703233010469,-120.12935887854204,1999,6290.8964935898775,9,698.9884992877642,54,1985-2010
50.62749082434843,-120.01862982880722,2008,1242,50.61690339736629,-119.94270879190772,1999,5500.21966358135,9,611.1355181757056,1245,1985-2010
48.022192806786016,-119.94990153151676,1991,1243,48.33475764342339,-120.16599244441281,1947,38290.67328197112,44,870.2425745902527,890,1985-2010
49.22321462314239,-119.97333817572395,1999,1244,48.9502661706318,-119.6138145525044,1973,40138.159548491545,26,1543.775367249675,954,1985-2010
50.61690339736629,-119.94270879190772,1999,1245,48.33475764342339,-120.16599244441281,1947,254332.75314484132,52,4891.014483554641,890,1985-2010
50.670628190497546,-119.90748006542165,2008,1246,50.68220093971267,-119.79987423129899,1997,7714.276722782365,11,701.2978838893059,1064,1985-2010
43.74079908187188,-113.4455417325902,2008,1247,43.451289643573496,-114.14049518345081,1981,64681.048957449304,27,2395.594405831456,1055,1985-2010
43.784427811136446,-113.60309579507629,2008,1248,43.451289643573496,-114.14049518345081,1981,57023.18140077147,27,2111.9696815100547,1055,1985-2010
43.827238038048726,-114.63247976310112,2008,1249,43.66812086164254,-114.38853905871062,1982,26431.112839563477,26,1016.5812630601338,532,1985-2010
48.957896330395606,-119.21450649427746,1983,1250,48.92884965692418,-119.30626916144936,1972,7457.906478763512,11,677.9914980694101,611,1947-1984
49.036216796643885,-119.15598717465744,2008,1251,48.957896330395606,-119.21450649427746,1983,9705.738214386573,25,388.2295285754629,1250,1985-2010
49.05419914167171,-118.97367755237738,2008,1252,48.98393565209155,-118.8996419880295,1982,9507.030715567447,26,365.6550275218249,1007,1985-2010
50.6240498668854,-121.27157732437105,2009,1253,50.664981343403426,-121.25178847604327,1999,4763.564493351341,10,476.35644933513413,1254,1985-2010
50.664981343403426,-121.25178847604327,1999,1254,48.33597901136478,-120.25533908356135,1947,268891.56622846855,52,5170.99165823978,586,1985-2010
50.71142443788373,-121.21072652451073,2009,1255,50.664981343403426,-121.25178847604327,1999,5925.546286607632,10,592.5546286607632,1254,1985-2010
50.77930758598492,-121.3399757762271,2009,1256,50.664981343403426,-121.25178847604327,1999,14160.798725681663,10,1416.0798725681664,1254,1985-2010
50.77874892146353,-121.83250174917248,2009,1257,50.86903042521401,-121.83410593653224,1999,10043.993162413595,10,1004.3993162413595,1294,1985-2010
50.805091969806085,-121.88536693201422,2009,1258,50.86903042521401,-121.83410593653224,1999,7976.953821391851,10,797.6953821391851,1294,1985-2010
50.83786252976651,-121.3923605387226,2009,1259,50.894046656732165,-121.46404165858631,1999,8033.1190116180305,10,803.311901161803,1295,1985-2010
50.98038559289208,-121.9247191001442,2009,1260,50.86903042521401,-121.83410593653224,1999,13930.234819446614,10,1393.0234819446614,1294,1985-2010
51.10046723692691,-122.07859078071604,2009,1261,50.86903042521401,-121.83410593653224,1999,30945.69196042467,10,3094.569196042467,1294,1985-2010
51.072352389599466,-122.00296540778982,2009,1262,51.006285,-121.784567,2002,16990.155423717937,7,2427.165060531134,2052,1985-2010
51.157800106260474,-122.11330038882865,2009,1263,50.86903042521401,-121.83410593653224,1999,37628.64895761885,10,3762.864895761885,1294,1985-2010
50.24072095097311,-120.43361121372538,2009,1264,50.348248226628954,-120.37868377723014,1999,12584.872008758266,10,1258.4872008758266,1235,1985-2010
50.79218574740743,-120.37190517466493,2009,1265,50.860035701127835,-120.2346679723488,1999,12266.814215730385,10,1226.6814215730385,1237,1985-2010
50.81788892583837,-120.77540691832354,2009,1266,50.71922499518963,-120.69656283407218,1999,12304.665000608522,10,1230.4665000608522,1233,1985-2010
50.46689607458472,-120.2707065286004,2009,1267,50.348248226628954,-120.37868377723014,1999,15267.826786038595,10,1526.7826786038595,1235,1985-2010
50.54460343790818,-120.26102024767148,2009,1268,50.640470281661635,-120.43220567875721,1999,16145.079770465716,10,1614.5079770465716,158,1985-2010
50.844883720395785,-120.32475987351005,2009,1269,50.860035701127835,-120.2346679723488,1999,6564.37886142082,10,656.437886142082,1237,1985-2010
50.579848435895684,-120.20742462741349,2009,1270,50.640470281661635,-120.43220567875721,1999,17281.05707369528,10,1728.1057073695279,158,1985-2010
50.737368422478696,-120.21209380568182,2009,1271,50.69797586165061,-120.16858128259686,2005,5352.228693856988,4,1338.057173464247,1195,1985-2010
50.93230517414633,-120.22903433691681,2009,1272,50.860035701127835,-120.2346679723488,1999,8049.47451345406,10,804.947451345406,1237,1985-2010
50.99603264305375,-120.22114333029637,2009,1273,51.04055796091452,-120.23921700296515,1999,5113.158245459183,10,511.31582454591825,1274,1985-2010
51.04055796091452,-120.23921700296515,1999,1274,48.33597901136478,-120.25533908356135,1947,300813.6812866589,52,5784.878486281902,586,1985-2010
50.686265715946746,-120.0942159236537,2009,1275,50.61690339736629,-119.94270879190772,1999,13203.988163963713,10,1320.3988163963713,1245,1985-2010
49.167871918741284,-120.00817307848267,2009,1276,49.22321462314239,-119.97333817572395,1999,6657.963374089446,10,665.7963374089446,1244,1985-2010
49.28103838393455,-119.84622218307794,2009,1277,48.9502661706318,-119.6138145525044,1973,40509.846706565615,36,1125.2735196268227,954,1985-2010
50.632902449422126,-119.88189269329533,2009,1278,50.61690339736629,-119.94270879190772,1999,4656.977576814179,10,465.6977576814179,1245,1985-2010
48.92081449363074,-119.68862015671631,2000,1279,48.9502661706318,-119.6138145525044,1973,6384.80422038691,27,236.47423038470038,954,1985-2010
48.96182242915089,-119.73294009345203,2009,1280,48.9502661706318,-119.6138145525044,1973,8818.44541227308,36,244.95681700758556,954,1985-2010
49.2529594922211,-119.58442430541994,2009,1281,48.9502661706318,-119.6138145525044,1973,33731.38376650317,36,936.9828824028658,954,1985-2010
49.435264659553155,-119.63088496220753,2009,1282,49.355619567927526,-119.6145624702389,1999,8936.813381245065,10,893.6813381245065,491,1985-2010
41.61677975734238,-115.98009713605472,2009,1283,41.568175372647154,-115.9599975252124,2004,5652.409482887724,5,1130.4818965775448,1169,1985-2010
41.66360597905875,-116.15465937466436,2009,1284,41.87973884987751,-115.83049643408981,1991,36093.31781460968,18,2005.1843230338714,1143,1985-2010
41.83573048683025,-116.1048388719084,2009,1285,41.87973884987751,-115.83049643408981,1991,23298.549898334288,18,1294.3638832407937,1143,1985-2010
41.937962240828256,-115.07102975163481,2009,1286,41.82800726178888,-115.20068953347453,2001,16278.045215741879,8,2034.7556519677348,1133,1985-2010
43.67266267764683,-114.2569711707552,2009,1287,43.66812086164254,-114.38853905871062,1982,10622.794362892004,27,393.4368282552594,532,1985-2010
48.49187018801733,-119.35517716924838,1982,1288,48.59520187877708,-119.38755441990078,1973,11736.636811692199,9,1304.0707568546886,953,1947-1984
48.85666465498209,-119.30763163852382,2009,1289,48.92884965692418,-119.30626916144936,1972,8028.146826357217,37,216.97694125289775,611,1985-2010
48.99186085928872,-119.31848463390736,2009,1290,48.92884965692418,-119.30626916144936,1972,7064.27660675525,37,190.92639477716892,611,1985-2010
49.980565122461876,-119.34903017370881,2009,1291,49.908316043217525,-119.46919906035528,1998,11788.927709862568,11,1071.720700896597,1066,1985-2010
50.10882173624138,-119.41579854396319,2009,1292,50.15173522290405,-119.38091784171358,1999,5385.622263656417,10,538.5622263656417,1328,1985-2010
50.754671948577105,-121.91504737515152,2010,1293,50.86903042521401,-121.83410593653224,1999,13942.335195380983,11,1267.4850177619076,1294,1985-2010
50.86903042521401,-121.83410593653224,1999,1294,48.33597901136478,-120.25533908356135,1947,303946.967574549,52,5845.13399181825,586,1985-2010
50.894046656732165,-121.46404165858631,1999,1295,48.33597901136478,-120.25533908356135,1947,297607.8478940118,52,5723.227844115612,586,1985-2010
50.89437681996288,-121.76651694646851,2010,1296,50.86903042521401,-121.83410593653224,1999,5529.583232903617,11,502.68938480941966,1294,1985-2010
50.933582722467726,-121.56083442660514,2010,1297,50.894046656732165,-121.46404165858631,1999,8104.486126870494,11,736.7714660791358,1295,1985-2010
51.200942385346686,-122.1794721728929,2010,1298,51.30993598625942,-121.80676225639571,2002,28706.20494459006,8,3588.2756180737574,1804,1985-2010
50.518612331799176,-121.30582619422947,2010,1299,50.44946743799746,-121.32548971701031,1999,7817.1507343363255,11,710.6500667578478,1349,1985-2010
50.580612091420946,-121.34101187234393,2010,1300,50.664981343403426,-121.25178847604327,1999,11311.492686253356,11,1028.3175169321232,1254,1985-2010
50.64325698156187,-121.36527840109142,2010,1301,50.664981343403426,-121.25178847604327,1999,8381.759657453418,11,761.9781506775835,1254,1985-2010
50.74194279873446,-121.37784015617174,2010,1302,50.664981343403426,-121.25178847604327,1999,12352.85937759702,11,1122.9872161451838,1254,1985-2010
50.8444334649535,-121.30317572193067,2010,1303,50.814713639653405,-121.13361587071373,1999,12395.316513526323,11,1126.8469557751203,843,1985-2010
50.874178519654116,-121.36811155902258,2010,1304,50.894046656732165,-121.46404165858631,1999,7103.4448451685585,11,645.7677131971417,1295,1985-2010
50.79720582620972,-120.84522688983029,2010,1305,50.71922499518963,-120.69656283407218,1999,13612.263051386908,11,1237.4784592169917,1233,1985-2010
50.872944214360054,-121.03736483323084,2010,1306,50.814713639653405,-121.13361587071373,1999,9376.62892255726,11,852.4208111415691,843,1985-2010
50.94674131586941,-120.98434699329279,2010,1307,50.814713639653405,-121.13361587071373,1999,18057.752222404823,11,1641.6138384004385,843,1985-2010
50.74943582041585,-120.48113741189795,2010,1308,50.640470281661635,-120.43220567875721,1999,12605.012805258948,11,1145.9102550235407,158,1985-2010
50.77887084246299,-120.53594080707673,2010,1309,50.71922499518963,-120.69656283407218,1999,13135.104325748785,11,1194.1003932498895,1233,1985-2010
50.76650586321511,-120.63338772517609,2010,1310,50.71922499518963,-120.69656283407218,1999,6895.565767348858,11,626.8696152135325,1233,1985-2010
48.221262899633686,-119.9506178215836,1995,1311,48.33475764342339,-120.16599244441281,1947,20367.007741215835,48,424.3126612753299,890,1985-2010
48.26938448874445,-119.95330672607179,2010,1312,48.33475764342339,-120.16599244441281,1947,17372.806684957948,63,275.7588362691738,890,1985-2010
48.3395347287137,-119.89204076127882,2010,1313,48.375075363966424,-119.81679824105949,1981,6834.585241177166,29,235.6753531440402,2261,1985-2010
48.406311330241486,-120.21466449910355,2010,1314,48.33597901136478,-120.25533908356135,1947,8381.283107537802,63,133.03623980218734,586,1985-2010
48.41955517839823,-120.01922450379963,2010,1315,48.33475764342339,-120.16599244441281,1947,14391.783739486042,63,228.44101173787368,890,1985-2010
48.497161295186245,-120.1128897797557,1981,1316,48.33475764342339,-120.16599244441281,1947,18481.88202444807,34,543.5847654249433,890,1947-1984
48.5192841238395,-120.03380877689115,2010,1317,48.497161295186245,-120.1128897797557,1981,6339.992388178508,29,218.62042717856923,1316,1985-2010
48.53806357869972,-119.82645218056392,1990,1318,48.51171854364507,-119.73737142213523,1972,7202.669380710961,18,400.14829892838674,931,1985-2010
48.54649210326875,-120.18761271837155,2010,1319,48.497161295186245,-120.1128897797557,1981,7782.007205851433,29,268.34507606384255,1316,1985-2010
48.62344596146126,-120.14707151000805,1988,1320,48.33475764342339,-120.16599244441281,1947,32132.498417536488,41,783.7194735984509,890,1985-2010
49.63235555788116,-119.7660227434053,1999,1321,48.33475764342339,-120.16599244441281,1947,147244.25426105398,52,2831.620274251038,890,1985-2010
49.66617714245464,-119.79183583248842,2010,1322,49.63235555788116,-119.7660227434053,1999,4198.264947561208,11,381.66044977829165,1321,1985-2010
34.243523396800704,-116.95027837901394,2010,1323,34.22157308173654,-116.86979410795429,2009,7804.728035420728,1,7804.728035420728,315,1985-2010
47.36753952570554,-116.86604658252276,2001,1324,47.339281738074725,-116.93061645555815,1983,5802.512673002538,18,322.3618151668077,854,1985-2010
47.56580423044897,-117.0779302453137,2001,1325,47.733274950058345,-117.27644428963674,1964,23856.59734834727,37,644.772901306683,917,1985-2010
49.529141427444216,-119.54096223002907,2010,1326,48.93842694372315,-119.5006093972331,1972,65761.57379529208,38,1730.5677314550546,934,1985-2010
49.90044885246643,-119.32774892776284,2010,1327,49.82840892697951,-119.3845025442828,1999,8991.881512284841,11,817.4437738440764,358,1985-2010
50.15173522290405,-119.38091784171358,1999,1328,48.33475764342339,-120.16599244441281,1947,210000.92291341178,52,4038.47928679638,890,1985-2010
33.288450925479125,-105.76420792913083,2010,1329,33.05120155986339,-105.64265715044898,2001,28651.32136881925,9,3183.480152091028,166,1985-2010
33.69941759758454,-105.69408960139552,2010,1330,33.05120155986339,-105.64265715044898,2001,72053.51864451668,9,8005.946516057408,166,1985-2010
33.7138114865555,-109.26982665319082,2010,1331,33.948923,-109.20622,1995,26734.82117904055,15,1782.3214119360368,2138,1985-2010
33.72167752237525,-109.3312219361014,2010,1332,33.948923,-109.20622,1995,27734.73674228568,15,1848.982449485712,2138,1985-2010
33.77127392353885,-109.26092903497397,2010,1333,33.948923,-109.20622,1995,20344.75300555146,15,1356.316867036764,2138,1985-2010
33.837079063652055,-109.30091184819858,2010,1334,33.948923,-109.20622,1995,15186.312718733368,15,1012.4208479155579,2138,1985-2010
33.85309548113857,-109.22508391179012,2010,1335,33.948923,-109.20622,1995,10771.492169637904,15,718.0994779758603,2138,1985-2010
33.884512859724055,-109.29170920709804,2010,1336,33.948923,-109.20622,1995,10655.58016322841,15,710.372010881894,2138,1985-2010
33.877798572465885,-109.12801158851336,2010,1337,33.948923,-109.20622,1995,10702.783093351567,15,713.5188728901045,2138,1985-2010
33.927409115091365,-109.27166191952529,2010,1338,33.948923,-109.20622,1995,6503.825948746112,15,433.58839658307414,2138,1985-2010
33.91216492325998,-109.36931721652348,2010,1339,33.948923,-109.20622,1995,15621.424065807745,15,1041.4282710538496,2138,1985-2010
33.92452730497492,-109.12108497107735,2010,1340,33.948923,-109.20622,1995,8323.17291742677,15,554.878194495118,2138,1985-2010
39.96195605000442,-111.71291981589145,2010,1341,41.52315363,-111.4749275,1991,174530.53774210357,19,9185.817775900188,1774,1985-2010
43.5181715806708,-113.63083254326398,2010,1342,43.59543433865005,-113.64165014012771,2003,8628.555659096475,7,1232.6508084423535,1167,1985-2010
43.610112138431276,-113.91206388382184,2010,1343,43.678171024055416,-114.04370429503221,1991,13038.052654765866,19,686.2132976192561,1028,1985-2010
47.86132370530475,-116.84918251998292,2010,1344,47.82263362882947,-117.27149800259964,1963,31902.887094150658,47,678.7848317904395,894,1985-2010
50.83619117046805,-121.55414055834608,2011,1345,50.894046656732165,-121.46404165858631,1999,9036.516737370332,12,753.0430614475276,1295,2011-2025
50.91396423314806,-121.8700467515818,2011,1346,50.86903042521401,-121.83410593653224,1999,5601.9811267277155,12,466.831760560643,1294,2011-2025
51.079175766734295,-122.17895878143815,2011,1347,50.86903042521401,-121.83410593653224,1999,33663.17052864166,12,2805.2642107201386,1294,2011-2025
50.42666496190159,-121.37755046674545,2011,1348,50.44946743799746,-121.32548971701031,1999,4484.7243875061395,12,373.7270322921783,1349,2011-2025
50.44946743799746,-121.32548971701031,1999,1349,48.33597901136478,-120.25533908356135,1947,247554.65410285408,52,4760.6664250548865,586,1985-2010
49.70792872893076,-119.78374322618387,2011,1350,49.63235555788116,-119.7660227434053,1999,8502.22686753993,12,708.5189056283275,1321,2011-2025
47.34568743933279,-116.8154574573639,2011,1351,47.29239661828449,-116.78676895431884,1982,6309.234640912974,29,217.55981520389565,849,2011-2025
47.512532000357474,-116.89557665751133,2011,1352,47.339281738074725,-116.93061645555815,1983,19442.39877401996,28,694.3713847864271,854,2011-2025
47.568187986567025,-116.87021371687261,2011,1353,47.733274950058345,-117.27644428963674,1964,35613.44876764064,47,757.7329525029924,917,2011-2025
48.05636499346781,-117.07877709716082,2011,1354,48.01736551058376,-117.25154796567936,1963,13594.081645015662,48,283.2100342711596,897,2011-2025
41.52534530419776,-115.99932908090803,2011,1355,41.568175372647154,-115.9599975252124,2004,5779.053269806604,7,825.5790385438005,1169,2011-2025
45.834506208105594,-116.18715630030485,2011,1356,45.77008052,-116.3676955,1991,15756.087063818943,20,787.8043531909472,2163,2011-2025
45.88051168592721,-115.77803071766876,2011,1357,45.64002894359061,-116.58984074613657,1973,68579.27866388546,38,1804.717859575933,994,2011-2025
45.93302599274655,-115.90946846705828,2011,1358,45.64002894359061,-116.58984074613657,1973,62125.30445803804,38,1634.8764331062641,994,2011-2025
45.99734098857778,-115.72159239458682,2011,1359,46.08690368786243,-115.74881307493851,2001,10175.617504807222,10,1017.5617504807221,1363,2011-2025
46.0347127634036,-115.84464096354728,2011,1360,46.08690368786243,-115.74881307493851,2001,9414.653137762307,10,941.4653137762307,1363,2011-2025
46.022116649682076,-115.90074609175349,2011,1361,46.08690368786243,-115.74881307493851,2001,13787.692634367224,10,1378.7692634367224,1363,2011-2025
46.07107017365794,-115.91322698625876,2011,1362,46.08690368786243,-115.74881307493851,2001,12839.102131322017,10,1283.9102131322018,1363,2011-2025
46.08690368786243,-115.74881307493851,2001,1363,46.077133682354756,-117.30483637249861,1947,120359.45686616623,54,2228.87883085493,590,1985-2010
47.38920876900471,-116.79068575271475,2009,1364,47.29239661828449,-116.78676895431884,1982,10767.400834178288,27,398.79262348808476,849,1985-2010
47.58655588975729,-116.70128599370669,1999,1365,47.733274950058345,-117.27644428963674,1964,46179.73772610052,35,1319.4210778885863,917,1985-2010
45.868553971579225,-115.53864045559332,2011,1366,46.077133682354756,-117.30483637249861,1947,138828.6444769123,64,2169.1975699517548,590,2011-2025
45.87543711567189,-115.3942769634904,2011,1367,46.077133682354756,-117.30483637249861,1947,149745.27400066695,64,2339.769906260421,590,2011-2025
45.91521315442767,-115.55840958951215,2011,1368,46.089972809212725,-115.65064039047344,2001,20696.88017186459,10,2069.6880171864586,1373,2011-2025
45.93236869663794,-115.69412689142924,2011,1369,46.08690368786243,-115.74881307493851,2001,17691.275733461076,10,1769.1275733461075,1363,2011-2025
45.97725704512565,-115.60118079278513,2011,1370,46.089972809212725,-115.65064039047344,2001,13100.625984582039,10,1310.0625984582039,1373,2011-2025
46.01964738832295,-115.6363678636431,2011,1371,46.089972809212725,-115.65064039047344,2001,7894.485120525798,10,789.4485120525799,1373,2011-2025
46.00649154095181,-115.55158884057774,2011,1372,46.089972809212725,-115.65064039047344,2001,12036.307803109557,10,1203.6307803109557,1373,2011-2025
46.089972809212725,-115.65064039047344,2001,1373,46.077133682354756,-117.30483637249861,1947,127952.1175209018,54,2369.4836577944775,590,1985-2010
48.907414690139674,-117.88818511781275,2012,1374,48.81666795981882,-118.01097237900005,1982,13528.129156522484,30,450.93763855074945,1011,2011-2025
46.38282863444508,-115.4769200853648,2012,1375,46.31955,-115.60226000000002,2001,11939.55814637803,11,1085.4143769434575,1869,2011-2025
47.24821797963245,-116.70452612533538,1983,1376,47.733274950058345,-117.27644428963674,1964,69033.98383985214,19,3633.3675705185337,917,1947-1984
47.969285832120065,-114.76716392858336,2012,1377,47.943675999999996,-114.39252200000001,1983,28125.781479079575,29,969.8545337613647,2077,2011-2025
48.001709794467075,-114.55032923097146,2012,1378,47.943675999999996,-114.39252200000001,1983,13433.857848223193,29,463.2364775249377,2077,2011-2025
48.15624422864175,-114.61722327035947,2012,1379,48.158179693477194,-114.37269034530388,1983,18194.109770810766,29,627.3830955451988,1225,2011-2025
48.18261278662047,-114.50320341106418,2012,1380,48.158179693477194,-114.37269034530388,1983,10080.47269308095,29,347.6025066579638,1225,2011-2025
48.24678689456223,-114.49753565049772,2012,1381,48.158179693477194,-114.37269034530388,1983,13534.928883147953,29,466.7216856257915,1225,2011-2025
48.406326334057,-114.53310110871116,2012,1382,48.158179693477194,-114.37269034530388,1983,30051.63177236941,29,1036.2631645644624,1225,2011-2025
32.84986426496525,-105.81943496183602,2012,1383,32.82914453805503,-105.75258640899789,2000,6667.00218859146,12,555.5835157159551,60,2011-2025
34.8024109323967,-111.39271727260402,2012,1384,34.44249467131656,-111.26143820124938,1993,41702.38336187265,19,2194.8622822038237,1425,2011-2025
35.86449971510941,-105.23078585491302,2012,1385,37.3720437,-105.1058817,1986,167665.5925929551,26,6448.676638190581,2233,2011-2025
35.92935574344728,-105.2930036831107,2012,1386,37.3720437,-105.1058817,1986,160968.5460571485,26,6191.097925274942,2233,2011-2025
36.03939889012038,-105.27412392076414,2012,1387,37.3720437,-105.1058817,1986,148648.4776955866,26,5717.249142137946,2233,2011-2025
36.07301645224859,-105.15876723244088,2012,1388,37.3720437,-105.1058817,1986,144233.6425992486,26,5547.447792278792,2233,2011-2025
36.20478096995143,-105.02040396671627,2012,1389,37.3720437,-105.1058817,1986,129759.92710116427,26,4990.766426967856,2233,2011-2025
36.75764670660632,-104.60154334909922,2012,1390,37.3720437,-105.1058817,1986,81615.04542660357,26,3139.0402087155217,2233,2011-2025
36.76229363120799,-104.82616050354706,2012,1391,37.3720437,-105.1058817,1986,72096.96637759711,26,2772.9602452921968,2233,2011-2025
36.93661659717554,-104.39241255002104,2012,1392,36.996381436470365,-104.37588873279006,2002,6793.787907006836,10,679.3787907006836,1148,2011-2025
48.20233928921631,-114.40792112043982,2012,1393,48.158179693477194,-114.37269034530388,1983,5565.506674953281,29,191.91402327425106,1225,2011-2025
39.87709519951066,-120.89965545368793,2013,1394,39.97746648922959,-120.90265731545725,1991,11147.503007051615,22,506.70468213870976,1873,2011-2025
39.97931269492684,-121.14046172730559,2013,1395,39.97746648922959,-120.90265731545725,1991,20314.464329788298,22,923.3847422631044,1873,2011-2025
40.11440738993532,-121.43123838541159,2013,1396,40.217458,-121.38532999999998,1992,12092.369986786509,21,575.827142227929,1852,2011-2025
40.12321158362387,-121.0097209100676,2013,1397,39.97746648922959,-120.90265731545725,1991,18583.588933554063,22,844.7085878888211,1873,2011-2025
40.154786292051774,-121.51832144783208,2013,1398,40.20798699999999,-121.58882899999999,1995,8423.520161315359,18,467.9733422952977,2145,2011-2025
32.4718812056307,-110.74276851831361,2013,1399,32.42616528345549,-110.74152743114641,1999,5070.996339180141,14,362.21402422715295,5,2011-2025
34.93592789020115,-111.75383519761102,2013,1400,34.4451348497108,-111.39587039502965,1994,63562.82234258638,19,3345.4117022413884,1656,2011-2025
39.74626344401203,-120.74889785337622,2013,1401,39.60733459361616,-120.60000244076494,1981,20027.972520149673,32,625.8741412546773,328,2011-2025
32.677424414190895,-105.63234198977938,2013,1402,32.75504634285126,-105.76579589931207,2000,15186.780253079627,13,1168.2138656215097,1422,2011-2025
32.71176548128748,-105.6729778152454,2013,1403,32.75504634285126,-105.76579589931207,2000,9936.340388872213,13,764.3338760670933,1422,2011-2025
39.76398982284743,-121.02298273299083,2014,1404,39.701194512398246,-120.9976767386393,1988,7301.83812307551,26,280.8399278105966,238,2011-2025
39.99250542001807,-121.46179967611322,2014,1405,40.217458,-121.38532999999998,1992,25814.92108185444,22,1173.4055037206565,1852,2011-2025
40.13948212379351,-121.31389606519299,2014,1406,40.0919,-121.322,2001,5328.346468901611,13,409.8728053001239,2157,2011-2025
39.82370530987712,-120.8787182619236,2014,1407,39.701194512398246,-120.9976767386393,1988,16997.965085268148,26,653.7678878949288,238,2011-2025
32.65284950968817,-109.86313999853715,2001,1408,32.75166000000001,-110.046944,1995,20423.19325418794,6,3403.8655423646564,2318,1985-2010
33.77355309549396,-109.7289719903821,2014,1409,33.948923,-109.20622,1995,52137.23295097124,19,2744.064892156381,2138,2011-2025
33.84585840229411,-109.6840727435605,2014,1410,33.948923,-109.20622,1995,45653.767594621495,19,2402.8298734011314,2138,2011-2025
33.94680436195654,-107.16210508266089,2014,1411,33.948923,-109.20622,1995,188957.434675443,19,9945.128140812789,2138,2011-2025
34.250686853236886,-110.63789045526055,2014,1412,33.852556850584996,-110.91673458063313,1992,51118.39659526636,22,2323.563481603016,1226,2011-2025
34.25452090383028,-110.54575633911877,2014,1413,33.852556850584996,-110.91673458063313,1992,56224.12735556352,22,2555.6421525256146,1226,2011-2025
34.29766942816392,-110.84010561965296,2014,1414,34.44249467131656,-111.26143820124938,1993,41952.93751755832,21,1997.758929407539,1425,2011-2025
34.43084358036525,-111.31501173550095,2014,1415,34.44249467131656,-111.26143820124938,1993,5090.711150784363,21,242.41481670401728,1425,2011-2025
35.27063755853268,-111.78751382171909,2014,1416,34.4451348497108,-111.39587039502965,1994,98333.20194337713,20,4916.660097168857,1656,2011-2025
40.30704113083644,-120.75206529988091,2014,1417,40.3458449393183,-120.86091330763614,1981,10204.81633687547,33,309.2368586931961,1980,2011-2025
40.71024304436356,-120.59201968854299,2014,1418,40.47057700000001,-120.80941400000002,1980,32357.087730199448,34,951.6790508882191,2194,2011-2025
33.08402684478479,-105.7634193923554,2014,1419,33.05120155986339,-105.64265715044898,2001,11850.067750140788,13,911.543673087753,166,2011-2025
38.899196362213445,-105.12886313115816,2014,1420,38.83480170804869,-104.90926047411422,1990,20355.500351309416,24,848.1458479712256,177,2011-2025
39.2273814762092,-105.41187729714936,2014,1421,39.245753,-105.35434,1986,5370.02190416773,28,191.78649657741894,2332,2011-2025
32.75504634285126,-105.76579589931207,2000,1422,43.957273085377274,-119.017454283501,1947,1695055.9947148953,53,31982.188579526326,598,1985-2010
33.61984562946646,-105.35709249451152,2015,1423,33.05120155986339,-105.64265715044898,2001,68442.80472618008,14,4888.77176615572,166,2011-2025
33.622718873593186,-105.43380119195616,2015,1424,33.05120155986339,-105.64265715044898,2001,66302.30319669118,14,4735.8787997636555,166,2011-2025
34.44249467131656,-111.26143820124938,1993,1425,43.957273085377274,-119.017454283501,1947,1249532.9565474398,46,27163.759924944345,598,1985-2010
35.97432947693307,-106.38981242682468,2008,1426,37.3720437,-105.1058817,1986,192947.45079514684,22,8770.338672506674,2233,1985-2010
35.97386521410395,-105.46886668400803,2015,1427,37.3720437,-105.1058817,1986,158514.1221563579,29,5466.004212288203,2233,2011-2025
33.59845127020208,-105.27283680196983,2015,1428,33.05120155986339,-105.64265715044898,2001,69782.62231421549,14,4984.473022443964,166,2011-2025
36.73986221106822,-104.77332679829844,2015,1429,36.76229363120799,-104.82616050354706,2012,5334.51118215208,3,1778.1703940506934,1391,2011-2025
31.774074462045824,-109.3021611976462,2016,1430,31.884000000000004,-109.207,2010,15156.777877532324,6,2526.1296462553873,152,2011-2025
33.602106310768825,-109.6301029479832,2016,1431,33.948923,-109.20622,1995,54967.13721268484,21,2617.4827244135636,2138,2011-2025
43.37896144880517,-110.65166832891397,2016,1432,45.086161,-109.326159,1979,217247.4636952671,37,5871.553072845057,1917,2011-2025
35.62656724687107,-105.7564774375112,2016,1433,35.203535688012586,-106.41663727188389,2000,76143.74710593646,16,4758.984194121029,8,2011-2025
44.43788059830547,-115.71599358180288,2017,1434,44.38376260383643,-115.78670509587782,1991,8239.25714985578,26,316.89450576368387,876,2011-2025
44.70358002954326,-114.33394103168486,2017,1435,45.016785,-114.337218,1983,34807.13297158137,34,1023.7392050465108,2171,2011-2025
37.0675556334743,-106.29906695408798,2017,1436,37.3720437,-105.1058817,1986,111160.81081606737,31,3585.832606969915,2233,2011-2025
35.65576416087133,-105.35287635010272,2017,1437,35.86449971510941,-105.23078585491302,2012,25657.446244927945,5,5131.489248985589,1385,2011-2025
35.775473576819785,-105.57441615665498,2017,1438,35.203535688012586,-106.41663727188389,2000,99333.72821824212,17,5843.160483426007,8,2011-2025
44.66807663731922,-118.96683269029586,1981,1439,43.957273085377274,-119.017454283501,1947,79086.50519126872,34,2326.073682096139,598,1947-1984
47.1741479952855,-120.89222109827755,2018,1440,47.11603352769971,-120.92207710832211,1981,6846.182478593707,37,185.031958880911,2263,2011-2025
47.2362763277111,-120.4455249633221,1980,1441,48.33597901136478,-120.25533908356135,1947,123099.31586810922,33,3730.2822990336126,586,1947-1984
47.257723622708085,-120.7164537711023,2018,1442,47.30443510870818,-120.72991087238543,1981,5292.069292054693,37,143.02889978526196,466,2011-2025
47.82559686925532,-120.44502946230011,1999,1443,47.77806,-120.35944000000002,1980,8309.285285170246,19,437.33080448264457,2115,1985-2010
44.054041197231065,-118.75427596789618,1981,1444,43.957273085377274,-119.017454283501,1947,23687.401138014677,34,696.6882687651375,598,1947-1984
44.04926480997638,-118.60973315481583,1989,1445,44.089951086713015,-118.48699513624162,1964,10822.300361720861,25,432.8920144688345,600,1985-2010
44.04368978545518,-118.17251007367051,2018,1446,44.063585960835205,-118.43118568847153,1964,20846.231715203092,54,386.0413280593165,599,2011-2025
44.341994349634845,-118.3262953622892,2018,1447,44.376756687404054,-118.35872842723688,1973,4648.244433294162,45,103.29432073987027,965,2011-2025
44.76923937825579,-118.5800578832802,1983,1448,44.59740519150165,-118.60411507018722,1973,19190.18810966885,10,1919.0188109668848,962,1947-1984
44.873719736900114,-118.3505846120043,1981,1449,45.78746290823576,-117.6802191182697,1947,114342.29503533657,34,3363.0086775098994,629,1947-1984
45.003845026541235,-118.21294541866821,2018,1450,44.9823,-118.11789999999999,1981,7868.090893222122,37,212.6511052222195,1773,2011-2025
44.737178031840614,-117.98857503927545,2018,1451,44.755182082496695,-117.92795357311205,1990,5201.081900884466,28,185.7529250315881,1698,2011-2025
44.821664359253646,-116.21134520648484,1991,1452,44.92221797353204,-115.94853692960571,1982,23583.154451795563,9,2620.3504946439516,1504,1985-2010
44.87833477062791,-118.0541643193547,2018,1453,44.9823,-118.11789999999999,1981,12601.72076235982,37,340.5870476313465,1773,2011-2025
45.204783982851175,-117.69450317665813,1979,1454,45.13075955327934,-117.77194304100323,1973,10234.402049262462,6,1705.733674877077,976,1947-1984
45.21347012372328,-117.46394708876616,2018,1455,45.06408559885202,-117.41328430532148,1973,17073.330568198915,45,379.4073459599759,175,2011-2025
45.386261363611574,-117.44463008206876,2018,1456,45.35035054507728,-117.40338926442423,1982,5134.874078984137,36,142.63539108289268,1113,2011-2025
45.434890488882054,-117.78531328495146,1980,1457,45.78746290823576,-117.6802191182697,1947,40034.506942145104,33,1213.1668770347,629,1947-1984
45.582046798651895,-116.70795058701616,2018,1458,45.51136520608055,-116.61599999490787,1973,10643.090253542117,45,236.5131167453804,711,2011-2025
45.77500576755198,-116.97671866957286,1980,1459,45.81443534555722,-117.07505671585557,1973,8812.667291791005,7,1258.9524702558579,721,1947-1984
34.40820646019302,-111.11915374258675,2018,1460,34.431686850560205,-111.16541876569063,2007,4987.250957213897,11,453.3864506558088,9,2011-2025
43.52685525244432,-113.69168990410591,2018,1461,43.59543433865005,-113.64165014012771,2003,8625.579959170149,15,575.0386639446766,1167,2011-2025
43.7958667601041,-113.7233322908596,2018,1462,43.784427811136446,-113.60309579507629,2008,9760.736926247842,10,976.0736926247843,1248,2011-2025
44.208876245740754,-115.30250618514062,2018,1463,44.199215,-115.50810899999999,1991,16469.01979081883,27,609.963695956253,2019,2011-2025
39.523742278255234,-120.52570238671997,2005,1464,39.60733459361616,-120.60000244076494,1981,11265.057983541497,24,469.3774159808957,328,1985-2010
47.219181474314475,-120.68246829238069,2000,1465,47.18333,-120.60000000000001,1985,7411.5884857327765,15,494.10589904885177,2188,1985-2010
51.511672879308996,-122.33356620461521,2019,1466,51.46680351696184,-122.15063,2002,13651.645790312748,17,803.0379876654558,1868,2011-2025
51.58831533639333,-122.27324630978902,2019,1467,51.46680351696184,-122.15063,2002,15974.313667299079,17,939.6655098411222,1868,2011-2025
51.595745472686,-122.14908718984094,2011,1468,51.46680351696184,-122.15063,2002,14346.2790453008,9,1594.0310050334222,1868,2011-2025
51.65249371091352,-122.33302337527893,2019,1469,51.46680351696184,-122.15063,2002,24224.33163834788,17,1424.960684608699,1868,2011-2025
51.69982969601696,-122.33715694359307,2019,1470,51.46680351696184,-122.15063,2002,28971.20955997731,17,1704.188797645724,1868,2011-2025
51.76880276590129,-122.37827882397298,2019,1471,51.46680351696184,-122.15063,2002,37115.95364003664,17,2183.2913905903906,1868,2011-2025
43.90819620507572,-118.97163895674595,2019,1472,43.957273085377274,-119.017454283501,1947,6577.894341742263,72,91.35964363530921,598,2011-2025
43.99386346666159,-119.05157910457291,2019,1473,43.957273085377274,-119.017454283501,1947,4901.70555275515,72,68.07924378826597,598,2011-2025
48.83784886254124,-119.22250255700384,1981,1474,48.92884965692418,-119.30626916144936,1972,11838.8431250671,9,1315.4270138963445,611,1947-1984
49.14009143579685,-119.3643434752016,2019,1475,48.92884965692418,-119.30626916144936,1972,23872.99300595497,47,507.9360214032972,611,2011-2025
50.22606855736376,-119.34720089849691,2019,1476,50.15173522290405,-119.38091784171358,1999,8611.771706225196,20,430.5885853112598,1328,2011-2025
50.25517542673691,-119.40278162561427,2019,1477,50.15173522290405,-119.38091784171358,1999,11611.357549913768,20,580.5678774956884,1328,2011-2025
44.08818358456082,-118.67775657213062,2019,1478,44.054041197231065,-118.75427596789618,1981,7208.943466683974,38,189.7090385969467,1444,2011-2025
44.253033632308956,-118.61473213643805,2019,1479,44.23829285871108,-118.67512140387187,1981,5094.079349026037,38,134.0547197112115,885,2011-2025
44.58692665968651,-117.27040702420197,2002,1480,44.53594392746811,-117.01000825140275,1982,21449.344863540213,20,1072.4672431770107,735,1985-2010
44.806030178684814,-116.82482456488916,2019,1481,44.73151067711605,-116.7895715820424,1982,8738.744459052272,37,236.18228267708844,468,2011-2025
45.502913716340124,-116.76600501528195,1981,1482,45.428064615335664,-116.82057616954333,1973,9349.667502373179,8,1168.7084377966473,992,1947-1984
44.70827586912926,-116.64016752180859,2019,1483,44.75415589430916,-116.60063704073683,1991,5983.325735955691,28,213.69020485556038,1485,2011-2025
44.74278924787396,-116.32567226556807,2019,1484,44.75354680738031,-116.20653066122617,1991,9510.429509292471,28,339.6581967604454,873,2011-2025
44.75415589430916,-116.60063704073683,1991,1485,44.83896903909898,-116.61780836389417,1982,9522.526346932344,9,1058.0584829924826,1489,1985-2010
44.79533261817521,-116.28328743029013,2019,1486,44.8309067837979,-116.3200495920901,1991,4907.636089752715,28,175.27271749116838,1487,2011-2025
44.8309067837979,-116.3200495920901,1991,1487,44.83896903909898,-116.61780836389417,1982,23561.67414986225,9,2617.963794429139,1489,1985-2010
44.85783718022987,-116.28100862704751,1991,1488,45.08719592244738,-116.85776803673537,1973,52150.529698569444,18,2897.251649920525,989,1985-2010
44.83896903909898,-116.61780836389417,1982,1489,45.78085213778396,-117.56552128282557,1947,128376.74788849207,35,3667.9070825283447,662,1947-1984
44.909344405867664,-116.70574601729139,2019,1490,44.83896903909898,-116.61780836389417,1982,10461.821828741009,37,282.75194131732457,1489,2011-2025
44.93901731227462,-116.35791791462002,2019,1491,44.920648447242776,-116.258564797256,1992,8104.528358068185,27,300.16771696548835,1035,2011-2025
45.0618491441712,-116.24017574726405,1991,1492,45.27228217892495,-116.72933416775182,1973,45008.96530162271,18,2500.4980723123726,709,1985-2010
44.55525295597362,-116.17207628939933,1981,1493,45.78085213778396,-117.56552128282557,1947,174787.7968361922,34,5140.817554005653,662,1947-1984
44.67340445782601,-116.18869782496208,2019,1494,44.650888,-116.28135400000001,1991,7762.761991734446,28,277.24149970480164,1862,2011-2025
44.71516295499358,-116.16067710554977,2019,1495,44.75354680738031,-116.20653066122617,1991,5602.335991689183,28,200.08342827461368,873,2011-2025
44.89921188424279,-116.17758185901594,2019,1496,44.94738450942858,-116.13716122223167,1991,6232.46424173473,28,222.58800863338323,78,2011-2025
44.995896604038784,-116.18299282527674,1991,1497,44.92221797353204,-115.94853692960571,1982,20230.30912554293,9,2247.812125060326,1504,1985-2010
43.93858688727571,-116.03180312471557,2019,1498,43.76600491761151,-116.1042025997966,1990,20039.60681447587,29,691.0209246370989,1827,2011-2025
44.51943745845041,-116.11894773703087,2019,1499,44.55525295597362,-116.17207628939933,1981,5802.587048952226,38,152.6996591829533,1493,2011-2025
44.59102343320794,-115.97792789103553,2019,1500,44.55525295597362,-116.17207628939933,1981,15925.265223165961,38,419.08592692542004,1493,2011-2025
44.64589461787161,-116.01322024929385,2019,1501,44.55525295597362,-116.17207628939933,1981,16140.544612621617,38,424.75117401635833,1493,2011-2025
44.794418899891795,-115.99407364213616,2019,1502,44.79966630489838,-115.90422197498987,1991,7133.360150068983,28,254.76286250246366,1519,2011-2025
44.90833139304595,-116.00443436408439,2019,1503,44.92221797353204,-115.94853692960571,1982,4675.829521189337,37,126.37377084295507,1504,2011-2025
44.92221797353204,-115.94853692960571,1982,1504,45.78085213778396,-117.56552128282557,1947,158620.8754311212,35,4532.025012317749,662,1947-1984
45.03866249786513,-116.12558505984224,2019,1505,44.995896604038784,-116.18299282527674,1991,6562.315115598471,28,234.36839698565967,1497,2011-2025
45.22250198673426,-116.03836746124978,2019,1506,45.0618491441712,-116.24017574726405,1991,23889.43484946938,28,853.1941017667635,1492,2011-2025
43.1911517737001,-115.34455302763772,2019,1507,43.41688092226407,-115.19222572437705,1992,27958.414817134704,27,1035.4968450790632,1041,2011-2025
43.19810935440783,-115.4228660237121,2019,1508,43.456648975123336,-115.51579971170862,1992,29696.04457848782,27,1099.8535029069562,780,2011-2025
43.26390428620065,-115.44051626155228,2019,1509,43.456648975123336,-115.51579971170862,1992,22266.508611546276,27,824.6855041313436,780,2011-2025
43.37608009626837,-115.43655706261208,2019,1510,43.456648975123336,-115.51579971170862,1992,11014.189874280455,27,407.93295830668353,780,2011-2025
43.72551942044924,-114.96041964229627,2019,1511,43.688911010693786,-114.91726709472812,1992,5351.731118638252,27,198.2122636532686,1052,2011-2025
43.74844690767893,-114.59547584178918,2019,1512,43.741144319656826,-114.43677128786979,1992,12809.243584387752,27,474.4164290513982,1053,2011-2025
43.935758737104635,-114.75909442559207,2019,1513,43.688911010693786,-114.91726709472812,1992,30235.63712087077,27,1119.8384118841027,1052,2011-2025
44.253682727549695,-115.90583650096569,1991,1514,44.37827032896586,-115.93545295854229,1981,14044.159228703742,10,1404.4159228703743,478,1985-2010
44.614648649880586,-115.84976041084343,2019,1515,44.65108199,-115.6789039,1992,14148.864348545978,27,524.0320129091103,2280,2011-2025
44.66541265970264,-115.88078537752313,2019,1516,44.75101448911542,-115.89365057910328,1991,9567.072807101056,28,341.6811716821806,1518,2011-2025
44.70475554574855,-115.90747957620655,2019,1517,44.75101448911542,-115.89365057910328,1991,5256.03075459516,28,187.71538409268427,1518,2011-2025
44.75101448911542,-115.89365057910328,1991,1518,44.92221797353204,-115.94853692960571,1982,19514.305891984517,9,2168.256210220502,1504,1985-2010
44.79966630489838,-115.90422197498987,1991,1519,44.92221797353204,-115.94853692960571,1982,14062.229722871414,9,1562.4699692079348,1504,1985-2010
47.1726340705547,-114.49886536824671,2019,1520,47.26451,-114.407341,1983,12344.7273252377,36,342.90909236771387,2191,2011-2025
47.43212785224156,-114.48399998510554,2019,1521,47.49234043371132,-114.50756249938225,2003,6926.14544985784,16,432.884090616115,1162,2011-2025
38.88603999345709,-114.23034805516717,2019,1522,38.99943155097032,-114.24498195410554,1996,12651.866581680932,23,550.0811557252579,272,2011-2025
43.65892449727215,-114.33275236694348,2019,1523,43.66812086164254,-114.38853905871062,1982,4614.199383281686,37,124.70809144004556,532,2011-2025
43.91145960357181,-114.34095826072137,2019,1524,43.74644582869844,-114.3669461536864,1992,18453.278896477397,27,683.4547739436073,1056,2011-2025
43.917179416211084,-114.18093309061756,2019,1525,43.66812086164254,-114.38853905871062,1982,32325.82043660759,37,873.670822611016,532,2011-2025
43.92762346065883,-114.4476540367928,2019,1526,43.741144319656826,-114.43677128786979,1992,20737.992356111034,27,768.0737909670753,1053,2011-2025
44.29128732995938,-114.3607373913839,2019,1527,43.66812086164254,-114.38853905871062,1982,69277.09631736894,37,1872.3539545234848,532,2011-2025
46.791055293197466,-114.11533139423656,2019,1528,46.816244000000005,-114.186154,1983,6088.324417909522,36,169.12012271970895,1825,2011-2025
46.876606765904484,-114.15863257086117,2019,1529,46.816244000000005,-114.186154,1983,7031.068211332205,36,195.30745031478347,1825,2011-2025
46.903989287932056,-114.2189157948409,2019,1530,46.816244000000005,-114.186154,1983,10069.308483262383,36,279.7030134239551,1825,2011-2025
47.04629394743289,-114.21263935879635,2019,1531,47.066612839260124,-114.27696273900577,1979,5383.826147871098,40,134.59565369677745,44,2011-2025
47.08127799327253,-114.10191816544882,2019,1532,47.18310374461344,-114.13116722642906,1983,11535.764373096052,36,320.4378992526681,1535,2011-2025
47.13162980513012,-114.45482177713193,2019,1533,47.066612839260124,-114.27696273900577,1979,15315.193530696297,40,382.8798382674074,44,2011-2025
47.13234596278936,-114.27123731499816,2019,1534,47.066612839260124,-114.27696273900577,1979,7320.648490708318,40,183.01621226770794,44,2011-2025
47.18310374461344,-114.13116722642906,1983,1535,47.066612839260124,-114.27696273900577,1979,17032.45548554451,4,4258.113871386127,44,1947-1984
47.205298352498396,-114.20670498669645,2019,1536,47.18310374461344,-114.13116722642906,1983,6233.416112935924,36,173.15044758155344,1535,2011-2025
47.22737304766039,-114.08080625852674,2019,1537,47.18310374461344,-114.13116722642906,1983,6227.43747115803,36,172.9843741988342,1535,2011-2025
47.284189979684804,-114.34714368435444,2019,1538,47.26451,-114.407341,1983,5053.119812435697,36,140.36443923432492,2191,2011-2025
47.42489897184133,-114.40827305909164,2019,1539,47.37907286513345,-114.42556621301391,2004,5259.449023122268,15,350.6299348748179,1173,2011-2025
47.85765591277749,-114.4321736268338,2019,1540,47.943675999999996,-114.39252200000001,1983,10013.381597605437,36,278.14948882237326,2077,2011-2025
48.042826015749164,-114.22767746233336,2019,1541,48.07176701574088,-114.07118228080151,1984,12101.278983551547,35,345.7508281014728,181,2011-2025
31.849350952695865,-109.3064084611695,2019,1542,31.91505979337279,-109.26892504090989,2010,8103.3732473638065,9,900.3748052626452,153,2011-2025
33.66624106047385,-109.2781533548195,2019,1543,33.7138114865555,-109.26982665319082,2010,5332.54346201968,9,592.5048291132978,1331,2011-2025
34.46897527404205,-111.07789957587528,2019,1544,34.44249467131656,-111.26143820124938,1993,17118.997636322725,26,658.4229860124125,1425,2011-2025
34.88934531166224,-111.42812591543213,2019,1545,34.8024109323967,-111.39271727260402,2012,10173.499936246542,7,1453.3571337495061,1384,2011-2025
34.97012986239147,-111.51671711789476,2019,1546,34.4451348497108,-111.39587039502965,1994,59283.333980599185,25,2371.3333592239674,1656,2011-2025
43.91554327671883,-113.71522116517438,2019,1547,43.678171024055416,-114.04370429503221,1991,37342.36366749696,28,1333.6558452677486,1028,2011-2025
44.197716212695944,-114.02098646941172,2019,1548,43.66812086164254,-114.38853905871062,1982,65830.08492669556,37,1779.1914845052854,532,2011-2025
46.4057641290706,-113.89535663835805,2019,1549,46.464420000000004,-114.212949,1983,25264.051547221716,36,701.7792096450477,2169,2011-2025
46.49897966393531,-113.88741262509765,2019,1550,46.464420000000004,-114.212949,1983,25290.857492963063,36,702.523819248974,2169,2011-2025
46.599516669193704,-113.84281628522847,2019,1551,46.8097778856671,-113.94145567379346,1983,24560.78242424101,36,682.2439562289169,65,2011-2025
46.65312608498092,-113.53703487984504,2019,1552,46.93306948643444,-113.34176939171412,1983,34507.054429504664,36,958.5292897084629,1562,2011-2025
46.68052584864171,-112.75099744287948,2019,1553,46.93306948643444,-113.34176939171412,1983,53118.505890400666,36,1475.5140525111296,1562,2011-2025
46.68542181220754,-113.59595196907088,2019,1554,46.8097778856671,-113.94145567379346,1983,29801.41136746856,36,827.8169824296823,65,2011-2025
46.73751499342002,-113.99467992088441,2019,1555,46.8097778856671,-113.94145567379346,1983,9003.18530796216,36,250.08848077672667,65,2011-2025
46.75648388266273,-113.2182977376768,2019,1556,46.93306948643444,-113.34176939171412,1983,21772.890814105027,36,604.8025226140285,1562,2011-2025
46.78438768503197,-114.01470347129141,2019,1557,46.8097778856671,-113.94145567379346,1983,6263.955688299111,36,173.99876911941976,65,2011-2025
46.77181358756463,-112.9927208940295,2019,1558,46.93306948643444,-113.34176939171412,1983,32093.496268433322,36,891.4860074564812,1562,2011-2025
46.854958379959506,-113.2130521730896,2019,1559,46.93306948643444,-113.34176939171412,1983,13100.419530500596,36,363.90054251390546,1562,2011-2025
46.86131290172413,-113.70122281789442,2019,1560,46.8097778856671,-113.94145567379346,1983,19201.70060574434,36,533.3805723817873,65,2011-2025
46.86584466267241,-113.82928119884161,2019,1561,46.8097778856671,-113.94145567379346,1983,10586.58238033398,36,294.071732787055,65,2011-2025
46.93306948643444,-113.34176939171412,1983,1562,46.077133682354756,-117.30483637249861,1947,318678.00654439733,36,8852.166848455481,590,1947-1984
46.9307833996348,-111.146180901867,2019,1563,46.93306948643444,-113.34176939171412,1983,167194.3810901185,36,4644.288363614402,1562,2011-2025
46.96842757640955,-111.25624260593555,2019,1564,46.93306948643444,-113.34176939171412,1983,158806.48238691842,36,4411.2911774144,1562,2011-2025
47.12288604219651,-111.13359707462511,2019,1565,46.93306948643444,-113.34176939171412,1983,169172.43423516763,36,4699.234284310212,1562,2011-2025
47.15521052615963,-113.91968910890446,2019,1566,47.18310374461344,-114.13116722642906,1983,16330.468794100436,36,453.62413316945657,1535,2011-2025
47.1704176828351,-111.15061786121318,2019,1567,46.93306948643444,-113.34176939171412,1983,168561.35575271238,36,4682.259882019788,1562,2011-2025
47.2155967891207,-113.8408451608505,2019,1568,47.18310374461344,-114.13116722642906,1983,22293.08451273061,36,619.2523475758503,1535,2011-2025
47.287349573205454,-113.93638487923336,2019,1569,47.27632031430105,-114.14772158600155,1983,16035.6525845826,36,445.43479401618333,1092,2011-2025
43.91585516836699,-118.87137721475244,2020,1570,43.86949162858431,-118.79740136804017,1965,7865.668284734013,55,143.0121506315275,920,2011-2025
50.45877033003754,-119.50136213794917,2020,1571,50.47374685,-119.3683931,1999,9586.66115914397,21,456.507674244951,2340,2011-2025
50.79948351257894,-119.6932648076131,2000,1572,50.68220093971267,-119.79987423129899,1997,15061.61893168267,3,5020.539643894223,1064,1985-2010
51.275912010658594,-122.13715348141224,2020,1573,51.200942385346686,-122.1794721728929,2010,8848.720343301547,10,884.8720343301547,1298,2011-2025
45.587207374439586,-116.64259111878533,2020,1574,45.64002894359061,-116.58984074613657,1973,7169.086978780736,47,152.5337655059731,994,2011-2025
46.95333278211575,-116.10289527485656,2020,1575,46.91092659832039,-116.13164768916114,2001,5197.938622455617,19,273.5757169713483,1129,2011-2025
46.98256646997751,-116.0367550807808,2020,1576,46.91092659832039,-116.13164768916114,2001,10752.631746506428,19,565.9279866582331,1129,2011-2025
46.99677588433809,-115.95544089459688,2020,1577,47.00280772730372,-116.34075483049394,1985,29313.19117770093,35,837.5197479343122,826,2011-2025
47.00595049133954,-116.09468578129955,2020,1578,47.00280772730372,-116.34075483049394,1985,18716.75156360188,35,534.7643303886251,826,2011-2025
47.10742580709367,-116.03388244904612,2020,1579,47.09665642277274,-116.15596144868567,2001,9344.166963904952,19,491.7982612581554,182,2011-2025
47.127233747043206,-115.90057368442699,2020,1580,47.00280772730372,-116.34075483049394,1985,36185.96309811597,35,1033.8846599461706,826,2011-2025
47.16104869811586,-115.95562422161086,2020,1581,47.09665642277274,-116.15596144868567,2001,16801.55446874581,19,884.2923404603058,182,2011-2025
47.24507085575134,-116.00883429016494,2020,1582,47.09665642277274,-116.15596144868567,2001,19916.337389734286,19,1048.2282836702257,182,2011-2025
47.2375041349353,-116.43269195990696,2001,1583,47.17972360696943,-116.56092253229419,1983,11646.434040518052,18,647.024113362114,2041,1985-2010
47.401441498426294,-116.19762888924885,2020,1584,47.17972360696943,-116.56092253229419,1983,36915.92991369892,37,997.7278355053762,2041,2011-2025
47.45445818011977,-116.08101192868065,2020,1585,47.17972360696943,-116.56092253229419,1983,47428.14192091431,37,1281.8416735382248,2041,2011-2025
47.47990007783166,-115.99980242416729,2020,1586,47.17972360696943,-116.56092253229419,1983,53968.500738285155,37,1458.608128061761,2041,2011-2025
47.59488543869381,-116.04499811039499,2020,1587,47.17972360696943,-116.56092253229419,1983,60397.87468259723,37,1632.3749914215466,2041,2011-2025
47.78882427617155,-116.41307020015618,2020,1588,47.82263362882947,-117.27149800259964,1963,64410.07070071368,57,1130.001240363398,894,2011-2025
46.992385049552304,-115.69136799540811,2020,1589,47.00280772730372,-116.34075483049394,1985,49405.42647111906,35,1411.5836134605447,826,2011-2025
47.053352240282784,-115.7768479324661,2020,1590,47.00280772730372,-116.34075483049394,1985,43232.65118840346,35,1235.2186053829562,826,2011-2025
47.07693837472522,-115.85561429555196,2020,1591,47.00280772730372,-116.34075483049394,1985,37780.128887274186,35,1079.4322539221196,826,2011-2025
47.078614526270854,-115.69890636897837,2020,1592,47.00280772730372,-116.34075483049394,1985,49501.84148566134,35,1414.3383281617525,826,2011-2025
47.106832208494865,-115.62228129021686,2020,1593,47.00280772730372,-116.34075483049394,1985,55799.628318240095,35,1594.27509480686,826,2011-2025
47.113070476988334,-115.82565202850024,2020,1594,47.00280772730372,-116.34075483049394,1985,41009.102068219756,35,1171.6886305205644,826,2011-2025
47.13109912248643,-115.70102863604598,2020,1595,47.00280772730372,-116.34075483049394,1985,50643.81183073865,35,1446.9660523068185,826,2011-2025
47.1600932484895,-115.78175134862833,2020,1596,47.00280772730372,-116.34075483049394,1985,45911.01220893976,35,1311.7432059697076,826,2011-2025
47.16167903871096,-115.55413633837003,2020,1597,47.00280772730372,-116.34075483049394,1985,62291.27299612003,35,1779.7506570320008,826,2011-2025
47.20378374033404,-115.66577280740684,2020,1598,47.00280772730372,-116.34075483049394,1985,55896.83997635152,35,1597.0525707529005,826,2011-2025
47.26347977446973,-115.51896509261184,2020,1599,47.00280772730372,-116.34075483049394,1985,68752.17974930596,35,1964.347992837313,826,2011-2025
47.257747672046044,-115.62456875734696,2020,1600,47.00280772730372,-116.34075483049394,1985,61284.931960845934,35,1750.9980560241695,826,2011-2025
47.29957057221919,-115.64846236990482,2020,1601,47.00280772730372,-116.34075483049394,1985,62009.21323587086,35,1771.6918067391675,826,2011-2025
47.44542772680184,-115.88718330468828,2020,1602,47.17972360696943,-116.56092253229419,1983,58887.19996827888,37,1591.5459450886185,2041,2011-2025
47.47356854419325,-115.71734767644125,2020,1603,47.17972360696943,-116.56092253229419,1983,71647.6579538838,37,1936.4231879428053,2041,2011-2025
47.487263925022326,-115.81513173241933,2020,1604,47.17972360696943,-116.56092253229419,1983,65926.8348021527,37,1781.8063460041271,2041,2011-2025
47.50838378692557,-115.5866807904227,2020,1605,47.17972360696943,-116.56092253229419,1983,82188.2067303205,37,2221.3028846032566,2041,2011-2025
47.52754403020006,-115.86798331756741,2020,1606,47.17972360696943,-116.56092253229419,1983,65085.995395271464,37,1759.0809566289586,2041,2011-2025
47.5456794481136,-115.64909011554509,2020,1607,47.17972360696943,-116.56092253229419,1983,79997.75983698085,37,2162.1016172156988,2041,2011-2025
45.98638941024036,-115.2460709125196,2020,1608,45.98498714405593,-115.34010149285135,2011,7287.463263187544,9,809.7181403541715,863,2011-2025
46.324522095027355,-115.32684099816241,2020,1609,46.31955,-115.60226000000002,2001,21217.941878874237,19,1116.7337830986442,1869,2011-2025
47.145058305251275,-115.30354289893825,2020,1610,47.26451,-114.407341,1983,69186.70527078623,37,1869.9109532644927,2191,2011-2025
47.211921420788066,-115.26755986195589,2020,1611,47.26451,-114.407341,1983,65394.98497597744,37,1767.4320263777686,2191,2011-2025
47.2058717166342,-115.47975534104728,2020,1612,47.00280772730372,-116.34075483049394,1985,69145.20926877983,35,1975.5774076794237,826,2011-2025
47.244606865452944,-115.41898560985908,2020,1613,47.26451,-114.407341,1983,76606.86632275993,37,2070.4558465610794,2191,2011-2025
47.26056076423743,-115.32976809200564,2020,1614,47.26451,-114.407341,1983,69812.69688841069,37,1886.8296456327214,2191,2011-2025
47.30661257869548,-115.50375518856039,2020,1615,47.00280772730372,-116.34075483049394,1985,71900.88640431424,35,2054.311040123264,826,2011-2025
47.34668667797273,-115.48236370046223,2020,1616,47.00280772730372,-116.34075483049394,1985,75471.30118896552,35,2156.3228911133006,826,2011-2025
47.37627431664641,-115.17231980964014,2020,1617,47.26451,-114.407341,1983,59152.04445701378,37,1598.7039042436156,2191,2011-2025
47.404545265465806,-115.48702153105583,2020,1618,47.26451,-114.407341,1983,83073.40019330099,37,2245.227032251378,2191,2011-2025
47.43255733457887,-115.20566157999761,2020,1619,47.26451,-114.407341,1983,63147.84327809736,37,1706.6984669756043,2191,2011-2025
47.50743027489867,-115.49169897501086,2020,1620,47.26451,-114.407341,1983,86214.56589474792,37,2330.1234025607546,2191,2011-2025
47.62659386718805,-115.23180023980426,2020,1621,47.77709196223296,-114.25871169117343,1979,74926.29757406516,41,1827.4706725381745,1179,2011-2025
47.671268853482395,-115.22468791967361,2020,1622,47.77709196223296,-114.25871169117343,1979,73418.1352916671,41,1790.6862266260268,1179,2011-2025
46.40226386463144,-115.14388339179881,2020,1623,46.31955,-115.60226000000002,2001,36454.26505717715,19,1918.6455293251133,1869,2011-2025
47.02818637267394,-114.9818592759262,2020,1624,46.917510000000014,-114.451165,1983,42215.623015877,37,1140.9627842128918,2161,2011-2025
47.03317888895566,-115.04078225284528,2020,1625,46.917510000000014,-114.451165,1983,46670.8505626893,37,1261.3743395321433,2161,2011-2025
47.17302132813745,-115.15662747172235,2020,1626,47.26451,-114.407341,1983,57658.680030070595,37,1558.3427035154214,2191,2011-2025
47.20024396282553,-115.1008103602236,2020,1627,47.26451,-114.407341,1983,52997.031209447756,37,1432.3521948499395,2191,2011-2025
47.39954932611534,-114.99402002872105,2020,1628,47.26451,-114.407341,1983,46815.732785981956,37,1265.2900752968096,2191,2011-2025
47.399181919631324,-115.06032498045796,2020,1629,47.26451,-114.407341,1983,51575.89645045359,37,1393.9431473095565,2191,2011-2025
47.41319510298614,-115.12690102498885,2020,1630,47.26451,-114.407341,1983,56836.60469040627,37,1536.1244510920612,2191,2011-2025
47.491522634270424,-114.77636424571689,2020,1631,47.26451,-114.407341,1983,37598.029535150075,37,1016.1629604094614,2191,2011-2025
47.50480867381888,-115.13161908408776,2020,1632,47.26451,-114.407341,1983,60865.4342070302,37,1645.0117353251405,2191,2011-2025
47.53928868218425,-114.8126723255361,2020,1633,47.26451,-114.407341,1983,43236.27777756677,37,1168.5480480423453,2191,2011-2025
47.57069682261907,-115.05235270348957,2020,1634,47.77709196223296,-114.25871169117343,1979,63862.96637169974,41,1557.633326139018,1179,2011-2025
47.61597753219757,-114.86197760616913,2020,1635,47.77709196223296,-114.25871169117343,1979,48696.62935713843,41,1187.7226672472789,1179,2011-2025
47.619652204986686,-115.01256492209883,2020,1636,47.77709196223296,-114.25871169117343,1979,59229.22175520007,41,1444.6151647609774,1179,2011-2025
47.666542108332074,-114.82364990625729,2020,1637,47.77709196223296,-114.25871169117343,1979,44131.01040602912,41,1076.366107464125,1179,2011-2025
47.67204173921693,-115.12348351215232,2020,1638,47.77709196223296,-114.25871169117343,1979,65919.29847772067,41,1607.7877677492847,1179,2011-2025
46.8311178833812,-114.57720760745094,2020,1639,46.917510000000014,-114.451165,1983,13585.516199903079,37,367.176113510894,2161,2011-2025
46.996836898660696,-114.31049845339919,1981,1640,47.066612839260124,-114.27696273900577,1979,8165.1889713121,2,4082.59448565605,44,1947-1984
46.98997920397392,-114.38721529917763,2020,1641,46.996836898660696,-114.31049845339919,1981,5885.082947633807,39,150.8995627598412,1640,2011-2025
47.02381986536912,-114.44477501729403,2020,1642,46.996836898660696,-114.31049845339919,1981,10642.088687610523,39,272.87406891309035,1640,2011-2025
47.10169612102953,-114.40519041423319,2020,1643,47.066612839260124,-114.27696273900577,1979,10489.259481046913,41,255.8355970987052,44,2011-2025
47.199465984408484,-114.56322535709552,2020,1644,47.26451,-114.407341,1983,13843.34825896403,37,374.14454753956835,2191,2011-2025
47.45858536572962,-114.74143809996389,2020,1645,47.26451,-114.407341,1983,33204.272142061134,37,897.4127605962469,2191,2011-2025
47.570205111347676,-114.71545988982557,2020,1646,47.77709196223296,-114.25871169117343,1979,41298.36780844358,41,1007.2772636205751,1179,2011-2025
47.61288101287777,-114.73832192694168,2020,1647,47.77709196223296,-114.25871169117343,1979,40366.4001323906,41,984.5463446924537,1179,2011-2025
47.67980419404693,-114.72839931527973,2020,1648,47.72309089622055,-114.5537221098425,2004,13965.854213495175,16,872.8658883434484,1171,2011-2025
46.94959392580942,-114.25358313895713,2020,1649,46.996836898660696,-114.31049845339919,1981,6807.38459919908,39,174.54832305638666,1640,2011-2025
47.01573085725995,-114.09712269889525,2020,1650,46.96156832557911,-114.04511892020248,1979,7204.5861373542175,41,175.72161310620044,48,2011-2025
47.60909246616845,-114.05830550642553,2020,1651,47.68420350645546,-114.05675465213967,1981,8351.917087018695,39,214.15172017996656,2170,2011-2025
47.95837822679339,-114.0148290395489,2020,1652,48.07176701574088,-114.07118228080151,1984,13290.249836926314,36,369.1736065812865,181,2011-2025
48.17481181657898,-114.0745359739076,2020,1653,48.07176701574088,-114.07118228080151,1984,11460.551668831868,36,318.3486574675519,181,2011-2025
48.244880152625896,-114.10106043507074,2020,1654,48.07176701574088,-114.07118228080151,1984,19376.95721962993,36,538.2488116563869,181,2011-2025
33.88396893160177,-109.81120908291597,2020,1655,33.84585840229411,-109.6840727435605,2014,12500.463500248628,6,2083.4105833747712,1410,2011-2025
34.4451348497108,-111.39587039502965,1994,1656,34.44249467131656,-111.26143820124938,1993,12357.997249501963,1,12357.997249501963,1425,1985-2010
36.080715794116706,-108.91638603748969,2020,1657,33.948923,-109.20622,1995,237977.43567866232,25,9519.097427146493,2138,2011-2025
46.38093301819433,-110.7753422485428,2020,1658,45.086161,-109.326159,1979,182839.086660056,41,4459.489918537951,1917,2011-2025
46.66449301167566,-113.71224635533976,2020,1659,46.8097778856671,-113.94145567379346,1983,23827.009607132662,37,643.9732326252071,65,2011-2025
46.738080824985225,-113.81861717452688,2020,1660,46.8097778856671,-113.94145567379346,1983,12310.421713323996,37,332.71410036010803,65,2011-2025
46.74556615679795,-112.29191285180094,2020,1661,46.93306948643444,-113.34176939171412,1983,82754.36438924876,37,2236.604442952669,1562,2011-2025
46.791853703329714,-113.50824552014288,2020,1662,46.93306948643444,-113.34176939171412,1983,20188.744652167785,37,545.6417473558861,1562,2011-2025
46.81583390089406,-112.91773977019956,2020,1663,46.93306948643444,-113.34176939171412,1983,34853.8037969702,37,941.9946972154107,1562,2011-2025
46.82971120521258,-113.8726471192225,2020,1664,46.8097778856671,-113.94145567379346,1983,5699.304938434278,37,154.03526860633184,65,2011-2025
46.902125805531334,-113.89606592858003,2020,1665,46.8097778856671,-113.94145567379346,1983,10833.976186962698,37,292.8101672152081,65,2011-2025
46.90489606671869,-112.6007450109378,2020,1666,46.93306948643444,-113.34176939171412,1983,56531.10217674582,37,1527.8676263985358,1562,2011-2025
46.92329502851121,-113.61558310415731,2020,1667,46.93306948643444,-113.34176939171412,1983,20881.344992069953,37,564.3606754613501,1562,2011-2025
46.94373913651473,-113.75239797050797,2020,1668,46.96156832557911,-114.04511892020248,1979,22370.80930012637,41,545.6294951250334,48,2011-2025
46.97539312703242,-110.82454463979117,2020,1669,46.93306948643444,-113.34176939171412,1983,191662.97906103614,37,5180.080515163138,1562,2011-2025
47.00017056109316,-113.83365432051993,2020,1670,46.96156832557911,-114.04511892020248,1979,16651.38347791755,41,406.1313043394524,48,2011-2025
47.204254777640145,-113.91229218298469,2020,1671,47.18310374461344,-114.13116722642906,1983,16752.356046123452,37,452.7663796249582,1535,2011-2025
47.396428643262944,-113.78967502464374,2020,1672,47.27632031430105,-114.14772158600155,1983,30175.552176848432,37,815.5554642391468,1092,2011-2025
48.15856728691007,-113.97180072480117,2020,1673,48.07176701574088,-114.07118228080151,1984,12161.834436762038,36,337.828734354501,181,2011-2025
37.79892785680762,-119.66593373079544,2021,1674,37.826847,-119.77128899999998,2000,9780.942628689905,21,465.7591727947574,1776,2011-2025
38.00489849254239,-119.3515481150256,2021,1675,37.91100144785918,-119.4264969824871,2012,12329.077338236542,9,1369.8974820262824,112,2011-2025
43.95786535940434,-122.79426178392454,2021,1676,44.258610000000004,-121.68472,1981,94906.85506076703,40,2372.6713765191757,2279,2011-2025
43.96982061117952,-122.04443254344518,2021,1677,44.258610000000004,-121.68472,1981,43114.634714035834,40,1077.865867850896,2279,2011-2025
43.97981142651177,-119.25519234904576,2021,1678,43.926464014023125,-119.37427193419819,1947,11247.173236424982,74,151.98882751925652,889,2011-2025
44.02862789575314,-122.04711527566637,2021,1679,44.258610000000004,-121.68472,1981,38649.72804717851,40,966.2432011794629,2279,2011-2025
44.10416199989647,-119.14100959966729,2021,1680,43.957273085377274,-119.017454283501,1947,19091.558819645423,74,257.99403810331654,598,2011-2025
44.280429023141295,-118.24461947732041,2021,1681,44.25972421801627,-118.1562777038672,1973,7419.071467963015,48,154.56398891589615,641,2011-2025
44.28030126489614,-119.07489324256552,2021,1682,44.2794109487141,-118.9734505613018,1964,8098.593284982,57,142.08058394705265,901,2011-2025
44.46549002321601,-118.44488903145903,1991,1683,44.376756687404054,-118.35872842723688,1973,12012.583163191795,18,667.365731288433,965,1985-2010
44.488865813425136,-122.85724880954717,2021,1684,44.55752,-121.72616,1981,90241.64702572947,40,2256.041175643237,2294,2011-2025
44.52094121679318,-120.20105384649918,2021,1685,44.46722,-120.26028,1987,7604.400839814376,34,223.65884822983458,2269,2011-2025
44.54866126065167,-119.50308834768197,2017,1686,44.59971544726514,-119.40982496253355,1982,9330.690329388555,35,266.59115226824446,2069,2011-2025
44.64424160536314,-119.35037455284188,2021,1687,44.59971544726514,-119.40982496253355,1982,6836.92217826914,39,175.3056968786959,2069,2011-2025
44.652678774234545,-119.7111613644688,1981,1688,43.926464014023125,-119.37427193419819,1947,85057.209697642,34,2501.682638165941,889,1947-1984
44.72596678161282,-118.8674612074074,2021,1689,44.726056610953215,-118.74710005272965,1981,9535.22028010963,40,238.38050700274076,1062,2011-2025
44.74375929695961,-119.28616467352408,2021,1690,44.689955059247076,-119.13091440162509,1981,13677.241156109661,40,341.93102890274156,2089,2011-2025
45.604273882798566,-121.44157185713982,1982,1691,43.8606351051261,-119.72827507829138,1947,236552.3873040332,35,6758.639637258092,888,1947-1984
50.42435481509645,-121.6910482702364,2021,1692,50.44946743799746,-121.32548971701031,1999,26120.48594356679,22,1187.2948156166722,1349,2011-2025
50.488823594650654,-121.71530741528296,2021,1693,50.44946743799746,-121.32548971701031,1999,28019.454360165004,22,1273.611561825682,1349,2011-2025
50.526650716863976,-121.76700309702014,2021,1694,50.44946743799746,-121.32548971701031,1999,32487.995749042995,22,1476.7270795019542,1349,2011-2025
50.57073531076066,-121.81119975082939,2021,1695,50.86903042521401,-121.83410593653224,1999,33222.62004735621,22,1510.119093061646,1294,2011-2025
44.42038904310979,-117.89754123872504,2021,1696,44.58607860492872,-117.77041776671608,1981,21004.64639689929,40,525.1161599224822,1931,2011-2025
44.5965357284008,-118.19899051272351,2021,1697,44.625,-118.25,1980,5138.093002640929,41,125.31934152782753,2268,2011-2025
44.755182082496695,-117.92795357311205,1990,1698,44.749300000000005,-118.1077,1981,14248.380632629773,9,1583.1534036255302,1937,1985-2010
45.07535619539288,-117.48856804235174,1980,1699,45.06408559885202,-117.41328430532148,1973,6059.546598370449,7,865.6495140529213,175,1947-1984
45.14655796475426,-116.99403508544603,2021,1700,45.10078532322824,-116.96019095528274,1973,5741.6787998873615,48,119.6183083309867,796,2011-2025
45.18636675506691,-117.91231648743684,2021,1701,45.18518524684484,-117.99413206952302,1973,6431.359737668365,48,133.98666120142425,977,2011-2025
45.20887314078512,-117.78131303649162,2021,1702,45.204783982851175,-117.69450317665813,1979,6835.136746701423,42,162.74135111193866,1454,2011-2025
45.38538354966271,-117.56286023363968,2021,1703,45.435,-117.47,1982,9124.196954390476,39,233.95376806129426,2085,2011-2025
44.477819980254424,-116.94308080243887,2021,1704,44.53594392746811,-117.01000825140275,1982,8369.074808622012,39,214.59166175953877,735,2011-2025
44.905964277393366,-116.80916673418652,2021,1705,44.94910277456663,-116.76793921130638,2002,5794.465514999726,19,304.9718692105119,1145,2011-2025
46.84746477791616,-116.03809201152202,2020,1706,46.91092659832039,-116.13164768916114,2001,10031.477319356472,19,527.9724904924459,1129,2011-2025
46.86247272997343,-115.95785540434932,2021,1707,46.91092659832039,-116.13164768916114,2001,14299.218728772088,20,714.9609364386044,1129,2011-2025
47.247542016765294,-116.12212685226417,2021,1708,47.19534000000001,-116.31846999999999,2001,15963.574375565715,20,798.1787187782858,2189,2011-2025
47.29666105445075,-116.08906521078255,2021,1709,47.17972360696943,-116.56092253229419,1983,38019.51081123757,38,1000.5134424009887,2041,2011-2025
47.284416980068436,-115.88941403853221,2021,1710,47.00280772730372,-116.34075483049394,1985,46391.68541602547,36,1288.6579282229297,826,2011-2025
46.727803332736784,-109.90344543771216,2021,1711,45.086161,-109.326159,1979,187883.8256975174,42,4473.424421369462,1917,2011-2025
46.737149875500315,-115.60448953398775,2001,1712,46.11889677676176,-117.33375420296046,1947,149628.95191656268,54,2770.906516973383,589,1985-2010
46.833777403065895,-115.68641944573392,2021,1713,46.737149875500315,-115.60448953398775,2001,12430.803560334587,20,621.5401780167293,1712,2011-2025
47.20287073397962,-115.59429941334095,2021,1714,47.00280772730372,-116.34075483049394,1985,60871.89878039109,36,1690.8860772330859,826,2011-2025
48.05464643825204,-114.38868166748142,2021,1715,48.158179693477194,-114.37269034530388,1983,11573.544373721388,38,304.5669572031944,1225,2011-2025
39.28043422320782,-123.23342255837993,2022,1716,40.635161517406715,-121.70599112522179,1980,199141.25795667156,42,4741.458522777894,222,2011-2025
44.24847599241914,-118.4660923990481,2022,1717,44.31252,-118.45729999999999,1981,7150.952290705989,41,174.41347050502412,1958,2011-2025
45.04901620832326,-121.63805868838757,2022,1718,45.10381017927947,-121.51852875254986,1981,11210.143035682071,41,273.4181228215139,2251,2011-2025
45.163220866067924,-121.64346603784146,1982,1719,43.8606351051261,-119.72827507829138,1947,210087.36156239818,35,6002.496044639948,888,1947-1984
50.93808724678805,-124.82857269071317,2022,1720,48.33597901136478,-120.25533908356135,1947,439039.19847369514,75,5853.855979649268,586,2011-2025
46.67403153771248,-112.34921507511939,2022,1721,46.93306948643444,-113.34176939171412,1983,81053.05457521384,39,2078.2834506465088,1562,2011-2025
46.69176793872784,-112.41575748913293,2022,1722,46.93306948643444,-113.34176939171412,1983,75593.76637858599,39,1938.3017020150255,1562,2011-2025
47.15022147614716,-110.52957706236228,2022,1723,46.93306948643444,-113.34176939171412,1983,215065.0066956478,39,5514.487351170456,1562,2011-2025
34.07355365712411,-107.17333268064783,2022,1724,34.012306067201855,-107.1604239534712,2015,6897.5494345761335,7,985.3642049394476,290,2011-2025
34.73099967656967,-106.38643763828314,2022,1725,35.203535688012586,-106.41663727188389,2000,52495.63126057324,22,2386.1650572987837,8,2011-2025
39.89173317763475,-121.29043587200515,2023,1726,39.701194512398246,-120.9976767386393,1988,32806.39283161097,35,937.325509474599,238,2011-2025
41.32217727912508,-120.16304049238654,2023,1727,41.451799,-120.332342,1981,20193.203333009675,42,480.7905555478494,2155,2011-2025
45.8656680810877,-113.09898356869712,2023,1728,46.081531,-112.981904,1983,25651.73458490821,40,641.2933646227052,1901,2011-2025
36.85182406495999,-105.55091020328128,2023,1729,37.3720437,-105.1058817,1986,69983.78283696725,37,1891.4535901883041,2233,2011-2025
36.363758263511386,-115.72414511176586,2024,1730,36.26657388042019,-115.6505926520215,2019,12646.159812480651,5,2529.23196249613,91,2011-2025
40.996471802444034,-121.81251002175625,2024,1731,40.807,-121.627764,1988,26173.546524515474,36,727.0429590143187,1851,2011-2025
42.58842704391309,-112.77678073453103,2024,1732,42.52511057680811,-112.7473909467549,2005,7436.063933694599,19,391.37178598392626,1205,2011-2025
42.636353397220056,-112.77738379427917,2024,1733,42.52511057680811,-112.7473909467549,2005,12600.271351589867,19,663.1721763994667,1205,2011-2025
36.13380722800486,-106.89350871054502,2024,1734,35.97432947693307,-106.38981242682468,2008,48711.846626033286,16,3044.4904141270804,1426,2011-2025
38.00821080728814,-111.59157618868696,2024,1735,38.06309162036672,-111.67686275220541,2005,9652.327077366754,19,508.0172145982502,1201,2011-2025
38.535576116840375,-109.28384819461837,2024,1736,39.370008,-106.86152,1986,229491.80886681352,38,6039.25812807404,2203,2011-2025
38.56825372679807,-109.20171061303927,2024,1737,39.370008,-106.86152,1986,221472.28601367277,38,5828.2180529913885,2203,2011-2025
42.56262566455247,-112.70758490855152,2024,1738,42.52511057680811,-112.7473909467549,2005,5296.950617651434,19,278.78687461323335,1205,2011-2025
42.614066861574905,-112.67910701005444,2024,1739,42.52422560302822,-112.65410097999688,2005,10188.974387619388,19,536.2618098747047,1206,2011-2025
36.056444196937164,-106.70958499982953,2024,1740,35.97432947693307,-106.38981242682468,2008,30231.94204167144,16,1889.496377604465,1426,2011-2025
36.148395149281306,-106.76653174591559,2024,1741,35.97432947693307,-106.38981242682468,2008,39050.84868507209,16,2440.6780428170055,1426,2011-2025
36.24364994591255,-106.68104566797426,2024,1742,35.97432947693307,-106.38981242682468,2008,39757.67582475333,16,2484.854739047083,1426,2011-2025
36.31223748049633,-106.70969078058984,2024,1743,35.97432947693307,-106.38981242682468,2008,47272.30293523444,16,2954.5189334521524,1426,2011-2025
36.26277154598271,-106.63092035400398,2024,1744,35.97432947693307,-106.38981242682468,2008,38672.338290811414,16,2417.0211431757134,1426,2011-2025
35.926388328111415,-105.84682411187053,2024,1745,35.747351535160895,-105.83657462727919,2014,19886.7748246065,10,1988.6774824606498,11,2011-2025
36.57804772873259,-105.6096411131128,2024,1746,36.618667304482265,-105.59500036756451,2022,4694.064865411468,2,2347.032432705734,234,2011-2025
36.20946164582655,-105.17201830433604,2024,1747,36.20478096995143,-105.02040396671627,2012,13644.160263755906,12,1137.0133553129922,1389,2011-2025
36.26368090826547,-105.471596567789,2024,1748,36.03939889012038,-105.27412392076414,2012,30580.184606410763,12,2548.3487172008968,1387,2011-2025
36.25658814725401,-105.08645933441518,2024,1749,36.20478096995143,-105.02040396671627,2012,8265.113182068439,12,688.7594318390366,1389,2011-2025
36.32645505776446,-105.48573153851672,2024,1750,36.03939889012038,-105.27412392076414,2012,37106.7819995032,12,3092.231833291933,1387,2011-2025
49.42575784000001,-120.2633399,2011,1751,49.3703233010469,-120.12935887854204,1999,11514.843776960366,12,959.5703147466971,54,2011-2025
48.40357,-117.80002,1986,1752,48.29283609738789,-117.8088187439268,1964,12330.547270742785,22,560.4794213973993,915,1985-2010
48.39940044197255,-118.74050387158456,2017,1753,48.41833,-118.65277999999999,1981,6827.127342771164,36,189.64242618808788,2211,2011-2025
48.90667,-119.83167000000002,1991,1754,48.9502661706318,-119.6138145525044,1973,16683.66710690264,18,926.8703948279245,954,1985-2010
47.60764256263137,-116.63248795148543,1999,1755,47.733274950058345,-117.27644428963674,1964,50337.40102061963,35,1438.2114577319894,917,1985-2010
46.28019999999999,-121.11538,1982,1756,48.33597901136478,-120.25533908356135,1947,237623.14122825276,35,6789.2326065215075,586,1947-1984
45.89095,-121.14449000000002,1999,1757,45.988580915469264,-120.95583981528786,1981,18214.71143130712,18,1011.9284128503956,1964,1985-2010
47.143268845835124,-116.65073461088899,1982,1758,46.11889677676176,-117.33375420296046,1947,125309.37541139587,35,3580.267868897025,589,1947-1984
46.96534999999999,-116.846617,2007,1759,46.96587676287788,-116.77673062489633,1984,5319.009441779919,23,231.2612800773878,820,1985-2010
45.43742012651387,-116.70038413252215,1983,1760,45.43358209520294,-116.63102710881394,1973,5443.734216749089,10,544.3734216749089,993,1947-1984
46.833825124778045,-116.38201577913813,1983,1761,46.11889677676176,-117.33375420296046,1947,107969.8998243293,36,2999.1638840091473,589,1947-1984
43.24734,-121.91395,1981,1762,43.7432333036248,-119.74853432093256,1947,183599.75637600917,34,5399.9928345885055,886,1947-1984
42.64194,-121.93333000000001,1982,1763,42.06813038684523,-121.30800102363325,1965,81956.4798798188,17,4820.969404695224,724,1947-1984
46.48760236049197,-120.99675725216085,1995,1764,46.413713894803,-121.0633366335499,1984,9676.174470665936,11,879.6522246059941,1875,1985-2010
42.97143,-121.14423000000001,1981,1765,43.7432333036248,-119.74853432093256,1947,141962.2212249686,34,4175.359447793195,886,1947-1984
44.33667,-119.34367000000002,1981,1766,43.926464014023125,-119.37427193419819,1947,45645.70614508403,34,1342.5207689730596,889,1947-1984
51.044815992945516,-121.53931225046463,2002,1767,48.33597901136478,-120.25533908356135,1947,315194.2018659538,55,5730.803670290069,586,1985-2010
39.304610847096875,-120.75606404686785,1980,1768,43.7432333036248,-119.74853432093256,1947,500080.9170524369,33,15153.96718340718,886,1947-1984
45.90786,-115.450566,2020,1769,45.87543711567189,-115.3942769634904,2011,5663.387115454711,9,629.2652350505235,1367,2011-2025
44.23580000000001,-118.2854,1991,1770,44.191488677772654,-118.3254683626569,1965,5873.406438899221,26,225.90024764997003,921,1985-2010
46.65843,-121.25301,1982,1771,48.33597901136478,-120.25533908356135,1947,201085.02505836744,35,5745.28643023907,586,1947-1984
46.56329381121356,-116.08314818038458,2001,1772,46.11889677676176,-117.33375420296046,1947,108210.23476896687,54,2003.8932364623495,589,1985-2010
44.9823,-118.11789999999999,1981,1773,45.78746290823576,-117.6802191182697,1947,95825.37765967293,34,2818.3934605786158,629,1947-1984
41.52315363,-111.4749275,1991,1774,43.957273085377274,-119.017454283501,1947,673869.16484215,44,15315.208291867048,598,1985-2010
48.24172,-119.02872,1981,1775,48.19410352719874,-119.04187514449052,1973,5384.181093931971,8,673.0226367414964,947,1947-1984
37.826847,-119.77128899999998,2000,1776,38.09027047097583,-120.03927479282798,1981,37544.13816733494,19,1976.0072719649968,1192,1985-2010
44.55547,-118.50334000000001,1981,1777,44.59740519150165,-118.60411507018722,1973,9261.8227288775,8,1157.7278411096875,962,1947-1984
40.570997,-121.43822600000001,1994,1778,40.48021259677627,-121.5749429983102,1981,15356.965155179503,13,1181.305011936885,367,1985-2010
44.96109,-121.55240000000002,1999,1779,45.10381017927947,-121.51852875254986,1981,16083.856112725494,18,893.5475618180831,2251,1985-2010
47.595749999999995,-120.13231,1999,1780,47.60425,-120.33428999999998,1981,15218.341470096604,18,845.4634150053669,1993,1985-2010
38.410644,-120.168889,1988,1781,38.464048,-120.12250500000002,1980,7179.309055070596,8,897.4136318838245,2108,1985-2010
48.206140000000005,-117.27869,1998,1782,48.01736551058376,-117.25154796567936,1963,21087.38540939141,35,602.4967259826117,897,1985-2010
46.577444,-115.852467,2001,1783,46.11889677676176,-117.33375420296046,1947,124895.00108027954,54,2312.8703903755472,589,1985-2010
44.97606000000001,-117.53683,1980,1784,45.047823160953136,-117.60787301072773,1973,9745.126977116079,7,1392.1609967308684,974,1947-1984
38.69407901001985,-120.51403198994232,1981,1785,43.7432333036248,-119.74853432093256,1947,564404.573661013,34,16600.13451944156,886,1947-1984
44.02996493229655,-115.60658049588433,1991,1786,44.37827032896586,-115.93545295854229,1981,46785.38329832624,10,4678.538329832624,478,1985-2010
46.53795,-115.91787,2001,1787,46.077133682354756,-117.30483637249861,1947,118484.19593876007,54,2194.151776643705,590,1985-2010
42.974061999999996,-116.54254599999999,1983,1788,42.92973186917141,-116.66793435451905,1981,11355.699627696205,2,5677.849813848103,823,1947-1984
48.50013000000001,-118.32039999999999,1986,1789,48.50519350458949,-118.11470465299651,1964,15210.800955848299,22,691.40004344765,908,1985-2010
44.87828500073347,-118.95114992536027,1982,1790,44.8889,-118.89036999999999,1980,4944.768816168956,2,2472.384408084478,2284,1947-1984
48.87674619351905,-118.45640454662141,1996,1791,48.873350266357924,-118.62359559633474,1963,12270.052626045677,33,371.8197765468387,893,1985-2010
48.590120000000006,-118.77023000000001,1998,1792,48.5466257809671,-118.78425868507551,1987,4946.1903179400715,11,449.6536652672792,2207,1985-2010
48.27351,-117.94291,1995,1793,48.29283609738789,-117.8088187439268,1964,10181.104716078537,31,328.422732776727,915,1985-2010
45.08222,-119.38528,1980,1794,43.957273085377274,-119.017454283501,1947,128381.2731014004,33,3890.341609133345,598,1947-1984
34.403285000000004,-110.828686,2014,1795,34.44249467131656,-111.26143820124938,1993,40017.558774035504,21,1905.5980368588334,1425,2011-2025
48.53816173636776,-118.66383728244428,2003,1796,48.57500000000001,-118.625,1987,5000.027002308061,16,312.5016876442538,2029,1985-2010
48.362250000486306,-117.14200497421919,1987,1797,48.01736551058376,-117.25154796567936,1963,39204.4278112998,24,1633.517825470825,897,1985-2010
44.37307,-119.72598000000002,1990,1798,44.44044000000001,-119.66376,1981,8978.123134145213,9,997.5692371272459,1935,1985-2010
37.43702500000001,-119.48117000000002,1984,1799,37.39843576198684,-119.57241403373324,1982,9142.368876251709,2,4571.184438125854,1997,1947-1984
44.415,-120.58500000000001,1987,1800,43.8606351051261,-119.72827507829138,1947,92162.89151554677,40,2304.072287888669,888,1985-2010
46.8768640112759,-120.96625073377928,1999,1801,46.788765540503775,-121.02684665433954,1982,10830.000533639448,17,637.0588549199675,1923,1985-2010
39.32358145,-114.6278488,2000,1802,43.957273085377274,-119.017454283501,1947,631141.5270432016,53,11908.330698928332,598,1985-2010
47.257340000000006,-120.88927,2000,1803,47.30443510870818,-120.72991087238543,1981,13144.374936057151,19,691.8092071609027,466,1985-2010
51.30993598625942,-121.80676225639571,2002,1804,48.33597901136478,-120.25533908356135,1947,349089.6895666025,55,6347.085264847318,586,1985-2010
39.13072209928728,-105.21527182397787,1986,1805,45.78085213778396,-117.56552128282557,1947,1253727.3548048765,39,32146.85525140709,662,1985-2010
45.501670000000004,-117.60500000000002,1981,1806,45.78085213778396,-117.56552128282557,1947,31181.779053659833,34,917.1111486370539,662,1947-1984
48.10853,-117.12011,1998,1807,48.01736551058376,-117.25154796567936,1963,14097.0798713522,35,402.77371061006284,897,1985-2010
48.77708400058119,-119.66264747417826,1981,1808,48.881131722501415,-119.59029343510655,1972,12732.00725405213,9,1414.6674726724589,933,1947-1984
43.715874,-111.446291,2021,1809,45.086161,-109.326159,1979,227386.8487379621,42,5413.972588999098,1917,2011-2025
47.823550000000004,-117.17474,1998,1810,47.82263362882947,-117.27149800259964,1963,7245.967436522834,35,207.02764104350953,894,1985-2010
48.84203,-119.12035,1987,1811,48.92884965692418,-119.30626916144936,1972,16707.41494570984,15,1113.8276630473226,611,1985-2010
44.43152502409171,-119.76337021773347,1999,1812,44.43292338610814,-119.85576284544511,1982,7358.092918169974,17,432.82899518646906,1886,1985-2010
46.16657685022876,-116.79568529147099,2001,1813,46.077133682354756,-117.30483637249861,1947,40590.16196991906,54,751.6696661096123,590,1985-2010
44.55207,-119.15768,1981,1814,43.957273085377274,-119.017454283501,1947,67034.19663666391,34,1971.5940187254091,598,1947-1984
48.06193999999999,-120.06722,1989,1815,48.33475764342339,-120.16599244441281,1947,31211.70417749835,42,743.1358137499608,890,1985-2010
44.60752,-117.88104000000001,1983,1816,43.957273085377274,-119.017454283501,1947,115970.68706861729,36,3221.407974128258,598,1947-1984
44.6567,-118.00220000000002,1985,1817,44.191488677772654,-118.3254683626569,1965,57749.43209910361,20,2887.4716049551803,921,1985-2010
47.60333,-120.54666999999999,1981,1818,47.540460106023225,-120.58192677702856,1971,7476.438952565865,10,747.6438952565866,924,1947-1984
42.26528,-123.43531000000002,1988,1819,42.265269999999994,-123.35766,1983,6406.572336667926,5,1281.314467333585,2299,1985-2010
42.52748,-123.23934999999999,1988,1820,42.5569,-123.18071,1985,5820.909616414735,3,1940.3032054715784,2242,1985-2010
42.57184,-123.53428000000001,1988,1821,42.60094,-123.59283000000002,1983,5792.087051000061,5,1158.4174102000122,2303,1985-2010
42.60068667801761,-123.47500510247012,1983,1822,43.7432333036248,-119.74853432093256,1947,328483.555201367,36,9124.543200037973,886,1947-1984
42.73075000000001,-122.96395000000001,1983,1823,43.7432333036248,-119.74853432093256,1947,284344.59648766165,36,7898.461013546157,886,1947-1984
42.70136000000001,-122.80551,1983,1824,43.7432333036248,-119.74853432093256,1947,273991.903519772,36,7610.886208882555,886,1947-1984
46.816244000000005,-114.186154,1983,1825,46.96156832557911,-114.04511892020248,1979,19404.548272368847,4,4851.137068092212,48,1947-1984
44.7501,-118.29140000000001,1991,1826,44.72397999999998,-118.34508999999998,1980,5148.7762247901865,11,468.07056589001695,1866,1985-2010
43.76600491761151,-116.1042025997966,1990,1827,43.957273085377274,-119.017454283501,1947,235152.88947752575,43,5468.671848314552,598,1985-2010
45.50630136677195,-117.7388850854313,1980,1828,45.78746290823576,-117.6802191182697,1947,31582.403911946618,33,957.0425427862612,629,1947-1984
45.163175850317586,-117.68045758758387,1980,1829,45.13075955327934,-117.77194304100323,1973,8046.411559083205,7,1149.487365583315,976,1947-1984
48.789790000000004,-119.05596999999999,1999,1830,48.7117,-118.98239,1981,10231.734021013433,18,568.4296678340796,2312,1985-2010
51.352926999999994,-121.120151,2002,1831,48.33597901136478,-120.25533908356135,1947,341272.8117687441,55,6204.960213977165,586,1985-2010
44.94740500000001,-119.04233,1981,1832,43.957273085377274,-119.017454283501,1947,110042.33716113043,34,3236.5393282685422,598,1947-1984
48.958120134322456,-118.21137434056783,1981,1833,48.980538116885945,-118.5120245172848,1964,22153.332227414867,17,1303.1371898479333,904,1947-1984
42.79432149272537,-121.91407770188731,1981,1834,42.06813038684523,-121.30800102363325,1965,94838.39904866448,16,5927.39994054153,724,1947-1984
39.459317,-120.612392,1999,1835,39.60733459361616,-120.60000244076494,1981,16468.236832427345,18,914.9020462459636,328,1985-2010
45.9378574203913,-120.7199711745107,1990,1836,45.997445410719344,-120.57081631101654,1981,13323.604967066254,9,1480.4005518962504,2214,1985-2010
48.71043000000001,-118.12912000000001,1981,1837,48.6310313661784,-118.06239480507979,1964,10104.976082061483,17,594.4103577683226,912,1947-1984
47.88663,-120.40936,1996,1838,47.91700444379418,-120.22925731143299,1971,13882.768988473468,25,555.3107595389388,925,1985-2010
48.38854431626234,-117.60378332193883,1987,1839,48.29283609738789,-117.8088187439268,1964,18555.224526847716,23,806.7488924716398,915,1985-2010
48.16321,-119.83187,1995,1840,48.33475764342339,-120.16599244441281,1947,31298.354476909702,48,652.0490516022854,890,1985-2010
51.124014,-120.981853,2019,1841,51.157507584749006,-120.89297725704739,2002,7250.696021850199,17,426.51153069707055,2304,2011-2025
39.229148,-120.01192,2004,1842,39.01303242224063,-120.48156230332248,1980,47171.33648425692,24,1965.472353510705,1,1985-2010
43.738250000000015,-121.81515000000002,2001,1843,43.39204,-121.57543,1981,43065.60464921813,20,2153.2802324609065,2135,1985-2010
48.4218,-119.36919999999999,2021,1844,48.49187018801733,-119.35517716924838,1982,7860.477552893811,39,201.5507064844567,1288,2011-2025
47.88976049516122,-120.69211148272291,1981,1845,47.78901564286486,-120.76347373732617,1972,12410.107058045367,9,1378.900784227263,605,1947-1984
44.15082999999999,-119.40639,1981,1846,43.926464014023125,-119.37427193419819,1947,25062.546431738716,34,737.1337185805505,889,1947-1984
47.03611,-120.95693999999999,1983,1847,48.33597901136478,-120.25533908356135,1947,153822.75195333015,36,4272.854220925838,586,1947-1984
45.001691239572374,-119.67596455509194,1980,1848,43.926464014023125,-119.37427193419819,1947,121868.5943757141,33,3692.9877083549727,889,1947-1984
42.27752582422503,-120.18268424037359,1981,1849,42.22700151790092,-120.3044359788401,1973,11508.43647216622,8,1438.5545590207776,943,1947-1984
42.19318,-123.14275,1984,1850,42.22023002149957,-123.06518505602705,1983,7075.166880669628,1,7075.166880669628,494,1947-1984
40.807,-121.627764,1988,1851,40.635161517406715,-121.70599112522179,1980,20194.58722809623,8,2524.3234035120286,222,1985-2010
40.217458,-121.38532999999998,1992,1852,40.28267558088739,-121.31013597912731,1988,9662.925460894094,4,2415.7313652235234,2255,1985-2010
48.41994,-119.71114000000001,1981,1853,48.447499659766805,-119.62072103656001,1973,7359.24656366816,8,919.90582045852,952,1947-1984
46.02504688938102,-121.38042151620076,1996,1854,46.21164999999999,-121.29209999999999,1981,21836.283720517597,15,1455.7522480345065,2071,1985-2010
46.0175825323391,-121.21285142969103,1989,1855,45.988580915469264,-120.95583981528786,1981,20167.151541571988,8,2520.8939426964985,1964,1985-2010
46.000375000043604,-121.43765001309437,1996,1856,46.21164999999999,-121.29209999999999,1981,26040.92296761284,15,1736.0615311741894,2071,1985-2010
45.96937792679877,-121.20869483660854,1998,1857,46.0175825323391,-121.21285142969103,1989,5367.667500905544,9,596.4075001006161,1855,1985-2010
46.03070834477243,-121.01114542236301,1997,1858,45.988580915469264,-120.95583981528786,1981,6346.153289438898,16,396.63458058993115,1964,1985-2010
45.98810101244595,-121.12720919653208,1996,1859,45.988580915469264,-120.95583981528786,1981,13277.730134234966,15,885.1820089489977,1964,1985-2010
45.97724841273438,-121.04082855534978,1996,1860,45.988580915469264,-120.95583981528786,1981,6704.915809495908,15,446.99438729972724,1964,1985-2010
45.96394195716944,-121.39551484703865,1998,1861,46.21164999999999,-121.29209999999999,1981,28671.658908511457,17,1686.5681710889094,2071,1985-2010
44.650888,-116.28135400000001,1991,1862,44.55525295597362,-116.17207628939933,1981,13718.764953873564,10,1371.8764953873565,1493,1985-2010
47.23099,-121.22252,1998,1863,47.07703,-121.24812000000001,1982,17226.077168541546,16,1076.6298230338466,2274,1985-2010
45.07881038554177,-118.71143039812125,1985,1864,45.0182,-118.7276,1980,6855.191324951065,5,1371.038264990213,2158,1985-2010
42.629999999999995,-121.55778,1991,1865,42.63861,-121.41764,1982,11534.407053455985,9,1281.6007837173318,1984,1985-2010
44.72397999999998,-118.34508999999998,1980,1866,43.957273085377274,-119.017454283501,1947,100662.9717004714,33,3050.3930818324666,598,1947-1984
47.49,-116.52000000000001,2009,1867,47.57839891827593,-116.57576597565566,1999,10687.660896254853,10,1068.7660896254852,1957,1985-2010
51.46680351696184,-122.15063,2002,1868,48.33597901136478,-120.25533908356135,1947,373872.796192445,55,6797.687203498999,586,1985-2010
46.31955,-115.60226000000002,2001,1869,46.077133682354756,-117.30483637249861,1947,134146.35891180133,54,2484.1918317000245,590,1985-2010
46.10265047750076,-116.82817482726593,2001,1870,46.077133682354756,-117.30483637249861,1947,36972.82854265982,54,684.682010049256,590,1985-2010
46.784008717706214,-120.9361632671953,1998,1871,46.788765540503775,-121.02684665433954,1982,6944.617372939095,16,434.0385858086934,1923,1985-2010
48.29147177023885,-118.41863988253657,1981,1872,48.22085010718618,-118.53772156614168,1973,11826.028506417322,8,1478.2535633021653,964,1947-1984
39.97746648922959,-120.90265731545725,1991,1873,40.3458449393183,-120.86091330763614,1981,41058.212360692945,10,4105.821236069294,1980,1985-2010
49.0304506879474,-118.20171437672289,2009,1874,48.958120134322456,-118.21137434056783,1981,8074.857153942825,28,288.38775549795804,1833,1985-2010
46.413713894803,-121.0633366335499,1984,1875,48.33597901136478,-120.25533908356135,1947,222251.36939417812,37,6006.7937674102195,586,1947-1984
38.59305,-120.329938,1984,1876,38.54740623508474,-120.32501519669492,1981,5084.920949918787,3,1694.973649972929,2101,1947-1984
42.618466225790854,-121.8062716838966,1982,1877,42.06813038684523,-121.30800102363325,1965,73640.09423913293,17,4331.77024936076,724,1947-1984
47.71773207704311,-116.82209747195175,2019,1878,47.7215951843671,-117.10793324230502,1983,21450.187849729744,36,595.8385513813818,2004,2011-2025
48.79099,-119.73786,1981,1879,48.881131722501415,-119.59029343510655,1972,14759.525420450374,9,1639.9472689389304,933,1947-1984
46.324344,-115.728425,2021,1880,46.31955,-115.60226000000002,2001,9730.92058804217,20,486.5460294021085,1869,2011-2025
48.987205000097234,-117.48486000383814,2003,1881,48.91,-117.3748,1986,11777.353190610684,17,692.7854818006284,1968,1985-2010
48.93975999999999,-117.58931000000001,1991,1882,48.59297857961717,-117.85711731960347,1963,43298.53515236359,28,1546.3762554415569,892,1985-2010
42.52315,-121.67274,1990,1883,42.47986,-121.6923,1982,5070.438313365101,8,633.8047891706376,2266,1985-2010
45.94727550423675,-120.90369569600176,1990,1884,45.988580915469264,-120.95583981528786,1981,6116.605607367799,9,679.6228452630888,1964,1985-2010
45.62230964342964,-116.34955031123505,2001,1885,45.64002894359061,-116.58984074613657,1973,18840.185279295656,28,672.8637599748448,994,1985-2010
44.43292338610814,-119.85576284544511,1982,1886,43.8606351051261,-119.72827507829138,1947,64402.71850192949,35,1840.0776714836998,888,1947-1984
48.02614,-117.84246,1999,1887,48.06026,-117.72433000000001,1981,9590.431807694667,18,532.8017670941482,2235,1985-2010
51.216710000000006,-121.48253700000001,2002,1888,48.33597901136478,-120.25533908356135,1947,332364.35740797623,55,6042.9883165086585,586,1985-2010
47.84175,-120.28794000000002,1981,1889,47.91700444379418,-120.22925731143299,1971,9448.817554510382,10,944.8817554510382,925,1947-1984
47.85706833947797,-120.1996625342044,1980,1890,47.91700444379418,-120.22925731143299,1971,7022.122013891851,9,780.2357793213167,925,1947-1984
46.8101,-116.54255,1983,1891,46.11889677676176,-117.33375420296046,1947,97963.41933977479,36,2721.206092771522,589,1947-1984
42.40695,-121.49710999999999,1982,1892,42.06813038684523,-121.30800102363325,1965,40743.98679573034,17,2396.7051056311966,724,1947-1984
39.416799999999995,-120.7977,1999,1893,39.313945824598285,-120.83918668581283,1980,11965.744800983948,19,629.7760421570499,237,1985-2010
48.268359999999994,-117.64856000000002,1981,1894,48.29283609738789,-117.8088187439268,1964,12201.773190201617,17,717.7513641295069,915,1947-1984
44.98378,-118.37994,1983,1895,45.78746290823576,-117.6802191182697,1947,104790.0700313701,36,2910.835278649169,629,1947-1984
47.09872379980543,-116.2690695304167,2001,1896,47.00280772730372,-116.34075483049394,1985,11973.8097381907,16,748.3631086369187,826,1985-2010
38.2007507,-120.0821312,1981,1897,38.188709837232516,-119.99353698602758,1980,7875.071788263398,1,7875.071788263398,184,1947-1984
47.64908205908739,-120.46871378515671,1981,1898,47.540460106023225,-120.58192677702856,1971,14776.573771677196,10,1477.6573771677197,924,1947-1984
47.685837899498296,-120.5991621099653,1981,1899,47.76443016515564,-120.6835835673169,1972,10792.085026631514,9,1199.1205585146126,928,1947-1984
48.42031,-119.1706,1981,1900,48.33475764342339,-120.16599244441281,1947,74348.52042617642,34,2186.7211890051885,890,1947-1984
46.081531,-112.981904,1983,1901,46.077133682354756,-117.30483637249861,1947,334348.8960029561,36,9287.469333415447,590,1947-1984
46.29478000000001,-121.36401,1986,1902,46.21164999999999,-121.29209999999999,1981,10776.432250754682,5,2155.2864501509366,2071,1985-2010
51.08865441948143,-121.5904953961121,2002,1903,48.33597901136478,-120.25533908356135,1947,320933.7912430257,55,5835.159840782285,586,1985-2010
51.126225558390416,-121.4992961006082,2002,1904,48.33597901136478,-120.25533908356135,1947,323027.40996323485,55,5873.225635695179,586,1985-2010
48.34250000000001,-118.60917,1981,1905,48.25636875384672,-118.63068787694294,1973,9709.607878675202,8,1213.7009848344003,961,1947-1984
45.26431,-118.86767999999999,1980,1906,45.89823828516765,-117.82353684557904,1947,107724.27943970908,33,3264.3721042336083,580,1947-1984
47.200682431250215,-120.42062489239824,1998,1907,47.2362763277111,-120.4455249633221,1980,4383.642436089783,18,243.53569089387682,1441,1985-2010
41.958967614678635,-120.27590289643823,1981,1908,42.071079033852854,-120.57252448370306,1965,27545.032729851322,16,1721.5645456157076,603,1947-1984
42.36057,-120.52243,2000,1909,42.33196000000001,-120.46415000000002,1981,5758.60536934282,19,303.08449312330634,2262,1985-2010
42.418725000021304,-120.46417998351745,2000,1910,42.33196000000001,-120.46415000000002,1981,9637.906604393773,19,507.25824233651434,2262,1985-2010
47.251650000000005,-120.19738,1998,1911,47.31705142933434,-120.38819116850733,1982,16162.997049467971,16,1010.1873155917482,436,1985-2010
45.348132,-114.532916,1982,1912,46.077133682354756,-117.30483637249861,1947,230522.9908269296,35,6586.371166483703,590,1947-1984
44.19887,-120.21617,1981,1913,43.8606351051261,-119.72827507829138,1947,54242.0598020497,34,1595.3547000602853,888,1947-1984
48.19753002283873,-117.04882438674912,1999,1914,48.01736551058376,-117.25154796567936,1963,25084.51441915423,36,696.7920671987287,897,1985-2010
46.469545632627025,-116.0390428141159,2001,1915,46.077133682354756,-117.30483637249861,1947,106873.30770378027,54,1979.1353278477827,590,1985-2010
46.90921559900176,-115.93563217038822,2020,1916,46.91092659832039,-116.13164768916114,2001,14934.359044615081,19,786.0188970850043,1129,2011-2025
45.086161,-109.326159,1979,1917,46.077133682354756,-117.30483637249861,1947,632077.0142123937,32,19752.406694137302,590,1947-1984
44.778607775064486,-118.48219746829616,2000,1918,44.76923937825579,-118.5800578832802,1983,7815.913221033111,17,459.75960123724184,1448,1985-2010
46.057735014923296,-116.46843043035003,2001,1919,46.077133682354756,-117.30483637249861,1947,64747.62304129896,54,1199.0300563203512,590,1985-2010
48.61085529319601,-119.77343660735227,1988,1920,48.51171854364507,-119.73737142213523,1972,11340.984498256948,16,708.8115311410593,931,1985-2010
44.37500000000001,-119.85,1992,1921,44.43292338610814,-119.85576284544511,1982,6452.804602332957,10,645.2804602332957,1886,1985-2010
45.52163403500421,-116.41373836161523,2001,1922,45.51136520608055,-116.61599999490787,1973,15844.912266574673,28,565.8897238062383,711,1985-2010
46.788765540503775,-121.02684665433954,1982,1923,48.33597901136478,-120.25533908356135,1947,181552.93398985473,35,5187.226685424421,586,1947-1984
43.87962,-119.42663,1988,1924,43.926464014023125,-119.37427193419819,1947,6692.028718489138,41,163.22021264607653,889,1985-2010
48.24756,-119.14069,1981,1925,48.189741864651474,-119.2398296521051,1972,9777.818588297549,9,1086.4242875886166,930,1947-1984
40.419351,-120.84429999999999,1980,1926,43.7432333036248,-119.74853432093256,1947,380159.7286359213,33,11519.9917768461,886,1947-1984
44.29841443034452,-118.53710851425551,1981,1927,44.191488677772654,-118.3254683626569,1965,20662.486353027933,16,1291.4053970642458,921,1947-1984
45.56625,-116.41089,2010,1928,45.64002894359061,-116.58984074613657,1973,16190.954689262171,37,437.5933699800587,994,1985-2010
47.71355,-120.27961,2000,1929,47.77806,-120.35944000000002,1980,9342.616109949771,20,467.13080549748855,2115,1985-2010
44.48351,-120.81683999999998,1982,1930,43.8606351051261,-119.72827507829138,1947,111214.60721900761,35,3177.5602062573603,888,1947-1984
44.58607860492872,-117.77041776671608,1981,1931,43.957273085377274,-119.017454283501,1947,121631.10087791177,34,3577.3853199385812,598,1947-1984
47.15592380675573,-116.34306286083489,2001,1932,47.17972360696943,-116.56092253229419,1983,16728.154757561384,18,929.3419309756324,2041,1985-2010
48.35321,-118.11275000000002,1999,1933,48.30254580934717,-118.08422921406715,1973,6017.563430417869,26,231.4447473237642,988,1985-2010
47.173407,-116.41850800000002,2008,1934,47.17972360696943,-116.56092253229419,1983,10818.559400895892,25,432.7423760358357,2041,1985-2010
44.44044000000001,-119.66376,1981,1935,43.926464014023125,-119.37427193419819,1947,61623.23934594639,34,1812.4482160572468,889,1947-1984
46.53019,-121.15134,2001,1936,46.60333,-121.33028,1982,15947.305936897146,19,839.3318914156392,2006,1985-2010
44.749300000000005,-118.1077,1981,1937,43.957273085377274,-119.017454283501,1947,114045.53812706092,34,3354.2805331488507,598,1947-1984
41.549498,-121.101037,1999,1938,41.422253,-121.11689500000001,1980,14194.170348137059,19,747.0615972703715,2003,1985-2010
48.45137053034784,-118.87103473197038,1981,1939,48.34997240057089,-118.91679836189834,1973,11773.46760058381,8,1471.6834500729763,951,1947-1984
42.47638,-120.90972,1981,1940,42.071079033852854,-120.57252448370306,1965,52920.595703126106,16,3307.5372314453816,603,1947-1984
42.20201,-120.79325,1981,1941,42.071079033852854,-120.57252448370306,1965,23334.53513314548,16,1458.4084458215925,603,1947-1984
48.08167,-117.22342999999998,1998,1942,48.01736551058376,-117.25154796567936,1963,7451.0672619317365,35,212.88763605519247,897,1985-2010
45.25725500040589,-117.07411507662123,1981,1943,45.78085213778396,-117.56552128282557,1947,69717.84069121245,34,2050.5247262121306,662,1947-1984
38.61173854783874,-120.43909540447457,1982,1944,38.69677200000001,-120.448942,1981,9478.30260601698,1,9478.30260601698,2160,1947-1984
45.19431000000001,-118.33631000000001,1982,1945,45.35532434650188,-118.25456119921373,1973,19009.688895006002,9,2112.187655000667,966,1947-1984
46.918445193684335,-120.83030833006805,1998,1946,47.03611,-120.95693999999999,1983,16246.38421186095,15,1083.09228079073,1847,1985-2010
44.38716,-120.07559,1988,1947,43.8606351051261,-119.72827507829138,1947,64773.00515108911,41,1579.8293939290027,888,1985-2010
48.6511,-119.38252,1999,1948,48.59520187877708,-119.38755441990078,1973,6227.077450973412,26,239.50297888359276,953,1985-2010
45.038775770667286,-118.09850762505533,1982,1949,45.18518524684484,-117.99413206952302,1973,18226.662891024283,9,2025.1847656693649,977,1947-1984
48.61987,-119.19234999999999,1999,1950,48.59520187877708,-119.38755441990078,1973,14654.373031176327,26,563.6297319683202,953,1985-2010
44.99727841337232,-116.49006050324269,1991,1951,45.08719592244738,-116.85776803673537,1973,30646.166692734863,18,1702.564816263048,989,1985-2010
38.62851450000001,-120.276043,1984,1952,38.54740623508474,-120.32501519669492,1981,9963.476749648964,3,3321.158916549655,2101,1947-1984
49.14876650148895,-118.54158040000002,2009,1953,48.980538116885945,-118.5120245172848,1964,18833.10525334287,45,418.513450074286,904,1985-2010
45.2074,-121.61494,1982,1954,43.8606351051261,-119.72827507829138,1947,211847.62316341,35,6052.789233240285,888,1947-1984
40.249345000000005,-121.449414,1995,1955,40.28267558088739,-121.31013597912731,1988,12411.84223021212,7,1773.1203186017315,2255,1985-2010
46.74257,-116.18017999999999,2002,1956,46.81436999999999,-116.31517,1985,13037.90887568841,17,766.9358162169653,2033,1985-2010
47.57839891827593,-116.57576597565566,1999,1957,47.733274950058345,-117.27644428963674,1964,55380.08654253542,35,1582.2881869295834,917,1985-2010
44.31252,-118.45729999999999,1981,1958,44.191488677772654,-118.3254683626569,1965,17079.900854880296,16,1067.4938034300185,921,1947-1984
45.69167,-117.19167,1981,1959,45.70174149717357,-117.28524468492321,1972,7373.570579782485,9,819.2856199758317,632,1947-1984
47.14519193623341,-120.48667733734686,2001,1960,47.2362763277111,-120.4455249633221,1980,10595.647709478264,21,504.5546528322983,1441,1985-2010
47.10410000000001,-116.59044000000002,1984,1961,47.143268845835124,-116.65073461088899,1982,6316.179436471007,2,3158.0897182355034,1758,1947-1984
46.244162,-115.65091500000001,2001,1962,46.077133682354756,-117.30483637249861,1947,129086.52477172224,54,2390.491199476338,590,1985-2010
41.719227229999994,-115.5593825,1991,1963,43.957273085377274,-119.017454283501,1947,376420.91738518054,44,8555.020849663195,598,1985-2010
45.988580915469264,-120.95583981528786,1981,1964,45.98008842236157,-117.82029663325027,1947,242944.20681619647,34,7145.41784753519,585,1947-1984
39.570275,-120.839429,2012,1965,39.622125999999994,-121.006813,1988,15487.123007504519,24,645.2967919793549,2172,2011-2025
45.34978,-118.46956,1980,1966,45.43667667496863,-118.37861015060963,1972,11999.642913378784,8,1499.955364172348,649,1947-1984
48.30179507958444,-117.40739504574992,1986,1967,48.03332203928021,-117.41647358688864,1963,29860.115558188267,23,1298.2658938342724,898,1985-2010
48.91,-117.3748,1986,1968,48.59297857961717,-117.85711731960347,1963,50007.75772912442,23,2174.250336048888,892,1985-2010
45.13327003216268,-118.53975422067926,1982,1969,45.78746290823576,-117.6802191182697,1947,99023.06628091668,35,2829.230465169048,629,1947-1984
46.97401148497554,-116.62007464665578,1985,1970,46.11889677676176,-117.33375420296046,1947,109688.61307869405,38,2886.542449439317,589,1985-2010
45.43487,-117.88076,1982,1971,45.78746290823576,-117.6802191182697,1947,42195.238098267364,35,1205.5782313790676,629,1947-1984
45.2166,-118.0653,1986,1972,45.18518524684484,-117.99413206952302,1973,6592.157303951701,13,507.0890233809001,977,1985-2010
45.14485606184468,-118.04045579534348,1982,1973,45.18518524684484,-117.99413206952302,1973,5775.13582142966,9,641.6817579366289,977,1947-1984
48.10248,-117.82291000000001,2001,1974,48.06026,-117.72433000000001,1981,8717.07639488477,20,435.85381974423854,2235,1985-2010
51.03986750265787,-121.67752837361967,2002,1975,48.33597901136478,-120.25533908356135,1947,317745.8879916509,55,5777.197963484562,586,1985-2010
39.1962,-106.0743,1986,1976,45.78085213778396,-117.56552128282557,1947,1192774.5163659083,39,30583.96195810021,662,1985-2010
45.40313409000001,-113.8633583,1991,1977,45.533010000000004,-113.896525,1982,14665.706203340176,9,1629.5229114822419,2081,1985-2010
44.110508037428396,-118.78491663804002,1981,1978,43.957273085377274,-119.017454283501,1947,25245.967378079877,34,742.528452296467,598,1947-1984
44.25670000000001,-119.58313,1987,1979,43.926464014023125,-119.37427193419819,1947,40326.07177229456,40,1008.1517943073641,889,1985-2010
40.3458449393183,-120.86091330763614,1981,1980,40.419351,-120.84429999999999,1980,8283.273802530704,1,8283.273802530704,1926,1947-1984
47.48551,-117.20637,2001,1981,47.733274950058345,-117.27644428963674,1964,28046.494688136354,37,758.0133699496312,917,1985-2010
47.723205778196,-120.49792880921815,1981,1982,47.76443016515564,-120.6835835673169,1972,14658.063129969658,9,1628.6736811077399,928,1947-1984
45.218560000000004,-118.59806000000002,1980,1983,45.78746290823576,-117.6802191182697,1947,95620.34184975467,33,2897.586116659232,629,1947-1984
42.63861,-121.41764,1982,1984,42.06813038684523,-121.30800102363325,1965,64009.54921111184,17,3765.2676006536376,724,1947-1984
39.265487,-120.687562,1999,1985,39.304610847096875,-120.75606404686785,1980,7334.64735877723,19,386.03407151459106,1768,1985-2010
45.22234579637014,-121.49948348248523,1981,1986,43.8606351051261,-119.72827507829138,1947,206656.26103660074,34,6078.125324605904,888,1947-1984
46.91820506,-116.01016460000001,2020,1987,46.91092659832039,-116.13164768916114,2001,9289.540400586588,19,488.9231789782414,1129,2011-2025
46.156002882875804,-121.27860963938724,1986,1988,46.21164999999999,-121.29209999999999,1981,6272.527709175029,5,1254.5055418350057,2071,1985-2010
46.96056,-121.02694,1988,1989,47.03611,-120.95693999999999,1983,9944.25977540683,5,1988.851955081366,1847,1985-2010
48.18888,-120.15439,1981,1990,48.33475764342339,-120.16599244441281,1947,16243.783134093654,34,477.7583274733428,890,1947-1984
42.2312,-121.2028,1981,1991,42.06813038684523,-121.30800102363325,1965,20092.24555331957,16,1255.7653470824732,724,1947-1984
39.181397286658616,-105.35211115303782,1986,1992,45.78085213778396,-117.56552128282557,1947,1241057.302394011,39,31821.98211266695,662,1985-2010
47.60425,-120.33428999999998,1981,1993,47.540460106023225,-120.58192677702856,1971,19936.362544642794,10,1993.6362544642793,924,1947-1984
48.08398,-120.49353,1982,1994,48.33597901136478,-120.25533908356135,1947,33144.49096085325,35,946.9854560243784,586,1947-1984
49.041223855410664,-118.4327357,2009,1995,48.980538116885945,-118.5120245172848,1964,8898.998829215268,45,197.7555295381171,904,1985-2010
46.52799,-116.02855,2001,1996,46.11889677676176,-117.33375420296046,1947,110320.70836378465,54,2042.976080810827,589,1985-2010
37.39843576198684,-119.57241403373324,1982,1997,43.7432333036248,-119.74853432093256,1947,704720.4686545025,35,20134.870532985788,886,1947-1984
42.157479000000016,-122.270993,2022,1998,42.104890000000005,-122.27977000000001,1989,5886.2710509959425,33,178.37185003018007,2327,2011-2025
44.68906614839142,-118.5113139120672,1981,1999,44.59740519150165,-118.60411507018722,1973,12568.00246083343,8,1571.0003076041787,962,1947-1984
35.82625412759867,-118.5890159332691,1998,2000,36.25377516466415,-118.67135027467765,1981,48014.38598156901,17,2824.3756459746473,80,1985-2010
47.98248196887785,-120.32133997936889,1980,2001,47.91700444379418,-120.22925731143299,1971,10015.800299072967,9,1112.8666998969964,925,1947-1984
48.462060000000015,-118.48738,1981,2002,48.50519350458949,-118.11470465299651,1964,27964.48183355865,17,1644.969519621097,908,1947-1984
41.422253,-121.11689500000001,1980,2003,42.06813038684523,-121.30800102363325,1965,73476.61118440676,15,4898.440745627117,724,1947-1984
47.7215951843671,-117.10793324230502,1983,2004,47.733274950058345,-117.27644428963674,1964,12707.816601702507,19,668.8324527211846,917,1947-1984
47.80666,-117.0293,2008,2005,47.82263362882947,-117.27149800259964,1963,18225.494572583662,45,405.01099050185917,894,1985-2010
46.60333,-121.33028,1982,2006,48.33597901136478,-120.25533908356135,1947,208981.14248043805,35,5970.889785155373,586,1947-1984
48.73167000000001,-119.17528,1989,2007,48.59520187877708,-119.38755441990078,1973,21790.207327644883,16,1361.8879579778052,953,1985-2010
38.538644000000005,-119.897861,1988,2008,38.464048,-120.12250500000002,1980,21273.67848585275,8,2659.2098107315937,2108,1985-2010
51.052894,-121.084945,2003,2009,48.33597901136478,-120.25533908356135,1947,308049.0276686413,56,5500.87549408288,586,1985-2010
44.61327,-118.90978,1981,2010,43.957273085377274,-119.017454283501,1947,73397.86179399712,34,2158.7606409999153,598,1947-1984
44.678056,-119.57972200000002,2017,2011,44.6447,-119.46029,1982,10171.573241586106,35,290.61637833103157,2060,2011-2025
45.66365000004362,-121.63780001289663,1982,2012,43.8606351051261,-119.72827507829138,1947,250984.16662685206,35,7170.97618933863,888,1947-1984
45.59211553942885,-121.58842138991034,1982,2013,43.8606351051261,-119.72827507829138,1947,242345.30910072074,35,6924.151688592021,888,1947-1984
45.56322043319961,-121.69043375305064,1982,2014,43.8606351051261,-119.72827507829138,1947,244875.8036808427,35,6996.451533738364,888,1947-1984
45.46819,-121.61678,1982,2015,43.8606351051261,-119.72827507829138,1947,233101.36989780265,35,6660.039139937218,888,1947-1984
45.52673,-121.451,1982,2016,43.8606351051261,-119.72827507829138,1947,230043.4412044006,35,6572.66974869716,888,1947-1984
45.556191403206256,-121.49403377840702,1982,2017,43.8606351051261,-119.72827507829138,1947,234682.6879498987,35,6705.219655711392,888,1947-1984
48.27303,-119.88365,2000,2018,48.33475764342339,-120.16599244441281,1947,22041.810835990575,53,415.88322332057686,890,1985-2010
44.199215,-115.50810899999999,1991,2019,44.37827032896586,-115.93545295854229,1981,39487.67119179608,10,3948.767119179608,478,1985-2010
42.280835048456375,-121.0510596573044,1981,2020,42.06813038684523,-121.30800102363325,1965,31763.244807610543,16,1985.202800475659,724,1947-1984
42.959529999999994,-121.39832999999999,1981,2021,43.7432333036248,-119.74853432093256,1947,159594.19914731494,34,4693.947033744557,886,1947-1984
48.98163,-121.07529,1999,2022,48.33597901136478,-120.25533908356135,1947,93827.89962291613,52,1804.3826850560795,586,1985-2010
49.42148490339492,-119.8917564,2012,2023,49.3703233010469,-120.12935887854204,1999,18161.927601600164,13,1397.0713539692433,54,2011-2025
47.6,-120.80833,1980,2024,47.70098091336939,-120.75250119705319,1972,11985.282534163034,8,1498.1603167703793,927,1947-1984
47.30316520826894,-120.94254178219069,2006,2025,47.39719,-120.92508,1981,10536.38962182842,25,421.45558487313684,2264,1985-2010
44.358503156517216,-118.72400971753845,1986,2026,44.2794109487141,-118.9734505613018,1964,21753.564974846096,22,988.7984079475499,901,1985-2010
47.31988502674823,-120.8567392182263,1998,2027,47.36667,-120.8,1981,6740.831995931029,17,396.5195291724135,2238,1985-2010
47.14582020237956,-120.84310809348119,2001,2028,47.11603352769971,-120.92207710832211,1981,6845.623596928611,20,342.2811798464305,2263,1985-2010
48.57500000000001,-118.625,1987,2029,48.873350266357924,-118.62359559633474,1963,33178.0203872302,24,1382.4175161345918,893,1985-2010
38.71014482468912,-120.38442427181262,1981,2030,43.7432333036248,-119.74853432093256,1947,561498.3778475071,34,16514.658171985502,886,1947-1984
46.20641,-121.10508000000002,1989,2031,46.28019999999999,-121.11538,1982,8240.583157057466,7,1177.2261652939237,1756,1985-2010
44.49167,-121.70000000000002,1982,2032,43.8606351051261,-119.72827507829138,1947,172557.38547919245,35,4930.211013691213,888,1947-1984
46.81436999999999,-116.31517,1985,2033,46.833825124778045,-116.38201577913813,1983,5540.2682896104,2,2770.1341448052,1761,1985-2010
32.965551,-105.605888,2000,2034,43.957273085377274,-119.017454283501,1947,1686511.9694608836,53,31820.980555865728,598,1985-2010
48.46817,-117.32157000000001,2000,2035,48.51419,-117.47665,1986,12553.068097513484,14,896.6477212509632,2273,1985-2010
38.81898778642458,-120.54548620961806,1988,2036,38.929297,-120.484965,1981,13324.502195218172,7,1903.500313602596,2283,1985-2010
46.351960000000005,-121.21668,1984,2037,46.21164999999999,-121.29209999999999,1981,16644.3325552252,3,5548.110851741733,2071,1947-1984
32.705544,-105.587679,2014,2038,32.820440078862994,-105.67148522273993,2000,14967.484923884916,14,1069.1060659917798,219,2011-2025
47.18361,-116.69246,2001,2039,47.143268845835124,-116.65073461088899,1982,5488.5063261258465,19,288.8687540066235,1758,1985-2010
42.33574468968925,-121.30889409229215,1981,2040,42.06813038684523,-121.30800102363325,1965,29725.940705354846,16,1857.8712940846779,724,1947-1984
47.17972360696943,-116.56092253229419,1983,2041,46.11889677676176,-117.33375420296046,1947,131932.3904827169,36,3664.788624519914,589,1947-1984
45.83860000000001,-117.94214000000001,1981,2042,45.89823828516765,-117.82353684557904,1947,11346.728308619806,34,333.7273031947002,580,1947-1984
47.31233,-120.25037000000002,2002,2043,47.31705142933434,-120.38819116850733,1982,10433.633322188058,20,521.6816661094028,436,1985-2010
42.56431000000001,-121.00689,1986,2044,42.615,-121.1388,1981,12204.045282971001,5,2440.8090565942002,2192,1985-2010
42.34561,-120.73611000000001,1982,2045,42.071079033852854,-120.57252448370306,1965,33352.40480086363,17,1961.9061647566841,603,1947-1984
42.289410000000004,-120.67437,1986,2046,42.30191,-120.58075,1979,7844.341416096775,7,1120.6202022995392,2181,1985-2010
42.17735,-121.94356,1982,2047,42.06813038684523,-121.30800102363325,1965,53937.12656785211,17,3172.772151050124,724,1947-1984
42.03145,-121.94312,1982,2048,42.06813038684523,-121.30800102363325,1965,52736.54373005305,17,3102.149631179591,724,1947-1984
45.92735000000001,-120.99901000000001,1990,2049,45.988580915469264,-120.95583981528786,1981,7584.162401236775,9,842.6847112485306,1964,1985-2010
46.86920000000001,-117.15539000000001,1986,2050,46.11889677676176,-117.33375420296046,1947,84520.95038734029,39,2167.2038560856486,589,1985-2010
44.49740000000001,-118.84913999999999,1986,2051,44.2794109487141,-118.9734505613018,1964,26169.86320001057,22,1189.539236364117,901,1985-2010
51.006285,-121.784567,2002,2052,50.86903042521401,-121.83410593653224,1999,15661.197404570601,3,5220.399134856867,1294,1985-2010
45.8559,-117.01063999999998,1981,2053,45.90973807981726,-116.97852797054736,1973,6482.488458586863,8,810.3110573233579,996,1947-1984
47.675174,-114.234674,1983,2054,47.77709196223296,-114.25871169117343,1979,11474.335611915358,4,2868.5839029788394,1179,1947-1984
49.11306971075105,-118.97976970000002,2009,2055,48.98393565209155,-118.8996419880295,1982,15509.667136574673,27,574.4321161694323,1007,1985-2010
46.08085,-121.41648,2008,2056,46.02504688938102,-121.38042151620076,1996,6801.4675727941085,12,566.788964399509,1854,1985-2010
48.408680000000004,-118.09061,1981,2057,48.398044284266085,-118.0166107575245,1964,5605.224189261198,17,329.7190699565411,907,1947-1984
45.275,-117.14167,1981,2058,45.78085213778396,-117.56552128282557,1947,65246.92090213769,34,1919.027085356991,662,1947-1984
45.13262999999999,-119.50392999999998,1986,2059,45.08222,-119.38528,1980,10889.330387131804,6,1814.8883978553006,1794,1985-2010
44.6447,-119.46029,1982,2060,43.926464014023125,-119.37427193419819,1947,80103.60057232359,35,2288.674302066388,889,1947-1984
45.21977,-119.34128,1982,2061,45.89823828516765,-117.82353684557904,1947,140453.9646175034,35,4012.970417642954,580,1947-1984
45.222410000000004,-119.2195,1983,2062,45.89823828516765,-117.82353684557904,1947,132362.38897102574,36,3676.7330269729373,580,1947-1984
44.97170000000001,-120.05783000000001,1982,2063,43.8606351051261,-119.72827507829138,1947,126220.70196682346,35,3606.30577048067,888,1947-1984
44.98787679985354,-119.78047515367743,1980,2064,43.926464014023125,-119.37427193419819,1947,122295.37225776618,33,3705.92037144746,889,1947-1984
45.08088500481054,-119.13458963915244,1980,2065,43.957273085377274,-119.017454283501,1947,125205.20463626442,33,3794.097110189831,598,1947-1984
44.92723000000001,-120.14267000000001,1982,2066,43.8606351051261,-119.72827507829138,1947,123032.24909097666,35,3515.2071168850475,888,1947-1984
44.98682999999999,-119.8999,1979,2067,43.926464014023125,-119.37427193419819,1947,125034.29250549985,32,3907.3216407968703,889,1947-1984
44.9437,-119.91974,1982,2068,44.98682999999999,-119.8999,1979,5042.193411626455,3,1680.7311372088182,2067,1947-1984
44.59971544726514,-119.40982496253355,1982,2069,43.926464014023125,-119.37427193419819,1947,74863.78080721278,35,2138.965165920365,889,1947-1984
48.07220628342995,-117.34236290963126,1998,2070,48.03332203928021,-117.41647358688864,1963,7015.546030922123,35,200.44417231206066,898,1985-2010
46.21164999999999,-121.29209999999999,1981,2071,48.33597901136478,-120.25533908356135,1947,248856.08508681884,34,7319.296620200555,586,1947-1984
45.27651000000001,-118.96753000000001,1980,2072,45.89823828516765,-117.82353684557904,1947,112890.67563994153,33,3420.929564846713,580,1947-1984
48.67472,-117.77778,1986,2073,48.59297857961717,-117.85711731960347,1963,10808.376627530979,23,469.92941858830346,892,1985-2010
48.41881,-118.25933000000002,1981,2074,48.50519350458949,-118.11470465299651,1964,14376.211406227916,17,845.6594944839951,908,1947-1984
47.968230000000005,-120.51529,1981,2075,48.33597901136478,-120.25533908356135,1947,45234.85366652399,34,1330.4368725448232,586,1947-1984
47.30498,-121.31914999999998,1998,2076,47.07703,-121.24812000000001,1982,25907.633938472012,16,1619.2271211545008,2274,1985-2010
47.943675999999996,-114.39252200000001,1983,2077,47.77709196223296,-114.25871169117343,1979,21055.126536564792,4,5263.781634141198,1179,1947-1984
42.392399999999995,-120.7484,1981,2078,42.071079033852854,-120.57252448370306,1965,38531.47675512794,16,2408.217297195496,603,1947-1984
42.421930000822314,-121.63349500395465,1982,2079,42.06813038684523,-121.30800102363325,1965,47603.47657659448,17,2800.204504505558,724,1947-1984
45.826435999999994,-115.62922200000001,2020,2080,45.868553971579225,-115.53864045559332,2011,8451.04827941949,9,939.0053643799433,1366,2011-2025
45.533010000000004,-113.896525,1982,2081,46.077133682354756,-117.30483637249861,1947,271735.8972947837,35,7763.882779850962,590,1947-1984
38.2455991616685,-120.00448416834726,1981,2082,38.188709837232516,-119.99353698602758,1980,6387.104858259566,1,6387.104858259566,184,1947-1984
47.237496965618625,-116.53832845979376,2001,2083,47.17972360696943,-116.56092253229419,1983,6647.121678702067,18,369.28453770567035,2041,1985-2010
46.7746,-116.4581,2002,2084,46.8101,-116.54255,1983,7559.628227986372,19,397.87516989401956,1891,1985-2010
45.435,-117.47,1982,2085,45.78085213778396,-117.56552128282557,1947,39154.839811844664,35,1118.7097089098474,662,1947-1984
47.90389,-117.92889000000001,1999,2086,47.83306761593792,-117.85685969950701,1973,9541.993950011436,26,366.99976730813216,983,1985-2010
44.56383944153281,-115.64471650554052,1991,2087,44.37827032896586,-115.93545295854229,1981,30989.896485572674,10,3098.989648557267,478,1985-2010
42.751220000000004,-120.88966000000002,1981,2088,43.7432333036248,-119.74853432093256,1947,143992.90456760817,34,4235.085428459064,886,1947-1984
44.689955059247076,-119.13091440162509,1981,2089,43.957273085377274,-119.017454283501,1947,81916.05925373532,34,2409.29586040398,598,1947-1984
45.527589999999996,-121.74406,1982,2090,43.8606351051261,-119.72827507829138,1947,244614.51572612798,35,6988.986163603657,888,1947-1984
45.52724,-121.64093,1982,2091,43.8606351051261,-119.72827507829138,1947,239327.10219609016,35,6837.917205602575,888,1947-1984
45.61335,-121.67977999999998,1982,2092,43.8606351051261,-119.72827507829138,1947,248637.75182847213,35,7103.935766527775,888,1947-1984
42.98378,-121.94019000000002,1982,2093,43.7432333036248,-119.74853432093256,1947,196662.40356822117,35,5618.925816234891,886,1947-1984
47.18352999999999,-120.79391000000001,1998,2094,47.11603352769971,-120.92207710832211,1981,12279.967666834025,17,722.3510392255309,2263,1985-2010
43.81288000000001,-121.67705000000001,2001,2095,43.39204,-121.57543,1981,47471.61235711125,20,2373.580617855562,2135,1985-2010
51.141462,-121.14129200000002,2002,2096,48.33597901136478,-120.25533908356135,1947,318498.43616529397,55,5790.8806575508,586,1985-2010
51.110239687650925,-121.23790445328903,2002,2097,48.33597901136478,-120.25533908356135,1947,316584.7970786126,55,5756.087219611139,586,1985-2010
51.072697578231356,-121.32597595350121,2002,2098,48.33597901136478,-120.25533908356135,1947,314022.10438812076,55,5709.492807056741,586,1985-2010
48.61721,-117.36549000000001,1991,2099,48.67074000000044,-117.48711999856512,1981,10759.75927056375,10,1075.975927056375,2265,1985-2010
48.4685,-119.08236,1981,2100,48.34997240057089,-118.91679836189834,1973,17998.596117146142,8,2249.824514643268,951,1947-1984
38.54740623508474,-120.32501519669492,1981,2101,43.7432333036248,-119.74853432093256,1947,579053.4041173987,34,17030.98247404114,886,1947-1984
44.24667,-120.28167,1988,2102,44.19887,-120.21617,1981,7456.771069662893,7,1065.253009951842,1913,1985-2010
48.34959,-118.45890000000001,1981,2103,48.50519350458949,-118.11470465299651,1964,30793.70367129244,17,1811.3943336054376,908,1947-1984
46.994232000000004,-116.705583,2009,2104,46.96587676287788,-116.77673062489633,1984,6264.158831922742,25,250.5663532769097,820,1985-2010
48.75216000000001,-117.33416,2000,2105,48.67074000000044,-117.48711999856512,1981,14446.322338920694,19,760.3327546800365,2265,1985-2010
47.68121,-116.5817,2008,2106,47.60764256263137,-116.63248795148543,1999,9025.852009488623,9,1002.8724454987358,1755,1985-2010
48.26944,-117.1,1987,2107,48.01736551058376,-117.25154796567936,1963,30212.792611256486,24,1258.8663588023535,897,1985-2010
38.464048,-120.12250500000002,1980,2108,43.7432333036248,-119.74853432093256,1947,587124.4204830505,33,17791.649105546985,886,1947-1984
48.73871,-118.18211,1987,2109,48.6310313661784,-118.06239480507979,1964,14868.934072754111,23,646.47539446757,912,1985-2010
44.06333,-120.27,1987,2110,43.8606351051261,-119.72827507829138,1947,48964.28280210968,40,1224.107070052742,888,1985-2010
46.42467,-121.28105,2012,2111,46.351960000000005,-121.21668,1984,9478.402862512681,28,338.51438794688147,2037,2011-2025
45.33284,-118.54117999999998,1982,2112,45.43667667496863,-118.37861015060963,1972,17183.827349187744,10,1718.3827349187745,649,1947-1984
48.13370652318649,-120.13224237408052,1987,2113,48.33475764342339,-120.16599244441281,1947,22496.004065560315,40,562.4001016390079,890,1985-2010
46.1502,-120.9336,1986,2114,46.08309500401837,-120.78932977787738,1981,13416.640243610522,5,2683.3280487221045,2210,1985-2010
47.77806,-120.35944000000002,1980,2115,48.33597901136478,-120.25533908356135,1947,62519.25708644964,33,1894.5229420136254,586,1947-1984
51.370115000000006,-121.761877,2010,2116,51.30993598625942,-121.80676225639571,2002,7389.762460127598,8,923.7203075159498,1804,1985-2010
40.00008425143154,-120.61175523873426,1992,2117,39.60733459361616,-120.60000244076494,1981,43618.947163865116,11,3965.358833078647,328,1985-2010
46.95806573066108,-115.87987797453414,2020,2118,47.00280772730372,-116.34075483049394,1985,35416.20983322489,35,1011.8917095207113,826,2011-2025
46.85393,-120.82375,1999,2119,46.712690849567274,-120.9048544077393,1982,16878.436248446706,17,992.8491910851003,2140,1985-2010
46.25028,-120.835,2000,2120,46.2300150008249,-120.94696494464134,1989,8924.530610839403,11,811.3209646217639,2144,1985-2010
48.359129999999986,-117.23487999999999,2002,2121,48.362250000486306,-117.14200497421919,1987,6891.120380426653,15,459.4080253617769,1797,1985-2010
42.54889,-120.54194,1981,2122,42.071079033852854,-120.57252448370306,1965,53134.77754508167,16,3320.9235965676044,603,1947-1984
46.716131000000004,-114.164423,1983,2123,46.077133682354756,-117.30483637249861,1947,251730.54288629486,36,6992.515080174857,590,1947-1984
38.340219000000005,-119.787641,1988,2124,38.188709837232516,-119.99353698602758,1980,24648.079710798404,8,3081.0099638498004,184,1985-2010
45.29447,-117.69919000000002,1984,2125,45.78746290823576,-117.6802191182697,1947,54812.418619182514,37,1481.4167194373651,629,1947-1984
43.36415,-121.38178999999998,1981,2126,43.7432333036248,-119.74853432093256,1947,138529.91231190047,34,4074.4091856441314,886,1947-1984
47.88677,-117.13122999999999,1998,2127,47.881537542122395,-117.285603712609,1965,11560.60695481652,33,350.32142287322785,923,1985-2010
45.02987176,-116.35812010000001,1991,2128,45.20964593068061,-116.7530665523584,1974,36943.65673183372,17,2173.15627834316,1000,1985-2010
39.178973,-120.642523,1984,2129,39.304610847096875,-120.75606404686785,1980,17048.068231683814,4,4262.017057920953,1768,1947-1984
44.26519,-119.15998000000002,1981,2130,44.2794109487141,-118.9734505613018,1964,14975.821239960218,17,880.9306611741305,901,1947-1984
44.60652999999999,-118.35874,1981,2131,44.59740519150165,-118.60411507018722,1973,19506.89308450416,8,2438.36163556302,962,1947-1984
38.967169,-120.55107799999999,1981,2132,39.01303242224063,-120.48156230332248,1980,7886.514274845504,1,7886.514274845504,1,1947-1984
48.18861,-117.11229000000002,1998,2133,48.01736551058376,-117.25154796567936,1963,21682.470728242963,35,619.4991636640847,897,1985-2010
45.893359,-115.623524,2020,2134,45.91521315442767,-115.55840958951215,2011,5606.233906905849,9,622.9148785450943,1368,2011-2025
43.39204,-121.57543,1981,2135,43.7432333036248,-119.74853432093256,1947,152655.25522155603,34,4489.860447692824,886,1947-1984
44.20417,-118.39293999999998,1987,2136,44.191488677772654,-118.3254683626569,1965,5574.656607861167,22,253.3934821755076,921,1985-2010
39.145226,-105.31663,1986,2137,45.78085213778396,-117.56552128282557,1947,1245991.201886471,39,31948.492356063358,662,1985-2010
33.948923,-109.20622,1995,2138,43.957273085377274,-119.017454283501,1947,1397010.4057322142,48,29104.383452754464,598,1985-2010
44.170343,-115.568232,1991,2139,44.37827032896586,-115.93545295854229,1981,37327.13516004465,10,3732.713516004465,478,1985-2010
46.712690849567274,-120.9048544077393,1982,2140,48.33597901136478,-120.25533908356135,1947,186987.91495439733,35,5342.511855839924,586,1947-1984
44.27537500001319,-120.45626500673418,1983,2141,43.8606351051261,-119.72827507829138,1947,74331.06416320436,36,2064.751782311232,888,1947-1984
45.87584000000001,-121.08222999999998,1999,2142,45.988580915469264,-120.95583981528786,1981,15909.733279377071,18,883.8740710765039,1964,1985-2010
46.35936,-121.0674,1986,2143,46.28019999999999,-121.11538,1982,9543.643869812791,4,2385.910967453198,1756,1985-2010
46.2300150008249,-120.94696494464134,1989,2144,46.28019999999999,-121.11538,1982,14133.357811379445,7,2019.0511159113491,1756,1985-2010
40.20798699999999,-121.58882899999999,1995,2145,40.48021259677627,-121.5749429983102,1981,30251.286240835976,14,2160.8061600597125,367,1985-2010
44.57016,-120.57581,1983,2146,43.8606351051261,-119.72827507829138,1947,103937.33034167482,36,2887.148065046523,888,1947-1984
44.52708,-120.33644,1982,2147,43.8606351051261,-119.72827507829138,1947,88586.37216706524,35,2531.0392047732926,888,1947-1984
47.90556000000001,-118.08083,1999,2148,47.91876909980395,-118.2403771871162,1973,12016.551809813935,26,462.1750696082282,967,1985-2010
43.27766100000001,-111.229018,2021,2149,41.96556662358339,-111.51119855843089,1991,147581.19556699207,30,4919.373185566403,1024,2011-2025
48.51037999999999,-117.27033000000002,1999,2150,48.51419,-117.47665,1986,15249.536315569847,13,1173.0412550438343,2273,1985-2010
46.31629,-121.17414000000001,1986,2151,46.28019999999999,-121.11538,1982,6048.900342806586,4,1512.2250857016465,1756,1985-2010
45.26720999999999,-118.76704,1980,2152,45.89823828516765,-117.82353684557904,1947,101688.58766197479,33,3081.4723533931756,580,1947-1984
44.917019999999994,-118.78529000000002,1980,2153,43.957273085377274,-119.017454283501,1947,108237.59273113386,33,3279.927052458602,598,1947-1984
44.116728,-115.57643900000001,1991,2154,44.37827032896586,-115.93545295854229,1981,40827.05000240501,10,4082.7050002405012,478,1985-2010
41.451799,-120.332342,1981,2155,42.071079033852854,-120.57252448370306,1965,71623.81937494651,16,4476.488710934157,603,1947-1984
42.2444,-120.59998,1981,2156,42.071079033852854,-120.57252448370306,1965,19385.11896844245,16,1211.5699355276531,603,1947-1984
40.0919,-121.322,2001,2157,40.28267558088739,-121.31013597912731,1988,21207.463953057464,13,1631.3433810044203,2255,1985-2010
45.0182,-118.7276,1980,2158,45.78746290823576,-117.6802191182697,1947,118462.2764887727,33,3589.7659542052334,629,1947-1984
39.07825,-120.602464,1988,2159,39.01303242224063,-120.48156230332248,1980,12726.716462919105,8,1590.839557864888,1,1985-2010
38.69677200000001,-120.448942,1981,2160,43.7432333036248,-119.74853432093256,1947,563513.7061643247,34,16573.932534244843,886,1947-1984
46.917510000000014,-114.451165,1983,2161,47.066612839260124,-114.27696273900577,1979,21221.454971608367,4,5305.363742902092,44,1947-1984
38.999924,-106.230599,1987,2162,39.1962,-106.0743,1986,25644.110311589036,1,25644.110311589036,1976,1985-2010
45.77008052,-116.3676955,1991,2163,45.64002894359061,-116.58984074613657,1973,22543.343540745547,18,1252.4079744858636,994,1985-2010
45.91290000000001,-120.81956000000001,1990,2164,45.988580915469264,-120.95583981528786,1981,13505.64184517358,9,1500.6268716859533,1964,1985-2010
47.75026,-117.20738000000001,2000,2165,47.733274950058345,-117.27644428963674,1964,5513.1473375360265,36,153.14298159822295,917,1985-2010
36.70604,-118.815491,1986,2166,36.25377516466415,-118.67135027467765,1981,51822.50517560559,5,10364.501035121119,80,1985-2010
46.1464,-121.18287,1986,2167,46.21164999999999,-121.29209999999999,1981,11123.665472147282,5,2224.7330944294563,2071,1985-2010
44.395770000000006,-118.48277,1981,2168,44.376756687404054,-118.35872842723688,1973,10107.410580739761,8,1263.4263225924701,965,1947-1984
46.464420000000004,-114.212949,1983,2169,46.077133682354756,-117.30483637249861,1947,242176.6973830603,36,6727.130482862786,590,1947-1984
47.68420350645546,-114.05675465213967,1981,2170,46.11889677676176,-117.33375420296046,1947,304304.0868242233,34,8950.12020071245,589,1947-1984
45.016785,-114.337218,1983,2171,46.077133682354756,-117.30483637249861,1947,259969.9687583919,36,7221.388021066441,590,1947-1984
39.622125999999994,-121.006813,1988,2172,39.313945824598285,-120.83918668581283,1980,37131.834581009665,8,4641.479322626208,237,1985-2010
48.23107999999999,-117.38091000000001,1987,2173,48.03332203928021,-117.41647358688864,1963,22148.04369921878,24,922.8351541341158,898,1985-2010
44.32673,-118.96155,1979,2174,44.2794109487141,-118.9734505613018,1964,5343.071862720939,15,356.2047908480626,901,1947-1984
45.61145,-117.34398000000002,1982,2175,45.63882879025567,-117.26187827683833,1972,7089.01260360983,10,708.901260360983,633,1947-1984
45.374410000000005,-117.32247999999998,1982,2176,45.78085213778396,-117.56552128282557,1947,48994.451125880274,35,1399.8414607394363,662,1947-1984
44.21259,-119.16753,1982,2177,43.957273085377274,-119.017454283501,1947,30810.548197558852,35,880.3013770731101,598,1947-1984
44.22618,-118.86130000000001,1982,2178,44.22458115832618,-118.91864953845595,1965,4585.782581647076,17,269.75191656747506,604,1947-1984
42.70082292994374,-120.70567233297757,1986,2179,42.751220000000004,-120.88966000000002,1981,16075.388674980482,5,3215.0777349960963,2088,1985-2010
42.30861,-121.76630000000002,1979,2180,42.06813038684523,-121.30800102363325,1965,46333.05273146654,14,3309.5037665333243,724,1947-1984
42.30191,-120.58075,1979,2181,42.071079033852854,-120.57252448370306,1965,25648.991828899052,14,1832.070844921361,603,1947-1984
42.58470999999999,-122.61005,1984,2182,42.06813038684523,-121.30800102363325,1965,121697.54401557248,19,6405.133895556446,724,1947-1984
42.60016,-122.96488,1985,2183,42.73075000000001,-122.96395000000001,1983,14506.950002821211,2,7253.475001410606,1823,1985-2010
47.83894000000001,-120.96229000000001,1980,2184,47.78901564286486,-120.76347373732617,1972,15891.018203882637,8,1986.3772754853296,605,1947-1984
47.807299,-116.91280700000002,2009,2185,47.82263362882947,-117.27149800259964,1963,26917.04898173824,46,585.15323873344,894,1985-2010
44.37500000000001,-118.25,1980,2186,44.376756687404054,-118.35872842723688,1973,8667.646959121634,7,1238.2352798745192,965,1947-1984
47.54872699999999,-116.644101,1999,2187,47.733274950058345,-117.27644428963674,1964,51756.129738705444,35,1478.7465639630127,917,1985-2010
47.18333,-120.60000000000001,1985,2188,47.2362763277111,-120.4455249633221,1980,13099.667715362018,5,2619.9335430724036,1441,1985-2010
47.19534000000001,-116.31846999999999,2001,2189,47.17972360696943,-116.56092253229419,1983,18457.177137022645,18,1025.3987298345914,2041,1985-2010
48.671,-118.87411,1981,2190,48.873350266357924,-118.62359559633474,1963,29076.352747198267,18,1615.3529303999037,893,1947-1984
47.26451,-114.407341,1983,2191,47.066612839260124,-114.27696273900577,1979,24119.818610492668,4,6029.954652623167,44,1947-1984
42.615,-121.1388,1981,2192,42.06813038684523,-121.30800102363325,1965,62325.86094755203,16,3895.3663092220017,724,1947-1984
44.50667,-120.71,1987,2193,44.48351,-120.81683999999998,1982,8878.817387558187,5,1775.7634775116373,1930,1985-2010
40.47057700000001,-120.80941400000002,1980,2194,43.7432333036248,-119.74853432093256,1947,373942.4389168721,33,11331.589058087033,886,1947-1984
44.242534,-115.427687,2001,2195,44.199215,-115.50810899999999,1991,8029.167696017464,10,802.9167696017464,2019,1985-2010
47.99360999999999,-117.91055999999999,1999,2196,47.86965652604574,-117.70813425552758,1964,20463.31576507808,35,584.6661647165166,914,1985-2010
38.97757300000001,-120.103369,2004,2197,39.01303242224063,-120.48156230332248,1980,32999.30640256579,24,1374.971100106908,1,1985-2010
39.518337,-120.8455,2012,2198,39.313945824598285,-120.83918668581283,1980,22698.72234734764,32,709.3350733546138,237,2011-2025
44.64768,-118.69175,1981,2199,44.59740519150165,-118.60411507018722,1973,8920.942900538777,8,1115.1178625673472,962,1947-1984
45.0496253863841,-121.51411277931737,2017,2200,45.10381017927947,-121.51852875254986,1981,6031.764654915253,36,167.54901819209036,2251,2011-2025
47.76622,-120.59735,1981,2201,47.76443016515564,-120.6835835673169,1972,6467.403132543479,9,718.6003480603865,928,1947-1984
46.22471,-121.03097,1986,2202,46.28019999999999,-121.11538,1982,8967.185380168634,4,2241.7963450421585,1756,1985-2010
39.370008,-106.86152,1986,2203,45.78085213778396,-117.56552128282557,1947,1129406.5837673792,39,28959.14317352254,662,1985-2010
39.18683900000001,-105.280893,1990,2204,39.145226,-105.31663,1986,5557.12886496707,4,1389.2822162417674,2137,1985-2010
45.99131,-120.66882,1990,2205,45.997445410719344,-120.57081631101654,1981,7623.022857213363,9,847.0025396903736,2214,1985-2010
45.119891117699105,-121.44696953586995,1981,2206,43.8606351051261,-119.72827507829138,1947,195618.42932146866,34,5753.483215337314,888,1947-1984
48.5466257809671,-118.78425868507551,1987,2207,48.873350266357924,-118.62359559633474,1963,38208.668197507584,24,1592.027841562816,893,1985-2010
44.199265,-115.72901,1992,2208,44.37827032896586,-115.93545295854229,1981,25829.17269165284,11,2348.106608332076,478,1985-2010
47.922670000000004,-117.64359,1999,2209,47.86965652604574,-117.70813425552758,1964,7618.266970350734,35,217.66477058144952,914,1985-2010
46.08309500401837,-120.78932977787738,1981,2210,45.98008842236157,-117.82029663325027,1947,230131.708512806,34,6768.579662141354,585,1947-1984
48.41833,-118.65277999999999,1981,2211,48.31753514213836,-118.8081582905261,1973,16067.32913522428,8,2008.416141903035,950,1947-1984
46.10226439,-120.90437750000001,1986,2212,46.08309500401837,-120.78932977787738,1981,9148.668932697223,5,1829.7337865394445,2210,1985-2010
48.5867,-118.16177,1981,2213,48.6310313661784,-118.06239480507979,1964,8832.059601467925,17,519.5329177334073,912,1947-1984
45.997445410719344,-120.57081631101654,1981,2214,45.98008842236157,-117.82029663325027,1947,213105.58434711234,34,6267.811304326833,585,1947-1984
43.24725,-121.65684000000002,1982,2215,43.7432333036248,-119.74853432093256,1947,163886.3646253052,35,4682.467560723006,886,1947-1984
51.09745950234808,-120.87727777809518,2002,2216,48.33597901136478,-120.25533908356135,1947,310396.01047509565,55,5643.563826819921,586,1985-2010
45.44672,-121.45119,1981,2217,43.8606351051261,-119.72827507829138,1947,223016.92516243985,34,6559.3213283070545,888,1947-1984
44.102281000000005,-115.65644499999999,1991,2218,44.37827032896586,-115.93545295854229,1981,37910.49756615561,10,3791.049756615561,478,1985-2010
48.80583,-117.58014000000001,1986,2219,48.59297857961717,-117.85711731960347,1963,31240.31352201587,23,1358.2745009572118,892,1985-2010
36.088696999999996,-118.659796,1998,2220,36.25377516466415,-118.67135027467765,1981,18346.905483343588,17,1079.2297343143287,80,1985-2010
48.55667,-119.13778000000002,1988,2221,48.59520187877708,-119.38755441990078,1973,18922.59150277281,15,1261.5061001848542,953,1985-2010
39.371334,-120.856032,1999,2222,39.313945824598285,-120.83918668581283,1980,6534.750301025699,19,343.9342263697736,237,1985-2010
44.14776,-119.2815,1981,2223,43.926464014023125,-119.37427193419819,1947,25688.697406899013,34,755.5499237323239,889,1947-1984
46.4396,-120.9683,2013,2224,46.413713894803,-121.0633366335499,1984,7851.360962577114,29,270.7365849164522,1875,2011-2025
42.74332999999999,-121.79667000000002,1992,2225,42.77011,-121.84852000000001,1982,5183.278337717791,10,518.3278337717791,2245,1985-2010
46.9844,-120.83629,1998,2226,47.03611,-120.95693999999999,1983,10826.661914061988,15,721.7774609374659,1847,1985-2010
37.55689200000001,-119.691907,2004,2227,37.500782859422756,-119.62436511896664,1984,8626.882043544336,20,431.34410217721677,235,1985-2010
48.82912,-117.65624999999999,2002,2228,48.80583,-117.58014000000001,1986,6160.336527311338,16,385.0210329569586,2219,1985-2010
47.93126896,-117.02869539999999,2011,2229,48.01736551058376,-117.25154796567936,1963,19196.08078067515,48,399.91834959739896,897,2011-2025
42.6053,-121.26590000000002,1981,2230,42.06813038684523,-121.30800102363325,1965,59769.497731243806,16,3735.593608202738,724,1947-1984
47.953889999999994,-118.08833,1999,2231,47.91876909980395,-118.2403771871162,1973,12012.954309558829,26,462.0367042138011,967,1985-2010
41.562471,-120.898168,1988,2232,42.071079033852854,-120.57252448370306,1965,62636.219380529285,23,2723.3138861099687,603,1985-2010
37.3720437,-105.1058817,1986,2233,43.957273085377274,-119.017454283501,1947,1382314.9018445115,39,35443.97184216696,598,1985-2010
38.927469,-105.425077,1986,2234,45.78085213778396,-117.56552128282557,1947,1254654.8133333037,39,32170.636239315478,662,1985-2010
48.06026,-117.72433000000001,1981,2235,48.01523595763584,-117.4918054816587,1963,18047.793838141668,18,1002.6552132300926,896,1947-1984
34.461977,-112.40325,2017,2236,34.4451348497108,-111.39587039502965,1994,92587.47122420001,23,4025.542227139131,1656,2011-2025
48.75833,-118.51249999999999,1987,2237,48.873350266357924,-118.62359559633474,1963,15171.610507330362,24,632.1504378054318,893,1985-2010
47.36667,-120.8,1981,2238,47.540460106023225,-120.58192677702856,1971,25372.6315813722,10,2537.2631581372198,924,1947-1984
45.2466804566175,-118.54651000180093,1997,2239,45.218560000000004,-118.59806000000002,1980,5114.07875350341,17,300.8281619707888,1983,1985-2010
48.51784,-117.71047999999999,1981,2240,48.54805166434038,-117.84298599135617,1964,10346.6431084662,17,608.6260652038941,916,1947-1984
44.6594454678287,-119.9394476029942,1979,2241,43.8606351051261,-119.72827507829138,1947,90349.22777830782,32,2823.4133680721193,888,1947-1984
42.5569,-123.18071,1985,2242,43.7432333036248,-119.74853432093256,1947,308692.77922786324,38,8123.494190206928,886,1985-2010
42.10569,-122.53292,1984,2243,42.06813038684523,-121.30800102363325,1965,101432.21768742069,19,5338.537773022142,724,1947-1984
42.498589999999986,-123.37684,1983,2244,43.7432333036248,-119.74853432093256,1947,326007.273294216,36,9055.757591506,886,1947-1984
42.77011,-121.84852000000001,1982,2245,42.06813038684523,-121.30800102363325,1965,89774.31064476147,17,5280.841802633027,724,1947-1984
42.7411,-121.90750000000001,1986,2246,42.79432149272537,-121.91407770188731,1981,5936.7415752878815,5,1187.3483150575762,1834,1985-2010
45.34819,-118.37679,1988,2247,45.43667667496863,-118.37861015060963,1972,9835.392883713646,16,614.7120552321029,649,1985-2010
45.048309999999994,-118.93058,1983,2248,43.957273085377274,-119.017454283501,1947,121434.93679356157,36,3373.1926887100435,598,1947-1984
45.25901500007952,-121.3893250515106,1981,2249,43.8606351051261,-119.72827507829138,1947,203858.32738535153,34,5995.833158392692,888,1947-1984
45.30952,-121.28698999999999,1983,2250,45.35747808577556,-121.3799676208672,1981,9029.315858132033,2,4514.657929066017,524,1947-1984
45.10381017927947,-121.51852875254986,1981,2251,43.8606351051261,-119.72827507829138,1947,198402.6273213957,34,5835.371391805756,888,1947-1984
39.257263,-120.814965,1993,2252,39.313945824598285,-120.83918668581283,1980,6630.894652462234,13,510.06881942017185,237,1985-2010
48.70449,-118.75903,1995,2253,48.64671150526198,-118.72443584570989,1983,6911.846981117864,12,575.9872484264887,279,1985-2010
41.562057999999986,-120.254446,1981,2254,42.071079033852854,-120.57252448370306,1965,62408.86751598752,16,3900.55421974922,603,1947-1984
40.28267558088739,-121.31013597912731,1988,2255,40.48021259677627,-121.5749429983102,1981,31413.110669268655,7,4487.587238466951,367,1985-2010
42.09995,-120.85138,1981,2256,42.071079033852854,-120.57252448370306,1965,23294.216044445246,16,1455.8885027778279,603,1947-1984
43.116760427156755,-121.6269049919066,1981,2257,43.7432333036248,-119.74853432093256,1947,167255.7771279946,34,4919.287562588077,886,1947-1984
46.59169,-115.78397,2001,2258,46.077133682354756,-117.30483637249861,1947,130318.78453590257,54,2413.3108247389364,590,1985-2010
38.30464,-120.396508,1980,2259,43.7432333036248,-119.74853432093256,1947,606427.8892585484,33,18376.602704804496,886,1947-1984
45.03111,-119.5875,1980,2260,43.926464014023125,-119.37427193419819,1947,123916.55765392748,33,3755.047201634166,889,1947-1984
48.375075363966424,-119.81679824105949,1981,2261,48.33475764342339,-120.16599244441281,1947,26264.93106352417,34,772.4979724565933,890,1947-1984
42.33196000000001,-120.46415000000002,1981,2262,42.071079033852854,-120.57252448370306,1965,30328.725915737734,16,1895.5453697336084,603,1947-1984
47.11603352769971,-120.92207710832211,1981,2263,48.33597901136478,-120.25533908356135,1947,144566.58762710931,34,4251.958459620862,586,1947-1984
47.39719,-120.92508,1981,2264,47.540460106023225,-120.58192677702856,1971,30380.31879115125,10,3038.031879115125,924,1947-1984
48.67074000000044,-117.48711999856512,1981,2265,48.59297857961717,-117.85711731960347,1963,28610.374532594706,18,1589.4652518108169,892,1947-1984
42.47986,-121.6923,1982,2266,42.06813038684523,-121.30800102363325,1965,55647.67139205858,17,3273.3924348269757,724,1947-1984
48.22546,-120.04191000000002,1981,2267,48.33475764342339,-120.16599244441281,1947,15248.606601698688,34,448.4884294617261,890,1947-1984
44.625,-118.25,1980,2268,43.957273085377274,-119.017454283501,1947,96212.38847095131,33,2915.5269233621607,598,1947-1984
44.46722,-120.26028,1987,2269,44.52708,-120.33644,1982,8996.464482713089,5,1799.2928965426177,2147,1985-2010
39.88937399999999,-120.56091000000002,1991,2270,39.60733459361616,-120.60000244076494,1981,31493.507510436346,10,3149.3507510436348,328,1985-2010
44.271789,-115.669077,1992,2271,44.37827032896586,-115.93545295854229,1981,24320.25985634096,11,2210.9327142128145,478,1985-2010
38.287829,-120.17311599999998,1980,2272,43.7432333036248,-119.74853432093256,1947,606895.4093383279,33,18390.76997994933,886,1947-1984
48.51419,-117.47665,1986,2273,48.54805166434038,-117.84298599135617,1964,27316.906927054195,22,1241.6775875933724,916,1985-2010
47.07703,-121.24812000000001,1982,2274,48.33597901136478,-120.25533908356135,1947,158566.14853742116,35,4530.461386783461,586,1947-1984
45.18967,-118.51588,1980,2275,45.78746290823576,-117.6802191182697,1947,93175.14106802357,33,2823.4891232734417,629,1947-1984
48.84484,-119.71449,1983,2276,48.881131722501415,-119.59029343510655,1972,9966.326336896575,11,906.0296669905977,933,1947-1984
48.87114001400829,-119.77168982551564,1998,2277,48.84484,-119.71449,1983,5115.80484802849,15,341.0536565352326,2276,1985-2010
42.3034,-120.8295,1981,2278,42.071079033852854,-120.57252448370306,1965,33414.861309770815,16,2088.428831860676,603,1947-1984
44.258610000000004,-121.68472,1981,2279,43.8606351051261,-119.72827507829138,1947,162874.67811915017,34,4790.431709386769,888,1947-1984
44.65108199,-115.6789039,1992,2280,44.37827032896586,-115.93545295854229,1981,36539.11150580893,11,3321.7374096189933,478,1985-2010
46.06396,-121.08936000000001,1986,2281,45.988580915469264,-120.95583981528786,1981,13306.9222532292,5,2661.38445064584,1964,1985-2010
42.35360000000001,-123.16083,1986,2282,42.38753504589611,-123.00025028293823,1983,13753.340659828904,3,4584.446886609635,105,1985-2010
38.929297,-120.484965,1981,2283,39.01303242224063,-120.48156230332248,1980,9300.558064203055,1,9300.558064203055,1,1947-1984
44.8889,-118.89036999999999,1980,2284,43.957273085377274,-119.017454283501,1947,104016.30468975031,33,3152.0092330227367,598,1947-1984
44.873950000000015,-118.68661,1983,2285,43.957273085377274,-119.017454283501,1947,105214.13180159619,36,2922.614772266561,598,1947-1984
44.958800000000004,-119.72200000000001,1980,2286,43.926464014023125,-119.37427193419819,1947,118006.44445507419,33,3575.9528622749754,889,1947-1984
45.08994,-119.32032,1980,2287,43.957273085377274,-119.017454283501,1947,128146.65113200752,33,3883.2318524850766,598,1947-1984
45.16481,-121.49217,1981,2288,43.8606351051261,-119.72827507829138,1947,201665.50396669656,34,5931.338351961664,888,1947-1984
45.193879999999986,-121.43041,1981,2289,43.8606351051261,-119.72827507829138,1947,200632.89711611051,34,5900.967562238545,888,1947-1984
44.2123,-119.28678999999998,1981,2290,43.926464014023125,-119.37427193419819,1947,32524.326809880236,34,956.5978473494188,889,1947-1984
42.39501,-122.14007000000001,1981,2291,42.06813038684523,-121.30800102363325,1965,77692.82866016487,16,4855.8017912603045,724,1947-1984
42.43824,-122.15906000000001,1981,2292,42.06813038684523,-121.30800102363325,1965,81377.95590798114,16,5086.1222442488215,724,1947-1984
42.72655,-122.10419000000002,1981,2293,42.06813038684523,-121.30800102363325,1965,98214.7641195187,16,6138.422757469919,724,1947-1984
44.55752,-121.72616,1981,2294,43.8606351051261,-119.72827507829138,1947,177457.39861789008,34,5219.335253467355,888,1947-1984
42.86738999999999,-120.85003,1982,2295,43.7432333036248,-119.74853432093256,1947,132116.4901010139,35,3774.7568600289683,886,1947-1984
42.94229000000001,-121.30209,1982,2296,43.7432333036248,-119.74853432093256,1947,154226.29508883602,35,4406.465573966743,886,1947-1984
43.086019999999984,-121.28029,1982,2297,43.7432333036248,-119.74853432093256,1947,143946.9912827907,35,4112.771179508306,886,1947-1984
42.983959999999996,-120.81031,1982,2298,43.7432333036248,-119.74853432093256,1947,120509.91230533533,35,3443.1403515810093,886,1947-1984
42.265269999999994,-123.35766,1983,2299,43.7432333036248,-119.74853432093256,1947,336932.6995160319,36,9359.241653223107,886,1947-1984
42.38174999999999,-123.55309999999999,1983,2300,43.7432333036248,-119.74853432093256,1947,344805.4594212234,36,9577.929428367315,886,1947-1984
42.10411,-123.49453,1984,2301,42.06813038684523,-121.30800102363325,1965,180950.3174454928,19,9523.700918183831,724,1947-1984
42.58586,-123.27912999999998,1986,2302,42.498589999999986,-123.37684,1983,12585.704300322706,3,4195.234766774235,2244,1985-2010
42.60094,-123.59283000000002,1983,2303,43.7432333036248,-119.74853432093256,1947,337326.4077140951,36,9370.177992058198,886,1947-1984
51.157507584749006,-120.89297725704739,2002,2304,48.33597901136478,-120.25533908356135,1947,317165.5753349155,55,5766.646824271191,586,1985-2010
46.92008,-116.42202,2002,2305,46.98836583580655,-116.42946559374555,1985,7612.460671653687,17,447.79180421492276,825,1985-2010
48.18422,-117.77209999999998,1981,2306,48.29283609738789,-117.8088187439268,1964,12381.709629249905,17,728.335860544112,915,1947-1984
43.34858,-121.67688,1982,2307,43.7432333036248,-119.74853432093256,1947,161886.51010031457,35,4625.328860008987,886,1947-1984
49.43359123475613,-119.0856903,2009,2308,48.980538116885945,-118.5120245172848,1964,65468.042021045716,45,1454.8453782454603,904,1985-2010
49.019246239174656,-117.5938588,2013,2309,48.93975999999999,-117.58931000000001,1991,8845.88157560447,22,402.0855261638395,1882,2011-2025
44.650747,-115.61444,1998,2310,44.65108199,-115.6789039,1992,5113.678474114533,6,852.2797456857555,2280,1985-2010
47.97083,-120.04000000000002,1981,2311,48.33475764342339,-120.16599244441281,1947,41537.947730470056,34,1221.704345013825,890,1947-1984
48.7117,-118.98239,1981,2312,48.873350266357924,-118.62359559633474,1963,31908.151792621877,18,1772.6750995901043,893,1947-1984
46.15801499999999,-116.65048699999998,2001,2313,46.077133682354756,-117.30483637249861,1947,51373.190255744885,54,951.3553751063868,590,1985-2010
48.51223,-120.29262,1988,2314,48.33597901136478,-120.25533908356135,1947,19792.13188487388,41,482.73492402131416,586,1985-2010
47.83897,-120.85578,1981,2315,47.78901564286486,-120.76347373732617,1972,8867.971090189578,9,985.3301211321753,605,1947-1984
39.149755999999996,-105.160926,1986,2316,45.78085213778396,-117.56552128282557,1947,1255968.399580313,39,32204.31793795674,662,1985-2010
47.04202313962384,-116.37184543397738,2001,2317,47.00280772730372,-116.34075483049394,1985,4959.146563403789,16,309.9466602127368,826,1985-2010
32.75166000000001,-110.046944,1995,2318,43.957273085377274,-119.017454283501,1947,1468287.0604433655,48,30589.313759236782,598,1985-2010
48.71642,-119.07233,1999,2319,48.7117,-118.98239,1981,6639.440660969336,18,368.8578144982964,2312,1985-2010
42.54639,-122.10583000000001,1981,2320,42.06813038684523,-121.30800102363325,1965,84553.89420588413,16,5284.618387867758,724,1947-1984
42.78315,-121.35948000000002,1982,2321,42.06813038684523,-121.30800102363325,1965,79538.39401227863,17,4678.729059545802,724,1947-1984
42.608,-121.04605000000001,1986,2322,42.615,-121.1388,1981,7650.020370526088,5,1530.0040741052176,2192,1985-2010
42.461751559910525,-120.73564059441354,1986,2323,42.392399999999995,-120.7484,1981,7774.912306558635,5,1554.9824613117269,2078,1985-2010
42.26439,-122.11934,1986,2324,42.31747000000695,-122.1983099967201,1981,8785.253506738838,5,1757.0507013477677,542,1985-2010
42.23527,-121.98264,1982,2325,42.06813038684523,-121.30800102363325,1965,58770.55350703439,17,3457.0913827667287,724,1947-1984
42.13348,-121.98264,1982,2326,42.06813038684523,-121.30800102363325,1965,56275.98821408617,17,3310.3522478874215,724,1947-1984
42.104890000000005,-122.27977000000001,1989,2327,42.10505000000001,-122.13943999999998,1982,11607.332141915096,7,1658.190305987871,2328,1985-2010
42.10505000000001,-122.13943999999998,1982,2328,42.06813038684523,-121.30800102363325,1965,68913.73137608447,17,4053.748904475557,724,1947-1984
42.0902,-121.96230000000001,1986,2329,42.13348,-121.98264,1982,5093.178933890831,4,1273.2947334727078,2326,1985-2010
47.766389999999994,-120.91923,1981,2330,47.78901564286486,-120.76347373732617,1972,11941.203526161593,9,1326.8003917957326,605,1947-1984
44.271601000000004,-115.52847,1992,2331,44.37827032896586,-115.93545295854229,1981,34559.98105853165,11,3141.816459866514,478,1985-2010
39.245753,-105.35434,1986,2332,45.78085213778396,-117.56552128282557,1947,1236314.694142945,39,31700.37677289603,662,1985-2010
43.943288,-115.478065,1991,2333,43.709374712261386,-115.31776812016155,1983,29012.622348126344,8,3626.577793515793,741,1985-2010
46.67278,-121.0311,2022,2334,46.712690849567274,-120.9048544077393,1982,10627.080453523631,40,265.6770113380908,2140,2011-2025
44.329669,-115.60908700000002,1992,2335,44.37827032896586,-115.93545295854229,1981,26574.955392451164,11,2415.9050356773787,478,1985-2010
46.30940048055398,-121.29280000000001,2007,2336,46.29478000000001,-121.36401,1986,5721.720854542924,21,272.4628978353773,1902,1985-2010
42.77997,-120.94848,1981,2337,43.7432333036248,-119.74853432093256,1947,144719.9956541945,34,4256.470460417485,886,1947-1984
51.033090000000016,-121.43594,2002,2338,50.894046656732165,-121.46404165858631,1999,15593.710937550302,3,5197.9036458501005,1295,1985-2010
48.240280000000006,-117.54667,1986,2339,48.29283609738789,-117.8088187439268,1964,20320.42073971689,22,923.6554881689495,915,1985-2010
50.47374685,-119.3683931,1999,2340,48.33475764342339,-120.16599244441281,1947,244830.85002416463,52,4708.285577387781,890,1985-2010
43.882110160114955,-119.26067012409625,1981,2341,43.926464014023125,-119.37427193419819,1947,10371.810522344567,34,305.05325065719313,889,1947-1984
48.54893,-117.59287000000002,1981,2342,48.54805166434038,-117.84298599135617,1964,18466.53853781027,17,1086.2669728123687,916,1947-1984
44.31627,-119.83080000000001,1989,2343,43.8606351051261,-119.72827507829138,1947,51288.90172720635,42,1221.1643268382463,888,1985-2010
