value,yhat,lb1,lb2,lb3,ub1,ub2,ub3,outcome,param
0,0.036843656986565845,0,0,0,0.2945625,0.106,0.03475,absent,host_trees
1,0.053422029603410824,0.00175,0.0075,0.02225,0.241,0.1075,0.05575,absent,host_trees
0,0.6888024942535876,0.4755,0.5265,0.598,0.9225,0.8525,0.7875,present,host_trees
1,0.98528289432813565,0.88985,0.9625,0.988,1,1,0.9995,present,host_trees
0,0.04504203201673236,0,0,0,0.218,0.13525,0.07675,absent,max_biomass
44.11669921875,0.04524740567935001,2.5e-4,5e-4,0.00125,0.21675,0.13375,0.07525,absent,max_biomass
88.2333984375,0.048207947872254846,0.00475,0.0095,0.0175,0.2268125,0.1065,0.05275,absent,max_biomass
132.35009765625,0.05149869278416861,0.00325,0.0075,0.01675,0.2305,0.1085,0.06,absent,max_biomass
176.466796875,0.06004231357091143,0.00275,0.0075,0.02125,0.24368749999999997,0.12725,0.07325,absent,max_biomass
220.58349609375,0.0740665674523369,0.00325,0.01225,0.033,0.2705,0.15675,0.09325,absent,max_biomass
264.7001953125,0.08201033706057437,0.00325,0.01275,0.035375,0.2851875,0.17975,0.1075,absent,max_biomass
308.81689453125,0.08415286380822139,0.00325,0.01275,0.0355,0.2905625,0.1875,0.1105,absent,max_biomass
352.93359375,0.08475080444051163,0.00325,0.01275,0.0355,0.2925625,0.19,0.112,absent,max_biomass
397.05029296875,0.08455763816265786,0.003,0.0125,0.0355,0.292,0.18875,0.11175,absent,max_biomass
441.1669921875,0.08478346472528357,0.00325,0.01275,0.035875,0.2925625,0.1885,0.11175,absent,max_biomass
485.28369140625,0.08568518220577588,0.0031875000000000002,0.013,0.0365,0.295,0.1905,0.11275,absent,max_biomass
529.400390625,0.08632145442844501,0.0035,0.01425,0.037125,0.2955,0.1905,0.11325,absent,max_biomass
573.51708984375,0.08700904995575577,0.00375,0.01525,0.0375,0.298,0.19175,0.11425,absent,max_biomass
617.6337890625,0.08745521277451532,0.004,0.016,0.03775,0.2988125,0.19225,0.114875,absent,max_biomass
661.75048828125,0.08748662617649426,0.004,0.016,0.03775,0.29893749999999997,0.19225,0.114875,absent,max_biomass
705.8671875,0.08745316145121068,0.00425,0.016,0.03775,0.298,0.192,0.115,absent,max_biomass
749.98388671875,0.08742665513635267,0.00425,0.01625,0.03775,0.29725,0.19175,0.11525,absent,max_biomass
794.1005859375,0.0874858619580082,0.00425,0.01625,0.03775,0.29675,0.19175,0.11525,absent,max_biomass
838.21728515625,0.08750275520875231,0.00425,0.01625,0.03775,0.2963125,0.19175,0.11525,absent,max_biomass
882.333984375,0.0875301866301987,0.00425,0.01625,0.03775,0.2960625,0.19175,0.1155,absent,max_biomass
926.45068359375,0.08758227415332635,0.0045,0.01625,0.03775,0.29581250000000003,0.19175,0.1155,absent,max_biomass
970.5673828125,0.08772234735741292,0.00475,0.0165,0.038,0.29575,0.19175,0.1155,absent,max_biomass
1014.68408203125,0.08781879977475666,0.00475,0.01675,0.038,0.29575,0.192,0.1155,absent,max_biomass
1058.80078125,0.08827320810876035,0.007,0.01725,0.03825,0.29575,0.1925,0.11625,absent,max_biomass
1102.91748046875,0.09196361917786179,0.01325,0.0245,0.042,0.29575,0.19475,0.1215,absent,max_biomass
1147.0341796875,0.09231391279864853,0.01325,0.02525,0.04225,0.29575,0.19475,0.122,absent,max_biomass
1191.15087890625,0.09225050277531976,0.01325,0.025,0.04225,0.29575,0.19475,0.122,absent,max_biomass
1235.267578125,0.09226081972488134,0.01325,0.025,0.04225,0.29575,0.19475,0.122,absent,max_biomass
1279.38427734375,0.09222651033706057,0.01325,0.025,0.04225,0.29575,0.19475,0.122,absent,max_biomass
1323.5009765625,0.0922720617810313,0.01325,0.025,0.04225,0.29575,0.19475,0.122,absent,max_biomass
1367.61767578125,0.09234969029040303,0.01325,0.02525,0.04225,0.29575,0.195,0.12225,absent,max_biomass
1411.734375,0.0924246641460864,0.01325,0.02525,0.04225,0.29581250000000003,0.195,0.12225,absent,max_biomass
1455.85107421875,0.0924548507762851,0.0134375,0.02525,0.04225,0.29581250000000003,0.195,0.12225,absent,max_biomass
1499.9677734375,0.09249796878770815,0.0134375,0.02525,0.04225,0.29581250000000003,0.195,0.1225,absent,max_biomass
1544.08447265625,0.09265565923899928,0.0134375,0.02525,0.0425,0.29581250000000003,0.1955,0.123,absent,max_biomass
1588.201171875,0.09276313249135226,0.0134375,0.02525,0.0425,0.29581250000000003,0.1955,0.12325,absent,max_biomass
1632.31787109375,0.09278054862842892,0.0134375,0.02525,0.0425,0.29581250000000003,0.1955,0.12325,absent,max_biomass
1676.4345703125,0.09280120263856488,0.0134375,0.02525,0.0425,0.29581250000000003,0.1955,0.1235,absent,max_biomass
1720.55126953125,0.09279522966776606,0.0134375,0.02525,0.0425,0.29581250000000003,0.1955,0.123375,absent,max_biomass
1764.66796875,0.09279522966776606,0.0134375,0.02525,0.0425,0.29581250000000003,0.1955,0.123375,absent,max_biomass
1808.78466796875,0.09280828171506716,0.0134375,0.02525,0.0425,0.29581250000000003,0.1955,0.1235,absent,max_biomass
1852.9013671875,0.09280828171506716,0.0134375,0.02525,0.0425,0.29581250000000003,0.1955,0.1235,absent,max_biomass
1897.01806640625,0.09280828171506716,0.0134375,0.02525,0.0425,0.29581250000000003,0.1955,0.1235,absent,max_biomass
1941.134765625,0.09280828171506716,0.0134375,0.02525,0.0425,0.29581250000000003,0.1955,0.1235,absent,max_biomass
1985.25146484375,0.09281387257662296,0.0134375,0.02525,0.0425,0.29581250000000003,0.1955,0.1235,absent,max_biomass
2029.3681640625,0.09281387257662296,0.0134375,0.02525,0.0425,0.29581250000000003,0.1955,0.1235,absent,max_biomass
2073.48486328125,0.09281387257662296,0.0134375,0.02525,0.0425,0.29581250000000003,0.1955,0.1235,absent,max_biomass
2117.6015625,0.09281387257662296,0.0134375,0.02525,0.0425,0.29581250000000003,0.1955,0.1235,absent,max_biomass
2161.71826171875,0.09281387257662296,0.0134375,0.02525,0.0425,0.29581250000000003,0.1955,0.1235,absent,max_biomass
2205.8349609375,0.09281387257662296,0.0134375,0.02525,0.0425,0.29581250000000003,0.1955,0.1235,absent,max_biomass
0,0.5549422407902094,0.42375,0.46,0.4945,0.805,0.6815,0.596,present,max_biomass
44.11669921875,0.5554978101509598,0.425,0.4615,0.495,0.80775,0.6815,0.59625,present,max_biomass
88.2333984375,0.886768761259862,0.70075,0.74475,0.825,0.998,0.97425,0.95475,present,max_biomass
132.35009765625,0.9315426942908617,0.7381,0.80075,0.8915,0.99975,0.99825,0.99325,present,max_biomass
176.466796875,0.951645151270423,0.76875,0.83775,0.9345,1,0.99975,0.998,present,max_biomass
220.58349609375,0.9625851556190594,0.80675,0.881,0.953,1,0.9995,0.998,present,max_biomass
264.7001953125,0.9648510902652668,0.814,0.8924000000000001,0.95625,1,0.9995,0.99775,present,max_biomass
308.81689453125,0.9665853264583463,0.8246,0.90375,0.95675,1,0.9995,0.99775,present,max_biomass
352.93359375,0.9657984562340809,0.82575,0.905,0.955,0.99975,0.999,0.99725,present,max_biomass
397.05029296875,0.9642607007516929,0.8291,0.90675,0.951,0.99975,0.9985,0.99625,present,max_biomass
441.1669921875,0.963738988631422,0.82935,0.90975,0.95,0.999,0.998,0.99525,present,max_biomass
485.28369140625,0.9619305615953284,0.8286,0.90625,0.951,0.99775,0.99475,0.9905,present,max_biomass
529.400390625,0.9549249860222402,0.82575,0.9005,0.94425,0.99625,0.992,0.98175,present,max_biomass
573.51708984375,0.9545186059514196,0.82425,0.89675,0.944,0.9985,0.99325,0.9825,present,max_biomass
617.6337890625,0.9541823165807294,0.82285,0.89525,0.94325,0.999,0.9935,0.9825,present,max_biomass
661.75048828125,0.9496359104180904,0.81925,0.8886499999999999,0.938,0.99925,0.9905,0.97875,present,max_biomass
705.8671875,0.9437365968814064,0.8145,0.88425,0.9315,0.99925,0.9855,0.972,present,max_biomass
749.98388671875,0.9381354134310741,0.8095,0.881,0.9255,0.999,0.98325,0.965,present,max_biomass
794.1005859375,0.9373415698577374,0.80775,0.88,0.9245,0.999,0.9825,0.96425,present,max_biomass
838.21728515625,0.9368673665900479,0.80675,0.87925,0.924,0.99875,0.98225,0.96375,present,max_biomass
882.333984375,0.9366061377896503,0.80675,0.87925,0.9235,0.9985,0.982,0.9635,present,max_biomass
926.45068359375,0.9360818164875443,0.805,0.878,0.923,0.99825,0.98175,0.96325,present,max_biomass
970.5673828125,0.9359435143194385,0.804,0.87765,0.92275,0.998,0.98175,0.963,present,max_biomass
1014.68408203125,0.9358448158041871,0.80375,0.8775,0.92275,0.9976500000000001,0.9815,0.963,present,max_biomass
1058.80078125,0.9358685003416786,0.804,0.8775,0.92275,0.99775,0.9815,0.963,present,max_biomass
1102.91748046875,0.9359174535627757,0.80425,0.8775,0.92275,0.99775,0.98175,0.96325,present,max_biomass
1147.0341796875,0.9359240231098962,0.80435,0.8775,0.92275,0.99775,0.98175,0.96325,present,max_biomass
1191.15087890625,0.935921165434553,0.80435,0.8775,0.92275,0.99775,0.98175,0.96325,present,max_biomass
1235.267578125,0.9359247996521091,0.80435,0.8775,0.92275,0.99775,0.98175,0.96325,present,max_biomass
1279.38427734375,0.9359292414735665,0.8042,0.8775,0.92275,0.99775,0.98175,0.96325,present,max_biomass
1323.5009765625,0.9359269584394607,0.8042,0.8775,0.92275,0.9975,0.98175,0.96325,present,max_biomass
1367.61767578125,0.935944275330807,0.80435,0.8775,0.92275,0.9975,0.98175,0.96325,present,max_biomass
1411.734375,0.9359362148226378,0.80435,0.8774,0.92275,0.9975,0.98175,0.96325,present,max_biomass
1455.85107421875,0.9359478318941418,0.8046,0.8775,0.92275,0.9975,0.98175,0.96325,present,max_biomass
1499.9677734375,0.9356580884636888,0.804,0.8771500000000001,0.9225,0.9959,0.98125,0.963,present,max_biomass
1544.08447265625,0.9356217462881282,0.804,0.8771500000000001,0.9225,0.9955,0.98125,0.963,present,max_biomass
1588.201171875,0.9355888364291484,0.804,0.877,0.9225,0.99525,0.98125,0.963,present,max_biomass
1632.31787109375,0.9353498477977262,0.804,0.87675,0.9225,0.993,0.981,0.96275,present,max_biomass
1676.4345703125,0.9353322202894949,0.80375,0.87675,0.9225,0.99275,0.981,0.96275,present,max_biomass
1720.55126953125,0.9351540349133378,0.80375,0.8765,0.9225,0.991,0.98075,0.96275,present,max_biomass
1764.66796875,0.9351540349133378,0.80375,0.8765,0.9225,0.991,0.98075,0.96275,present,max_biomass
1808.78466796875,0.9352115145679318,0.80375,0.8765,0.9225,0.9915,0.98075,0.96275,present,max_biomass
1852.9013671875,0.9352115145679318,0.80375,0.8765,0.9225,0.9915,0.98075,0.96275,present,max_biomass
1897.01806640625,0.9352115145679318,0.80375,0.8765,0.9225,0.9915,0.98075,0.96275,present,max_biomass
1941.134765625,0.9352115145679318,0.80375,0.8765,0.9225,0.9915,0.98075,0.96275,present,max_biomass
1985.25146484375,0.9352116232838418,0.80375,0.8765,0.9225,0.9915,0.98075,0.96275,present,max_biomass
2029.3681640625,0.9352116232838418,0.80375,0.8765,0.9225,0.9915,0.98075,0.96275,present,max_biomass
2073.48486328125,0.9352116232838418,0.80375,0.8765,0.9225,0.9915,0.98075,0.96275,present,max_biomass
2117.6015625,0.9352116232838418,0.80375,0.8765,0.9225,0.9915,0.98075,0.96275,present,max_biomass
2161.71826171875,0.9352116232838418,0.80375,0.8765,0.9225,0.9915,0.98075,0.96275,present,max_biomass
2205.8349609375,0.9352116232838418,0.80375,0.8765,0.9225,0.9915,0.98075,0.96275,present,max_biomass
0,0.03640115437213418,0,0,0,0.222375,0.11425,0.04675,absent,mean_cover
1.97280353200883,0.03758313892687636,0,0,5e-4,0.2285,0.1165,0.04775,absent,mean_cover
3.94560706401766,0.03913180757782962,0,2.5e-4,7.5e-4,0.23725,0.1205,0.0505,absent,mean_cover
5.91841059602649,0.04110200305687395,0,5e-4,0.0015,0.25168749999999995,0.12325,0.0505,absent,mean_cover
7.89121412803532,0.04229122757622074,2.5e-4,0.00125,0.003,0.25787499999999997,0.122,0.04925,absent,mean_cover
9.86401766004415,0.042866402542032014,2.5e-4,0.0015,0.0035,0.26025,0.12175,0.04975,absent,mean_cover
11.836821192053,0.04744660526104095,0.002,0.00625,0.0115,0.25337499999999996,0.12025,0.0525,absent,mean_cover
13.8096247240618,0.049414588528678305,0.00225,0.00725,0.01375,0.25125,0.122,0.056,absent,mean_cover
15.7824282560706,0.05316183331992599,0.003,0.0085,0.018,0.23556249999999998,0.1235,0.06175,absent,mean_cover
17.7552317880795,0.05456793500120666,0.003,0.00875,0.01925,0.23762499999999998,0.12475,0.064,absent,mean_cover
19.7280353200883,0.05550366020432789,0.00325,0.009,0.01975,0.2365,0.12625,0.06525,absent,mean_cover
21.7008388520971,0.05794722870243745,0.00375,0.0095,0.02125,0.2468125,0.12975,0.06775,absent,mean_cover
23.673642384106,0.05982296275440432,0.004,0.01,0.02275,0.248875,0.132,0.07025,absent,mean_cover
25.6464459161148,0.061165493524253885,0.0045,0.01025,0.02325,0.25525,0.1345,0.0715,absent,mean_cover
27.6192494481236,0.06150002011101279,0.0045,0.01,0.0235,0.25525,0.13525,0.07175,absent,mean_cover
29.5920529801324,0.06357386774997989,0.0045,0.0105,0.0245,0.26256250000000003,0.1385,0.074,absent,mean_cover
31.5648565121413,0.06465602123722951,0.00475,0.01075,0.02525,0.2650625,0.14075,0.07525,absent,mean_cover
33.5376600441501,0.06600983428525461,0.005,0.01125,0.0265,0.2665,0.142,0.076625,absent,mean_cover
35.5104635761589,0.06756153969913925,0.005,0.01175,0.02775,0.26849999999999996,0.1435,0.07825,absent,mean_cover
37.4832671081678,0.06835735258627625,0.00475,0.01175,0.02825,0.272,0.14475,0.07925,absent,mean_cover
39.4560706401766,0.06919928002574209,0.0045,0.012,0.029,0.2738125,0.1465,0.08,absent,mean_cover
41.4288741721854,0.0735201311238034,0.0045,0.0135,0.03425,0.28075,0.14975,0.084,absent,mean_cover
43.4016777041942,0.07434862440672513,0.00425,0.01325,0.03475,0.2846875,0.151,0.08525,absent,mean_cover
45.3744812362031,0.07476932668329177,0.004,0.01275,0.03525,0.2855625,0.1515,0.086,absent,mean_cover
47.3472847682119,0.07543095889308986,0.0035,0.0125,0.03575,0.28612499999999996,0.15225,0.087,absent,mean_cover
49.3200883002207,0.07575303676293138,0.00325,0.01225,0.03625,0.2866875,0.15275,0.08725,absent,mean_cover
51.2928918322296,0.07601878368594643,0.0035,0.01225,0.036625,0.287,0.15325,0.08775,absent,mean_cover
53.2656953642384,0.07610093717319605,0.0035,0.012,0.03675,0.2865625,0.15325,0.08775,absent,mean_cover
55.2384988962472,0.07609564797683212,0.00325,0.012,0.03675,0.2870625,0.153,0.08775,absent,mean_cover
57.2113024282561,0.07691899284047944,0.00325,0.012,0.03725,0.2885,0.1545,0.08875,absent,mean_cover
59.1841059602649,0.07945553455071996,0.0035,0.0125,0.04025,0.2895,0.15625,0.092375,absent,mean_cover
61.1569094922737,0.07934283243504142,0.003,0.0115,0.04075,0.28775,0.15425,0.0925,absent,mean_cover
63.1297130242825,0.07965220014479929,0.00275,0.01125,0.041,0.28825,0.15375,0.093125,absent,mean_cover
65.1025165562914,0.08079939264741372,0.0025,0.01075,0.04225,0.28812499999999996,0.154,0.09475,absent,mean_cover
67.0753200883002,0.08111501488214946,0.0025,0.01,0.0425,0.28725,0.15275,0.09575,absent,mean_cover
69.048123620309,0.08104907087120906,0.00225,0.0095,0.0425,0.287,0.15225,0.09575,absent,mean_cover
71.0209271523179,0.08087191295953665,0.00225,0.00925,0.04225,0.2865,0.15175,0.0955,absent,mean_cover
72.9937306843267,0.08085837824792856,0.00225,0.0095,0.042375,0.28562499999999996,0.152,0.0955,absent,mean_cover
74.9665342163355,0.08065527712975626,0.002,0.009,0.04225,0.285,0.151,0.0955,absent,mean_cover
76.9393377483444,0.08058937334084144,0.002,0.009,0.04225,0.2850625,0.15125,0.0955,absent,mean_cover
78.9121412803532,0.08050611374788834,0.002,0.009,0.04225,0.2844375,0.15175,0.09525,absent,mean_cover
80.884944812362,0.08050609363687555,0.002,0.009,0.04225,0.28631249999999997,0.1515,0.09525,absent,mean_cover
82.8577483443708,0.08039306974499236,0.00175,0.00875,0.04225,0.28625,0.15125,0.095,absent,mean_cover
84.8305518763797,0.08007664306974499,0.00175,0.0085,0.042,0.2850625,0.15,0.09475,absent,mean_cover
86.8033554083885,0.08002174000482663,0.00175,0.0085,0.042,0.2874375,0.15,0.094625,absent,mean_cover
88.7761589403973,0.08002535998712895,0.00175,0.0085,0.042,0.28731249999999997,0.15,0.09475,absent,mean_cover
90.7489624724062,0.08001997023570107,0.00175,0.00875,0.04225,0.28612499999999996,0.15,0.09475,absent,mean_cover
92.721766004415,0.08008215348724962,0.00175,0.00875,0.04225,0.28562499999999996,0.14975,0.09475,absent,mean_cover
94.6945695364238,0.08010196283484836,0.002,0.00875,0.04225,0.2860625,0.15,0.09475,absent,mean_cover
96.6673730684327,0.08002178022685223,0.002,0.00875,0.04225,0.28481249999999997,0.14975,0.09475,absent,mean_cover
98.6401766004415,0.08001707424985922,0.002,0.00875,0.04225,0.28481249999999997,0.14975,0.09475,absent,mean_cover
0,0.45689769832888116,0.19,0.2985,0.34,0.82915,0.74175,0.5475,present,mean_cover
1.97280353200883,0.4684605205938995,0.19325,0.30375,0.3485,0.855,0.75975,0.56125,present,mean_cover
3.94560706401766,0.5327745076722371,0.23735,0.35475,0.42325,0.92775,0.7843499999999999,0.62,present,mean_cover
5.91841059602649,0.6204165372429645,0.25985,0.389,0.54025,0.9535,0.8385,0.707,present,mean_cover
7.89121412803532,0.6955361092128968,0.277,0.416,0.63125,0.9765,0.8945,0.7975,present,mean_cover
9.86401766004415,0.7156769118469279,0.285,0.4215,0.654,0.9845,0.9065,0.82325,present,mean_cover
11.836821192053,0.7620943188171709,0.31335,0.45725,0.71325,0.99125,0.933,0.87425,present,mean_cover
13.8096247240618,0.7799078399701808,0.3281,0.47425,0.73325,0.9925,0.93975,0.89125,present,mean_cover
15.7824282560706,0.8412549077467851,0.4061,0.55925,0.8055,0.9985,0.9755,0.943,present,mean_cover
17.7552317880795,0.8455292290488912,0.41535,0.56225,0.81025,0.9985,0.9775,0.94575,present,mean_cover
19.7280353200883,0.8531455550723738,0.45935,0.5734,0.8195,0.99875,0.97925,0.949,present,mean_cover
21.7008388520971,0.883659424116295,0.58075,0.641,0.84975,0.99825,0.986,0.96625,present,mean_cover
23.673642384106,0.8953202149468845,0.59625,0.65515,0.86375,0.99925,0.99225,0.97825,present,mean_cover
25.6464459161148,0.9072478101509599,0.61675,0.6795,0.882,0.9995,0.995,0.985,present,mean_cover
27.6192494481236,0.9219457041684785,0.65425,0.713,0.8975,0.99975,0.9985,0.99425,present,mean_cover
29.5920529801324,0.9366227713238492,0.7156,0.77025,0.916,1,0.99875,0.9955,present,mean_cover
31.5648565121413,0.9409776977076474,0.73225,0.7866500000000001,0.923,1,0.999,0.996,present,mean_cover
33.5376600441501,0.9442127415046282,0.7425,0.7994,0.92575,1,0.99925,0.99675,present,mean_cover
35.5104635761589,0.9488957414425049,0.7621,0.8155,0.93275,1,0.9995,0.997,present,mean_cover
37.4832671081678,0.9524336056408026,0.77325,0.829,0.938,1,0.9995,0.9975,present,mean_cover
39.4560706401766,0.9574758961297136,0.79035,0.854,0.944,1,0.9995,0.99775,present,mean_cover
41.4288741721854,0.9637405261850034,0.81395,0.87775,0.95425,1,0.9995,0.998,present,mean_cover
43.4016777041942,0.9663170621855004,0.822,0.887,0.958,1,0.9995,0.99825,present,mean_cover
45.3744812362031,0.9670726532894328,0.82325,0.8895,0.95875,1,0.9995,0.99825,present,mean_cover
47.3472847682119,0.9691877213145307,0.8266,0.90075,0.962,1,0.99975,0.9985,present,mean_cover
49.3200883002207,0.9702593650990867,0.8291,0.90575,0.9635,1,0.99975,0.9985,present,mean_cover
51.2928918322296,0.9705186836056408,0.8306,0.9075,0.9635,1,0.99975,0.9985,present,mean_cover
53.2656953642384,0.9708416630428031,0.83135,0.9125,0.96425,1,0.99975,0.99825,present,mean_cover
55.2384988962472,0.9709087407591477,0.83325,0.91525,0.96475,1,0.99975,0.99825,present,mean_cover
57.2113024282561,0.9734219419767659,0.8415,0.929,0.96825,1,0.9995,0.998,present,mean_cover
59.1841059602649,0.9740921600298191,0.83925,0.93675,0.96975,1,0.9995,0.998,present,mean_cover
61.1569094922737,0.9722440827483382,0.83135,0.9239000000000002,0.968,1,0.9995,0.998,present,mean_cover
63.1297130242825,0.9713224047959247,0.82475,0.91675,0.968,1,0.9995,0.99825,present,mean_cover
65.1025165562914,0.9701822233956638,0.8189500000000001,0.9125,0.9675,1,0.9995,0.998,present,mean_cover
67.0753200883002,0.9674018140026092,0.79935,0.8989,0.96525,1,0.9995,0.998,present,mean_cover
69.048123620309,0.9637855345716593,0.771,0.88675,0.9615,1,0.9995,0.9975,present,mean_cover
71.0209271523179,0.9630338106479469,0.7684500000000001,0.8835,0.9605,1,0.9995,0.9975,present,mean_cover
72.9937306843267,0.9621065105299125,0.76275,0.8791500000000001,0.95925,1,0.99925,0.9975,present,mean_cover
74.9665342163355,0.959704743119836,0.755,0.87275,0.95575,1,0.999,0.99675,present,mean_cover
76.9393377483444,0.9581092905510343,0.75235,0.8696500000000001,0.953,1,0.999,0.99625,present,mean_cover
78.9121412803532,0.9557707336770827,0.75085,0.86525,0.94925,0.99975,0.9985,0.99475,present,mean_cover
80.884944812362,0.9544161645027023,0.7461,0.86175,0.94725,0.99975,0.9985,0.99475,present,mean_cover
82.8577483443708,0.9513216437845561,0.73625,0.857,0.94275,0.99975,0.998,0.9935,present,mean_cover
84.8305518763797,0.9440691433186308,0.72325,0.84175,0.9275,0.99975,0.99725,0.9915,present,mean_cover
86.8033554083885,0.9320501646269491,0.7131000000000001,0.81475,0.902,0.99925,0.99575,0.986,present,mean_cover
88.7761589403973,0.9246711964962415,0.708,0.80425,0.89225,0.99825,0.993,0.981,present,mean_cover
90.7489624724062,0.9207000528048706,0.70685,0.79625,0.885,0.9975,0.99125,0.97875,present,mean_cover
92.721766004415,0.917040473380133,0.7056,0.79275,0.88075,0.996,0.988,0.9755,present,mean_cover
94.6945695364238,0.9116410200658508,0.704,0.79,0.8765,0.993,0.98275,0.969,present,mean_cover
96.6673730684327,0.9062870721252407,0.7035,0.7886500000000001,0.87375,0.98975,0.97375,0.96025,present,mean_cover
98.6401766004415,0.9060706498105237,0.7033500000000001,0.7885,0.87375,0.989,0.9735,0.96,present,mean_cover
0,0.039858197248813454,0,0,0,0.23887499999999998,0.1245,0.0505,absent,mean_biomass
10.2127602415106,0.03484840318558443,0,5e-4,0.00175,0.21775,0.10575,0.0395,absent,mean_biomass
20.4255204830212,0.034421667605180596,0.0015,0.00325,0.00575,0.2135625,0.096,0.03525,absent,mean_biomass
30.6382807245317,0.04106147936610088,0.003,0.007,0.0125,0.2125625,0.09525,0.04475,absent,mean_biomass
40.8510409660423,0.04717729868876197,0.00275,0.009,0.02,0.21268749999999997,0.09975,0.0525,absent,mean_biomass
51.0638012075529,0.05402815541790685,0.00275,0.009,0.027,0.2158125,0.10825,0.0605,absent,mean_biomass
61.2765614490635,0.057977696886815214,0.00275,0.00875,0.03075,0.222875,0.111,0.06575,absent,mean_biomass
71.4893216905741,0.06606343013434157,0.00225,0.00825,0.036,0.23431249999999998,0.11725,0.077375,absent,mean_biomass
81.7020819320846,0.07320627865819322,0.00225,0.00875,0.04075,0.23812499999999998,0.12475,0.0875,absent,mean_biomass
91.9148421735952,0.08301884401898478,0.002,0.00925,0.0455,0.24925,0.13825,0.10025,absent,mean_biomass
102.127602415106,0.0855896951170461,0.002,0.0095,0.047,0.253,0.143,0.10375,absent,mean_biomass
112.340362656616,0.0861857855361596,0.00225,0.01025,0.04775,0.2545625,0.144,0.104,absent,mean_biomass
122.553122898127,0.08761809186710642,0.0025,0.01175,0.05,0.25725,0.146,0.105,absent,mean_biomass
132.765883139638,0.08956467701713458,0.00275,0.01475,0.054,0.259625,0.1485,0.1065,absent,mean_biomass
142.978643381148,0.09196044163784087,0.00275,0.02175,0.0585,0.26225,0.151,0.108,absent,mean_biomass
153.191403622659,0.09301785857935806,0.003,0.0255,0.06025,0.26275,0.15175,0.10875,absent,mean_biomass
163.404163864169,0.09392979245434799,0.00325,0.02825,0.061875,0.2635,0.1525,0.1095,absent,mean_biomass
173.61692410568,0.0941506515968144,0.0035,0.02925,0.06275,0.2626875,0.1525,0.1095,absent,mean_biomass
183.82968434719,0.09471784249054782,0.00325,0.03075,0.063875,0.26325,0.153,0.11025,absent,mean_biomass
194.042444588701,0.09577091545330223,0.0035,0.033,0.0655,0.26375,0.15375,0.1115,absent,mean_biomass
204.255204830212,0.09631560212372295,0.0036875,0.03425,0.06625,0.2635,0.154,0.112,absent,mean_biomass
214.467965071722,0.09683870967741935,0.00375,0.03475,0.06675,0.26375,0.15525,0.11325,absent,mean_biomass
224.680725313233,0.0972196122596734,0.004,0.03575,0.0675,0.2635,0.15575,0.1135,absent,mean_biomass
234.893485554743,0.09743097900410265,0.004,0.0365,0.06775,0.2638125,0.15575,0.1135,absent,mean_biomass
245.106245796254,0.09745923497707344,0.004,0.03675,0.068,0.2638125,0.15575,0.11375,absent,mean_biomass
255.319006037764,0.09733836779020191,0.00375,0.037,0.068,0.26175,0.1555,0.1135,absent,mean_biomass
265.531766279275,0.0972005269085351,0.00375,0.0375,0.068,0.2600625,0.15525,0.1135,absent,mean_biomass
275.744526520786,0.09710162094763092,0.00375,0.0375,0.06825,0.25875,0.15475,0.1135,absent,mean_biomass
285.957286762296,0.09711966052610409,0.00375,0.038,0.068375,0.2580625,0.15475,0.1135,absent,mean_biomass
296.170047003807,0.0970622636955997,0.00375,0.038,0.0685,0.2575,0.15425,0.1135,absent,mean_biomass
306.382807245317,0.09703638082213821,0.00375,0.03775,0.0685,0.2575,0.15425,0.1135,absent,mean_biomass
316.595567486828,0.09712736304400289,0.00375,0.038,0.0685,0.25756249999999997,0.1545,0.1135,absent,mean_biomass
326.808327728339,0.09718912396428284,0.00375,0.03775,0.06875,0.25775,0.1545,0.11375,absent,mean_biomass
337.021087969849,0.09727895985841847,0.00375,0.03825,0.06875,0.2578125,0.15475,0.11375,absent,mean_biomass
347.23384821136,0.0972780548628429,0.00375,0.03825,0.06875,0.2578125,0.15475,0.11375,absent,mean_biomass
357.44660845287,0.0972763253157429,0.00375,0.03825,0.06875,0.2578125,0.15475,0.11375,absent,mean_biomass
367.659368694381,0.09729078513393934,0.00375,0.03825,0.06875,0.2578125,0.15475,0.11375,absent,mean_biomass
377.872128935891,0.09730108197248813,0.00375,0.03825,0.06875,0.258,0.15475,0.11375,absent,mean_biomass
388.084889177402,0.09730084064033465,0.00375,0.03825,0.06875,0.258,0.15475,0.11375,absent,mean_biomass
398.297649418913,0.0973009210843858,0.00375,0.03825,0.06875,0.258,0.15475,0.11375,absent,mean_biomass
408.510409660423,0.0973191215509613,0.00375,0.0385,0.06875,0.258,0.15475,0.11375,absent,mean_biomass
418.723169901934,0.0973242498592229,0.00375,0.0385,0.06875,0.2580625,0.15475,0.11375,absent,mean_biomass
428.935930143444,0.09732778939747405,0.00375,0.0385,0.06875,0.2580625,0.15475,0.11375,absent,mean_biomass
439.148690384955,0.09732951894457405,0.00375,0.0385,0.06875,0.2580625,0.15475,0.11375,absent,mean_biomass
449.361450626466,0.09732694473493685,0.00375,0.0385,0.06875,0.2580625,0.15475,0.11375,absent,mean_biomass
459.574210867976,0.09733195237712172,0.00375,0.0385,0.06875,0.2580625,0.15475,0.11375,absent,mean_biomass
469.786971109487,0.09733126860268683,0.00375,0.0385,0.06875,0.258,0.15475,0.11375,absent,mean_biomass
479.999731350997,0.0973311479366101,0.00375,0.0385,0.06875,0.258,0.15475,0.11375,absent,mean_biomass
490.212491592508,0.0973311479366101,0.00375,0.0385,0.06875,0.258,0.15475,0.11375,absent,mean_biomass
500.425251834018,0.09733165071192985,0.00375,0.0385,0.06875,0.258,0.15475,0.11375,absent,mean_biomass
510.638012075529,0.09733790523690773,0.00375,0.0385,0.06875,0.258,0.15475,0.11375,absent,mean_biomass
0,0.7461900975337019,0.52725,0.61175,0.70375,0.90425,0.8445,0.80275,present,mean_biomass
10.2127602415106,0.8571160775299745,0.56135,0.6565,0.78575,0.99375,0.97425,0.9445,present,mean_biomass
20.4255204830212,0.894315400385165,0.58985,0.7134,0.8315,0.998,0.99075,0.97625,present,mean_biomass
30.6382807245317,0.9070453500652296,0.6035,0.7285,0.84775,0.9995,0.997,0.9885,present,mean_biomass
40.8510409660423,0.9115659750264025,0.61,0.73425,0.855,0.99975,0.9985,0.99225,present,mean_biomass
51.0638012075529,0.9167032676896316,0.6315999999999999,0.744,0.86725,1,0.99875,0.99375,present,mean_biomass
61.2765614490635,0.9270365751382246,0.7116,0.76825,0.88375,0.99975,0.99825,0.99425,present,mean_biomass
71.4893216905741,0.9508938466795055,0.79235,0.858,0.9235,1,0.999,0.99525,present,mean_biomass
81.7020819320846,0.9577931602161893,0.81535,0.87775,0.937,1,0.99925,0.99625,present,mean_biomass
91.9148421735952,0.9621098496614275,0.8271,0.8915,0.946,1,0.99925,0.9965,present,mean_biomass
102.127602415106,0.9625963533577686,0.8296,0.89625,0.947,1,0.99925,0.997,present,mean_biomass
112.340362656616,0.9630554295831522,0.8311,0.898,0.948,1,0.9995,0.997,present,mean_biomass
122.553122898127,0.9638396440330497,0.83185,0.9011500000000001,0.94975,1,0.99925,0.99675,present,mean_biomass
132.765883139638,0.9653355128284774,0.83425,0.90675,0.952,1,0.99925,0.997,present,mean_biomass
142.978643381148,0.9661280362800523,0.8365,0.91075,0.95325,1,0.99925,0.997,present,mean_biomass
153.191403622659,0.9663566969000436,0.83735,0.91375,0.95325,1,0.999,0.99675,present,mean_biomass
163.404163864169,0.9660294154190221,0.843,0.91575,0.953,0.9995,0.9985,0.99525,present,mean_biomass
173.61692410568,0.9650093029757097,0.8426,0.91625,0.95175,0.9995,0.998,0.9945,present,mean_biomass
183.82968434719,0.9653279182456358,0.84235,0.918,0.9525,0.9995,0.99775,0.99425,present,mean_biomass
194.042444588701,0.9653959899360129,0.84,0.919,0.9545,0.998,0.996,0.99225,present,mean_biomass
204.255204830212,0.9619274709573213,0.8388500000000001,0.91525,0.95225,0.99575,0.992,0.98725,present,mean_biomass
214.467965071722,0.9412748182891222,0.833,0.90375,0.93225,0.9945,0.97875,0.963,present,mean_biomass
224.680725313233,0.9384439647139219,0.83125,0.90075,0.92825,0.99475,0.97725,0.96075,present,mean_biomass
234.893485554743,0.9373218301546872,0.8291,0.89875,0.9265,0.99825,0.9755,0.95975,present,mean_biomass
245.106245796254,0.9292460862272472,0.8235,0.89075,0.91675,0.999,0.96725,0.95025,present,mean_biomass
255.319006037764,0.9128074641237498,0.807,0.8695,0.89425,0.99925,0.96225,0.93475,present,mean_biomass
265.531766279275,0.9036673759085544,0.788,0.85525,0.8835,0.999,0.959,0.92725,present,mean_biomass
275.744526520786,0.8941214201403989,0.7715,0.84425,0.87025,0.999,0.95625,0.9215,present,mean_biomass
285.957286762296,0.8896023482636516,0.7601,0.83775,0.86525,0.99825,0.9555,0.91925,present,mean_biomass
296.170047003807,0.8845353792632168,0.74475,0.82975,0.8605,0.9965,0.95175,0.91675,present,mean_biomass
306.382807245317,0.880797369074983,0.73625,0.82425,0.857,0.995,0.9485,0.9145,present,mean_biomass
316.595567486828,0.8773812511648134,0.73,0.82015,0.8535,0.99275,0.945,0.91175,present,mean_biomass
326.808327728339,0.8750010405665652,0.726,0.81725,0.85125,0.9905,0.94275,0.91025,present,mean_biomass
337.021087969849,0.8745032459464497,0.7256,0.8165,0.8505,0.9905,0.9425999999999999,0.91,present,mean_biomass
347.23384821136,0.8743377182083618,0.7245,0.8164,0.8505,0.99025,0.9425,0.91,present,mean_biomass
357.44660845287,0.8742931912778779,0.7242,0.81625,0.8505,0.99025,0.9425,0.91,present,mean_biomass
367.659368694381,0.8742692893085668,0.7241,0.81625,0.8505,0.9901500000000001,0.9425,0.91,present,mean_biomass
377.872128935891,0.8741122103497546,0.7235,0.816,0.8505,0.99,0.94225,0.91,present,mean_biomass
388.084889177402,0.8740561905945208,0.7233499999999999,0.816,0.8505,0.98975,0.94225,0.90975,present,mean_biomass
398.297649418913,0.8740558178542586,0.7233499999999999,0.816,0.8505,0.98975,0.94225,0.90975,present,mean_biomass
408.510409660423,0.8740499471951295,0.72325,0.816,0.8505,0.98975,0.942,0.90975,present,mean_biomass
418.723169901934,0.8740738957569734,0.7233499999999999,0.816,0.8505,0.98975,0.942,0.90975,present,mean_biomass
428.935930143444,0.8740916941044916,0.7235,0.816,0.8505,0.98975,0.9420999999999999,0.90975,present,mean_biomass
439.148690384955,0.873936230353482,0.7231,0.81575,0.85025,0.9895,0.942,0.90975,present,mean_biomass
449.361450626466,0.8738227154128099,0.72275,0.81575,0.85025,0.98925,0.9415,0.90975,present,mean_biomass
459.574210867976,0.8737914052307882,0.7226,0.81575,0.85025,0.98925,0.9415,0.90975,present,mean_biomass
469.786971109487,0.8737567869789401,0.7225,0.8155,0.85025,0.989,0.9415,0.90975,present,mean_biomass
479.999731350997,0.8737481207678449,0.7225,0.8155,0.85025,0.98875,0.9415,0.90975,present,mean_biomass
490.212491592508,0.8737481207678449,0.7225,0.8155,0.85025,0.98875,0.9415,0.90975,present,mean_biomass
500.425251834018,0.8737481518295335,0.7225,0.8155,0.85025,0.98875,0.9415,0.90975,present,mean_biomass
510.638012075529,0.8737482605454432,0.7225,0.8155,0.85025,0.98875,0.9415,0.90975,present,mean_biomass
0,0.04824567613225002,0,0,0,0.2575,0.14,0.07075,absent,Temperate or sub-polar needleleaf forest
0.02,0.03991967661491433,2.5e-4,0.00125,0.00425,0.2433125,0.114,0.04775,absent,Temperate or sub-polar needleleaf forest
0.04,0.03886724720456922,2.5e-4,0.00125,0.00425,0.24125,0.111,0.045125,absent,Temperate or sub-polar needleleaf forest
0.06,0.0386209275199099,5e-4,0.00125,0.00425,0.24031249999999998,0.11,0.0445,absent,Temperate or sub-polar needleleaf forest
0.08,0.038277873863727774,5e-4,0.0015,0.00425,0.23987499999999998,0.10875,0.04325,absent,Temperate or sub-polar needleleaf forest
0.1,0.03819246239240608,5e-4,0.0015,0.0045,0.23906249999999998,0.10825,0.04275,absent,Temperate or sub-polar needleleaf forest
0.12,0.03809860429571233,5e-4,0.0015,0.0045,0.239,0.1075,0.0425,absent,Temperate or sub-polar needleleaf forest
0.14,0.037864069664548305,5e-4,0.0015,0.0045,0.23881249999999998,0.10675,0.041375,absent,Temperate or sub-polar needleleaf forest
0.16,0.037485419515726814,5e-4,0.0015,0.0045,0.238625,0.10575,0.04025,absent,Temperate or sub-polar needleleaf forest
0.18,0.03734721663582978,5e-4,0.0015,0.00475,0.23825,0.105,0.03975,absent,Temperate or sub-polar needleleaf forest
0.2,0.03720625854718044,5e-4,0.00175,0.00475,0.23831249999999998,0.105,0.03925,absent,Temperate or sub-polar needleleaf forest
0.22,0.037265143592631327,5e-4,0.00175,0.005,0.23925,0.105,0.03925,absent,Temperate or sub-polar needleleaf forest
0.24,0.03749919555948837,7.5e-4,0.00175,0.00525,0.23906249999999998,0.10525,0.03925,absent,Temperate or sub-polar needleleaf forest
0.26,0.0379681039337141,7.5e-4,0.00225,0.00575,0.23987499999999998,0.106,0.03975,absent,Temperate or sub-polar needleleaf forest
0.28,0.037844340761000725,7.5e-4,0.00225,0.00575,0.24075,0.1055,0.039,absent,Temperate or sub-polar needleleaf forest
0.3,0.037877483710079644,0.001,0.0025,0.006,0.24025,0.1055,0.03875,absent,Temperate or sub-polar needleleaf forest
0.32,0.03786585954468667,0.001,0.0025,0.00625,0.23981249999999998,0.105,0.0385,absent,Temperate or sub-polar needleleaf forest
0.34,0.03786608076582737,0.001,0.0025,0.00625,0.23956249999999998,0.10475,0.0385,absent,Temperate or sub-polar needleleaf forest
0.36,0.039402421365939994,0.00125,0.00375,0.008,0.239,0.105,0.03925,absent,Temperate or sub-polar needleleaf forest
0.38,0.03963311479366101,0.00125,0.00375,0.00825,0.23806249999999998,0.105,0.039,absent,Temperate or sub-polar needleleaf forest
0.4,0.04009590941999839,0.0015,0.00425,0.00925,0.23756249999999998,0.10475,0.03925,absent,Temperate or sub-polar needleleaf forest
0.42,0.04144288472367469,0.00175,0.00475,0.0105,0.23781249999999998,0.105,0.0405,absent,Temperate or sub-polar needleleaf forest
0.44,0.043781111736787066,0.00225,0.00625,0.0125,0.23787499999999998,0.105,0.044,absent,Temperate or sub-polar needleleaf forest
0.46,0.043307859383798566,0.002,0.006,0.012,0.23675,0.10475,0.0435,absent,Temperate or sub-polar needleleaf forest
0.48,0.04324396669616282,0.002,0.006,0.012,0.2365,0.1045,0.04325,absent,Temperate or sub-polar needleleaf forest
0.5,0.04349784812163141,0.002,0.00625,0.0125,0.237,0.105,0.0435,absent,Temperate or sub-polar needleleaf forest
0.52,0.043990004826643066,0.00225,0.0065,0.01275,0.23731249999999998,0.10525,0.045,absent,Temperate or sub-polar needleleaf forest
0.54,0.04397268924463036,0.00225,0.0065,0.01275,0.23606249999999998,0.10525,0.0455,absent,Temperate or sub-polar needleleaf forest
0.56,0.04385697047703323,0.00225,0.00625,0.01275,0.2345625,0.10475,0.04575,absent,Temperate or sub-polar needleleaf forest
0.58,0.044500341887217444,0.00225,0.0065,0.01325,0.23393750000000002,0.105,0.04775,absent,Temperate or sub-polar needleleaf forest
0.6,0.045056210280749735,0.00225,0.00675,0.01375,0.2338125,0.105,0.049,absent,Temperate or sub-polar needleleaf forest
0.62,0.04519276405759794,0.00225,0.00675,0.01375,0.23331250000000003,0.1045,0.05025,absent,Temperate or sub-polar needleleaf forest
0.64,0.045541187354195156,0.00225,0.00675,0.014,0.2330625,0.104,0.05175,absent,Temperate or sub-polar needleleaf forest
0.66,0.04635837824792856,0.0025,0.007,0.0145,0.2313125,0.10525,0.05425,absent,Temperate or sub-polar needleleaf forest
0.68,0.046405076019628344,0.00225,0.007,0.01475,0.23225,0.10525,0.0545,absent,Temperate or sub-polar needleleaf forest
0.7,0.04710512026385649,0.00225,0.0075,0.01525,0.2318125,0.10625,0.056,absent,Temperate or sub-polar needleleaf forest
0.72,0.04767096371973293,0.0025,0.00775,0.0155,0.231,0.107,0.05675,absent,Temperate or sub-polar needleleaf forest
0.74,0.04795277934196766,0.0025,0.00825,0.016,0.229,0.10675,0.05775,absent,Temperate or sub-polar needleleaf forest
0.76,0.048575798407207785,0.0025,0.00875,0.017,0.22875,0.107,0.058875,absent,Temperate or sub-polar needleleaf forest
0.78,0.048252674764701145,0.0025,0.00825,0.01625,0.22775,0.10675,0.05875,absent,Temperate or sub-polar needleleaf forest
0.8,0.048312806692945055,0.0024375,0.00825,0.01625,0.227625,0.107,0.05875,absent,Temperate or sub-polar needleleaf forest
0.82,0.048445398600273505,0.0025,0.00825,0.0165,0.22825,0.1075,0.059,absent,Temperate or sub-polar needleleaf forest
0.84,0.04890857533585391,0.0025,0.00825,0.01675,0.22737500000000002,0.108,0.05975,absent,Temperate or sub-polar needleleaf forest
0.86,0.04913044002895986,0.0025,0.00825,0.01675,0.2296875,0.1085,0.06,absent,Temperate or sub-polar needleleaf forest
0.88,0.04929714021398117,0.0025,0.0085,0.01675,0.2305,0.10825,0.06025,absent,Temperate or sub-polar needleleaf forest
0.9,0.049702538009814175,0.0025,0.0085,0.01725,0.2325625,0.10825,0.06075,absent,Temperate or sub-polar needleleaf forest
0.92,0.049798568095889305,0.0025,0.0085,0.017,0.2325625,0.1085,0.061,absent,Temperate or sub-polar needleleaf forest
0.94,0.050052570187434635,0.003,0.009,0.01725,0.233,0.1095,0.06125,absent,Temperate or sub-polar needleleaf forest
0.96,0.05067935001206661,0.003,0.00925,0.01775,0.23337500000000003,0.11,0.062,absent,Temperate or sub-polar needleleaf forest
0.98,0.05105614994771136,0.0035,0.01,0.01825,0.2330625,0.1105,0.06225,absent,Temperate or sub-polar needleleaf forest
1,0.05101536481377202,0.00375,0.01025,0.0185,0.2300625,0.11075,0.06275,absent,Temperate or sub-polar needleleaf forest
0,0.7174623377026774,0.585,0.61075,0.64575,0.93025,0.84975,0.78125,present,Temperate or sub-polar needleleaf forest
0.02,0.9154013325464372,0.7255,0.78425,0.88275,0.99725,0.987,0.9705,present,Temperate or sub-polar needleleaf forest
0.04,0.9294499596198049,0.7365,0.8005,0.9035,0.999,0.99425,0.9815,present,Temperate or sub-polar needleleaf forest
0.06,0.9366121016338449,0.73935,0.80625,0.9125,0.99975,0.99675,0.9885,present,Temperate or sub-polar needleleaf forest
0.08,0.9427544262906131,0.74085,0.80725,0.917,0.99975,0.999,0.99625,present,Temperate or sub-polar needleleaf forest
0.1,0.9437803162079891,0.74185,0.80825,0.91875,1,0.99925,0.997,present,Temperate or sub-polar needleleaf forest
0.12,0.9447545971299,0.74375,0.8105,0.91925,1,0.9995,0.9975,present,Temperate or sub-polar needleleaf forest
0.14,0.9454525066782631,0.74535,0.81225,0.92,1,0.9995,0.9975,present,Temperate or sub-polar needleleaf forest
0.16,0.9462880816301175,0.748,0.8154000000000001,0.92175,1,0.9995,0.99775,present,Temperate or sub-polar needleleaf forest
0.18,0.9474284338696651,0.75795,0.81975,0.924,1,0.9995,0.99775,present,Temperate or sub-polar needleleaf forest
0.2,0.9502780797664161,0.7635,0.83025,0.92875,1,0.9995,0.99775,present,Temperate or sub-polar needleleaf forest
0.22,0.9525142883767161,0.7671,0.839,0.933,1,0.9995,0.998,present,Temperate or sub-polar needleleaf forest
0.24,0.9540929210411878,0.7691,0.84625,0.9365,1,0.9995,0.998,present,Temperate or sub-polar needleleaf forest
0.26,0.9592218270485183,0.7805,0.8651500000000001,0.9495,1,0.9995,0.998,present,Temperate or sub-polar needleleaf forest
0.28,0.9609284649313538,0.783,0.87025,0.95175,1,0.99975,0.99825,present,Temperate or sub-polar needleleaf forest
0.3,0.9613085202211592,0.7846,0.8715,0.9525,1,0.99975,0.99825,present,Temperate or sub-polar needleleaf forest
0.32,0.9614421165434552,0.78625,0.8724000000000001,0.9525,1,0.9995,0.99825,present,Temperate or sub-polar needleleaf forest
0.34,0.9620695937131143,0.7891,0.87625,0.953,1,0.9995,0.99825,present,Temperate or sub-polar needleleaf forest
0.36,0.9628596632912965,0.7925,0.87825,0.954,1,0.9995,0.998,present,Temperate or sub-polar needleleaf forest
0.38,0.963778017643039,0.7947,0.883,0.954,1,0.9995,0.998,present,Temperate or sub-polar needleleaf forest
0.4,0.9653233055848917,0.8,0.88925,0.95825,1,0.9995,0.998,present,Temperate or sub-polar needleleaf forest
0.42,0.967203174504566,0.80475,0.8954,0.9625,1,0.9995,0.998,present,Temperate or sub-polar needleleaf forest
0.44,0.9673995309685035,0.8091000000000002,0.8966500000000001,0.9625,1,0.9995,0.998,present,Temperate or sub-polar needleleaf forest
0.46,0.967376157047897,0.80975,0.8975,0.962,1,0.9995,0.99775,present,Temperate or sub-polar needleleaf forest
0.48,0.967671895384233,0.813,0.89825,0.9615,1,0.9995,0.99775,present,Temperate or sub-polar needleleaf forest
0.5,0.9678223116108592,0.81585,0.8999000000000001,0.96125,1,0.99925,0.9975,present,Temperate or sub-polar needleleaf forest
0.52,0.9688600826240915,0.8255,0.90965,0.9615,0.9999000000000001,0.999,0.997,present,Temperate or sub-polar needleleaf forest
0.54,0.9687309436540971,0.8281,0.91025,0.9615,0.99975,0.99875,0.9965,present,Temperate or sub-polar needleleaf forest
0.56,0.9683313505622166,0.8296,0.911,0.96125,0.99975,0.99875,0.99625,present,Temperate or sub-polar needleleaf forest
0.58,0.9674786606199913,0.83125,0.91175,0.96125,0.99975,0.998,0.99375,present,Temperate or sub-polar needleleaf forest
0.6,0.9676762750823135,0.83235,0.91275,0.96225,0.99975,0.998,0.99375,present,Temperate or sub-polar needleleaf forest
0.62,0.9660287320618749,0.833,0.9115,0.96075,0.99925,0.99725,0.9925,present,Temperate or sub-polar needleleaf forest
0.64,0.9657260980306889,0.8328500000000001,0.91175,0.9605,0.9995,0.9975,0.9925,present,Temperate or sub-polar needleleaf forest
0.66,0.9648618997328694,0.83225,0.91225,0.959,0.9995,0.99725,0.992,present,Temperate or sub-polar needleleaf forest
0.68,0.9630570913834876,0.83135,0.91,0.95475,0.99925,0.997,0.99125,present,Temperate or sub-polar needleleaf forest
0.7,0.9622303224203268,0.8315,0.9095,0.9535,0.9991500000000001,0.9965,0.9905,present,Temperate or sub-polar needleleaf forest
0.72,0.9598485276759644,0.8276,0.90625,0.94925,0.99865,0.99575,0.98925,present,Temperate or sub-polar needleleaf forest
0.74,0.9547595980617507,0.81975,0.896,0.941,0.998,0.994,0.9865,present,Temperate or sub-polar needleleaf forest
0.76,0.9520278157420637,0.8146,0.8911500000000001,0.93625,0.99775,0.99325,0.98525,present,Temperate or sub-polar needleleaf forest
0.78,0.9505952196061378,0.8125,0.8895,0.933,0.99775,0.9925,0.98475,present,Temperate or sub-polar needleleaf forest
0.8,0.949459340249736,0.8111,0.888,0.93075,0.99775,0.99225,0.9845,present,Temperate or sub-polar needleleaf forest
0.82,0.9473632819780082,0.80975,0.8855,0.92775,0.997,0.9915,0.983,present,Temperate or sub-polar needleleaf forest
0.84,0.9429015033857241,0.80425,0.87925,0.9225,0.9955,0.98925,0.979,present,Temperate or sub-polar needleleaf forest
0.86,0.9409886003603156,0.8,0.87225,0.919,0.99625,0.99025,0.97875,present,Temperate or sub-polar needleleaf forest
0.88,0.9386883114866124,0.7988500000000001,0.86975,0.915,0.996,0.99,0.97725,present,Temperate or sub-polar needleleaf forest
0.9,0.934297136112319,0.79525,0.86325,0.906,0.998,0.989,0.9745,present,Temperate or sub-polar needleleaf forest
0.92,0.9323815773125427,0.7931,0.8599000000000001,0.903,0.998,0.9885,0.9735,present,Temperate or sub-polar needleleaf forest
0.94,0.9243912530285145,0.78935,0.85025,0.8905,0.99875,0.98725,0.9695,present,Temperate or sub-polar needleleaf forest
0.96,0.918799916133441,0.78575,0.844,0.88225,0.9985,0.98625,0.9665,present,Temperate or sub-polar needleleaf forest
0.98,0.9084242250108716,0.77985,0.83225,0.868,0.99725,0.97875,0.95675,present,Temperate or sub-polar needleleaf forest
1,0.8573195005280487,0.768,0.8066500000000001,0.8295,0.97725,0.9415,0.874,present,Temperate or sub-polar needleleaf forest
0.062476111539766,0.05214387418550399,0,0,2.5e-4,0.2899375,0.162,0.07725,absent,sum_tp_lag
0.137206690936971,0.05214387418550399,0,0,2.5e-4,0.2899375,0.162,0.07725,absent,sum_tp_lag
0.211937270334175,0.05214387418550399,0,0,2.5e-4,0.2899375,0.162,0.07725,absent,sum_tp_lag
0.28666784973138,0.05202423377041268,0,0,0,0.29125,0.1625,0.07725,absent,sum_tp_lag
0.361398429128585,0.05207461185745314,0,0,2.5e-4,0.29375,0.16275,0.077,absent,sum_tp_lag
0.436129008525789,0.053413864532217845,0,0,7.5e-4,0.3033125,0.1655,0.078,absent,sum_tp_lag
0.510859587922994,0.05305289196363929,0,5e-4,0.002,0.3000625,0.15925,0.07475,absent,sum_tp_lag
0.585590167320199,0.051770533344059205,2.5e-4,0.002,0.00575,0.2910625,0.1485,0.06675,absent,sum_tp_lag
0.660320746717403,0.0522031212291851,5e-4,0.0025,0.00675,0.2903125,0.1485,0.066,absent,sum_tp_lag
0.735051326114608,0.05046693749497225,0.001,0.00325,0.00725,0.289375,0.143,0.061,absent,sum_tp_lag
0.809781905511813,0.049099650068377444,0.0011875,0.0035,0.00725,0.2818125,0.14025,0.05775,absent,sum_tp_lag
0.884512484909017,0.04802071434317433,0.00125,0.004,0.00775,0.27375,0.136,0.055,absent,sum_tp_lag
0.959243064306222,0.04790791167243183,0.0015,0.00425,0.008,0.26925,0.13325,0.05525,absent,sum_tp_lag
1.03397364370343,0.04766253720537367,0.00175,0.00475,0.0085,0.2580625,0.13175,0.056625,absent,sum_tp_lag
1.10870422310063,0.04685968546375995,0.002,0.00475,0.0085,0.2475,0.12775,0.0575,absent,sum_tp_lag
1.18343480249784,0.046156141903306254,0.002,0.005,0.00875,0.2405625,0.1245,0.057,absent,sum_tp_lag
1.25816538189504,0.04568198455474218,0.002,0.005,0.00875,0.24025,0.12225,0.0565,absent,sum_tp_lag
1.33289596129225,0.0449978682326442,0.002,0.005,0.00875,0.23956249999999998,0.11975,0.05575,absent,sum_tp_lag
1.40762654068945,0.04433653768803797,0.00225,0.005,0.00875,0.23768749999999997,0.11725,0.05475,absent,sum_tp_lag
1.48235712008665,0.04567385970557477,0.0025,0.00525,0.00925,0.23675,0.12025,0.05775,absent,sum_tp_lag
1.55708769948386,0.04519145684176655,0.0025,0.00525,0.00925,0.2320625,0.11925,0.05675,absent,sum_tp_lag
1.63181827888106,0.047682145442844506,0.00325,0.006,0.00975,0.24293749999999997,0.129,0.0605,absent,sum_tp_lag
1.70654885827827,0.04958959456198214,0.0025,0.0055,0.00925,0.2528125,0.13925,0.06375,absent,sum_tp_lag
1.78127943767547,0.049425508808623606,0.002,0.00525,0.009,0.25287499999999996,0.13925,0.06375,absent,sum_tp_lag
1.85601001707268,0.04945995897353391,0.00175,0.00525,0.009,0.2514375,0.14,0.064,absent,sum_tp_lag
1.93074059646988,0.0492429611455233,0.002,0.00525,0.009,0.24925,0.13925,0.06375,absent,sum_tp_lag
2.00547117586709,0.04906522001447993,0.00175,0.00525,0.009,0.248375,0.13875,0.06375,absent,sum_tp_lag
2.08020175526429,0.049046737993725366,0.00175,0.00525,0.009,0.2483125,0.13875,0.06375,absent,sum_tp_lag
2.1549323346615,0.049038532700506794,0.00175,0.005,0.009,0.2483125,0.13875,0.06375,absent,sum_tp_lag
2.2296629140587,0.049034671386051,0.00175,0.005,0.009,0.2483125,0.13875,0.06375,absent,sum_tp_lag
2.30439349345591,0.04903197651033707,0.00175,0.005,0.009,0.2483125,0.13875,0.06375,absent,sum_tp_lag
2.37912407285311,0.04903135306894055,0.00175,0.005,0.009,0.2483125,0.13875,0.06375,absent,sum_tp_lag
2.45385465225032,0.04903708470758588,0.00175,0.005,0.009,0.2483125,0.13875,0.06375,absent,sum_tp_lag
2.52858523164752,0.04903756737189285,0.00175,0.005,0.009,0.2483125,0.13875,0.06375,absent,sum_tp_lag
2.60331581104472,0.04904993564475907,0.00175,0.005,0.009,0.2483125,0.13875,0.06375,absent,sum_tp_lag
2.67804639044193,0.04905291207465208,0.00175,0.00525,0.009,0.2483125,0.13875,0.06375,absent,sum_tp_lag
2.75277696983913,0.04905269085351138,0.00175,0.00525,0.009,0.2483125,0.13875,0.06375,absent,sum_tp_lag
2.82750754923634,0.04905269085351138,0.00175,0.00525,0.009,0.2483125,0.13875,0.06375,absent,sum_tp_lag
2.90223812863354,0.04905269085351138,0.00175,0.00525,0.009,0.2483125,0.13875,0.06375,absent,sum_tp_lag
2.97696870803075,0.04905261040946022,0.00175,0.00525,0.009,0.2483125,0.13875,0.06375,absent,sum_tp_lag
3.05169928742795,0.04905261040946022,0.00175,0.00525,0.009,0.2483125,0.13875,0.06375,absent,sum_tp_lag
3.12642986682516,0.04905261040946022,0.00175,0.00525,0.009,0.2483125,0.13875,0.06375,absent,sum_tp_lag
3.20116044622236,0.04905261040946022,0.00175,0.00525,0.009,0.2483125,0.13875,0.06375,absent,sum_tp_lag
3.27589102561957,0.04905261040946022,0.00175,0.00525,0.009,0.2483125,0.13875,0.06375,absent,sum_tp_lag
3.35062160501677,0.04905261040946022,0.00175,0.00525,0.009,0.2483125,0.13875,0.06375,absent,sum_tp_lag
3.42535218441398,0.04905261040946022,0.00175,0.00525,0.009,0.2483125,0.13875,0.06375,absent,sum_tp_lag
3.50008276381118,0.04905261040946022,0.00175,0.00525,0.009,0.2483125,0.13875,0.06375,absent,sum_tp_lag
3.57481334320839,0.04905261040946022,0.00175,0.00525,0.009,0.2483125,0.13875,0.06375,absent,sum_tp_lag
3.64954392260559,0.04905261040946022,0.00175,0.00525,0.009,0.2483125,0.13875,0.06375,absent,sum_tp_lag
3.7242745020028,0.04905261040946022,0.00175,0.00525,0.009,0.2483125,0.13875,0.06375,absent,sum_tp_lag
3.7990050814,0.04905261040946022,0.00175,0.00525,0.009,0.2483125,0.13875,0.06375,absent,sum_tp_lag
0.062476111539766,0.8156360191340001,0.7285,0.76225,0.78825,0.87875,0.86225,0.8465,present,sum_tp_lag
0.137206690936971,0.8156360191340001,0.7285,0.76225,0.78825,0.87875,0.86225,0.8465,present,sum_tp_lag
0.211937270334175,0.8156360191340001,0.7285,0.76225,0.78825,0.87875,0.86225,0.8465,present,sum_tp_lag
0.28666784973138,0.8174095949555817,0.72925,0.76275,0.789,0.883,0.865,0.84925,present,sum_tp_lag
0.361398429128585,0.8240227371559918,0.7311,0.76575,0.7925,0.89825,0.87575,0.85625,present,sum_tp_lag
0.436129008525789,0.8763570385786171,0.7555,0.80575,0.841,0.97175,0.94775,0.92,present,sum_tp_lag
0.510859587922994,0.9272752376219171,0.802,0.8575,0.8995,0.995,0.983,0.96675,present,sum_tp_lag
0.585590167320199,0.9599491054233709,0.8375,0.89575,0.9385,0.99975,0.9975,0.9935,present,sum_tp_lag
0.660320746717403,0.9662931912778779,0.8491,0.9055,0.949,0.99975,0.99925,0.99725,present,sum_tp_lag
0.735051326114608,0.9685325992420948,0.8525,0.91,0.95375,1,0.9995,0.99775,present,sum_tp_lag
0.809781905511813,0.9664242405417159,0.8475,0.91075,0.95225,1,0.999,0.996,present,sum_tp_lag
0.884512484909017,0.9593541964341181,0.8315,0.9019,0.93875,0.99975,0.9985,0.99275,present,sum_tp_lag
0.959243064306222,0.9524688917189539,0.8221,0.88975,0.92925,0.9995,0.99725,0.98875,present,sum_tp_lag
1.03397364370343,0.9185842703609369,0.7948500000000001,0.83875,0.8805,0.9955,0.98275,0.9645,present,sum_tp_lag
1.10870422310063,0.8728132105361247,0.7205,0.764,0.8145,0.99775,0.986,0.9345,present,sum_tp_lag
1.18343480249784,0.8323393644778531,0.6755,0.71625,0.75925,0.99925,0.98475,0.89825,present,sum_tp_lag
1.25816538189504,0.8150489221594086,0.66025,0.699,0.7385,0.99925,0.9815,0.88025,present,sum_tp_lag
1.33289596129225,0.8086990432999939,0.65435,0.69275,0.73125,0.99875,0.97675,0.87225,present,sum_tp_lag
1.40762654068945,0.8040761321985463,0.6515,0.68975,0.72775,0.99825,0.9665,0.86725,present,sum_tp_lag
1.48235712008665,0.7822972758899174,0.64075,0.67525,0.70975,0.99625,0.923,0.842,present,sum_tp_lag
1.55708769948386,0.7660251599676958,0.63125,0.6635,0.696,0.994,0.904,0.819,present,sum_tp_lag
1.63181827888106,0.7273873858482948,0.6041,0.63275,0.663,0.9635,0.8635,0.76775,present,sum_tp_lag
1.70654885827827,0.6862316270112444,0.56325,0.59175,0.62325,0.926,0.8150999999999999,0.72875,present,sum_tp_lag
1.78127943767547,0.6847174007579052,0.5616,0.59025,0.62225,0.9224000000000001,0.8135,0.72625,present,sum_tp_lag
1.85601001707268,0.6764831335031373,0.553,0.58275,0.61525,0.9,0.80175,0.7195,present,sum_tp_lag
1.93074059646988,0.6668274678511523,0.541,0.573,0.6065,0.8771500000000001,0.78975,0.712,present,sum_tp_lag
2.00547117586709,0.6624965676834192,0.53575,0.57025,0.60325,0.8673000000000002,0.7843499999999999,0.70825,present,sum_tp_lag
2.08020175526429,0.6618014226253339,0.53525,0.56975,0.6025,0.867,0.78425,0.70775,present,sum_tp_lag
2.1549323346615,0.6616925824687829,0.53525,0.5695,0.6025,0.86675,0.78425,0.7075,present,sum_tp_lag
2.2296629140587,0.6615322420326769,0.53475,0.56925,0.60225,0.86675,0.78425,0.7075,present,sum_tp_lag
2.30439349345591,0.6615183574579113,0.53475,0.56925,0.60225,0.86675,0.7841,0.7075,present,sum_tp_lag
2.37912407285311,0.6615101416412996,0.53475,0.56925,0.60225,0.86675,0.7841,0.7075,present,sum_tp_lag
2.45385465225032,0.6615123936137168,0.53475,0.56925,0.60225,0.86675,0.7841,0.7075,present,sum_tp_lag
2.52858523164752,0.6615124712679381,0.53475,0.56925,0.60225,0.86675,0.7841,0.7075,present,sum_tp_lag
2.60331581104472,0.661519662048829,0.53475,0.56925,0.60225,0.86675,0.7841,0.7075,present,sum_tp_lag
2.67804639044193,0.6615104988507176,0.53475,0.56925,0.60225,0.86675,0.7841,0.7075,present,sum_tp_lag
2.75277696983913,0.6615104677890291,0.53475,0.56925,0.60225,0.86675,0.7841,0.7075,present,sum_tp_lag
2.82750754923634,0.6615104677890291,0.53475,0.56925,0.60225,0.86675,0.7841,0.7075,present,sum_tp_lag
2.90223812863354,0.6615104677890291,0.53475,0.56925,0.60225,0.86675,0.7841,0.7075,present,sum_tp_lag
2.97696870803075,0.6615104522581847,0.53475,0.56925,0.60225,0.86675,0.7841,0.7075,present,sum_tp_lag
3.05169928742795,0.6615104522581847,0.53475,0.56925,0.60225,0.86675,0.7841,0.7075,present,sum_tp_lag
3.12642986682516,0.6615104522581847,0.53475,0.56925,0.60225,0.86675,0.7841,0.7075,present,sum_tp_lag
3.20116044622236,0.6615104522581847,0.53475,0.56925,0.60225,0.86675,0.7841,0.7075,present,sum_tp_lag
3.27589102561957,0.6615104522581847,0.53475,0.56925,0.60225,0.86675,0.7841,0.7075,present,sum_tp_lag
3.35062160501677,0.6615104522581847,0.53475,0.56925,0.60225,0.86675,0.7841,0.7075,present,sum_tp_lag
3.42535218441398,0.6615104522581847,0.53475,0.56925,0.60225,0.86675,0.7841,0.7075,present,sum_tp_lag
3.50008276381118,0.6615104522581847,0.53475,0.56925,0.60225,0.86675,0.7841,0.7075,present,sum_tp_lag
3.57481334320839,0.6615104522581847,0.53475,0.56925,0.60225,0.86675,0.7841,0.7075,present,sum_tp_lag
3.64954392260559,0.6615104522581847,0.53475,0.56925,0.60225,0.86675,0.7841,0.7075,present,sum_tp_lag
3.7242745020028,0.6615104522581847,0.53475,0.56925,0.60225,0.86675,0.7841,0.7075,present,sum_tp_lag
3.7990050814,0.6615104522581847,0.53475,0.56925,0.60225,0.86675,0.7841,0.7075,present,sum_tp_lag
-71,0.06606029281634623,0,0,0.00125,0.3011875,0.21175,0.111875,absent,elev2
13.86,0.06606029281634623,0,0,0.00125,0.3011875,0.21175,0.111875,absent,elev2
98.72,0.06580436006757301,0,0,0.001,0.30093749999999997,0.2115,0.111375,absent,elev2
183.58,0.0657945056713056,0,0,0.001,0.30093749999999997,0.2115,0.111375,absent,elev2
268.44,0.06585892124527391,0,0,0.001,0.30181250000000004,0.21175,0.111625,absent,elev2
353.3,0.06782143431743223,0,0,0.001,0.3205625,0.2175,0.113,absent,elev2
438.16,0.06781775400209154,0,0,0.00125,0.32175,0.218,0.1125,absent,elev2
523.02,0.0676637438661411,0,0,0.00125,0.3225625,0.2175,0.111875,absent,elev2
607.88,0.0665124286059046,0,0,0.00125,0.3218125,0.21325,0.109875,absent,elev2
692.74,0.0660250583219371,0,0,0.00125,0.31975,0.21175,0.10725,absent,elev2
777.6,0.06414296918992841,0,0,7.5e-4,0.31756249999999997,0.21025,0.105,absent,elev2
862.46,0.062329177057356605,0,0,5e-4,0.31375,0.2035,0.100875,absent,elev2
947.32,0.05784603008607513,0,0,7.5e-4,0.3030625,0.1885,0.08975,absent,elev2
1032.18,0.052030448073364974,0,0,5e-4,0.2814375,0.16775,0.07725,absent,elev2
1117.04,0.04929890998310675,0,0,5e-4,0.2710625,0.15675,0.07175,absent,elev2
1201.9,0.04562555305285174,0,0,5e-4,0.2630625,0.14225,0.063,absent,elev2
1286.76,0.04121906926232805,0,0,2.5e-4,0.25406249999999997,0.131,0.055,absent,elev2
1371.62,0.04009858418469954,0,0,2.5e-4,0.2541875,0.1265,0.05275,absent,elev2
1456.48,0.039220135146005954,0,0,2.5e-4,0.2493125,0.12275,0.0505,absent,elev2
1541.34,0.03823336819242217,0,0,2.5e-4,0.2473125,0.11925,0.048625,absent,elev2
1626.2,0.03700168932507441,0,0,2.5e-4,0.24725,0.11475,0.044625,absent,elev2
1711.06,0.0364308583380259,0,0,2.5e-4,0.2473125,0.113,0.04275,absent,elev2
1795.92,0.03618733408414448,0,0,2.5e-4,0.24687499999999998,0.111,0.04175,absent,elev2
1880.78,0.036051986968063714,0,0,5e-4,0.2465,0.10975,0.04175,absent,elev2
1965.64,0.035588025902984474,0,0,5e-4,0.24156249999999999,0.10825,0.04125,absent,elev2
2050.5,0.03545328211728743,0,0,7.5e-4,0.2435625,0.1075,0.03975,absent,elev2
2135.36,0.0363719934035878,0,2.5e-4,0.001,0.25356249999999997,0.1085,0.04,absent,elev2
2220.22,0.036779643632853354,0,5e-4,0.00175,0.2514375,0.10775,0.04025,absent,elev2
2305.08,0.039685202316788674,7.5e-4,0.0025,0.0055,0.2463125,0.1085,0.042625,absent,elev2
2389.94,0.04305102163944976,0.00175,0.0045,0.00925,0.2503125,0.11275,0.04575,absent,elev2
2474.8,0.04411171667605181,0.00225,0.0055,0.0105,0.251,0.114,0.04625,absent,elev2
2559.66,0.0511737993725364,0.004,0.01,0.019,0.25256249999999997,0.11525,0.05225,absent,elev2
2644.52,0.050326140294425226,0.00375,0.0095,0.01825,0.2495625,0.11425,0.05175,absent,elev2
2729.38,0.04934168610731236,0.0035,0.00925,0.018,0.2433125,0.112,0.051,absent,elev2
2814.24,0.049152099589735335,0.0035,0.00925,0.018,0.2414375,0.111,0.05075,absent,elev2
2899.1,0.048874024615879655,0.0035,0.00925,0.018,0.2384375,0.1105,0.05075,absent,elev2
2983.96,0.04880092108438581,0.0035,0.00925,0.018,0.23781249999999998,0.11,0.05075,absent,elev2
3068.82,0.04887969592148661,0.0035,0.0095,0.018,0.23731249999999998,0.11,0.051,absent,elev2
3153.68,0.048877503821092426,0.0035,0.0095,0.018,0.23725,0.11,0.051,absent,elev2
3238.54,0.04888965087281796,0.0035,0.0095,0.01825,0.23725,0.11,0.051,absent,elev2
3323.4,0.048966937494972246,0.0035,0.0095,0.01825,0.23725,0.11025,0.051,absent,elev2
3408.26,0.049055144397071836,0.00375,0.0095,0.01825,0.2375,0.11075,0.05125,absent,elev2
3493.12,0.049052409299332314,0.00375,0.0095,0.01825,0.2375,0.11075,0.05125,absent,elev2
3577.98,0.04905236907730673,0.00375,0.0095,0.01825,0.2375,0.11075,0.05125,absent,elev2
3662.84,0.04905236907730673,0.00375,0.0095,0.01825,0.2375,0.11075,0.05125,absent,elev2
3747.7,0.04905236907730673,0.00375,0.0095,0.01825,0.2375,0.11075,0.05125,absent,elev2
3832.56,0.04905236907730673,0.00375,0.0095,0.01825,0.2375,0.11075,0.05125,absent,elev2
3917.42,0.04905236907730673,0.00375,0.0095,0.01825,0.2375,0.11075,0.05125,absent,elev2
4002.28,0.04905236907730673,0.00375,0.0095,0.01825,0.2375,0.11075,0.05125,absent,elev2
4087.14,0.04905236907730673,0.00375,0.0095,0.01825,0.2375,0.11075,0.05125,absent,elev2
4172,0.04905236907730673,0.00375,0.0095,0.01825,0.2375,0.11075,0.05125,absent,elev2
-71,0.7580184040504442,0.59885,0.65275,0.68825,0.93725,0.89625,0.82575,present,elev2
13.86,0.7580184040504442,0.59885,0.65275,0.68825,0.93725,0.89625,0.82575,present,elev2
98.72,0.7576547182704853,0.59785,0.65225,0.68775,0.937,0.896,0.8255,present,elev2
183.58,0.7576763527365348,0.59785,0.65225,0.68775,0.937,0.896,0.8255,present,elev2
268.44,0.7621598434490898,0.59825,0.6585,0.6945,0.93775,0.89825,0.82925,present,elev2
353.3,0.8844876995713487,0.61325,0.7179,0.86375,0.985,0.9775,0.9535,present,elev2
438.16,0.8973203857861713,0.62175,0.72575,0.877,0.99925,0.99375,0.96775,present,elev2
523.02,0.9074045940237311,0.62375,0.7278000000000001,0.8865,0.99975,0.9975,0.97625,present,elev2
607.88,0.9203161769273778,0.63325,0.733,0.9005,0.99975,0.99825,0.992,present,elev2
692.74,0.922196822389265,0.6381000000000001,0.7355,0.903,1,0.99875,0.99275,present,elev2
777.6,0.9275766136547182,0.6628499999999999,0.7484000000000001,0.90925,0.99975,0.9985,0.994,present,elev2
862.46,0.935314918928993,0.6925,0.7694000000000001,0.912,1,0.9995,0.998,present,elev2
947.32,0.9454354848729577,0.73105,0.823,0.92025,1,0.9995,0.998,present,elev2
1032.18,0.9438611231906566,0.7345,0.82525,0.91225,1,0.9995,0.99725,present,elev2
1117.04,0.9424013791389699,0.7311,0.82625,0.91025,1,0.9995,0.997,present,elev2
1201.9,0.9382501708392869,0.6987,0.81875,0.90625,1,0.99925,0.996,present,elev2
1286.76,0.9404024818289123,0.69335,0.8351500000000001,0.91325,1,0.99925,0.99575,present,elev2
1371.62,0.9472562744610796,0.68275,0.8505,0.93475,0.99975,0.99875,0.996,present,elev2
1456.48,0.9438092501708393,0.62875,0.8335,0.9355,0.99975,0.99925,0.9965,present,elev2
1541.34,0.9387970739889421,0.6021,0.80875,0.931,0.99975,0.999,0.9965,present,elev2
1626.2,0.9354329222836553,0.59325,0.7985500000000001,0.92575,1,0.99925,0.9965,present,elev2
1711.06,0.9303059421010126,0.58425,0.78975,0.91675,1,0.99875,0.994,present,elev2
1795.92,0.9262521432565074,0.56985,0.777,0.90925,1,0.999,0.994,present,elev2
1880.78,0.9206007641175374,0.56105,0.7635,0.89775,1,0.99875,0.99275,present,elev2
1965.64,0.9131998198422067,0.5541,0.7484000000000001,0.8835,0.99975,0.99775,0.99025,present,elev2
2050.5,0.8972770702615394,0.5391,0.7210500000000001,0.862,0.99975,0.9935,0.977,present,elev2
2135.36,0.8674520096912468,0.5151,0.67925,0.82825,0.999,0.991,0.9425,present,elev2
2220.22,0.8558869975771882,0.5011,0.667,0.81275,0.998,0.99,0.931,present,elev2
2305.08,0.8372433217369697,0.49225,0.652,0.781,0.9961500000000001,0.98625,0.91225,present,elev2
2389.94,0.783557479654594,0.46025,0.5925,0.7245,0.9825,0.9595,0.85375,present,elev2
2474.8,0.7677005963844195,0.4466,0.574,0.70875,0.97625,0.9495,0.83825,present,elev2
2559.66,0.7288072777536186,0.43025,0.53575,0.67,0.9581500000000002,0.9055,0.795,present,elev2
2644.52,0.6809631763682674,0.406,0.497,0.62025,0.9355,0.8695999999999999,0.7405,present,elev2
2729.38,0.651885770640492,0.396,0.47675,0.589,0.9055,0.838,0.70425,present,elev2
2814.24,0.6414550382058768,0.3945,0.47175,0.578,0.8965,0.82825,0.692,present,elev2
2899.1,0.6332998384792198,0.394,0.468,0.57075,0.8845,0.81775,0.6825,present,elev2
2983.96,0.628653553457166,0.394,0.46625,0.5655,0.88075,0.8145,0.67675,present,elev2
3068.82,0.6274513263340996,0.3941,0.46625,0.5645,0.8785,0.813,0.67525,present,elev2
3153.68,0.6271616139653352,0.39425,0.466,0.56425,0.87775,0.8125,0.675,present,elev2
3238.54,0.6272128191588494,0.3941,0.46615000000000006,0.5645,0.87775,0.8125,0.675,present,elev2
3323.4,0.6272961576691309,0.3945,0.46615000000000006,0.5645,0.87765,0.8125,0.67525,present,elev2
3408.26,0.6274653196247748,0.39485000000000003,0.46625,0.56475,0.87765,0.81275,0.67525,present,elev2
3493.12,0.6274651953780207,0.39485000000000003,0.46625,0.56475,0.87765,0.81275,0.67525,present,elev2
3577.98,0.627465086662111,0.39485000000000003,0.46625,0.56475,0.87765,0.81275,0.67525,present,elev2
3662.84,0.627465086662111,0.39485000000000003,0.46625,0.56475,0.87765,0.81275,0.67525,present,elev2
3747.7,0.627465086662111,0.39485000000000003,0.46625,0.56475,0.87765,0.81275,0.67525,present,elev2
3832.56,0.627465086662111,0.39485000000000003,0.46625,0.56475,0.87765,0.81275,0.67525,present,elev2
3917.42,0.627465086662111,0.39485000000000003,0.46625,0.56475,0.87765,0.81275,0.67525,present,elev2
4002.28,0.627465086662111,0.39485000000000003,0.46625,0.56475,0.87765,0.81275,0.67525,present,elev2
4087.14,0.627465086662111,0.39485000000000003,0.46625,0.56475,0.87765,0.81275,0.67525,present,elev2
4172,0.627465086662111,0.39485000000000003,0.46625,0.56475,0.87765,0.81275,0.67525,present,elev2
42.3859322658986,0.05105818116000322,0,0,5e-4,0.3105625,0.15475,0.06475,absent,max_rh
43.4298568464172,0.05105818116000322,0,0,5e-4,0.3105625,0.15475,0.06475,absent,max_rh
44.4737814269358,0.05105818116000322,0,0,5e-4,0.3105625,0.15475,0.06475,absent,max_rh
45.5177060074544,0.05105818116000322,0,0,5e-4,0.3105625,0.15475,0.06475,absent,max_rh
46.561630587973,0.05105818116000322,0,0,5e-4,0.3105625,0.15475,0.06475,absent,max_rh
47.6055551684916,0.05105818116000322,0,0,5e-4,0.3105625,0.15475,0.06475,absent,max_rh
48.6494797490102,0.05105818116000322,0,0,5e-4,0.3105625,0.15475,0.06475,absent,max_rh
49.6934043295287,0.05105818116000322,0,0,5e-4,0.3105625,0.15475,0.06475,absent,max_rh
50.7373289100473,0.05105818116000322,0,0,5e-4,0.3105625,0.15475,0.06475,absent,max_rh
51.7812534905659,0.05105818116000322,0,0,5e-4,0.3105625,0.15475,0.06475,absent,max_rh
52.8251780710845,0.05105818116000322,0,0,5e-4,0.3105625,0.15475,0.06475,absent,max_rh
53.8691026516031,0.05105818116000322,0,0,5e-4,0.3105625,0.15475,0.06475,absent,max_rh
54.9130272321217,0.051057698495696247,0,0,5e-4,0.3105625,0.15475,0.06475,absent,max_rh
55.9569518126403,0.051065682567774114,0,0,5e-4,0.3105625,0.15475,0.06475,absent,max_rh
57.0008763931588,0.0510712734293299,0,0,5e-4,0.3105625,0.15475,0.06475,absent,max_rh
58.0448009736774,0.05106218325154855,0,0,5e-4,0.3105625,0.15475,0.06475,absent,max_rh
59.088725554196,0.05108217359826241,0,0,5e-4,0.3105625,0.15475,0.06475,absent,max_rh
60.1326501347146,0.05043162255651194,0,0,2.5e-4,0.3103125,0.154,0.06375,absent,max_rh
61.1765747152332,0.05020487088729789,0,0,2.5e-4,0.30993750000000003,0.153,0.06325,absent,max_rh
62.2204992957518,0.049869781192180836,0,0,2.5e-4,0.31,0.15225,0.06275,absent,max_rh
63.2644238762704,0.04982807095165312,0,0,2.5e-4,0.31025,0.1525,0.06275,absent,max_rh
64.3083484567889,0.04923602284611053,0,0,2.5e-4,0.31075,0.15175,0.0615,absent,max_rh
65.3522730373075,0.0487211004746199,0,0,2.5e-4,0.309875,0.15125,0.0605,absent,max_rh
66.3961976178261,0.04844131606467702,0,0,2.5e-4,0.3105625,0.15125,0.06,absent,max_rh
67.4401221983447,0.04837933392325638,0,0,2.5e-4,0.3105625,0.15075,0.06,absent,max_rh
68.4840467788633,0.04851874346392084,0,0,2.5e-4,0.311625,0.15075,0.06,absent,max_rh
69.5279713593819,0.04786612098785294,0,0,2.5e-4,0.30975,0.14925,0.059,absent,max_rh
70.5718959399005,0.04743272866221543,0,0,2.5e-4,0.3093125,0.1485,0.05825,absent,max_rh
71.615820520419,0.04710781513957043,0,0,2.5e-4,0.3095,0.14775,0.05775,absent,max_rh
72.6597451009376,0.04669783203282118,0,0,2.5e-4,0.30925,0.14625,0.0565,absent,max_rh
73.7036696814562,0.045978461105301266,0,0,2.5e-4,0.3053125,0.14275,0.055,absent,max_rh
74.7475942619748,0.045120987852948276,0,0,2.5e-4,0.29825,0.138,0.053,absent,max_rh
75.7915188424934,0.04171776204649666,0,0,2.5e-4,0.2743125,0.12575,0.049,absent,max_rh
76.835443423012,0.04119163784088167,0,0,2.5e-4,0.2683125,0.12575,0.0475,absent,max_rh
77.8793680035306,0.03913003780870405,0,0,2.5e-4,0.26125,0.12225,0.04275,absent,max_rh
78.9232925840492,0.039297441879173035,0,0,5e-4,0.2605,0.12275,0.04275,absent,max_rh
79.9672171645678,0.040221723916016416,0,0,5e-4,0.2646875,0.127,0.04425,absent,max_rh
81.0111417450863,0.04040933955433996,0,0,5e-4,0.2643125,0.1295,0.04475,absent,max_rh
82.0550663256049,0.04062951492237149,0,0,5e-4,0.26575,0.13175,0.04475,absent,max_rh
83.0989909061235,0.040291408575335856,0,0,7.5e-4,0.266625,0.1315,0.0445,absent,max_rh
84.1429154866421,0.039347759633175126,0,0,7.5e-4,0.2595625,0.128,0.044,absent,max_rh
85.1868400671607,0.039953201673236266,0,5e-4,0.0015,0.2595625,0.12775,0.0455,absent,max_rh
86.2307646476793,0.040118755530528516,0,5e-4,0.0015,0.2580625,0.12725,0.046,absent,max_rh
87.2746892281979,0.041357312364250665,2.5e-4,7.5e-4,0.00225,0.26125,0.128,0.04875,absent,max_rh
88.3186138087164,0.04244801303193629,2.5e-4,0.001,0.00275,0.26,0.13025,0.05125,absent,max_rh
89.362538389235,0.048631747244791246,0.00175,0.004,0.00675,0.258125,0.13375,0.06225,absent,max_rh
90.4064629697536,0.04946526828091062,0.002,0.00375,0.00725,0.25856250000000003,0.135,0.06425,absent,max_rh
91.4503875502722,0.04980689405518462,0.002,0.0035,0.007,0.2581875,0.13575,0.06475,absent,max_rh
92.4943121307908,0.05181526023650551,0.00325,0.00525,0.009,0.257625,0.1365,0.067,absent,max_rh
93.5382367113094,0.05422695277934197,0.00375,0.00575,0.011,0.25825,0.1375,0.07025,absent,max_rh
94.582161291828,0.05500764218486043,0.00375,0.00575,0.0115,0.25825,0.13775,0.07125,absent,max_rh
42.3859322658986,0.6852784059141455,0.50425,0.55725,0.60975,0.9355,0.81725,0.7495,present,max_rh
43.4298568464172,0.6852784059141455,0.50425,0.55725,0.60975,0.9355,0.81725,0.7495,present,max_rh
44.4737814269358,0.6852784059141455,0.50425,0.55725,0.60975,0.9355,0.81725,0.7495,present,max_rh
45.5177060074544,0.6852784059141455,0.50425,0.55725,0.60975,0.9355,0.81725,0.7495,present,max_rh
46.561630587973,0.6852784059141455,0.50425,0.55725,0.60975,0.9355,0.81725,0.7495,present,max_rh
47.6055551684916,0.6852784059141455,0.50425,0.55725,0.60975,0.9355,0.81725,0.7495,present,max_rh
48.6494797490102,0.6852784059141455,0.50425,0.55725,0.60975,0.9355,0.81725,0.7495,present,max_rh
49.6934043295287,0.6852784059141455,0.50425,0.55725,0.60975,0.9355,0.81725,0.7495,present,max_rh
50.7373289100473,0.6852784059141455,0.50425,0.55725,0.60975,0.9355,0.81725,0.7495,present,max_rh
51.7812534905659,0.6852784059141455,0.50425,0.55725,0.60975,0.9355,0.81725,0.7495,present,max_rh
52.8251780710845,0.6852784059141455,0.50425,0.55725,0.60975,0.9355,0.81725,0.7495,present,max_rh
53.8691026516031,0.6852784059141455,0.50425,0.55725,0.60975,0.9355,0.81725,0.7495,present,max_rh
54.9130272321217,0.6852767130521216,0.50425,0.55725,0.60975,0.9355,0.81725,0.7495,present,max_rh
55.9569518126403,0.6853597254146736,0.50425,0.55725,0.60975,0.93575,0.8175,0.7495,present,max_rh
57.0008763931588,0.6854453469590607,0.50425,0.55725,0.60975,0.936,0.8175,0.7495,present,max_rh
58.0448009736774,0.6854460769087408,0.50425,0.55725,0.60975,0.936,0.8175,0.7495,present,max_rh
59.088725554196,0.6854740013667143,0.50425,0.5574000000000001,0.60975,0.936,0.8175,0.7495,present,max_rh
60.1326501347146,0.6848142666335342,0.5015,0.55565,0.60875,0.936,0.8175,0.7495,present,max_rh
61.1765747152332,0.6843483568366776,0.5,0.55475,0.60775,0.936,0.8175,0.74925,present,max_rh
62.2204992957518,0.6841909206684476,0.49960000000000004,0.5545,0.6075,0.93625,0.81775,0.7495,present,max_rh
63.2644238762704,0.6854439491830776,0.5005,0.55565,0.60875,0.9385,0.8183499999999999,0.751,present,max_rh
64.3083484567889,0.6860580698266757,0.49685,0.554,0.60875,0.9391500000000002,0.81975,0.75375,present,max_rh
65.3522730373075,0.6851352736534758,0.49135,0.551,0.6075,0.94,0.82025,0.7545,present,max_rh
66.3961976178261,0.6857167484624465,0.49,0.55075,0.608,0.9395,0.82125,0.75575,present,max_rh
67.4401221983447,0.6860199416040256,0.4905,0.5515,0.60825,0.9395,0.82175,0.756,present,max_rh
68.4840467788633,0.6880078586071938,0.492,0.55365,0.6105,0.94065,0.82325,0.758,present,max_rh
69.5279713593819,0.6875426787600174,0.49125,0.55275,0.61,0.9385,0.82325,0.75825,present,max_rh
70.5718959399005,0.6890507703298752,0.49325,0.55425,0.61175,0.9379000000000001,0.82425,0.76,present,max_rh
71.615820520419,0.6941151301484748,0.497,0.55875,0.61725,0.94525,0.83,0.765,present,max_rh
72.6597451009376,0.6990453190035409,0.50235,0.56375,0.62375,0.9465,0.834,0.7695,present,max_rh
73.7036696814562,0.7278927129278747,0.53025,0.59265,0.65625,0.9655,0.8655,0.7955,present,max_rh
74.7475942619748,0.7626156426663354,0.5746,0.635,0.69425,0.9654000000000003,0.8905,0.83,present,max_rh
75.7915188424934,0.8414152481828912,0.67575,0.74065,0.78825,0.9925,0.941,0.8985,present,max_rh
76.835443423012,0.8840662701124433,0.73285,0.7905,0.834,0.99625,0.966,0.9365,present,max_rh
77.8793680035306,0.9175828570541095,0.758,0.83725,0.87925,0.99875,0.9835,0.96525,present,max_rh
78.9232925840492,0.9377771634466049,0.764,0.8595,0.906,0.99925,0.995,0.985,present,max_rh
79.9672171645678,0.9547732962663851,0.7721,0.8834,0.9375,0.99975,0.998,0.993,present,max_rh
81.0111417450863,0.9644639839721687,0.7703500000000001,0.9105,0.959,1,0.999,0.996,present,max_rh
82.0550663256049,0.9693544759893148,0.7685,0.92025,0.969,1,0.9995,0.9975,present,max_rh
83.0989909061235,0.9708255575573088,0.7665,0.926,0.97075,1,0.9995,0.998,present,max_rh
84.1429154866421,0.9661054699633472,0.7621,0.90215,0.96025,1,0.9995,0.998,present,max_rh
85.1868400671607,0.9637874448655028,0.7593000000000001,0.886,0.961,1,0.9995,0.99825,present,max_rh
86.2307646476793,0.9616792570044107,0.75725,0.87675,0.9605,1,0.9995,0.99775,present,max_rh
87.2746892281979,0.9591349009132136,0.75695,0.8685,0.9575,0.99975,0.999,0.997,present,max_rh
88.3186138087164,0.9557248555631485,0.75535,0.859,0.9515,0.99975,0.9985,0.99575,present,max_rh
89.362538389235,0.9514298005839598,0.75325,0.85275,0.94475,0.9995,0.99775,0.99375,present,max_rh
90.4064629697536,0.9488325774989128,0.75255,0.85175,0.9415,0.99925,0.99675,0.99075,present,max_rh
91.4503875502722,0.9430893178853202,0.7516,0.848,0.93425,0.99875,0.99125,0.9835,present,max_rh
92.4943121307908,0.9360192271851898,0.75185,0.84575,0.92575,0.99625,0.987,0.974,present,max_rh
93.5382367113094,0.935848139404858,0.752,0.84575,0.9255,0.99625,0.987,0.974,present,max_rh
94.582161291828,0.9358553146549047,0.752,0.84575,0.9255,0.99625,0.987,0.974,present,max_rh
-6.92904002000342e-08,0.06576071916981739,0,0,2.5e-4,0.3835,0.20475,0.09525,absent,min_tp
0.0019050079083197,0.06503070951653125,0,0,2.5e-4,0.3858125,0.205,0.093875,absent,min_tp
0.00381008510703959,0.06396524816989783,0,0,2.5e-4,0.38531249999999995,0.20225,0.091,absent,min_tp
0.00571516230575949,0.06253328372616845,0,0,2.5e-4,0.3856875,0.19925,0.08625,absent,min_tp
0.00762023950447938,0.05932505429973453,0,0,2.5e-4,0.3788125,0.19275,0.07675,absent,min_tp
0.00952531670319928,0.05524203603893492,0,0,2.5e-4,0.36081250000000004,0.17875,0.069,absent,min_tp
0.0114303939019192,0.04797250824551525,2.5e-4,7.5e-4,0.00175,0.303625,0.15075,0.05625,absent,min_tp
0.0133354711006391,0.04273612340117448,2.5e-4,0.00125,0.00275,0.286,0.12675,0.0465,absent,min_tp
0.015240548299359,0.041294304561177705,2.5e-4,0.00125,0.00275,0.28075000000000006,0.1225,0.04375,absent,min_tp
0.0171456254980789,0.04079358056471724,5e-4,0.0015,0.003,0.28175,0.12325,0.04325,absent,min_tp
0.0190507026967988,0.04128782881505913,5e-4,0.0015,0.003,0.2895,0.124,0.042,absent,min_tp
0.0209557798955187,0.041658253559649264,5e-4,0.0015,0.003,0.28962499999999997,0.126,0.04275,absent,min_tp
0.0228608570942385,0.04208000160888102,5e-4,0.0015,0.003,0.292375,0.12725,0.0435,absent,min_tp
0.0247659342929584,0.043231960421526834,7.5e-4,0.00175,0.003,0.2975,0.131,0.0455,absent,min_tp
0.0266710114916783,0.0443084426031695,0.001,0.002,0.00325,0.299375,0.13425,0.0485,absent,min_tp
0.0285760886903982,0.04370664065642346,7.5e-4,0.00175,0.00325,0.2943125,0.13325,0.0485,absent,min_tp
0.0304811658891181,0.04360600514841927,7.5e-4,0.00175,0.00325,0.2925,0.13275,0.04875,absent,min_tp
0.032386243087838,0.04363739843938541,7.5e-4,0.00175,0.00325,0.29175,0.13275,0.049,absent,min_tp
0.0342913202865579,0.04375671707827206,7.5e-4,0.00175,0.00325,0.29181250000000003,0.133,0.0495,absent,min_tp
0.0361963974852778,0.04392126538492479,7.5e-4,0.00175,0.00325,0.29181250000000003,0.13325,0.04975,absent,min_tp
0.0381014746839977,0.0441609484353632,7.5e-4,0.00175,0.00325,0.292,0.134,0.051,absent,min_tp
0.0400065518827176,0.044167645402622475,7.5e-4,0.00175,0.00325,0.292,0.134,0.051,absent,min_tp
0.0419116290814375,0.04417180838227013,7.5e-4,0.00175,0.00325,0.292,0.134,0.051,absent,min_tp
0.0438167062801574,0.044175991472930574,7.5e-4,0.00175,0.00325,0.292,0.134,0.051,absent,min_tp
0.0457217834788773,0.04418677097578634,7.5e-4,0.00175,0.00325,0.29181250000000003,0.13425,0.051,absent,min_tp
0.0476268606775972,0.04420422733488859,0.001,0.002,0.00325,0.29181250000000003,0.13425,0.051,absent,min_tp
0.0495319378763171,0.04434315421124608,0.001,0.002,0.00325,0.29181250000000003,0.13425,0.05125,absent,min_tp
0.051437015075037,0.044326240849489176,0.001,0.002,0.00325,0.29181250000000003,0.13425,0.05125,absent,min_tp
0.0533420922737569,0.04432175609363687,0.001,0.002,0.00325,0.29181250000000003,0.13425,0.05125,absent,min_tp
0.0552471694724768,0.044321554983508975,0.001,0.002,0.00325,0.29181250000000003,0.13425,0.05125,absent,min_tp
0.0571522466711967,0.044321554983508975,0.001,0.002,0.00325,0.29181250000000003,0.13425,0.05125,absent,min_tp
0.0590573238699166,0.04432145442844502,0.001,0.002,0.00325,0.29181250000000003,0.13425,0.05125,absent,min_tp
0.0609624010686365,0.04432139409540665,0.001,0.002,0.00325,0.29181250000000003,0.13425,0.05125,absent,min_tp
0.0628674782673564,0.04432139409540665,0.001,0.002,0.00325,0.29181250000000003,0.13425,0.05125,absent,min_tp
0.0647725554660763,0.04432139409540665,0.001,0.002,0.00325,0.29181250000000003,0.13425,0.05125,absent,min_tp
0.0666776326647962,0.04432139409540665,0.001,0.002,0.00325,0.29181250000000003,0.13425,0.05125,absent,min_tp
0.0685827098635161,0.04432139409540665,0.001,0.002,0.00325,0.29181250000000003,0.13425,0.05125,absent,min_tp
0.0704877870622359,0.04432139409540665,0.001,0.002,0.00325,0.29181250000000003,0.13425,0.05125,absent,min_tp
0.0723928642609558,0.04432139409540665,0.001,0.002,0.00325,0.29181250000000003,0.13425,0.05125,absent,min_tp
0.0742979414596757,0.04432139409540665,0.001,0.002,0.00325,0.29181250000000003,0.13425,0.05125,absent,min_tp
0.0762030186583956,0.04432139409540665,0.001,0.002,0.00325,0.29181250000000003,0.13425,0.05125,absent,min_tp
0.0781080958571155,0.04432139409540665,0.001,0.002,0.00325,0.29181250000000003,0.13425,0.05125,absent,min_tp
0.0800131730558354,0.04432139409540665,0.001,0.002,0.00325,0.29181250000000003,0.13425,0.05125,absent,min_tp
0.0819182502545553,0.04432139409540665,0.001,0.002,0.00325,0.29181250000000003,0.13425,0.05125,absent,min_tp
0.0838233274532752,0.04432139409540665,0.001,0.002,0.00325,0.29181250000000003,0.13425,0.05125,absent,min_tp
0.0857284046519951,0.04432139409540665,0.001,0.002,0.00325,0.29181250000000003,0.13425,0.05125,absent,min_tp
0.087633481850715,0.04432139409540665,0.001,0.002,0.00325,0.29181250000000003,0.13425,0.05125,absent,min_tp
0.0895385590494349,0.04432139409540665,0.001,0.002,0.00325,0.29181250000000003,0.13425,0.05125,absent,min_tp
0.0914436362481548,0.04432139409540665,0.001,0.002,0.00325,0.29181250000000003,0.13425,0.05125,absent,min_tp
0.0933487134468747,0.04432139409540665,0.001,0.002,0.00325,0.29181250000000003,0.13425,0.05125,absent,min_tp
0.0952537906455946,0.04432139409540665,0.001,0.002,0.00325,0.29181250000000003,0.13425,0.05125,absent,min_tp
-6.92904002000342e-08,0.9500119742809219,0.7336,0.8866500000000002,0.9485,0.99325,0.988,0.98275,present,min_tp
0.0019050079083197,0.9630451481642542,0.73425,0.899,0.966,0.99975,0.99875,0.99675,present,min_tp
0.00381008510703959,0.9661993383860347,0.73535,0.90615,0.96975,1,0.9995,0.99825,present,min_tp
0.00571516230575949,0.9662040597626887,0.7363500000000001,0.90725,0.968,1,0.99975,0.99875,present,min_tp
0.00762023950447938,0.9636611169783189,0.7366,0.9035,0.9635,1,0.99925,0.99725,present,min_tp
0.00952531670319928,0.9579098589799342,0.73585,0.8935,0.956,0.99925,0.99775,0.99375,present,min_tp
0.0114303939019192,0.9208138628315835,0.7336,0.82325,0.89075,0.996,0.991,0.976,present,min_tp
0.0133354711006391,0.8955946139032118,0.6765,0.777,0.8405,0.9985,0.99075,0.9705,present,min_tp
0.015240548299359,0.8885799683170778,0.659,0.7665,0.829,0.998,0.98975,0.968,present,min_tp
0.0171456254980789,0.851449726657141,0.602,0.70475,0.766,0.99275,0.97375,0.948,present,min_tp
0.0190507026967988,0.8203997794620115,0.5535,0.65875,0.72675,0.991,0.961,0.92475,present,min_tp
0.0209557798955187,0.8154371156116046,0.5485,0.65225,0.7215,0.992,0.957,0.91925,present,min_tp
0.0228608570942385,0.8047294061005157,0.5376,0.6429,0.71125,0.98725,0.9470999999999999,0.9065,present,min_tp
0.0247659342929584,0.7896353202460086,0.5261,0.63175,0.7,0.9779000000000001,0.931,0.88575,present,min_tp
0.0266710114916783,0.767895027023669,0.5205,0.6195,0.68775,0.9514,0.90385,0.852,present,min_tp
0.0285760886903982,0.7351640367770391,0.506,0.606,0.67075,0.889,0.85385,0.8065,present,min_tp
0.0304811658891181,0.7226996490029197,0.506,0.603,0.66575,0.8706500000000001,0.82625,0.789,present,min_tp
0.032386243087838,0.7215603683916257,0.5061,0.6025,0.66475,0.8690500000000002,0.82375,0.78675,present,min_tp
0.0342913202865579,0.7212303068894824,0.50625,0.60275,0.6645,0.86825,0.8230999999999999,0.786,present,min_tp
0.0361963974852778,0.7212203360874697,0.50675,0.60275,0.6645,0.86825,0.823,0.786,present,min_tp
0.0381014746839977,0.7213985991178481,0.507,0.6034,0.66475,0.8684000000000001,0.82325,0.78625,present,min_tp
0.0400065518827176,0.7213966111697833,0.507,0.6034,0.66475,0.8684000000000001,0.82325,0.78625,present,min_tp
0.0419116290814375,0.7213925731502765,0.507,0.6034,0.66475,0.8684000000000001,0.82325,0.78625,present,min_tp
0.0438167062801574,0.7213975430204386,0.507,0.6034,0.66475,0.8684000000000001,0.82325,0.78625,present,min_tp
0.0457217834788773,0.7213890010560974,0.507,0.6035,0.66475,0.8684000000000001,0.823,0.786,present,min_tp
0.0476268606775972,0.7213930390756041,0.507,0.6035,0.66475,0.8684000000000001,0.823,0.786,present,min_tp
0.0495319378763171,0.7214245045660682,0.507,0.60325,0.66475,0.8685,0.823,0.78625,present,min_tp
0.051437015075037,0.7214144561098341,0.507,0.60325,0.66475,0.8685,0.823,0.78625,present,min_tp
0.0533420922737569,0.7214142231471703,0.507,0.60325,0.66475,0.8685,0.823,0.78625,present,min_tp
0.0552471694724768,0.7214141920854817,0.507,0.60325,0.66475,0.8685,0.823,0.78625,present,min_tp
0.0571522466711967,0.7214141920854817,0.507,0.60325,0.66475,0.8685,0.823,0.78625,present,min_tp
0.0590573238699166,0.7214141765546375,0.507,0.60325,0.66475,0.8685,0.823,0.78625,present,min_tp
0.0609624010686365,0.7214141610237933,0.507,0.60325,0.66475,0.8685,0.823,0.78625,present,min_tp
0.0628674782673564,0.7214141610237933,0.507,0.60325,0.66475,0.8685,0.823,0.78625,present,min_tp
0.0647725554660763,0.7214141610237933,0.507,0.60325,0.66475,0.8685,0.823,0.78625,present,min_tp
0.0666776326647962,0.7214141610237933,0.507,0.60325,0.66475,0.8685,0.823,0.78625,present,min_tp
0.0685827098635161,0.7214141610237933,0.507,0.60325,0.66475,0.8685,0.823,0.78625,present,min_tp
0.0704877870622359,0.7214141610237933,0.507,0.60325,0.66475,0.8685,0.823,0.78625,present,min_tp
0.0723928642609558,0.7214141610237933,0.507,0.60325,0.66475,0.8685,0.823,0.78625,present,min_tp
0.0742979414596757,0.7214141610237933,0.507,0.60325,0.66475,0.8685,0.823,0.78625,present,min_tp
0.0762030186583956,0.7214141610237933,0.507,0.60325,0.66475,0.8685,0.823,0.78625,present,min_tp
0.0781080958571155,0.7214141610237933,0.507,0.60325,0.66475,0.8685,0.823,0.78625,present,min_tp
0.0800131730558354,0.7214141610237933,0.507,0.60325,0.66475,0.8685,0.823,0.78625,present,min_tp
0.0819182502545553,0.7214141610237933,0.507,0.60325,0.66475,0.8685,0.823,0.78625,present,min_tp
0.0838233274532752,0.7214141610237933,0.507,0.60325,0.66475,0.8685,0.823,0.78625,present,min_tp
0.0857284046519951,0.7214141610237933,0.507,0.60325,0.66475,0.8685,0.823,0.78625,present,min_tp
0.087633481850715,0.7214141610237933,0.507,0.60325,0.66475,0.8685,0.823,0.78625,present,min_tp
0.0895385590494349,0.7214141610237933,0.507,0.60325,0.66475,0.8685,0.823,0.78625,present,min_tp
0.0914436362481548,0.7214141610237933,0.507,0.60325,0.66475,0.8685,0.823,0.78625,present,min_tp
0.0933487134468747,0.7214141610237933,0.507,0.60325,0.66475,0.8685,0.823,0.78625,present,min_tp
0.0952537906455946,0.7214141610237933,0.507,0.60325,0.66475,0.8685,0.823,0.78625,present,min_tp
13.1660375169247,0.05345491110932347,0,0,0.001,0.26175,0.14825,0.0845,absent,min_rh
14.441275125679,0.05345491110932347,0,0,0.001,0.26175,0.14825,0.0845,absent,min_rh
15.7165127344333,0.05345491110932347,0,0,0.001,0.26175,0.14825,0.0845,absent,min_rh
16.9917503431876,0.0533797160324994,0,0,7.5e-4,0.2618125,0.14825,0.08425,absent,min_rh
18.2669879519419,0.05292723835572359,0,0,7.5e-4,0.2618125,0.14825,0.08375,absent,min_rh
19.5422255606962,0.05146205051886413,0,0,2.5e-4,0.2615625,0.1475,0.08175,absent,min_rh
20.8174631694505,0.05117180838227013,0,0,2.5e-4,0.26175,0.14725,0.08125,absent,min_rh
22.0927007782047,0.05113774032660285,0,0,2.5e-4,0.262125,0.14775,0.0805,absent,min_rh
23.367938386959,0.050677238355723596,0,0,2.5e-4,0.2618125,0.14725,0.079375,absent,min_rh
24.6431759957133,0.050193709275199096,0,0,2.5e-4,0.2628125,0.14725,0.07825,absent,min_rh
25.9184136044676,0.04992152682809107,0,0,2.5e-4,0.26275,0.147,0.078,absent,min_rh
27.1936512132219,0.0491635226450004,0,0,2.5e-4,0.26168749999999996,0.14625,0.076125,absent,min_rh
28.4688888219762,0.04848598262408495,0,0,2.5e-4,0.2619375,0.14625,0.074625,absent,min_rh
29.7441264307304,0.04819242217038051,0,0,2.5e-4,0.2620625,0.146,0.0735,absent,min_rh
31.0193640394847,0.04803201673236264,0,0,2.5e-4,0.2638125,0.146,0.07275,absent,min_rh
32.294601648239,0.04550627463599067,0,0,2.5e-4,0.2630625,0.139,0.06675,absent,min_rh
33.5698392569933,0.04492289437696083,0,0,2.5e-4,0.2610625,0.13775,0.0655,absent,min_rh
34.8450768657476,0.044723171908937334,0,0,2.5e-4,0.2608125,0.137,0.06525,absent,min_rh
36.1203144745019,0.04464600595285979,0,0,2.5e-4,0.2643125,0.13675,0.065,absent,min_rh
37.3955520832562,0.04438082213820288,0,0,2.5e-4,0.26537499999999997,0.1365,0.0645,absent,min_rh
38.6707896920104,0.04432050921084386,0,0,2.5e-4,0.26575,0.13625,0.06525,absent,min_rh
39.9460273007647,0.04398976349448959,0,0,2.5e-4,0.26387499999999997,0.1345,0.065,absent,min_rh
41.221264909519,0.04338731799533425,0,0,5e-4,0.2615625,0.132,0.0645,absent,min_rh
42.4965025182733,0.042383456680878444,0,0,2.5e-4,0.2595,0.128,0.06175,absent,min_rh
43.7717401270276,0.04197554500844663,0,0,2.5e-4,0.2573125,0.12625,0.06075,absent,min_rh
45.0469777357819,0.0412660485882069,0,0,5e-4,0.25525,0.123,0.05975,absent,min_rh
46.3222153445361,0.04127644598181964,0,0,5e-4,0.25375,0.12125,0.05975,absent,min_rh
47.5974529532904,0.04163126458048427,0,0,5e-4,0.257,0.1205,0.06,absent,min_rh
48.8726905620447,0.041964081731155976,0,0,5e-4,0.25725,0.11975,0.060875,absent,min_rh
50.147928170799,0.0424308583380259,0,0,5e-4,0.2548125,0.12025,0.06225,absent,min_rh
51.4231657795533,0.043126437937414525,0,2.5e-4,7.5e-4,0.25706249999999997,0.12125,0.0635,absent,min_rh
52.6984033883076,0.046191195398600275,5e-4,0.00125,0.002,0.2580625,0.1285,0.068375,absent,min_rh
53.9736409970619,0.04775532941838952,7.5e-4,0.00125,0.002,0.2603125,0.13225,0.07125,absent,min_rh
55.2488786058161,0.051655639127986486,0.001,0.00175,0.003,0.27525,0.15175,0.07,absent,min_rh
56.5241162145704,0.05431431501890435,0.00125,0.002,0.004,0.2885625,0.1665,0.074,absent,min_rh
57.7993538233247,0.0524845949642024,0.00125,0.00175,0.0035,0.2865625,0.164,0.0725,absent,min_rh
59.074591432079,0.051487913281312844,0.00125,0.00175,0.0035,0.2835625,0.16275,0.07125,absent,min_rh
60.3498290408333,0.05126431904110691,0.001,0.00175,0.00325,0.28375,0.163,0.07125,absent,min_rh
61.6250666495876,0.05129018180355563,0.001,0.00175,0.00325,0.283375,0.163,0.07125,absent,min_rh
62.9003042583418,0.05127620464966615,0.001,0.00175,0.00325,0.283375,0.163,0.07125,absent,min_rh
64.1755418670961,0.051218244710803634,0.001,0.00175,0.00325,0.283375,0.163,0.07125,absent,min_rh
65.4507794758504,0.051235379293701235,0.001,0.00175,0.00325,0.283375,0.163,0.07125,absent,min_rh
66.7260170846047,0.05127085512026385,0.001,0.00175,0.00325,0.2834375,0.163,0.07125,absent,min_rh
68.001254693359,0.051297361435121876,0.001,0.00175,0.00325,0.2834375,0.163,0.071375,absent,min_rh
69.2764923021133,0.05132139409540665,0.001,0.00175,0.00325,0.283375,0.163,0.0715,absent,min_rh
70.5517299108676,0.05136766953583783,0.001,0.00175,0.00325,0.283375,0.163,0.0715,absent,min_rh
71.8269675196218,0.05143266832917706,0.001,0.00175,0.00325,0.283375,0.163,0.0715,absent,min_rh
73.1022051283761,0.051428022685222424,0.001,0.00175,0.00325,0.283375,0.163,0.0715,absent,min_rh
74.3774427371304,0.051428022685222424,0.001,0.00175,0.00325,0.283375,0.163,0.0715,absent,min_rh
75.6526803458847,0.051428022685222424,0.001,0.00175,0.00325,0.283375,0.163,0.0715,absent,min_rh
76.927917954639,0.051428022685222424,0.001,0.00175,0.00325,0.283375,0.163,0.0715,absent,min_rh
13.1660375169247,0.8511184226874573,0.7171000000000001,0.802,0.8335,0.9425,0.9005,0.8755,present,min_rh
14.441275125679,0.8511184226874573,0.7171000000000001,0.802,0.8335,0.9425,0.9005,0.8755,present,min_rh
15.7165127344333,0.8511184226874573,0.7171000000000001,0.802,0.8335,0.9425,0.9005,0.8755,present,min_rh
16.9917503431876,0.851204743119836,0.7171000000000001,0.802,0.8335,0.944,0.9005,0.87575,present,min_rh
18.2669879519419,0.8519121730757284,0.71725,0.80225,0.83375,0.94825,0.9015999999999998,0.876,present,min_rh
19.5422255606962,0.8519753836118532,0.71725,0.80225,0.83375,0.94875,0.90185,0.87625,present,min_rh
20.8174631694505,0.8529288066099273,0.71725,0.803,0.8345,0.95065,0.9031,0.87725,present,min_rh
22.0927007782047,0.863089908057402,0.7246,0.812,0.84225,0.9794,0.91275,0.8895,present,min_rh
23.367938386959,0.8672810150959805,0.727,0.81575,0.846,0.986,0.917,0.89425,present,min_rh
24.6431759957133,0.8690432844629434,0.72775,0.81675,0.8475,0.9875,0.919,0.89625,present,min_rh
25.9184136044676,0.8694842983164566,0.728,0.817,0.84775,0.9865,0.92,0.89675,present,min_rh
27.1936512132219,0.8703905696713673,0.72975,0.819,0.84875,0.98175,0.922,0.898,present,min_rh
28.4688888219762,0.8735411722681246,0.73885,0.82075,0.8505,0.9785,0.9265,0.90225,present,min_rh
29.7441264307304,0.8769775268683605,0.75175,0.8244,0.85325,0.9755,0.931,0.90525,present,min_rh
31.0193640394847,0.8890144436851587,0.7675,0.8335,0.86175,0.979,0.943,0.9205,present,min_rh
32.294601648239,0.935222712306641,0.8165,0.8745,0.9075,0.9925,0.98425,0.972,present,min_rh
33.5698392569933,0.9494809591849414,0.82175,0.8809,0.925,0.99825,0.99575,0.989,present,min_rh
34.8450768657476,0.9575863204323787,0.82435,0.89075,0.9365,0.99975,0.99875,0.9945,present,min_rh
36.1203144745019,0.963203531713984,0.82625,0.89625,0.94575,1,0.9995,0.997,present,min_rh
37.3955520832562,0.9665647480897062,0.8271,0.90325,0.95525,1,0.9995,0.9975,present,min_rh
38.6707896920104,0.9689247064670437,0.8296,0.90965,0.95925,1,0.99975,0.99825,present,min_rh
39.9460273007647,0.9698828974343046,0.82925,0.91175,0.962,1,0.9995,0.998,present,min_rh
41.221264909519,0.969334348015158,0.8305,0.91075,0.962,1,0.99925,0.99775,present,min_rh
42.4965025182733,0.9680804497732497,0.8316,0.90825,0.959,0.99975,0.999,0.99675,present,min_rh
43.7717401270276,0.9669660651052991,0.83195,0.90725,0.95875,0.99975,0.999,0.99675,present,min_rh
45.0469777357819,0.9581459433434801,0.8251999999999999,0.89,0.94075,0.99925,0.99775,0.99275,present,min_rh
46.3222153445361,0.9469031185935267,0.8196,0.8775,0.927,0.99725,0.9935,0.98375,present,min_rh
47.5974529532904,0.9194244579735354,0.7861,0.8335,0.886,0.99625,0.98525,0.96725,present,min_rh
48.8726905620447,0.9038009567000063,0.76575,0.8135,0.865,0.99675,0.98125,0.95725,present,min_rh
50.147928170799,0.8912253214884761,0.75075,0.79925,0.84725,0.9965,0.977,0.94725,present,min_rh
51.4231657795533,0.8804947816363298,0.73,0.78425,0.83375,0.994,0.97075,0.938,present,min_rh
52.6984033883076,0.8764414487171522,0.7195,0.7785,0.83025,0.99225,0.9675,0.934,present,min_rh
53.9736409970619,0.8729279058209605,0.7106,0.77425,0.82775,0.99,0.96325,0.93025,present,min_rh
55.2488786058161,0.8309400664720135,0.64375,0.7341500000000001,0.79075,0.9715,0.919,0.88325,present,min_rh
56.5241162145704,0.7916001273529228,0.5895,0.6955,0.7555,0.9445,0.8745,0.841,present,min_rh
57.7993538233247,0.769575386718022,0.57875,0.66725,0.73525,0.9125,0.85025,0.81525,present,min_rh
59.074591432079,0.7573834254830093,0.57125,0.6435,0.72575,0.89025,0.83675,0.80375,present,min_rh
60.3498290408333,0.7565677144809592,0.571,0.6425,0.7255,0.8884000000000001,0.83575,0.80325,present,min_rh
61.6250666495876,0.7554250792073057,0.5705,0.64215,0.72475,0.8854,0.8345,0.802,present,min_rh
62.9003042583418,0.755158523327328,0.5705,0.642,0.7245,0.88425,0.83425,0.80175,present,min_rh
64.1755418670961,0.7548559669503634,0.5705,0.6419,0.72425,0.8833000000000002,0.834,0.8015,present,min_rh
65.4507794758504,0.7547986270733678,0.5705,0.642,0.72425,0.883,0.834,0.8015,present,min_rh
66.7260170846047,0.7547819624774802,0.5705,0.642,0.72425,0.88275,0.834,0.8015,present,min_rh
68.001254693359,0.754734935081071,0.5705,0.642,0.724,0.883,0.834,0.80125,present,min_rh
69.2764923021133,0.7546687426228489,0.5705,0.642,0.724,0.8825,0.83375,0.80125,present,min_rh
70.5517299108676,0.7546651394669814,0.5705,0.642,0.724,0.8825,0.83375,0.80125,present,min_rh
71.8269675196218,0.7546663664036777,0.5705,0.642,0.724,0.8825,0.83375,0.80125,present,min_rh
73.1022051283761,0.7546661645027024,0.5705,0.642,0.724,0.8825,0.83375,0.80125,present,min_rh
74.3774427371304,0.7546661645027024,0.5705,0.642,0.724,0.8825,0.83375,0.80125,present,min_rh
75.6526803458847,0.7546661645027024,0.5705,0.642,0.724,0.8825,0.83375,0.80125,present,min_rh
76.927917954639,0.7546661645027024,0.5705,0.642,0.724,0.8825,0.83375,0.80125,present,min_rh
42.5762986,0.05179114713216958,0,0,2.5e-4,0.31125,0.155,0.068625,absent,max_rh_lag
43.610729248,0.05179114713216958,0,0,2.5e-4,0.31125,0.155,0.068625,absent,max_rh_lag
44.645159896,0.05179114713216958,0,0,2.5e-4,0.31125,0.155,0.068625,absent,max_rh_lag
45.679590544,0.05179114713216958,0,0,2.5e-4,0.31125,0.155,0.068625,absent,max_rh_lag
46.714021192,0.05179114713216958,0,0,2.5e-4,0.31125,0.155,0.068625,absent,max_rh_lag
47.74845184,0.05179114713216958,0,0,2.5e-4,0.31125,0.155,0.068625,absent,max_rh_lag
48.782882488,0.05179114713216958,0,0,2.5e-4,0.31125,0.155,0.068625,absent,max_rh_lag
49.817313136,0.05179114713216958,0,0,2.5e-4,0.31125,0.155,0.068625,absent,max_rh_lag
50.851743784,0.05179114713216958,0,0,2.5e-4,0.31125,0.155,0.068625,absent,max_rh_lag
51.886174432,0.05179114713216958,0,0,2.5e-4,0.31125,0.155,0.068625,absent,max_rh_lag
52.92060508,0.05179114713216958,0,0,2.5e-4,0.31125,0.155,0.068625,absent,max_rh_lag
53.955035728,0.05179114713216958,0,0,2.5e-4,0.31125,0.155,0.068625,absent,max_rh_lag
54.989466376,0.05179114713216958,0,0,2.5e-4,0.31125,0.155,0.068625,absent,max_rh_lag
56.023897024,0.051791267798246325,0,0,2.5e-4,0.31125,0.155,0.068625,absent,max_rh_lag
57.058327672,0.05179134824229748,0,0,2.5e-4,0.31125,0.155,0.068625,absent,max_rh_lag
58.09275832,0.05179138846432307,0,0,2.5e-4,0.31125,0.155,0.068625,absent,max_rh_lag
59.127188968,0.05179164990748934,0,0,2.5e-4,0.31125,0.155,0.06875,absent,max_rh_lag
60.161619616,0.05168073767194916,0,0,2.5e-4,0.311625,0.155,0.0685,absent,max_rh_lag
61.196050264,0.051684236988174724,0,0,2.5e-4,0.31225,0.155,0.068625,absent,max_rh_lag
62.230480912,0.05165113426112139,0,0,2.5e-4,0.31225,0.155,0.0685,absent,max_rh_lag
63.26491156,0.05161051001528437,0,0,2.5e-4,0.312375,0.15475,0.0685,absent,max_rh_lag
64.299342208,0.051406664789638803,0,0,2.5e-4,0.31224999999999997,0.1545,0.068,absent,max_rh_lag
65.333772856,0.051189365296436334,0,0,2.5e-4,0.312375,0.15425,0.06725,absent,max_rh_lag
66.368203504,0.05073992438259191,0,0,2.5e-4,0.3123125,0.15375,0.06625,absent,max_rh_lag
67.402634152,0.05071144718848041,0,0,2.5e-4,0.31406249999999997,0.154,0.065875,absent,max_rh_lag
68.4370648,0.05018580564717239,0,0,2.5e-4,0.31387499999999996,0.153,0.0645,absent,max_rh_lag
69.471495448,0.04981266591585553,0,0,2.5e-4,0.31456249999999997,0.15225,0.0635,absent,max_rh_lag
70.505926096,0.04825080444051162,0,0,2.5e-4,0.31256249999999997,0.14775,0.0595,absent,max_rh_lag
71.540356744,0.04558977556109726,0,0,2.5e-4,0.3085,0.1395,0.05325,absent,max_rh_lag
72.574787392,0.044317432225886896,0,0,2.5e-4,0.30981250000000005,0.13625,0.05,absent,max_rh_lag
73.60921804,0.04364260719169818,0,0,2.5e-4,0.307375,0.13375,0.04875,absent,max_rh_lag
74.643648688,0.04353933714101842,0,0,2.5e-4,0.3069375,0.13275,0.048,absent,max_rh_lag
75.678079336,0.04303330383718124,0,0,2.5e-4,0.298875,0.131,0.048,absent,max_rh_lag
76.712509984,0.0418743463920843,0,5e-4,7.5e-4,0.2835625,0.123,0.04675,absent,max_rh_lag
77.746940632,0.039116623763172716,0,0,2.5e-4,0.272125,0.11925,0.04075,absent,max_rh_lag
78.78137128,0.03891474941678063,0,0,2.5e-4,0.2715625,0.12,0.0405,absent,max_rh_lag
79.815801928,0.03919845547421768,0,0,2.5e-4,0.26925,0.12175,0.041875,absent,max_rh_lag
80.850232576,0.03946112541227576,0,0,5e-4,0.2655625,0.124,0.04275,absent,max_rh_lag
81.884663224,0.039360872013514604,0,0,5e-4,0.2630625,0.12425,0.043,absent,max_rh_lag
82.919093872,0.03760276727535999,0,0,5e-4,0.251,0.12225,0.041,absent,max_rh_lag
83.95352452,0.03732535596492639,0,0,5e-4,0.2505,0.123,0.04075,absent,max_rh_lag
84.987955168,0.03806461668409621,0,0,7.5e-4,0.2505,0.12425,0.042375,absent,max_rh_lag
86.022385816,0.037909158555224844,0,2.5e-4,0.001,0.2458125,0.1235,0.0425,absent,max_rh_lag
87.056816464,0.03845090901777814,0,2.5e-4,0.00125,0.2445,0.122,0.04475,absent,max_rh_lag
88.091247112,0.041907509452176014,2.5e-4,0.001,0.00275,0.2438125,0.126,0.05275,absent,max_rh_lag
89.12567776,0.04496434317432226,7.5e-4,0.002,0.00475,0.24575,0.1285,0.0585,absent,max_rh_lag
90.160108408,0.04650768240688601,0.001,0.00225,0.00525,0.2450625,0.13025,0.06175,absent,max_rh_lag
91.194539056,0.04907849328292173,0.00175,0.003,0.0065,0.2465,0.1335,0.06625,absent,max_rh_lag
92.228969704,0.05605876437937414,0.00375,0.013,0.01625,0.2465,0.13625,0.07175,absent,max_rh_lag
93.263400352,0.05911034912718204,0.00975,0.01425,0.01825,0.2460625,0.13875,0.0755,absent,max_rh_lag
94.297831,0.05939146086396911,0.0105,0.01425,0.0185,0.24625,0.13925,0.07575,absent,max_rh_lag
42.5762986,0.6992557619432193,0.57275,0.6025,0.63225,0.93575,0.8260999999999998,0.738,present,max_rh_lag
43.610729248,0.6992557619432193,0.57275,0.6025,0.63225,0.93575,0.8260999999999998,0.738,present,max_rh_lag
44.645159896,0.6992557619432193,0.57275,0.6025,0.63225,0.93575,0.8260999999999998,0.738,present,max_rh_lag
45.679590544,0.6992557619432193,0.57275,0.6025,0.63225,0.93575,0.8260999999999998,0.738,present,max_rh_lag
46.714021192,0.6992557619432193,0.57275,0.6025,0.63225,0.93575,0.8260999999999998,0.738,present,max_rh_lag
47.74845184,0.6992557619432193,0.57275,0.6025,0.63225,0.93575,0.8260999999999998,0.738,present,max_rh_lag
48.782882488,0.6992557619432193,0.57275,0.6025,0.63225,0.93575,0.8260999999999998,0.738,present,max_rh_lag
49.817313136,0.6992557619432193,0.57275,0.6025,0.63225,0.93575,0.8260999999999998,0.738,present,max_rh_lag
50.851743784,0.6992557619432193,0.57275,0.6025,0.63225,0.93575,0.8260999999999998,0.738,present,max_rh_lag
51.886174432,0.6992557619432193,0.57275,0.6025,0.63225,0.93575,0.8260999999999998,0.738,present,max_rh_lag
52.92060508,0.6992557619432193,0.57275,0.6025,0.63225,0.93575,0.8260999999999998,0.738,present,max_rh_lag
53.955035728,0.6992557619432193,0.57275,0.6025,0.63225,0.93575,0.8260999999999998,0.738,present,max_rh_lag
54.989466376,0.6992557619432193,0.57275,0.6025,0.63225,0.93575,0.8260999999999998,0.738,present,max_rh_lag
56.023897024,0.6992559483133504,0.57275,0.6025,0.63225,0.93575,0.8260999999999998,0.738,present,max_rh_lag
57.058327672,0.6992560570292601,0.57275,0.6025,0.63225,0.93575,0.8260999999999998,0.738,present,max_rh_lag
58.09275832,0.6992561036217928,0.57275,0.6025,0.63225,0.93575,0.8260999999999998,0.738,present,max_rh_lag
59.127188968,0.6993050413120457,0.57275,0.6025,0.63225,0.936,0.82625,0.738,present,max_rh_lag
60.161619616,0.6995374759271914,0.5725,0.6025,0.63225,0.93825,0.8266,0.738,present,max_rh_lag
61.196050264,0.6999875287320618,0.57285,0.60275,0.63275,0.9385,0.8268499999999999,0.7385,present,max_rh_lag
62.230480912,0.700159672609803,0.5731,0.603,0.63275,0.939,0.8271,0.7385,present,max_rh_lag
63.26491156,0.7005709914890973,0.5731,0.603,0.633,0.94,0.82825,0.739,present,max_rh_lag
64.299342208,0.7006393737963597,0.57275,0.603,0.63275,0.94025,0.8285999999999999,0.73925,present,max_rh_lag
65.333772856,0.7012519724172206,0.57275,0.603,0.6335,0.94025,0.829,0.74025,present,max_rh_lag
66.368203504,0.7011680903273902,0.57175,0.602,0.633,0.94075,0.829,0.74025,present,max_rh_lag
67.402634152,0.7030737249176865,0.57275,0.60375,0.635,0.9414000000000002,0.83,0.74275,present,max_rh_lag
68.4370648,0.7033615114617631,0.572,0.6035,0.63475,0.942,0.831,0.74325,present,max_rh_lag
69.471495448,0.7043656426663354,0.573,0.6044,0.636,0.9435,0.8325,0.74425,present,max_rh_lag
70.505926096,0.7051786978940175,0.57425,0.60525,0.6365,0.94615,0.8343499999999999,0.745,present,max_rh_lag
71.540356744,0.7070276449027769,0.57575,0.6065,0.638,0.9485,0.836,0.747,present,max_rh_lag
72.574787392,0.7227591631981114,0.58935,0.62225,0.6555,0.96725,0.855,0.7605,present,max_rh_lag
73.60921804,0.7449008821519538,0.608,0.64425,0.6835,0.9775,0.87235,0.7825,present,max_rh_lag
74.643648688,0.7556608995464993,0.616,0.65725,0.696,0.9839000000000001,0.8805999999999998,0.79425,present,max_rh_lag
75.678079336,0.7717405261850034,0.635,0.677,0.718,0.98775,0.88825,0.80825,present,max_rh_lag
76.712509984,0.8223253090638006,0.6935,0.7335,0.77725,0.993,0.91825,0.85725,present,max_rh_lag
77.746940632,0.886877119960241,0.75935,0.79675,0.83775,0.999,0.97085,0.9365,present,max_rh_lag
78.78137128,0.8904761135615332,0.764,0.80375,0.8425,0.99925,0.9715,0.93925,present,max_rh_lag
79.815801928,0.9248788438839536,0.77725,0.83875,0.89025,0.99875,0.98825,0.968,present,max_rh_lag
80.850232576,0.9457274647449836,0.778,0.85975,0.92225,0.99875,0.99575,0.9895,present,max_rh_lag
81.884663224,0.9560396036528546,0.77625,0.88475,0.94175,0.9995,0.99775,0.99325,present,max_rh_lag
82.919093872,0.9629378766229733,0.77125,0.8995,0.955,1,0.99925,0.9965,present,max_rh_lag
83.95352452,0.963446822389265,0.76885,0.89025,0.95925,1,0.9995,0.99775,present,max_rh_lag
84.987955168,0.9632002391750016,0.7676000000000001,0.88225,0.9605,1,0.9995,0.998,present,max_rh_lag
86.022385816,0.9588433403739827,0.76285,0.85765,0.959,0.9995,0.99875,0.9965,present,max_rh_lag
87.056816464,0.9528290054047338,0.75425,0.83475,0.9485,0.99975,0.99875,0.996,present,max_rh_lag
88.091247112,0.9398336646580109,0.71825,0.7804,0.9305,0.99975,0.99875,0.99575,present,max_rh_lag
89.12567776,0.9382797260359074,0.7175,0.77875,0.9275,0.99975,0.99875,0.9955,present,max_rh_lag
90.160108408,0.9367203050257812,0.71775,0.778,0.92575,0.99975,0.998,0.993,present,max_rh_lag
91.194539056,0.9342787010001864,0.7165,0.7766500000000001,0.9225,0.999,0.9965,0.99125,present,max_rh_lag
92.228969704,0.9308420513139094,0.71625,0.7765,0.9195,0.9985,0.9925,0.9855,present,max_rh_lag
93.263400352,0.9280640492017146,0.71635,0.77625,0.91675,0.9975,0.9895,0.9815,present,max_rh_lag
94.297831,0.9280213393800087,0.71635,0.77625,0.91675,0.9975,0.9895,0.9815,present,max_rh_lag
21.76256085,0.041936992196927037,2.5e-4,2.5e-4,0.002,0.2835,0.13,0.04425,absent,gdd_season
46.4968196676,0.041936992196927037,2.5e-4,2.5e-4,0.002,0.2835,0.13,0.04425,absent,gdd_season
71.2310784852,0.041936992196927037,2.5e-4,2.5e-4,0.002,0.2835,0.13,0.04425,absent,gdd_season
95.9653373028,0.041936992196927037,2.5e-4,2.5e-4,0.002,0.2835,0.13,0.04425,absent,gdd_season
120.6995961204,0.041936992196927037,2.5e-4,2.5e-4,0.002,0.2835,0.13,0.04425,absent,gdd_season
145.433854938,0.04193864129997587,2.5e-4,2.5e-4,0.002,0.2835,0.13,0.04425,absent,gdd_season
170.1681137556,0.04191513152602365,2.5e-4,2.5e-4,0.002,0.2835,0.13,0.04425,absent,gdd_season
194.9023725732,0.04169584104255491,2.5e-4,2.5e-4,0.002,0.28331249999999997,0.12975,0.044,absent,gdd_season
219.6366313908,0.04155828171506717,2.5e-4,2.5e-4,0.002,0.28331249999999997,0.12975,0.04375,absent,gdd_season
244.3708902084,0.04124977877885931,2.5e-4,2.5e-4,0.002,0.28325,0.12975,0.0435,absent,gdd_season
269.105149026,0.04111246078352506,2.5e-4,2.5e-4,0.002,0.28325,0.12975,0.04325,absent,gdd_season
293.8394078436,0.0410483870967742,2.5e-4,2.5e-4,0.002,0.28325,0.1295,0.04275,absent,gdd_season
318.5736666612,0.04103712492961145,2.5e-4,2.5e-4,0.002,0.28325,0.1295,0.04275,absent,gdd_season
343.3079254788,0.041037326039739364,2.5e-4,2.5e-4,0.002,0.28325,0.1295,0.04275,absent,gdd_season
368.0421842964,0.04098356930255007,2.5e-4,2.5e-4,0.00175,0.28325,0.1295,0.04275,absent,gdd_season
392.776443114,0.040846593194433276,2.5e-4,2.5e-4,0.00175,0.28325,0.12925,0.0425,absent,gdd_season
417.5107019316,0.04026427881908133,2.5e-4,2.5e-4,0.00175,0.28325,0.129,0.042,absent,gdd_season
442.2449607492,0.04025172954709999,2.5e-4,2.5e-4,0.0015,0.284,0.12925,0.042,absent,gdd_season
466.9792195668,0.040240205936770974,2.5e-4,2.5e-4,0.0015,0.2845625,0.129,0.04175,absent,gdd_season
491.7134783844,0.04025677741131044,2.5e-4,2.5e-4,0.0015,0.28531249999999997,0.12925,0.04175,absent,gdd_season
516.447737202,0.04029398278497305,2.5e-4,2.5e-4,0.0015,0.286,0.12925,0.04175,absent,gdd_season
541.1819960196,0.039989622717400045,0,0,0.00125,0.2860625,0.129,0.040875,absent,gdd_season
565.9162548372,0.04002507843294988,0,0,0.00125,0.286375,0.129,0.040625,absent,gdd_season
590.6505136548,0.039901013595044645,0,0,0.00125,0.2865625,0.1285,0.04,absent,gdd_season
615.3847724724,0.040037567371892846,0,0,0.0015,0.28825,0.12825,0.03975,absent,gdd_season
640.11903129,0.03988385890113426,0,0,0.00125,0.28925,0.128,0.039,absent,gdd_season
664.8532901076,0.03996223151797925,0,0,0.00125,0.291375,0.128,0.0385,absent,gdd_season
689.5875489252,0.04017941034510498,0,0,0.00125,0.29174999999999995,0.128,0.0385,absent,gdd_season
714.3218077428,0.04057531574290081,0,0,0.00125,0.2943125,0.12775,0.03925,absent,gdd_season
739.0560665604,0.03938345668087845,0,0,7.5e-4,0.28,0.1195,0.04,absent,gdd_season
763.790325378,0.038065783122838065,0,0,2.5e-4,0.2385,0.10225,0.052,absent,gdd_season
788.5245841956,0.04096750060333038,0,0,2.5e-4,0.23775,0.10725,0.06125,absent,gdd_season
813.2588430132,0.04437076663180758,0,0,2.5e-4,0.23787499999999998,0.115,0.0715,absent,gdd_season
837.9931018308,0.04699740567935001,0,0,2.5e-4,0.23825,0.12475,0.079,absent,gdd_season
862.7273606484,0.047541750462553295,0,0,2.5e-4,0.238,0.1255,0.080875,absent,gdd_season
887.461619466,0.047783846834526585,0,0,2.5e-4,0.23506249999999998,0.1265,0.08225,absent,gdd_season
912.1958782836,0.04807760839835894,0,0,2.5e-4,0.2305625,0.127,0.08375,absent,gdd_season
936.9301371012,0.04827644598181965,0,0,2.5e-4,0.23125,0.1275,0.08425,absent,gdd_season
961.6643959188,0.0487771900892929,0,0,2.5e-4,0.23131250000000003,0.1285,0.08525,absent,gdd_season
986.3986547364,0.04957181642667525,0,0,2.5e-4,0.233,0.13,0.087,absent,gdd_season
1011.132913554,0.05020830987048508,0,0,2.5e-4,0.2320625,0.13025,0.0875,absent,gdd_season
1035.8671723716,0.051071575094521766,0,0,2.5e-4,0.23125,0.13075,0.08925,absent,gdd_season
1060.6014311892,0.05153919636392889,0,0,5e-4,0.23075,0.13125,0.08975,absent,gdd_season
1085.3356900068,0.05175148821494651,0,0,5e-4,0.23075,0.131,0.08975,absent,gdd_season
1110.0699488244,0.051625090499557554,0,0,5e-4,0.22737500000000002,0.13075,0.08975,absent,gdd_season
1134.804207642,0.052007883517013916,0,2.5e-4,7.5e-4,0.22737500000000002,0.13075,0.09,absent,gdd_season
1159.5384664596,0.05206560212372295,0,2.5e-4,7.5e-4,0.22737500000000002,0.13075,0.09025,absent,gdd_season
1184.2727252772,0.05206391279864854,0,2.5e-4,7.5e-4,0.22737500000000002,0.13075,0.09025,absent,gdd_season
1209.0069840948,0.05206391279864854,0,2.5e-4,7.5e-4,0.22737500000000002,0.13075,0.09025,absent,gdd_season
1233.7412429124,0.05206391279864854,0,2.5e-4,7.5e-4,0.22737500000000002,0.13075,0.09025,absent,gdd_season
1258.47550173,0.05206391279864854,0,2.5e-4,7.5e-4,0.22737500000000002,0.13075,0.09025,absent,gdd_season
21.76256085,0.8403578306516742,0.7285,0.78225,0.809,0.967,0.92,0.86525,present,gdd_season
46.4968196676,0.8403578306516742,0.7285,0.78225,0.809,0.967,0.92,0.86525,present,gdd_season
71.2310784852,0.8403578306516742,0.7285,0.78225,0.809,0.967,0.92,0.86525,present,gdd_season
95.9653373028,0.8403578306516742,0.7285,0.78225,0.809,0.967,0.92,0.86525,present,gdd_season
120.6995961204,0.8403578306516742,0.7285,0.78225,0.809,0.967,0.92,0.86525,present,gdd_season
145.433854938,0.8403601292166242,0.7285,0.78225,0.809,0.967,0.92,0.86525,present,gdd_season
170.1681137556,0.8403620705721563,0.7285,0.78225,0.809,0.967,0.92,0.86525,present,gdd_season
194.9023725732,0.8402881282226502,0.72835,0.78225,0.809,0.967,0.92,0.865,present,gdd_season
219.6366313908,0.8402837174628813,0.72835,0.78225,0.809,0.967,0.92,0.865,present,gdd_season
244.3708902084,0.8403056159532832,0.72825,0.78225,0.809,0.96725,0.92025,0.86525,present,gdd_season
269.105149026,0.8403879138969994,0.7281,0.78225,0.809,0.96775,0.9205,0.86525,present,gdd_season
293.8394078436,0.8405632415978133,0.7281,0.78225,0.809,0.9685,0.921,0.86525,present,gdd_season
318.5736666612,0.8406501522022737,0.7281,0.7821500000000001,0.809,0.969,0.92125,0.86525,present,gdd_season
343.3079254788,0.8407267969186805,0.7281,0.78225,0.809,0.96925,0.9215,0.8655,present,gdd_season
368.0421842964,0.84087819158849475,0.728,0.78225,0.809,0.97,0.922,0.8655,present,gdd_season
392.776443114,0.8409153724296452,0.728,0.78225,0.80925,0.97,0.922,0.8655,present,gdd_season
417.5107019316,0.8410312169969559,0.728,0.78225,0.80925,0.971,0.92225,0.8655,present,gdd_season
442.2449607492,0.8417376685096601,0.7282,0.78275,0.80975,0.974,0.923,0.8665,present,gdd_season
466.9792195668,0.8426217152264397,0.72885,0.78325,0.81025,0.976,0.92525,0.86725,present,gdd_season
491.7134783844,0.844078415232652,0.7291,0.784,0.81125,0.9795,0.92825,0.869,present,gdd_season
516.447737202,0.8450551810896441,0.7293499999999999,0.7845,0.81175,0.9815,0.931,0.87025,present,gdd_season
541.1819960196,0.845828166739144,0.72975,0.78475,0.81225,0.9819,0.934,0.87125,present,gdd_season
565.9162548372,0.8472209262595515,0.73075,0.78575,0.81325,0.98175,0.937,0.87275,present,gdd_season
590.6505136548,0.847745884326272,0.73125,0.786,0.81375,0.98115,0.94,0.8735,present,gdd_season
615.3847724724,0.8550980928123252,0.73585,0.79115,0.81975,0.9905,0.95,0.88175,present,gdd_season
640.11903129,0.8589835838976206,0.7386,0.7935,0.823,0.9935,0.95475,0.8875,present,gdd_season
664.8532901076,0.8650832919177487,0.74325,0.79775,0.82875,0.99425,0.9595,0.896,present,gdd_season
689.5875489252,0.870068910355967,0.74625,0.80275,0.83475,0.994,0.96375,0.90175,present,gdd_season
714.3218077428,0.8848463688886128,0.75525,0.817,0.85025,0.994,0.968,0.92025,present,gdd_season
739.0560665604,0.9059915512207243,0.77935,0.84675,0.88,0.98525,0.9665,0.93825,present,gdd_season
763.790325378,0.9620361713362738,0.802,0.8925,0.94925,0.9995,0.99775,0.99525,present,gdd_season
788.5245841956,0.9649181369199229,0.8006,0.893,0.95625,0.99975,0.99875,0.99725,present,gdd_season
813.2588430132,0.9675722805491707,0.80125,0.89175,0.965,1,0.99925,0.998,present,gdd_season
837.9931018308,0.96812076784494006,0.80035,0.8915,0.968,1,0.9995,0.99825,present,gdd_season
862.7273606484,0.9675191495309685,0.7986,0.8875,0.969,1,0.9995,0.99825,present,gdd_season
887.461619466,0.9655305647014972,0.79725,0.884,0.9655,1,0.9995,0.99775,present,gdd_season
912.1958782836,0.960854429396782,0.79375,0.87925,0.95675,1,0.99925,0.996,present,gdd_season
936.9301371012,0.9576945548860035,0.7935,0.8769,0.9505,1,0.999,0.994,present,gdd_season
961.6643959188,0.95113758774927,0.79,0.8715,0.94075,0.99875,0.996,0.989,present,gdd_season
986.3986547364,0.9363156644095173,0.787,0.86225,0.921,0.99525,0.98675,0.97325,present,gdd_season
1011.132913554,0.9298690283903833,0.78635,0.8573999999999999,0.91075,0.99325,0.982,0.9665,present,gdd_season
1035.8671723716,0.9112696309871404,0.7846,0.84675,0.89275,0.9754,0.9573499999999999,0.94225,present,gdd_season
1060.6014311892,0.8927488817792135,0.782,0.8355,0.87425,0.9615,0.93475,0.9205,present,gdd_season
1085.3356900068,0.8812482139529104,0.7807999999999999,0.82675,0.861,0.954,0.92525,0.907,present,gdd_season
1110.0699488244,0.8453690283903833,0.76425,0.79275,0.81625,0.93625,0.90575,0.878,present,gdd_season
1134.804207642,0.8446560228614027,0.76375,0.79225,0.8155,0.9354,0.9055,0.8775,present,gdd_season
1159.5384664596,0.844665714108219,0.76375,0.79225,0.8155,0.9354,0.9055,0.8775,present,gdd_season
1184.2727252772,0.8446055942101012,0.76375,0.79225,0.8155,0.9354,0.9055,0.8775,present,gdd_season
1209.0069840948,0.8446055942101012,0.76375,0.79225,0.8155,0.9354,0.9055,0.8775,present,gdd_season
1233.7412429124,0.8446055942101012,0.76375,0.79225,0.8155,0.9354,0.9055,0.8775,present,gdd_season
1258.47550173,0.8446055942101012,0.76375,0.79225,0.8155,0.9354,0.9055,0.8775,present,gdd_season
0,0.020851158394336742,0,0,0,0.1665,0.06425,0.0195,absent,near_needle
1,0.03371052208189204,5e-4,0.00225,0.01075,0.19606250000000003,0.07925,0.03375,absent,near_needle
0,0.8374866434739392,0.76285,0.817,0.8325,0.887,0.86575,0.846,present,near_needle
1,0.986959278126359,0.9025,0.9655,0.98825,1,1,0.9995,present,near_needle
9.45846005096775,0.0388204086557799,0.00125,0.00225,0.00325,0.25437499999999996,0.1155,0.04225,absent,max_t2m
9.97128184349678,0.0388204086557799,0.00125,0.00225,0.00325,0.25437499999999996,0.1155,0.04225,absent,max_t2m
10.4841036360258,0.03882052932185665,0.00125,0.00225,0.00325,0.25437499999999996,0.1155,0.04225,absent,max_t2m
10.9969254285548,0.038840278336417025,0.00125,0.00225,0.00325,0.25437499999999996,0.11575,0.04225,absent,max_t2m
11.5097472210839,0.038353973936127425,0.00125,0.00225,0.00325,0.25475,0.1155,0.041,absent,max_t2m
12.0225690136129,0.037551805968948596,0.00125,0.00225,0.00325,0.25437499999999996,0.1145,0.03975,absent,max_t2m
12.5353908061419,0.03747441879173036,0.00125,0.00225,0.00325,0.25437499999999996,0.1145,0.0395,absent,max_t2m
13.048212598671,0.037391340197892364,0.00125,0.00225,0.00325,0.25437499999999996,0.1145,0.039375,absent,max_t2m
13.5610343912,0.037143612742337705,0.00125,0.002,0.003,0.25437499999999996,0.11475,0.039,absent,max_t2m
14.073856183729,0.03702165956077548,0.00125,0.002,0.003,0.25475,0.1145,0.03875,absent,max_t2m
14.5866779762581,0.037094923980371654,0.00125,0.002,0.003,0.2558125,0.115,0.03875,absent,max_t2m
15.0994997687871,0.036958249537446704,0.00125,0.002,0.003,0.2563125,0.11425,0.037875,absent,max_t2m
15.6123215613161,0.03635194272383557,0.001,0.00175,0.00275,0.25787499999999997,0.113,0.036,absent,max_t2m
16.1251433538452,0.03587513072158314,7.5e-4,0.0015,0.0025,0.25725,0.112,0.03475,absent,max_t2m
16.6379651463742,0.0359274394658515,7.5e-4,0.0015,0.0025,0.25725,0.11125,0.0345,absent,max_t2m
17.1507869389032,0.03645473011020835,5e-4,0.00125,0.00225,0.23925,0.102,0.0435,absent,max_t2m
17.6636087314323,0.03732626096050197,5e-4,0.00125,0.00225,0.236375,0.10425,0.0485,absent,max_t2m
18.1764305239613,0.038518321132652245,5e-4,0.00125,0.00225,0.23606249999999998,0.10825,0.053,absent,max_t2m
18.6892523164903,0.03996820448877806,2.5e-4,7.5e-4,0.0015,0.237,0.11225,0.05825,absent,max_t2m
19.2020741090194,0.04037633738235057,2.5e-4,7.5e-4,0.00175,0.23175,0.11275,0.0605,absent,max_t2m
19.7148959015484,0.04100830584828252,2.5e-4,7.5e-4,0.0015,0.230625,0.1145,0.06275,absent,max_t2m
20.2277176940774,0.04194016973694795,2.5e-4,7.5e-4,0.0015,0.23125,0.11675,0.065,absent,max_t2m
20.7405394866065,0.04380283163060092,0,5e-4,0.001,0.2345,0.121,0.069,absent,max_t2m
21.2533612791355,0.04452007079076502,0,2.5e-4,7.5e-4,0.2345,0.12325,0.0705,absent,max_t2m
21.7661830716645,0.044724278014640816,0,0,5e-4,0.2340625,0.12325,0.0715,absent,max_t2m
22.2790048641936,0.044697590700667686,0,0,5e-4,0.233625,0.1235,0.0715,absent,max_t2m
22.7918266567226,0.04463864532217843,0,0,5e-4,0.2315,0.123,0.07175,absent,max_t2m
23.3046484492516,0.048174060815702684,0,0,5e-4,0.23725,0.131,0.08,absent,max_t2m
23.8174702417807,0.04979575255409862,0,0,5e-4,0.2428125,0.13525,0.083,absent,max_t2m
24.3302920343097,0.05005743705252996,0,0,2.5e-4,0.24287499999999998,0.13675,0.08375,absent,max_t2m
24.8431138268387,0.04985099750623442,0,0,2.5e-4,0.24075,0.13675,0.08375,absent,max_t2m
25.3559356193677,0.04995744509693508,0,0,2.5e-4,0.239,0.137,0.08375,absent,max_t2m
25.8687574118968,0.04998696806371169,0,0,2.5e-4,0.2374375,0.137,0.084,absent,max_t2m
26.3815792044258,0.05027441476952779,0,0,2.5e-4,0.23806249999999998,0.1375,0.08425,absent,max_t2m
26.8944009969548,0.050365215992277376,0,0,2.5e-4,0.23806249999999998,0.1375,0.08425,absent,max_t2m
27.4072227894839,0.05044543882229909,0,0,2.5e-4,0.2381875,0.1375,0.0845,absent,max_t2m
27.9200445820129,0.05084723674684257,0,0,2.5e-4,0.23881249999999998,0.138,0.085,absent,max_t2m
28.4328663745419,0.050827548065320576,0,0,2.5e-4,0.23881249999999998,0.138,0.085,absent,max_t2m
28.945688167071,0.050826884401898476,0,0,2.5e-4,0.23881249999999998,0.138,0.085,absent,max_t2m
29.4585099596,0.05083289759472288,0,0,2.5e-4,0.23881249999999998,0.138,0.085,absent,max_t2m
29.971331752129,0.050831288713699616,0,0,2.5e-4,0.23881249999999998,0.138,0.085,absent,max_t2m
30.4841535446581,0.050831288713699616,0,0,2.5e-4,0.23881249999999998,0.138,0.085,absent,max_t2m
30.9969753371871,0.050831288713699616,0,0,2.5e-4,0.23881249999999998,0.138,0.085,absent,max_t2m
31.5097971297161,0.050831288713699616,0,0,2.5e-4,0.23881249999999998,0.138,0.085,absent,max_t2m
32.0226189222452,0.050831288713699616,0,0,2.5e-4,0.23881249999999998,0.138,0.085,absent,max_t2m
32.5354407147742,0.050831288713699616,0,0,2.5e-4,0.23881249999999998,0.138,0.085,absent,max_t2m
33.0482625073032,0.050831288713699616,0,0,2.5e-4,0.23881249999999998,0.138,0.085,absent,max_t2m
33.5610842998323,0.050831288713699616,0,0,2.5e-4,0.23881249999999998,0.138,0.085,absent,max_t2m
34.0739060923613,0.050831288713699616,0,0,2.5e-4,0.23881249999999998,0.138,0.085,absent,max_t2m
34.5867278848903,0.050831288713699616,0,0,2.5e-4,0.23881249999999998,0.138,0.085,absent,max_t2m
35.0995496774194,0.050831288713699616,0,0,2.5e-4,0.23881249999999998,0.138,0.085,absent,max_t2m
9.45846005096775,0.8659063490091322,0.7471,0.8035,0.839,0.9505,0.9265,0.896,present,max_t2m
9.97128184349678,0.8659063490091322,0.7471,0.8035,0.839,0.9505,0.9265,0.896,present,max_t2m
10.4841036360258,0.8659064577250419,0.7471,0.8035,0.839,0.9505,0.9265,0.896,present,max_t2m
10.9969254285548,0.8659099521649997,0.7471,0.80365,0.839,0.9505,0.9265,0.896,present,max_t2m
11.5097472210839,0.8659510778405914,0.74725,0.80365,0.839,0.95075,0.9265999999999999,0.896,present,max_t2m
12.0225690136129,0.86670780269615455,0.7465,0.80375,0.83925,0.956,0.92825,0.89675,present,max_t2m
12.5353908061419,0.866779104802137,0.7466000000000002,0.80375,0.83925,0.95675,0.92825,0.89675,present,max_t2m
13.048212598671,0.8668693545381126,0.7466000000000002,0.80375,0.83925,0.9571500000000002,0.92875,0.89675,present,max_t2m
13.5610343912,0.8669926694415109,0.7466000000000002,0.80375,0.83925,0.958,0.929,0.89675,present,max_t2m
14.073856183729,0.8679452071814624,0.747,0.8045,0.83975,0.962,0.931,0.89775,present,max_t2m
14.5866779762581,0.8723329191774865,0.74775,0.80725,0.84375,0.977,0.94025,0.90125,present,max_t2m
15.0994997687871,0.8790873144064111,0.74875,0.81,0.848,0.99475,0.95375,0.908,present,max_t2m
15.6123215613161,0.8823406380070821,0.749,0.81175,0.85,0.9945,0.9588499999999999,0.91275,present,max_t2m
16.1251433538452,0.885462725973784,0.7495,0.8135,0.85225,0.99375,0.96025,0.91725,present,max_t2m
16.6379651463742,0.9024353140336708,0.75275,0.8235,0.8655,0.995,0.976,0.94175,present,max_t2m
17.1507869389032,0.9540589550847983,0.80735,0.891,0.934,0.997,0.99325,0.98825,present,max_t2m
17.6636087314323,0.9616834037398273,0.81425,0.89575,0.9435,0.9995,0.998,0.99525,present,max_t2m
18.1764305239613,0.9626280984034292,0.82,0.89,0.9455,0.9995,0.9985,0.99625,present,max_t2m
18.6892523164903,0.9645351773622415,0.823,0.88475,0.953,0.99975,0.999,0.997,present,max_t2m
19.2020741090194,0.9636524352363794,0.8195,0.8775,0.95475,0.99975,0.99875,0.9965,present,max_t2m
19.7148959015484,0.9630808846368888,0.81925,0.87525,0.95525,0.99975,0.999,0.99675,present,max_t2m
20.2277176940774,0.9630503509970801,0.82175,0.8779,0.95525,1,0.99925,0.9965,present,max_t2m
20.7405394866065,0.9627252283034106,0.82335,0.8815,0.95425,1,0.99925,0.9965,present,max_t2m
21.2533612791355,0.9618944057898988,0.82325,0.88125,0.95225,1,0.99925,0.996,present,max_t2m
21.7661830716645,0.9578823693855998,0.8215,0.87825,0.94675,1,0.9985,0.9925,present,max_t2m
22.2790048641936,0.9537100391377276,0.8205,0.87675,0.94,0.99975,0.9975,0.9895,present,max_t2m
22.7918266567226,0.9468616046468287,0.8186,0.87415,0.9305,0.999,0.994,0.9825,present,max_t2m
23.3046484492516,0.9277539448344412,0.8063500000000001,0.8585,0.908,0.99225,0.9815,0.963,present,max_t2m
23.8174702417807,0.8957094023731129,0.794,0.839,0.87425,0.973,0.94825,0.92525,present,max_t2m
24.3302920343097,0.8630447133006149,0.7781,0.813,0.8385,0.95,0.909,0.88925,present,max_t2m
24.8431138268387,0.8377194197676586,0.7535,0.783,0.81175,0.9225,0.883,0.86525,present,max_t2m
25.3559356193677,0.8246401969311051,0.74025,0.768,0.79725,0.908,0.87175,0.853,present,max_t2m
25.8687574118968,0.8129398024476611,0.736,0.762,0.784,0.89225,0.86225,0.84025,present,max_t2m
26.3815792044258,0.8130196620488289,0.736,0.762,0.784,0.89175,0.86225,0.8405,present,max_t2m
26.8944009969548,0.8129903553457165,0.7361,0.762,0.784,0.89175,0.86225,0.84025,present,max_t2m
27.4072227894839,0.8130177517549854,0.73625,0.762,0.78425,0.89175,0.86225,0.84025,present,max_t2m
27.9200445820129,0.8130844256693793,0.7365,0.76225,0.78425,0.89175,0.86225,0.8405,present,max_t2m
28.4328663745419,0.8130737870410636,0.7365,0.76225,0.78425,0.89175,0.86225,0.8405,present,max_t2m
28.945688167071,0.8130160278312729,0.7363500000000001,0.76225,0.784,0.8915,0.86225,0.84025,present,max_t2m
29.4585099596,0.8130150649189289,0.7363500000000001,0.76225,0.784,0.8915,0.86225,0.84025,present,max_t2m
29.971331752129,0.8130038205876872,0.7363500000000001,0.76225,0.784,0.8915,0.86225,0.84025,present,max_t2m
30.4841535446581,0.8130038205876872,0.7363500000000001,0.76225,0.784,0.8915,0.86225,0.84025,present,max_t2m
30.9969753371871,0.8130038205876872,0.7363500000000001,0.76225,0.784,0.8915,0.86225,0.84025,present,max_t2m
31.5097971297161,0.8130038205876872,0.7363500000000001,0.76225,0.784,0.8915,0.86225,0.84025,present,max_t2m
32.0226189222452,0.8130038205876872,0.7363500000000001,0.76225,0.784,0.8915,0.86225,0.84025,present,max_t2m
32.5354407147742,0.8130038205876872,0.7363500000000001,0.76225,0.784,0.8915,0.86225,0.84025,present,max_t2m
33.0482625073032,0.8130038205876872,0.7363500000000001,0.76225,0.784,0.8915,0.86225,0.84025,present,max_t2m
33.5610842998323,0.8130038205876872,0.7363500000000001,0.76225,0.784,0.8915,0.86225,0.84025,present,max_t2m
34.0739060923613,0.8130038205876872,0.7363500000000001,0.76225,0.784,0.8915,0.86225,0.84025,present,max_t2m
34.5867278848903,0.8130038205876872,0.7363500000000001,0.76225,0.784,0.8915,0.86225,0.84025,present,max_t2m
35.0995496774194,0.8130038205876872,0.7363500000000001,0.76225,0.784,0.8915,0.86225,0.84025,present,max_t2m
-36.6349028,0.04380389751427882,0,0,0.001,0.268125,0.13325,0.05375,absent,coldest
-35.7629862384,0.04382199742579036,0,0,0.001,0.268125,0.13325,0.05375,absent,coldest
-34.8910696768,0.04233030327407288,0,0,0.001,0.2679375,0.13275,0.05125,absent,coldest
-34.0191531152,0.04172590700667685,0,0,0.001,0.267875,0.132,0.0495,absent,coldest
-33.1472365536,0.0414469270372456,0,0,0.001,0.26775,0.132,0.049,absent,coldest
-32.275319992,0.041511905719572036,0,0,0.001,0.269,0.13225,0.049,absent,coldest
-31.4034034304,0.04186678465127504,0,0,0.001,0.2708125,0.133,0.04975,absent,coldest
-30.5314868688,0.04192989300941195,0,0,0.001,0.271375,0.133,0.04975,absent,coldest
-29.6595703072,0.04203485238516612,0,0,7.5e-4,0.27,0.13325,0.05075,absent,coldest
-28.7876537456,0.03861937897192502,0,2.5e-4,5e-4,0.25,0.12225,0.04625,absent,coldest
-27.915737184,0.03534428042796235,0,0,5e-4,0.2475,0.1085,0.0395,absent,coldest
-27.0438206224,0.03541647896388062,0,0,2.5e-4,0.2480625,0.10975,0.0395,absent,coldest
-26.1719040608,0.03591637840881667,0,0,3.75e-4,0.25175,0.11025,0.0395,absent,coldest
-25.2999874992,0.03663070147212614,0,0,5e-4,0.2558125,0.11275,0.04025,absent,coldest
-24.4280709376,0.03711252111656343,0,0,2.5e-4,0.2593125,0.11475,0.04,absent,coldest
-23.556154376,0.03783026305204731,0,0,5e-4,0.2635625,0.1175,0.0415,absent,coldest
-22.6842378144,0.039628730592872655,0,0,5e-4,0.2684375,0.12325,0.045,absent,coldest
-21.8123212528,0.041708028316306,0,0,2.5e-4,0.2715,0.13,0.049625,absent,coldest
-20.9404046912,0.043043640897755614,0,0,2.5e-4,0.275,0.135,0.05225,absent,coldest
-20.0684881296,0.04395428766792696,0,0,2.5e-4,0.27656250000000004,0.138,0.054,absent,coldest
-19.196571568,0.04435536159600997,0,0,2.5e-4,0.2775,0.13925,0.05525,absent,coldest
-18.3246550064,0.04475138765988255,0,0,2.5e-4,0.27725,0.14,0.057375,absent,coldest
-17.4527384448,0.04511688520633899,0,0,5e-4,0.2763125,0.1405,0.06025,absent,coldest
-16.5808218832,0.04529897031614512,0,0,2.5e-4,0.27675,0.14075,0.0625,absent,coldest
-15.7089053216,0.04568029522966777,0,0,2.5e-4,0.276625,0.1425,0.064,absent,coldest
-14.83698876,0.04612482905639128,0,0,2.5e-4,0.2768125,0.143,0.06525,absent,coldest
-13.9650721984,0.046687816748451454,0,0,5e-4,0.278125,0.14475,0.0665,absent,coldest
-13.0931556368,0.04734506475746119,0,0,5e-4,0.27949999999999997,0.146,0.06825,absent,coldest
-12.2212390752,0.04765871611294345,0,0,5e-4,0.2818125,0.147,0.06925,absent,coldest
-11.3493225136,0.04776361515565924,0,0,7.5e-4,0.2815625,0.14725,0.06925,absent,coldest
-10.477405952,0.04748391118976752,0,0,7.5e-4,0.2798125,0.1465,0.06925,absent,coldest
-9.60548939040001,0.047362802670742506,0,0,7.5e-4,0.278375,0.14625,0.06925,absent,coldest
-8.73357282880001,0.047318437776526424,0,0,7.5e-4,0.27725,0.1465,0.06925,absent,coldest
-7.86165626720001,0.04743902340921889,0,0,7.5e-4,0.27475,0.14625,0.06975,absent,coldest
-6.98973970560001,0.04756157992116483,0,0,7.5e-4,0.27156250000000004,0.1475,0.0715,absent,coldest
-6.11782314400001,0.047477737108840797,0,0,7.5e-4,0.270125,0.147,0.0715,absent,coldest
-5.2459065824,0.04784371731960422,0,0,7.5e-4,0.270125,0.1475,0.07175,absent,coldest
-4.37399002080001,0.04787830826160405,0,0,0.001,0.26975,0.14675,0.0715,absent,coldest
-3.50207345920001,0.04782591907328453,0,0,0.001,0.26968749999999997,0.14675,0.0715,absent,coldest
-2.6301568976,0.04782187675971362,0,0,0.001,0.26968749999999997,0.14675,0.0715,absent,coldest
-1.758240336,0.04782173598262408,0,0,0.001,0.26968749999999997,0.14675,0.0715,absent,coldest
-0.886323774400005,0.047821514761483386,0,0,0.001,0.26968749999999997,0.14675,0.0715,absent,coldest
-0.0144072128000019,0.047821514761483386,0,0,0.001,0.26968749999999997,0.14675,0.0715,absent,coldest
0.857509348800001,0.047821514761483386,0,0,0.001,0.26968749999999997,0.14675,0.0715,absent,coldest
1.7294259104,0.047821514761483386,0,0,0.001,0.26968749999999997,0.14675,0.0715,absent,coldest
2.601342472,0.047821514761483386,0,0,0.001,0.26968749999999997,0.14675,0.0715,absent,coldest
3.4732590336,0.047821514761483386,0,0,0.001,0.26968749999999997,0.14675,0.0715,absent,coldest
4.3451755952,0.047821514761483386,0,0,0.001,0.26968749999999997,0.14675,0.0715,absent,coldest
5.2170921568,0.047821514761483386,0,0,0.001,0.26968749999999997,0.14675,0.0715,absent,coldest
6.0890087184,0.047821514761483386,0,0,0.001,0.26968749999999997,0.14675,0.0715,absent,coldest
6.96092528,0.047821514761483386,0,0,0.001,0.26968749999999997,0.14675,0.0715,absent,coldest
-36.6349028,0.654581738833323,0.525,0.563,0.6005,0.8055,0.743,0.703,present,coldest
-35.7629862384,0.6545867708268622,0.525,0.563,0.6005,0.8055,0.743,0.703,present,coldest
-34.8910696768,0.6542677051624527,0.52425,0.5626500000000001,0.60025,0.8055,0.74275,0.70275,present,coldest
-34.0191531152,0.6541058892961421,0.524,0.5624,0.6,0.8055,0.7425,0.70275,present,coldest
-33.1472365536,0.654595235136982,0.52425,0.56325,0.6005,0.80575,0.74325,0.703,present,coldest
-32.275319992,0.6567578275455053,0.526,0.56525,0.60275,0.8074000000000001,0.74525,0.705,present,coldest
-31.4034034304,0.6633887680934335,0.5305,0.5705,0.609,0.82,0.7525,0.71225,present,coldest
-30.5314868688,0.6766110144747468,0.53975,0.58325,0.62475,0.83925,0.7646,0.72375,present,coldest
-29.6595703072,0.6903913462135801,0.55075,0.59625,0.64025,0.86275,0.7785,0.736,present,coldest
-28.7876537456,0.8440630396968379,0.7155,0.7655,0.80425,0.9675,0.913,0.88575,present,coldest
-27.915737184,0.923063956016649,0.7935,0.8445,0.87975,0.99925,0.9905,0.9715,present,coldest
-27.0438206224,0.9321419053239733,0.8006,0.853,0.89225,0.99825,0.9925,0.97875,present,coldest
-26.1719040608,0.9425827328073554,0.80935,0.8621500000000001,0.90825,0.9985,0.9945,0.9855,present,coldest
-25.2999874992,0.9495915232652047,0.81285,0.868,0.9195,0.999,0.99625,0.991,present,coldest
-24.4280709376,0.9566673448468659,0.8181,0.8775,0.9355,0.9995,0.998,0.994,present,coldest
-23.556154376,0.9625575573088153,0.8215,0.89175,0.951,0.9995,0.9985,0.99525,present,coldest
-22.6842378144,0.9651222432751444,0.8230999999999999,0.8955,0.9565,0.9995,0.9985,0.99625,present,coldest
-21.8123212528,0.967868640119277,0.82525,0.9,0.96175,0.99975,0.999,0.9975,present,coldest
-20.9404046912,0.9694622289867677,0.826,0.90625,0.964,1,0.9995,0.998,present,coldest
-20.0684881296,0.9715693762812947,0.82735,0.91825,0.96675,1,0.9995,0.998,present,coldest
-19.196571568,0.9728846679505497,0.8305,0.92625,0.969,1,0.9995,0.998,present,coldest
-18.3246550064,0.9728288656271354,0.8371,0.9285,0.96875,1,0.99925,0.9975,present,coldest
-17.4527384448,0.9722918556252718,0.8407,0.92975,0.9685,0.99975,0.999,0.99675,present,coldest
-16.5808218832,0.97105437348574275,0.8441,0.93,0.96675,0.99975,0.99875,0.9955,present,coldest
-15.7089053216,0.96820413741691,0.84785,0.93025,0.9605,0.9995,0.998,0.9935,present,coldest
-14.83698876,0.9668550195688638,0.8451,0.92925,0.9585,0.999,0.99725,0.99225,present,coldest
-13.9650721984,0.965376995713487,0.84385,0.9275,0.95675,0.99875,0.99625,0.991,present,coldest
-13.0931556368,0.963940159657079,0.843,0.925,0.95475,0.999,0.99575,0.99025,present,coldest
-12.2212390752,0.9609070013045908,0.84175,0.921,0.951,0.99875,0.99325,0.98725,present,coldest
-11.3493225136,0.9533412747716965,0.8401000000000001,0.91525,0.94425,0.999,0.9845,0.97675,present,coldest
-10.477405952,0.9219869696216686,0.8326,0.8905,0.907,0.99875,0.97225,0.938,present,coldest
-9.60548939040001,0.9146919612350127,0.83025,0.88325,0.89725,0.998,0.9685,0.9325,present,coldest
-8.73357282880001,0.9113307448592906,0.8287,0.87975,0.8935,0.9965,0.96525,0.92875,present,coldest
-7.86165626720001,0.9018247344225632,0.8225,0.8694,0.8835,0.98375,0.9535,0.9205,present,coldest
-6.98973970560001,0.8632953034726968,0.79235,0.8246500000000001,0.8415,0.95325,0.9130999999999999,0.885,present,coldest
-6.11782314400001,0.8585877648008946,0.7895,0.822,0.8385,0.9495,0.9060999999999999,0.87625,present,coldest
-5.2459065824,0.8581728427657328,0.78925,0.8215,0.838,0.9495,0.90575,0.876,present,coldest
-4.37399002080001,0.8564384978567435,0.7885,0.8205,0.837,0.94525,0.90375,0.874,present,coldest
-3.50207345920001,0.8557069019071877,0.78825,0.82,0.8365,0.94265,0.90175,0.87325,present,coldest
-2.6301568976,0.8556186401192768,0.78825,0.82,0.8365,0.9425,0.9015,0.873,present,coldest
-1.758240336,0.8556184692799901,0.78825,0.82,0.8365,0.9425,0.9015,0.873,present,coldest
-0.886323774400005,0.8556178480462198,0.78825,0.82,0.8365,0.9424000000000001,0.9015,0.873,present,coldest
-0.0144072128000019,0.8556178480462198,0.78825,0.82,0.8365,0.9424000000000001,0.9015,0.873,present,coldest
0.857509348800001,0.8556178480462198,0.78825,0.82,0.8365,0.9424000000000001,0.9015,0.873,present,coldest
1.7294259104,0.8556178480462198,0.78825,0.82,0.8365,0.9424000000000001,0.9015,0.873,present,coldest
2.601342472,0.8556178480462198,0.78825,0.82,0.8365,0.9424000000000001,0.9015,0.873,present,coldest
3.4732590336,0.8556178480462198,0.78825,0.82,0.8365,0.9424000000000001,0.9015,0.873,present,coldest
4.3451755952,0.8556178480462198,0.78825,0.82,0.8365,0.9424000000000001,0.9015,0.873,present,coldest
5.2170921568,0.8556178480462198,0.78825,0.82,0.8365,0.9424000000000001,0.9015,0.873,present,coldest
6.0890087184,0.8556178480462198,0.78825,0.82,0.8365,0.9424000000000001,0.9015,0.873,present,coldest
6.96092528,0.8556178480462198,0.78825,0.82,0.8365,0.9424000000000001,0.9015,0.873,present,coldest
13.6582087,0.048890032982060974,0,0,2.5e-4,0.24387499999999998,0.13125,0.0805,absent,min_rh_lag
14.909530566,0.048890032982060974,0,0,2.5e-4,0.24387499999999998,0.13125,0.0805,absent,min_rh_lag
16.160852432,0.048890032982060974,0,0,2.5e-4,0.24387499999999998,0.13125,0.0805,absent,min_rh_lag
17.412174298,0.04892685624648057,0,0,2.5e-4,0.24387499999999998,0.13125,0.0805,absent,min_rh_lag
18.663496164,0.04894445338267235,0,0,2.5e-4,0.244375,0.1315,0.0805,absent,min_rh_lag
19.91481803,0.048485218405598905,0,0,2.5e-4,0.244375,0.13075,0.08,absent,min_rh_lag
21.166139896,0.04831385246561017,0,0,5e-4,0.24387499999999998,0.13075,0.07975,absent,min_rh_lag
22.417461762,0.048054701954790446,0,0,2.5e-4,0.24368749999999997,0.13075,0.079375,absent,min_rh_lag
23.668783628,0.04762452739119942,0,0,2.5e-4,0.24368749999999997,0.1305,0.079,absent,min_rh_lag
24.920105494,0.047403406805566727,0,0,2.5e-4,0.24368749999999997,0.13025,0.07875,absent,min_rh_lag
26.17142736,0.04725528919636393,0,0,2.5e-4,0.24587499999999998,0.12975,0.0785,absent,min_rh_lag
27.422749226,0.046930737671949156,0,0,2.5e-4,0.2445,0.1295,0.07775,absent,min_rh_lag
28.674071092,0.04651160405438018,0,0,5e-4,0.2433125,0.1285,0.0765,absent,min_rh_lag
29.925392958,0.04617387981658756,0,0,2.5e-4,0.244,0.12775,0.07575,absent,min_rh_lag
31.176714824,0.04571347840077226,0,0,2.5e-4,0.2466875,0.12675,0.0745,absent,min_rh_lag
32.42803669,0.044523489662939425,0,0,2.5e-4,0.2475625,0.1245,0.07175,absent,min_rh_lag
33.679358556,0.04359880540584024,0,0,2.5e-4,0.24575,0.123,0.06975,absent,min_rh_lag
34.930680422,0.041897695277934195,0,0,2.5e-4,0.2435625,0.1195,0.06525,absent,min_rh_lag
36.182002288,0.04010113828332395,0,0,5e-4,0.23956249999999998,0.1145,0.0605,absent,min_rh_lag
37.433324154,0.039426373582173595,0,0,5e-4,0.2381875,0.1125,0.05875,absent,min_rh_lag
38.68464602,0.03805357573807417,0,0,5e-4,0.23481249999999998,0.10775,0.0555,absent,min_rh_lag
39.935967886,0.0372915292414126,0,0,5e-4,0.23225,0.105,0.0535,absent,min_rh_lag
41.187289752,0.03672013514600595,0,0,5e-4,0.23112500000000002,0.103,0.052,absent,min_rh_lag
42.438611618,0.035959556753278096,0,2.5e-4,5e-4,0.2284375,0.10125,0.05,absent,min_rh_lag
43.689933484,0.0361579720054702,0,2.5e-4,7.5e-4,0.22925,0.102,0.0505,absent,min_rh_lag
44.94125535,0.036160103772826004,0,2.5e-4,7.5e-4,0.2300625,0.10275,0.05025,absent,min_rh_lag
46.192577216,0.036696504705977,0,2.5e-4,7.5e-4,0.2310625,0.105,0.05125,absent,min_rh_lag
47.443899082,0.03706204247445902,2.5e-4,5e-4,0.001,0.23225,0.10525,0.05125,absent,min_rh_lag
48.695220948,0.0376663180757783,2.5e-4,7.5e-4,0.00175,0.2335625,0.107,0.05075,absent,min_rh_lag
49.946542814,0.038355261040946026,5e-4,0.001,0.002,0.23481249999999998,0.10925,0.0515,absent,min_rh_lag
51.19786468,0.0382947470034591,5e-4,0.00125,0.00225,0.2340625,0.1085,0.05025,absent,min_rh_lag
52.449186546,0.03805170541388465,5e-4,0.00125,0.00225,0.2328125,0.10725,0.04875,absent,min_rh_lag
53.700508412,0.03864483951411793,5e-4,0.00125,0.00225,0.23568749999999997,0.11,0.0475,absent,min_rh_lag
54.951830278,0.039787909259110285,7.5e-4,0.00125,0.00275,0.246375,0.1185,0.04625,absent,min_rh_lag
56.203152144,0.041653869358860916,7.5e-4,0.00125,0.003,0.25425,0.1265,0.04875,absent,min_rh_lag
57.45447401,0.04208434558764379,7.5e-4,0.00125,0.003,0.25606249999999997,0.12875,0.0495,absent,min_rh_lag
58.705795876,0.0421767959134422,7.5e-4,0.00125,0.003,0.2563125,0.13075,0.049875,absent,min_rh_lag
59.957117742,0.04225068377443488,7.5e-4,0.00125,0.00275,0.256125,0.1315,0.0505,absent,min_rh_lag
61.208439608,0.042164065642345754,7.5e-4,0.00125,0.00275,0.2558125,0.13125,0.0505,absent,min_rh_lag
62.459761474,0.04218039578473172,7.5e-4,0.00125,0.00275,0.25525,0.13125,0.05075,absent,min_rh_lag
63.71108334,0.04211563832354597,7.5e-4,0.00125,0.00275,0.2545625,0.1315,0.0515,absent,min_rh_lag
64.962405206,0.042119801303193635,7.5e-4,0.00125,0.00275,0.25387499999999996,0.1315,0.0515,absent,min_rh_lag
66.213727072,0.04216036521599228,7.5e-4,0.00125,0.00275,0.2538125,0.1315,0.0515,absent,min_rh_lag
67.465048938,0.04217343737430617,7.5e-4,0.00125,0.00275,0.25387499999999996,0.1315,0.051625,absent,min_rh_lag
68.716370804,0.042171888826321294,7.5e-4,0.00125,0.00275,0.25387499999999996,0.1315,0.051625,absent,min_rh_lag
69.96769267,0.04222136191778618,7.5e-4,0.00125,0.00275,0.25387499999999996,0.1315,0.05175,absent,min_rh_lag
71.219014536,0.04227159922773711,7.5e-4,0.00125,0.00275,0.25387499999999996,0.1315,0.05175,absent,min_rh_lag
72.470336402,0.042271538894698736,7.5e-4,0.00125,0.00275,0.25387499999999996,0.1315,0.05175,absent,min_rh_lag
73.721658268,0.042271538894698736,7.5e-4,0.00125,0.00275,0.25387499999999996,0.1315,0.05175,absent,min_rh_lag
74.972980134,0.042271538894698736,7.5e-4,0.00125,0.00275,0.25387499999999996,0.1315,0.05175,absent,min_rh_lag
76.224302,0.042271538894698736,7.5e-4,0.00125,0.00275,0.25387499999999996,0.1315,0.05175,absent,min_rh_lag
13.6582087,0.9077215164316332,0.7858499999999999,0.84325,0.8835,0.97075,0.95725,0.9445,present,min_rh_lag
14.909530566,0.9077215164316332,0.7858499999999999,0.84325,0.8835,0.97075,0.95725,0.9445,present,min_rh_lag
16.160852432,0.9077215164316332,0.7858499999999999,0.84325,0.8835,0.97075,0.95725,0.9445,present,min_rh_lag
17.412174298,0.9084098434490899,0.786,0.8435,0.88425,0.972,0.95775,0.94525,present,min_rh_lag
18.663496164,0.9091984841896006,0.786,0.8435,0.88475,0.977,0.959,0.946,present,min_rh_lag
19.91481803,0.9092289246443437,0.786,0.8435,0.88475,0.9776500000000001,0.959,0.946,present,min_rh_lag
21.166139896,0.9106555258743866,0.787,0.84375,0.88525,0.98175,0.96125,0.94825,present,min_rh_lag
22.417461762,0.9114099055724669,0.78735,0.844,0.88575,0.9845,0.9625,0.94925,present,min_rh_lag
23.668783628,0.9124429086165124,0.7881,0.84425,0.88625,0.98675,0.964,0.95075,present,min_rh_lag
24.920105494,0.9126269335901099,0.78825,0.84425,0.8865,0.9855,0.9645,0.951,present,min_rh_lag
26.17142736,0.9173930546064484,0.79425,0.8475,0.8935,0.986,0.967,0.95475,present,min_rh_lag
27.422749226,0.9264845312791203,0.80435,0.85275,0.90225,0.98875,0.973,0.96375,present,min_rh_lag
28.674071092,0.9395833074485929,0.81785,0.8655,0.91625,0.992,0.9855,0.97725,present,min_rh_lag
29.925392958,0.9493155401627633,0.82625,0.87975,0.9255,0.99775,0.9935,0.9875,present,min_rh_lag
31.176714824,0.960668447536808,0.832,0.89075,0.9445,0.9995,0.99775,0.9945,present,min_rh_lag
32.42803669,0.9631058116419209,0.8317,0.8925,0.94725,0.99975,0.999,0.9965,present,min_rh_lag
33.679358556,0.9640691588494751,0.8331,0.89475,0.94875,0.99975,0.99925,0.997,present,min_rh_lag
34.930680422,0.9651869447723178,0.84025,0.901,0.95075,1,0.9995,0.9975,present,min_rh_lag
36.182002288,0.9655092253214884,0.8446,0.9055,0.949,1,0.9995,0.9975,present,min_rh_lag
37.433324154,0.9657608405292911,0.8431000000000001,0.9055,0.9505,1,0.9995,0.99775,present,min_rh_lag
38.68464602,0.9653192054420078,0.8415999999999999,0.90525,0.95,1,0.99925,0.99725,present,min_rh_lag
39.935967886,0.9651152699260731,0.8415,0.9055,0.95025,1,0.99925,0.99675,present,min_rh_lag
41.187289752,0.9628939864571038,0.839,0.904,0.9465,0.99975,0.99875,0.995,present,min_rh_lag
42.438611618,0.9590449307324346,0.8351,0.8985,0.94125,0.9995,0.99775,0.9925,present,min_rh_lag
43.689933484,0.955792352612288,0.8343500000000001,0.89365000000000006,0.93675,0.99875,0.996,0.99,present,min_rh_lag
44.94125535,0.9502430887743057,0.8311,0.8875,0.92875,0.998,0.994,0.98575,present,min_rh_lag
46.192577216,0.9436918835807914,0.82375,0.87725,0.91975,0.999,0.995,0.98175,present,min_rh_lag
47.443899082,0.9411932192333975,0.817,0.8686500000000001,0.9145,0.99925,0.99525,0.98125,present,min_rh_lag
48.695220948,0.938485602907374,0.808,0.85975,0.91,0.9995,0.99575,0.981,present,min_rh_lag
49.946542814,0.9352676741007641,0.80185,0.855,0.9065,0.9995,0.995,0.9785,present,min_rh_lag
51.19786468,0.9312514909610486,0.7945,0.84975,0.9025,0.99675,0.99,0.97525,present,min_rh_lag
52.449186546,0.9257352922904889,0.7885,0.846,0.89875,0.9945,0.982,0.9675,present,min_rh_lag
53.700508412,0.9055528669938497,0.744,0.81975,0.879,0.98575,0.9655,0.94925,present,min_rh_lag
54.951830278,0.8627492234577872,0.6845,0.771,0.832,0.983,0.93025,0.906,present,min_rh_lag
56.203152144,0.8495822358203392,0.66175,0.75475,0.81775,0.98115,0.91975,0.89275,present,min_rh_lag
57.45447401,0.8468402342051314,0.6561,0.74975,0.815,0.979,0.9175,0.89,present,min_rh_lag
58.705795876,0.8383672268124495,0.645,0.73915,0.8075,0.97315,0.90875,0.8815,present,min_rh_lag
59.957117742,0.8270966639746536,0.63635,0.73,0.79825,0.9579,0.89525,0.86875,present,min_rh_lag
61.208439608,0.8247468938311486,0.6355999999999999,0.7289,0.79675,0.9544000000000001,0.892,0.86575,present,min_rh_lag
62.459761474,0.8231497639311672,0.63475,0.72725,0.795,0.9488000000000001,0.89,0.8645,present,min_rh_lag
63.71108334,0.818758837050382,0.632,0.7235,0.7925,0.9256500000000001,0.88525,0.86075,present,min_rh_lag
64.962405206,0.8182952102876312,0.6321,0.7235,0.792,0.9236500000000001,0.88475,0.86025,present,min_rh_lag
66.213727072,0.8180162297322482,0.63235,0.72325,0.792,0.921,0.88425,0.86,present,min_rh_lag
67.465048938,0.8177537274026216,0.63225,0.72315,0.792,0.91975,0.884,0.85975,present,min_rh_lag
68.716370804,0.8177276666459589,0.63225,0.72315,0.792,0.9195,0.884,0.85975,present,min_rh_lag
69.96769267,0.8177173541653724,0.63225,0.72315,0.792,0.9194,0.884,0.85975,present,min_rh_lag
71.219014536,0.8176714139280611,0.63225,0.723,0.792,0.91925,0.884,0.85975,present,min_rh_lag
72.470336402,0.8176713828663726,0.63225,0.723,0.792,0.91925,0.884,0.85975,present,min_rh_lag
73.721658268,0.8176713828663726,0.63225,0.723,0.792,0.91925,0.884,0.85975,present,min_rh_lag
74.972980134,0.8176713828663726,0.63225,0.723,0.792,0.91925,0.884,0.85975,present,min_rh_lag
76.224302,0.8176713828663726,0.63225,0.723,0.792,0.91925,0.884,0.85975,present,min_rh_lag
0.626165771484409,0.038561720698254365,0,7.5e-4,0.002,0.27125,0.118,0.0405,absent,gdd_season_lag
25.9676414794922,0.038561720698254365,0,7.5e-4,0.002,0.27125,0.118,0.0405,absent,gdd_season_lag
51.3091171875,0.038561720698254365,0,7.5e-4,0.002,0.27125,0.118,0.0405,absent,gdd_season_lag
76.6505928955078,0.038561720698254365,0,7.5e-4,0.002,0.27125,0.118,0.0405,absent,gdd_season_lag
101.992068603516,0.03856274635990669,0,7.5e-4,0.002,0.27125,0.118,0.0405,absent,gdd_season_lag
127.333544311523,0.03858311881586357,0,7.5e-4,0.002,0.27125,0.11825,0.040625,absent,gdd_season_lag
152.675020019531,0.038412054541066686,0,7.5e-4,0.002,0.27125,0.118,0.04,absent,gdd_season_lag
178.016495727539,0.038188761966052615,0,7.5e-4,0.002,0.2710625,0.118,0.03925,absent,gdd_season_lag
203.357971435547,0.03806119781192181,0,7.5e-4,0.002,0.2708125,0.118,0.039,absent,gdd_season_lag
228.699447143555,0.037999215670501164,0,7.5e-4,0.002,0.2708125,0.11825,0.03875,absent,gdd_season_lag
254.040922851562,0.03790728823103531,0,7.5e-4,0.00175,0.2708125,0.118,0.03875,absent,gdd_season_lag
279.38239855957,0.03783613546778216,0,7.5e-4,0.00175,0.2708125,0.11775,0.0385,absent,gdd_season_lag
304.723874267578,0.0378080001608881,0,7.5e-4,0.00175,0.271,0.11775,0.0385,absent,gdd_season_lag
330.065349975586,0.037776727535998714,0,7.5e-4,0.00175,0.2708125,0.11775,0.03825,absent,gdd_season_lag
355.406825683594,0.03776371571072319,0,7.5e-4,0.00175,0.2710625,0.11775,0.03825,absent,gdd_season_lag
380.748301391602,0.03777765264258708,0,7.5e-4,0.00175,0.271375,0.11775,0.03825,absent,gdd_season_lag
406.089777099609,0.03780685383315904,0,7.5e-4,0.00175,0.271875,0.11775,0.03825,absent,gdd_season_lag
431.431252807617,0.0377957927761242,0,7.5e-4,0.00175,0.27256250000000004,0.11775,0.038,absent,gdd_season_lag
456.772728515625,0.03765222025581209,0,7.5e-4,0.00175,0.2743125,0.11775,0.03725,absent,gdd_season_lag
482.114204223633,0.03761374788834366,0,5e-4,0.00175,0.2740625,0.11775,0.03675,absent,gdd_season_lag
507.455679931641,0.03745589654895021,0,5e-4,0.00175,0.2728125,0.117,0.036,absent,gdd_season_lag
532.797155639649,0.03728977958329982,0,5e-4,0.00175,0.2725625,0.1165,0.0355,absent,gdd_season_lag
558.138631347656,0.03736585954468667,0,5e-4,0.00175,0.27325,0.11675,0.0355,absent,gdd_season_lag
583.480107055664,0.03740193870163302,0,5e-4,0.00175,0.2735625,0.11625,0.035375,absent,gdd_season_lag
608.821582763672,0.03734281232402864,0,5e-4,0.00175,0.2738125,0.11575,0.03525,absent,gdd_season_lag
634.16305847168,0.03746729949320248,0,5e-4,0.00175,0.2745,0.11475,0.035,absent,gdd_season_lag
659.504534179687,0.03789027431421446,0,5e-4,0.00175,0.27475,0.11375,0.03675,absent,gdd_season_lag
684.846009887695,0.03884528597860189,0,5e-4,0.00175,0.275875,0.11325,0.0395,absent,gdd_season_lag
710.187485595703,0.0390237511061057,0,5e-4,0.0015,0.2629375,0.1105,0.047,absent,gdd_season_lag
735.528961303711,0.039980532539618696,0,5e-4,0.0015,0.2545625,0.10975,0.054,absent,gdd_season_lag
760.870437011719,0.041248853672270935,0,5e-4,0.00125,0.2440625,0.11425,0.06075,absent,gdd_season_lag
786.211912719727,0.04217749979888987,0,2.5e-4,0.001,0.24362499999999998,0.1165,0.06475,absent,gdd_season_lag
811.553388427734,0.04291885206338992,0,0,5e-4,0.24181249999999999,0.1175,0.068,absent,gdd_season_lag
836.894864135742,0.043560252594320656,0,0,5e-4,0.241,0.11825,0.07075,absent,gdd_season_lag
862.23633984375,0.04432770895342289,0,0,2.5e-4,0.237375,0.121,0.073125,absent,gdd_season_lag
887.577815551758,0.04489075697852144,0,0,2.5e-4,0.23475,0.12275,0.07525,absent,gdd_season_lag
912.919291259765,0.0450516048588207,0,0,2.5e-4,0.2318125,0.123,0.076,absent,gdd_season_lag
938.260766967773,0.04548495696243263,0,0,2.5e-4,0.2310625,0.124,0.07725,absent,gdd_season_lag
963.602242675781,0.04597264902260478,0,0,2.5e-4,0.2315,0.12475,0.07825,absent,gdd_season_lag
988.943718383789,0.04630820127101601,0,0,2.5e-4,0.229875,0.12525,0.079,absent,gdd_season_lag
1014.2851940918,0.047300498753117204,0,0,2.5e-4,0.2315625,0.12725,0.080875,absent,gdd_season_lag
1039.6266697998,0.04736606065481458,0,0,2.5e-4,0.23118750000000002,0.127,0.081,absent,gdd_season_lag
1064.96814550781,0.047372898399163386,0,0,2.5e-4,0.23075,0.127,0.081,absent,gdd_season_lag
1090.30962121582,0.0475682768884241,0,0,5e-4,0.23125,0.127,0.081,absent,gdd_season_lag
1115.65109692383,0.047647896388062105,0,0,5e-4,0.23125,0.12725,0.08125,absent,gdd_season_lag
1140.99257263184,0.04764570428766793,0,0,5e-4,0.23125,0.12725,0.08125,absent,gdd_season_lag
1166.33404833984,0.04764570428766793,0,0,5e-4,0.23125,0.12725,0.08125,absent,gdd_season_lag
1191.67552404785,0.04764570428766793,0,0,5e-4,0.23125,0.12725,0.08125,absent,gdd_season_lag
1217.01699975586,0.04764570428766793,0,0,5e-4,0.23125,0.12725,0.08125,absent,gdd_season_lag
1242.35847546387,0.04764570428766793,0,0,5e-4,0.23125,0.12725,0.08125,absent,gdd_season_lag
1267.69995117188,0.04764570428766793,0,0,5e-4,0.23125,0.12725,0.08125,absent,gdd_season_lag
0.626165771484409,0.8370646083121078,0.7316,0.7769000000000001,0.8065,0.94075,0.9075,0.8715,present,gdd_season_lag
25.9676414794922,0.8370646083121078,0.7316,0.7769000000000001,0.8065,0.94075,0.9075,0.8715,present,gdd_season_lag
51.3091171875,0.8370646083121078,0.7316,0.7769000000000001,0.8065,0.94075,0.9075,0.8715,present,gdd_season_lag
76.6505928955078,0.8370646083121078,0.7316,0.7769000000000001,0.8065,0.94075,0.9075,0.8715,present,gdd_season_lag
101.992068603516,0.837070246008573,0.7316,0.7769000000000001,0.8065,0.9409000000000001,0.9075,0.8715,present,gdd_season_lag
127.333544311523,0.8372507920730571,0.7318500000000001,0.777,0.8065,0.9415,0.908,0.87175,present,gdd_season_lag
152.675020019531,0.8375658352488041,0.7316,0.777,0.8065,0.94375,0.9085999999999999,0.872,present,gdd_season_lag
178.016495727539,0.8388088929614214,0.73175,0.777,0.80675,0.953,0.911,0.87325,present,gdd_season_lag
203.357971435547,0.8387525159967696,0.7316,0.777,0.8065,0.9535,0.911,0.87325,present,gdd_season_lag
228.699447143555,0.83877444554886,0.7316,0.777,0.80675,0.9535,0.911,0.87325,present,gdd_season_lag
254.040922851562,0.838831319500528,0.7316,0.777,0.80675,0.954,0.91125,0.87325,present,gdd_season_lag
279.38239855957,0.8388544759893147,0.7316,0.777,0.80675,0.9539000000000001,0.9113499999999999,0.87325,present,gdd_season_lag
304.723874267578,0.8388793253401255,0.7316,0.777,0.8065,0.95425,0.9115,0.87325,present,gdd_season_lag
330.065349975586,0.8390968192830963,0.73175,0.77725,0.80675,0.9546500000000001,0.91175,0.8735,present,gdd_season_lag
355.406825683594,0.8393192054420078,0.7318500000000001,0.77725,0.807,0.955,0.912,0.874,present,gdd_season_lag
380.748301391602,0.8408670404423185,0.7325,0.7785,0.808,0.957,0.915,0.87575,present,gdd_season_lag
406.089777099609,0.8425240417469094,0.7331,0.77975,0.8095,0.95925,0.9175,0.87775,present,gdd_season_lag
431.431252807617,0.8439799962725973,0.73385,0.781,0.8105,0.961,0.922,0.87925,present,gdd_season_lag
456.772728515625,0.8520680872212213,0.73535,0.785,0.8155,0.981,0.944,0.88775,present,gdd_season_lag
482.114204223633,0.85414751195875,0.7365,0.786,0.8165,0.9855,0.94875,0.89025,present,gdd_season_lag
507.455679931641,0.8551093371435671,0.73625,0.786,0.817,0.9885,0.95075,0.8915,present,gdd_season_lag
532.797155639649,0.8572258805988693,0.73675,0.78675,0.819,0.99025,0.9533499999999999,0.894,present,gdd_season_lag
558.138631347656,0.860302276821768,0.73775,0.78875,0.822,0.99375,0.95625,0.8975,present,gdd_season_lag
583.480107055664,0.8622558240665963,0.73885,0.79025,0.824,0.994,0.958,0.89975,present,gdd_season_lag
608.821582763672,0.8648756445300366,0.74025,0.79225,0.827,0.993,0.961,0.90375,present,gdd_season_lag
634.16305847168,0.8714298937690252,0.7451,0.79775,0.83425,0.99375,0.964,0.9115,present,gdd_season_lag
659.504534179687,0.8784667174007579,0.75075,0.80325,0.84325,0.99525,0.9665999999999999,0.9195,present,gdd_season_lag
684.846009887695,0.881814188979313,0.7545999999999999,0.807,0.84825,0.9945,0.9645,0.92225,present,gdd_season_lag
710.187485595703,0.9163312107846182,0.7976,0.8505,0.89475,0.99225,0.9695,0.9485,present,gdd_season_lag
735.528961303711,0.939668742622849,0.815,0.881,0.923,0.99425,0.98175,0.96925,present,gdd_season_lag
760.870437011719,0.9634519786295583,0.81725,0.90075,0.954,0.99975,0.99775,0.9935,present,gdd_season_lag
786.211912719727,0.966668261166677,0.8165,0.90125,0.95975,0.99975,0.99875,0.996,present,gdd_season_lag
811.553388427734,0.9675871901596571,0.8141,0.89825,0.96175,0.99975,0.999,0.997,present,gdd_season_lag
836.894864135742,0.9675231564887867,0.8125,0.896,0.9625,0.99975,0.99925,0.9975,present,gdd_season_lag
862.23633984375,0.9662403864074051,0.8115,0.89275,0.96175,1,0.99925,0.997,present,gdd_season_lag
887.577815551758,0.9645987140460955,0.80985,0.8905,0.96,1,0.999,0.99675,present,gdd_season_lag
912.919291259765,0.960971143691371,0.80845,0.8875,0.95225,1,0.99925,0.99575,present,gdd_season_lag
938.260766967773,0.9581774088339442,0.807,0.885,0.947,1,0.99875,0.99425,present,gdd_season_lag
963.602242675781,0.9537463813132881,0.80585,0.8815,0.9405,0.99975,0.99775,0.98975,present,gdd_season_lag
988.943718383789,0.9490159657078958,0.804,0.878,0.933,0.999,0.996,0.9855,present,gdd_season_lag
1014.2851940918,0.941298704727589,0.8005,0.872,0.92025,0.998,0.99325,0.98075,present,gdd_season_lag
1039.6266697998,0.931824843138473,0.7988500000000001,0.86725,0.91075,0.99125,0.98375,0.97,present,gdd_season_lag
1064.96814550781,0.9297534789091134,0.7985,0.86575,0.9075,0.99025,0.98225,0.968,present,gdd_season_lag
1090.30962121582,0.9264473349071256,0.79825,0.8645,0.905,0.98575,0.97675,0.96325,present,gdd_season_lag
1115.65109692383,0.9260095825309064,0.79825,0.8644000000000001,0.90475,0.985,0.976,0.96275,present,gdd_season_lag
1140.99257263184,0.9258560601354289,0.79825,0.86425,0.90475,0.98475,0.97575,0.9625,present,gdd_season_lag
1166.33404833984,0.9258560601354289,0.79825,0.86425,0.90475,0.98475,0.97575,0.9625,present,gdd_season_lag
1191.67552404785,0.9258560601354289,0.79825,0.86425,0.90475,0.98475,0.97575,0.9625,present,gdd_season_lag
1217.01699975586,0.9258560601354289,0.79825,0.86425,0.90475,0.98475,0.97575,0.9625,present,gdd_season_lag
1242.35847546387,0.9258560601354289,0.79825,0.86425,0.90475,0.98475,0.97575,0.9625,present,gdd_season_lag
1267.69995117188,0.9258560601354289,0.79825,0.86425,0.90475,0.98475,0.97575,0.9625,present,gdd_season_lag
0,0.028476671225162897,0,0,0,0.21575,0.0875,0.027625,absent,Pseudotsuga_pres
1,0.043611012790604135,0.00175,0.007,0.01325,0.250625,0.10025,0.042,absent,Pseudotsuga_pres
0,0.8651737746163881,0.691,0.74325,0.7915,0.99975,0.99375,0.9465,present,Pseudotsuga_pres
1,0.9653626452133938,0.7655,0.854,0.9735,1,1,0.99925,present,Pseudotsuga_pres
0.0660114972127348,0.04921908937334084,0,0,5e-4,0.2640625,0.134,0.074,absent,sum_tp
0.133939035270318,0.04921908937334084,0,0,5e-4,0.2640625,0.134,0.074,absent,sum_tp
0.201866573327902,0.04921908937334084,0,0,5e-4,0.2640625,0.134,0.074,absent,sum_tp
0.269794111385485,0.049122234735741295,0,0,5e-4,0.2640625,0.13375,0.07375,absent,sum_tp
0.337721649443068,0.04800476631003137,0,0,2.5e-4,0.2660625,0.134,0.07325,absent,sum_tp
0.405649187500652,0.0479306371168852,0,0,2.5e-4,0.2675,0.1335,0.07325,absent,sum_tp
0.473576725558235,0.04346239240608157,0,2.5e-4,5e-4,0.2630625,0.1255,0.06325,absent,sum_tp
0.541504263615819,0.04343590620223634,0,2.5e-4,7.5e-4,0.2613125,0.12475,0.0625,absent,sum_tp
0.609431801673402,0.041601982945861156,0,2.5e-4,7.5e-4,0.25775,0.1215,0.057,absent,sum_tp
0.677359339730985,0.03950197087925348,2.5e-4,7.5e-4,0.0015,0.2568125,0.11725,0.04975,absent,sum_tp
0.745286877788569,0.03909713619177862,2.5e-4,7.5e-4,0.00175,0.252,0.117,0.048875,absent,sum_tp
0.813214415846152,0.038938118413643315,5e-4,0.001,0.00175,0.24875,0.11625,0.048,absent,sum_tp
0.881141953903736,0.03912973614351219,7.5e-4,0.002,0.00325,0.23556249999999998,0.113,0.04925,absent,sum_tp
0.949069491961319,0.038588749899444934,7.5e-4,0.002,0.00325,0.2288125,0.11,0.049125,absent,sum_tp
1.0169970300189,0.03864455795993887,7.5e-4,0.002,0.00325,0.2298125,0.11025,0.0495,absent,sum_tp
1.08492456807649,0.038718124044726895,7.5e-4,0.002,0.0035,0.23131250000000003,0.11075,0.0495,absent,sum_tp
1.15285210613407,0.0384047542434237,7.5e-4,0.00225,0.0035,0.2315625,0.10975,0.04775,absent,sum_tp
1.22077964419165,0.03855590861555788,7.5e-4,0.00225,0.0035,0.231875,0.11,0.048,absent,sum_tp
1.28870718224924,0.03872140213981176,0.001,0.00225,0.0035,0.2325625,0.111,0.048,absent,sum_tp
1.35663472030682,0.03832782961949964,7.5e-4,0.00225,0.0035,0.2325,0.111,0.04725,absent,sum_tp
1.4245622583644,0.03858442603169496,0.001,0.00225,0.0035,0.23312500000000003,0.11175,0.04875,absent,sum_tp
1.49248979642199,0.03867711768964685,7.5e-4,0.00225,0.0035,0.23225,0.11275,0.04925,absent,sum_tp
1.56041733447957,0.038764600595285977,7.5e-4,0.002,0.00325,0.23212500000000003,0.11325,0.049625,absent,sum_tp
1.62834487253715,0.03897930576783847,0.001,0.00225,0.00325,0.23112500000000002,0.11375,0.05025,absent,sum_tp
1.69627241059474,0.039996420239723274,7.5e-4,0.002,0.00325,0.235,0.11725,0.0525,absent,sum_tp
1.76419994865232,0.03998531896066286,7.5e-4,0.002,0.00325,0.235,0.11725,0.0525,absent,sum_tp
1.8321274867099,0.039915232081087604,7.5e-4,0.002,0.00325,0.2345625,0.117,0.0525,absent,sum_tp
1.90005502476749,0.03989421607272142,7.5e-4,0.002,0.00325,0.23431249999999998,0.11675,0.0525,absent,sum_tp
1.96798256282507,0.03988910787547261,7.5e-4,0.002,0.00325,0.23431249999999998,0.11675,0.0525,absent,sum_tp
2.03591010088265,0.039877041267798244,7.5e-4,0.002,0.00325,0.23425,0.11675,0.0525,absent,sum_tp
2.10383763894024,0.0398679309790041,7.5e-4,0.002,0.00325,0.233875,0.11675,0.052375,absent,sum_tp
2.17176517699782,0.03984017778135307,7.5e-4,0.002,0.00325,0.23375,0.11675,0.052375,absent,sum_tp
2.2396927150554,0.03981290724800901,7.5e-4,0.002,0.00325,0.23331250000000003,0.11675,0.052375,absent,sum_tp
2.30762025311299,0.039814254685865975,7.5e-4,0.002,0.00325,0.23331250000000003,0.11675,0.052375,absent,sum_tp
2.37554779117057,0.0398157026787869,7.5e-4,0.002,0.00325,0.23331250000000003,0.11675,0.052375,absent,sum_tp
2.44347532922815,0.039818839996782235,7.5e-4,0.002,0.00325,0.23331250000000003,0.11675,0.0525,absent,sum_tp
2.51140286728574,0.03984216877161934,7.5e-4,0.002,0.00325,0.23331250000000003,0.11675,0.0525,absent,sum_tp
2.57933040534332,0.039904211246078354,7.5e-4,0.002,0.00325,0.23331250000000003,0.11675,0.0525,absent,sum_tp
2.6472579434009,0.039899806934277214,7.5e-4,0.002,0.00325,0.23331250000000003,0.11675,0.0525,absent,sum_tp
2.71518548145849,0.03989976671225163,7.5e-4,0.002,0.00325,0.23331250000000003,0.11675,0.0525,absent,sum_tp
2.78311301951607,0.03989976671225163,7.5e-4,0.002,0.00325,0.23331250000000003,0.11675,0.0525,absent,sum_tp
2.85104055757365,0.03989976671225163,7.5e-4,0.002,0.00325,0.23331250000000003,0.11675,0.0525,absent,sum_tp
2.91896809563124,0.03989976671225163,7.5e-4,0.002,0.00325,0.23331250000000003,0.11675,0.0525,absent,sum_tp
2.98689563368882,0.03989976671225163,7.5e-4,0.002,0.00325,0.23331250000000003,0.11675,0.0525,absent,sum_tp
3.0548231717464,0.03989976671225163,7.5e-4,0.002,0.00325,0.23331250000000003,0.11675,0.0525,absent,sum_tp
3.12275070980399,0.03989976671225163,7.5e-4,0.002,0.00325,0.23331250000000003,0.11675,0.0525,absent,sum_tp
3.19067824786157,0.03989976671225163,7.5e-4,0.002,0.00325,0.23331250000000003,0.11675,0.0525,absent,sum_tp
3.25860578591915,0.03989976671225163,7.5e-4,0.002,0.00325,0.23331250000000003,0.11675,0.0525,absent,sum_tp
3.32653332397674,0.03989976671225163,7.5e-4,0.002,0.00325,0.23331250000000003,0.11675,0.0525,absent,sum_tp
3.39446086203432,0.03989976671225163,7.5e-4,0.002,0.00325,0.23331250000000003,0.11675,0.0525,absent,sum_tp
3.4623884000919,0.03989976671225163,7.5e-4,0.002,0.00325,0.23331250000000003,0.11675,0.0525,absent,sum_tp
0.0660114972127348,0.9029045163695099,0.801,0.8485,0.88525,0.94825,0.94175,0.932,present,sum_tp
0.133939035270318,0.9029045163695099,0.801,0.8485,0.88525,0.94825,0.94175,0.932,present,sum_tp
0.201866573327902,0.9029045163695099,0.801,0.8485,0.88525,0.94825,0.94175,0.932,present,sum_tp
0.269794111385485,0.9029068149344599,0.801,0.8485,0.88525,0.94825,0.94175,0.932,present,sum_tp
0.337721649443068,0.9103682207864819,0.80235,0.85025,0.8885,0.96025,0.95325,0.94325,present,sum_tp
0.405649187500652,0.9365599801205193,0.8115,0.8635,0.90375,0.99525,0.98975,0.98,present,sum_tp
0.473576725558235,0.9618190811952538,0.83925,0.89925,0.943,0.99975,0.99825,0.99575,present,sum_tp
0.541504263615819,0.9675094582841524,0.8465,0.9065,0.955,0.99975,0.999,0.997,present,sum_tp
0.609431801673402,0.9685550257812016,0.85075,0.91025,0.9565,0.99975,0.99925,0.997,present,sum_tp
0.677359339730985,0.9695434863639187,0.854,0.91425,0.9575,1,0.99925,0.99725,present,sum_tp
0.745286877788569,0.9677102565695471,0.854,0.91425,0.95375,1,0.99925,0.99675,present,sum_tp
0.813214415846152,0.9630626048331988,0.85035,0.9105,0.94425,0.9995,0.99775,0.99375,present,sum_tp
0.881141953903736,0.9444968472386158,0.83685,0.88825,0.92325,0.997,0.99,0.97675,present,sum_tp
0.949069491961319,0.9274678045598559,0.821,0.85425,0.89425,0.9975,0.99025,0.9705,present,sum_tp
1.0169970300189,0.9175623874013791,0.807,0.841,0.87625,0.99725,0.991,0.966,present,sum_tp
1.08492456807649,0.9053015934646208,0.7955,0.82625,0.8595,0.998,0.98775,0.95525,present,sum_tp
1.15285210613407,0.8896803131018202,0.78375,0.8115,0.842,0.99875,0.9845,0.93625,present,sum_tp
1.22077964419165,0.8797406970242903,0.77535,0.80275,0.83175,0.9985,0.9816,0.924,present,sum_tp
1.28870718224924,0.8548198266757782,0.7535,0.77875,0.80425,0.99875,0.96775,0.8925,present,sum_tp
1.35663472030682,0.8494739547741815,0.749,0.774,0.79975,0.99875,0.95875,0.88475,present,sum_tp
1.4245622583644,0.8452867770391999,0.74625,0.772,0.797,0.9985,0.9465,0.87825,present,sum_tp
1.49248979642199,0.8423008945766292,0.74525,0.7704,0.796,0.99825,0.93975,0.87325,present,sum_tp
1.56041733447957,0.838328896688824,0.742,0.76725,0.7925,0.99725,0.93225,0.86825,present,sum_tp
1.62834487253715,0.8343546312977573,0.73875,0.76375,0.78875,0.99675,0.9283499999999999,0.8635,present,sum_tp
1.69627241059474,0.8282759209790644,0.7335,0.75825,0.783,0.995,0.9215,0.8565,present,sum_tp
1.76419994865232,0.8274764552401069,0.73285,0.75775,0.782,0.99515,0.9203499999999999,0.85525,present,sum_tp
1.8321274867099,0.8269112256942288,0.73225,0.75725,0.78175,0.9945,0.91975,0.8545,present,sum_tp
1.90005502476749,0.826566378828353,0.7318500000000001,0.75675,0.7815,0.99425,0.9195,0.85425,present,sum_tp
1.96798256282507,0.8264363390693918,0.73175,0.75675,0.78125,0.99425,0.9193499999999999,0.854,present,sum_tp
2.03591010088265,0.8259682238926509,0.7315,0.7564,0.781,0.993,0.919,0.8535,present,sum_tp
2.10383763894024,0.825520624961173,0.73135,0.756,0.78075,0.9915,0.9185,0.853,present,sum_tp
2.17176517699782,0.8240665962601728,0.73125,0.756,0.7805,0.97875,0.91675,0.85175,present,sum_tp
2.2396927150554,0.8223736255202834,0.731,0.75575,0.78025,0.9625,0.91475,0.85075,present,sum_tp
2.30762025311299,0.8223689041436292,0.731,0.75575,0.78025,0.9625,0.91475,0.85075,present,sum_tp
2.37554779117057,0.8223708610300057,0.731,0.75575,0.78025,0.9625,0.91475,0.85075,present,sum_tp
2.44347532922815,0.8223712182394235,0.731,0.75575,0.78025,0.9625,0.91475,0.85075,present,sum_tp
2.51140286728574,0.8223742001615207,0.731,0.75575,0.78025,0.9625,0.91475,0.85075,present,sum_tp
2.57933040534332,0.8223823538547556,0.731,0.75575,0.78025,0.9625,0.91475,0.85075,present,sum_tp
2.6472579434009,0.8223754115673728,0.731,0.75575,0.78025,0.9625,0.91475,0.85075,present,sum_tp
2.71518548145849,0.8223753805056843,0.731,0.75575,0.78025,0.9625,0.91475,0.85075,present,sum_tp
2.78311301951607,0.8223753805056843,0.731,0.75575,0.78025,0.9625,0.91475,0.85075,present,sum_tp
2.85104055757365,0.8223753805056843,0.731,0.75575,0.78025,0.9625,0.91475,0.85075,present,sum_tp
2.91896809563124,0.8223753805056843,0.731,0.75575,0.78025,0.9625,0.91475,0.85075,present,sum_tp
2.98689563368882,0.8223753805056843,0.731,0.75575,0.78025,0.9625,0.91475,0.85075,present,sum_tp
3.0548231717464,0.8223753805056843,0.731,0.75575,0.78025,0.9625,0.91475,0.85075,present,sum_tp
3.12275070980399,0.8223753805056843,0.731,0.75575,0.78025,0.9625,0.91475,0.85075,present,sum_tp
3.19067824786157,0.8223753805056843,0.731,0.75575,0.78025,0.9625,0.91475,0.85075,present,sum_tp
3.25860578591915,0.8223753805056843,0.731,0.75575,0.78025,0.9625,0.91475,0.85075,present,sum_tp
3.32653332397674,0.8223753805056843,0.731,0.75575,0.78025,0.9625,0.91475,0.85075,present,sum_tp
3.39446086203432,0.8223753805056843,0.731,0.75575,0.78025,0.9625,0.91475,0.85075,present,sum_tp
3.4623884000919,0.8223753805056843,0.731,0.75575,0.78025,0.9625,0.91475,0.85075,present,sum_tp
-2.68220900000006e-07,0.059855502373099514,0,0,2.5e-4,0.28075,0.188,0.1085,absent,min_tp_lag
0.001715814615518,0.05850651596814415,0,0,2.5e-4,0.2838125,0.188,0.1075,absent,min_tp_lag
0.003431897451936,0.05715704689888183,0,0,2.5e-4,0.2818125,0.18525,0.1035,absent,min_tp_lag
0.005147980288354,0.0559685262649827,0,0,2.5e-4,0.27875000000000005,0.18175,0.099875,absent,min_tp_lag
0.006864063124772,0.052887096774193544,0,0,2.5e-4,0.271625,0.16875,0.0905,absent,min_tp_lag
0.00858014596119,0.044211668409621104,0,0,5e-4,0.2563125,0.139,0.06325,absent,min_tp_lag
0.010296228797608,0.040715087281795515,0,2.5e-4,0.001,0.24525,0.1235,0.0545,absent,min_tp_lag
0.012012311634026,0.038384603008607514,2.5e-4,7.5e-4,0.0015,0.239,0.11325,0.049,absent,min_tp_lag
0.013728394470444,0.03711724720456922,5e-4,0.00125,0.002,0.23556249999999998,0.10775,0.0445,absent,min_tp_lag
0.015444477306862,0.034331610489904275,5e-4,0.00125,0.00225,0.228,0.1,0.03825,absent,min_tp_lag
0.01716056014328,0.03424672190491513,5e-4,0.0015,0.0025,0.2315625,0.09925,0.0375,absent,min_tp_lag
0.018876642979698,0.03647200547019548,0.001,0.00175,0.00275,0.2513125,0.11075,0.03775,absent,min_tp_lag
0.020592725816116,0.036590177781353074,7.5e-4,0.0015,0.0025,0.25149999999999995,0.11225,0.03775,absent,min_tp_lag
0.022308808652534,0.03714904271579117,0.001,0.00175,0.00275,0.25406249999999997,0.1135,0.03875,absent,min_tp_lag
0.024024891488952,0.03784058000160888,0.0015,0.00225,0.00325,0.25575,0.1155,0.0395,absent,min_tp_lag
0.02574097432537,0.03910371249296114,0.0015,0.00225,0.0035,0.2593125,0.118,0.0415,absent,min_tp_lag
0.027457057161788,0.040344260316949564,0.00175,0.0025,0.00375,0.267375,0.12175,0.043125,absent,min_tp_lag
0.029173139998206,0.0414967822379535,0.00175,0.0025,0.00375,0.2693125,0.12525,0.046,absent,min_tp_lag
0.030889222834624,0.041530186630198695,0.00175,0.0025,0.00375,0.2678125,0.126,0.0465,absent,min_tp_lag
0.032605305671042,0.04150195076824069,0.0015,0.0025,0.00375,0.26693750000000005,0.126,0.0465,absent,min_tp_lag
0.03432138850746,0.0413917021961226,0.0015,0.0025,0.00375,0.265875,0.1255,0.0465,absent,min_tp_lag
0.036037471343878,0.04118562464805728,0.0015,0.0025,0.00375,0.26425,0.12525,0.04625,absent,min_tp_lag
0.037753554180296,0.041102626498270456,0.0015,0.0025,0.00375,0.26375,0.12475,0.0465,absent,min_tp_lag
0.039469637016714,0.041106729144879735,0.0015,0.0025,0.00375,0.26375,0.12475,0.0465,absent,min_tp_lag
0.041185719853132,0.04112858981578312,0.0015,0.0025,0.00375,0.2635625,0.12475,0.04675,absent,min_tp_lag
0.04290180268955,0.0411511141501086,0.0015,0.0025,0.00375,0.2635625,0.12475,0.04675,absent,min_tp_lag
0.044617885525968,0.041278235861958015,0.0015,0.0025,0.00375,0.2635625,0.125,0.047,absent,min_tp_lag
0.046333968362386,0.04133901134261122,0.0015,0.0025,0.00375,0.2635625,0.125,0.04725,absent,min_tp_lag
0.048050051198804,0.04146170863164669,0.0015,0.0025,0.00375,0.26375,0.12525,0.0475,absent,min_tp_lag
0.049766134035222,0.04160590459335532,0.00175,0.0025,0.004,0.26375,0.12525,0.047875,absent,min_tp_lag
0.05148221687164,0.04160580403829137,0.00175,0.0025,0.004,0.26375,0.12525,0.047875,absent,min_tp_lag
0.053198299708058,0.04160501970879254,0.00175,0.0025,0.004,0.26375,0.12525,0.047875,absent,min_tp_lag
0.054914382544476,0.0416048990427158,0.00175,0.0025,0.004,0.26375,0.12525,0.047875,absent,min_tp_lag
0.056630465380894,0.0416048990427158,0.00175,0.0025,0.004,0.26375,0.12525,0.047875,absent,min_tp_lag
0.058346548217312,0.04160479848765184,0.00175,0.0025,0.004,0.26375,0.12525,0.047875,absent,min_tp_lag
0.06006263105373,0.04160479848765184,0.00175,0.0025,0.004,0.26375,0.12525,0.047875,absent,min_tp_lag
0.061778713890148,0.04160479848765184,0.00175,0.0025,0.004,0.26375,0.12525,0.047875,absent,min_tp_lag
0.063494796726566,0.04160479848765184,0.00175,0.0025,0.004,0.26375,0.12525,0.047875,absent,min_tp_lag
0.065210879562984,0.04160479848765184,0.00175,0.0025,0.004,0.26375,0.12525,0.047875,absent,min_tp_lag
0.066926962399402,0.04160479848765184,0.00175,0.0025,0.004,0.26375,0.12525,0.047875,absent,min_tp_lag
0.06864304523582,0.04160479848765184,0.00175,0.0025,0.004,0.26375,0.12525,0.047875,absent,min_tp_lag
0.070359128072238,0.04160479848765184,0.00175,0.0025,0.004,0.26375,0.12525,0.047875,absent,min_tp_lag
0.072075210908656,0.04160479848765184,0.00175,0.0025,0.004,0.26375,0.12525,0.047875,absent,min_tp_lag
0.073791293745074,0.04160479848765184,0.00175,0.0025,0.004,0.26375,0.12525,0.047875,absent,min_tp_lag
0.075507376581492,0.04160479848765184,0.00175,0.0025,0.004,0.26375,0.12525,0.047875,absent,min_tp_lag
0.07722345941791,0.04160479848765184,0.00175,0.0025,0.004,0.26375,0.12525,0.047875,absent,min_tp_lag
0.078939542254328,0.04160479848765184,0.00175,0.0025,0.004,0.26375,0.12525,0.047875,absent,min_tp_lag
0.080655625090746,0.04160479848765184,0.00175,0.0025,0.004,0.26375,0.12525,0.047875,absent,min_tp_lag
0.082371707927164,0.04160479848765184,0.00175,0.0025,0.004,0.26375,0.12525,0.047875,absent,min_tp_lag
0.084087790763582,0.04160479848765184,0.00175,0.0025,0.004,0.26375,0.12525,0.047875,absent,min_tp_lag
0.0858038736,0.04160479848765184,0.00175,0.0025,0.004,0.26375,0.12525,0.047875,absent,min_tp_lag
-2.68220900000006e-07,0.92189466981425106,0.82195,0.88775,0.9065,0.99125,0.97225,0.9415,present,min_tp_lag
0.001715814615518,0.9701247903336025,0.82825,0.92275,0.968,0.99925,0.99775,0.9945,present,min_tp_lag
0.003431897451936,0.9744086941666149,0.8304500000000001,0.928,0.97425,1,0.9995,0.99825,present,min_tp_lag
0.005147980288354,0.9748156333478288,0.83225,0.93075,0.974,1,0.9995,0.99825,present,min_tp_lag
0.006864063124772,0.9729616543455303,0.8317,0.924,0.97075,1,0.99925,0.9975,present,min_tp_lag
0.00858014596119,0.9702865440765359,0.83425,0.916,0.9645,1,0.99925,0.99725,present,min_tp_lag
0.010296228797608,0.9650269149530968,0.8335,0.904,0.95075,0.99975,0.99875,0.99575,present,min_tp_lag
0.012012311634026,0.9582077871653103,0.82475,0.8919,0.938,0.999,0.9975,0.994,present,min_tp_lag
0.013728394470444,0.9550695781822699,0.8196,0.884,0.9315,0.99975,0.9985,0.99375,present,min_tp_lag
0.015444477306862,0.946479002298565,0.794,0.8665,0.9215,0.9995,0.99675,0.99,present,min_tp_lag
0.01716056014328,0.9372974777908927,0.77925,0.8519000000000001,0.91075,0.997,0.99175,0.98325,present,min_tp_lag
0.018876642979698,0.917046406162639,0.7406,0.8175,0.88425,0.997,0.98575,0.96975,present,min_tp_lag
0.020592725816116,0.9042801764303908,0.73135,0.80765,0.8745,0.99575,0.9785999999999999,0.95575,present,min_tp_lag
0.022308808652534,0.9002032521587873,0.72485,0.80375,0.87025,0.9945,0.9755,0.95075,present,min_tp_lag
0.024024891488952,0.8931094458594769,0.7135,0.797,0.8645,0.9905,0.96925,0.9405,present,min_tp_lag
0.02574097432537,0.8710918338820898,0.6851,0.7835,0.844,0.98225,0.94825,0.913,present,min_tp_lag
0.027457057161788,0.8471782009070014,0.6625,0.7644,0.82,0.964,0.92225,0.88925,present,min_tp_lag
0.029173139998206,0.8294176399329067,0.64,0.75025,0.80875,0.9275,0.8985,0.8685,present,min_tp_lag
0.030889222834624,0.8177545660682114,0.63675,0.74475,0.79625,0.9149,0.8855,0.855,present,min_tp_lag
0.032605305671042,0.8128963626762751,0.634,0.74075,0.79025,0.91,0.88,0.85025,present,min_tp_lag
0.03432138850746,0.8097143877741194,0.63285,0.737,0.78625,0.907,0.8765,0.84675,present,min_tp_lag
0.036037471343878,0.8030595763185687,0.63185,0.733,0.78,0.89875,0.86775,0.83975,present,min_tp_lag
0.037753554180296,0.7986327887183947,0.63125,0.7295,0.77575,0.89425,0.8625,0.83525,present,min_tp_lag
0.039469637016714,0.7973102286140274,0.63085,0.72825,0.77425,0.8926500000000002,0.86075,0.83425,present,min_tp_lag
0.041185719853132,0.7969504876685097,0.63085,0.72775,0.774,0.8925,0.86025,0.834,present,min_tp_lag
0.04290180268955,0.7969180437348574,0.631,0.72775,0.774,0.8925,0.86025,0.834,present,min_tp_lag
0.044617885525968,0.7968926197428092,0.631,0.72775,0.774,0.8925,0.86025,0.83375,present,min_tp_lag
0.046333968362386,0.7968957880350376,0.631,0.72775,0.774,0.8925,0.86025,0.83375,present,min_tp_lag
0.048050051198804,0.7969249860222402,0.6315,0.72775,0.774,0.8925,0.86025,0.834,present,min_tp_lag
0.049766134035222,0.7969378766229732,0.63175,0.72775,0.774,0.8925,0.86025,0.83375,present,min_tp_lag
0.05148221687164,0.7969371311424489,0.63175,0.72775,0.774,0.8925,0.86025,0.83375,present,min_tp_lag
0.053198299708058,0.7969330931229421,0.63175,0.72775,0.774,0.8925,0.86025,0.83375,present,min_tp_lag
0.054914382544476,0.7969330465304094,0.63175,0.72775,0.774,0.8925,0.86025,0.83375,present,min_tp_lag
0.056630465380894,0.7969330465304094,0.63175,0.72775,0.774,0.8925,0.86025,0.83375,present,min_tp_lag
0.058346548217312,0.796933015468721,0.63175,0.72775,0.774,0.8925,0.86025,0.83375,present,min_tp_lag
0.06006263105373,0.796933015468721,0.63175,0.72775,0.774,0.8925,0.86025,0.83375,present,min_tp_lag
0.061778713890148,0.796933015468721,0.63175,0.72775,0.774,0.8925,0.86025,0.83375,present,min_tp_lag
0.063494796726566,0.796933015468721,0.63175,0.72775,0.774,0.8925,0.86025,0.83375,present,min_tp_lag
0.065210879562984,0.796933015468721,0.63175,0.72775,0.774,0.8925,0.86025,0.83375,present,min_tp_lag
0.066926962399402,0.796933015468721,0.63175,0.72775,0.774,0.8925,0.86025,0.83375,present,min_tp_lag
0.06864304523582,0.796933015468721,0.63175,0.72775,0.774,0.8925,0.86025,0.83375,present,min_tp_lag
0.070359128072238,0.796933015468721,0.63175,0.72775,0.774,0.8925,0.86025,0.83375,present,min_tp_lag
0.072075210908656,0.796933015468721,0.63175,0.72775,0.774,0.8925,0.86025,0.83375,present,min_tp_lag
0.073791293745074,0.796933015468721,0.63175,0.72775,0.774,0.8925,0.86025,0.83375,present,min_tp_lag
0.075507376581492,0.796933015468721,0.63175,0.72775,0.774,0.8925,0.86025,0.83375,present,min_tp_lag
0.07722345941791,0.796933015468721,0.63175,0.72775,0.774,0.8925,0.86025,0.83375,present,min_tp_lag
0.078939542254328,0.796933015468721,0.63175,0.72775,0.774,0.8925,0.86025,0.83375,present,min_tp_lag
0.080655625090746,0.796933015468721,0.63175,0.72775,0.774,0.8925,0.86025,0.83375,present,min_tp_lag
0.082371707927164,0.796933015468721,0.63175,0.72775,0.774,0.8925,0.86025,0.83375,present,min_tp_lag
0.084087790763582,0.796933015468721,0.63175,0.72775,0.774,0.8925,0.86025,0.83375,present,min_tp_lag
0.0858038736,0.796933015468721,0.63175,0.72775,0.774,0.8925,0.86025,0.83375,present,min_tp_lag
-37.5223574,0.0402031212291851,0,5e-4,0.0015,0.2491875,0.123,0.05025,absent,coldest_lag
-36.6522320304,0.0402031212291851,0,5e-4,0.0015,0.2491875,0.123,0.05025,absent,coldest_lag
-35.7821066608,0.0402031212291851,0,5e-4,0.0015,0.2491875,0.123,0.05025,absent,coldest_lag
-34.9119812912,0.04020973775239321,0,5e-4,0.0015,0.2491875,0.123,0.05025,absent,coldest_lag
-34.0418559216,0.039946806371168854,0,5e-4,0.0015,0.2495625,0.123,0.04975,absent,coldest_lag
-33.171730552,0.03963281312846915,0,5e-4,0.001,0.2518125,0.12325,0.049,absent,coldest_lag
-32.3016051824,0.03849497224680235,0,0,7.5e-4,0.2525625,0.1215,0.0465,absent,coldest_lag
-31.4314798128,0.03735795591665996,0,0,7.5e-4,0.2475625,0.11725,0.045,absent,coldest_lag
-30.5613544432,0.037263152602365054,0,0,7.5e-4,0.2503125,0.1165,0.04475,absent,coldest_lag
-29.6912290736,0.03757622073847639,0,0,7.5e-4,0.2523125,0.11675,0.04475,absent,coldest_lag
-28.821103704,0.03841941517174805,0,0,5e-4,0.25725,0.118,0.046,absent,coldest_lag
-27.9509783344,0.03870863164668973,0,0,5e-4,0.258125,0.1205,0.04625,absent,coldest_lag
-27.0808529648,0.038990567935001205,0,0,5e-4,0.26525,0.1235,0.04525,absent,coldest_lag
-26.2107275952,0.0391327125734052,0,0,5e-4,0.2658125,0.12275,0.0435,absent,coldest_lag
-25.3406022256,0.04120772665111415,0,0,5e-4,0.27325,0.13025,0.04625,absent,coldest_lag
-24.470476856,0.04226325315742901,0,0,2.5e-4,0.279625,0.13325,0.04725,absent,coldest_lag
-23.6003514864,0.044114069664548304,0,0,2.5e-4,0.28625,0.13975,0.050125,absent,coldest_lag
-22.7302261168,0.04560801624969834,0,0,5e-4,0.29024999999999995,0.145,0.053,absent,coldest_lag
-21.8601007472,0.046497003459094195,0,0,2.5e-4,0.2934375,0.14775,0.054625,absent,coldest_lag
-20.9899753776,0.046694714825838625,0,0,2.5e-4,0.2933125,0.14825,0.055,absent,coldest_lag
-20.119850008,0.04679321856648701,0,0,2.5e-4,0.2935625,0.148,0.0555,absent,coldest_lag
-19.2497246384,0.04725002011101279,0,0,5e-4,0.29275,0.14825,0.057,absent,coldest_lag
-18.3795992688,0.04711781031292736,0,0,5e-4,0.28881249999999997,0.1475,0.0575,absent,coldest_lag
-17.5094738992,0.046935785536159604,0,0,5e-4,0.288875,0.14775,0.058125,absent,coldest_lag
-16.6393485296,0.04668681119781192,0,0,5e-4,0.28625,0.14725,0.05925,absent,coldest_lag
-15.76922316,0.0465704086557799,0,0,5e-4,0.2875625,0.1475,0.05925,absent,coldest_lag
-14.8990977904,0.046960984635186234,0,0,5e-4,0.28625,0.1475,0.06075,absent,coldest_lag
-14.0289724208,0.047671908937334084,0,0,5e-4,0.28975,0.1495,0.062375,absent,coldest_lag
-13.1588470512,0.04779424422813933,0,0,5e-4,0.28975,0.14975,0.0625,absent,coldest_lag
-12.2887216816,0.0478135709114311,0,0,5e-4,0.28875,0.14975,0.06275,absent,coldest_lag
-11.418596312,0.04783012227495776,0,0,5e-4,0.2885625,0.14975,0.063,absent,coldest_lag
-10.5484709424,0.047812746359906684,0,0,5e-4,0.2880625,0.14975,0.063,absent,coldest_lag
-9.6783455728,0.04776266993805808,0,0,5e-4,0.2875,0.14925,0.06325,absent,coldest_lag
-8.8082202032,0.0477647614833883,0,0,5e-4,0.286875,0.14925,0.06325,absent,coldest_lag
-7.9380948336,0.04797840077226289,0,0,5e-4,0.286,0.14925,0.064,absent,coldest_lag
-7.067969464,0.04827145845064758,0,0,7.5e-4,0.285,0.1495,0.0645,absent,coldest_lag
-6.1978440944,0.04817715791167244,0,0,7.5e-4,0.28475,0.14925,0.064375,absent,coldest_lag
-5.3277187248,0.04808350092510659,0,0,7.5e-4,0.2838125,0.14925,0.06425,absent,coldest_lag
-4.4575933552,0.04807517496581128,0,0,7.5e-4,0.2838125,0.14925,0.06425,absent,coldest_lag
-3.58746798560001,0.04807509452176011,0,0,7.5e-4,0.2838125,0.14925,0.06425,absent,coldest_lag
-2.717342616,0.04807495374467058,0,0,7.5e-4,0.2838125,0.14925,0.06425,absent,coldest_lag
-1.8472172464,0.04807495374467058,0,0,7.5e-4,0.2838125,0.14925,0.06425,absent,coldest_lag
-0.977091876800003,0.04807495374467058,0,0,7.5e-4,0.2838125,0.14925,0.06425,absent,coldest_lag
-0.106966507200006,0.04807495374467058,0,0,7.5e-4,0.2838125,0.14925,0.06425,absent,coldest_lag
0.763158862399997,0.04807495374467058,0,0,7.5e-4,0.2838125,0.14925,0.06425,absent,coldest_lag
1.633284232,0.04807495374467058,0,0,7.5e-4,0.2838125,0.14925,0.06425,absent,coldest_lag
2.5034096016,0.04807495374467058,0,0,7.5e-4,0.2838125,0.14925,0.06425,absent,coldest_lag
3.37353497119999,0.04807495374467058,0,0,7.5e-4,0.2838125,0.14925,0.06425,absent,coldest_lag
4.2436603408,0.04807495374467058,0,0,7.5e-4,0.2838125,0.14925,0.06425,absent,coldest_lag
5.1137857104,0.04807495374467058,0,0,7.5e-4,0.2838125,0.14925,0.06425,absent,coldest_lag
5.98391108,0.04807495374467058,0,0,7.5e-4,0.2838125,0.14925,0.06425,absent,coldest_lag
-37.5223574,0.6186955799217245,0.4476,0.4915,0.53175,0.8445,0.783,0.69225,present,coldest_lag
-36.6522320304,0.6186955799217245,0.4476,0.4915,0.53175,0.8445,0.783,0.69225,present,coldest_lag
-35.7821066608,0.6186955799217245,0.4476,0.4915,0.53175,0.8445,0.783,0.69225,present,coldest_lag
-34.9119812912,0.6187776914953097,0.4476,0.4915,0.53175,0.8449000000000001,0.7835,0.6925,present,coldest_lag
-34.0418559216,0.6203867646145245,0.44785,0.49175,0.53225,0.85225,0.788,0.69325,present,coldest_lag
-33.171730552,0.6389138969994409,0.457,0.50275,0.5455,0.9225,0.82925,0.7055,present,coldest_lag
-32.3016051824,0.6486006398707833,0.46425,0.5115,0.5545,0.948,0.84375,0.71225,present,coldest_lag
-31.4314798128,0.6737823507485867,0.48460000000000003,0.53875,0.58225,0.97425,0.8685,0.73325,present,coldest_lag
-30.5613544432,0.7005647480897063,0.51175,0.56875,0.61375,0.9925,0.8885,0.75475,present,coldest_lag
-29.6912290736,0.7310870503820588,0.54875,0.60975,0.6605,0.9945,0.9015999999999998,0.77625,present,coldest_lag
-28.821103704,0.8007330247872274,0.621,0.6885,0.743,0.9956500000000001,0.9285,0.858,present,coldest_lag
-27.9509783344,0.8142402776914953,0.63025,0.69925,0.75525,0.9966500000000003,0.95675,0.87575,present,coldest_lag
-27.0808529648,0.8919032894328135,0.74825,0.8009000000000001,0.84725,0.997,0.978,0.94025,present,coldest_lag
-26.2107275952,0.9282027241100826,0.8085,0.86275,0.89475,0.99875,0.9885,0.9665,present,coldest_lag
-25.3406022256,0.9544475678697895,0.8316,0.8905,0.93225,0.9984000000000001,0.9945,0.9875,present,coldest_lag
-24.470476856,0.962175948934584,0.83625,0.9,0.94375,0.999,0.99725,0.993,present,coldest_lag
-23.6003514864,0.9663448158041872,0.8385,0.90375,0.94825,1,0.9995,0.998,present,coldest_lag
-22.7302261168,0.9678082872584953,0.83935,0.90625,0.95175,1,0.99975,0.99825,present,coldest_lag
-21.8601007472,0.9691547493321737,0.8406,0.91075,0.95525,1,0.99975,0.9985,present,coldest_lag
-20.9899753776,0.9690471361123191,0.8409500000000001,0.91175,0.95625,1,0.9995,0.998,present,coldest_lag
-20.119850008,0.9705227216251475,0.8446,0.9225,0.961,1,0.99925,0.99725,present,coldest_lag
-19.2497246384,0.9704476455240106,0.844,0.92475,0.9605,0.99975,0.999,0.9965,present,coldest_lag
-18.3795992688,0.9669159470708828,0.84135,0.9235,0.95775,0.999,0.99675,0.9925,present,coldest_lag
-17.5094738992,0.9623977759831025,0.8386,0.91825,0.9545,0.9985,0.9945,0.98825,present,coldest_lag
-16.6393485296,0.9557131608374232,0.83375,0.90925,0.94175,0.998,0.993,0.98525,present,coldest_lag
-15.76922316,0.9498610455364354,0.8301000000000001,0.899,0.9335,0.9975,0.98875,0.98075,present,coldest_lag
-14.8990977904,0.9410161210163385,0.82775,0.891,0.92525,0.99575,0.9855,0.9685,present,coldest_lag
-14.0289724208,0.9356615518419581,0.825,0.88675,0.9185,0.9985,0.9828499999999999,0.9615,present,coldest_lag
-13.1588470512,0.9255376778281666,0.8216,0.882,0.9085,0.99875,0.978,0.9465,present,coldest_lag
-12.2887216816,0.9178753183823073,0.8190999999999999,0.87825,0.9005,0.999,0.97675,0.93475,present,coldest_lag
-11.418596312,0.9144769211654347,0.81835,0.87575,0.89675,0.99925,0.97625,0.93,present,coldest_lag
-10.5484709424,0.9134311051748774,0.81775,0.875,0.89575,0.9985,0.974,0.9285,present,coldest_lag
-9.6783455728,0.9118706125364975,0.8166,0.8745,0.89525,0.99625,0.9615999999999999,0.9275,present,coldest_lag
-8.8082202032,0.9109069547120582,0.8166,0.874,0.895,0.994,0.9575,0.92675,present,coldest_lag
-7.9380948336,0.9024290551034354,0.81275,0.86825,0.88825,0.97225,0.9445,0.91875,present,coldest_lag
-7.067969464,0.8926756072560105,0.80435,0.86175,0.8815,0.94025,0.925,0.9105,present,coldest_lag
-6.1978440944,0.8907170901410201,0.803,0.86075,0.8805,0.93325,0.9205,0.90875,present,coldest_lag
-5.3277187248,0.8875391377275269,0.8015,0.8585,0.878,0.92525,0.915,0.90575,present,coldest_lag
-4.4575933552,0.8873810803255265,0.8015,0.858,0.87775,0.925,0.91475,0.9055,present,coldest_lag
-3.58746798560001,0.8873797602037646,0.8015,0.858,0.87775,0.925,0.91475,0.9055,present,coldest_lag
-2.717342616,0.8873731906566441,0.8015,0.858,0.87775,0.925,0.91475,0.9055,present,coldest_lag
-1.8472172464,0.8873731906566441,0.8015,0.858,0.87775,0.925,0.91475,0.9055,present,coldest_lag
-0.977091876800003,0.8873731906566441,0.8015,0.858,0.87775,0.925,0.91475,0.9055,present,coldest_lag
-0.106966507200006,0.8873731906566441,0.8015,0.858,0.87775,0.925,0.91475,0.9055,present,coldest_lag
0.763158862399997,0.8873731906566441,0.8015,0.858,0.87775,0.925,0.91475,0.9055,present,coldest_lag
1.633284232,0.8873731906566441,0.8015,0.858,0.87775,0.925,0.91475,0.9055,present,coldest_lag
2.5034096016,0.8873731906566441,0.8015,0.858,0.87775,0.925,0.91475,0.9055,present,coldest_lag
3.37353497119999,0.8873731906566441,0.8015,0.858,0.87775,0.925,0.91475,0.9055,present,coldest_lag
4.2436603408,0.8873731906566441,0.8015,0.858,0.87775,0.925,0.91475,0.9055,present,coldest_lag
5.1137857104,0.8873731906566441,0.8015,0.858,0.87775,0.925,0.91475,0.9055,present,coldest_lag
5.98391108,0.8873731906566441,0.8015,0.858,0.87775,0.925,0.91475,0.9055,present,coldest_lag
0,0.030165835411471324,0,0,2.5e-4,0.21975,0.09525,0.0325,absent,Temperate or sub-polar shrubland
0.02,0.030347156302791407,0,0,2.5e-4,0.2305625,0.095,0.031,absent,Temperate or sub-polar shrubland
0.04,0.03032849328292173,0,0,2.5e-4,0.2330625,0.095,0.03025,absent,Temperate or sub-polar shrubland
0.06,0.030256133858901135,0,0,2.5e-4,0.23425,0.09475,0.03,absent,Temperate or sub-polar shrubland
0.08,0.03050370042635347,0,0,2.5e-4,0.23781249999999998,0.09525,0.0295,absent,Temperate or sub-polar shrubland
0.1,0.03051395704287668,0,0,2.5e-4,0.2384375,0.095,0.0295,absent,Temperate or sub-polar shrubland
0.12,0.030525400209154535,0,0,2.5e-4,0.23756249999999998,0.09575,0.03,absent,Temperate or sub-polar shrubland
0.14,0.030555265063148578,0,0,2.5e-4,0.2365625,0.09625,0.03,absent,Temperate or sub-polar shrubland
0.16,0.030734092188882633,0,0,2.5e-4,0.23575,0.09625,0.0305,absent,Temperate or sub-polar shrubland
0.18,0.030941094843536323,0,0,2.5e-4,0.238375,0.097,0.031,absent,Temperate or sub-polar shrubland
0.2,0.03097832032821173,0,0,2.5e-4,0.23781249999999998,0.09625,0.031,absent,Temperate or sub-polar shrubland
0.22,0.030973755128308265,0,0,2.5e-4,0.23775,0.09625,0.031,absent,Temperate or sub-polar shrubland
0.24,0.03118027511865498,0,0,2.5e-4,0.23781249999999998,0.09675,0.03175,absent,Temperate or sub-polar shrubland
0.26,0.033272464001287104,0,0,2.5e-4,0.24212499999999998,0.10225,0.0365,absent,Temperate or sub-polar shrubland
0.28,0.03349819000884884,0,0,2.5e-4,0.24425,0.1025,0.0365,absent,Temperate or sub-polar shrubland
0.3,0.03361435121872738,0,0,2.5e-4,0.245,0.1025,0.03675,absent,Temperate or sub-polar shrubland
0.32,0.03401908535113828,0,0,2.5e-4,0.2450625,0.104,0.03725,absent,Temperate or sub-polar shrubland
0.34,0.03609068055667283,0,0,2.5e-4,0.25106249999999997,0.1115,0.0415,absent,Temperate or sub-polar shrubland
0.36,0.037179712010296836,0,0,2.5e-4,0.25206249999999997,0.11625,0.04425,absent,Temperate or sub-polar shrubland
0.38,0.03747928565682568,0,0,2.5e-4,0.25237499999999996,0.1175,0.045,absent,Temperate or sub-polar shrubland
0.4,0.03773592229104658,0,0,2.5e-4,0.25206249999999997,0.119,0.0455,absent,Temperate or sub-polar shrubland
0.42,0.038296456439546295,0,0,2.5e-4,0.25425,0.1205,0.0465,absent,Temperate or sub-polar shrubland
0.44,0.03883072560534148,0,0,2.5e-4,0.256,0.12275,0.04775,absent,Temperate or sub-polar shrubland
0.46,0.039452155900571155,0,0,2.5e-4,0.25787499999999997,0.12525,0.049,absent,Temperate or sub-polar shrubland
0.48,0.03995277934196766,0,0,2.5e-4,0.2588125,0.1265,0.0505,absent,Temperate or sub-polar shrubland
0.5,0.04032921727938219,0,0,2.5e-4,0.25937499999999997,0.12725,0.0515,absent,Temperate or sub-polar shrubland
0.52,0.04066768562464806,0,0,2.5e-4,0.26,0.12875,0.05225,absent,Temperate or sub-polar shrubland
0.54,0.04109864451773791,0,0,2.5e-4,0.2600625,0.13,0.05375,absent,Temperate or sub-polar shrubland
0.56,0.04132686429088569,0,0,2.5e-4,0.26025,0.131,0.05425,absent,Temperate or sub-polar shrubland
0.58,0.04129983508969511,0,0,2.5e-4,0.25899999999999995,0.13125,0.05425,absent,Temperate or sub-polar shrubland
0.6,0.04154020191456842,0,0,2.5e-4,0.257625,0.13175,0.055,absent,Temperate or sub-polar shrubland
0.62,0.04174024615879656,0,0,2.5e-4,0.2579375,0.13225,0.05575,absent,Temperate or sub-polar shrubland
0.64,0.042283082616040545,0,0,2.5e-4,0.25887499999999997,0.134,0.05725,absent,Temperate or sub-polar shrubland
0.66,0.0430068578553616,0,0,2.5e-4,0.25975,0.136,0.05875,absent,Temperate or sub-polar shrubland
0.68,0.04336706620545411,0,0,2.5e-4,0.2605,0.13675,0.05975,absent,Temperate or sub-polar shrubland
0.7,0.04370766631807578,0,0,2.5e-4,0.2601875,0.1375,0.06125,absent,Temperate or sub-polar shrubland
0.72,0.04415338669455394,0,0,2.5e-4,0.261125,0.139,0.06275,absent,Temperate or sub-polar shrubland
0.74,0.0459180074008527,0,0,2.5e-4,0.26237499999999997,0.14275,0.0685,absent,Temperate or sub-polar shrubland
0.76,0.047036521599227735,0,0,2.5e-4,0.2618125,0.146,0.07225,absent,Temperate or sub-polar shrubland
0.78,0.04720032579840721,0,0,2.5e-4,0.26225,0.1465,0.0725,absent,Temperate or sub-polar shrubland
0.8,0.04770456922210602,0,0,2.5e-4,0.262625,0.1475,0.07375,absent,Temperate or sub-polar shrubland
0.82,0.04842468425709919,0,0,2.5e-4,0.2631875,0.149,0.07625,absent,Temperate or sub-polar shrubland
0.84,0.049343556431501893,0,0,2.5e-4,0.2635625,0.15075,0.07925,absent,Temperate or sub-polar shrubland
0.86,0.049783826723513794,0,0,2.5e-4,0.2638125,0.1515,0.08,absent,Temperate or sub-polar shrubland
0.88,0.05024581690933956,0,0,2.5e-4,0.26368749999999996,0.15175,0.081,absent,Temperate or sub-polar shrubland
0.9,0.050570167323626417,0,0,2.5e-4,0.2643125,0.15225,0.08175,absent,Temperate or sub-polar shrubland
0.92,0.05166145121068297,0,0,2.5e-4,0.2675,0.15475,0.08425,absent,Temperate or sub-polar shrubland
0.94,0.05208486847397635,0,0,2.5e-4,0.2678125,0.15525,0.08475,absent,Temperate or sub-polar shrubland
0.96,0.052987611616120985,0,0,2.5e-4,0.2683125,0.15625,0.08625,absent,Temperate or sub-polar shrubland
0.98,0.05461947952698898,0,0,5e-4,0.2688125,0.1575,0.08875,absent,Temperate or sub-polar shrubland
1,0.05546593194433271,0,0,5e-4,0.2653125,0.157,0.0895,absent,Temperate or sub-polar shrubland
0,0.7451347611356154,0.54325,0.63,0.68025,0.96825,0.92225,0.7905,present,Temperate or sub-polar shrubland
0.02,0.8513590109958377,0.5744,0.6914,0.78425,0.998,0.973,0.94475,present,Temperate or sub-polar shrubland
0.04,0.8686199447101944,0.6015,0.7161500000000001,0.811,0.9985,0.9825,0.957,present,Temperate or sub-polar shrubland
0.06,0.8808447226191216,0.617,0.7395,0.82875,0.999,0.9835,0.96125,present,Temperate or sub-polar shrubland
0.08,0.9108165651984842,0.65375,0.7945,0.8815,0.99825,0.9855,0.97,present,Temperate or sub-polar shrubland
0.1,0.9179531589737218,0.66775,0.8074000000000001,0.89225,0.99775,0.9875,0.9745,present,Temperate or sub-polar shrubland
0.12,0.9320555693607505,0.6835,0.827,0.91475,0.99675,0.993,0.9845,present,Temperate or sub-polar shrubland
0.14,0.9387666956575759,0.6957,0.83825,0.9275,0.998,0.995,0.9885,present,Temperate or sub-polar shrubland
0.16,0.9429973131639436,0.7099500000000001,0.85025,0.93325,0.99825,0.995,0.98875,present,Temperate or sub-polar shrubland
0.18,0.9513189258868112,0.74575,0.867,0.9435,0.99825,0.996,0.99125,present,Temperate or sub-polar shrubland
0.2,0.9546687115611605,0.75395,0.87325,0.948,0.99925,0.9975,0.99375,present,Temperate or sub-polar shrubland
0.22,0.9552260359073119,0.7575,0.8759000000000001,0.94875,0.99925,0.9975,0.99375,present,Temperate or sub-polar shrubland
0.24,0.9563350003106169,0.76395,0.87675,0.94875,0.9995,0.99825,0.99475,present,Temperate or sub-polar shrubland
0.26,0.9651437534944399,0.82125,0.903,0.956,0.99975,0.99875,0.99625,present,Temperate or sub-polar shrubland
0.28,0.9666623439150153,0.82425,0.906,0.95775,1,0.99925,0.997,present,Temperate or sub-polar shrubland
0.3,0.9670205317761074,0.8255,0.9085,0.95725,1,0.9995,0.99725,present,Temperate or sub-polar shrubland
0.32,0.9675573243461514,0.82885,0.909,0.95725,1,0.9995,0.99775,present,Temperate or sub-polar shrubland
0.34,0.9693207119339008,0.836,0.9135,0.95875,1,0.9995,0.99775,present,Temperate or sub-polar shrubland
0.36,0.969447117475306,0.83675,0.91275,0.9595,1,0.9995,0.998,present,Temperate or sub-polar shrubland
0.38,0.9692925079207305,0.8356000000000001,0.9116500000000001,0.95975,1,0.9995,0.998,present,Temperate or sub-polar shrubland
0.4,0.9673371435671243,0.8283500000000001,0.90225,0.9575,1,0.9995,0.998,present,Temperate or sub-polar shrubland
0.42,0.9671418897931292,0.8247,0.8955,0.95825,1,0.9995,0.998,present,Temperate or sub-polar shrubland
0.44,0.9659036777039199,0.8185,0.887,0.95775,0.99975,0.9995,0.99725,present,Temperate or sub-polar shrubland
0.46,0.9660950177051625,0.81825,0.88625,0.9585,1,0.9995,0.9975,present,Temperate or sub-polar shrubland
0.48,0.9656147884699012,0.8155,0.8825,0.9575,1,0.9995,0.99775,present,Temperate or sub-polar shrubland
0.5,0.9639726812449525,0.80725,0.87525,0.95625,1,0.9995,0.9975,present,Temperate or sub-polar shrubland
0.52,0.9614443995775611,0.79385,0.8645,0.95525,1,0.9995,0.99775,present,Temperate or sub-polar shrubland
0.54,0.9597710442939678,0.7865,0.8584,0.95425,1,0.99925,0.9975,present,Temperate or sub-polar shrubland
0.56,0.9590425079207305,0.78275,0.85575,0.95325,1,0.9995,0.9975,present,Temperate or sub-polar shrubland
0.58,0.9577545815990558,0.77925,0.85225,0.95125,0.99975,0.999,0.997,present,Temperate or sub-polar shrubland
0.6,0.9565871590979687,0.7751000000000001,0.84815,0.95,1,0.99925,0.99675,present,Temperate or sub-polar shrubland
0.62,0.9560011026899423,0.773,0.84625,0.95,1,0.99925,0.9965,present,Temperate or sub-polar shrubland
0.64,0.9555729949680065,0.77175,0.8455,0.94925,0.99975,0.99925,0.99625,present,Temperate or sub-polar shrubland
0.66,0.9549250015530845,0.77025,0.84425,0.94825,1,0.99925,0.99625,present,Temperate or sub-polar shrubland
0.68,0.9542547835000311,0.7695,0.843,0.9475,1,0.999,0.99575,present,Temperate or sub-polar shrubland
0.7,0.9536186711809654,0.76825,0.84175,0.947,0.99975,0.999,0.9955,present,Temperate or sub-polar shrubland
0.72,0.9529108374231223,0.76625,0.84075,0.94525,0.99975,0.99875,0.99525,present,Temperate or sub-polar shrubland
0.74,0.9511729048891098,0.763,0.8375,0.94175,0.99975,0.99825,0.99475,present,Temperate or sub-polar shrubland
0.76,0.9492337081443748,0.7605,0.83075,0.93775,0.99975,0.99825,0.9945,present,Temperate or sub-polar shrubland
0.78,0.9471408336957197,0.75945,0.8265,0.9315,0.99975,0.998,0.994,present,Temperate or sub-polar shrubland
0.8,0.9460716903770888,0.75775,0.8235,0.92775,0.99975,0.998,0.994,present,Temperate or sub-polar shrubland
0.82,0.9453163011741318,0.75675,0.8215,0.92675,0.99975,0.9975,0.9935,present,Temperate or sub-polar shrubland
0.84,0.9439587811393427,0.75575,0.821,0.92575,0.9995,0.99675,0.99175,present,Temperate or sub-polar shrubland
0.86,0.9434147046033423,0.75535,0.82,0.925,0.9995,0.9965,0.99125,present,Temperate or sub-polar shrubland
0.88,0.9418698359942846,0.75545,0.8195,0.923,0.99925,0.99475,0.98825,present,Temperate or sub-polar shrubland
0.9,0.9400403336025347,0.755,0.8194000000000001,0.92225,0.99875,0.993,0.98475,present,Temperate or sub-polar shrubland
0.92,0.9351706529166927,0.7525999999999999,0.8165,0.91725,0.99725,0.98925,0.9795,present,Temperate or sub-polar shrubland
0.94,0.9306090420575263,0.7515,0.815,0.9125,0.99575,0.98475,0.9745,present,Temperate or sub-polar shrubland
0.96,0.9247409610486426,0.75125,0.8145,0.909,0.98875,0.97725,0.96675,present,Temperate or sub-polar shrubland
0.98,0.9210402404174691,0.75025,0.80975,0.9015,0.9875,0.9745,0.96375,present,Temperate or sub-polar shrubland
1,0.8962538827110642,0.74825,0.806,0.88225,0.9785,0.9525,0.93075,present,Temperate or sub-polar shrubland
6.9636792,0.03827491754484756,0.00125,0.00225,0.0035,0.2485,0.11325,0.04275,absent,max_t2m_lag
7.51128536,0.03827491754484756,0.00125,0.00225,0.0035,0.2485,0.11325,0.04275,absent,max_t2m_lag
8.05889152,0.03827491754484756,0.00125,0.00225,0.0035,0.2485,0.11325,0.04275,absent,max_t2m_lag
8.60649768,0.03827491754484756,0.00125,0.00225,0.0035,0.2485,0.11325,0.04275,absent,max_t2m_lag
9.15410384,0.03827507843294988,0.00125,0.00225,0.0035,0.2485,0.11325,0.04275,absent,max_t2m_lag
9.70171,0.03827600353953825,0.00125,0.00225,0.0035,0.2485,0.11325,0.04275,absent,max_t2m_lag
10.24931616,0.03817518703241895,0.00125,0.00225,0.0035,0.2485,0.113,0.042625,absent,max_t2m_lag
10.79692232,0.03807380741694152,0.00125,0.00225,0.0035,0.24875,0.11325,0.0425,absent,max_t2m_lag
11.34452848,0.03760922291046578,0.001,0.00225,0.00325,0.24875,0.1125,0.04125,absent,max_t2m_lag
11.89213464,0.0373728581771378,0.001,0.002,0.00325,0.24875,0.1125,0.04075,absent,max_t2m_lag
12.4397408,0.0372812525138766,0.001,0.002,0.00325,0.24875,0.1125,0.04025,absent,max_t2m_lag
12.98734696,0.03720690209958973,0.001,0.002,0.00325,0.24875,0.1125,0.04025,absent,max_t2m_lag
13.53495312,0.037221904915131526,0.001,0.002,0.00325,0.2495625,0.1125,0.04,absent,max_t2m_lag
14.08255928,0.03702566165232081,0.001,0.00175,0.003,0.2498125,0.11225,0.0395,absent,max_t2m_lag
14.63016544,0.03681815622234736,0.001,0.00175,0.003,0.25075,0.112,0.038625,absent,max_t2m_lag
15.1777716,0.036761825275520875,7.5e-4,0.00175,0.00275,0.25,0.11175,0.03825,absent,max_t2m_lag
15.72537776,0.03631692945056713,0.001,0.00175,0.003,0.2503125,0.109,0.03675,absent,max_t2m_lag
16.27298392,0.03455098141742419,5e-4,0.0015,0.00275,0.24275,0.10125,0.034625,absent,max_t2m_lag
16.82059008,0.03474412758426514,6.875000000000001e-4,0.0015,0.00275,0.24156249999999999,0.1,0.03525,absent,max_t2m_lag
17.36819624,0.03458945378489261,5e-4,0.0015,0.00275,0.233875,0.0965,0.0385,absent,max_t2m_lag
17.9158024,0.034684498431341006,5e-4,0.00125,0.0025,0.231,0.0955,0.04025,absent,max_t2m_lag
18.46340856,0.03541368353310273,5e-4,0.00125,0.0025,0.2275625,0.0965,0.04425,absent,max_t2m_lag
19.01101472,0.03599648057276165,2.5e-4,0.001,0.00225,0.224625,0.0975,0.04775,absent,max_t2m_lag
19.55862088,0.03694829458611536,2.5e-4,0.001,0.00225,0.22475,0.10075,0.05,absent,max_t2m_lag
20.10622704,0.037551102083500924,0,5e-4,0.0015,0.2248125,0.10325,0.052,absent,max_t2m_lag
20.6538332,0.038768884241010375,0,5e-4,0.00125,0.22525,0.10575,0.0535,absent,max_t2m_lag
21.20143936,0.03877612420561499,0,2.5e-4,0.001,0.2250625,0.1065,0.054,absent,max_t2m_lag
21.74904552,0.03894368916418631,0,2.5e-4,0.001,0.2238125,0.107,0.055,absent,max_t2m_lag
22.29665168,0.042950808462714186,0,2.5e-4,7.5e-4,0.22731250000000003,0.11675,0.06475,absent,max_t2m_lag
22.84425784,0.04431310835813692,0,0,5e-4,0.23425,0.1215,0.0675,absent,max_t2m_lag
23.391864,0.044805224841122995,0,0,2.5e-4,0.23575,0.12325,0.0685,absent,max_t2m_lag
23.93947016,0.04502063389912316,0,0,5e-4,0.235,0.12375,0.06875,absent,max_t2m_lag
24.48707632,0.04476584747807899,0,0,2.5e-4,0.2325,0.123,0.06875,absent,max_t2m_lag
25.03468248,0.04490956077548065,0,0,2.5e-4,0.23275,0.1235,0.069,absent,max_t2m_lag
25.58228864,0.04517311559810152,0,0,2.5e-4,0.233,0.124,0.06975,absent,max_t2m_lag
26.1298948,0.045304058402381144,0,0,2.5e-4,0.2330625,0.124,0.07,absent,max_t2m_lag
26.67750096,0.045334003700426354,0,0,2.5e-4,0.2330625,0.124,0.07,absent,max_t2m_lag
27.22510712,0.04535272705333441,0,0,2.5e-4,0.2330625,0.124,0.07,absent,max_t2m_lag
27.77271328,0.04535288794143673,0,0,2.5e-4,0.2330625,0.124,0.07,absent,max_t2m_lag
28.32031944,0.045352163944976265,0,0,2.5e-4,0.2330625,0.124,0.07,absent,max_t2m_lag
28.8679256,0.045352163944976265,0,0,2.5e-4,0.2330625,0.124,0.07,absent,max_t2m_lag
29.41553176,0.045352163944976265,0,0,2.5e-4,0.2330625,0.124,0.07,absent,max_t2m_lag
29.96313792,0.04535214383396348,0,0,2.5e-4,0.2330625,0.124,0.07,absent,max_t2m_lag
30.51074408,0.04535214383396348,0,0,2.5e-4,0.2330625,0.124,0.07,absent,max_t2m_lag
31.05835024,0.04535214383396348,0,0,2.5e-4,0.2330625,0.124,0.07,absent,max_t2m_lag
31.6059564,0.04535214383396348,0,0,2.5e-4,0.2330625,0.124,0.07,absent,max_t2m_lag
32.15356256,0.04535214383396348,0,0,2.5e-4,0.2330625,0.124,0.07,absent,max_t2m_lag
32.70116872,0.04535214383396348,0,0,2.5e-4,0.2330625,0.124,0.07,absent,max_t2m_lag
33.24877488,0.04535214383396348,0,0,2.5e-4,0.2330625,0.124,0.07,absent,max_t2m_lag
33.79638104,0.04535214383396348,0,0,2.5e-4,0.2330625,0.124,0.07,absent,max_t2m_lag
34.3439872,0.04535214383396348,0,0,2.5e-4,0.2330625,0.124,0.07,absent,max_t2m_lag
6.9636792,0.9152586506802509,0.7816,0.847,0.90225,0.97225,0.958,0.94525,present,max_t2m_lag
7.51128536,0.9152586506802509,0.7816,0.847,0.90225,0.97225,0.958,0.94525,present,max_t2m_lag
8.05889152,0.9152586506802509,0.7816,0.847,0.90225,0.97225,0.958,0.94525,present,max_t2m_lag
8.60649768,0.9152586506802509,0.7816,0.847,0.90225,0.97225,0.958,0.94525,present,max_t2m_lag
9.15410384,0.9152592719140212,0.7816,0.847,0.90225,0.97225,0.958,0.94525,present,max_t2m_lag
9.70171,0.9154288376716158,0.7816,0.847,0.90225,0.97375,0.958,0.94525,present,max_t2m_lag
10.24931616,0.9155542026464558,0.7818499999999999,0.847,0.9025,0.97475,0.958,0.94525,present,max_t2m_lag
10.79692232,0.915686898179785,0.782,0.847,0.9025,0.97575,0.95825,0.9455,present,max_t2m_lag
11.34452848,0.9157900695781823,0.78175,0.847,0.90275,0.977,0.95825,0.9455,present,max_t2m_lag
11.89213464,0.9160266664595887,0.78135,0.847,0.90275,0.97775,0.95875,0.94575,present,max_t2m_lag
12.4397408,0.9161829688761881,0.7816,0.847,0.903,0.978,0.95875,0.946,present,max_t2m_lag
12.98734696,0.9173062371870535,0.7821,0.84775,0.9045,0.97975,0.95975,0.94675,present,max_t2m_lag
13.53495312,0.920662514754302,0.7837000000000001,0.8495,0.90825,0.98265,0.963,0.95,present,max_t2m_lag
14.08255928,0.9230410169596819,0.78435,0.85115,0.91,0.987,0.96625,0.9525,present,max_t2m_lag
14.63016544,0.9268410884015655,0.7866,0.853,0.91325,0.991,0.97075,0.95725,present,max_t2m_lag
15.1777716,0.9317529353295645,0.78895,0.8559,0.9175,0.99225,0.9775,0.96275,present,max_t2m_lag
15.72537776,0.9349990992110332,0.7895,0.85875,0.92075,0.99125,0.97875,0.96725,present,max_t2m_lag
16.27298392,0.951341663042803,0.8038000000000001,0.87925,0.9365,0.99825,0.992,0.984,present,max_t2m_lag
16.82059008,0.9552437721314531,0.81185,0.89575,0.94075,0.9965,0.99225,0.98575,present,max_t2m_lag
17.36819624,0.9637137665403491,0.81185,0.90275,0.95225,0.9995,0.998,0.994,present,max_t2m_lag
17.9158024,0.9646978318941417,0.8126,0.90225,0.95575,0.9995,0.99825,0.99475,present,max_t2m_lag
18.46340856,0.9656962788097161,0.8126,0.90125,0.9555,0.9995,0.9985,0.996,present,max_t2m_lag
19.01101472,0.9649882120892092,0.81975,0.9,0.95325,0.99975,0.99875,0.99575,present,max_t2m_lag
19.55862088,0.9651146797539915,0.83825,0.8996500000000001,0.9535,0.99975,0.99875,0.99575,present,max_t2m_lag
20.10622704,0.9642963906317947,0.8386,0.901,0.95225,0.99975,0.99875,0.995,present,max_t2m_lag
20.6538332,0.9623250139777598,0.8375,0.9011500000000001,0.948,1,0.99925,0.99525,present,max_t2m_lag
21.20143936,0.957081863080077,0.835,0.89575,0.9395,0.99975,0.998,0.992,present,max_t2m_lag
21.74904552,0.9488732527800211,0.8326,0.8885,0.92675,0.9995,0.99625,0.9855,present,max_t2m_lag
22.29665168,0.9352035783065167,0.82325,0.8739,0.90825,0.9975,0.99075,0.974,present,max_t2m_lag
22.84425784,0.9258360719388706,0.8155,0.86275,0.8965,0.99325,0.9855,0.967,present,max_t2m_lag
23.391864,0.9138231658072933,0.7995,0.84525,0.88175,0.987,0.97775,0.9585,present,max_t2m_lag
23.93947016,0.8914667484624464,0.7776000000000001,0.8225,0.8625,0.9605,0.95,0.93225,present,max_t2m_lag
24.48707632,0.8790694539355159,0.762,0.8074000000000001,0.852,0.94575,0.9355,0.919,present,max_t2m_lag
25.03468248,0.8788924178418339,0.76225,0.80725,0.85175,0.9455,0.93525,0.91875,present,max_t2m_lag
25.58228864,0.8787815897372181,0.762,0.80725,0.85175,0.94525,0.935,0.9185,present,max_t2m_lag
26.1298948,0.8786640989004162,0.762,0.80705,0.85175,0.94525,0.935,0.9185,present,max_t2m_lag
26.67750096,0.8786700472137665,0.762,0.80705,0.85175,0.94525,0.935,0.9185,present,max_t2m_lag
27.22510712,0.8786724389637821,0.762,0.80715,0.85175,0.945,0.935,0.9185,present,max_t2m_lag
27.77271328,0.8786693949183078,0.762,0.80715,0.85175,0.945,0.935,0.9185,present,max_t2m_lag
28.32031944,0.8786616294961794,0.762,0.80715,0.85175,0.945,0.935,0.9185,present,max_t2m_lag
28.8679256,0.8786616294961794,0.762,0.80715,0.85175,0.945,0.935,0.9185,present,max_t2m_lag
29.41553176,0.8786616294961794,0.762,0.80715,0.85175,0.945,0.935,0.9185,present,max_t2m_lag
29.96313792,0.8786615363111139,0.762,0.80715,0.85175,0.945,0.935,0.9185,present,max_t2m_lag
30.51074408,0.8786615363111139,0.762,0.80715,0.85175,0.945,0.935,0.9185,present,max_t2m_lag
31.05835024,0.8786615363111139,0.762,0.80715,0.85175,0.945,0.935,0.9185,present,max_t2m_lag
31.6059564,0.8786615363111139,0.762,0.80715,0.85175,0.945,0.935,0.9185,present,max_t2m_lag
32.15356256,0.8786615363111139,0.762,0.80715,0.85175,0.945,0.935,0.9185,present,max_t2m_lag
32.70116872,0.8786615363111139,0.762,0.80715,0.85175,0.945,0.935,0.9185,present,max_t2m_lag
33.24877488,0.8786615363111139,0.762,0.80715,0.85175,0.945,0.935,0.9185,present,max_t2m_lag
33.79638104,0.8786615363111139,0.762,0.80715,0.85175,0.945,0.935,0.9185,present,max_t2m_lag
34.3439872,0.8786615363111139,0.762,0.80715,0.85175,0.945,0.935,0.9185,present,max_t2m_lag
0.0231680554,0.04685833802590298,0,0,2.5e-4,0.27325,0.133,0.067,absent,max_tp_lag
0.037336258292,0.04685833802590298,0,0,2.5e-4,0.27325,0.133,0.067,absent,max_tp_lag
0.051504461184,0.04685833802590298,0,0,2.5e-4,0.27325,0.133,0.067,absent,max_tp_lag
0.065672664076,0.046858036360711126,0,0,2.5e-4,0.27325,0.133,0.067,absent,max_tp_lag
0.079840866968,0.046609424020593676,0,0,2.5e-4,0.27725,0.13325,0.067,absent,max_tp_lag
0.09400906986,0.04248179953342451,0,0,2.5e-4,0.267375,0.123,0.0575,absent,max_tp_lag
0.108177272752,0.03846426273027109,0,0,5e-4,0.264375,0.11475,0.04375,absent,max_tp_lag
0.122345475644,0.03646022041670019,0,2.5e-4,7.5e-4,0.25875,0.1095,0.0385,absent,max_tp_lag
0.136513678536,0.037072640978199664,0,5e-4,0.002,0.2565,0.11,0.039,absent,max_tp_lag
0.150681881428,0.03762289839916338,2.5e-4,0.001,0.00325,0.255125,0.10925,0.0395,absent,max_tp_lag
0.16485008432,0.0374083943367388,2.5e-4,0.001,0.00325,0.2490625,0.10825,0.03975,absent,max_tp_lag
0.179018287212,0.03821900892928968,2.5e-4,0.00125,0.00375,0.247375,0.1095,0.04225,absent,max_tp_lag
0.193186490104,0.03805444051162417,2.5e-4,0.00125,0.00375,0.24087499999999998,0.11025,0.0435,absent,max_tp_lag
0.207354692996,0.0383264218486043,2.5e-4,0.00125,0.00375,0.2345,0.11025,0.047,absent,max_tp_lag
0.221522895888,0.03881017215026949,2.5e-4,0.00125,0.004,0.2305,0.1115,0.049,absent,max_tp_lag
0.23569109878,0.03931365135548227,2.5e-4,0.00125,0.004,0.227,0.112,0.05075,absent,max_tp_lag
0.249859301672,0.03977564154130802,5e-4,0.0015,0.004,0.22625,0.1125,0.0515,absent,max_tp_lag
0.264027504564,0.039963920843053655,5e-4,0.0015,0.004,0.22531250000000003,0.11225,0.052,absent,max_tp_lag
0.278195707456,0.040072399646046176,5e-4,0.0015,0.004,0.2248125,0.11175,0.05225,absent,max_tp_lag
0.292363910348,0.04011314455795994,5e-4,0.0015,0.004,0.225875,0.112,0.052375,absent,max_tp_lag
0.30653211324,0.0400969551926635,5e-4,0.00175,0.004,0.2265625,0.112,0.05225,absent,max_tp_lag
0.320700316132,0.0402515083259593,5e-4,0.00175,0.004,0.2285625,0.1125,0.0525,absent,max_tp_lag
0.334868519024,0.0409220899364492,7.5e-4,0.00175,0.004,0.2303125,0.11425,0.054125,absent,max_tp_lag
0.349036721916,0.041199099026626974,7.5e-4,0.00175,0.004,0.23193750000000002,0.11525,0.055625,absent,max_tp_lag
0.363204924808,0.04160827769286461,7.5e-4,0.00175,0.004,0.23337500000000003,0.11675,0.05775,absent,max_tp_lag
0.3773731277,0.04167904834687475,5e-4,0.0015,0.00375,0.2323125,0.1175,0.05825,absent,max_tp_lag
0.391541330592,0.041735600514841924,5e-4,0.0015,0.00375,0.23249999999999998,0.118,0.05875,absent,max_tp_lag
0.405709533484,0.04164884160566326,5e-4,0.0015,0.00375,0.2323125,0.11775,0.05875,absent,max_tp_lag
0.419877736376,0.04168174322258869,5e-4,0.0015,0.00375,0.2325625,0.11775,0.05875,absent,max_tp_lag
0.434045939268,0.0418124849167404,5e-4,0.0015,0.00375,0.2325,0.11825,0.05925,absent,max_tp_lag
0.44821414216,0.04178503338428123,5e-4,0.0015,0.00375,0.23212500000000003,0.11825,0.05925,absent,max_tp_lag
0.462382345052,0.041757159520553457,5e-4,0.0015,0.00375,0.23212500000000003,0.11825,0.059,absent,max_tp_lag
0.476550547944,0.041745314134019794,5e-4,0.0015,0.00375,0.232,0.11825,0.059,absent,max_tp_lag
0.490718750836,0.04172673155820127,5e-4,0.0015,0.00375,0.2318125,0.118,0.059,absent,max_tp_lag
0.504886953728,0.041808342048105546,5e-4,0.0015,0.00375,0.2315,0.1185,0.059125,absent,max_tp_lag
0.51905515662,0.04183537124929612,5e-4,0.0015,0.00375,0.23131250000000003,0.1185,0.05925,absent,max_tp_lag
0.533223359512,0.04181361113345668,5e-4,0.0015,0.00375,0.2305625,0.1185,0.05925,absent,max_tp_lag
0.547391562404,0.04177620464966616,5e-4,0.0015,0.00375,0.2300625,0.1185,0.05925,absent,max_tp_lag
0.561559765296,0.041748029120746516,5e-4,0.0015,0.00375,0.2300625,0.1185,0.05925,absent,max_tp_lag
0.575727968188,0.041742116482986084,5e-4,0.0015,0.00375,0.2300625,0.1185,0.05925,absent,max_tp_lag
0.58989617108,0.04174203603893492,5e-4,0.0015,0.00375,0.2300625,0.1185,0.05925,absent,max_tp_lag
0.604064373972,0.04174203603893492,5e-4,0.0015,0.00375,0.2300625,0.1185,0.05925,absent,max_tp_lag
0.618232576864,0.04174203603893492,5e-4,0.0015,0.00375,0.2300625,0.1185,0.05925,absent,max_tp_lag
0.632400779756,0.04174203603893492,5e-4,0.0015,0.00375,0.2300625,0.1185,0.05925,absent,max_tp_lag
0.646568982648,0.04174203603893492,5e-4,0.0015,0.00375,0.2300625,0.1185,0.05925,absent,max_tp_lag
0.66073718554,0.04174203603893492,5e-4,0.0015,0.00375,0.2300625,0.1185,0.05925,absent,max_tp_lag
0.674905388432,0.04174203603893492,5e-4,0.0015,0.00375,0.2300625,0.1185,0.05925,absent,max_tp_lag
0.689073591324,0.04174203603893492,5e-4,0.0015,0.00375,0.2300625,0.1185,0.05925,absent,max_tp_lag
0.703241794216,0.04174203603893492,5e-4,0.0015,0.00375,0.2300625,0.1185,0.05925,absent,max_tp_lag
0.717409997108,0.04174203603893492,5e-4,0.0015,0.00375,0.2300625,0.1185,0.05925,absent,max_tp_lag
0.7315782,0.04174203603893492,5e-4,0.0015,0.00375,0.2300625,0.1185,0.05925,absent,max_tp_lag
0.0231680554,0.8934533142821643,0.7778500000000002,0.84675,0.8775,0.94325,0.93275,0.92075,present,max_tp_lag
0.037336258292,0.8934533142821643,0.7778500000000002,0.84675,0.8775,0.94325,0.93275,0.92075,present,max_tp_lag
0.051504461184,0.8934533142821643,0.7778500000000002,0.84675,0.8775,0.94325,0.93275,0.92075,present,max_tp_lag
0.065672664076,0.8934642790582096,0.7778500000000002,0.84675,0.8775,0.94325,0.93275,0.92075,present,max_tp_lag
0.079840866968,0.9229979499285581,0.78925,0.86275,0.9045,0.98375,0.9665,0.954,present,max_tp_lag
0.09400906986,0.9425635832763869,0.81025,0.8785,0.92425,0.99925,0.98975,0.9735,present,max_tp_lag
0.108177272752,0.9569144095173013,0.82275,0.88425,0.93475,0.99925,0.99775,0.99375,present,max_tp_lag
0.122345475644,0.959028374852457,0.83425,0.88765,0.93775,0.99975,0.99875,0.994,present,max_tp_lag
0.136513678536,0.9615614244890353,0.8375,0.89375,0.94,1,0.99925,0.996,present,max_tp_lag
0.150681881428,0.9614310119898118,0.8326,0.89575,0.9385,1,0.9995,0.99725,present,max_tp_lag
0.16485008432,0.9591339224700255,0.8266,0.8969,0.933,1,0.99925,0.99675,present,max_tp_lag
0.179018287212,0.9581928620239797,0.823,0.89725,0.9345,1,0.999,0.9955,present,max_tp_lag
0.193186490104,0.9515681804062869,0.80385,0.88175,0.925,0.99925,0.99725,0.99275,present,max_tp_lag
0.207354692996,0.9343472386158912,0.77575,0.83925,0.90975,0.99825,0.9925,0.97925,present,max_tp_lag
0.221522895888,0.9244959775113375,0.7611,0.82325,0.89875,0.998,0.98775,0.97025,present,max_tp_lag
0.23569109878,0.9148879760203765,0.751,0.81215,0.8825,0.997,0.9845,0.96675,present,max_tp_lag
0.249859301672,0.9025867397651736,0.7426,0.80375,0.8645,0.99525,0.984,0.958,present,max_tp_lag
0.264027504564,0.895136438466795,0.7385,0.79925,0.85475,0.994,0.98275,0.949,present,max_tp_lag
0.278195707456,0.8878927905820961,0.736,0.7965,0.84525,0.99325,0.983,0.94025,present,max_tp_lag
0.292363910348,0.8875368702242654,0.73575,0.79575,0.84475,0.9955,0.98525,0.93925,present,max_tp_lag
0.30653211324,0.8864545722805491,0.73525,0.79525,0.8435,0.99525,0.9850999999999999,0.9375,present,max_tp_lag
0.320700316132,0.8851520314344288,0.73435,0.7945,0.842,0.99625,0.9845,0.9355,present,max_tp_lag
0.334868519024,0.8818997794620116,0.7325,0.79275,0.83825,0.99875,0.9805,0.9305,present,max_tp_lag
0.349036721916,0.8801738988631422,0.73175,0.79175,0.837,0.99925,0.97625,0.928,present,max_tp_lag
0.363204924808,0.8770501025035721,0.7305,0.7895,0.835,0.99925,0.971,0.923,present,max_tp_lag
0.3773731277,0.8704427533080699,0.7275,0.7855,0.82875,0.99925,0.95975,0.914,present,max_tp_lag
0.391541330592,0.8667143411815866,0.72525,0.78275,0.82575,0.99925,0.95275,0.90925,present,max_tp_lag
0.405709533484,0.8649306237187053,0.7245,0.7815,0.8245,0.999,0.9495,0.90725,present,max_tp_lag
0.419877736376,0.8645041312045724,0.72425,0.78125,0.82425,0.999,0.9485,0.907,present,max_tp_lag
0.434045939268,0.8620522612909237,0.723,0.78,0.822,0.9985,0.94475,0.90375,present,max_tp_lag
0.44821414216,0.8611829067528111,0.7225,0.7795,0.82125,0.99825,0.943,0.90275,present,max_tp_lag
0.462382345052,0.860689196744735,0.72225,0.77925,0.82125,0.99625,0.94175,0.902,present,max_tp_lag
0.476550547944,0.8601095235136982,0.722,0.77925,0.82075,0.99575,0.9405,0.90125,present,max_tp_lag
0.490718750836,0.8595908243772132,0.722,0.779,0.82025,0.9945,0.9385,0.90075,present,max_tp_lag
0.504886953728,0.8586257377151022,0.7215,0.7785,0.8195,0.9935,0.93725,0.8995,present,max_tp_lag
0.51905515662,0.857253447847425,0.7211,0.7781500000000001,0.81875,0.98525,0.93525,0.8985,present,max_tp_lag
0.533223359512,0.8543854755544511,0.72075,0.7775,0.8175,0.96975,0.931,0.896,present,max_tp_lag
0.547391562404,0.8524188668696031,0.72025,0.777,0.81675,0.9565,0.928,0.8945,present,max_tp_lag
0.561559765296,0.8508676616760887,0.7198500000000001,0.77675,0.8165,0.94325,0.92425,0.894,present,max_tp_lag
0.575727968188,0.8505345561284711,0.7198500000000001,0.77675,0.8165,0.94075,0.92325,0.89375,present,max_tp_lag
0.58989617108,0.8505325992420948,0.7198500000000001,0.77675,0.8165,0.94075,0.92325,0.89375,present,max_tp_lag
0.604064373972,0.8505325992420948,0.7198500000000001,0.77675,0.8165,0.94075,0.92325,0.89375,present,max_tp_lag
0.618232576864,0.8505325992420948,0.7198500000000001,0.77675,0.8165,0.94075,0.92325,0.89375,present,max_tp_lag
0.632400779756,0.8505325992420948,0.7198500000000001,0.77675,0.8165,0.94075,0.92325,0.89375,present,max_tp_lag
0.646568982648,0.8505325992420948,0.7198500000000001,0.77675,0.8165,0.94075,0.92325,0.89375,present,max_tp_lag
0.66073718554,0.8505325992420948,0.7198500000000001,0.77675,0.8165,0.94075,0.92325,0.89375,present,max_tp_lag
0.674905388432,0.8505325992420948,0.7198500000000001,0.77675,0.8165,0.94075,0.92325,0.89375,present,max_tp_lag
0.689073591324,0.8505325992420948,0.7198500000000001,0.77675,0.8165,0.94075,0.92325,0.89375,present,max_tp_lag
0.703241794216,0.8505325992420948,0.7198500000000001,0.77675,0.8165,0.94075,0.92325,0.89375,present,max_tp_lag
0.717409997108,0.8505325992420948,0.7198500000000001,0.77675,0.8165,0.94075,0.92325,0.89375,present,max_tp_lag
0.7315782,0.8505325992420948,0.7198500000000001,0.77675,0.8165,0.94075,0.92325,0.89375,present,max_tp_lag
37.4,0.045698676695358376,0,0,5e-4,0.2635625,0.14,0.06425,absent,julian_lag
42.332,0.045698676695358376,0,0,5e-4,0.2635625,0.14,0.06425,absent,julian_lag
47.264,0.045698676695358376,0,0,5e-4,0.2635625,0.14,0.06425,absent,julian_lag
52.196,0.045698676695358376,0,0,5e-4,0.2635625,0.14,0.06425,absent,julian_lag
57.128,0.045698676695358376,0,0,5e-4,0.2635625,0.14,0.06425,absent,julian_lag
62.06,0.04569869680637117,0,0,5e-4,0.2635625,0.14,0.06425,absent,julian_lag
66.992,0.045698857694473495,0,0,5e-4,0.2635625,0.14,0.06425,absent,julian_lag
71.924,0.045700486686509535,0,0,5e-4,0.2635625,0.14,0.06425,absent,julian_lag
76.856,0.04570157268120023,0,0,5e-4,0.2635625,0.14,0.06425,absent,julian_lag
81.788,0.04571667605180597,0,0,5e-4,0.26375,0.14025,0.06425,absent,julian_lag
86.72,0.04550593274877323,0,0,2.5e-4,0.264,0.14025,0.064,absent,julian_lag
91.652,0.04545579599388626,0,0,2.5e-4,0.26425,0.1405,0.064,absent,julian_lag
96.584,0.045490970155257014,0,0,2.5e-4,0.26425,0.14075,0.064,absent,julian_lag
101.516,0.04528668248733006,0,0,2.5e-4,0.2640625,0.14025,0.0635,absent,julian_lag
106.448,0.04496641460863969,0,0,2.5e-4,0.2640625,0.1395,0.06275,absent,julian_lag
111.38,0.04489162175207143,0,0,2.5e-4,0.26425,0.1395,0.06275,absent,julian_lag
116.312,0.04488661410988658,0,0,2.5e-4,0.26425,0.1395,0.0625,absent,julian_lag
121.244,0.04495945619821414,0,0,2.5e-4,0.2645,0.13975,0.06275,absent,julian_lag
126.176,0.04475874829056391,0,0,2.5e-4,0.2660625,0.13875,0.06225,absent,julian_lag
131.108,0.04431459657308342,0,0,2.5e-4,0.26649999999999996,0.13775,0.06125,absent,julian_lag
136.04,0.04411545732443086,0,0,5e-4,0.2665,0.1365,0.06075,absent,julian_lag
140.972,0.042434035878046825,0,2.5e-4,7.5e-4,0.26056250000000003,0.12825,0.0575,absent,julian_lag
145.904,0.03958881023248331,0,2.5e-4,0.00125,0.25225,0.119,0.05025,absent,julian_lag
150.836,0.03950162899203604,0,2.5e-4,0.00125,0.2533125,0.11825,0.0495,absent,julian_lag
155.768,0.03934128388705655,0,2.5e-4,0.00125,0.253125,0.11775,0.049125,absent,julian_lag
160.7,0.03936227978440994,0,2.5e-4,0.00125,0.25375,0.1175,0.048875,absent,julian_lag
165.632,0.03995993886252112,2.5e-4,7.5e-4,0.00225,0.25206249999999997,0.117,0.04875,absent,julian_lag
170.564,0.03999284047944655,7.5e-4,0.002,0.00375,0.2458125,0.11325,0.04825,absent,julian_lag
175.496,0.03908356125814496,0.00125,0.0035,0.00575,0.23525,0.10425,0.045,absent,julian_lag
180.428,0.0388657992116483,0.00175,0.0055,0.008,0.23131250000000003,0.1,0.0415,absent,julian_lag
185.36,0.039071997425790365,0.00225,0.00625,0.00925,0.2315,0.09925,0.04075,absent,julian_lag
190.292,0.03862917303515405,0.00225,0.00625,0.00925,0.231875,0.0995,0.04,absent,julian_lag
195.224,0.040137901214705174,0.002,0.00575,0.009,0.23706249999999998,0.1065,0.0435,absent,julian_lag
200.156,0.040403567693669054,0.002,0.0055,0.009,0.23731249999999998,0.10725,0.04475,absent,julian_lag
205.088,0.04091875150832596,0.00225,0.00575,0.0095,0.23575,0.1075,0.04575,absent,julian_lag
210.02,0.04101976912557317,0.00225,0.00575,0.0095,0.23575,0.1075,0.046,absent,julian_lag
214.952,0.041059629152924146,0.00225,0.00575,0.0095,0.235,0.1075,0.04625,absent,julian_lag
219.884,0.0411401938701633,0.0025,0.006,0.0095,0.2345625,0.1075,0.0465,absent,julian_lag
224.816,0.041423135709114316,0.0025,0.00625,0.0095,0.23475,0.1085,0.047,absent,julian_lag
229.748,0.04198686750864774,0.003,0.00675,0.00975,0.23481249999999998,0.10875,0.048,absent,julian_lag
234.68,0.04209683452658676,0.00325,0.00675,0.00975,0.23475,0.109,0.04825,absent,julian_lag
239.612,0.04211567854557155,0.00325,0.007,0.00975,0.23475,0.109,0.04825,absent,julian_lag
244.544,0.04216072721422251,0.00325,0.007,0.01,0.23475,0.109,0.048375,absent,julian_lag
249.476,0.042160043439787624,0.00325,0.007,0.01,0.23475,0.109,0.048375,absent,julian_lag
254.408,0.04215921888826321,0.00325,0.007,0.01,0.23475,0.109,0.048375,absent,julian_lag
259.34,0.04215921888826321,0.00325,0.007,0.01,0.23475,0.109,0.048375,absent,julian_lag
264.272,0.04215921888826321,0.00325,0.007,0.01,0.23475,0.109,0.048375,absent,julian_lag
269.204,0.04215921888826321,0.00325,0.007,0.01,0.23475,0.109,0.048375,absent,julian_lag
274.136,0.04215921888826321,0.00325,0.007,0.01,0.23475,0.109,0.048375,absent,julian_lag
279.068,0.04215921888826321,0.00325,0.007,0.01,0.23475,0.109,0.048375,absent,julian_lag
284,0.04215921888826321,0.00325,0.007,0.01,0.23475,0.109,0.048375,absent,julian_lag
37.4,0.8377858917810772,0.77125,0.797,0.81575,0.9265,0.88375,0.85825,present,julian_lag
42.332,0.8377858917810772,0.77125,0.797,0.81575,0.9265,0.88375,0.85825,present,julian_lag
47.264,0.8377858917810772,0.77125,0.797,0.81575,0.9265,0.88375,0.85825,present,julian_lag
52.196,0.8377858917810772,0.77125,0.797,0.81575,0.9265,0.88375,0.85825,present,julian_lag
57.128,0.8377858917810772,0.77125,0.797,0.81575,0.9265,0.88375,0.85825,present,julian_lag
62.06,0.8377859073119214,0.77125,0.797,0.81575,0.9265,0.88375,0.85825,present,julian_lag
66.992,0.8377859694352985,0.77125,0.797,0.81575,0.9265,0.88375,0.85825,present,julian_lag
71.924,0.8377977262844009,0.77125,0.797,0.81575,0.9265,0.88375,0.85825,present,julian_lag
76.856,0.8377987513201218,0.77125,0.797,0.81575,0.9265,0.88375,0.85825,present,julian_lag
81.788,0.8380566720506927,0.7715,0.797,0.816,0.9285,0.884,0.8585,present,julian_lag
86.72,0.8383083804435609,0.7716000000000001,0.79725,0.816,0.93,0.88425,0.85875,present,julian_lag
91.652,0.8391719109150774,0.77185,0.7975,0.8165,0.9409000000000001,0.8855,0.85975,present,julian_lag
96.584,0.8405648257439274,0.7726,0.79825,0.81725,0.94675,0.88675,0.86175,present,julian_lag
101.516,0.8407537895259987,0.77285,0.7985,0.8175,0.94775,0.887,0.862,present,julian_lag
106.448,0.8408938622103498,0.77275,0.7985,0.8175,0.948,0.8871,0.86225,present,julian_lag
111.38,0.8413101198981177,0.7731,0.79875,0.81775,0.951,0.888,0.863,present,julian_lag
116.312,0.8434020624961173,0.7745,0.80025,0.819,0.9595,0.8910999999999999,0.86475,present,julian_lag
121.244,0.8457010312480586,0.77725,0.80275,0.8215,0.9631500000000002,0.89375,0.8665,present,julian_lag
126.176,0.850664083369572,0.7815,0.8075,0.82625,0.97325,0.90025,0.8705,present,julian_lag
131.108,0.8545118966267006,0.785,0.81175,0.83025,0.96775,0.90575,0.87375,present,julian_lag
136.04,0.8595810088836429,0.7895,0.817,0.83575,0.972,0.9105,0.87875,present,julian_lag
140.972,0.9199484375970678,0.8156,0.8625,0.8975,0.9845,0.96725,0.95225,present,julian_lag
145.904,0.9490200969124681,0.8296,0.8815,0.9235,0.99975,0.998,0.989,present,julian_lag
150.836,0.9564053239734112,0.83125,0.888,0.935,1,0.999,0.99375,present,julian_lag
155.768,0.9631970708827732,0.8328500000000001,0.89675,0.9505,1,0.99925,0.99625,present,julian_lag
160.7,0.9655298658135055,0.8346,0.9005,0.9555,0.99975,0.99925,0.9965,present,julian_lag
165.632,0.9676606044604584,0.83185,0.90325,0.96175,0.99975,0.999,0.997,present,julian_lag
170.564,0.9669876840405044,0.83175,0.90515,0.96275,0.9995,0.99825,0.99425,present,julian_lag
175.496,0.9611686804994719,0.83525,0.9065,0.95075,0.9985,0.9955,0.98875,present,julian_lag
180.428,0.9547754084612039,0.823,0.9,0.94275,0.99925,0.9955,0.98475,present,julian_lag
185.36,0.9486091352425917,0.8136000000000001,0.88815,0.93475,0.9995,0.99425,0.9805,present,julian_lag
190.292,0.934750481456172,0.79875,0.8681500000000001,0.917,0.997,0.987,0.969,present,julian_lag
195.224,0.8855596695036342,0.75585,0.817,0.8635,0.99525,0.949,0.9195,present,julian_lag
200.156,0.8803830061502144,0.75285,0.813,0.8575,0.9945,0.94375,0.9135,present,julian_lag
205.088,0.8738753183823073,0.75085,0.8095,0.8505,0.98525,0.9375999999999999,0.90675,present,julian_lag
210.02,0.8705609430328632,0.74975,0.80825,0.84825,0.9765,0.93375,0.90275,present,julian_lag
214.952,0.8688644001987947,0.7496,0.80775,0.8475,0.97325,0.9295,0.90025,present,julian_lag
219.884,0.8681746443436665,0.7495,0.80775,0.847,0.97225,0.92825,0.8995,present,julian_lag
224.816,0.8680708206498104,0.74975,0.80775,0.847,0.97075,0.928,0.89925,present,julian_lag
229.748,0.8675133565260608,0.7495,0.8075,0.8465,0.96725,0.92725,0.89875,present,julian_lag
234.68,0.8673566658383549,0.74935,0.8075,0.8465,0.96625,0.927,0.8985,present,julian_lag
239.612,0.8669148288500962,0.74935,0.8075,0.8465,0.9611500000000001,0.92635,0.89825,present,julian_lag
244.544,0.8668636081257377,0.74925,0.8075,0.8465,0.9605,0.92625,0.89825,present,julian_lag
249.476,0.8668406845996148,0.74925,0.8075,0.8465,0.96025,0.92625,0.89825,present,julian_lag
254.408,0.8668309156985774,0.74925,0.8075,0.8465,0.96025,0.92625,0.89825,present,julian_lag
259.34,0.8668309156985774,0.74925,0.8075,0.8465,0.96025,0.92625,0.89825,present,julian_lag
264.272,0.8668309156985774,0.74925,0.8075,0.8465,0.96025,0.92625,0.89825,present,julian_lag
269.204,0.8668309156985774,0.74925,0.8075,0.8465,0.96025,0.92625,0.89825,present,julian_lag
274.136,0.8668309156985774,0.74925,0.8075,0.8465,0.96025,0.92625,0.89825,present,julian_lag
279.068,0.8668309156985774,0.74925,0.8075,0.8465,0.96025,0.92625,0.89825,present,julian_lag
284,0.8668309156985774,0.74925,0.8075,0.8465,0.96025,0.92625,0.89825,present,julian_lag
33.2,0.04216593596653528,0,0,2.5e-4,0.2485,0.12775,0.0625,absent,julian
37.6693333333333,0.04216593596653528,0,0,2.5e-4,0.2485,0.12775,0.0625,absent,julian
42.1386666666667,0.04216593596653528,0,0,2.5e-4,0.2485,0.12775,0.0625,absent,julian
46.608,0.04216593596653528,0,0,2.5e-4,0.2485,0.12775,0.0625,absent,julian
51.0773333333333,0.04216593596653528,0,0,2.5e-4,0.2485,0.12775,0.0625,absent,julian
55.5466666666667,0.04216601641058644,0,0,2.5e-4,0.2485,0.12775,0.0625,absent,julian
60.016,0.04216647896388062,0,0,2.5e-4,0.2485,0.12775,0.0625,absent,julian
64.4853333333333,0.04216698173920039,0,0,2.5e-4,0.2485,0.12775,0.0625,absent,julian
68.9546666666667,0.04215783122838066,0,0,2.5e-4,0.2485,0.12775,0.0625,absent,julian
73.424,0.041895664065642345,0,0,2.5e-4,0.24825,0.12775,0.062,absent,julian
77.8933333333333,0.04181771378006596,0,0,2.5e-4,0.24825,0.1275,0.062,absent,julian
82.3626666666667,0.04179971442361838,0,0,2.5e-4,0.24825,0.1275,0.06175,absent,julian
86.832,0.041666378408816665,0,0,2.5e-4,0.24825,0.12725,0.061375,absent,julian
91.3013333333333,0.041544103451049794,0,0,2.5e-4,0.2483125,0.12675,0.061125,absent,julian
95.7706666666667,0.04143805808060494,0,0,2.5e-4,0.2485,0.1265,0.06075,absent,julian
100.24,0.04128555627061378,0,0,2.5e-4,0.24825,0.1265,0.060625,absent,julian
104.709333333333,0.04127737108840802,0,0,2.5e-4,0.24825,0.1265,0.0605,absent,julian
109.178666666667,0.04121828493282922,0,0,2.5e-4,0.2485,0.12625,0.06025,absent,julian
113.648,0.041250422331268605,0,0,2.5e-4,0.24856250000000002,0.126,0.06025,absent,julian
118.117333333333,0.040966595607754806,0,0,2.5e-4,0.24812499999999998,0.12525,0.06,absent,julian
122.586666666667,0.040312706137881106,0,0,2.5e-4,0.24762499999999998,0.12275,0.05825,absent,julian
127.056,0.039689606628589814,0,0,2.5e-4,0.24587499999999998,0.12,0.057,absent,julian
131.525333333333,0.038933472769688685,0,0,2.5e-4,0.24312499999999998,0.11725,0.05575,absent,julian
135.994666666667,0.038634261121390075,0,0,2.5e-4,0.2428125,0.1155,0.055,absent,julian
140.464,0.03874722468023489,0,2.5e-4,0.001,0.2425,0.114,0.053875,absent,julian
144.933333333333,0.038349026626980934,0,2.5e-4,0.00125,0.24456250000000002,0.11275,0.052,absent,julian
149.402666666667,0.038352003056873946,0,2.5e-4,0.00125,0.246375,0.11225,0.05125,absent,julian
153.872,0.037922974821011986,0,2.5e-4,0.0015,0.24568749999999998,0.11125,0.04875,absent,julian
158.341333333333,0.037710924302147855,0,5e-4,0.00175,0.24387499999999998,0.10975,0.047,absent,julian
162.810666666667,0.03724973855683372,2.5e-4,0.001,0.00225,0.23631249999999998,0.10575,0.04575,absent,julian
167.28,0.03797112058563269,7.5e-4,0.00275,0.005,0.2315625,0.10375,0.04475,absent,julian
171.749333333333,0.038062887136996224,0.001,0.00325,0.0055,0.23137500000000003,0.10275,0.04425,absent,julian
176.218666666667,0.03951856246480573,0.0015,0.00475,0.008,0.2320625,0.102,0.04475,absent,julian
180.688,0.04036390877644598,0.00175,0.005,0.00825,0.23825,0.10625,0.04525,absent,julian
185.157333333333,0.042595185423537935,0.002,0.00525,0.0085,0.25225,0.11675,0.047125,absent,julian
189.626666666667,0.043329277612420565,0.002,0.005,0.00825,0.2558125,0.1205,0.049,absent,julian
194.096,0.04363930898560051,0.00175,0.005,0.00825,0.2545,0.121,0.0505,absent,julian
198.565333333333,0.04419761081168048,0.002,0.00525,0.0085,0.255,0.122,0.0515,absent,julian
203.034666666667,0.04474790845466978,0.00225,0.00525,0.00875,0.2553125,0.12325,0.0525,absent,julian
207.504,0.045069342772102006,0.0025,0.0055,0.00875,0.2553125,0.12375,0.05325,absent,julian
211.973333333333,0.04629947309146489,0.0025,0.00575,0.009,0.2553125,0.1245,0.05625,absent,julian
216.442666666667,0.04698368996862682,0.00275,0.006,0.009,0.2553125,0.12475,0.058375,absent,julian
220.912,0.04711537688037969,0.00275,0.006,0.00925,0.2553125,0.12475,0.05875,absent,julian
225.381333333333,0.04710777491754485,0.00275,0.006,0.00925,0.2553125,0.12475,0.058625,absent,julian
229.850666666667,0.04710773469551927,0.00275,0.006,0.00925,0.2553125,0.12475,0.058625,absent,julian
234.32,0.04710757380741694,0.00275,0.006,0.00925,0.2553125,0.12475,0.058625,absent,julian
238.789333333333,0.04710753358539136,0.00275,0.006,0.00925,0.2553125,0.12475,0.058625,absent,julian
243.258666666667,0.04710753358539136,0.00275,0.006,0.00925,0.2553125,0.12475,0.058625,absent,julian
247.728,0.04710753358539136,0.00275,0.006,0.00925,0.2553125,0.12475,0.058625,absent,julian
252.197333333333,0.04710753358539136,0.00275,0.006,0.00925,0.2553125,0.12475,0.058625,absent,julian
256.666666666667,0.04710753358539136,0.00275,0.006,0.00925,0.2553125,0.12475,0.058625,absent,julian
33.2,0.8679359818599739,0.77125,0.818,0.84575,0.9405,0.91225,0.8935,present,julian
37.6693333333333,0.8679359818599739,0.77125,0.818,0.84575,0.9405,0.91225,0.8935,present,julian
42.1386666666667,0.8679359818599739,0.77125,0.818,0.84575,0.9405,0.91225,0.8935,present,julian
46.608,0.8679359818599739,0.77125,0.818,0.84575,0.9405,0.91225,0.8935,present,julian
51.0773333333333,0.8679359818599739,0.77125,0.818,0.84575,0.9405,0.91225,0.8935,present,julian
55.5466666666667,0.8679360439833509,0.77125,0.818,0.84575,0.9405,0.91225,0.8935,present,julian
60.016,0.8679431415791763,0.77125,0.818,0.84575,0.94065,0.91225,0.8935,present,julian
64.4853333333333,0.8679657389575698,0.77125,0.818,0.84575,0.9409000000000001,0.91225,0.89375,present,julian
68.9546666666667,0.8680639249549605,0.77125,0.818,0.84575,0.94125,0.91225,0.89375,present,julian
73.424,0.8681280362800522,0.7711,0.818,0.84575,0.94125,0.9125,0.89375,present,julian
77.8933333333333,0.8681831086537865,0.77125,0.818,0.84575,0.9415,0.9125,0.894,present,julian
82.3626666666667,0.8685644064111325,0.77135,0.8185,0.846,0.942,0.9125,0.894,present,julian
86.832,0.8689842517239238,0.7717,0.81875,0.8465,0.94325,0.91325,0.8945,present,julian
91.3013333333333,0.8696542057526246,0.7721,0.81925,0.84725,0.9445,0.914,0.8955,present,julian
95.7706666666667,0.8698524880412499,0.77235,0.81925,0.84725,0.94525,0.91425,0.8955,present,julian
100.24,0.8702247468472386,0.773,0.8195,0.8475,0.947,0.91475,0.896,present,julian
104.709333333333,0.8727376219171274,0.77485,0.8215,0.84975,0.95115,0.91725,0.8985,present,julian
109.178666666667,0.8766177859228427,0.77625,0.82375,0.8525,0.9661500000000002,0.926,0.9025,present,julian
113.648,0.8801179722929738,0.7785,0.82625,0.8555,0.9745,0.93075,0.906,present,julian
118.117333333333,0.88629513263341,0.78225,0.831,0.861,0.98325,0.9385,0.91275,present,julian
122.586666666667,0.8878725072994967,0.7831,0.8325,0.86275,0.98475,0.93975,0.91475,present,julian
127.056,0.8934505342610425,0.7861,0.83725,0.8685,0.9895,0.9435,0.92175,present,julian
131.525333333333,0.9154287444865502,0.795,0.8495,0.888,0.99425,0.96525,0.95325,present,julian
135.994666666667,0.9312088432627198,0.80175,0.85675,0.89925,0.998,0.989,0.9735,present,julian
140.464,0.9502835621544388,0.8135,0.8765,0.92775,0.99925,0.99625,0.98875,present,julian
144.933333333333,0.9601092594893458,0.8195,0.88925,0.94475,1,0.999,0.99525,present,julian
149.402666666667,0.9651728272348885,0.8227,0.89375,0.95625,1,0.99925,0.9975,present,julian
153.872,0.9671921476051438,0.825,0.89575,0.96125,1,0.9995,0.998,present,julian
158.341333333333,0.9672836708703486,0.8246,0.8975,0.963,0.9995,0.99875,0.99675,present,julian
162.810666666667,0.9681333944213207,0.83,0.90875,0.96525,0.99925,0.99775,0.9945,present,julian
167.28,0.9671296980803876,0.83475,0.9215,0.95825,0.99925,0.9975,0.99325,present,julian
171.749333333333,0.964526681990433,0.83325,0.92,0.95425,0.99925,0.99725,0.99125,present,julian
176.218666666667,0.9598386189973287,0.833,0.91375,0.94775,0.99925,0.9955,0.98725,present,julian
180.688,0.9423027116854072,0.82,0.8771500000000001,0.92675,0.99475,0.9835,0.974,present,julian
185.157333333333,0.8702392526557743,0.75585,0.799,0.83625,0.9905,0.942,0.91075,present,julian
189.626666666667,0.8589377057836864,0.74125,0.78365,0.825,0.9865,0.9305999999999999,0.9,present,julian
194.096,0.8507817761073493,0.7375,0.7785,0.81525,0.97825,0.923,0.8925,present,julian
198.565333333333,0.8475475709759582,0.73625,0.77725,0.81225,0.9675,0.9195,0.88925,present,julian
203.034666666667,0.8468154314468535,0.736,0.777,0.812,0.9615,0.918,0.88825,present,julian
207.504,0.8465187923215506,0.7355,0.777,0.812,0.95875,0.9175,0.88775,present,julian
211.973333333333,0.846481844443064,0.7355,0.777,0.812,0.9585,0.9175,0.88775,present,julian
216.442666666667,0.8464677579673231,0.7355,0.777,0.812,0.95825,0.9175,0.88775,present,julian
220.912,0.8463902279927937,0.7355,0.7769000000000001,0.812,0.95725,0.9175,0.88775,present,julian
225.381333333333,0.8463627539293036,0.7355,0.7769000000000001,0.812,0.957,0.9175,0.88775,present,julian
229.850666666667,0.8463623656581972,0.7355,0.7769000000000001,0.812,0.957,0.9175,0.88775,present,julian
234.32,0.8463623035348201,0.7355,0.7769000000000001,0.812,0.957,0.9175,0.88775,present,julian
238.789333333333,0.8463621792880661,0.7355,0.7769000000000001,0.812,0.957,0.9175,0.88775,present,julian
243.258666666667,0.8463621792880661,0.7355,0.7769000000000001,0.812,0.957,0.9175,0.88775,present,julian
247.728,0.8463621792880661,0.7355,0.7769000000000001,0.812,0.957,0.9175,0.88775,present,julian
252.197333333333,0.8463621792880661,0.7355,0.7769000000000001,0.812,0.957,0.9175,0.88775,present,julian
256.666666666667,0.8463621792880661,0.7355,0.7769000000000001,0.812,0.957,0.9175,0.88775,present,julian
-14.1757622335253,0.04203406805566728,5e-4,0.0015,0.003,0.25406249999999997,0.12325,0.0555,absent,min_t2m
-13.6300392154613,0.04203406805566728,5e-4,0.0015,0.003,0.25406249999999997,0.12325,0.0555,absent,min_t2m
-13.0843161973972,0.0420342490547824,5e-4,0.0015,0.003,0.25406249999999997,0.12325,0.0555,absent,min_t2m
-12.5385931793332,0.042040222025581206,5e-4,0.0015,0.003,0.25406249999999997,0.12325,0.0555,absent,min_t2m
-11.9928701612691,0.042081871933070544,5e-4,0.0015,0.003,0.255,0.1235,0.0555,absent,min_t2m
-11.4471471432051,0.04217842490547825,5e-4,0.0015,0.003,0.25637499999999996,0.124,0.0555,absent,min_t2m
-10.901424125141,0.04160640736867509,5e-4,0.0015,0.00275,0.25568749999999996,0.12275,0.054,absent,min_t2m
-10.355701107077,0.04019867669535838,2.5e-4,0.001,0.002,0.2513125,0.1185,0.05175,absent,min_t2m
-9.8099780890129,0.03829406322902421,0,5e-4,0.0015,0.2468125,0.113,0.0485,absent,min_t2m
-9.26425507094884,0.037808704046335774,0,5e-4,0.00125,0.2488125,0.11225,0.04725,absent,min_t2m
-8.71853205288479,0.03778328372616845,0,5e-4,0.00125,0.24775,0.112,0.047,absent,min_t2m
-8.17280903482073,0.037860650792373905,0,5e-4,0.00125,0.2481875,0.11,0.04775,absent,min_t2m
-7.62708601675668,0.03816680074008527,0,2.5e-4,0.00125,0.2438125,0.108,0.04975,absent,min_t2m
-7.08136299869262,0.03934315421124608,0,2.5e-4,0.00125,0.24387499999999998,0.1115,0.0535,absent,min_t2m
-6.53563998062857,0.04103782881505913,0,2.5e-4,0.00125,0.24375,0.11575,0.059,absent,min_t2m
-5.98991696256451,0.04205220818920441,0,2.5e-4,0.00125,0.2428125,0.1195,0.062125,absent,min_t2m
-5.44419394450046,0.04234711608076583,0,2.5e-4,0.001,0.24375,0.12075,0.06325,absent,min_t2m
-4.8984709264364,0.04298658595446867,0,2.5e-4,7.5e-4,0.24275,0.12275,0.06525,absent,min_t2m
-4.35274790837235,0.04375279543077789,0,0,7.5e-4,0.2430625,0.12475,0.06775,absent,min_t2m
-3.80702489030829,0.044294505671305606,0,0,2.5e-4,0.244625,0.12675,0.07,absent,min_t2m
-3.26130187224424,0.04426725524897434,0,0,2.5e-4,0.244375,0.1285,0.0695,absent,min_t2m
-2.71557885418018,0.04372027592309549,0,0,2.5e-4,0.2430625,0.12825,0.0685,absent,min_t2m
-2.16985583611613,0.043574330303274074,0,0,2.5e-4,0.2433125,0.12925,0.069,absent,min_t2m
-1.62413281805207,0.04301162416539297,0,0,2.5e-4,0.243,0.1295,0.069,absent,min_t2m
-1.07840979998802,0.04262798648539941,0,0,5e-4,0.24256250000000001,0.12925,0.06925,absent,min_t2m
-0.53268678192396,0.043539055586839355,0,0,5e-4,0.24812499999999998,0.1335,0.071125,absent,min_t2m
0.0130362361400937,0.04405532539618695,0,0,7.5e-4,0.25275,0.13525,0.071625,absent,min_t2m
0.55875925420415,0.04433720135146006,0,0,7.5e-4,0.25325,0.13625,0.07225,absent,min_t2m
1.10448227226821,0.04436658354114713,0,0,7.5e-4,0.2525625,0.13625,0.0725,absent,min_t2m
1.65020529033226,0.044540664467862603,0,0,7.5e-4,0.253,0.137,0.07275,absent,min_t2m
2.19592830839631,0.04479738154613466,0,0,7.5e-4,0.254,0.13725,0.073375,absent,min_t2m
2.74165132646037,0.044788995253800985,0,0,7.5e-4,0.254,0.1375,0.07325,absent,min_t2m
3.28737434452442,0.044865296436328535,0,0,7.5e-4,0.2529375,0.1375,0.0735,absent,min_t2m
3.83309736258848,0.04488009814174242,0,0,7.5e-4,0.25237499999999996,0.1375,0.0735,absent,min_t2m
4.37882038065254,0.04486817231115759,0,0,7.5e-4,0.252125,0.1375,0.07375,absent,min_t2m
4.92454339871659,0.04496068296999437,0,0,7.5e-4,0.25175,0.13775,0.074,absent,min_t2m
5.47026641678064,0.04508028316306009,0,0,7.5e-4,0.25156249999999997,0.13775,0.07425,absent,min_t2m
6.0159894348447,0.0451091625774274,0,0,7.5e-4,0.25156249999999997,0.13775,0.07425,absent,min_t2m
6.56171245290876,0.04540684578875392,0,0,0.001,0.25156249999999997,0.13825,0.0745,absent,min_t2m
7.10743547097281,0.045433714101842174,0,0,0.001,0.25156249999999997,0.13825,0.0745,absent,min_t2m
7.65315848903686,0.04542951090016893,0,0,0.001,0.25156249999999997,0.13825,0.0745,absent,min_t2m
8.19888150710092,0.04542874668168289,0,0,0.001,0.25156249999999997,0.13825,0.0745,absent,min_t2m
8.74460452516498,0.045428726570670104,0,0,0.001,0.25156249999999997,0.13825,0.0745,absent,min_t2m
9.29032754322903,0.045428485238516614,0,0,0.001,0.25156249999999997,0.13825,0.0745,absent,min_t2m
9.83605056129309,0.045428424905478236,0,0,0.001,0.25156249999999997,0.13825,0.0745,absent,min_t2m
10.3817735793571,0.045428424905478236,0,0,0.001,0.25156249999999997,0.13825,0.0745,absent,min_t2m
10.9274965974212,0.045428424905478236,0,0,0.001,0.25156249999999997,0.13825,0.0745,absent,min_t2m
11.4732196154853,0.045428424905478236,0,0,0.001,0.25156249999999997,0.13825,0.0745,absent,min_t2m
12.0189426335493,0.045428424905478236,0,0,0.001,0.25156249999999997,0.13825,0.0745,absent,min_t2m
12.5646656516134,0.045428424905478236,0,0,0.001,0.25156249999999997,0.13825,0.0745,absent,min_t2m
13.1103886696774,0.045428424905478236,0,0,0.001,0.25156249999999997,0.13825,0.0745,absent,min_t2m
-14.1757622335253,0.8198514474746847,0.71085,0.77525,0.80575,0.89025,0.86225,0.84125,present,min_t2m
-13.6300392154613,0.8198514474746847,0.71085,0.77525,0.80575,0.89025,0.86225,0.84125,present,min_t2m
-13.0843161973972,0.8198521929552091,0.71085,0.77525,0.80575,0.89025,0.86225,0.84125,present,min_t2m
-12.5385931793332,0.8199817201963099,0.71085,0.77525,0.80575,0.8914000000000001,0.8625,0.8415,present,min_t2m
-11.9928701612691,0.8234128874945642,0.711,0.7764,0.80925,0.8986500000000001,0.8675,0.8455,present,min_t2m
-11.4471471432051,0.8325861806547804,0.71735,0.78125,0.8165,0.91425,0.88025,0.8565,present,min_t2m
-10.901424125141,0.8452750823134746,0.73285,0.7909,0.825,0.94375,0.893,0.86925,present,min_t2m
-10.355701107077,0.882145151270423,0.7485,0.82175,0.853,0.9785,0.93175,0.916,present,min_t2m
-9.8099780890129,0.9109371311424489,0.78885,0.84725,0.87975,0.9975,0.962,0.9475,present,min_t2m
-9.26425507094884,0.931119370068957,0.82035,0.86025,0.89975,0.99825,0.981,0.96975,present,min_t2m
-8.71853205288479,0.9421206901907188,0.8245,0.8635,0.9095,0.9985,0.99325,0.98525,present,min_t2m
-8.17280903482073,0.9465434087096974,0.8285,0.866,0.91475,0.998,0.9945,0.98825,present,min_t2m
-7.62708601675668,0.9507680157793378,0.83335,0.87125,0.92175,0.9975,0.99525,0.99075,present,min_t2m
-7.08136299869262,0.9556497018077903,0.838,0.87725,0.92925,0.99975,0.998,0.99425,present,min_t2m
-6.53563998062857,0.9598867490836802,0.8429500000000001,0.88625,0.93725,0.99975,0.99825,0.9955,present,min_t2m
-5.98991696256451,0.9645121140585202,0.84955,0.8986500000000002,0.947,0.99975,0.999,0.99675,present,min_t2m
-5.44419394450046,0.9661941666148971,0.85125,0.90525,0.95,0.99975,0.999,0.997,present,min_t2m
-4.8984709264364,0.9678870907622538,0.8556000000000001,0.9095,0.95325,1,0.99925,0.9975,present,min_t2m
-4.35274790837235,0.9688225135118346,0.8556000000000001,0.91375,0.95575,1,0.99925,0.9975,present,min_t2m
-3.80702489030829,0.9698681120705722,0.8545,0.9195,0.9585,1,0.99925,0.99725,present,min_t2m
-3.26130187224424,0.9710726688202771,0.8545,0.9235,0.96175,1,0.99925,0.997,present,min_t2m
-2.71557885418018,0.9666194477231782,0.85085,0.915,0.95525,0.9995,0.9985,0.995,present,min_t2m
-2.16985583611613,0.965013977759831,0.8485,0.91275,0.95175,1,0.99875,0.99475,present,min_t2m
-1.62413281805207,0.9616436137168417,0.84335,0.90575,0.94675,0.99975,0.9985,0.9935,present,min_t2m
-1.07840979998802,0.9581859663291297,0.83975,0.9,0.94325,0.99875,0.996,0.98975,present,min_t2m
-0.53268678192396,0.9339724016897558,0.8296,0.8795,0.9135,0.99675,0.97725,0.96325,present,min_t2m
0.0130362361400937,0.8706070230477728,0.75075,0.803,0.83725,0.99675,0.95875,0.898,present,min_t2m
0.55875925420415,0.8596767410076412,0.73325,0.78675,0.82275,0.9975,0.9611,0.89025,present,min_t2m
1.10448227226821,0.8576725321488476,0.7316,0.7845,0.8205,0.9975,0.96025,0.8885,present,min_t2m
1.65020529033226,0.8575525097844319,0.7323500000000001,0.78475,0.8205,0.998,0.9585,0.88825,present,min_t2m
2.19592830839631,0.8580433931788531,0.73375,0.786,0.82125,0.998,0.9569499999999997,0.88825,present,min_t2m
2.74165132646037,0.8576202397962353,0.734,0.786,0.821,0.99775,0.9556,0.88775,present,min_t2m
3.28737434452442,0.8557531682922284,0.7325,0.784,0.81875,0.99625,0.9523499999999999,0.886,present,min_t2m
3.83309736258848,0.849840638007082,0.7273499999999999,0.77875,0.8135,0.985,0.94,0.8805,present,min_t2m
4.37882038065254,0.8474411691619557,0.72575,0.77725,0.81175,0.97475,0.93525,0.879,present,min_t2m
4.92454339871659,0.8450694849972045,0.7246,0.776,0.8105,0.96125,0.928,0.87775,present,min_t2m
5.47026641678064,0.8438260234826365,0.7245,0.7755,0.81,0.95525,0.92525,0.877,present,min_t2m
6.0159894348447,0.8437302292352612,0.7245,0.7755,0.81,0.9549000000000001,0.925,0.877,present,min_t2m
6.56171245290876,0.8435018637013109,0.7245,0.7755,0.80975,0.9535,0.9245,0.87675,present,min_t2m
7.10743547097281,0.8431335186680747,0.7245,0.7755,0.8095,0.95125,0.9240999999999999,0.8765,present,min_t2m
7.65315848903686,0.8430994284649314,0.7245,0.7755,0.8095,0.95125,0.9240999999999999,0.8765,present,min_t2m
8.19888150710092,0.8430991333788904,0.7245,0.7755,0.8095,0.95125,0.9240999999999999,0.8765,present,min_t2m
8.74460452516498,0.8430991023172019,0.7245,0.7755,0.8095,0.95125,0.9240999999999999,0.8765,present,min_t2m
9.29032754322903,0.84309773560290735,0.7245,0.7755,0.8095,0.95125,0.924,0.8765,present,min_t2m
9.83605056129309,0.8430975492327762,0.7245,0.7755,0.8095,0.95125,0.924,0.8765,present,min_t2m
10.3817735793571,0.8430975492327762,0.7245,0.7755,0.8095,0.95125,0.924,0.8765,present,min_t2m
10.9274965974212,0.8430975492327762,0.7245,0.7755,0.8095,0.95125,0.924,0.8765,present,min_t2m
11.4732196154853,0.8430975492327762,0.7245,0.7755,0.8095,0.95125,0.924,0.8765,present,min_t2m
12.0189426335493,0.8430975492327762,0.7245,0.7755,0.8095,0.95125,0.924,0.8765,present,min_t2m
12.5646656516134,0.8430975492327762,0.7245,0.7755,0.8095,0.95125,0.924,0.8765,present,min_t2m
13.1103886696774,0.8430975492327762,0.7245,0.7755,0.8095,0.95125,0.924,0.8765,present,min_t2m
-17.0295952,0.04063269246239241,0,2.5e-4,0.001,0.2626875,0.1195,0.052,absent,min_t2m_lag
-16.440230152,0.04063269246239241,0,2.5e-4,0.001,0.2626875,0.1195,0.052,absent,min_t2m_lag
-15.850865104,0.04063269246239241,0,2.5e-4,0.001,0.2626875,0.1195,0.052,absent,min_t2m_lag
-15.261500056,0.04063269246239241,0,2.5e-4,0.001,0.2626875,0.1195,0.052,absent,min_t2m_lag
-14.672135008,0.04064544284450165,0,2.5e-4,0.001,0.2626875,0.1195,0.052,absent,min_t2m_lag
-14.08276996,0.04061760920279946,0,2.5e-4,0.001,0.2633125,0.11975,0.05175,absent,min_t2m_lag
-13.493404912,0.040009130399806934,0,2.5e-4,0.001,0.26325,0.119,0.05075,absent,min_t2m_lag
-12.904039864,0.03998529884965007,0,2.5e-4,0.001,0.2633125,0.119,0.050625,absent,min_t2m_lag
-12.314674816,0.039734574853189604,0,2.5e-4,0.001,0.2643125,0.119,0.049875,absent,min_t2m_lag
-11.725309768,0.039325295631888024,0,2.5e-4,0.001,0.26456250000000003,0.11825,0.04875,absent,min_t2m_lag
-11.13594472,0.0382624084948918,0,2.5e-4,0.001,0.2590625,0.11525,0.04675,absent,min_t2m_lag
-10.546579672,0.03791157187675971,0,2.5e-4,0.001,0.25787499999999997,0.11425,0.04575,absent,min_t2m_lag
-9.957214624,0.03745973775239321,0,2.5e-4,7.5e-4,0.2575,0.11325,0.044625,absent,min_t2m_lag
-9.367849576,0.03732797039658917,0,2.5e-4,7.5e-4,0.25637499999999996,0.1115,0.0445,absent,min_t2m_lag
-8.778484528,0.03750476631003137,0,2.5e-4,7.5e-4,0.25537499999999996,0.11175,0.045,absent,min_t2m_lag
-8.18911948,0.03790511624165393,0,2.5e-4,7.5e-4,0.25275,0.11075,0.0465,absent,min_t2m_lag
-7.599754432,0.03912175207143432,0,2.5e-4,7.5e-4,0.2433125,0.1115,0.052125,absent,min_t2m_lag
-7.010389384,0.03971321695760598,0,0,5e-4,0.2438125,0.1135,0.0545,absent,min_t2m_lag
-6.421024336,0.040749839111897675,0,0,5e-4,0.24525,0.11525,0.0575,absent,min_t2m_lag
-5.831659288,0.041426494248250345,0,0,5e-4,0.24475,0.1165,0.05975,absent,min_t2m_lag
-5.24229424,0.041986545732443085,0,0,5e-4,0.2460625,0.11775,0.061625,absent,min_t2m_lag
-4.652929192,0.04238544767114472,0,0,5e-4,0.2470625,0.11825,0.06275,absent,min_t2m_lag
-4.063564144,0.04209323465529724,0,0,5e-4,0.2433125,0.118,0.06225,absent,min_t2m_lag
-3.474199096,0.041313490467379935,0,0,5e-4,0.2435625,0.1175,0.0615,absent,min_t2m_lag
-2.884834048,0.04079422411712654,0,0,5e-4,0.24125,0.11675,0.06125,absent,min_t2m_lag
-2.295469,0.0406917786179712,2.5e-4,2.5e-4,7.5e-4,0.23993749999999997,0.11725,0.06125,absent,min_t2m_lag
-1.706103952,0.040245796798326766,0,0,5e-4,0.23731249999999998,0.11725,0.06125,absent,min_t2m_lag
-1.116738904,0.04027361032901617,0,0,5e-4,0.239,0.118,0.06175,absent,min_t2m_lag
-0.527373855999997,0.040619218083822704,0,0,5e-4,0.23925,0.11925,0.062,absent,min_t2m_lag
0.0619911920000007,0.040048306652723034,0,0,5e-4,0.23412500000000003,0.1195,0.062,absent,min_t2m_lag
0.651356240000002,0.039788975142788195,0,0,5e-4,0.2315625,0.119,0.06175,absent,min_t2m_lag
1.240721288,0.03971593194433272,0,0,5e-4,0.23131250000000003,0.11925,0.06175,absent,min_t2m_lag
1.830086336,0.039814958571313654,0,0,5e-4,0.231,0.1195,0.06225,absent,min_t2m_lag
2.419451384,0.03993644919958169,0,0,2.5e-4,0.2308125,0.11975,0.063,absent,min_t2m_lag
3.008816432,0.039949823023087444,0,0,2.5e-4,0.2295625,0.12,0.063,absent,min_t2m_lag
3.59818148,0.04012794626337383,0,0,2.5e-4,0.2300625,0.12025,0.063375,absent,min_t2m_lag
4.187546528,0.040148519829458613,0,0,2.5e-4,0.2305,0.12025,0.0635,absent,min_t2m_lag
4.776911576,0.04018622797844099,0,0,2.5e-4,0.2303125,0.12025,0.0635,absent,min_t2m_lag
5.366276624,0.040422492156705014,0,0,2.5e-4,0.2298125,0.12025,0.064,absent,min_t2m_lag
5.955641672,0.040546275440431184,0,0,5e-4,0.22975,0.1205,0.064,absent,min_t2m_lag
6.54500672,0.04053249939666962,0,0,5e-4,0.22975,0.1205,0.064,absent,min_t2m_lag
7.134371768,0.040530890515646366,0,0,5e-4,0.22975,0.1205,0.064,absent,min_t2m_lag
7.723736816,0.04052799452980452,0,0,5e-4,0.22975,0.1205,0.064,absent,min_t2m_lag
8.313101864,0.04052793419676615,0,0,5e-4,0.22975,0.1205,0.064,absent,min_t2m_lag
8.902466912,0.04052793419676615,0,0,5e-4,0.22975,0.1205,0.064,absent,min_t2m_lag
9.49183196,0.04052793419676615,0,0,5e-4,0.22975,0.1205,0.064,absent,min_t2m_lag
10.081197008,0.04052793419676615,0,0,5e-4,0.22975,0.1205,0.064,absent,min_t2m_lag
10.670562056,0.04052793419676615,0,0,5e-4,0.22975,0.1205,0.064,absent,min_t2m_lag
11.259927104,0.04052793419676615,0,0,5e-4,0.22975,0.1205,0.064,absent,min_t2m_lag
11.849292152,0.04052793419676615,0,0,5e-4,0.22975,0.1205,0.064,absent,min_t2m_lag
12.4386572,0.04052793419676615,0,0,5e-4,0.22975,0.1205,0.064,absent,min_t2m_lag
-17.0295952,0.8946773467105672,0.8161,0.85825,0.87925,0.94725,0.932,0.9145,present,min_t2m_lag
-16.440230152,0.8946773467105672,0.8161,0.85825,0.87925,0.94725,0.932,0.9145,present,min_t2m_lag
-15.850865104,0.8946773467105672,0.8161,0.85825,0.87925,0.94725,0.932,0.9145,present,min_t2m_lag
-15.261500056,0.8946773467105672,0.8161,0.85825,0.87925,0.94725,0.932,0.9145,present,min_t2m_lag
-14.672135008,0.8951068832701745,0.8166,0.8585,0.8795,0.951,0.93325,0.91475,present,min_t2m_lag
-14.08276996,0.8965722184257936,0.81775,0.85875,0.87975,0.96425,0.93725,0.91575,present,min_t2m_lag
-13.493404912,0.8967762781884824,0.8176,0.85875,0.87975,0.9665,0.93775,0.916,present,min_t2m_lag
-12.904039864,0.8983900726843511,0.8181,0.8595,0.8805,0.9709000000000001,0.942,0.918,present,min_t2m_lag
-12.314674816,0.9035344474125613,0.8205,0.8625,0.88375,0.97825,0.9515999999999999,0.9245,present,min_t2m_lag
-11.725309768,0.9257899142697397,0.8285,0.875,0.905,0.9885,0.9795,0.95225,present,min_t2m_lag
-11.13594472,0.9390846120395104,0.833,0.8805,0.91525,0.99875,0.992,0.97025,present,min_t2m_lag
-10.546579672,0.9494589053860968,0.83625,0.8845,0.9225,0.999,0.9950999999999999,0.9855,present,min_t2m_lag
-9.957214624,0.9518745263092502,0.83725,0.88615,0.92475,0.9995,0.996,0.9875,present,min_t2m_lag
-9.367849576,0.9531533204945021,0.83825,0.8875,0.92625,0.99925,0.996,0.9885,present,min_t2m_lag
-8.778484528,0.9548388053674598,0.84075,0.89025,0.92925,0.99875,0.99525,0.99,present,min_t2m_lag
-8.18911948,0.9574050599490588,0.84375,0.89475,0.93325,0.999,0.996,0.9905,present,min_t2m_lag
-7.599754432,0.963311533204945,0.8495,0.9055,0.94475,0.99925,0.99725,0.99325,present,min_t2m_lag
-7.010389384,0.9666839628502205,0.85275,0.91075,0.95125,0.99975,0.9985,0.99625,present,min_t2m_lag
-6.421024336,0.9684829626638504,0.85535,0.91475,0.95525,0.99975,0.999,0.99725,present,min_t2m_lag
-5.831659288,0.9692137820711934,0.85535,0.9175,0.9575,0.99975,0.999,0.99675,present,min_t2m_lag
-5.24229424,0.9704944554886004,0.8556000000000001,0.92175,0.9595,0.99975,0.999,0.99675,present,min_t2m_lag
-4.652929192,0.9713580014909611,0.854,0.923,0.96075,1,0.99925,0.997,present,min_t2m_lag
-4.063564144,0.9697492079269429,0.85275,0.92175,0.95825,1,0.999,0.99625,present,min_t2m_lag
-3.474199096,0.9673436199291794,0.84925,0.92015,0.9545,1,0.999,0.9955,present,min_t2m_lag
-2.884834048,0.9639059296763371,0.8443499999999999,0.9135,0.948,1,0.9985,0.99425,present,min_t2m_lag
-2.295469,0.960507144188358,0.8396,0.9045,0.94325,0.99975,0.99825,0.993,present,min_t2m_lag
-1.706103952,0.9528673665900479,0.83475,0.896,0.9315,0.99825,0.99475,0.98725,present,min_t2m_lag
-1.116738904,0.913793501894763,0.79775,0.84765,0.8905,0.996,0.96625,0.94575,present,min_t2m_lag
-0.527373855999997,0.9030599335279865,0.78525,0.836,0.87975,0.99725,0.959,0.932,present,min_t2m_lag
0.0619911920000007,0.8408878828353109,0.74625,0.77925,0.79975,0.99775,0.951,0.86775,present,min_t2m_lag
0.651356240000002,0.8362911256755917,0.737,0.77275,0.795,0.99775,0.9455999999999999,0.864,present,min_t2m_lag
1.240721288,0.835345840839908,0.735,0.77175,0.79425,0.9975,0.94225,0.863,present,min_t2m_lag
1.830086336,0.8344427688389141,0.734,0.77125,0.79375,0.997,0.9375,0.86175,present,min_t2m_lag
2.419451384,0.8317447039821084,0.7318500000000001,0.7685,0.79125,0.994,0.9335999999999998,0.85925,present,min_t2m_lag
3.008816432,0.8278560135428962,0.72925,0.76525,0.788,0.981,0.92275,0.857,present,min_t2m_lag
3.59818148,0.8210354413865938,0.7231,0.7595,0.7825,0.953,0.90525,0.85375,present,min_t2m_lag
4.187546528,0.8196589581909672,0.72275,0.75925,0.78225,0.9436500000000001,0.8996,0.8535,present,min_t2m_lag
4.776911576,0.8192098993601291,0.72275,0.759,0.78225,0.9395,0.8985,0.85325,present,min_t2m_lag
5.366276624,0.818317636826738,0.722,0.7585,0.78125,0.9375,0.89825,0.852,present,min_t2m_lag
5.955641672,0.817981968689818,0.72175,0.75825,0.78125,0.9351500000000001,0.8976,0.852,present,min_t2m_lag
6.54500672,0.8179070323662795,0.72175,0.75825,0.78125,0.9345,0.8974499999999999,0.85175,present,min_t2m_lag
7.134371768,0.8179055879977636,0.72175,0.75825,0.78125,0.9345,0.8974499999999999,0.85175,present,min_t2m_lag
7.723736816,0.8178958656892588,0.72175,0.75825,0.78125,0.93425,0.8973499999999999,0.85175,present,min_t2m_lag
8.313101864,0.8178956482574393,0.72175,0.75825,0.78125,0.93425,0.8973499999999999,0.85175,present,min_t2m_lag
8.902466912,0.8178956482574393,0.72175,0.75825,0.78125,0.93425,0.8973499999999999,0.85175,present,min_t2m_lag
9.49183196,0.8178956482574393,0.72175,0.75825,0.78125,0.93425,0.8973499999999999,0.85175,present,min_t2m_lag
10.081197008,0.8178956482574393,0.72175,0.75825,0.78125,0.93425,0.8973499999999999,0.85175,present,min_t2m_lag
10.670562056,0.8178956482574393,0.72175,0.75825,0.78125,0.93425,0.8973499999999999,0.85175,present,min_t2m_lag
11.259927104,0.8178956482574393,0.72175,0.75825,0.78125,0.93425,0.8973499999999999,0.85175,present,min_t2m_lag
11.849292152,0.8178956482574393,0.72175,0.75825,0.78125,0.93425,0.8973499999999999,0.85175,present,min_t2m_lag
12.4386572,0.8178956482574393,0.72175,0.75825,0.78125,0.93425,0.8973499999999999,0.85175,present,min_t2m_lag
0.0238819273763976,0.03761421044163784,0,0,2.5e-4,0.24725,0.10775,0.045,absent,max_tp
0.0367639689888156,0.03761421044163784,0,0,2.5e-4,0.24725,0.10775,0.045,absent,max_tp
0.0496460106012337,0.03761421044163784,0,0,2.5e-4,0.24725,0.10775,0.045,absent,max_tp
0.0625280522136517,0.03754788432145443,0,0,2.5e-4,0.24775,0.108,0.045,absent,max_tp
0.0754100938260698,0.03730508406403347,0,0,2.5e-4,0.2480625,0.10775,0.0445,absent,max_tp
0.0882921354384878,0.03526932668329177,0,0,2.5e-4,0.2450625,0.103,0.0405,absent,max_tp
0.101174177050906,0.03371160807658274,0,0,2.5e-4,0.2440625,0.1015,0.0365,absent,max_tp
0.114056218663324,0.03321343817874668,0,0,2.5e-4,0.2440625,0.10075,0.035,absent,max_tp
0.126938260275742,0.033170963719732924,0,2.5e-4,5e-4,0.241,0.10025,0.035,absent,max_tp
0.13982030188816,0.03355830182607996,0,2.5e-4,7.5e-4,0.24175,0.1015,0.03625,absent,max_tp
0.152702343500578,0.034431763333601484,0,5e-4,0.001,0.2428125,0.10275,0.0385,absent,max_tp
0.165584385112996,0.03466456841766551,0,5e-4,0.00125,0.24131249999999999,0.103,0.03875,absent,max_tp
0.178466426725414,0.03507420963719733,0,7.5e-4,0.00125,0.24,0.105,0.04,absent,max_tp
0.191348468337832,0.03518934518542354,0,7.5e-4,0.00125,0.236,0.107,0.040625,absent,max_tp
0.20423050995025,0.03636694553937736,2.5e-4,7.5e-4,0.0015,0.23412500000000003,0.10975,0.04325,absent,max_tp
0.217112551562668,0.03778668248733006,2.5e-4,7.5e-4,0.0015,0.2335625,0.11325,0.04775,absent,max_tp
0.229994593175086,0.038261221945137154,2.5e-4,7.5e-4,0.0015,0.233875,0.11475,0.049125,absent,max_tp
0.242876634787504,0.03844881747244791,2.5e-4,7.5e-4,0.0015,0.2335625,0.1155,0.04975,absent,max_tp
0.255758676399922,0.038300760196283486,2.5e-4,7.5e-4,0.0015,0.231875,0.1155,0.04975,absent,max_tp
0.26864071801234,0.03843703241895262,2.5e-4,0.001,0.00175,0.23212500000000003,0.11575,0.05025,absent,max_tp
0.281522759624758,0.038482563751910545,2.5e-4,0.001,0.002,0.23312500000000003,0.1165,0.0505,absent,max_tp
0.294404801237176,0.0392172592711769,2.5e-4,0.001,0.002,0.23575,0.11875,0.05275,absent,max_tp
0.307286842849595,0.03927196122596734,2.5e-4,0.001,0.002,0.23706249999999998,0.11925,0.053,absent,max_tp
0.320168884462013,0.039346412195318155,2.5e-4,0.001,0.002,0.236625,0.11975,0.0535,absent,max_tp
0.333050926074431,0.039473674684257096,2.5e-4,0.001,0.002,0.23675000000000002,0.12,0.0535,absent,max_tp
0.345932967686849,0.039488838387901216,2.5e-4,0.001,0.002,0.236625,0.12,0.05375,absent,max_tp
0.358815009299267,0.039255771860670904,2.5e-4,0.001,0.00175,0.2354375,0.11925,0.053375,absent,max_tp
0.371697050911685,0.039221824471080365,2.5e-4,0.001,0.00175,0.23506249999999998,0.119,0.0535,absent,max_tp
0.384579092524103,0.03919033062505028,2.5e-4,0.001,0.00175,0.23475,0.119,0.0535,absent,max_tp
0.397461134136521,0.0391740205936771,2.5e-4,0.001,0.00175,0.23475,0.119,0.0535,absent,max_tp
0.410343175748939,0.03914862038452256,2.5e-4,0.001,0.00175,0.2345625,0.119,0.0535,absent,max_tp
0.423225217361357,0.03912836859464243,2.5e-4,0.001,0.00175,0.2345,0.119,0.0535,absent,max_tp
0.436107258973775,0.039125311720698254,2.5e-4,0.001,0.00175,0.2345,0.119,0.0535,absent,max_tp
0.448989300586193,0.0391241452819564,2.5e-4,0.001,0.00175,0.2345,0.119,0.0535,absent,max_tp
0.461871342198611,0.039104597377523934,2.5e-4,0.001,0.00175,0.23431249999999998,0.119,0.0535,absent,max_tp
0.474753383811029,0.03910093717319604,2.5e-4,0.001,0.00175,0.23431249999999998,0.119,0.0535,absent,max_tp
0.487635425423447,0.03908657791006355,2.5e-4,0.001,0.00175,0.233875,0.119,0.0535,absent,max_tp
0.500517467035865,0.039075014077708956,2.5e-4,0.001,0.00175,0.233625,0.11875,0.0535,absent,max_tp
0.513399508648283,0.039074269970235706,2.5e-4,0.001,0.00175,0.233625,0.119,0.0535,absent,max_tp
0.526281550260701,0.03908042394014963,2.5e-4,0.001,0.00175,0.234,0.119,0.0535,absent,max_tp
0.539163591873119,0.039079297723433354,2.5e-4,0.001,0.00175,0.234,0.119,0.0535,absent,max_tp
0.552045633485537,0.039077970396589175,2.5e-4,0.001,0.00175,0.2340625,0.119,0.0535,absent,max_tp
0.564927675097955,0.03907451130238919,2.5e-4,0.001,0.00175,0.2340625,0.119,0.0535,absent,max_tp
0.577809716710373,0.03906483790523691,2.5e-4,0.001,0.00175,0.233625,0.119,0.0535,absent,max_tp
0.590691758322791,0.039062404472689244,2.5e-4,0.001,0.00175,0.233625,0.119,0.0535,absent,max_tp
0.603573799935209,0.03905184619097418,2.5e-4,0.001,0.00175,0.23331250000000003,0.119,0.0535,absent,max_tp
0.616455841547627,0.03903941758506959,2.5e-4,0.001,0.00175,0.23325,0.119,0.0535,absent,max_tp
0.629337883160045,0.03899424825034189,2.5e-4,0.001,0.00175,0.232,0.11875,0.0535,absent,max_tp
0.642219924772463,0.03899424825034189,2.5e-4,0.001,0.00175,0.232,0.11875,0.0535,absent,max_tp
0.655101966384882,0.03899424825034189,2.5e-4,0.001,0.00175,0.232,0.11875,0.0535,absent,max_tp
0.6679840079973,0.03899424825034189,2.5e-4,0.001,0.00175,0.232,0.11875,0.0535,absent,max_tp
0.0238819273763976,0.9172948841399019,0.8108500000000001,0.85475,0.8975,0.971,0.96225,0.9495,present,max_tp
0.0367639689888156,0.9172948841399019,0.8108500000000001,0.85475,0.8975,0.971,0.96225,0.9495,present,max_tp
0.0496460106012337,0.9172948841399019,0.8108500000000001,0.85475,0.8975,0.971,0.96225,0.9495,present,max_tp
0.0625280522136517,0.9233546002360689,0.8121,0.85675,0.90075,0.9815,0.973,0.9585,present,max_tp
0.0754100938260698,0.9370794868609057,0.81685,0.86240000000000006,0.91225,0.992,0.986,0.97575,present,max_tp
0.0882921354384878,0.9521524507672238,0.8256000000000001,0.8729,0.92525,0.99975,0.9975,0.9925,present,max_tp
0.101174177050906,0.9575510498850718,0.8355,0.88175,0.93225,0.99975,0.9985,0.995,present,max_tp
0.114056218663324,0.9631073336646581,0.84325,0.8899,0.945,0.99975,0.99925,0.9965,present,max_tp
0.126938260275742,0.9641232683108654,0.84535,0.8934000000000001,0.949,1,0.9995,0.99725,present,max_tp
0.13982030188816,0.9645135428961918,0.8488499999999999,0.89575,0.9495,1,0.99925,0.997,present,max_tp
0.152702343500578,0.9660985897993415,0.8536,0.90175,0.95025,1,0.99925,0.99725,present,max_tp
0.165584385112996,0.9621179722929738,0.8560999999999999,0.90675,0.94,0.99925,0.9975,0.99275,present,max_tp
0.178466426725414,0.9593376716158291,0.85625,0.90525,0.9355,0.999,0.9965,0.99075,present,max_tp
0.191348468337832,0.9448259147667267,0.8456000000000001,0.8905,0.92475,0.995,0.98825,0.97575,present,max_tp
0.20423050995025,0.936912452630925,0.83625,0.87575,0.9125,0.995,0.98575,0.97075,present,max_tp
0.217112551562668,0.9217719450829348,0.8265,0.8615,0.89325,0.9925,0.97775,0.9575,present,max_tp
0.229994593175086,0.9072721625147543,0.8166,0.84525,0.872,0.9904000000000001,0.97225,0.94825,present,max_tp
0.242876634787504,0.8990250357209417,0.8105,0.83675,0.86125,0.98875,0.97075,0.9415,present,max_tp
0.255758676399922,0.8852855501025036,0.7975,0.82225,0.843,0.98825,0.9698499999999999,0.92975,present,max_tp
0.26864071801234,0.8798328570541094,0.78925,0.81425,0.834,0.99075,0.9735,0.926,present,max_tp
0.281522759624758,0.8775988848853824,0.78635,0.81125,0.83025,0.9945,0.97525,0.9235,present,max_tp
0.294404801237176,0.8732824439336523,0.7816,0.80675,0.82575,0.99725,0.97375,0.91725,present,max_tp
0.307286842849595,0.8696265608498478,0.778,0.80275,0.822,0.9985,0.97225,0.912,present,max_tp
0.320168884462013,0.8673587935640181,0.77625,0.801,0.82,0.9985,0.9695,0.908,present,max_tp
0.333050926074431,0.8654803534820152,0.77475,0.799,0.818,0.999,0.96725,0.905,present,max_tp
0.345932967686849,0.8643413524259179,0.774,0.79815,0.81725,0.999,0.9655,0.903,present,max_tp
0.358815009299267,0.8588340063365845,0.769,0.793,0.8115,0.999,0.955,0.8955,present,max_tp
0.371697050911685,0.8568761570478971,0.76735,0.79125,0.81,0.999,0.952,0.89275,present,max_tp
0.384579092524103,0.8558021681058582,0.76625,0.79025,0.80925,0.999,0.95,0.8915,present,max_tp
0.397461134136521,0.8552345312791203,0.766,0.79,0.809,0.999,0.9463499999999999,0.89075,present,max_tp
0.410343175748939,0.854394964900292,0.7655,0.7895,0.80875,0.99825,0.94,0.89,present,max_tp
0.423225217361357,0.8539516835435175,0.76535,0.7895,0.80875,0.998,0.93775,0.8895,present,max_tp
0.436107258973775,0.853598558737653,0.76525,0.78925,0.8085,0.998,0.93725,0.88925,present,max_tp
0.448989300586193,0.8533911132509163,0.7651,0.789,0.80825,0.9975,0.93675,0.889,present,max_tp
0.461871342198611,0.852428728955706,0.76475,0.78875,0.808,0.99375,0.93225,0.888,present,max_tp
0.474753383811029,0.852309048269864,0.76475,0.7885,0.80775,0.99425,0.93175,0.888,present,max_tp
0.487635425423447,0.8516335807914518,0.76425,0.78825,0.8075,0.99275,0.92985,0.88725,present,max_tp
0.500517467035865,0.8512310989625396,0.76425,0.788,0.80725,0.9915,0.929,0.887,present,max_tp
0.513399508648283,0.8510639715474934,0.76425,0.788,0.8075,0.9905,0.928,0.887,present,max_tp
0.526281550260701,0.850913182580605,0.76425,0.788,0.80725,0.989,0.928,0.887,present,max_tp
0.539163591873119,0.8507132384916445,0.76425,0.788,0.80725,0.98825,0.92775,0.887,present,max_tp
0.552045633485537,0.8506096632912965,0.76425,0.78775,0.80725,0.98725,0.9275999999999999,0.88675,present,max_tp
0.564927675097955,0.8491673293160217,0.76425,0.78775,0.80725,0.97125,0.925,0.8865,present,max_tp
0.577809716710373,0.8487014350500094,0.764,0.7875,0.807,0.969,0.9240999999999999,0.886,present,max_tp
0.590691758322791,0.8486344660495744,0.764,0.7875,0.807,0.96875,0.924,0.886,present,max_tp
0.603573799935209,0.8479102472510406,0.764,0.7875,0.80675,0.963,0.9225,0.8855,present,max_tp
0.616455841547627,0.8472357737466609,0.76385,0.7875,0.80675,0.9555,0.92075,0.88525,present,max_tp
0.629337883160045,0.8448294557992173,0.7631000000000001,0.78675,0.806,0.93625,0.915,0.88425,present,max_tp
0.642219924772463,0.8448294557992173,0.7631000000000001,0.78675,0.806,0.93625,0.915,0.88425,present,max_tp
0.655101966384882,0.8448294557992173,0.7631000000000001,0.78675,0.806,0.93625,0.915,0.88425,present,max_tp
0.6679840079973,0.8448294557992173,0.7631000000000001,0.78675,0.806,0.93625,0.915,0.88425,present,max_tp
0,0.0341624567613225,0,0,2.5e-4,0.2138125,0.1045,0.045,absent,slope
1.7616145324707,0.03275046255329418,0,0,0,0.24187499999999998,0.1,0.034625,absent,slope
3.52322906494141,0.03032527552087523,0,0,0,0.2445,0.0935,0.0275,absent,slope
5.28484359741211,0.029495173356930252,0,0,0,0.2440625,0.0905,0.0255,absent,slope
7.04645812988282,0.029140354758265628,0,0,0,0.2430625,0.08825,0.0245,absent,slope
8.80807266235352,0.029208611535676936,0,0,0,0.244,0.0885,0.02475,absent,slope
10.5696871948242,0.029178525460542195,0,0,2.5e-4,0.24456250000000002,0.08925,0.0245,absent,slope
12.3313017272949,0.029108981578312283,0,0,2.5e-4,0.242625,0.089,0.0245,absent,slope
14.0929162597656,0.029232201753680312,0,0,2.5e-4,0.24006249999999998,0.08975,0.025,absent,slope
15.8545307922363,0.029446102485721184,0,0,5e-4,0.23806249999999998,0.09025,0.0255,absent,slope
17.616145324707,0.029821776204649666,0,0,7.5e-4,0.23631249999999998,0.09,0.0265,absent,slope
19.3777598571777,0.033232885528115194,2.5e-4,0.001,0.0025,0.2365,0.09275,0.03225,absent,slope
21.1393743896484,0.032623984393854076,0,2.5e-4,0.0015,0.23525,0.0925,0.03175,absent,slope
22.9009889221192,0.03302634542675569,0,2.5e-4,0.00175,0.23581249999999998,0.093,0.032875,absent,slope
24.6626034545899,0.03342838468345266,0,2.5e-4,0.00175,0.23606249999999998,0.09375,0.034,absent,slope
26.4242179870606,0.03415053093073767,0,5e-4,0.002,0.23912499999999998,0.09675,0.034875,absent,slope
28.1858325195313,0.034264057597940635,0,5e-4,0.002,0.234375,0.09725,0.0355,absent,slope
29.947447052002,0.0343426715469391,0,5e-4,0.00225,0.2330625,0.09775,0.03575,absent,slope
31.7090615844727,0.03458128871369962,0,5e-4,0.00225,0.23012500000000002,0.09775,0.0365,absent,slope
33.4706761169434,0.03631495857131366,0.00125,0.002,0.004,0.230375,0.09925,0.0385,absent,slope
35.2322906494141,0.03640519668570509,5e-4,0.0015,0.00375,0.2308125,0.0995,0.03925,absent,slope
36.9939051818848,0.036874869278416864,5e-4,0.0015,0.004,0.23131250000000003,0.1005,0.04025,absent,slope
38.7555197143555,0.03687633738235058,5e-4,0.0015,0.004,0.230875,0.10025,0.04025,absent,slope
40.5171342468262,0.03697791810795592,5e-4,0.0015,0.004,0.2310625,0.1005,0.04075,absent,slope
42.2787487792969,0.03706696967259271,5e-4,0.0015,0.004,0.23049999999999998,0.1005,0.04075,absent,slope
44.0403633117676,0.03715427157911672,5e-4,0.0015,0.004,0.23049999999999998,0.10075,0.041,absent,slope
45.8019778442383,0.03744592148660607,0.001,0.002,0.0045,0.23049999999999998,0.10075,0.04125,absent,slope
47.563592376709,0.037434478320328216,0.001,0.002,0.0045,0.23049999999999998,0.10075,0.04125,absent,slope
49.3252069091797,0.03743031534068056,0.001,0.002,0.0045,0.2304375,0.10075,0.04125,absent,slope
51.0868214416504,0.03742999356447591,0.001,0.002,0.0045,0.2304375,0.10075,0.04125,absent,slope
52.8484359741211,0.037429591344220095,0.001,0.002,0.0045,0.2304375,0.10075,0.04125,absent,slope
54.6100505065918,0.0374287265706701,0.001,0.002,0.0045,0.2304375,0.10075,0.04125,absent,slope
56.3716650390625,0.0374287265706701,0.001,0.002,0.0045,0.2304375,0.10075,0.04125,absent,slope
58.1332795715332,0.0374287265706701,0.001,0.002,0.0045,0.2304375,0.10075,0.04125,absent,slope
59.8948941040039,0.0374287265706701,0.001,0.002,0.0045,0.2304375,0.10075,0.04125,absent,slope
61.6565086364746,0.0374287265706701,0.001,0.002,0.0045,0.2304375,0.10075,0.04125,absent,slope
63.4181231689453,0.0374287265706701,0.001,0.002,0.0045,0.2304375,0.10075,0.04125,absent,slope
65.179737701416,0.0374287265706701,0.001,0.002,0.0045,0.2304375,0.10075,0.04125,absent,slope
66.9413522338867,0.0374287265706701,0.001,0.002,0.0045,0.2304375,0.10075,0.04125,absent,slope
68.7029667663574,0.0374287265706701,0.001,0.002,0.0045,0.2304375,0.10075,0.04125,absent,slope
70.4645812988282,0.0374287265706701,0.001,0.002,0.0045,0.2304375,0.10075,0.04125,absent,slope
72.2261958312989,0.0374287265706701,0.001,0.002,0.0045,0.2304375,0.10075,0.04125,absent,slope
73.9878103637696,0.0374287265706701,0.001,0.002,0.0045,0.2304375,0.10075,0.04125,absent,slope
75.7494248962403,0.0374287265706701,0.001,0.002,0.0045,0.2304375,0.10075,0.04125,absent,slope
77.511039428711,0.0374287265706701,0.001,0.002,0.0045,0.2304375,0.10075,0.04125,absent,slope
79.2726539611817,0.0374287265706701,0.001,0.002,0.0045,0.2304375,0.10075,0.04125,absent,slope
81.0342684936524,0.0374287265706701,0.001,0.002,0.0045,0.2304375,0.10075,0.04125,absent,slope
82.7958830261231,0.0374287265706701,0.001,0.002,0.0045,0.2304375,0.10075,0.04125,absent,slope
84.5574975585938,0.0374287265706701,0.001,0.002,0.0045,0.2304375,0.10075,0.04125,absent,slope
86.3191120910645,0.0374287265706701,0.001,0.002,0.0045,0.2304375,0.10075,0.04125,absent,slope
88.0807266235352,0.0374287265706701,0.001,0.002,0.0045,0.2304375,0.10075,0.04125,absent,slope
0,0.7499405013356526,0.55325,0.6025,0.642,0.95925,0.92825,0.842,present,slope
1.7616145324707,0.9617001925824687,0.75975,0.8885,0.96,0.99975,0.9985,0.99575,present,slope
3.52322906494141,0.9764210256569547,0.85925,0.9345,0.97325,1,0.9995,0.998,present,slope
5.28484359741211,0.9807667267192645,0.86825,0.9485,0.9815,1,0.99975,0.99925,present,slope
7.04645812988282,0.9816319345219606,0.86955,0.95175,0.98325,1,0.99975,0.99925,present,slope
8.80807266235352,0.9827550164626949,0.87235,0.95525,0.985,1,1,0.9995,present,slope
10.5696871948242,0.9830786326644716,0.8721,0.95565,0.9855,1,1,0.9995,present,slope
12.3313017272949,0.9829068770578369,0.86975,0.9545,0.98525,1,1,0.9995,present,slope
14.0929162597656,0.9825605858234453,0.86875,0.95275,0.98425,1,1,0.9995,present,slope
15.8545307922363,0.9821887308194073,0.8670500000000001,0.95175,0.98375,1,0.99975,0.99925,present,slope
17.616145324707,0.981423106790085,0.86335,0.949,0.9825,1,0.99975,0.99925,present,slope
19.3777598571777,0.9795889140833696,0.866,0.9429000000000001,0.979,1,0.99975,0.9985,present,slope
21.1393743896484,0.9779289619183699,0.86185,0.93875,0.9765,1,0.9995,0.99825,present,slope
22.9009889221192,0.9757820711933901,0.85675,0.93315,0.973,1,0.9995,0.99775,present,slope
24.6626034545899,0.9717581536932347,0.84785,0.92415,0.966,1,0.99875,0.9965,present,slope
26.4242179870606,0.959161116978319,0.78875,0.887,0.94525,0.99975,0.9985,0.99475,present,slope
28.1858325195313,0.9449740168975586,0.72045,0.83165,0.9305,0.99975,0.998,0.993,present,slope
29.947447052002,0.9387050071441884,0.6976,0.8115,0.92175,0.99975,0.99775,0.992,present,slope
31.7090615844727,0.9306243088774306,0.6791,0.79275,0.91,0.9995,0.9965,0.98875,present,slope
33.4706761169434,0.9274695595452569,0.6701,0.78425,0.90675,0.9995,0.9965,0.9875,present,slope
35.2322906494141,0.9074724482822887,0.6676,0.78,0.88275,0.9985,0.9915,0.9665,present,slope
36.9939051818848,0.8976042274958067,0.66725,0.77725,0.867,0.99675,0.988,0.95775,present,slope
38.7555197143555,0.895101338758775,0.6646000000000001,0.7745,0.86475,0.99575,0.9865,0.95475,present,slope
40.5171342468262,0.8940724979809903,0.664,0.774,0.864,0.995,0.9855,0.9535,present,slope
42.2787487792969,0.8922841367956763,0.66275,0.7734,0.862,0.99425,0.9835,0.951,present,slope
44.0403633117676,0.8912950394483444,0.6626,0.773,0.86125,0.99175,0.982,0.94975,present,slope
45.8019778442383,0.8908017953655961,0.6625,0.773,0.86125,0.99075,0.98125,0.94925,present,slope
47.563592376709,0.8906635553208672,0.66235,0.773,0.861,0.9905,0.981,0.949,present,slope
49.3252069091797,0.8905766757780953,0.66235,0.7729,0.861,0.9905,0.98075,0.949,present,slope
51.0868214416504,0.8905700130459091,0.66235,0.7729,0.861,0.9905,0.98075,0.94875,present,slope
52.8484359741211,0.890554389016587,0.66235,0.7729,0.861,0.9904000000000001,0.98075,0.94875,present,slope
54.6100505065918,0.8904645896750947,0.66235,0.77275,0.861,0.99025,0.98075,0.94875,present,slope
56.3716650390625,0.8904645896750947,0.66235,0.77275,0.861,0.99025,0.98075,0.94875,present,slope
58.1332795715332,0.8904645896750947,0.66235,0.77275,0.861,0.99025,0.98075,0.94875,present,slope
59.8948941040039,0.8904645896750947,0.66235,0.77275,0.861,0.99025,0.98075,0.94875,present,slope
61.6565086364746,0.8904645896750947,0.66235,0.77275,0.861,0.99025,0.98075,0.94875,present,slope
63.4181231689453,0.8904645896750947,0.66235,0.77275,0.861,0.99025,0.98075,0.94875,present,slope
65.179737701416,0.8904645896750947,0.66235,0.77275,0.861,0.99025,0.98075,0.94875,present,slope
66.9413522338867,0.8904645896750947,0.66235,0.77275,0.861,0.99025,0.98075,0.94875,present,slope
68.7029667663574,0.8904645896750947,0.66235,0.77275,0.861,0.99025,0.98075,0.94875,present,slope
70.4645812988282,0.8904645896750947,0.66235,0.77275,0.861,0.99025,0.98075,0.94875,present,slope
72.2261958312989,0.8904645896750947,0.66235,0.77275,0.861,0.99025,0.98075,0.94875,present,slope
73.9878103637696,0.8904645896750947,0.66235,0.77275,0.861,0.99025,0.98075,0.94875,present,slope
75.7494248962403,0.8904645896750947,0.66235,0.77275,0.861,0.99025,0.98075,0.94875,present,slope
77.511039428711,0.8904645896750947,0.66235,0.77275,0.861,0.99025,0.98075,0.94875,present,slope
79.2726539611817,0.8904645896750947,0.66235,0.77275,0.861,0.99025,0.98075,0.94875,present,slope
81.0342684936524,0.8904645896750947,0.66235,0.77275,0.861,0.99025,0.98075,0.94875,present,slope
82.7958830261231,0.8904645896750947,0.66235,0.77275,0.861,0.99025,0.98075,0.94875,present,slope
84.5574975585938,0.8904645896750947,0.66235,0.77275,0.861,0.99025,0.98075,0.94875,present,slope
86.3191120910645,0.8904645896750947,0.66235,0.77275,0.861,0.99025,0.98075,0.94875,present,slope
88.0807266235352,0.8904645896750947,0.66235,0.77275,0.861,0.99025,0.98075,0.94875,present,slope
0,0.025759029844742983,0,0,0,0.19968750000000002,0.07725,0.02575,absent,Mixed Forest
0.0148888888888889,0.0336119378971925,0,0,5e-4,0.21087499999999998,0.101,0.047,absent,Mixed Forest
0.0297777777777778,0.03346573083420481,0,0,5e-4,0.2101875,0.10075,0.047,absent,Mixed Forest
0.0446666666666667,0.033440008848845626,0,0,5e-4,0.21,0.10075,0.047,absent,Mixed Forest
0.0595555555555556,0.03343626820046658,0,0,5e-4,0.20981249999999999,0.1005,0.047,absent,Mixed Forest
0.0744444444444445,0.03343405598905961,0,0,5e-4,0.20975,0.1005,0.047,absent,Mixed Forest
0.0893333333333333,0.03343550398198053,0,0,5e-4,0.20975,0.1005,0.047,absent,Mixed Forest
0.104222222222222,0.03344680637116885,0,0,5e-4,0.20975,0.1005,0.047,absent,Mixed Forest
0.119111111111111,0.03343747486123401,0,0,5e-4,0.20956249999999998,0.1005,0.047,absent,Mixed Forest
0.134,0.033430717560936365,0,0,5e-4,0.20956249999999998,0.1005,0.047,absent,Mixed Forest
0.148888888888889,0.033416157187675974,0,0,5e-4,0.2095,0.1005,0.047,absent,Mixed Forest
0.163777777777778,0.03341537285817714,0,0,5e-4,0.2095,0.1005,0.047,absent,Mixed Forest
0.178666666666667,0.03341537285817714,0,0,5e-4,0.2095,0.1005,0.047,absent,Mixed Forest
0.193555555555556,0.03341509130399807,0,0,5e-4,0.2095,0.1005,0.047,absent,Mixed Forest
0.208444444444444,0.03341484997184458,0,0,5e-4,0.2095,0.1005,0.047,absent,Mixed Forest
0.223333333333333,0.03341412597538412,0,0,5e-4,0.2095,0.1005,0.047,absent,Mixed Forest
0.238222222222222,0.03341392486525621,0,0,5e-4,0.2095,0.1005,0.047,absent,Mixed Forest
0.253111111111111,0.03341382431019226,0,0,5e-4,0.2095,0.1005,0.047,absent,Mixed Forest
0.268,0.033413784088166684,0,0,5e-4,0.2095,0.1005,0.047,absent,Mixed Forest
0.282888888888889,0.033412557316386454,0,0,5e-4,0.2095,0.1005,0.047,absent,Mixed Forest
0.297777777777778,0.03341201431904111,0,0,5e-4,0.2095,0.1005,0.047,absent,Mixed Forest
0.312666666666667,0.03341175287587483,0,0,5e-4,0.2095,0.1005,0.047,absent,Mixed Forest
0.327555555555556,0.033411632209798085,0,0,5e-4,0.2095,0.1005,0.047,absent,Mixed Forest
0.342444444444444,0.033411632209798085,0,0,5e-4,0.2095,0.1005,0.047,absent,Mixed Forest
0.357333333333333,0.03341137076663181,0,0,5e-4,0.2095,0.1005,0.047,absent,Mixed Forest
0.372222222222222,0.03341135065561902,0,0,5e-4,0.2095,0.1005,0.047,absent,Mixed Forest
0.387111111111111,0.03341135065561902,0,0,5e-4,0.2095,0.1005,0.047,absent,Mixed Forest
0.402,0.03341135065561902,0,0,5e-4,0.2095,0.1005,0.047,absent,Mixed Forest
0.416888888888889,0.03341135065561902,0,0,5e-4,0.2095,0.1005,0.047,absent,Mixed Forest
0.431777777777778,0.03341135065561902,0,0,5e-4,0.2095,0.1005,0.047,absent,Mixed Forest
0.446666666666667,0.03341135065561902,0,0,5e-4,0.2095,0.1005,0.047,absent,Mixed Forest
0.461555555555556,0.03341135065561902,0,0,5e-4,0.2095,0.1005,0.047,absent,Mixed Forest
0.476444444444444,0.03341135065561902,0,0,5e-4,0.2095,0.1005,0.047,absent,Mixed Forest
0.491333333333333,0.03341135065561902,0,0,5e-4,0.2095,0.1005,0.047,absent,Mixed Forest
0.506222222222222,0.03341135065561902,0,0,5e-4,0.2095,0.1005,0.047,absent,Mixed Forest
0.521111111111111,0.03341135065561902,0,0,5e-4,0.2095,0.1005,0.047,absent,Mixed Forest
0.536,0.03341135065561902,0,0,5e-4,0.2095,0.1005,0.047,absent,Mixed Forest
0.550888888888889,0.03341135065561902,0,0,5e-4,0.2095,0.1005,0.047,absent,Mixed Forest
0.565777777777778,0.03341135065561902,0,0,5e-4,0.2095,0.1005,0.047,absent,Mixed Forest
0.580666666666667,0.03341135065561902,0,0,5e-4,0.2095,0.1005,0.047,absent,Mixed Forest
0.595555555555556,0.03341135065561902,0,0,5e-4,0.2095,0.1005,0.047,absent,Mixed Forest
0.610444444444444,0.03341135065561902,0,0,5e-4,0.2095,0.1005,0.047,absent,Mixed Forest
0.625333333333333,0.03341135065561902,0,0,5e-4,0.2095,0.1005,0.047,absent,Mixed Forest
0.640222222222222,0.03341135065561902,0,0,5e-4,0.2095,0.1005,0.047,absent,Mixed Forest
0.655111111111111,0.03341135065561902,0,0,5e-4,0.2095,0.1005,0.047,absent,Mixed Forest
0.67,0.03341135065561902,0,0,5e-4,0.2095,0.1005,0.047,absent,Mixed Forest
0.684888888888889,0.03341135065561902,0,0,5e-4,0.2095,0.1005,0.047,absent,Mixed Forest
0.699777777777778,0.03341135065561902,0,0,5e-4,0.2095,0.1005,0.047,absent,Mixed Forest
0.714666666666667,0.03341135065561902,0,0,5e-4,0.2095,0.1005,0.047,absent,Mixed Forest
0.729555555555556,0.03341135065561902,0,0,5e-4,0.2095,0.1005,0.047,absent,Mixed Forest
0.744444444444444,0.03341135065561902,0,0,5e-4,0.2095,0.1005,0.047,absent,Mixed Forest
0,0.9867871653103063,0.9015,0.96525,0.98825,1,1,0.9995,present,Mixed Forest
0.0148888888888889,0.7726176306144001,0.5405,0.6756500000000001,0.7485,0.88775,0.85175,0.8195,present,Mixed Forest
0.0297777777777778,0.7670654314468535,0.53775,0.6695,0.742,0.8859000000000001,0.84875,0.8135,present,Mixed Forest
0.0446666666666667,0.7629167702056283,0.53725,0.66375,0.73675,0.8845,0.8465,0.80875,present,Mixed Forest
0.0595555555555556,0.7621713207429955,0.53725,0.663,0.73575,0.884,0.84625,0.808,present,Mixed Forest
0.0744444444444445,0.7620924551158601,0.53725,0.66275,0.73575,0.884,0.84625,0.808,present,Mixed Forest
0.0893333333333333,0.7620906690687705,0.53725,0.66275,0.73575,0.884,0.84625,0.808,present,Mixed Forest
0.104222222222222,0.7620599335279866,0.53725,0.66275,0.73575,0.884,0.84625,0.808,present,Mixed Forest
0.119111111111111,0.7620431912778778,0.53725,0.66275,0.73575,0.884,0.8460999999999999,0.808,present,Mixed Forest
0.134,0.7620350686463315,0.53725,0.66275,0.73575,0.884,0.8460999999999999,0.808,present,Mixed Forest
0.148888888888889,0.76164291482885,0.53725,0.6618999999999999,0.73525,0.8839000000000001,0.84575,0.8075,present,Mixed Forest
0.163777777777778,0.7616397931291545,0.53725,0.6618999999999999,0.73525,0.8839000000000001,0.84575,0.8075,present,Mixed Forest
0.178666666666667,0.7616397931291545,0.53725,0.6618999999999999,0.73525,0.8839000000000001,0.84575,0.8075,present,Mixed Forest
0.193555555555556,0.7616384730073926,0.53725,0.6618999999999999,0.73525,0.8839000000000001,0.84575,0.8075,present,Mixed Forest
0.208444444444444,0.7616379294278437,0.53725,0.6618999999999999,0.73525,0.8839000000000001,0.84575,0.8075,present,Mixed Forest
0.223333333333333,0.7616209076225384,0.53725,0.6618999999999999,0.73525,0.8839000000000001,0.84575,0.8075,present,Mixed Forest
0.238222222222222,0.7616208454991613,0.53725,0.6618999999999999,0.73525,0.8839000000000001,0.84575,0.8075,present,Mixed Forest
0.253111111111111,0.7616207833757843,0.53725,0.6618999999999999,0.73525,0.8839000000000001,0.84575,0.8075,present,Mixed Forest
0.268,0.7616207367832515,0.53725,0.6618999999999999,0.73525,0.8839000000000001,0.84575,0.8075,present,Mixed Forest
0.282888888888889,0.7615811641920855,0.53725,0.6618999999999999,0.73525,0.88375,0.84575,0.8075,present,Mixed Forest
0.297777777777778,0.7615806827359135,0.53725,0.6618999999999999,0.73525,0.88375,0.84575,0.8075,present,Mixed Forest
0.312666666666667,0.7615781512082996,0.53725,0.6618999999999999,0.73525,0.88375,0.84575,0.8075,present,Mixed Forest
0.327555555555556,0.7615781046157669,0.53725,0.6618999999999999,0.73525,0.88375,0.84575,0.8075,present,Mixed Forest
0.342444444444444,0.7615781046157669,0.53725,0.6618999999999999,0.73525,0.88375,0.84575,0.8075,present,Mixed Forest
0.357333333333333,0.7615773125427099,0.53725,0.6618999999999999,0.73525,0.88375,0.84575,0.8075,present,Mixed Forest
0.372222222222222,0.7615772970118655,0.53725,0.6618999999999999,0.73525,0.88375,0.84575,0.8075,present,Mixed Forest
0.387111111111111,0.7615772970118655,0.53725,0.6618999999999999,0.73525,0.88375,0.84575,0.8075,present,Mixed Forest
0.402,0.7615772970118655,0.53725,0.6618999999999999,0.73525,0.88375,0.84575,0.8075,present,Mixed Forest
0.416888888888889,0.7615772970118655,0.53725,0.6618999999999999,0.73525,0.88375,0.84575,0.8075,present,Mixed Forest
0.431777777777778,0.7615772970118655,0.53725,0.6618999999999999,0.73525,0.88375,0.84575,0.8075,present,Mixed Forest
0.446666666666667,0.7615772970118655,0.53725,0.6618999999999999,0.73525,0.88375,0.84575,0.8075,present,Mixed Forest
0.461555555555556,0.7615772970118655,0.53725,0.6618999999999999,0.73525,0.88375,0.84575,0.8075,present,Mixed Forest
0.476444444444444,0.7615772970118655,0.53725,0.6618999999999999,0.73525,0.88375,0.84575,0.8075,present,Mixed Forest
0.491333333333333,0.7615772970118655,0.53725,0.6618999999999999,0.73525,0.88375,0.84575,0.8075,present,Mixed Forest
0.506222222222222,0.7615772970118655,0.53725,0.6618999999999999,0.73525,0.88375,0.84575,0.8075,present,Mixed Forest
0.521111111111111,0.7615772970118655,0.53725,0.6618999999999999,0.73525,0.88375,0.84575,0.8075,present,Mixed Forest
0.536,0.7615772970118655,0.53725,0.6618999999999999,0.73525,0.88375,0.84575,0.8075,present,Mixed Forest
0.550888888888889,0.7615772970118655,0.53725,0.6618999999999999,0.73525,0.88375,0.84575,0.8075,present,Mixed Forest
0.565777777777778,0.7615772970118655,0.53725,0.6618999999999999,0.73525,0.88375,0.84575,0.8075,present,Mixed Forest
0.580666666666667,0.7615772970118655,0.53725,0.6618999999999999,0.73525,0.88375,0.84575,0.8075,present,Mixed Forest
0.595555555555556,0.7615772970118655,0.53725,0.6618999999999999,0.73525,0.88375,0.84575,0.8075,present,Mixed Forest
0.610444444444444,0.7615772970118655,0.53725,0.6618999999999999,0.73525,0.88375,0.84575,0.8075,present,Mixed Forest
0.625333333333333,0.7615772970118655,0.53725,0.6618999999999999,0.73525,0.88375,0.84575,0.8075,present,Mixed Forest
0.640222222222222,0.7615772970118655,0.53725,0.6618999999999999,0.73525,0.88375,0.84575,0.8075,present,Mixed Forest
0.655111111111111,0.7615772970118655,0.53725,0.6618999999999999,0.73525,0.88375,0.84575,0.8075,present,Mixed Forest
0.67,0.7615772970118655,0.53725,0.6618999999999999,0.73525,0.88375,0.84575,0.8075,present,Mixed Forest
0.684888888888889,0.7615772970118655,0.53725,0.6618999999999999,0.73525,0.88375,0.84575,0.8075,present,Mixed Forest
0.699777777777778,0.7615772970118655,0.53725,0.6618999999999999,0.73525,0.88375,0.84575,0.8075,present,Mixed Forest
0.714666666666667,0.7615772970118655,0.53725,0.6618999999999999,0.73525,0.88375,0.84575,0.8075,present,Mixed Forest
0.729555555555556,0.7615772970118655,0.53725,0.6618999999999999,0.73525,0.88375,0.84575,0.8075,present,Mixed Forest
0.744444444444444,0.7615772970118655,0.53725,0.6618999999999999,0.73525,0.88375,0.84575,0.8075,present,Mixed Forest
0,0.02819877725042233,0,0,0,0.21325,0.08825,0.0295,absent,Abies_pres
1,0.043600273509773954,0.0025,0.00925,0.02225,0.203125,0.087,0.044,absent,Abies_pres
0,0.975755808535752,0.88025,0.936,0.96425,1,0.9995,0.998,present,Abies_pres
1,0.9727152109088649,0.8621,0.9239000000000002,0.9635,1,0.99975,0.99875,present,Abies_pres
0,0.027569765103370607,0,0,0,0.220375,0.0875,0.02475,absent,Temperate or sub-polar broadleaf deciduous forest
0.0189189189189189,0.03388452256455635,7.5e-4,0.00225,0.00575,0.2145625,0.08825,0.03275,absent,Temperate or sub-polar broadleaf deciduous forest
0.0378378378378378,0.033995434800096536,7.5e-4,0.00225,0.00575,0.2125,0.089,0.033375,absent,Temperate or sub-polar broadleaf deciduous forest
0.0567567567567568,0.03390580001608881,7.5e-4,0.00225,0.00575,0.21031249999999999,0.08925,0.0335,absent,Temperate or sub-polar broadleaf deciduous forest
0.0756756756756757,0.03481304802509855,7.5e-4,0.0025,0.0065,0.21081249999999999,0.0905,0.034875,absent,Temperate or sub-polar broadleaf deciduous forest
0.0945945945945946,0.0382741935483871,0.001,0.00325,0.008,0.21975,0.101,0.039,absent,Temperate or sub-polar broadleaf deciduous forest
0.113513513513514,0.040710099750623445,0.0015,0.00425,0.010375,0.218,0.10075,0.04175,absent,Temperate or sub-polar broadleaf deciduous forest
0.132432432432432,0.04153525460542193,0.0015,0.00425,0.01125,0.2138125,0.10025,0.0435,absent,Temperate or sub-polar broadleaf deciduous forest
0.151351351351351,0.04149452980452095,0.00175,0.00475,0.0115,0.2115,0.10025,0.04375,absent,Temperate or sub-polar broadleaf deciduous forest
0.17027027027027,0.04166939506073526,0.00175,0.00475,0.0115,0.21131250000000001,0.1005,0.044,absent,Temperate or sub-polar broadleaf deciduous forest
0.189189189189189,0.04175890917866624,0.002,0.005,0.0115,0.21125,0.10075,0.04425,absent,Temperate or sub-polar broadleaf deciduous forest
0.208108108108108,0.041959617086316466,0.002,0.00525,0.01175,0.21075,0.10125,0.0445,absent,Temperate or sub-polar broadleaf deciduous forest
0.227027027027027,0.041903105140374874,0.002,0.00525,0.01175,0.2105,0.101,0.0445,absent,Temperate or sub-polar broadleaf deciduous forest
0.245945945945946,0.04187981658756335,0.002,0.00525,0.01175,0.21,0.10075,0.0445,absent,Temperate or sub-polar broadleaf deciduous forest
0.264864864864865,0.041770271900892934,0.002,0.00525,0.01175,0.20906249999999998,0.10025,0.04425,absent,Temperate or sub-polar broadleaf deciduous forest
0.283783783783784,0.041760156061459254,0.002,0.00525,0.01175,0.20862499999999998,0.10025,0.04425,absent,Temperate or sub-polar broadleaf deciduous forest
0.302702702702703,0.041797763655377684,0.002,0.0055,0.012,0.2081875,0.10025,0.0445,absent,Temperate or sub-polar broadleaf deciduous forest
0.321621621621622,0.04179261523610329,0.002,0.0055,0.012,0.2085,0.10025,0.0445,absent,Temperate or sub-polar broadleaf deciduous forest
0.340540540540541,0.04177570187434639,0.002,0.0055,0.012,0.208125,0.1,0.0445,absent,Temperate or sub-polar broadleaf deciduous forest
0.359459459459459,0.04191269809347599,0.00225,0.00575,0.01225,0.2085,0.10025,0.0445,absent,Temperate or sub-polar broadleaf deciduous forest
0.378378378378378,0.04188510578392728,0.00225,0.00575,0.01225,0.2075,0.1,0.0445,absent,Temperate or sub-polar broadleaf deciduous forest
0.397297297297297,0.04194783203282117,0.0025,0.006,0.0125,0.20706249999999998,0.1,0.0445,absent,Temperate or sub-polar broadleaf deciduous forest
0.416216216216216,0.04222673155820127,0.00275,0.00675,0.013,0.20706249999999998,0.1,0.04475,absent,Temperate or sub-polar broadleaf deciduous forest
0.435135135135135,0.043080383718124046,0.003,0.00775,0.0145,0.20631249999999998,0.10025,0.045875,absent,Temperate or sub-polar broadleaf deciduous forest
0.454054054054054,0.04303247928565682,0.003,0.00775,0.0145,0.206,0.10025,0.04575,absent,Temperate or sub-polar broadleaf deciduous forest
0.472972972972973,0.04298918027511866,0.003,0.00775,0.01425,0.20562499999999997,0.1,0.04575,absent,Temperate or sub-polar broadleaf deciduous forest
0.491891891891892,0.04298642506636634,0.003,0.00775,0.01425,0.20562499999999997,0.1,0.04575,absent,Temperate or sub-polar broadleaf deciduous forest
0.510810810810811,0.043064636795109,0.003,0.00775,0.01425,0.20606249999999998,0.10025,0.045875,absent,Temperate or sub-polar broadleaf deciduous forest
0.52972972972973,0.0430580001608881,0.003,0.00775,0.01425,0.20587499999999997,0.10025,0.04575,absent,Temperate or sub-polar broadleaf deciduous forest
0.548648648648649,0.043046375995495136,0.003,0.00775,0.01425,0.20581249999999998,0.10025,0.04575,absent,Temperate or sub-polar broadleaf deciduous forest
0.567567567567568,0.04304508889067654,0.003,0.00775,0.01425,0.20581249999999998,0.10025,0.04575,absent,Temperate or sub-polar broadleaf deciduous forest
0.586486486486486,0.04304486766953584,0.003,0.00775,0.01425,0.20581249999999998,0.10025,0.04575,absent,Temperate or sub-polar broadleaf deciduous forest
0.605405405405405,0.04303543560453705,0.003,0.00775,0.01425,0.20581249999999998,0.10025,0.04575,absent,Temperate or sub-polar broadleaf deciduous forest
0.624324324324324,0.04303344461427078,0.003,0.00775,0.01425,0.20581249999999998,0.10025,0.04575,absent,Temperate or sub-polar broadleaf deciduous forest
0.643243243243243,0.043033323948194036,0.003,0.00775,0.01425,0.20581249999999998,0.10025,0.04575,absent,Temperate or sub-polar broadleaf deciduous forest
0.662162162162162,0.043033323948194036,0.003,0.00775,0.01425,0.20581249999999998,0.10025,0.04575,absent,Temperate or sub-polar broadleaf deciduous forest
0.681081081081081,0.04303320328211729,0.003,0.00775,0.01425,0.20581249999999998,0.10025,0.04575,absent,Temperate or sub-polar broadleaf deciduous forest
0.7,0.04303320328211729,0.003,0.00775,0.01425,0.20581249999999998,0.10025,0.04575,absent,Temperate or sub-polar broadleaf deciduous forest
0.718918918918919,0.04303320328211729,0.003,0.00775,0.01425,0.20581249999999998,0.10025,0.04575,absent,Temperate or sub-polar broadleaf deciduous forest
0.737837837837838,0.04303320328211729,0.003,0.00775,0.01425,0.20581249999999998,0.10025,0.04575,absent,Temperate or sub-polar broadleaf deciduous forest
0.756756756756757,0.04303320328211729,0.003,0.00775,0.01425,0.20581249999999998,0.10025,0.04575,absent,Temperate or sub-polar broadleaf deciduous forest
0.775675675675676,0.04303320328211729,0.003,0.00775,0.01425,0.20581249999999998,0.10025,0.04575,absent,Temperate or sub-polar broadleaf deciduous forest
0.794594594594595,0.04303320328211729,0.003,0.00775,0.01425,0.20581249999999998,0.10025,0.04575,absent,Temperate or sub-polar broadleaf deciduous forest
0.813513513513514,0.04303320328211729,0.003,0.00775,0.01425,0.20581249999999998,0.10025,0.04575,absent,Temperate or sub-polar broadleaf deciduous forest
0.832432432432432,0.04303320328211729,0.003,0.00775,0.01425,0.20581249999999998,0.10025,0.04575,absent,Temperate or sub-polar broadleaf deciduous forest
0.851351351351351,0.04303320328211729,0.003,0.00775,0.01425,0.20581249999999998,0.10025,0.04575,absent,Temperate or sub-polar broadleaf deciduous forest
0.87027027027027,0.04303320328211729,0.003,0.00775,0.01425,0.20581249999999998,0.10025,0.04575,absent,Temperate or sub-polar broadleaf deciduous forest
0.889189189189189,0.04303320328211729,0.003,0.00775,0.01425,0.20581249999999998,0.10025,0.04575,absent,Temperate or sub-polar broadleaf deciduous forest
0.908108108108108,0.04303320328211729,0.003,0.00775,0.01425,0.20581249999999998,0.10025,0.04575,absent,Temperate or sub-polar broadleaf deciduous forest
0.927027027027027,0.04303320328211729,0.003,0.00775,0.01425,0.20581249999999998,0.10025,0.04575,absent,Temperate or sub-polar broadleaf deciduous forest
0.945945945945946,0.04303320328211729,0.003,0.00775,0.01425,0.20581249999999998,0.10025,0.04575,absent,Temperate or sub-polar broadleaf deciduous forest
0,0.9858240821271045,0.89275,0.96375,0.98775,1,1,0.9995,present,Temperate or sub-polar broadleaf deciduous forest
0.0189189189189189,0.967792414735665,0.8625,0.92375,0.95825,0.99975,0.997,0.9915,present,Temperate or sub-polar broadleaf deciduous forest
0.0378378378378378,0.953993585761322,0.8532000000000001,0.909,0.93925,0.99925,0.99225,0.9785,present,Temperate or sub-polar broadleaf deciduous forest
0.0567567567567568,0.9295092408523328,0.83545,0.8895,0.9145,0.99525,0.973,0.95,present,Temperate or sub-polar broadleaf deciduous forest
0.0756756756756757,0.9003981642542088,0.81375,0.8595,0.88275,0.9685,0.9465,0.922,present,Temperate or sub-polar broadleaf deciduous forest
0.0945945945945946,0.7781093526744114,0.69,0.72075,0.7455,0.90215,0.85075,0.8055,present,Temperate or sub-polar broadleaf deciduous forest
0.113513513513514,0.6767843697583401,0.52625,0.57075,0.6055,0.8844000000000001,0.80625,0.7415,present,Temperate or sub-polar broadleaf deciduous forest
0.132432432432432,0.6434359663291297,0.47375,0.5209000000000001,0.5575,0.88025,0.79825,0.72325,present,Temperate or sub-polar broadleaf deciduous forest
0.151351351351351,0.6248502981922097,0.443,0.492,0.5305,0.879,0.7955999999999999,0.715,present,Temperate or sub-polar broadleaf deciduous forest
0.17027027027027,0.6221624060383922,0.439,0.48815000000000003,0.52675,0.8786500000000002,0.7950999999999999,0.7135,present,Temperate or sub-polar broadleaf deciduous forest
0.189189189189189,0.6204255917251662,0.43585,0.4855,0.5245,0.8784000000000001,0.7945,0.713,present,Temperate or sub-polar broadleaf deciduous forest
0.208108108108108,0.6188992514133068,0.43375,0.48325,0.522,0.8783000000000001,0.79425,0.71225,present,Temperate or sub-polar broadleaf deciduous forest
0.227027027027027,0.6178213486985152,0.43175,0.48175,0.52075,0.8782000000000002,0.794,0.7115,present,Temperate or sub-polar broadleaf deciduous forest
0.245945945945946,0.6157550164626948,0.428,0.47865,0.51775,0.87765,0.79325,0.71075,present,Temperate or sub-polar broadleaf deciduous forest
0.264864864864865,0.6118206964030565,0.42235,0.473,0.51275,0.8770500000000002,0.79225,0.70925,present,Temperate or sub-polar broadleaf deciduous forest
0.283783783783784,0.6089731005777473,0.41775,0.469,0.5085,0.8766500000000002,0.7915,0.7075,present,Temperate or sub-polar broadleaf deciduous forest
0.302702702702703,0.6072634652419706,0.4155,0.4665,0.50625,0.8764000000000001,0.791,0.707,present,Temperate or sub-polar broadleaf deciduous forest
0.321621621621622,0.6052889979499285,0.4115,0.46340000000000003,0.50375,0.876,0.7905999999999999,0.70625,present,Temperate or sub-polar broadleaf deciduous forest
0.340540540540541,0.6032619587500776,0.4085,0.46025,0.50075,0.8759000000000001,0.79025,0.70575,present,Temperate or sub-polar broadleaf deciduous forest
0.359459459459459,0.6023708920916941,0.40659999999999996,0.45915000000000006,0.49975,0.8759000000000001,0.79,0.7055,present,Temperate or sub-polar broadleaf deciduous forest
0.378378378378378,0.5998031154873579,0.40275,0.4555,0.4965,0.8755,0.7893499999999999,0.704,present,Temperate or sub-polar broadleaf deciduous forest
0.397297297297297,0.5981566596260173,0.4005,0.45325,0.49475,0.8751500000000001,0.7885,0.70325,present,Temperate or sub-polar broadleaf deciduous forest
0.416216216216216,0.5967746008573026,0.398,0.45075,0.49275,0.8749000000000001,0.78825,0.703,present,Temperate or sub-polar broadleaf deciduous forest
0.435135135135135,0.5958877275268684,0.3971,0.4495,0.4915,0.8744000000000001,0.788,0.70275,present,Temperate or sub-polar broadleaf deciduous forest
0.454054054054054,0.5956158135056221,0.39675,0.4494,0.49125,0.8744000000000001,0.7875999999999999,0.70275,present,Temperate or sub-polar broadleaf deciduous forest
0.472972972972973,0.5952369540908243,0.39625,0.449,0.49075,0.8744000000000001,0.7875,0.7025,present,Temperate or sub-polar broadleaf deciduous forest
0.491891891891892,0.5951141361744425,0.39625,0.44875,0.4905,0.8741500000000001,0.7875,0.7025,present,Temperate or sub-polar broadleaf deciduous forest
0.510810810810811,0.595113747903336,0.39625,0.44875,0.4905,0.874,0.7875,0.7025,present,Temperate or sub-polar broadleaf deciduous forest
0.52972972972973,0.5949796545940238,0.3961,0.44875,0.49025,0.8739000000000001,0.7875,0.7025,present,Temperate or sub-polar broadleaf deciduous forest
0.548648648648649,0.594778250605703,0.39575,0.44825,0.49025,0.87375,0.78725,0.7025,present,Temperate or sub-polar broadleaf deciduous forest
0.567567567567568,0.5947671149903708,0.39575,0.44825,0.49025,0.87375,0.78725,0.7025,present,Temperate or sub-polar broadleaf deciduous forest
0.586486486486486,0.5947664005715351,0.39575,0.44825,0.49025,0.87375,0.78725,0.7025,present,Temperate or sub-polar broadleaf deciduous forest
0.605405405405405,0.5946788221407716,0.3956,0.44825,0.49,0.87325,0.78725,0.7025,present,Temperate or sub-polar broadleaf deciduous forest
0.624324324324324,0.5946728117040442,0.3956,0.44825,0.49,0.87325,0.78725,0.7025,present,Temperate or sub-polar broadleaf deciduous forest
0.643243243243243,0.5946721904702739,0.3956,0.44825,0.49,0.87325,0.7870999999999999,0.7025,present,Temperate or sub-polar broadleaf deciduous forest
0.662162162162162,0.5946721904702739,0.3956,0.44825,0.49,0.87325,0.7870999999999999,0.7025,present,Temperate or sub-polar broadleaf deciduous forest
0.681081081081081,0.594668618376095,0.3956,0.44825,0.49,0.87325,0.7870999999999999,0.7025,present,Temperate or sub-polar broadleaf deciduous forest
0.7,0.594668618376095,0.3956,0.44825,0.49,0.87325,0.7870999999999999,0.7025,present,Temperate or sub-polar broadleaf deciduous forest
0.718918918918919,0.594668618376095,0.3956,0.44825,0.49,0.87325,0.7870999999999999,0.7025,present,Temperate or sub-polar broadleaf deciduous forest
0.737837837837838,0.594668618376095,0.3956,0.44825,0.49,0.87325,0.7870999999999999,0.7025,present,Temperate or sub-polar broadleaf deciduous forest
0.756756756756757,0.594668618376095,0.3956,0.44825,0.49,0.87325,0.7870999999999999,0.7025,present,Temperate or sub-polar broadleaf deciduous forest
0.775675675675676,0.594668618376095,0.3956,0.44825,0.49,0.87325,0.7870999999999999,0.7025,present,Temperate or sub-polar broadleaf deciduous forest
0.794594594594595,0.594668618376095,0.3956,0.44825,0.49,0.87325,0.7870999999999999,0.7025,present,Temperate or sub-polar broadleaf deciduous forest
0.813513513513514,0.594668618376095,0.3956,0.44825,0.49,0.87325,0.7870999999999999,0.7025,present,Temperate or sub-polar broadleaf deciduous forest
0.832432432432432,0.594668618376095,0.3956,0.44825,0.49,0.87325,0.7870999999999999,0.7025,present,Temperate or sub-polar broadleaf deciduous forest
0.851351351351351,0.594668618376095,0.3956,0.44825,0.49,0.87325,0.7870999999999999,0.7025,present,Temperate or sub-polar broadleaf deciduous forest
0.87027027027027,0.594668618376095,0.3956,0.44825,0.49,0.87325,0.7870999999999999,0.7025,present,Temperate or sub-polar broadleaf deciduous forest
0.889189189189189,0.594668618376095,0.3956,0.44825,0.49,0.87325,0.7870999999999999,0.7025,present,Temperate or sub-polar broadleaf deciduous forest
0.908108108108108,0.594668618376095,0.3956,0.44825,0.49,0.87325,0.7870999999999999,0.7025,present,Temperate or sub-polar broadleaf deciduous forest
0.927027027027027,0.594668618376095,0.3956,0.44825,0.49,0.87325,0.7870999999999999,0.7025,present,Temperate or sub-polar broadleaf deciduous forest
0.945945945945946,0.594668618376095,0.3956,0.44825,0.49,0.87325,0.7870999999999999,0.7025,present,Temperate or sub-polar broadleaf deciduous forest
0,0.02530250985439627,0,0,0,0.20387499999999997,0.076,0.022625,absent,Abies grandis
1,0.06561511543721342,0.02275,0.02825,0.0315,0.25606249999999997,0.134,0.074,absent,Abies grandis
0,0.9701397775983103,0.85935,0.925,0.95875,1,0.99975,0.998,present,Abies grandis
1,0.9656371218239423,0.87025,0.917,0.94125,1,0.9995,0.9975,present,Abies grandis
0,0.03024072882310353,0,0,0,0.22725,0.0935,0.03175,absent,Abies lasiocarpa
1,0.056018823907972005,0.00275,0.00975,0.034,0.2215625,0.1035,0.06175,absent,Abies lasiocarpa
0,0.9842319997515065,0.88435,0.958,0.98575,1,1,0.99925,present,Abies lasiocarpa
1,0.9520194446170094,0.8031,0.8621500000000001,0.94125,1,0.99825,0.9905,present,Abies lasiocarpa
0,0.02748268441798729,0,0,2.5e-4,0.2123125,0.08425,0.0275,absent,Temperate or sub-polar grassland
0.02,0.027979185101761728,0,0,2.5e-4,0.2185625,0.0875,0.02725,absent,Temperate or sub-polar grassland
0.04,0.028512730271096454,0,0,2.5e-4,0.2185,0.0895,0.0275,absent,Temperate or sub-polar grassland
0.06,0.028546758104738154,0,0,2.5e-4,0.21625,0.0905,0.02775,absent,Temperate or sub-polar grassland
0.08,0.028940310514037487,0,0,2.5e-4,0.2183125,0.091,0.0285,absent,Temperate or sub-polar grassland
0.1,0.02967848523851661,0,0,2.5e-4,0.21875,0.0925,0.03,absent,Temperate or sub-polar grassland
0.12,0.03096201029683855,0,0,2.5e-4,0.21875,0.09475,0.03475,absent,Temperate or sub-polar grassland
0.14,0.031174503257984074,0,0,2.5e-4,0.21825,0.09525,0.03525,absent,Temperate or sub-polar grassland
0.16,0.03166515163703644,0,0,2.5e-4,0.217375,0.09625,0.0365,absent,Temperate or sub-polar grassland
0.18,0.031944252272544445,0,0,2.5e-4,0.2168125,0.09675,0.037,absent,Temperate or sub-polar grassland
0.2,0.032071011986163626,0,0,2.5e-4,0.2178125,0.09725,0.03725,absent,Temperate or sub-polar grassland
0.22,0.03208494891802751,0,0,2.5e-4,0.2178125,0.09725,0.0375,absent,Temperate or sub-polar grassland
0.24,0.03207231920199501,0,0,2.5e-4,0.2180625,0.09725,0.03725,absent,Temperate or sub-polar grassland
0.26,0.032071353873381066,0,0,2.5e-4,0.21787499999999999,0.09725,0.03725,absent,Temperate or sub-polar grassland
0.28,0.03204438500522886,0,0,2.5e-4,0.2175,0.09725,0.037375,absent,Temperate or sub-polar grassland
0.3,0.032103953825114634,0,0,2.5e-4,0.21687499999999998,0.09725,0.0375,absent,Temperate or sub-polar grassland
0.32,0.03226924623924061,0,0,2.5e-4,0.217,0.09725,0.038,absent,Temperate or sub-polar grassland
0.34,0.03233720135146006,0,0,2.5e-4,0.21725,0.09725,0.038125,absent,Temperate or sub-polar grassland
0.36,0.032413442200949244,0,0,2.5e-4,0.21725,0.09725,0.03825,absent,Temperate or sub-polar grassland
0.38,0.03251361515565924,0,0,2.5e-4,0.2168125,0.0975,0.0385,absent,Temperate or sub-polar grassland
0.4,0.03259661330544606,0,0,2.5e-4,0.21643749999999998,0.0975,0.03875,absent,Temperate or sub-polar grassland
0.42,0.032613003780870405,0,0,2.5e-4,0.21637499999999998,0.0975,0.03875,absent,Temperate or sub-polar grassland
0.44,0.03264908293781675,0,0,2.5e-4,0.2163125,0.09775,0.039,absent,Temperate or sub-polar grassland
0.46,0.03271285495937575,0,0,2.5e-4,0.21625,0.09775,0.03925,absent,Temperate or sub-polar grassland
0.48,0.03282849328292173,0,0,2.5e-4,0.21625,0.098,0.03925,absent,Temperate or sub-polar grassland
0.5,0.03288880621028075,0,0,2.5e-4,0.21625,0.09825,0.0395,absent,Temperate or sub-polar grassland
0.52,0.03292396026063873,0,0,2.5e-4,0.21637499999999998,0.0985,0.03975,absent,Temperate or sub-polar grassland
0.54,0.033230069986324516,0,0,2.5e-4,0.2168125,0.0995,0.04025,absent,Temperate or sub-polar grassland
0.56,0.03320720376478159,0,0,2.5e-4,0.2168125,0.0995,0.04025,absent,Temperate or sub-polar grassland
0.58,0.033251287104818596,0,0,2.5e-4,0.2168125,0.09975,0.0405,absent,Temperate or sub-polar grassland
0.6,0.03333738235057518,0,0,2.5e-4,0.2168125,0.1,0.0405,absent,Temperate or sub-polar grassland
0.62,0.03343552409299332,0,0,2.5e-4,0.2168125,0.1,0.04075,absent,Temperate or sub-polar grassland
0.64,0.03358963478400772,0,0,2.5e-4,0.2168125,0.1005,0.041,absent,Temperate or sub-polar grassland
0.66,0.033786059045933556,0,0,2.5e-4,0.2168125,0.101,0.041375,absent,Temperate or sub-polar grassland
0.68,0.03379241412597538,0,0,2.5e-4,0.2168125,0.101,0.0415,absent,Temperate or sub-polar grassland
0.7,0.03388124446947148,0,0,2.5e-4,0.21687499999999998,0.101,0.0415,absent,Temperate or sub-polar grassland
0.72,0.03400217198938139,0,0,2.5e-4,0.2170625,0.10125,0.042,absent,Temperate or sub-polar grassland
0.74,0.03413156624567613,0,0,2.5e-4,0.2170625,0.1015,0.042,absent,Temperate or sub-polar grassland
0.76,0.0341937092751991,0,0,2.5e-4,0.2170625,0.10175,0.04225,absent,Temperate or sub-polar grassland
0.78,0.03422978843214544,0,0,2.5e-4,0.2170625,0.10175,0.04225,absent,Temperate or sub-polar grassland
0.8,0.034228762770493124,0,0,2.5e-4,0.2170625,0.10175,0.04225,absent,Temperate or sub-polar grassland
0.82,0.034240085270694234,0,0,2.5e-4,0.2170625,0.10175,0.04225,absent,Temperate or sub-polar grassland
0.84,0.03423676695358378,0,0,2.5e-4,0.2170625,0.10175,0.04225,absent,Temperate or sub-polar grassland
0.86,0.03423582173598263,0,0,2.5e-4,0.2170625,0.10175,0.04225,absent,Temperate or sub-polar grassland
0.88,0.03423582173598263,0,0,2.5e-4,0.2170625,0.10175,0.04225,absent,Temperate or sub-polar grassland
0.9,0.03423582173598263,0,0,2.5e-4,0.2170625,0.10175,0.04225,absent,Temperate or sub-polar grassland
0.92,0.03423582173598263,0,0,2.5e-4,0.2170625,0.10175,0.04225,absent,Temperate or sub-polar grassland
0.94,0.03423582173598263,0,0,2.5e-4,0.2170625,0.10175,0.04225,absent,Temperate or sub-polar grassland
0.96,0.03423582173598263,0,0,2.5e-4,0.2170625,0.10175,0.04225,absent,Temperate or sub-polar grassland
0.98,0.03423582173598263,0,0,2.5e-4,0.2170625,0.10175,0.04225,absent,Temperate or sub-polar grassland
1,0.03423582173598263,0,0,2.5e-4,0.2170625,0.10175,0.04225,absent,Temperate or sub-polar grassland
0,0.9768007082064981,0.8555,0.93815,0.97325,1,0.9995,0.99825,present,Temperate or sub-polar grassland
0.02,0.9783426570168354,0.87075,0.9405,0.97625,0.99975,0.99925,0.998,present,Temperate or sub-polar grassland
0.04,0.9745298968751942,0.85075,0.923,0.96925,1,0.99975,0.99825,present,Temperate or sub-polar grassland
0.06,0.9658896533515562,0.8226,0.8905,0.9555,1,0.99975,0.99825,present,Temperate or sub-polar grassland
0.08,0.962991411443126,0.8081,0.88525,0.9495,1,0.9995,0.998,present,Temperate or sub-polar grassland
0.1,0.9602824749953407,0.7875,0.879,0.94375,1,0.9995,0.99775,present,Temperate or sub-polar grassland
0.12,0.9576481487233646,0.77875,0.876,0.94,1,0.99925,0.99675,present,Temperate or sub-polar grassland
0.14,0.9544462632788718,0.77575,0.8704000000000001,0.9335,1,0.99925,0.9965,present,Temperate or sub-polar grassland
0.16,0.9535592657016835,0.77435,0.86825,0.9315,1,0.99925,0.99625,present,Temperate or sub-polar grassland
0.18,0.9526842579362614,0.77385,0.86725,0.92975,1,0.999,0.99575,present,Temperate or sub-polar grassland
0.2,0.9516055010250357,0.77385,0.86525,0.92825,1,0.9985,0.995,present,Temperate or sub-polar grassland
0.22,0.9503380288252469,0.7736000000000001,0.86315,0.9265,1,0.99825,0.99425,present,Temperate or sub-polar grassland
0.24,0.9497358358700378,0.77375,0.86175,0.92575,0.99975,0.99825,0.99375,present,Temperate or sub-polar grassland
0.26,0.9490271789774493,0.77335,0.86125,0.92475,0.99975,0.998,0.99325,present,Temperate or sub-polar grassland
0.28,0.9460300211219482,0.7715,0.8585,0.9205,0.99975,0.99625,0.99075,present,Temperate or sub-polar grassland
0.3,0.9427961421382867,0.77125,0.8569,0.91775,0.9995,0.995,0.987,present,Temperate or sub-polar grassland
0.32,0.9370196775796732,0.76985,0.8555,0.91425,0.9995,0.99275,0.97875,present,Temperate or sub-polar grassland
0.34,0.9329251257998384,0.76925,0.8549,0.91225,0.99925,0.9905,0.97325,present,Temperate or sub-polar grassland
0.36,0.921219994408896,0.76685,0.85125,0.895,0.999,0.98685,0.96225,present,Temperate or sub-polar grassland
0.38,0.9209162576877679,0.76685,0.8505,0.895,0.99875,0.9865,0.96175,present,Temperate or sub-polar grassland
0.4,0.9206148816549667,0.76675,0.8505,0.895,0.9985,0.986,0.96125,present,Temperate or sub-polar grassland
0.42,0.9201871777349817,0.7666,0.85025,0.8945,0.998,0.985,0.96075,present,Temperate or sub-polar grassland
0.44,0.9196657451699075,0.7665,0.84815,0.894,0.99775,0.98475,0.9605,present,Temperate or sub-polar grassland
0.46,0.9193405603528608,0.7665,0.84425,0.894,0.99725,0.98425,0.9605,present,Temperate or sub-polar grassland
0.48,0.9196915729639064,0.7665,0.844,0.8945,0.9974000000000002,0.98425,0.96125,present,Temperate or sub-polar grassland
0.5,0.9196848636391874,0.7665,0.8439,0.8945,0.99725,0.98425,0.96125,present,Temperate or sub-polar grassland
0.52,0.9196782009070013,0.7665,0.84375,0.8945,0.99725,0.98425,0.96125,present,Temperate or sub-polar grassland
0.54,0.9197114835062434,0.7666,0.84375,0.8945,0.99725,0.98425,0.96125,present,Temperate or sub-polar grassland
0.56,0.919669099832267,0.7666,0.8435,0.8945,0.99725,0.984,0.96125,present,Temperate or sub-polar grassland
0.58,0.9196465956389389,0.7665,0.8434000000000001,0.8945,0.99725,0.984,0.96125,present,Temperate or sub-polar grassland
0.6,0.9196324470398212,0.7665,0.84325,0.8945,0.99725,0.984,0.96125,present,Temperate or sub-polar grassland
0.62,0.9196396378207119,0.7665,0.84325,0.8945,0.99725,0.984,0.96125,present,Temperate or sub-polar grassland
0.64,0.9196498726470771,0.7665,0.84325,0.8945,0.99725,0.984,0.96125,present,Temperate or sub-polar grassland
0.66,0.9195820805118966,0.7666,0.84325,0.8945,0.997,0.98375,0.96125,present,Temperate or sub-polar grassland
0.68,0.9195152046965274,0.7666,0.843,0.8945,0.99675,0.9835999999999999,0.961,present,Temperate or sub-polar grassland
0.7,0.9193259302975709,0.7666,0.84275,0.8945,0.99625,0.98325,0.961,present,Temperate or sub-polar grassland
0.72,0.919222106603715,0.7666,0.84275,0.89425,0.99575,0.983,0.96075,present,Temperate or sub-polar grassland
0.74,0.9192393303099957,0.7666,0.84275,0.8945,0.99575,0.983,0.96075,present,Temperate or sub-polar grassland
0.76,0.9192411940113064,0.7666,0.84275,0.8945,0.99575,0.983,0.96075,present,Temperate or sub-polar grassland
0.78,0.9192414269739703,0.7666,0.84275,0.8945,0.99575,0.983,0.96075,present,Temperate or sub-polar grassland
0.8,0.9192414890973473,0.7666,0.84275,0.8945,0.99575,0.983,0.96075,present,Temperate or sub-polar grassland
0.82,0.919218845126421,0.7666,0.84275,0.89425,0.99575,0.983,0.96075,present,Temperate or sub-polar grassland
0.84,0.9192171056718643,0.7666,0.84275,0.89425,0.99575,0.983,0.96075,present,Temperate or sub-polar grassland
0.86,0.9192169814251102,0.7666,0.84275,0.89425,0.99575,0.983,0.96075,present,Temperate or sub-polar grassland
0.88,0.9192169814251102,0.7666,0.84275,0.89425,0.99575,0.983,0.96075,present,Temperate or sub-polar grassland
0.9,0.9192169814251102,0.7666,0.84275,0.89425,0.99575,0.983,0.96075,present,Temperate or sub-polar grassland
0.92,0.9192169814251102,0.7666,0.84275,0.89425,0.99575,0.983,0.96075,present,Temperate or sub-polar grassland
0.94,0.9192169814251102,0.7666,0.84275,0.89425,0.99575,0.983,0.96075,present,Temperate or sub-polar grassland
0.96,0.9192169814251102,0.7666,0.84275,0.89425,0.99575,0.983,0.96075,present,Temperate or sub-polar grassland
0.98,0.9192169814251102,0.7666,0.84275,0.89425,0.99575,0.983,0.96075,present,Temperate or sub-polar grassland
1,0.9192169814251102,0.7666,0.84275,0.89425,0.99575,0.983,0.96075,present,Temperate or sub-polar grassland
0,0.02999072882310353,0,0,0,0.2488125,0.09025,0.0245,absent,Abies concolor
1,0.03377145845064757,0.00175,0.00375,0.0065,0.217,0.08725,0.0325,absent,Abies concolor
0,0.9715960582717277,0.8481,0.88275,0.971,1,1,0.99925,present,Abies concolor
1,0.8588017643039075,0.62175,0.7115,0.78825,0.99975,0.99075,0.944,present,Abies concolor
0,0.025096653527471643,0,0,2.5e-4,0.2008125,0.07625,0.023,absent,Cropland
0.02,0.028583279703965892,0,0,0,0.213125,0.0875,0.02975,absent,Cropland
0.04,0.029223232241975705,0,0,0,0.21475,0.08975,0.03075,absent,Cropland
0.06,0.031584224921567046,0,0,0,0.218,0.09875,0.0365,absent,Cropland
0.08,0.0320881867910868,0,0,0,0.21875,0.101,0.03725,absent,Cropland
0.1,0.03246030086075135,0,0,0,0.2188125,0.10225,0.03825,absent,Cropland
0.12,0.032774515324591746,0,0,0,0.2195,0.10325,0.03925,absent,Cropland
0.14,0.03306306813611133,0,0,0,0.21975,0.10375,0.0405,absent,Cropland
0.16,0.0331791489019387,0,0,0,0.21931250000000002,0.104,0.04075,absent,Cropland
0.18,0.033174865256214305,0,0,0,0.2195,0.10425,0.04075,absent,Cropland
0.2,0.03332463196846593,0,0,0,0.2195,0.1045,0.04125,absent,Cropland
0.22,0.03352465610168128,0,0,0,0.2198125,0.10475,0.041625,absent,Cropland
0.24,0.03381123803394739,0,0,0,0.22025,0.10525,0.04225,absent,Cropland
0.26,0.033978078996058245,0,0,2.5e-4,0.2203125,0.1055,0.0425,absent,Cropland
0.28,0.03422218646931059,0,0,2.5e-4,0.22025,0.10575,0.04325,absent,Cropland
0.3,0.03444867669535838,0,0,2.5e-4,0.22,0.106,0.04375,absent,Cropland
0.32,0.03471782237953503,0,0,2.5e-4,0.2200625,0.10625,0.04475,absent,Cropland
0.34,0.03511320489099831,0,0,2.5e-4,0.22025,0.10675,0.04625,absent,Cropland
0.36,0.035836598021076346,0,0,2.5e-4,0.2203125,0.1075,0.048,absent,Cropland
0.38,0.036036139489984714,0,0,2.5e-4,0.22025,0.108,0.0485,absent,Cropland
0.4,0.03645736465288392,0,0,5e-4,0.22012500000000002,0.10775,0.04875,absent,Cropland
0.42,0.036807095165312526,0,0,5e-4,0.22,0.108,0.04875,absent,Cropland
0.44,0.03677598342852546,0,0,5e-4,0.22,0.10775,0.048875,absent,Cropland
0.46,0.036772564556351056,0,0,5e-4,0.2198125,0.10775,0.048875,absent,Cropland
0.48,0.036774776767758026,0,0,5e-4,0.2198125,0.10775,0.049,absent,Cropland
0.5,0.03674631968465932,0,0,5e-4,0.2198125,0.108,0.04875,absent,Cropland
0.52,0.036734031855844264,0,0,5e-4,0.2195,0.108,0.04875,absent,Cropland
0.54,0.03673885849891401,0,0,5e-4,0.2195625,0.108,0.04875,absent,Cropland
0.56,0.03675357976027673,0,0,5e-4,0.21937500000000001,0.108,0.049,absent,Cropland
0.58,0.03675,0,0,5e-4,0.2194375,0.108,0.049,absent,Cropland
0.6,0.03672188480411873,0,0,5e-4,0.2185625,0.108,0.049,absent,Cropland
0.62,0.03673248330785939,0,0,5e-4,0.2185625,0.108,0.049,absent,Cropland
0.64,0.03673371007963961,0,0,5e-4,0.21912500000000001,0.108,0.049,absent,Cropland
0.66,0.03673013031936288,0,0,5e-4,0.2190625,0.108,0.049,absent,Cropland
0.68,0.03673604295712332,0,0,5e-4,0.2190625,0.108,0.049,absent,Cropland
0.7,0.0367497787788593,0,0,5e-4,0.2190625,0.108,0.049,absent,Cropland
0.72,0.03676210682969994,0,0,5e-4,0.21925,0.10825,0.049,absent,Cropland
0.74,0.03677988496500684,0,0,5e-4,0.2195,0.10825,0.049125,absent,Cropland
0.76,0.03680793982784973,0,0,5e-4,0.219625,0.10825,0.04925,absent,Cropland
0.78,0.03685477837663905,0,0,5e-4,0.219625,0.10825,0.04925,absent,Cropland
0.8,0.03686610087684016,0,0,5e-4,0.219625,0.10825,0.04925,absent,Cropland
0.82,0.036877885930335454,0,0,5e-4,0.219625,0.10825,0.04925,absent,Cropland
0.84,0.03689214463840399,0,0,5e-4,0.219625,0.10825,0.0495,absent,Cropland
0.86,0.03691885206338991,0,0,5e-4,0.219625,0.10825,0.0495,absent,Cropland
0.88,0.0369589132008688,0,0,5e-4,0.219625,0.10875,0.0495,absent,Cropland
0.9,0.03703199662134985,0,0,5e-4,0.219625,0.10875,0.0495,absent,Cropland
0.92,0.03704991553374628,0,0,5e-4,0.219625,0.10875,0.04975,absent,Cropland
0.94,0.037108157026787866,0,0,5e-4,0.2198125,0.10875,0.04975,absent,Cropland
0.96,0.037186549754645644,0,0,5e-4,0.22,0.10875,0.04975,absent,Cropland
0.98,0.0373268441798729,0,0,7.5e-4,0.22,0.10875,0.05,absent,Cropland
1,0.0373268441798729,0,0,7.5e-4,0.22,0.10875,0.05,absent,Cropland
0,0.9842828166739144,0.8831,0.95725,0.9865,1,0.99975,0.99925,present,Cropland
0.02,0.9804498974964279,0.88035,0.9514,0.9785,1,0.9995,0.998,present,Cropland
0.04,0.9785848294713301,0.87775,0.94825,0.9755,1,0.999,0.99725,present,Cropland
0.06,0.977535814126856,0.87675,0.94725,0.97425,0.99975,0.99875,0.996,present,Cropland
0.08,0.9760188855066162,0.87635,0.94575,0.972,1,0.9985,0.99525,present,Cropland
0.1,0.975507982853948,0.87585,0.9445,0.971,1,0.9985,0.995,present,Cropland
0.12,0.9746162794309499,0.87525,0.94325,0.96975,1,0.99825,0.9945,present,Cropland
0.14,0.9735214015033857,0.8743500000000001,0.942,0.968,0.99975,0.998,0.994,present,Cropland
0.16,0.9718722743368329,0.8735,0.94,0.96575,0.99975,0.99725,0.9925,present,Cropland
0.18,0.9703566658383549,0.8722000000000001,0.93775,0.964,0.99975,0.99675,0.99075,present,Cropland
0.2,0.9685350997080201,0.8716,0.936,0.9615,0.99975,0.996,0.98925,present,Cropland
0.22,0.9676172112816053,0.8711,0.93525,0.96025,0.99975,0.99575,0.98825,present,Cropland
0.24,0.9673424085233273,0.87085,0.935,0.96,0.99975,0.99575,0.98825,present,Cropland
0.26,0.9670836491271666,0.8705,0.9345,0.9595,0.99975,0.9956,0.988,present,Cropland
0.28,0.9662491923960987,0.87025,0.93375,0.95825,0.99975,0.99525,0.987,present,Cropland
0.3,0.9651849257625644,0.86975,0.933,0.95675,0.99975,0.99525,0.98625,present,Cropland
0.32,0.9649352519102938,0.86985,0.9325,0.9565,0.99975,0.99525,0.986,present,Cropland
0.34,0.9643195315897373,0.86985,0.93175,0.9555,0.99975,0.99475,0.98525,present,Cropland
0.36,0.9637658880536746,0.86985,0.93125,0.95475,0.99975,0.9945,0.98475,present,Cropland
0.38,0.9632744921413928,0.87,0.93075,0.954,0.9995,0.9945,0.984,present,Cropland
0.4,0.9624893147791515,0.86985,0.92975,0.953,0.9995,0.994,0.98325,present,Cropland
0.42,0.9616907187674721,0.86885,0.9285,0.952,0.9995,0.9935,0.9825,present,Cropland
0.44,0.9602552494253588,0.86825,0.92675,0.95025,0.99875,0.992,0.98075,present,Cropland
0.46,0.959101463005529,0.8681,0.926,0.9495,0.998,0.99,0.979,present,Cropland
0.48,0.9580088991737591,0.8681,0.92525,0.94875,0.99725,0.988,0.97725,present,Cropland
0.5,0.9559979965210909,0.8676,0.92375,0.9465,0.99525,0.986,0.975,present,Cropland
0.52,0.954225678697894,0.86725,0.922,0.943,0.995,0.985,0.97325,present,Cropland
0.54,0.9541183295023917,0.86725,0.92175,0.943,0.99475,0.98475,0.97325,present,Cropland
0.56,0.9492990619370069,0.86635,0.9195,0.93925,0.9855,0.9775,0.96825,present,Cropland
0.58,0.9485841927067156,0.86625,0.9185,0.9375,0.98575,0.9775,0.96825,present,Cropland
0.6,0.9462218115176741,0.86525,0.9125,0.93325,0.985,0.97625,0.96725,present,Cropland
0.62,0.9459458128843884,0.86525,0.91225,0.933,0.985,0.976,0.967,present,Cropland
0.64,0.9452336770826862,0.8651,0.9115,0.93225,0.9845,0.97475,0.9665,present,Cropland
0.66,0.94480578679257,0.865,0.9095,0.93125,0.9845,0.97475,0.9665,present,Cropland
0.68,0.9447094179039572,0.865,0.90925,0.93125,0.9845,0.97475,0.9665,present,Cropland
0.7,0.9445847207554203,0.865,0.90925,0.931,0.9845,0.9745,0.96625,present,Cropland
0.72,0.9445483785798596,0.865,0.90925,0.931,0.9845,0.9745,0.96625,present,Cropland
0.74,0.9420812729079953,0.8645,0.90675,0.9285,0.98225,0.97175,0.96375,present,Cropland
0.76,0.940991955022675,0.8641000000000001,0.906,0.927,0.98125,0.971,0.96275,present,Cropland
0.78,0.9413425327700814,0.86425,0.906,0.9275,0.982,0.97125,0.963,present,Cropland
0.8,0.940492250108716,0.86385,0.9055,0.92625,0.98075,0.9705,0.96225,present,Cropland
0.82,0.9404364011927688,0.86385,0.9055,0.92625,0.9806500000000002,0.9705,0.962,present,Cropland
0.84,0.940439740324284,0.86385,0.9055,0.92625,0.9806500000000002,0.9705,0.962,present,Cropland
0.86,0.9404595110890228,0.864,0.9055,0.9265,0.9806500000000002,0.9705,0.962,present,Cropland
0.88,0.9404657078958812,0.864,0.9055,0.9265,0.9806500000000002,0.9705,0.962,present,Cropland
0.9,0.9405836491271666,0.864,0.9055,0.9265,0.98075,0.9705999999999999,0.96225,present,Cropland
0.92,0.9405462508541964,0.86385,0.9055,0.9265,0.98075,0.9705,0.96225,present,Cropland
0.94,0.9405481456171958,0.86385,0.9055,0.9265,0.98075,0.9705,0.96225,present,Cropland
0.96,0.9405524942535877,0.86385,0.9055,0.9265,0.98075,0.9705,0.96225,present,Cropland
0.98,0.9405552276821768,0.86385,0.9055,0.9265,0.98075,0.9705,0.96225,present,Cropland
1,0.9405552276821768,0.86385,0.9055,0.9265,0.98075,0.9705,0.96225,present,Cropland
0,0.02519439304963398,0,0,0,0.2028125,0.07625,0.02275,absent,Water
0.02,0.028452155900571156,0,0,2.5e-4,0.20525,0.0835,0.031,absent,Water
0.04,0.028694473493685143,0,0,2.5e-4,0.20525,0.08425,0.032,absent,Water
0.06,0.02980999115115437,5e-4,7.5e-4,0.00125,0.2045,0.0855,0.034,absent,Water
0.08,0.029988395945619823,0,2.5e-4,0.001,0.2033125,0.086,0.0345,absent,Water
0.1,0.030558704046335775,0,2.5e-4,0.0015,0.20168750000000002,0.086,0.03525,absent,Water
0.12,0.03048507762850937,0,2.5e-4,0.0015,0.2015,0.086,0.03525,absent,Water
0.14,0.030475907006676857,0,2.5e-4,0.0015,0.2004375,0.08575,0.03525,absent,Water
0.16,0.03073097498190009,0,2.5e-4,0.00175,0.2008125,0.08575,0.03575,absent,Water
0.18,0.030666639851982945,0,2.5e-4,0.0015,0.20018750000000002,0.0855,0.0355,absent,Water
0.2,0.03067042072238758,0,2.5e-4,0.0015,0.19975,0.0855,0.03575,absent,Water
0.22,0.030668691175287588,0,2.5e-4,0.0015,0.1995625,0.0855,0.03575,absent,Water
0.24,0.03064508084627142,0,2.5e-4,0.0015,0.19875,0.0855,0.036,absent,Water
0.26,0.03062844903869359,0,2.5e-4,0.0015,0.199,0.0855,0.036,absent,Water
0.28,0.030630037808704047,0,2.5e-4,0.0015,0.1975,0.0855,0.036,absent,Water
0.3,0.030619861636232,0,2.5e-4,0.0015,0.19687500000000002,0.0855,0.036,absent,Water
0.32,0.030634341565441234,0,2.5e-4,0.0015,0.1968125,0.0855,0.036,absent,Water
0.34,0.030648901938701636,0,2.5e-4,0.0016250000000000001,0.19675,0.0855,0.036,absent,Water
0.36,0.030643632853350495,0,2.5e-4,0.0016250000000000001,0.1965625,0.0855,0.036,absent,Water
0.38,0.030640736867508647,0,2.5e-4,0.00175,0.1968125,0.0855,0.036,absent,Water
0.4,0.03064049553535516,0,2.5e-4,0.00175,0.1963125,0.0855,0.036,absent,Water
0.42,0.030669515726812,0,2.5e-4,0.00175,0.1963125,0.08575,0.036,absent,Water
0.44,0.03067048105542595,0,2.5e-4,0.00175,0.1963125,0.08575,0.036,absent,Water
0.46,0.030692703724559567,0,2.5e-4,0.00175,0.1963125,0.08575,0.036,absent,Water
0.48,0.030691537285817715,0,2.5e-4,0.0015,0.1963125,0.08575,0.036,absent,Water
0.5,0.0306907127342933,0,2.5e-4,0.0015,0.1963125,0.08575,0.036,absent,Water
0.52,0.030689626739602606,0,2.5e-4,0.0015,0.1963125,0.08575,0.036,absent,Water
0.54,0.030689144075295632,0,2.5e-4,0.0015,0.1963125,0.08575,0.036,absent,Water
0.56,0.030689144075295632,0,2.5e-4,0.0015,0.1963125,0.08575,0.036,absent,Water
0.58,0.030698314697128148,0,2.5e-4,0.0015,0.1963125,0.086,0.036125,absent,Water
0.6,0.030698314697128148,0,2.5e-4,0.0015,0.1963125,0.086,0.036125,absent,Water
0.62,0.03071808382270131,0,2.5e-4,0.0015,0.1963125,0.086,0.03625,absent,Water
0.64,0.03071808382270131,0,2.5e-4,0.0015,0.1963125,0.086,0.03625,absent,Water
0.66,0.03071808382270131,0,2.5e-4,0.0015,0.1963125,0.086,0.03625,absent,Water
0.68,0.03071808382270131,0,2.5e-4,0.0015,0.1963125,0.086,0.03625,absent,Water
0.7,0.03071808382270131,0,2.5e-4,0.0015,0.1963125,0.086,0.03625,absent,Water
0.72,0.03071808382270131,0,2.5e-4,0.0015,0.1963125,0.086,0.03625,absent,Water
0.74,0.03071808382270131,0,2.5e-4,0.0015,0.1963125,0.086,0.03625,absent,Water
0.76,0.03071808382270131,0,2.5e-4,0.0015,0.1963125,0.086,0.03625,absent,Water
0.78,0.03071808382270131,0,2.5e-4,0.0015,0.1963125,0.086,0.03625,absent,Water
0.8,0.03071808382270131,0,2.5e-4,0.0015,0.1963125,0.086,0.03625,absent,Water
0.82,0.03071808382270131,0,2.5e-4,0.0015,0.1963125,0.086,0.03625,absent,Water
0.84,0.03071808382270131,0,2.5e-4,0.0015,0.1963125,0.086,0.03625,absent,Water
0.86,0.03071808382270131,0,2.5e-4,0.0015,0.1963125,0.086,0.03625,absent,Water
0.88,0.03071808382270131,0,2.5e-4,0.0015,0.1963125,0.086,0.03625,absent,Water
0.9,0.03071808382270131,0,2.5e-4,0.0015,0.1963125,0.086,0.03625,absent,Water
0.92,0.03071808382270131,0,2.5e-4,0.0015,0.1963125,0.086,0.03625,absent,Water
0.94,0.03071808382270131,0,2.5e-4,0.0015,0.1963125,0.086,0.03625,absent,Water
0.96,0.03071808382270131,0,2.5e-4,0.0015,0.1963125,0.086,0.03625,absent,Water
0.98,0.03071808382270131,0,2.5e-4,0.0015,0.1963125,0.086,0.03625,absent,Water
1,0.03071808382270131,0,2.5e-4,0.0015,0.1963125,0.086,0.03625,absent,Water
0,0.9854826520469653,0.89225,0.9614,0.98725,1,1,0.99925,present,Water
0.02,0.9713420979064422,0.8755,0.933,0.965,0.99975,0.99725,0.9925,present,Water
0.04,0.9646171802199167,0.8673500000000001,0.922,0.95475,0.9995,0.995,0.988,present,Water
0.06,0.956498307137976,0.84575,0.90215,0.9435,0.9991500000000001,0.99275,0.98375,present,Water
0.08,0.9543507641175375,0.8371999999999999,0.89675,0.94125,0.999,0.9915,0.98275,present,Water
0.1,0.9471189041436292,0.82385,0.8865,0.93275,0.99875,0.98825,0.97725,present,Water
0.12,0.9440768621482264,0.81925,0.88065,0.92625,0.9985,0.9875,0.97575,present,Water
0.14,0.9409056345902963,0.81485,0.8755,0.921,0.998,0.9855,0.973,present,Water
0.16,0.9299939274398956,0.80945,0.87,0.909,0.9965,0.9755,0.96025,present,Water
0.18,0.9283645555072373,0.80725,0.8655,0.90575,0.9965,0.97575,0.96025,present,Water
0.2,0.9245812884388396,0.804,0.85825,0.902,0.996,0.9733499999999999,0.9575,present,Water
0.22,0.92202444554886,0.8015,0.85375,0.89875,0.9955,0.97175,0.9555,present,Water
0.24,0.9141950518730197,0.79385,0.8455,0.8895,0.9945,0.96925,0.94875,present,Water
0.26,0.9082533391315152,0.78825,0.8405,0.8825,0.9875,0.9665,0.945,present,Water
0.28,0.9034902776914954,0.78375,0.837,0.87725,0.9851500000000001,0.9635,0.94075,present,Water
0.3,0.8995093029757099,0.77985,0.83425,0.872,0.985,0.9613499999999999,0.93725,present,Water
0.32,0.8983155401627633,0.779,0.83325,0.8705,0.9845,0.961,0.936,present,Water
0.34,0.8976641144312605,0.77875,0.8325,0.87,0.9825,0.9605,0.93575,present,Water
0.36,0.8948385258122631,0.778,0.83125,0.8675,0.977,0.959,0.93325,present,Water
0.38,0.8931046468286016,0.7771,0.83,0.86575,0.9745,0.958,0.932,present,Water
0.4,0.8905518264272846,0.77595,0.82825,0.8625,0.97225,0.9565,0.92975,present,Water
0.42,0.889746738522706,0.7755,0.828,0.86175,0.97125,0.956,0.929,present,Water
0.44,0.8895694228738273,0.77535,0.82775,0.8615,0.971,0.956,0.92875,present,Water
0.46,0.8895472758899173,0.77535,0.82775,0.8615,0.971,0.956,0.92875,present,Water
0.48,0.8893230260296949,0.77525,0.8275,0.861,0.971,0.956,0.9285,present,Water
0.5,0.8892789805553829,0.77525,0.8275,0.861,0.971,0.956,0.9285,present,Water
0.52,0.8891158135056222,0.7751000000000001,0.82725,0.861,0.97075,0.956,0.9285,present,Water
0.54,0.888871855004038,0.775,0.82725,0.86075,0.9705,0.9558499999999999,0.928,present,Water
0.56,0.888871855004038,0.775,0.82725,0.86075,0.9705,0.9558499999999999,0.928,present,Water
0.58,0.8888721034975461,0.775,0.82725,0.86075,0.9705,0.9558499999999999,0.928,present,Water
0.6,0.8888721034975461,0.775,0.82725,0.86075,0.9705,0.9558499999999999,0.928,present,Water
0.62,0.8888724451761197,0.775,0.82725,0.86075,0.9705,0.9558499999999999,0.928,present,Water
0.64,0.8888724451761197,0.775,0.82725,0.86075,0.9705,0.9558499999999999,0.928,present,Water
0.66,0.8888724451761197,0.775,0.82725,0.86075,0.9705,0.9558499999999999,0.928,present,Water
0.68,0.8888724451761197,0.775,0.82725,0.86075,0.9705,0.9558499999999999,0.928,present,Water
0.7,0.8888724451761197,0.775,0.82725,0.86075,0.9705,0.9558499999999999,0.928,present,Water
0.72,0.8888724451761197,0.775,0.82725,0.86075,0.9705,0.9558499999999999,0.928,present,Water
0.74,0.8888724451761197,0.775,0.82725,0.86075,0.9705,0.9558499999999999,0.928,present,Water
0.76,0.8888724451761197,0.775,0.82725,0.86075,0.9705,0.9558499999999999,0.928,present,Water
0.78,0.8888724451761197,0.775,0.82725,0.86075,0.9705,0.9558499999999999,0.928,present,Water
0.8,0.8888724451761197,0.775,0.82725,0.86075,0.9705,0.9558499999999999,0.928,present,Water
0.82,0.8888724451761197,0.775,0.82725,0.86075,0.9705,0.9558499999999999,0.928,present,Water
0.84,0.8888724451761197,0.775,0.82725,0.86075,0.9705,0.9558499999999999,0.928,present,Water
0.86,0.8888724451761197,0.775,0.82725,0.86075,0.9705,0.9558499999999999,0.928,present,Water
0.88,0.8888724451761197,0.775,0.82725,0.86075,0.9705,0.9558499999999999,0.928,present,Water
0.9,0.8888724451761197,0.775,0.82725,0.86075,0.9705,0.9558499999999999,0.928,present,Water
0.92,0.8888724451761197,0.775,0.82725,0.86075,0.9705,0.9558499999999999,0.928,present,Water
0.94,0.8888724451761197,0.775,0.82725,0.86075,0.9705,0.9558499999999999,0.928,present,Water
0.96,0.8888724451761197,0.775,0.82725,0.86075,0.9705,0.9558499999999999,0.928,present,Water
0.98,0.8888724451761197,0.775,0.82725,0.86075,0.9705,0.9558499999999999,0.928,present,Water
1,0.8888724451761197,0.775,0.82725,0.86075,0.9705,0.9558499999999999,0.928,present,Water
0,0.02495730431984555,0,0,0,0.2008125,0.076,0.023,absent,Barren Lands
0.02,0.028833802590298448,0,0,5e-4,0.207,0.08725,0.031,absent,Barren Lands
0.04,0.02900160888102325,0,0,5e-4,0.20193750000000002,0.08875,0.0325,absent,Barren Lands
0.06,0.02915010859946907,0,0,5e-4,0.20206250000000003,0.08875,0.03275,absent,Barren Lands
0.08,0.029193910385327003,0,0,5e-4,0.20093750000000002,0.089,0.033,absent,Barren Lands
0.1,0.029286038934920763,0,0,5e-4,0.2005625,0.089,0.033,absent,Barren Lands
0.12,0.029387076663180755,0,0,5e-4,0.2003125,0.08925,0.03325,absent,Barren Lands
0.14,0.029643230633094684,0,0,5e-4,0.20018750000000002,0.09,0.033875,absent,Barren Lands
0.16,0.03000366020432789,0,0,5e-4,0.20012500000000003,0.09125,0.03475,absent,Barren Lands
0.18,0.030408635668892285,0,0,5e-4,0.20075,0.0925,0.03575,absent,Barren Lands
0.2,0.03134691497063792,0,0,5e-4,0.20012500000000003,0.0955,0.03825,absent,Barren Lands
0.22,0.03185952457565763,0,0,5e-4,0.2005,0.09675,0.03975,absent,Barren Lands
0.24,0.03219980291207465,0,0,5e-4,0.201,0.098,0.040625,absent,Barren Lands
0.26,0.032474539457807095,0,0,5e-4,0.2015625,0.09875,0.0415,absent,Barren Lands
0.28,0.032624627946263376,0,0,5e-4,0.20175,0.09925,0.042,absent,Barren Lands
0.3,0.03272504223312686,0,0,5e-4,0.20175,0.09975,0.042,absent,Barren Lands
0.32,0.032774555546617325,0,0,5e-4,0.20193750000000002,0.1,0.04225,absent,Barren Lands
0.34,0.03282965972166358,0,0,5e-4,0.20193750000000002,0.1,0.0425,absent,Barren Lands
0.36,0.032861274233770416,0,0,5e-4,0.20193750000000002,0.1,0.042625,absent,Barren Lands
0.38,0.032923417263293384,0,0,5e-4,0.20193750000000002,0.10025,0.04275,absent,Barren Lands
0.4,0.03298564073686751,0,0,5e-4,0.202,0.1005,0.04325,absent,Barren Lands
0.42,0.03302230311318478,0,0,5e-4,0.202,0.1005,0.0435,absent,Barren Lands
0.44,0.033096110530126295,0,0,5e-4,0.202,0.1005,0.04375,absent,Barren Lands
0.46,0.033126116161209876,0,0,5e-4,0.202,0.1005,0.044,absent,Barren Lands
0.48,0.03324843134100233,0,0,5e-4,0.20218750000000002,0.1005,0.044125,absent,Barren Lands
0.5,0.033242518703241894,0,0,5e-4,0.20218750000000002,0.1005,0.044,absent,Barren Lands
0.52,0.03323745072801866,0,0,5e-4,0.20218750000000002,0.1005,0.044,absent,Barren Lands
0.54,0.03323745072801866,0,0,5e-4,0.20218750000000002,0.1005,0.044,absent,Barren Lands
0.56,0.0332373903949803,0,0,5e-4,0.20218750000000002,0.1005,0.044,absent,Barren Lands
0.58,0.0332373702839675,0,0,5e-4,0.20218750000000002,0.1005,0.044,absent,Barren Lands
0.6,0.03323735017295471,0,0,5e-4,0.20218750000000002,0.1005,0.044,absent,Barren Lands
0.62,0.03323735017295471,0,0,5e-4,0.20218750000000002,0.1005,0.044,absent,Barren Lands
0.64,0.03323735017295471,0,0,5e-4,0.20218750000000002,0.1005,0.044,absent,Barren Lands
0.66,0.03323735017295471,0,0,5e-4,0.20218750000000002,0.1005,0.044,absent,Barren Lands
0.68,0.03323735017295471,0,0,5e-4,0.20218750000000002,0.1005,0.044,absent,Barren Lands
0.7,0.03323735017295471,0,0,5e-4,0.20218750000000002,0.1005,0.044,absent,Barren Lands
0.72,0.03323735017295471,0,0,5e-4,0.20218750000000002,0.1005,0.044,absent,Barren Lands
0.74,0.03323735017295471,0,0,5e-4,0.20218750000000002,0.1005,0.044,absent,Barren Lands
0.76,0.03323735017295471,0,0,5e-4,0.20218750000000002,0.1005,0.044,absent,Barren Lands
0.78,0.03323735017295471,0,0,5e-4,0.20218750000000002,0.1005,0.044,absent,Barren Lands
0.8,0.03323735017295471,0,0,5e-4,0.20218750000000002,0.1005,0.044,absent,Barren Lands
0.82,0.03323735017295471,0,0,5e-4,0.20218750000000002,0.1005,0.044,absent,Barren Lands
0.84,0.03323735017295471,0,0,5e-4,0.20218750000000002,0.1005,0.044,absent,Barren Lands
0.86,0.03323735017295471,0,0,5e-4,0.20218750000000002,0.1005,0.044,absent,Barren Lands
0.88,0.03323735017295471,0,0,5e-4,0.20218750000000002,0.1005,0.044,absent,Barren Lands
0.9,0.03323735017295471,0,0,5e-4,0.20218750000000002,0.1005,0.044,absent,Barren Lands
0.92,0.03323735017295471,0,0,5e-4,0.20218750000000002,0.1005,0.044,absent,Barren Lands
0.94,0.03323735017295471,0,0,5e-4,0.20218750000000002,0.1005,0.044,absent,Barren Lands
0.96,0.03323735017295471,0,0,5e-4,0.20218750000000002,0.1005,0.044,absent,Barren Lands
0.98,0.03323735017295471,0,0,5e-4,0.20218750000000002,0.1005,0.044,absent,Barren Lands
1,0.03323735017295471,0,0,5e-4,0.20218750000000002,0.1005,0.044,absent,Barren Lands
0,0.9848975740821271,0.8906,0.96,0.9855,1,1,0.99925,present,Barren Lands
0.02,0.9535693296887618,0.847,0.89925,0.93475,0.9995,0.9915,0.981,present,Barren Lands
0.04,0.9372554823880226,0.7905,0.845,0.90975,0.99975,0.98925,0.97825,present,Barren Lands
0.06,0.9355082934708331,0.7865,0.8415,0.90525,0.99975,0.98875,0.9775,present,Barren Lands
0.08,0.9337639466981426,0.78225,0.83725,0.9015,0.99975,0.98825,0.977,present,Barren Lands
0.1,0.932250481456172,0.7805,0.8344,0.89825,0.9995,0.98725,0.97625,present,Barren Lands
0.12,0.9314751661800335,0.7795,0.83375,0.8975,0.9995,0.9865,0.97525,present,Barren Lands
0.14,0.9284879635957011,0.777,0.8315,0.896,0.99925,0.9835,0.97125,present,Barren Lands
0.16,0.927756227868547,0.77625,0.8305,0.89575,0.99925,0.983,0.97025,present,Barren Lands
0.18,0.926302152575014,0.7756000000000001,0.8295,0.895,0.999,0.98175,0.968,present,Barren Lands
0.2,0.9230684444306393,0.7745,0.8285,0.89375,0.999,0.9785,0.96275,present,Barren Lands
0.22,0.9202626886997578,0.7736000000000001,0.8275,0.89225,0.998,0.97575,0.958,present,Barren Lands
0.24,0.9199178884264149,0.7736000000000001,0.8275,0.892,0.9975,0.97525,0.9575,present,Barren Lands
0.26,0.9193957725041934,0.7735,0.82725,0.892,0.9969000000000001,0.9745,0.95675,present,Barren Lands
0.28,0.9192917158476736,0.7735,0.82725,0.892,0.99675,0.97425,0.9565,present,Barren Lands
0.3,0.9192429334658632,0.7735,0.82725,0.89175,0.99675,0.97425,0.9565,present,Barren Lands
0.32,0.9192261135615333,0.7735,0.82725,0.89175,0.99675,0.97425,0.9565,present,Barren Lands
0.34,0.9192229918618376,0.7735,0.82725,0.89175,0.99675,0.97425,0.9565,present,Barren Lands
0.36,0.9192052090451638,0.77375,0.82725,0.89175,0.99675,0.97425,0.9565,present,Barren Lands
0.38,0.9191759955271169,0.77375,0.82725,0.8915,0.9965,0.97425,0.9565,present,Barren Lands
0.4,0.9191666614897186,0.77375,0.82725,0.8915,0.9965,0.97425,0.9565,present,Barren Lands
0.42,0.9191674225010872,0.77375,0.82725,0.8915,0.9965,0.97425,0.9565,present,Barren Lands
0.44,0.9191793967820091,0.77375,0.82725,0.8915,0.9965,0.97425,0.9565,present,Barren Lands
0.46,0.919179816114804,0.77375,0.82725,0.8915,0.9965,0.97425,0.9565,present,Barren Lands
0.48,0.9191868671180965,0.77375,0.82725,0.89175,0.9965,0.97425,0.9565,present,Barren Lands
0.5,0.9191868205255638,0.77375,0.82725,0.89175,0.9965,0.97425,0.9565,present,Barren Lands
0.52,0.9191866030937441,0.77375,0.82725,0.89175,0.9965,0.97425,0.9565,present,Barren Lands
0.54,0.9191866030937441,0.77375,0.82725,0.89175,0.9965,0.97425,0.9565,present,Barren Lands
0.56,0.9191865720320557,0.77375,0.82725,0.89175,0.9965,0.97425,0.9565,present,Barren Lands
0.58,0.9191865565012114,0.77375,0.82725,0.89175,0.9965,0.97425,0.9565,present,Barren Lands
0.6,0.9191864943778344,0.77375,0.82725,0.89175,0.9965,0.97425,0.9565,present,Barren Lands
0.62,0.9191864943778344,0.77375,0.82725,0.89175,0.9965,0.97425,0.9565,present,Barren Lands
0.64,0.9191864943778344,0.77375,0.82725,0.89175,0.9965,0.97425,0.9565,present,Barren Lands
0.66,0.9191864943778344,0.77375,0.82725,0.89175,0.9965,0.97425,0.9565,present,Barren Lands
0.68,0.9191864943778344,0.77375,0.82725,0.89175,0.9965,0.97425,0.9565,present,Barren Lands
0.7,0.9191864943778344,0.77375,0.82725,0.89175,0.9965,0.97425,0.9565,present,Barren Lands
0.72,0.9191864943778344,0.77375,0.82725,0.89175,0.9965,0.97425,0.9565,present,Barren Lands
0.74,0.9191864943778344,0.77375,0.82725,0.89175,0.9965,0.97425,0.9565,present,Barren Lands
0.76,0.9191864943778344,0.77375,0.82725,0.89175,0.9965,0.97425,0.9565,present,Barren Lands
0.78,0.9191864943778344,0.77375,0.82725,0.89175,0.9965,0.97425,0.9565,present,Barren Lands
0.8,0.9191864943778344,0.77375,0.82725,0.89175,0.9965,0.97425,0.9565,present,Barren Lands
0.82,0.9191864943778344,0.77375,0.82725,0.89175,0.9965,0.97425,0.9565,present,Barren Lands
0.84,0.9191864943778344,0.77375,0.82725,0.89175,0.9965,0.97425,0.9565,present,Barren Lands
0.86,0.9191864943778344,0.77375,0.82725,0.89175,0.9965,0.97425,0.9565,present,Barren Lands
0.88,0.9191864943778344,0.77375,0.82725,0.89175,0.9965,0.97425,0.9565,present,Barren Lands
0.9,0.9191864943778344,0.77375,0.82725,0.89175,0.9965,0.97425,0.9565,present,Barren Lands
0.92,0.9191864943778344,0.77375,0.82725,0.89175,0.9965,0.97425,0.9565,present,Barren Lands
0.94,0.9191864943778344,0.77375,0.82725,0.89175,0.9965,0.97425,0.9565,present,Barren Lands
0.96,0.9191864943778344,0.77375,0.82725,0.89175,0.9965,0.97425,0.9565,present,Barren Lands
0.98,0.9191864943778344,0.77375,0.82725,0.89175,0.9965,0.97425,0.9565,present,Barren Lands
1,0.9191864943778344,0.77375,0.82725,0.89175,0.9965,0.97425,0.9565,present,Barren Lands
Southeast,0.026838307457163542,0,0,0,0.2095,0.083,0.02625,absent,aspect2
West,0.026838307457163542,0,0,0,0.2095,0.083,0.02625,absent,aspect2
Southwest,0.026838307457163542,0,0,0,0.2095,0.083,0.02625,absent,aspect2
North,0.026838307457163542,0,0,0,0.2095,0.083,0.02625,absent,aspect2
South,0.026838307457163542,0,0,0,0.2095,0.083,0.02625,absent,aspect2
Northwest,0.026838307457163542,0,0,0,0.2095,0.083,0.02625,absent,aspect2
East,0.026838307457163542,0,0,0,0.2095,0.083,0.02625,absent,aspect2
Northeast,0.026838307457163542,0,0,0,0.2095,0.083,0.02625,absent,aspect2
Flat,0.026838307457163542,0,0,0,0.2095,0.083,0.02625,absent,aspect2
Southeast,0.9817652202273716,0.88775,0.951,0.97925,1,0.99975,0.9985,present,aspect2
West,0.9817652202273716,0.88775,0.951,0.97925,1,0.99975,0.9985,present,aspect2
Southwest,0.9817652202273716,0.88775,0.951,0.97925,1,0.99975,0.9985,present,aspect2
North,0.9817652202273716,0.88775,0.951,0.97925,1,0.99975,0.9985,present,aspect2
South,0.9817652202273716,0.88775,0.951,0.97925,1,0.99975,0.9985,present,aspect2
Northwest,0.9817652202273716,0.88775,0.951,0.97925,1,0.99975,0.9985,present,aspect2
East,0.9817652202273716,0.88775,0.951,0.97925,1,0.99975,0.9985,present,aspect2
Northeast,0.9817652202273716,0.88775,0.951,0.97925,1,0.99975,0.9985,present,aspect2
Flat,0.9817652202273716,0.88775,0.951,0.97925,1,0.99975,0.9985,present,aspect2
0,0.024797120102968383,0,0,0,0.19893750000000002,0.075,0.023,absent,Snow and Ice
0.0147016706443914,0.023970939586517578,0,0,2.5e-4,0.176,0.07575,0.025,absent,Snow and Ice
0.0294033412887828,0.02376100072399646,0,0,2.5e-4,0.1739375,0.07525,0.02475,absent,Snow and Ice
0.0441050119331742,0.023726610892124526,0,0,2.5e-4,0.173875,0.075,0.02475,absent,Snow and Ice
0.0588066825775656,0.02372140213981176,0,0,2.5e-4,0.17381249999999998,0.075,0.02475,absent,Snow and Ice
0.073508353221957,0.023724338347679192,0,0,2.5e-4,0.17381249999999998,0.075,0.02475,absent,Snow and Ice
0.0882100238663484,0.02373871772182447,0,0,2.5e-4,0.17381249999999998,0.075,0.02475,absent,Snow and Ice
0.10291169451074,0.023726872335290805,0,0,2.5e-4,0.17381249999999998,0.075,0.02475,absent,Snow and Ice
0.117613365155131,0.0237313772021559,0,0,2.5e-4,0.17375,0.075,0.02475,absent,Snow and Ice
0.132315035799523,0.023905639127986485,0,0,2.5e-4,0.17375,0.075,0.025,absent,Snow and Ice
0.147016706443914,0.02383420481055426,0,0,2.5e-4,0.17375,0.075,0.025,absent,Snow and Ice
0.161718377088305,0.02382815139570429,0,0,2.5e-4,0.17375,0.075,0.025,absent,Snow and Ice
0.176420047732697,0.023825215187836857,0,0,2.5e-4,0.17375,0.075,0.025,absent,Snow and Ice
0.191121718377088,0.02382358619580082,0,0,2.5e-4,0.17375,0.075,0.025,absent,Snow and Ice
0.20582338902148,0.023821253318317113,0,0,2.5e-4,0.17375,0.075,0.025,absent,Snow and Ice
0.220525059665871,0.023821092430214786,0,0,2.5e-4,0.17375,0.075,0.025,absent,Snow and Ice
0.235226730310263,0.023820690209958976,0,0,2.5e-4,0.17375,0.075,0.025,absent,Snow and Ice
0.249928400954654,0.023818116000321778,0,0,2.5e-4,0.17356249999999998,0.075,0.025,absent,Snow and Ice
0.264630071599045,0.023817995334245032,0,0,2.5e-4,0.17356249999999998,0.075,0.025,absent,Snow and Ice
0.279331742243437,0.023817995334245032,0,0,2.5e-4,0.17356249999999998,0.075,0.025,absent,Snow and Ice
0.294033412887828,0.02381777411310434,0,0,2.5e-4,0.17356249999999998,0.075,0.025,absent,Snow and Ice
0.30873508353222,0.02381777411310434,0,0,2.5e-4,0.17356249999999998,0.075,0.025,absent,Snow and Ice
0.323436754176611,0.02381777411310434,0,0,2.5e-4,0.17356249999999998,0.075,0.025,absent,Snow and Ice
0.338138424821002,0.023817733891078757,0,0,2.5e-4,0.17356249999999998,0.075,0.025,absent,Snow and Ice
0.352840095465394,0.023817733891078757,0,0,2.5e-4,0.17356249999999998,0.075,0.025,absent,Snow and Ice
0.367541766109785,0.023817733891078757,0,0,2.5e-4,0.17356249999999998,0.075,0.025,absent,Snow and Ice
0.382243436754177,0.023817733891078757,0,0,2.5e-4,0.17356249999999998,0.075,0.025,absent,Snow and Ice
0.396945107398568,0.023817733891078757,0,0,2.5e-4,0.17356249999999998,0.075,0.025,absent,Snow and Ice
0.411646778042959,0.023817733891078757,0,0,2.5e-4,0.17356249999999998,0.075,0.025,absent,Snow and Ice
0.426348448687351,0.023817733891078757,0,0,2.5e-4,0.17356249999999998,0.075,0.025,absent,Snow and Ice
0.441050119331742,0.023817733891078757,0,0,2.5e-4,0.17356249999999998,0.075,0.025,absent,Snow and Ice
0.455751789976134,0.023817733891078757,0,0,2.5e-4,0.17356249999999998,0.075,0.025,absent,Snow and Ice
0.470453460620525,0.023817733891078757,0,0,2.5e-4,0.17356249999999998,0.075,0.025,absent,Snow and Ice
0.485155131264916,0.023817733891078757,0,0,2.5e-4,0.17356249999999998,0.075,0.025,absent,Snow and Ice
0.499856801909308,0.023817733891078757,0,0,2.5e-4,0.17356249999999998,0.075,0.025,absent,Snow and Ice
0.514558472553699,0.023817733891078757,0,0,2.5e-4,0.17356249999999998,0.075,0.025,absent,Snow and Ice
0.529260143198091,0.023817733891078757,0,0,2.5e-4,0.17356249999999998,0.075,0.025,absent,Snow and Ice
0.543961813842482,0.023817733891078757,0,0,2.5e-4,0.17356249999999998,0.075,0.025,absent,Snow and Ice
0.558663484486874,0.023817733891078757,0,0,2.5e-4,0.17356249999999998,0.075,0.025,absent,Snow and Ice
0.573365155131265,0.023817733891078757,0,0,2.5e-4,0.17356249999999998,0.075,0.025,absent,Snow and Ice
0.588066825775656,0.023817733891078757,0,0,2.5e-4,0.17356249999999998,0.075,0.025,absent,Snow and Ice
0.602768496420048,0.023817733891078757,0,0,2.5e-4,0.17356249999999998,0.075,0.025,absent,Snow and Ice
0.617470167064439,0.023817733891078757,0,0,2.5e-4,0.17356249999999998,0.075,0.025,absent,Snow and Ice
0.632171837708831,0.023817733891078757,0,0,2.5e-4,0.17356249999999998,0.075,0.025,absent,Snow and Ice
0.646873508353222,0.023817733891078757,0,0,2.5e-4,0.17356249999999998,0.075,0.025,absent,Snow and Ice
0.661575178997613,0.023817733891078757,0,0,2.5e-4,0.17356249999999998,0.075,0.025,absent,Snow and Ice
0.676276849642005,0.023817733891078757,0,0,2.5e-4,0.17356249999999998,0.075,0.025,absent,Snow and Ice
0.690978520286396,0.023817733891078757,0,0,2.5e-4,0.17356249999999998,0.075,0.025,absent,Snow and Ice
0.705680190930788,0.023817733891078757,0,0,2.5e-4,0.17356249999999998,0.075,0.025,absent,Snow and Ice
0.720381861575179,0.023817733891078757,0,0,2.5e-4,0.17356249999999998,0.075,0.025,absent,Snow and Ice
0.73508353221957,0.023817733891078757,0,0,2.5e-4,0.17356249999999998,0.075,0.025,absent,Snow and Ice
0,0.9869278436975834,0.9025,0.9655,0.98825,1,1,0.9995,present,Snow and Ice
0.0147016706443914,0.8230694694663602,0.73425,0.777,0.7995,0.9244000000000001,0.87425,0.8435,present,Snow and Ice
0.0294033412887828,0.8065967882214078,0.72635,0.75575,0.779,0.9220500000000001,0.86875,0.83,present,Snow and Ice
0.0441050119331742,0.8039991458035658,0.7261,0.75275,0.7755,0.9209,0.8675,0.82775,present,Snow and Ice
0.0588066825775656,0.8039193638566193,0.7261,0.75275,0.7755,0.9209,0.86725,0.8275,present,Snow and Ice
0.073508353221957,0.8038899329067528,0.726,0.75275,0.7755,0.9209,0.867,0.8275,present,Snow and Ice
0.0882100238663484,0.8038663570851712,0.726,0.75275,0.7755,0.9205,0.867,0.8275,present,Snow and Ice
0.10291169451074,0.8030967105671863,0.72585,0.75165,0.77475,0.92,0.86625,0.8265,present,Snow and Ice
0.117613365155131,0.8019929645275516,0.72575,0.75025,0.77325,0.92,0.86575,0.8255,present,Snow and Ice
0.132315035799523,0.8019255761943219,0.7253499999999999,0.75025,0.77325,0.92,0.86575,0.8255,present,Snow and Ice
0.147016706443914,0.8019158072932844,0.7253499999999999,0.75025,0.77325,0.91975,0.86575,0.8255,present,Snow and Ice
0.161718377088305,0.8019155898614649,0.7253499999999999,0.75025,0.77325,0.91975,0.86575,0.8255,present,Snow and Ice
0.176420047732697,0.8019100608809095,0.7253499999999999,0.75025,0.77325,0.91975,0.86575,0.8255,present,Snow and Ice
0.191121718377088,0.8018545225818475,0.72525,0.75,0.77325,0.91975,0.86575,0.8255,present,Snow and Ice
0.20582338902148,0.801834643101199,0.725,0.75,0.77325,0.91975,0.86575,0.8255,present,Snow and Ice
0.220525059665871,0.8018341771758714,0.725,0.75,0.77325,0.91975,0.86575,0.8255,present,Snow and Ice
0.235226730310263,0.801828228862521,0.725,0.75,0.77325,0.91975,0.86575,0.8255,present,Snow and Ice
0.249928400954654,0.8015675125799838,0.725,0.74975,0.77275,0.9196500000000001,0.86575,0.82525,present,Snow and Ice
0.264630071599045,0.8015673883332298,0.725,0.74975,0.77275,0.9196500000000001,0.86575,0.82525,present,Snow and Ice
0.279331742243437,0.8015673883332298,0.725,0.74975,0.77275,0.9196500000000001,0.86575,0.82525,present,Snow and Ice
0.294033412887828,0.8015670155929676,0.725,0.74975,0.77275,0.9196500000000001,0.86575,0.82525,present,Snow and Ice
0.30873508353222,0.8015670155929676,0.725,0.74975,0.77275,0.9196500000000001,0.86575,0.82525,present,Snow and Ice
0.323436754176611,0.8015670155929676,0.725,0.74975,0.77275,0.9196500000000001,0.86575,0.82525,present,Snow and Ice
0.338138424821002,0.8015670000621234,0.725,0.74975,0.77275,0.9196500000000001,0.86575,0.82525,present,Snow and Ice
0.352840095465394,0.8015670000621234,0.725,0.74975,0.77275,0.9196500000000001,0.86575,0.82525,present,Snow and Ice
0.367541766109785,0.8015670000621234,0.725,0.74975,0.77275,0.9196500000000001,0.86575,0.82525,present,Snow and Ice
0.382243436754177,0.8015670000621234,0.725,0.74975,0.77275,0.9196500000000001,0.86575,0.82525,present,Snow and Ice
0.396945107398568,0.8015670000621234,0.725,0.74975,0.77275,0.9196500000000001,0.86575,0.82525,present,Snow and Ice
0.411646778042959,0.8015670000621234,0.725,0.74975,0.77275,0.9196500000000001,0.86575,0.82525,present,Snow and Ice
0.426348448687351,0.8015670000621234,0.725,0.74975,0.77275,0.9196500000000001,0.86575,0.82525,present,Snow and Ice
0.441050119331742,0.8015670000621234,0.725,0.74975,0.77275,0.9196500000000001,0.86575,0.82525,present,Snow and Ice
0.455751789976134,0.8015670000621234,0.725,0.74975,0.77275,0.9196500000000001,0.86575,0.82525,present,Snow and Ice
0.470453460620525,0.8015670000621234,0.725,0.74975,0.77275,0.9196500000000001,0.86575,0.82525,present,Snow and Ice
0.485155131264916,0.8015670000621234,0.725,0.74975,0.77275,0.9196500000000001,0.86575,0.82525,present,Snow and Ice
0.499856801909308,0.8015670000621234,0.725,0.74975,0.77275,0.9196500000000001,0.86575,0.82525,present,Snow and Ice
0.514558472553699,0.8015670000621234,0.725,0.74975,0.77275,0.9196500000000001,0.86575,0.82525,present,Snow and Ice
0.529260143198091,0.8015670000621234,0.725,0.74975,0.77275,0.9196500000000001,0.86575,0.82525,present,Snow and Ice
0.543961813842482,0.8015670000621234,0.725,0.74975,0.77275,0.9196500000000001,0.86575,0.82525,present,Snow and Ice
0.558663484486874,0.8015670000621234,0.725,0.74975,0.77275,0.9196500000000001,0.86575,0.82525,present,Snow and Ice
0.573365155131265,0.8015670000621234,0.725,0.74975,0.77275,0.9196500000000001,0.86575,0.82525,present,Snow and Ice
0.588066825775656,0.8015670000621234,0.725,0.74975,0.77275,0.9196500000000001,0.86575,0.82525,present,Snow and Ice
0.602768496420048,0.8015670000621234,0.725,0.74975,0.77275,0.9196500000000001,0.86575,0.82525,present,Snow and Ice
0.617470167064439,0.8015670000621234,0.725,0.74975,0.77275,0.9196500000000001,0.86575,0.82525,present,Snow and Ice
0.632171837708831,0.8015670000621234,0.725,0.74975,0.77275,0.9196500000000001,0.86575,0.82525,present,Snow and Ice
0.646873508353222,0.8015670000621234,0.725,0.74975,0.77275,0.9196500000000001,0.86575,0.82525,present,Snow and Ice
0.661575178997613,0.8015670000621234,0.725,0.74975,0.77275,0.9196500000000001,0.86575,0.82525,present,Snow and Ice
0.676276849642005,0.8015670000621234,0.725,0.74975,0.77275,0.9196500000000001,0.86575,0.82525,present,Snow and Ice
0.690978520286396,0.8015670000621234,0.725,0.74975,0.77275,0.9196500000000001,0.86575,0.82525,present,Snow and Ice
0.705680190930788,0.8015670000621234,0.725,0.74975,0.77275,0.9196500000000001,0.86575,0.82525,present,Snow and Ice
0.720381861575179,0.8015670000621234,0.725,0.74975,0.77275,0.9196500000000001,0.86575,0.82525,present,Snow and Ice
0.73508353221957,0.8015670000621234,0.725,0.74975,0.77275,0.9196500000000001,0.86575,0.82525,present,Snow and Ice
0,0.0244511905719572,0,0,0,0.19675,0.07475,0.0225,absent,Wetland
0.0122106943335994,0.03141963639288874,0,2.5e-4,0.001,0.20975,0.09025,0.03775,absent,Wetland
0.0244213886671987,0.033062686026868314,0,5e-4,0.00125,0.211,0.09475,0.041,absent,Wetland
0.0366320830007981,0.034255007642184865,0,0.001,0.00225,0.21037499999999998,0.09675,0.04225,absent,Wetland
0.0488427773343974,0.034261785053495294,0,0.001,0.00225,0.2095,0.0965,0.04225,absent,Wetland
0.0610534716679968,0.03429279623521841,0,0.001,0.00225,0.20962499999999998,0.0965,0.042375,absent,Wetland
0.0732641660015962,0.03428961869519749,0,0.001,0.00225,0.20962499999999998,0.0965,0.0425,absent,Wetland
0.0854748603351955,0.034294445338267233,0,0.001,0.00225,0.20962499999999998,0.0965,0.0425,absent,Wetland
0.0976855546687949,0.03429263534711608,0,0.001,0.00225,0.20962499999999998,0.0965,0.0425,absent,Wetland
0.109896249002394,0.034292373903949805,0,0.001,0.00225,0.20962499999999998,0.0965,0.0425,absent,Wetland
0.122106943335994,0.03428521438339635,0,0.001,0.00225,0.2094375,0.0965,0.0425,absent,Wetland
0.134317637669593,0.034283042394014966,0,0.001,0.00225,0.2094375,0.0965,0.042375,absent,Wetland
0.146528332003192,0.03428286139489985,0,0.001,0.00225,0.2094375,0.0965,0.042375,absent,Wetland
0.158739026336792,0.03428034751830102,0,0.001,0.00225,0.2094375,0.0965,0.042375,absent,Wetland
0.170949720670391,0.03428034751830102,0,0.001,0.00225,0.2094375,0.0965,0.042375,absent,Wetland
0.18316041500399,0.03428034751830102,0,0.001,0.00225,0.2094375,0.0965,0.042375,absent,Wetland
0.19537110933759,0.03427988496500684,0,0.001,0.00225,0.2094375,0.0965,0.042375,absent,Wetland
0.207581803671189,0.03427988496500684,0,0.001,0.00225,0.2094375,0.0965,0.042375,absent,Wetland
0.219792498004789,0.03427988496500684,0,0.001,0.00225,0.2094375,0.0965,0.042375,absent,Wetland
0.232003192338388,0.03427988496500684,0,0.001,0.00225,0.2094375,0.0965,0.042375,absent,Wetland
0.244213886671987,0.03427680798004988,0,0.001,0.00225,0.2094375,0.0965,0.042375,absent,Wetland
0.256424581005587,0.03427668731397313,0,0.001,0.00225,0.2094375,0.0965,0.042375,absent,Wetland
0.268635275339186,0.034276526425870806,0,0.001,0.00225,0.2094375,0.0965,0.042375,absent,Wetland
0.280845969672785,0.034276526425870806,0,0.001,0.00225,0.2094375,0.0965,0.042375,absent,Wetland
0.293056664006385,0.034276526425870806,0,0.001,0.00225,0.2094375,0.0965,0.042375,absent,Wetland
0.305267358339984,0.034276526425870806,0,0.001,0.00225,0.2094375,0.0965,0.042375,absent,Wetland
0.317478052673583,0.034276526425870806,0,0.001,0.00225,0.2094375,0.0965,0.042375,absent,Wetland
0.329688747007183,0.034276526425870806,0,0.001,0.00225,0.2094375,0.0965,0.042375,absent,Wetland
0.341899441340782,0.034276526425870806,0,0.001,0.00225,0.2094375,0.0965,0.042375,absent,Wetland
0.354110135674381,0.034276526425870806,0,0.001,0.00225,0.2094375,0.0965,0.042375,absent,Wetland
0.366320830007981,0.034276526425870806,0,0.001,0.00225,0.2094375,0.0965,0.042375,absent,Wetland
0.37853152434158,0.034276526425870806,0,0.001,0.00225,0.2094375,0.0965,0.042375,absent,Wetland
0.39074221867518,0.034276526425870806,0,0.001,0.00225,0.2094375,0.0965,0.042375,absent,Wetland
0.402952913008779,0.034276526425870806,0,0.001,0.00225,0.2094375,0.0965,0.042375,absent,Wetland
0.415163607342378,0.034276526425870806,0,0.001,0.00225,0.2094375,0.0965,0.042375,absent,Wetland
0.427374301675978,0.034276526425870806,0,0.001,0.00225,0.2094375,0.0965,0.042375,absent,Wetland
0.439584996009577,0.034276526425870806,0,0.001,0.00225,0.2094375,0.0965,0.042375,absent,Wetland
0.451795690343176,0.034276526425870806,0,0.001,0.00225,0.2094375,0.0965,0.042375,absent,Wetland
0.464006384676776,0.034276526425870806,0,0.001,0.00225,0.2094375,0.0965,0.042375,absent,Wetland
0.476217079010375,0.034276526425870806,0,0.001,0.00225,0.2094375,0.0965,0.042375,absent,Wetland
0.488427773343974,0.034276526425870806,0,0.001,0.00225,0.2094375,0.0965,0.042375,absent,Wetland
0.500638467677574,0.034276526425870806,0,0.001,0.00225,0.2094375,0.0965,0.042375,absent,Wetland
0.512849162011173,0.034276526425870806,0,0.001,0.00225,0.2094375,0.0965,0.042375,absent,Wetland
0.525059856344772,0.034276526425870806,0,0.001,0.00225,0.2094375,0.0965,0.042375,absent,Wetland
0.537270550678372,0.034276526425870806,0,0.001,0.00225,0.2094375,0.0965,0.042375,absent,Wetland
0.549481245011971,0.034276526425870806,0,0.001,0.00225,0.2094375,0.0965,0.042375,absent,Wetland
0.561691939345571,0.034276526425870806,0,0.001,0.00225,0.2094375,0.0965,0.042375,absent,Wetland
0.57390263367917,0.034276526425870806,0,0.001,0.00225,0.2094375,0.0965,0.042375,absent,Wetland
0.586113328012769,0.034276526425870806,0,0.001,0.00225,0.2094375,0.0965,0.042375,absent,Wetland
0.598324022346369,0.034276526425870806,0,0.001,0.00225,0.2094375,0.0965,0.042375,absent,Wetland
0.610534716679968,0.034276526425870806,0,0.001,0.00225,0.2094375,0.0965,0.042375,absent,Wetland
0,0.9855636919922967,0.8913500000000001,0.96275,0.98725,1,1,0.9995,present,Wetland
0.0122106943335994,0.9773550661613966,0.8864000000000001,0.95,0.973,0.99975,0.99675,0.99425,present,Wetland
0.0244213886671987,0.975916381934522,0.8875,0.94675,0.9715,0.99975,0.9955,0.993,present,Wetland
0.0366320830007981,0.9750639870783375,0.88625,0.94575,0.97025,0.99975,0.99475,0.99225,present,Wetland
0.0488427773343974,0.9733186308007703,0.88525,0.944,0.9675,0.99975,0.9945,0.991,present,Wetland
0.0610534716679968,0.9728156954712058,0.8851,0.94325,0.96675,0.9995,0.99425,0.99075,present,Wetland
0.0732641660015962,0.9723155401627632,0.88475,0.94275,0.96575,0.9995,0.994,0.9905,present,Wetland
0.0854748603351955,0.9723350003106168,0.8845999999999999,0.94275,0.96575,0.9995,0.994,0.9905,present,Wetland
0.0976855546687949,0.9722881592843388,0.8845999999999999,0.94275,0.96575,0.9995,0.994,0.9905,present,Wetland
0.109896249002394,0.972267363483879,0.8845999999999999,0.94275,0.96575,0.9995,0.994,0.9905,present,Wetland
0.122106943335994,0.9717833757843076,0.88435,0.94225,0.96525,0.99925,0.99325,0.99,present,Wetland
0.134317637669593,0.9717399049512332,0.88435,0.94225,0.96525,0.999,0.99325,0.99,present,Wetland
0.146528332003192,0.9717387867304467,0.88435,0.94225,0.96525,0.999,0.99325,0.99,present,Wetland
0.158739026336792,0.9717329160713176,0.88435,0.94225,0.96525,0.999,0.99325,0.99,present,Wetland
0.170949720670391,0.9717329160713176,0.88435,0.94225,0.96525,0.999,0.99325,0.99,present,Wetland
0.18316041500399,0.9717329160713176,0.88435,0.94225,0.96525,0.999,0.99325,0.99,present,Wetland
0.19537110933759,0.9717318444430639,0.88435,0.94225,0.96525,0.999,0.99325,0.99,present,Wetland
0.207581803671189,0.9717318444430639,0.88435,0.94225,0.96525,0.999,0.99325,0.99,present,Wetland
0.219792498004789,0.9717318444430639,0.88435,0.94225,0.96525,0.999,0.99325,0.99,present,Wetland
0.232003192338388,0.9717318444430639,0.88435,0.94225,0.96525,0.999,0.99325,0.99,present,Wetland
0.244213886671987,0.9717318133813755,0.88435,0.94225,0.96525,0.999,0.99325,0.99,present,Wetland
0.256424581005587,0.9717299496800647,0.88435,0.94225,0.965,0.999,0.99325,0.99,present,Wetland
0.268635275339186,0.9717294992855812,0.88435,0.94225,0.965,0.999,0.99325,0.99,present,Wetland
0.280845969672785,0.9717294992855812,0.88435,0.94225,0.965,0.999,0.99325,0.99,present,Wetland
0.293056664006385,0.9717294992855812,0.88435,0.94225,0.965,0.999,0.99325,0.99,present,Wetland
0.305267358339984,0.9717294992855812,0.88435,0.94225,0.965,0.999,0.99325,0.99,present,Wetland
0.317478052673583,0.9717294992855812,0.88435,0.94225,0.965,0.999,0.99325,0.99,present,Wetland
0.329688747007183,0.9717294992855812,0.88435,0.94225,0.965,0.999,0.99325,0.99,present,Wetland
0.341899441340782,0.9717294992855812,0.88435,0.94225,0.965,0.999,0.99325,0.99,present,Wetland
0.354110135674381,0.9717294992855812,0.88435,0.94225,0.965,0.999,0.99325,0.99,present,Wetland
0.366320830007981,0.9717294992855812,0.88435,0.94225,0.965,0.999,0.99325,0.99,present,Wetland
0.37853152434158,0.9717294992855812,0.88435,0.94225,0.965,0.999,0.99325,0.99,present,Wetland
0.39074221867518,0.9717294992855812,0.88435,0.94225,0.965,0.999,0.99325,0.99,present,Wetland
0.402952913008779,0.9717294992855812,0.88435,0.94225,0.965,0.999,0.99325,0.99,present,Wetland
0.415163607342378,0.9717294992855812,0.88435,0.94225,0.965,0.999,0.99325,0.99,present,Wetland
0.427374301675978,0.9717294992855812,0.88435,0.94225,0.965,0.999,0.99325,0.99,present,Wetland
0.439584996009577,0.9717294992855812,0.88435,0.94225,0.965,0.999,0.99325,0.99,present,Wetland
0.451795690343176,0.9717294992855812,0.88435,0.94225,0.965,0.999,0.99325,0.99,present,Wetland
0.464006384676776,0.9717294992855812,0.88435,0.94225,0.965,0.999,0.99325,0.99,present,Wetland
0.476217079010375,0.9717294992855812,0.88435,0.94225,0.965,0.999,0.99325,0.99,present,Wetland
0.488427773343974,0.9717294992855812,0.88435,0.94225,0.965,0.999,0.99325,0.99,present,Wetland
0.500638467677574,0.9717294992855812,0.88435,0.94225,0.965,0.999,0.99325,0.99,present,Wetland
0.512849162011173,0.9717294992855812,0.88435,0.94225,0.965,0.999,0.99325,0.99,present,Wetland
0.525059856344772,0.9717294992855812,0.88435,0.94225,0.965,0.999,0.99325,0.99,present,Wetland
0.537270550678372,0.9717294992855812,0.88435,0.94225,0.965,0.999,0.99325,0.99,present,Wetland
0.549481245011971,0.9717294992855812,0.88435,0.94225,0.965,0.999,0.99325,0.99,present,Wetland
0.561691939345571,0.9717294992855812,0.88435,0.94225,0.965,0.999,0.99325,0.99,present,Wetland
0.57390263367917,0.9717294992855812,0.88435,0.94225,0.965,0.999,0.99325,0.99,present,Wetland
0.586113328012769,0.9717294992855812,0.88435,0.94225,0.965,0.999,0.99325,0.99,present,Wetland
0.598324022346369,0.9717294992855812,0.88435,0.94225,0.965,0.999,0.99325,0.99,present,Wetland
0.610534716679968,0.9717294992855812,0.88435,0.94225,0.965,0.999,0.99325,0.99,present,Wetland
0,0.024558080604939265,0,0,0,0.19675,0.07475,0.02275,absent,Urban and Built-up
0.0198723064644852,0.02816782640173759,0,0,0,0.1990625,0.08725,0.032,absent,Urban and Built-up
0.0397446129289705,0.028497506234413966,0,0,2.5e-4,0.1988125,0.08825,0.03275,absent,Urban and Built-up
0.0596169193934557,0.028491875150832596,0,0,2.5e-4,0.198375,0.08825,0.03275,absent,Urban and Built-up
0.079489225857941,0.02848332797039659,0,0,2.5e-4,0.19806250000000003,0.0885,0.03275,absent,Urban and Built-up
0.0993615323224262,0.02852163944976269,0,0,2.5e-4,0.19806250000000003,0.0885,0.033,absent,Urban and Built-up
0.119233838786911,0.028526043761563834,0,0,2.5e-4,0.19825,0.0885,0.033,absent,Urban and Built-up
0.139106145251397,0.028543681119781193,0,0,2.5e-4,0.19806250000000003,0.0885,0.033,absent,Urban and Built-up
0.158978451715882,0.02855325396186952,0,0,2.5e-4,0.19806250000000003,0.0885,0.033,absent,Urban and Built-up
0.178850758180367,0.028555144397071835,0,0,2.5e-4,0.1978125,0.0885,0.033,absent,Urban and Built-up
0.198723064644852,0.028553334405920682,0,0,2.5e-4,0.197625,0.0885,0.033,absent,Urban and Built-up
0.218595371109338,0.028441074732523528,0,0,2.5e-4,0.1963125,0.0885,0.033,absent,Urban and Built-up
0.238467677573823,0.028442482503418874,0,0,2.5e-4,0.1963125,0.0885,0.033,absent,Urban and Built-up
0.258339984038308,0.0284210240527713,0,0,2.5e-4,0.19606250000000003,0.0885,0.033,absent,Urban and Built-up
0.278212290502793,0.028403748692784166,0,0,2.5e-4,0.19606250000000003,0.0885,0.033,absent,Urban and Built-up
0.298084596967279,0.02840276325315743,0,0,2.5e-4,0.19606250000000003,0.0885,0.033,absent,Urban and Built-up
0.317956903431764,0.028402582254042314,0,0,2.5e-4,0.19606250000000003,0.0885,0.033,absent,Urban and Built-up
0.337829209896249,0.02840250180999115,0,0,2.5e-4,0.19606250000000003,0.0885,0.033,absent,Urban and Built-up
0.357701516360734,0.028393652964363286,0,0,2.5e-4,0.19606250000000003,0.0885,0.033,absent,Urban and Built-up
0.37757382282522,0.028394216072721423,0,0,2.5e-4,0.19606250000000003,0.0885,0.033,absent,Urban and Built-up
0.397446129289705,0.028395965730834204,0,0,2.5e-4,0.19606250000000003,0.0885,0.033,absent,Urban and Built-up
0.41731843575419,0.028396408173115596,0,0,2.5e-4,0.19606250000000003,0.0885,0.033,absent,Urban and Built-up
0.437190742218675,0.02840551846190974,0,0,2.5e-4,0.19606250000000003,0.0885,0.033,absent,Urban and Built-up
0.45706304868316,0.02840783122838066,0,0,2.5e-4,0.19606250000000003,0.0885,0.033,absent,Urban and Built-up
0.476935355147646,0.02841036521599228,0,0,2.5e-4,0.19606250000000003,0.0885,0.033,absent,Urban and Built-up
0.496807661612131,0.028417906845788758,0,0,2.5e-4,0.19606250000000003,0.0885,0.033,absent,Urban and Built-up
0.516679968076616,0.028434598986404956,0,0,2.5e-4,0.19606250000000003,0.0885,0.033,absent,Urban and Built-up
0.536552274541101,0.028440873622395623,0,0,2.5e-4,0.19606250000000003,0.0885,0.033,absent,Urban and Built-up
0.556424581005587,0.028440873622395623,0,0,2.5e-4,0.19606250000000003,0.0885,0.033,absent,Urban and Built-up
0.576296887470072,0.028448636473332796,0,0,2.5e-4,0.19606250000000003,0.0885,0.033,absent,Urban and Built-up
0.596169193934557,0.02845203523449441,0,0,2.5e-4,0.19606250000000003,0.0885,0.033,absent,Urban and Built-up
0.616041500399042,0.028474097015525703,0,0,2.5e-4,0.19606250000000003,0.0885,0.033,absent,Urban and Built-up
0.635913806863528,0.028510075617408093,0,0,2.5e-4,0.19606250000000003,0.0885,0.033,absent,Urban and Built-up
0.655786113328013,0.0286170863164669,0,0,2.5e-4,0.19606250000000003,0.0885,0.03325,absent,Urban and Built-up
0.675658419792498,0.028641259753841207,0,0,2.5e-4,0.19606250000000003,0.0885,0.03325,absent,Urban and Built-up
0.695530726256983,0.028711125412275763,0,0,2.5e-4,0.19606250000000003,0.0885,0.03325,absent,Urban and Built-up
0.715403032721469,0.029082133376236826,0,0,2.5e-4,0.19606250000000003,0.0885,0.034,absent,Urban and Built-up
0.735275339185954,0.030056149947711365,0,0,2.5e-4,0.19612500000000002,0.08875,0.03675,absent,Urban and Built-up
0.755147645650439,0.029922170380500362,0,0,2.5e-4,0.19612500000000002,0.08875,0.0365,absent,Urban and Built-up
0.775019952114924,0.029903547582656263,0,0,2.5e-4,0.19612500000000002,0.08875,0.0365,absent,Urban and Built-up
0.794892258579409,0.029870645965730833,0,0,2.5e-4,0.19612500000000002,0.08875,0.03625,absent,Urban and Built-up
0.814764565043895,0.029866704207223878,0,0,2.5e-4,0.19612500000000002,0.08875,0.03625,absent,Urban and Built-up
0.83463687150838,0.029866704207223878,0,0,2.5e-4,0.19612500000000002,0.08875,0.03625,absent,Urban and Built-up
0.854509177972865,0.029866704207223878,0,0,2.5e-4,0.19612500000000002,0.08875,0.03625,absent,Urban and Built-up
0.87438148443735,0.029866704207223878,0,0,2.5e-4,0.19612500000000002,0.08875,0.03625,absent,Urban and Built-up
0.894253790901836,0.029866704207223878,0,0,2.5e-4,0.19612500000000002,0.08875,0.03625,absent,Urban and Built-up
0.914126097366321,0.029866704207223878,0,0,2.5e-4,0.19612500000000002,0.08875,0.03625,absent,Urban and Built-up
0.933998403830806,0.029866704207223878,0,0,2.5e-4,0.19612500000000002,0.08875,0.03625,absent,Urban and Built-up
0.953870710295291,0.029866704207223878,0,0,2.5e-4,0.19612500000000002,0.08875,0.03625,absent,Urban and Built-up
0.973743016759777,0.029866704207223878,0,0,2.5e-4,0.19612500000000002,0.08875,0.03625,absent,Urban and Built-up
0.993615323224262,0.029866704207223878,0,0,2.5e-4,0.19612500000000002,0.08875,0.03625,absent,Urban and Built-up
0,0.9864848418960055,0.8975,0.9639,0.988,1,1,0.9995,present,Urban and Built-up
0.0198723064644852,0.9597722712306641,0.86625,0.91775,0.94275,0.99925,0.995,0.983,present,Urban and Built-up
0.0397446129289705,0.9579808349381873,0.86425,0.916,0.939,0.999,0.99375,0.98175,present,Urban and Built-up
0.0596169193934557,0.9568871684164751,0.8635,0.91475,0.93775,0.9985,0.99275,0.98075,present,Urban and Built-up
0.079489225857941,0.954895151270423,0.8621,0.9125,0.93575,0.998,0.99125,0.979,present,Urban and Built-up
0.0993615323224262,0.9515081226315463,0.8605,0.911,0.93425,0.9975,0.986,0.97425,present,Urban and Built-up
0.119233838786911,0.9506828290985898,0.8603500000000001,0.9105,0.93375,0.997,0.985,0.973,present,Urban and Built-up
0.139106145251397,0.9499980120519351,0.8603500000000001,0.91025,0.9335,0.99675,0.984,0.97225,present,Urban and Built-up
0.158978451715882,0.9494331707771635,0.85995,0.91025,0.93325,0.99675,0.983,0.9715,present,Urban and Built-up
0.178850758180367,0.9474793439771386,0.85925,0.9095,0.9325,0.9965,0.97975,0.96825,present,Urban and Built-up
0.198723064644852,0.9461950363421756,0.85925,0.9095,0.93225,0.99575,0.97725,0.96625,present,Urban and Built-up
0.218595371109338,0.9269965055600422,0.852,0.8995,0.9155,0.98875,0.96375,0.94175,present,Urban and Built-up
0.238467677573823,0.9251318258060508,0.85175,0.898,0.913,0.98675,0.9625,0.94025,present,Urban and Built-up
0.258339984038308,0.921638007082065,0.8505,0.895,0.90775,0.98225,0.96,0.93775,present,Urban and Built-up
0.278212290502793,0.9195972230850469,0.85,0.893,0.90425,0.9805,0.959,0.9365,present,Urban and Built-up
0.298084596967279,0.919577079580046,0.85,0.893,0.90425,0.9805,0.959,0.9365,present,Urban and Built-up
0.317956903431764,0.9195712555134496,0.85,0.893,0.90425,0.9805,0.959,0.9365,present,Urban and Built-up
0.337829209896249,0.9195708827731875,0.85,0.893,0.90425,0.9805,0.959,0.9365,present,Urban and Built-up
0.357701516360734,0.9193586848481083,0.84975,0.89275,0.904,0.98025,0.95875,0.93625,present,Urban and Built-up
0.37757382282522,0.919354910852954,0.84975,0.89275,0.904,0.98025,0.95875,0.93625,present,Urban and Built-up
0.397446129289705,0.9193551127539292,0.84975,0.89275,0.904,0.98025,0.95875,0.93625,present,Urban and Built-up
0.41731843575419,0.9193551593464621,0.84975,0.89275,0.904,0.98025,0.95875,0.93625,present,Urban and Built-up
0.437190742218675,0.919355283593216,0.84975,0.89275,0.904,0.98025,0.95875,0.93625,present,Urban and Built-up
0.45706304868316,0.9193550816922408,0.84975,0.89275,0.904,0.98025,0.95875,0.93625,present,Urban and Built-up
0.476935355147646,0.9193550506305522,0.84975,0.89275,0.904,0.98025,0.95875,0.93625,present,Urban and Built-up
0.496807661612131,0.9193539013480773,0.84975,0.89275,0.904,0.98025,0.95875,0.93625,present,Urban and Built-up
0.516679968076616,0.919354305150028,0.84975,0.89275,0.904,0.98025,0.95875,0.93625,present,Urban and Built-up
0.536552274541101,0.9193544449276263,0.84975,0.89275,0.904,0.98025,0.95875,0.93625,present,Urban and Built-up
0.556424581005587,0.9193544449276263,0.84975,0.89275,0.904,0.98025,0.95875,0.93625,present,Urban and Built-up
0.576296887470072,0.9193489314779151,0.84975,0.89275,0.904,0.98025,0.95875,0.93625,present,Urban and Built-up
0.596169193934557,0.9193457476548426,0.84975,0.89275,0.904,0.98025,0.95875,0.93625,present,Urban and Built-up
0.616041500399042,0.9193461048642605,0.84975,0.89275,0.904,0.98025,0.95875,0.93625,present,Urban and Built-up
0.635913806863528,0.9193468192830963,0.84975,0.89275,0.904,0.98025,0.95875,0.93625,present,Urban and Built-up
0.655786113328013,0.9193477977262844,0.84975,0.89275,0.904,0.98025,0.95875,0.93625,present,Urban and Built-up
0.675658419792498,0.9193482325899236,0.84975,0.89275,0.904,0.98025,0.95875,0.93625,present,Urban and Built-up
0.695530726256983,0.9193495061191527,0.84975,0.89275,0.904,0.98025,0.95875,0.93625,present,Urban and Built-up
0.715403032721469,0.9193632509163199,0.84975,0.89275,0.904,0.98025,0.95875,0.9365,present,Urban and Built-up
0.735275339185954,0.9193698670559732,0.84975,0.89275,0.904,0.98025,0.95875,0.9365,present,Urban and Built-up
0.755147645650439,0.9193686556501212,0.84975,0.89275,0.904,0.98025,0.95875,0.9365,present,Urban and Built-up
0.775019952114924,0.9193686090575883,0.84975,0.89275,0.904,0.98025,0.95875,0.9365,present,Urban and Built-up
0.794892258579409,0.9193682052556377,0.84975,0.89275,0.904,0.98025,0.95875,0.9365,present,Urban and Built-up
0.814764565043895,0.919368158663105,0.84975,0.89275,0.904,0.98025,0.95875,0.9365,present,Urban and Built-up
0.83463687150838,0.919368158663105,0.84975,0.89275,0.904,0.98025,0.95875,0.9365,present,Urban and Built-up
0.854509177972865,0.919368158663105,0.84975,0.89275,0.904,0.98025,0.95875,0.9365,present,Urban and Built-up
0.87438148443735,0.919368158663105,0.84975,0.89275,0.904,0.98025,0.95875,0.9365,present,Urban and Built-up
0.894253790901836,0.919368158663105,0.84975,0.89275,0.904,0.98025,0.95875,0.9365,present,Urban and Built-up
0.914126097366321,0.919368158663105,0.84975,0.89275,0.904,0.98025,0.95875,0.9365,present,Urban and Built-up
0.933998403830806,0.919368158663105,0.84975,0.89275,0.904,0.98025,0.95875,0.9365,present,Urban and Built-up
0.953870710295291,0.919368158663105,0.84975,0.89275,0.904,0.98025,0.95875,0.9365,present,Urban and Built-up
0.973743016759777,0.919368158663105,0.84975,0.89275,0.904,0.98025,0.95875,0.9365,present,Urban and Built-up
0.993615323224262,0.919368158663105,0.84975,0.89275,0.904,0.98025,0.95875,0.9365,present,Urban and Built-up
0,0.024706560212372296,0,0,0,0.1985625,0.07525,0.022875,absent,Abies amabilis
1,0.027230914648861716,0,0,0,0.2125625,0.08525,0.026,absent,Abies amabilis
0,0.9869104180903274,0.902,0.96525,0.98825,1,1,0.9995,present,Abies amabilis
1,0.9644876840405044,0.873,0.91275,0.95525,0.99275,0.9905,0.98775,present,Abies amabilis
0,0.02479221301584748,0,0,0,0.202625,0.07475,0.0225,absent,Abies magnifica
1,0.025363928887458774,0,2.5e-4,2.5e-4,0.1950625,0.0755,0.0245,absent,Abies magnifica
0,0.9864722308504691,0.9016,0.96325,0.9875,1,1,0.9995,present,Abies magnifica
1,0.938774927005032,0.87225,0.9095,0.91975,0.996,0.98575,0.9645,present,Abies magnifica
0,0.02446205051886413,0,0,2.5e-4,0.19606250000000003,0.07475,0.02275,absent,Tropical or sub-tropical shrubland
0.02,0.0245186227978441,0,0,2.5e-4,0.195375,0.0745,0.02275,absent,Tropical or sub-tropical shrubland
0.04,0.024516390475424345,0,0,2.5e-4,0.196,0.0745,0.02275,absent,Tropical or sub-tropical shrubland
0.06,0.02451061861475344,0,0,2.5e-4,0.196,0.0745,0.02275,absent,Tropical or sub-tropical shrubland
0.08,0.02450939184297321,0,0,2.5e-4,0.196,0.0745,0.02275,absent,Tropical or sub-tropical shrubland
0.1,0.024520191456841766,0,0,2.5e-4,0.196,0.0745,0.02275,absent,Tropical or sub-tropical shrubland
0.12,0.024513253157429006,0,0,2.5e-4,0.1958125,0.0745,0.023,absent,Tropical or sub-tropical shrubland
0.14,0.024529221301584747,0,0,2.5e-4,0.1958125,0.0745,0.023,absent,Tropical or sub-tropical shrubland
0.16,0.0245162698093476,0,0,2.5e-4,0.1955,0.0745,0.023,absent,Tropical or sub-tropical shrubland
0.18,0.024497908454669776,0,0,2.5e-4,0.1955,0.0745,0.023,absent,Tropical or sub-tropical shrubland
0.2,0.024479547099991956,0,0,2.5e-4,0.1950625,0.0745,0.023,absent,Tropical or sub-tropical shrubland
0.22,0.024461125412275762,0,0,2.5e-4,0.1950625,0.07425,0.022875,absent,Tropical or sub-tropical shrubland
0.24,0.02444831469712815,0,0,2.5e-4,0.1950625,0.07425,0.022875,absent,Tropical or sub-tropical shrubland
0.26,0.02444441316064677,0,0,2.5e-4,0.1950625,0.07425,0.022875,absent,Tropical or sub-tropical shrubland
0.28,0.024442060172150268,0,0,2.5e-4,0.1950625,0.07425,0.022875,absent,Tropical or sub-tropical shrubland
0.3,0.02443880218807819,0,0,2.5e-4,0.1950625,0.07425,0.022875,absent,Tropical or sub-tropical shrubland
0.32,0.024438339634784007,0,0,2.5e-4,0.1950625,0.07425,0.022875,absent,Tropical or sub-tropical shrubland
0.34,0.024432487330061942,0,0,2.5e-4,0.195,0.07425,0.022875,absent,Tropical or sub-tropical shrubland
0.36,0.0244304360067573,0,0,2.5e-4,0.1948125,0.07425,0.022875,absent,Tropical or sub-tropical shrubland
0.38,0.024430174563591023,0,0,2.5e-4,0.1948125,0.07425,0.022875,absent,Tropical or sub-tropical shrubland
0.4,0.024430013675488697,0,0,2.5e-4,0.1948125,0.07425,0.022875,absent,Tropical or sub-tropical shrubland
0.42,0.024429792454348002,0,0,2.5e-4,0.1948125,0.07425,0.022875,absent,Tropical or sub-tropical shrubland
0.44,0.024429350012066607,0,0,2.5e-4,0.1948125,0.07425,0.022875,absent,Tropical or sub-tropical shrubland
0.46,0.02442902823586196,0,0,2.5e-4,0.1948125,0.07425,0.022875,absent,Tropical or sub-tropical shrubland
0.48,0.024428827125734052,0,0,2.5e-4,0.1948125,0.07425,0.022875,absent,Tropical or sub-tropical shrubland
0.5,0.024428807014721263,0,0,2.5e-4,0.1948125,0.07425,0.022875,absent,Tropical or sub-tropical shrubland
0.52,0.024428807014721263,0,0,2.5e-4,0.1948125,0.07425,0.022875,absent,Tropical or sub-tropical shrubland
0.54,0.024428807014721263,0,0,2.5e-4,0.1948125,0.07425,0.022875,absent,Tropical or sub-tropical shrubland
0.56,0.024428807014721263,0,0,2.5e-4,0.1948125,0.07425,0.022875,absent,Tropical or sub-tropical shrubland
0.58,0.024428807014721263,0,0,2.5e-4,0.1948125,0.07425,0.022875,absent,Tropical or sub-tropical shrubland
0.6,0.024428807014721263,0,0,2.5e-4,0.1948125,0.07425,0.022875,absent,Tropical or sub-tropical shrubland
0.62,0.024428807014721263,0,0,2.5e-4,0.1948125,0.07425,0.022875,absent,Tropical or sub-tropical shrubland
0.64,0.024428807014721263,0,0,2.5e-4,0.1948125,0.07425,0.022875,absent,Tropical or sub-tropical shrubland
0.66,0.024428807014721263,0,0,2.5e-4,0.1948125,0.07425,0.022875,absent,Tropical or sub-tropical shrubland
0.68,0.024428807014721263,0,0,2.5e-4,0.1948125,0.07425,0.022875,absent,Tropical or sub-tropical shrubland
0.7,0.024428807014721263,0,0,2.5e-4,0.1948125,0.07425,0.022875,absent,Tropical or sub-tropical shrubland
0.72,0.024428807014721263,0,0,2.5e-4,0.1948125,0.07425,0.022875,absent,Tropical or sub-tropical shrubland
0.74,0.024428807014721263,0,0,2.5e-4,0.1948125,0.07425,0.022875,absent,Tropical or sub-tropical shrubland
0.76,0.024428807014721263,0,0,2.5e-4,0.1948125,0.07425,0.022875,absent,Tropical or sub-tropical shrubland
0.78,0.024428807014721263,0,0,2.5e-4,0.1948125,0.07425,0.022875,absent,Tropical or sub-tropical shrubland
0.8,0.024428807014721263,0,0,2.5e-4,0.1948125,0.07425,0.022875,absent,Tropical or sub-tropical shrubland
0.82,0.024428807014721263,0,0,2.5e-4,0.1948125,0.07425,0.022875,absent,Tropical or sub-tropical shrubland
0.84,0.024428807014721263,0,0,2.5e-4,0.1948125,0.07425,0.022875,absent,Tropical or sub-tropical shrubland
0.86,0.024428807014721263,0,0,2.5e-4,0.1948125,0.07425,0.022875,absent,Tropical or sub-tropical shrubland
0.88,0.024428807014721263,0,0,2.5e-4,0.1948125,0.07425,0.022875,absent,Tropical or sub-tropical shrubland
0.9,0.024428807014721263,0,0,2.5e-4,0.1948125,0.07425,0.022875,absent,Tropical or sub-tropical shrubland
0.92,0.024428807014721263,0,0,2.5e-4,0.1948125,0.07425,0.022875,absent,Tropical or sub-tropical shrubland
0.94,0.024428807014721263,0,0,2.5e-4,0.1948125,0.07425,0.022875,absent,Tropical or sub-tropical shrubland
0.96,0.024428807014721263,0,0,2.5e-4,0.1948125,0.07425,0.022875,absent,Tropical or sub-tropical shrubland
0.98,0.024428807014721263,0,0,2.5e-4,0.1948125,0.07425,0.022875,absent,Tropical or sub-tropical shrubland
1,0.024428807014721263,0,0,2.5e-4,0.1948125,0.07425,0.022875,absent,Tropical or sub-tropical shrubland
0,0.9869378300304404,0.9025,0.9655,0.98825,1,1,0.9995,present,Tropical or sub-tropical shrubland
0.02,0.9834458594769212,0.89875,0.96075,0.98225,0.99825,0.99775,0.997,present,Tropical or sub-tropical shrubland
0.04,0.9830239951543766,0.8986000000000001,0.9605,0.98175,0.99775,0.99725,0.99675,present,Tropical or sub-tropical shrubland
0.06,0.9828278405914146,0.8986000000000001,0.96025,0.9815,0.99775,0.99725,0.9965,present,Tropical or sub-tropical shrubland
0.08,0.9826995092253216,0.8986000000000001,0.96025,0.98125,0.99775,0.997,0.9965,present,Tropical or sub-tropical shrubland
0.1,0.9826942597999627,0.8986000000000001,0.96025,0.98125,0.99775,0.997,0.9965,present,Tropical or sub-tropical shrubland
0.12,0.9820654469776977,0.8985,0.95925,0.9805,0.99725,0.99675,0.996,present,Tropical or sub-tropical shrubland
0.14,0.9817743523637945,0.8985,0.959,0.98025,0.99725,0.9965,0.99575,present,Tropical or sub-tropical shrubland
0.16,0.9807935174256073,0.8981000000000001,0.9581500000000001,0.9795,0.99675,0.9955,0.99475,present,Tropical or sub-tropical shrubland
0.18,0.9804275330806983,0.898,0.95775,0.979,0.9965,0.99525,0.99425,present,Tropical or sub-tropical shrubland
0.2,0.9796306454618873,0.897,0.9565,0.97825,0.996,0.99475,0.99375,present,Tropical or sub-tropical shrubland
0.22,0.9788582655153134,0.8965,0.9545,0.9775,0.9955,0.994,0.993,present,Tropical or sub-tropical shrubland
0.24,0.9783416941044916,0.89575,0.9525,0.977,0.9955,0.99375,0.99275,present,Tropical or sub-tropical shrubland
0.26,0.9782438808473629,0.8956000000000001,0.952,0.977,0.9955,0.99375,0.99275,present,Tropical or sub-tropical shrubland
0.28,0.9782028794185252,0.8956000000000001,0.952,0.977,0.9955,0.99375,0.99275,present,Tropical or sub-tropical shrubland
0.3,0.977942225259365,0.8956000000000001,0.95175,0.97675,0.99525,0.9935,0.9925,present,Tropical or sub-tropical shrubland
0.32,0.9779322233956638,0.8956000000000001,0.95175,0.97675,0.99525,0.9935,0.9925,present,Tropical or sub-tropical shrubland
0.34,0.9775901410200658,0.8956000000000001,0.9515,0.97625,0.99525,0.99325,0.992,present,Tropical or sub-tropical shrubland
0.36,0.9775651674225011,0.8956000000000001,0.9514,0.97625,0.99525,0.99325,0.992,present,Tropical or sub-tropical shrubland
0.38,0.9775628688575511,0.8956000000000001,0.9514,0.97625,0.99525,0.99325,0.992,present,Tropical or sub-tropical shrubland
0.4,0.9775626514257314,0.8956000000000001,0.9514,0.97625,0.99525,0.99325,0.992,present,Tropical or sub-tropical shrubland
0.42,0.9775605702926011,0.8956000000000001,0.9514,0.97625,0.99525,0.99325,0.992,present,Tropical or sub-tropical shrubland
0.44,0.9775573243461515,0.8956000000000001,0.9514,0.97625,0.99525,0.99325,0.992,present,Tropical or sub-tropical shrubland
0.46,0.9775538764987265,0.8956000000000001,0.95125,0.97625,0.99525,0.99325,0.992,present,Tropical or sub-tropical shrubland
0.48,0.9775526495620303,0.8956000000000001,0.95125,0.97625,0.99525,0.99325,0.992,present,Tropical or sub-tropical shrubland
0.5,0.9775525874386533,0.8956000000000001,0.95125,0.97625,0.99525,0.99325,0.992,present,Tropical or sub-tropical shrubland
0.52,0.9775525874386533,0.8956000000000001,0.95125,0.97625,0.99525,0.99325,0.992,present,Tropical or sub-tropical shrubland
0.54,0.9775525874386533,0.8956000000000001,0.95125,0.97625,0.99525,0.99325,0.992,present,Tropical or sub-tropical shrubland
0.56,0.9775525874386533,0.8956000000000001,0.95125,0.97625,0.99525,0.99325,0.992,present,Tropical or sub-tropical shrubland
0.58,0.9775525874386533,0.8956000000000001,0.95125,0.97625,0.99525,0.99325,0.992,present,Tropical or sub-tropical shrubland
0.6,0.9775525874386533,0.8956000000000001,0.95125,0.97625,0.99525,0.99325,0.992,present,Tropical or sub-tropical shrubland
0.62,0.9775525874386533,0.8956000000000001,0.95125,0.97625,0.99525,0.99325,0.992,present,Tropical or sub-tropical shrubland
0.64,0.9775525874386533,0.8956000000000001,0.95125,0.97625,0.99525,0.99325,0.992,present,Tropical or sub-tropical shrubland
0.66,0.9775525874386533,0.8956000000000001,0.95125,0.97625,0.99525,0.99325,0.992,present,Tropical or sub-tropical shrubland
0.68,0.9775525874386533,0.8956000000000001,0.95125,0.97625,0.99525,0.99325,0.992,present,Tropical or sub-tropical shrubland
0.7,0.9775525874386533,0.8956000000000001,0.95125,0.97625,0.99525,0.99325,0.992,present,Tropical or sub-tropical shrubland
0.72,0.9775525874386533,0.8956000000000001,0.95125,0.97625,0.99525,0.99325,0.992,present,Tropical or sub-tropical shrubland
0.74,0.9775525874386533,0.8956000000000001,0.95125,0.97625,0.99525,0.99325,0.992,present,Tropical or sub-tropical shrubland
0.76,0.9775525874386533,0.8956000000000001,0.95125,0.97625,0.99525,0.99325,0.992,present,Tropical or sub-tropical shrubland
0.78,0.9775525874386533,0.8956000000000001,0.95125,0.97625,0.99525,0.99325,0.992,present,Tropical or sub-tropical shrubland
0.8,0.9775525874386533,0.8956000000000001,0.95125,0.97625,0.99525,0.99325,0.992,present,Tropical or sub-tropical shrubland
0.82,0.9775525874386533,0.8956000000000001,0.95125,0.97625,0.99525,0.99325,0.992,present,Tropical or sub-tropical shrubland
0.84,0.9775525874386533,0.8956000000000001,0.95125,0.97625,0.99525,0.99325,0.992,present,Tropical or sub-tropical shrubland
0.86,0.9775525874386533,0.8956000000000001,0.95125,0.97625,0.99525,0.99325,0.992,present,Tropical or sub-tropical shrubland
0.88,0.9775525874386533,0.8956000000000001,0.95125,0.97625,0.99525,0.99325,0.992,present,Tropical or sub-tropical shrubland
0.9,0.9775525874386533,0.8956000000000001,0.95125,0.97625,0.99525,0.99325,0.992,present,Tropical or sub-tropical shrubland
0.92,0.9775525874386533,0.8956000000000001,0.95125,0.97625,0.99525,0.99325,0.992,present,Tropical or sub-tropical shrubland
0.94,0.9775525874386533,0.8956000000000001,0.95125,0.97625,0.99525,0.99325,0.992,present,Tropical or sub-tropical shrubland
0.96,0.9775525874386533,0.8956000000000001,0.95125,0.97625,0.99525,0.99325,0.992,present,Tropical or sub-tropical shrubland
0.98,0.9775525874386533,0.8956000000000001,0.95125,0.97625,0.99525,0.99325,0.992,present,Tropical or sub-tropical shrubland
1,0.9775525874386533,0.8956000000000001,0.95125,0.97625,0.99525,0.99325,0.992,present,Tropical or sub-tropical shrubland
0,0.024411953986002738,0,0,0,0.1958125,0.0745,0.02275,absent,Sub-polar or polar grassland-lichen-moss
0.00297297297297297,0.024973272464001287,0,0,2.5e-4,0.19575,0.075,0.024,absent,Sub-polar or polar grassland-lichen-moss
0.00594594594594595,0.02494775158877001,0,0,2.5e-4,0.19575,0.075,0.024,absent,Sub-polar or polar grassland-lichen-moss
0.00891891891891892,0.02494310594481538,0,0,2.5e-4,0.19575,0.075,0.024,absent,Sub-polar or polar grassland-lichen-moss
0.0118918918918919,0.02493610731236425,0,0,2.5e-4,0.1955625,0.075,0.024,absent,Sub-polar or polar grassland-lichen-moss
0.0148648648648649,0.025110771458450646,0,0,2.5e-4,0.1958125,0.07525,0.02425,absent,Sub-polar or polar grassland-lichen-moss
0.0178378378378378,0.02513015847478079,0,0,2.5e-4,0.1958125,0.07525,0.02425,absent,Sub-polar or polar grassland-lichen-moss
0.0208108108108108,0.025137901214705174,0,0,2.5e-4,0.19575,0.07525,0.02425,absent,Sub-polar or polar grassland-lichen-moss
0.0237837837837838,0.025228621993403588,0,0,2.5e-4,0.19575,0.0755,0.0245,absent,Sub-polar or polar grassland-lichen-moss
0.0267567567567568,0.025330725605341487,0,0,2.5e-4,0.19575,0.07575,0.02475,absent,Sub-polar or polar grassland-lichen-moss
0.0297297297297297,0.025330725605341487,0,0,2.5e-4,0.19575,0.07575,0.02475,absent,Sub-polar or polar grassland-lichen-moss
0.0327027027027027,0.025330725605341487,0,0,2.5e-4,0.19575,0.07575,0.02475,absent,Sub-polar or polar grassland-lichen-moss
0.0356756756756757,0.025323726972890356,0,0,2.5e-4,0.19575,0.07575,0.02475,absent,Sub-polar or polar grassland-lichen-moss
0.0386486486486486,0.025323505751749655,0,0,2.5e-4,0.19575,0.07575,0.02475,absent,Sub-polar or polar grassland-lichen-moss
0.0416216216216216,0.02532328453060896,0,0,2.5e-4,0.19575,0.07575,0.02475,absent,Sub-polar or polar grassland-lichen-moss
0.0445945945945946,0.02532328453060896,0,0,2.5e-4,0.19575,0.07575,0.02475,absent,Sub-polar or polar grassland-lichen-moss
0.0475675675675676,0.025322077869841527,0,0,2.5e-4,0.19575,0.07575,0.02475,absent,Sub-polar or polar grassland-lichen-moss
0.0505405405405405,0.02532193709275199,0,0,2.5e-4,0.19575,0.07575,0.02475,absent,Sub-polar or polar grassland-lichen-moss
0.0535135135135135,0.02532193709275199,0,0,2.5e-4,0.19575,0.07575,0.02475,absent,Sub-polar or polar grassland-lichen-moss
0.0564864864864865,0.02532193709275199,0,0,2.5e-4,0.19575,0.07575,0.02475,absent,Sub-polar or polar grassland-lichen-moss
0.0594594594594595,0.02532193709275199,0,0,2.5e-4,0.19575,0.07575,0.02475,absent,Sub-polar or polar grassland-lichen-moss
0.0624324324324324,0.02532179631566246,0,0,2.5e-4,0.19575,0.07575,0.02475,absent,Sub-polar or polar grassland-lichen-moss
0.0654054054054054,0.02532179631566246,0,0,2.5e-4,0.19575,0.07575,0.02475,absent,Sub-polar or polar grassland-lichen-moss
0.0683783783783784,0.02532179631566246,0,0,2.5e-4,0.19575,0.07575,0.02475,absent,Sub-polar or polar grassland-lichen-moss
0.0713513513513513,0.02532179631566246,0,0,2.5e-4,0.19575,0.07575,0.02475,absent,Sub-polar or polar grassland-lichen-moss
0.0743243243243243,0.02532179631566246,0,0,2.5e-4,0.19575,0.07575,0.02475,absent,Sub-polar or polar grassland-lichen-moss
0.0772972972972973,0.02532179631566246,0,0,2.5e-4,0.19575,0.07575,0.02475,absent,Sub-polar or polar grassland-lichen-moss
0.0802702702702703,0.02532179631566246,0,0,2.5e-4,0.19575,0.07575,0.02475,absent,Sub-polar or polar grassland-lichen-moss
0.0832432432432432,0.02532179631566246,0,0,2.5e-4,0.19575,0.07575,0.02475,absent,Sub-polar or polar grassland-lichen-moss
0.0862162162162162,0.02532179631566246,0,0,2.5e-4,0.19575,0.07575,0.02475,absent,Sub-polar or polar grassland-lichen-moss
0.0891891891891892,0.02532179631566246,0,0,2.5e-4,0.19575,0.07575,0.02475,absent,Sub-polar or polar grassland-lichen-moss
0.0921621621621622,0.02532179631566246,0,0,2.5e-4,0.19575,0.07575,0.02475,absent,Sub-polar or polar grassland-lichen-moss
0.0951351351351351,0.02532179631566246,0,0,2.5e-4,0.19575,0.07575,0.02475,absent,Sub-polar or polar grassland-lichen-moss
0.0981081081081081,0.02532179631566246,0,0,2.5e-4,0.19575,0.07575,0.02475,absent,Sub-polar or polar grassland-lichen-moss
0.101081081081081,0.02532179631566246,0,0,2.5e-4,0.19575,0.07575,0.02475,absent,Sub-polar or polar grassland-lichen-moss
0.104054054054054,0.02532179631566246,0,0,2.5e-4,0.19575,0.07575,0.02475,absent,Sub-polar or polar grassland-lichen-moss
0.107027027027027,0.02532179631566246,0,0,2.5e-4,0.19575,0.07575,0.02475,absent,Sub-polar or polar grassland-lichen-moss
0.11,0.02532179631566246,0,0,2.5e-4,0.19575,0.07575,0.02475,absent,Sub-polar or polar grassland-lichen-moss
0.112972972972973,0.02532179631566246,0,0,2.5e-4,0.19575,0.07575,0.02475,absent,Sub-polar or polar grassland-lichen-moss
0.115945945945946,0.02532179631566246,0,0,2.5e-4,0.19575,0.07575,0.02475,absent,Sub-polar or polar grassland-lichen-moss
0.118918918918919,0.02532179631566246,0,0,2.5e-4,0.19575,0.07575,0.02475,absent,Sub-polar or polar grassland-lichen-moss
0.121891891891892,0.02532179631566246,0,0,2.5e-4,0.19575,0.07575,0.02475,absent,Sub-polar or polar grassland-lichen-moss
0.124864864864865,0.02532179631566246,0,0,2.5e-4,0.19575,0.07575,0.02475,absent,Sub-polar or polar grassland-lichen-moss
0.127837837837838,0.02532179631566246,0,0,2.5e-4,0.19575,0.07575,0.02475,absent,Sub-polar or polar grassland-lichen-moss
0.130810810810811,0.02532179631566246,0,0,2.5e-4,0.19575,0.07575,0.02475,absent,Sub-polar or polar grassland-lichen-moss
0.133783783783784,0.02532179631566246,0,0,2.5e-4,0.19575,0.07575,0.02475,absent,Sub-polar or polar grassland-lichen-moss
0.136756756756757,0.02532179631566246,0,0,2.5e-4,0.19575,0.07575,0.02475,absent,Sub-polar or polar grassland-lichen-moss
0.13972972972973,0.02532179631566246,0,0,2.5e-4,0.19575,0.07575,0.02475,absent,Sub-polar or polar grassland-lichen-moss
0.142702702702703,0.02532179631566246,0,0,2.5e-4,0.19575,0.07575,0.02475,absent,Sub-polar or polar grassland-lichen-moss
0.145675675675676,0.02532179631566246,0,0,2.5e-4,0.19575,0.07575,0.02475,absent,Sub-polar or polar grassland-lichen-moss
0.148648648648649,0.02532179631566246,0,0,2.5e-4,0.19575,0.07575,0.02475,absent,Sub-polar or polar grassland-lichen-moss
0,0.9869440113064547,0.9025,0.9655,0.98825,1,1,0.9995,present,Sub-polar or polar grassland-lichen-moss
0.00297297297297297,0.9842279151394671,0.9001,0.9625,0.98525,0.99825,0.9975,0.997,present,Sub-polar or polar grassland-lichen-moss
0.00594594594594595,0.983879651487855,0.89935,0.962,0.98425,0.99825,0.9975,0.997,present,Sub-polar or polar grassland-lichen-moss
0.00891891891891892,0.9837935484872958,0.899,0.96175,0.984,0.99825,0.9975,0.99675,present,Sub-polar or polar grassland-lichen-moss
0.0118918918918919,0.9835687395166802,0.89825,0.9611500000000002,0.9835,0.99825,0.9975,0.99675,present,Sub-polar or polar grassland-lichen-moss
0.0148648648648649,0.98356957818227,0.89825,0.961,0.9835,0.99825,0.9975,0.99675,present,Sub-polar or polar grassland-lichen-moss
0.0178378378378378,0.9835066006088091,0.898,0.961,0.98325,0.99825,0.9975,0.99675,present,Sub-polar or polar grassland-lichen-moss
0.0208108108108108,0.9824912095421507,0.89775,0.9605,0.9825,0.99825,0.9965,0.99525,present,Sub-polar or polar grassland-lichen-moss
0.0237837837837838,0.9824841119463253,0.89775,0.9605,0.9825,0.99825,0.9965,0.99525,present,Sub-polar or polar grassland-lichen-moss
0.0267567567567568,0.9824454090824377,0.89775,0.96025,0.9825,0.99825,0.9965,0.99525,present,Sub-polar or polar grassland-lichen-moss
0.0297297297297297,0.9824454090824377,0.89775,0.96025,0.9825,0.99825,0.9965,0.99525,present,Sub-polar or polar grassland-lichen-moss
0.0327027027027027,0.9824454090824377,0.89775,0.96025,0.9825,0.99825,0.9965,0.99525,present,Sub-polar or polar grassland-lichen-moss
0.0356756756756757,0.9824327359135243,0.89775,0.96025,0.98225,0.99825,0.9965,0.99525,present,Sub-polar or polar grassland-lichen-moss
0.0386486486486486,0.9824276728582966,0.89775,0.96025,0.98225,0.99825,0.9965,0.99525,present,Sub-polar or polar grassland-lichen-moss
0.0416216216216216,0.9824226874572902,0.89775,0.96025,0.98225,0.99825,0.9965,0.99525,present,Sub-polar or polar grassland-lichen-moss
0.0445945945945946,0.9824226874572902,0.89775,0.96025,0.98225,0.99825,0.9965,0.99525,present,Sub-polar or polar grassland-lichen-moss
0.0475675675675676,0.9824011306454619,0.89775,0.96,0.98225,0.99825,0.9965,0.99525,present,Sub-polar or polar grassland-lichen-moss
0.0505405405405405,0.9824006025967571,0.89775,0.96,0.98225,0.99825,0.9965,0.99525,present,Sub-polar or polar grassland-lichen-moss
0.0535135135135135,0.9824006025967571,0.89775,0.96,0.98225,0.99825,0.9965,0.99525,present,Sub-polar or polar grassland-lichen-moss
0.0564864864864865,0.9824006025967571,0.89775,0.96,0.98225,0.99825,0.9965,0.99525,present,Sub-polar or polar grassland-lichen-moss
0.0594594594594595,0.9824006025967571,0.89775,0.96,0.98225,0.99825,0.9965,0.99525,present,Sub-polar or polar grassland-lichen-moss
0.0624324324324324,0.9824002143256508,0.89775,0.96,0.98225,0.99825,0.9965,0.99525,present,Sub-polar or polar grassland-lichen-moss
0.0654054054054054,0.9824002143256508,0.89775,0.96,0.98225,0.99825,0.9965,0.99525,present,Sub-polar or polar grassland-lichen-moss
0.0683783783783784,0.9824002143256508,0.89775,0.96,0.98225,0.99825,0.9965,0.99525,present,Sub-polar or polar grassland-lichen-moss
0.0713513513513513,0.9824002143256508,0.89775,0.96,0.98225,0.99825,0.9965,0.99525,present,Sub-polar or polar grassland-lichen-moss
0.0743243243243243,0.9824002143256508,0.89775,0.96,0.98225,0.99825,0.9965,0.99525,present,Sub-polar or polar grassland-lichen-moss
0.0772972972972973,0.9824002143256508,0.89775,0.96,0.98225,0.99825,0.9965,0.99525,present,Sub-polar or polar grassland-lichen-moss
0.0802702702702703,0.9824002143256508,0.89775,0.96,0.98225,0.99825,0.9965,0.99525,present,Sub-polar or polar grassland-lichen-moss
0.0832432432432432,0.9824002143256508,0.89775,0.96,0.98225,0.99825,0.9965,0.99525,present,Sub-polar or polar grassland-lichen-moss
0.0862162162162162,0.9824002143256508,0.89775,0.96,0.98225,0.99825,0.9965,0.99525,present,Sub-polar or polar grassland-lichen-moss
0.0891891891891892,0.9824002143256508,0.89775,0.96,0.98225,0.99825,0.9965,0.99525,present,Sub-polar or polar grassland-lichen-moss
0.0921621621621622,0.9824002143256508,0.89775,0.96,0.98225,0.99825,0.9965,0.99525,present,Sub-polar or polar grassland-lichen-moss
0.0951351351351351,0.9824002143256508,0.89775,0.96,0.98225,0.99825,0.9965,0.99525,present,Sub-polar or polar grassland-lichen-moss
0.0981081081081081,0.9824002143256508,0.89775,0.96,0.98225,0.99825,0.9965,0.99525,present,Sub-polar or polar grassland-lichen-moss
0.101081081081081,0.9824002143256508,0.89775,0.96,0.98225,0.99825,0.9965,0.99525,present,Sub-polar or polar grassland-lichen-moss
0.104054054054054,0.9824002143256508,0.89775,0.96,0.98225,0.99825,0.9965,0.99525,present,Sub-polar or polar grassland-lichen-moss
0.107027027027027,0.9824002143256508,0.89775,0.96,0.98225,0.99825,0.9965,0.99525,present,Sub-polar or polar grassland-lichen-moss
0.11,0.9824002143256508,0.89775,0.96,0.98225,0.99825,0.9965,0.99525,present,Sub-polar or polar grassland-lichen-moss
0.112972972972973,0.9824002143256508,0.89775,0.96,0.98225,0.99825,0.9965,0.99525,present,Sub-polar or polar grassland-lichen-moss
0.115945945945946,0.9824002143256508,0.89775,0.96,0.98225,0.99825,0.9965,0.99525,present,Sub-polar or polar grassland-lichen-moss
0.118918918918919,0.9824002143256508,0.89775,0.96,0.98225,0.99825,0.9965,0.99525,present,Sub-polar or polar grassland-lichen-moss
0.121891891891892,0.9824002143256508,0.89775,0.96,0.98225,0.99825,0.9965,0.99525,present,Sub-polar or polar grassland-lichen-moss
0.124864864864865,0.9824002143256508,0.89775,0.96,0.98225,0.99825,0.9965,0.99525,present,Sub-polar or polar grassland-lichen-moss
0.127837837837838,0.9824002143256508,0.89775,0.96,0.98225,0.99825,0.9965,0.99525,present,Sub-polar or polar grassland-lichen-moss
0.130810810810811,0.9824002143256508,0.89775,0.96,0.98225,0.99825,0.9965,0.99525,present,Sub-polar or polar grassland-lichen-moss
0.133783783783784,0.9824002143256508,0.89775,0.96,0.98225,0.99825,0.9965,0.99525,present,Sub-polar or polar grassland-lichen-moss
0.136756756756757,0.9824002143256508,0.89775,0.96,0.98225,0.99825,0.9965,0.99525,present,Sub-polar or polar grassland-lichen-moss
0.13972972972973,0.9824002143256508,0.89775,0.96,0.98225,0.99825,0.9965,0.99525,present,Sub-polar or polar grassland-lichen-moss
0.142702702702703,0.9824002143256508,0.89775,0.96,0.98225,0.99825,0.9965,0.99525,present,Sub-polar or polar grassland-lichen-moss
0.145675675675676,0.9824002143256508,0.89775,0.96,0.98225,0.99825,0.9965,0.99525,present,Sub-polar or polar grassland-lichen-moss
0.148648648648649,0.9824002143256508,0.89775,0.96,0.98225,0.99825,0.9965,0.99525,present,Sub-polar or polar grassland-lichen-moss
0,0.024417605180596897,0,0,0,0.1958125,0.07475,0.0225,absent,Abies procera
1,0.02460479848765184,0,0,0,0.1953125,0.07475,0.02275,absent,Abies procera
0,0.9869571348698516,0.9025,0.9655,0.98825,1,1,0.9995,present,Abies procera
1,0.9809462788097161,0.8985,0.9575,0.9785,0.998,0.997,0.9955,present,Abies procera
0,0.024398600273509773,0,0,0,0.1958125,0.0745,0.0225,absent,No data
0.0137678855325914,0.024394035073606306,0,0,0,0.1955625,0.0745,0.02275,absent,No data
0.0275357710651828,0.024393994851580728,0,0,0,0.1955625,0.0745,0.02275,absent,No data
0.0413036565977742,0.02439443729386212,0,0,0,0.1955625,0.0745,0.022625,absent,No data
0.0550715421303657,0.024394195961708633,0,0,0,0.1955625,0.0745,0.022625,absent,No data
0.0688394276629571,0.02439045531332958,0,0,0,0.1955,0.0745,0.022625,absent,No data
0.0826073131955485,0.024387659882551687,0,0,0,0.1955,0.0745,0.022625,absent,No data
0.0963751987281399,0.02438749899444936,0,0,0,0.1955,0.0745,0.022625,absent,No data
0.110143084260731,0.02438749899444936,0,0,0,0.1955,0.0745,0.022625,absent,No data
0.123910969793323,0.024405397795833,0,0,0,0.1955,0.0745,0.02275,absent,No data
0.137678855325914,0.024411511543721343,0,0,0,0.1955,0.0745,0.02275,absent,No data
0.151446740858506,0.024410948435363202,0,0,0,0.1955,0.0745,0.02275,absent,No data
0.165214626391097,0.02441062665915856,0,0,0,0.1955,0.0745,0.02275,absent,No data
0.178982511923688,0.024412899203603892,0,0,0,0.1955,0.0745,0.02275,absent,No data
0.19275039745628,0.024413542756013193,0,0,0,0.1955,0.07475,0.02275,absent,No data
0.206518282988871,0.024414508084627144,0,0,0,0.1955,0.07475,0.02275,absent,No data
0.220286168521463,0.024435182205775886,0,0,0,0.1955,0.07475,0.02275,absent,No data
0.234054054054054,0.0244663944976269,0,0,0,0.1955,0.07475,0.02275,absent,No data
0.247821939586646,0.02446538894698737,0,0,0,0.1955,0.07475,0.02275,absent,No data
0.261589825119237,0.024465187836859466,0,0,0,0.1955,0.07475,0.02275,absent,No data
0.275357710651828,0.02446464483951412,0,0,0,0.1955,0.07475,0.02275,absent,No data
0.28912559618442,0.024464504062424584,0,0,0,0.1955,0.07475,0.02275,absent,No data
0.302893481717011,0.024464202397232727,0,0,0,0.1955,0.07475,0.02275,absent,No data
0.316661367249603,0.024464202397232727,0,0,0,0.1955,0.07475,0.02275,absent,No data
0.330429252782194,0.02446400128710482,0,0,0,0.1955,0.07475,0.02275,absent,No data
0.344197138314785,0.02446400128710482,0,0,0,0.1955,0.07475,0.02275,absent,No data
0.357965023847377,0.02446400128710482,0,0,0,0.1955,0.07475,0.02275,absent,No data
0.371732909379968,0.02446398117609203,0,0,0,0.1955,0.07475,0.02275,absent,No data
0.38550079491256,0.02446398117609203,0,0,0,0.1955,0.07475,0.02275,absent,No data
0.399268680445151,0.02446398117609203,0,0,0,0.1955,0.07475,0.02275,absent,No data
0.413036565977742,0.02446398117609203,0,0,0,0.1955,0.07475,0.02275,absent,No data
0.426804451510334,0.02446398117609203,0,0,0,0.1955,0.07475,0.02275,absent,No data
0.440572337042925,0.02446398117609203,0,0,0,0.1955,0.07475,0.02275,absent,No data
0.454340222575517,0.02446398117609203,0,0,0,0.1955,0.07475,0.02275,absent,No data
0.468108108108108,0.02446398117609203,0,0,0,0.1955,0.07475,0.02275,absent,No data
0.4818759936407,0.02446398117609203,0,0,0,0.1955,0.07475,0.02275,absent,No data
0.495643879173291,0.02446398117609203,0,0,0,0.1955,0.07475,0.02275,absent,No data
0.509411764705882,0.02446398117609203,0,0,0,0.1955,0.07475,0.02275,absent,No data
0.523179650238474,0.02446398117609203,0,0,0,0.1955,0.07475,0.02275,absent,No data
0.536947535771065,0.02446398117609203,0,0,0,0.1955,0.07475,0.02275,absent,No data
0.550715421303657,0.02446398117609203,0,0,0,0.1955,0.07475,0.02275,absent,No data
0.564483306836248,0.02446398117609203,0,0,0,0.1955,0.07475,0.02275,absent,No data
0.578251192368839,0.02446398117609203,0,0,0,0.1955,0.07475,0.02275,absent,No data
0.592019077901431,0.02446398117609203,0,0,0,0.1955,0.07475,0.02275,absent,No data
0.605786963434022,0.02446398117609203,0,0,0,0.1955,0.07475,0.02275,absent,No data
0.619554848966614,0.02446398117609203,0,0,0,0.1955,0.07475,0.02275,absent,No data
0.633322734499205,0.02446398117609203,0,0,0,0.1955,0.07475,0.02275,absent,No data
0.647090620031797,0.02446398117609203,0,0,0,0.1955,0.07475,0.02275,absent,No data
0.660858505564388,0.02446398117609203,0,0,0,0.1955,0.07475,0.02275,absent,No data
0.674626391096979,0.02446398117609203,0,0,0,0.1955,0.07475,0.02275,absent,No data
0.688394276629571,0.02446398117609203,0,0,0,0.1955,0.07475,0.02275,absent,No data
0,0.9869573678325154,0.9025,0.9655,0.98825,1,1,0.9995,present,No data
0.0137678855325914,0.9860455674970492,0.90175,0.9645,0.9875,0.99925,0.999,0.9985,present,No data
0.0275357710651828,0.9860455519662048,0.90175,0.9645,0.9875,0.99925,0.999,0.9985,present,No data
0.0413036565977742,0.9858744486550288,0.90175,0.9645,0.98725,0.99925,0.99875,0.99825,present,No data
0.0550715421303657,0.9858737652978816,0.90175,0.9645,0.98725,0.99925,0.99875,0.99825,present,No data
0.0688394276629571,0.9856599521649997,0.90175,0.96425,0.987,0.999,0.9985,0.998,present,No data
0.0826073131955485,0.985475492327763,0.9016,0.96425,0.98675,0.99875,0.9985,0.99775,present,No data
0.0963751987281399,0.9854741411443126,0.9016,0.96425,0.98675,0.99875,0.9985,0.99775,present,No data
0.110143084260731,0.9854741411443126,0.9016,0.96425,0.98675,0.99875,0.9985,0.99775,present,No data
0.123910969793323,0.9854529726035907,0.9016,0.96425,0.98675,0.99875,0.9985,0.99775,present,No data
0.137678855325914,0.9854428930856681,0.9016,0.96425,0.98675,0.99875,0.99825,0.99775,present,No data
0.151446740858506,0.9854158072932845,0.9016,0.96425,0.98675,0.99875,0.99825,0.99775,present,No data
0.165214626391097,0.9854112101633845,0.9016,0.96425,0.98675,0.99875,0.99825,0.99775,present,No data
0.178982511923688,0.9854102783127291,0.9016,0.96425,0.98675,0.99875,0.99825,0.99775,present,No data
0.19275039745628,0.9853927750512518,0.9016,0.9641500000000001,0.98675,0.99875,0.99825,0.99775,present,No data
0.206518282988871,0.9853926197428092,0.9016,0.9641500000000001,0.98675,0.99875,0.99825,0.99775,present,No data
0.220286168521463,0.9853710474001367,0.9016,0.964,0.98675,0.99875,0.99825,0.99775,present,No data
0.234054054054054,0.9853712182394235,0.9016,0.964,0.98675,0.99875,0.99825,0.99775,present,No data
0.247821939586646,0.9853352798658136,0.9015,0.964,0.9865,0.99875,0.99825,0.99775,present,No data
0.261589825119237,0.9853338510281419,0.9015,0.964,0.9865,0.99875,0.99825,0.99775,present,No data
0.275357710651828,0.9853049325961359,0.9015,0.964,0.9865,0.99875,0.99825,0.99775,present,No data
0.28912559618442,0.9853042958315215,0.9015,0.964,0.9865,0.99875,0.99825,0.99775,present,No data
0.302893481717011,0.9852892464434367,0.9015,0.964,0.9865,0.99875,0.99825,0.99775,present,No data
0.316661367249603,0.9852892464434367,0.9015,0.964,0.9865,0.99875,0.99825,0.99775,present,No data
0.330429252782194,0.9852875380505685,0.9015,0.964,0.9865,0.99875,0.99825,0.99775,present,No data
0.344197138314785,0.9852875380505685,0.9015,0.964,0.9865,0.99875,0.99825,0.99775,present,No data
0.357965023847377,0.9852875380505685,0.9015,0.964,0.9865,0.99875,0.99825,0.99775,present,No data
0.371732909379968,0.9852875225197242,0.9015,0.964,0.9865,0.99875,0.99825,0.99775,present,No data
0.38550079491256,0.9852875225197242,0.9015,0.964,0.9865,0.99875,0.99825,0.99775,present,No data
0.399268680445151,0.9852875225197242,0.9015,0.964,0.9865,0.99875,0.99825,0.99775,present,No data
0.413036565977742,0.9852875225197242,0.9015,0.964,0.9865,0.99875,0.99825,0.99775,present,No data
0.426804451510334,0.9852875225197242,0.9015,0.964,0.9865,0.99875,0.99825,0.99775,present,No data
0.440572337042925,0.9852875225197242,0.9015,0.964,0.9865,0.99875,0.99825,0.99775,present,No data
0.454340222575517,0.9852875225197242,0.9015,0.964,0.9865,0.99875,0.99825,0.99775,present,No data
0.468108108108108,0.9852875225197242,0.9015,0.964,0.9865,0.99875,0.99825,0.99775,present,No data
0.4818759936407,0.9852875225197242,0.9015,0.964,0.9865,0.99875,0.99825,0.99775,present,No data
0.495643879173291,0.9852875225197242,0.9015,0.964,0.9865,0.99875,0.99825,0.99775,present,No data
0.509411764705882,0.9852875225197242,0.9015,0.964,0.9865,0.99875,0.99825,0.99775,present,No data
0.523179650238474,0.9852875225197242,0.9015,0.964,0.9865,0.99875,0.99825,0.99775,present,No data
0.536947535771065,0.9852875225197242,0.9015,0.964,0.9865,0.99875,0.99825,0.99775,present,No data
0.550715421303657,0.9852875225197242,0.9015,0.964,0.9865,0.99875,0.99825,0.99775,present,No data
0.564483306836248,0.9852875225197242,0.9015,0.964,0.9865,0.99875,0.99825,0.99775,present,No data
0.578251192368839,0.9852875225197242,0.9015,0.964,0.9865,0.99875,0.99825,0.99775,present,No data
0.592019077901431,0.9852875225197242,0.9015,0.964,0.9865,0.99875,0.99825,0.99775,present,No data
0.605786963434022,0.9852875225197242,0.9015,0.964,0.9865,0.99875,0.99825,0.99775,present,No data
0.619554848966614,0.9852875225197242,0.9015,0.964,0.9865,0.99875,0.99825,0.99775,present,No data
0.633322734499205,0.9852875225197242,0.9015,0.964,0.9865,0.99875,0.99825,0.99775,present,No data
0.647090620031797,0.9852875225197242,0.9015,0.964,0.9865,0.99875,0.99825,0.99775,present,No data
0.660858505564388,0.9852875225197242,0.9015,0.964,0.9865,0.99875,0.99825,0.99775,present,No data
0.674626391096979,0.9852875225197242,0.9015,0.964,0.9865,0.99875,0.99825,0.99775,present,No data
0.688394276629571,0.9852875225197242,0.9015,0.964,0.9865,0.99875,0.99825,0.99775,present,No data
0,0.024398861716676053,0,0,0,0.1958125,0.0745,0.0225,absent,Tropical or sub-tropical grassland
0.0122390438247012,0.02438850454508889,0,0,0,0.1958125,0.07425,0.0225,absent,Tropical or sub-tropical grassland
0.0244780876494024,0.02438782077065401,0,0,0,0.1958125,0.07425,0.0225,absent,Tropical or sub-tropical grassland
0.0367171314741036,0.024387740326602847,0,0,0,0.1958125,0.07425,0.0225,absent,Tropical or sub-tropical grassland
0.0489561752988048,0.024387740326602847,0,0,0,0.1958125,0.07425,0.0225,absent,Tropical or sub-tropical grassland
0.061195219123506,0.02438755932748773,0,0,0,0.1958125,0.07425,0.0225,absent,Tropical or sub-tropical grassland
0.0734342629482072,0.02438755932748773,0,0,0,0.1958125,0.07425,0.0225,absent,Tropical or sub-tropical grassland
0.0856733067729084,0.02438755932748773,0,0,0,0.1958125,0.07425,0.0225,absent,Tropical or sub-tropical grassland
0.0979123505976096,0.02438755932748773,0,0,0,0.1958125,0.07425,0.0225,absent,Tropical or sub-tropical grassland
0.110151394422311,0.02438755932748773,0,0,0,0.1958125,0.07425,0.0225,absent,Tropical or sub-tropical grassland
0.122390438247012,0.02438755932748773,0,0,0,0.1958125,0.07425,0.0225,absent,Tropical or sub-tropical grassland
0.134629482071713,0.02438755932748773,0,0,0,0.1958125,0.07425,0.0225,absent,Tropical or sub-tropical grassland
0.146868525896414,0.02438755932748773,0,0,0,0.1958125,0.07425,0.0225,absent,Tropical or sub-tropical grassland
0.159107569721116,0.02438755932748773,0,0,0,0.1958125,0.07425,0.0225,absent,Tropical or sub-tropical grassland
0.171346613545817,0.02438755932748773,0,0,0,0.1958125,0.07425,0.0225,absent,Tropical or sub-tropical grassland
0.183585657370518,0.02438755932748773,0,0,0,0.1958125,0.07425,0.0225,absent,Tropical or sub-tropical grassland
0.195824701195219,0.02438755932748773,0,0,0,0.1958125,0.07425,0.0225,absent,Tropical or sub-tropical grassland
0.20806374501992,0.02438755932748773,0,0,0,0.1958125,0.07425,0.0225,absent,Tropical or sub-tropical grassland
0.220302788844622,0.02438755932748773,0,0,0,0.1958125,0.07425,0.0225,absent,Tropical or sub-tropical grassland
0.232541832669323,0.02438755932748773,0,0,0,0.1958125,0.07425,0.0225,absent,Tropical or sub-tropical grassland
0.244780876494024,0.02438755932748773,0,0,0,0.1958125,0.07425,0.0225,absent,Tropical or sub-tropical grassland
0.257019920318725,0.02438755932748773,0,0,0,0.1958125,0.07425,0.0225,absent,Tropical or sub-tropical grassland
0.269258964143426,0.02438755932748773,0,0,0,0.1958125,0.07425,0.0225,absent,Tropical or sub-tropical grassland
0.281498007968127,0.02438755932748773,0,0,0,0.1958125,0.07425,0.0225,absent,Tropical or sub-tropical grassland
0.293737051792829,0.02438755932748773,0,0,0,0.1958125,0.07425,0.0225,absent,Tropical or sub-tropical grassland
0.30597609561753,0.02438755932748773,0,0,0,0.1958125,0.07425,0.0225,absent,Tropical or sub-tropical grassland
0.318215139442231,0.02438755932748773,0,0,0,0.1958125,0.07425,0.0225,absent,Tropical or sub-tropical grassland
0.330454183266932,0.02438755932748773,0,0,0,0.1958125,0.07425,0.0225,absent,Tropical or sub-tropical grassland
0.342693227091633,0.02438755932748773,0,0,0,0.1958125,0.07425,0.0225,absent,Tropical or sub-tropical grassland
0.354932270916335,0.02438755932748773,0,0,0,0.1958125,0.07425,0.0225,absent,Tropical or sub-tropical grassland
0.367171314741036,0.02438755932748773,0,0,0,0.1958125,0.07425,0.0225,absent,Tropical or sub-tropical grassland
0.379410358565737,0.02438755932748773,0,0,0,0.1958125,0.07425,0.0225,absent,Tropical or sub-tropical grassland
0.391649402390438,0.02438755932748773,0,0,0,0.1958125,0.07425,0.0225,absent,Tropical or sub-tropical grassland
0.403888446215139,0.02438755932748773,0,0,0,0.1958125,0.07425,0.0225,absent,Tropical or sub-tropical grassland
0.416127490039841,0.02438755932748773,0,0,0,0.1958125,0.07425,0.0225,absent,Tropical or sub-tropical grassland
0.428366533864542,0.02438755932748773,0,0,0,0.1958125,0.07425,0.0225,absent,Tropical or sub-tropical grassland
0.440605577689243,0.02438755932748773,0,0,0,0.1958125,0.07425,0.0225,absent,Tropical or sub-tropical grassland
0.452844621513944,0.02438755932748773,0,0,0,0.1958125,0.07425,0.0225,absent,Tropical or sub-tropical grassland
0.465083665338645,0.02438755932748773,0,0,0,0.1958125,0.07425,0.0225,absent,Tropical or sub-tropical grassland
0.477322709163347,0.02438755932748773,0,0,0,0.1958125,0.07425,0.0225,absent,Tropical or sub-tropical grassland
0.489561752988048,0.02438755932748773,0,0,0,0.1958125,0.07425,0.0225,absent,Tropical or sub-tropical grassland
0.501800796812749,0.02438755932748773,0,0,0,0.1958125,0.07425,0.0225,absent,Tropical or sub-tropical grassland
0.51403984063745,0.02438755932748773,0,0,0,0.1958125,0.07425,0.0225,absent,Tropical or sub-tropical grassland
0.526278884462151,0.02438755932748773,0,0,0,0.1958125,0.07425,0.0225,absent,Tropical or sub-tropical grassland
0.538517928286853,0.02438755932748773,0,0,0,0.1958125,0.07425,0.0225,absent,Tropical or sub-tropical grassland
0.550756972111554,0.02438755932748773,0,0,0,0.1958125,0.07425,0.0225,absent,Tropical or sub-tropical grassland
0.562996015936255,0.02438755932748773,0,0,0,0.1958125,0.07425,0.0225,absent,Tropical or sub-tropical grassland
0.575235059760956,0.02438755932748773,0,0,0,0.1958125,0.07425,0.0225,absent,Tropical or sub-tropical grassland
0.587474103585657,0.02438755932748773,0,0,0,0.1958125,0.07425,0.0225,absent,Tropical or sub-tropical grassland
0.599713147410359,0.02438755932748773,0,0,0,0.1958125,0.07425,0.0225,absent,Tropical or sub-tropical grassland
0.61195219123506,0.02438755932748773,0,0,0,0.1958125,0.07425,0.0225,absent,Tropical or sub-tropical grassland
0,0.986959278126359,0.9025,0.9655,0.98825,1,1,0.9995,present,Tropical or sub-tropical grassland
0.0122390438247012,0.9866658228241287,0.9021,0.965,0.98775,1,0.99975,0.99925,present,Tropical or sub-tropical grassland
0.0244780876494024,0.9866632136422936,0.9021,0.965,0.98775,1,0.99975,0.99925,present,Tropical or sub-tropical grassland
0.0367171314741036,0.9866631515189166,0.9021,0.965,0.98775,1,0.99975,0.99925,present,Tropical or sub-tropical grassland
0.0489561752988048,0.9866631515189166,0.9021,0.965,0.98775,1,0.99975,0.99925,present,Tropical or sub-tropical grassland
0.061195219123506,0.9866629806796298,0.9021,0.965,0.98775,1,0.99975,0.99925,present,Tropical or sub-tropical grassland
0.0734342629482072,0.9866629806796298,0.9021,0.965,0.98775,1,0.99975,0.99925,present,Tropical or sub-tropical grassland
0.0856733067729084,0.9866629806796298,0.9021,0.965,0.98775,1,0.99975,0.99925,present,Tropical or sub-tropical grassland
0.0979123505976096,0.9866629806796298,0.9021,0.965,0.98775,1,0.99975,0.99925,present,Tropical or sub-tropical grassland
0.110151394422311,0.9866629806796298,0.9021,0.965,0.98775,1,0.99975,0.99925,present,Tropical or sub-tropical grassland
0.122390438247012,0.9866629806796298,0.9021,0.965,0.98775,1,0.99975,0.99925,present,Tropical or sub-tropical grassland
0.134629482071713,0.9866629806796298,0.9021,0.965,0.98775,1,0.99975,0.99925,present,Tropical or sub-tropical grassland
0.146868525896414,0.9866629806796298,0.9021,0.965,0.98775,1,0.99975,0.99925,present,Tropical or sub-tropical grassland
0.159107569721116,0.9866629806796298,0.9021,0.965,0.98775,1,0.99975,0.99925,present,Tropical or sub-tropical grassland
0.171346613545817,0.9866629806796298,0.9021,0.965,0.98775,1,0.99975,0.99925,present,Tropical or sub-tropical grassland
0.183585657370518,0.9866629806796298,0.9021,0.965,0.98775,1,0.99975,0.99925,present,Tropical or sub-tropical grassland
0.195824701195219,0.9866629806796298,0.9021,0.965,0.98775,1,0.99975,0.99925,present,Tropical or sub-tropical grassland
0.20806374501992,0.9866629806796298,0.9021,0.965,0.98775,1,0.99975,0.99925,present,Tropical or sub-tropical grassland
0.220302788844622,0.9866629806796298,0.9021,0.965,0.98775,1,0.99975,0.99925,present,Tropical or sub-tropical grassland
0.232541832669323,0.9866629806796298,0.9021,0.965,0.98775,1,0.99975,0.99925,present,Tropical or sub-tropical grassland
0.244780876494024,0.9866629806796298,0.9021,0.965,0.98775,1,0.99975,0.99925,present,Tropical or sub-tropical grassland
0.257019920318725,0.9866629806796298,0.9021,0.965,0.98775,1,0.99975,0.99925,present,Tropical or sub-tropical grassland
0.269258964143426,0.9866629806796298,0.9021,0.965,0.98775,1,0.99975,0.99925,present,Tropical or sub-tropical grassland
0.281498007968127,0.9866629806796298,0.9021,0.965,0.98775,1,0.99975,0.99925,present,Tropical or sub-tropical grassland
0.293737051792829,0.9866629806796298,0.9021,0.965,0.98775,1,0.99975,0.99925,present,Tropical or sub-tropical grassland
0.30597609561753,0.9866629806796298,0.9021,0.965,0.98775,1,0.99975,0.99925,present,Tropical or sub-tropical grassland
0.318215139442231,0.9866629806796298,0.9021,0.965,0.98775,1,0.99975,0.99925,present,Tropical or sub-tropical grassland
0.330454183266932,0.9866629806796298,0.9021,0.965,0.98775,1,0.99975,0.99925,present,Tropical or sub-tropical grassland
0.342693227091633,0.9866629806796298,0.9021,0.965,0.98775,1,0.99975,0.99925,present,Tropical or sub-tropical grassland
0.354932270916335,0.9866629806796298,0.9021,0.965,0.98775,1,0.99975,0.99925,present,Tropical or sub-tropical grassland
0.367171314741036,0.9866629806796298,0.9021,0.965,0.98775,1,0.99975,0.99925,present,Tropical or sub-tropical grassland
0.379410358565737,0.9866629806796298,0.9021,0.965,0.98775,1,0.99975,0.99925,present,Tropical or sub-tropical grassland
0.391649402390438,0.9866629806796298,0.9021,0.965,0.98775,1,0.99975,0.99925,present,Tropical or sub-tropical grassland
0.403888446215139,0.9866629806796298,0.9021,0.965,0.98775,1,0.99975,0.99925,present,Tropical or sub-tropical grassland
0.416127490039841,0.9866629806796298,0.9021,0.965,0.98775,1,0.99975,0.99925,present,Tropical or sub-tropical grassland
0.428366533864542,0.9866629806796298,0.9021,0.965,0.98775,1,0.99975,0.99925,present,Tropical or sub-tropical grassland
0.440605577689243,0.9866629806796298,0.9021,0.965,0.98775,1,0.99975,0.99925,present,Tropical or sub-tropical grassland
0.452844621513944,0.9866629806796298,0.9021,0.965,0.98775,1,0.99975,0.99925,present,Tropical or sub-tropical grassland
0.465083665338645,0.9866629806796298,0.9021,0.965,0.98775,1,0.99975,0.99925,present,Tropical or sub-tropical grassland
0.477322709163347,0.9866629806796298,0.9021,0.965,0.98775,1,0.99975,0.99925,present,Tropical or sub-tropical grassland
0.489561752988048,0.9866629806796298,0.9021,0.965,0.98775,1,0.99975,0.99925,present,Tropical or sub-tropical grassland
0.501800796812749,0.9866629806796298,0.9021,0.965,0.98775,1,0.99975,0.99925,present,Tropical or sub-tropical grassland
0.51403984063745,0.9866629806796298,0.9021,0.965,0.98775,1,0.99975,0.99925,present,Tropical or sub-tropical grassland
0.526278884462151,0.9866629806796298,0.9021,0.965,0.98775,1,0.99975,0.99925,present,Tropical or sub-tropical grassland
0.538517928286853,0.9866629806796298,0.9021,0.965,0.98775,1,0.99975,0.99925,present,Tropical or sub-tropical grassland
0.550756972111554,0.9866629806796298,0.9021,0.965,0.98775,1,0.99975,0.99925,present,Tropical or sub-tropical grassland
0.562996015936255,0.9866629806796298,0.9021,0.965,0.98775,1,0.99975,0.99925,present,Tropical or sub-tropical grassland
0.575235059760956,0.9866629806796298,0.9021,0.965,0.98775,1,0.99975,0.99925,present,Tropical or sub-tropical grassland
0.587474103585657,0.9866629806796298,0.9021,0.965,0.98775,1,0.99975,0.99925,present,Tropical or sub-tropical grassland
0.599713147410359,0.9866629806796298,0.9021,0.965,0.98775,1,0.99975,0.99925,present,Tropical or sub-tropical grassland
0.61195219123506,0.9866629806796298,0.9021,0.965,0.98775,1,0.99975,0.99925,present,Tropical or sub-tropical grassland
0,0.024396709838307457,0,0,0,0.1958125,0.0745,0.0225,absent,Abies balsamea
1,0.024403728581771377,0,0,0,0.19606250000000003,0.0745,0.0225,absent,Abies balsamea
0,0.9869589364477853,0.9025,0.9655,0.98825,1,1,0.9995,present,Abies balsamea
1,0.9869551158600981,0.9025,0.9655,0.98825,1,1,0.9995,present,Abies balsamea
0,0.024396649505269083,0,0,0,0.1958125,0.0745,0.0225,absent,Sub-polar or polar barren-lichen-moss
0.00133122028526149,0.024400832595929532,0,0,0,0.1958125,0.0745,0.0225,absent,Sub-polar or polar barren-lichen-moss
0.00266244057052298,0.02440039015364814,0,0,0,0.1958125,0.0745,0.0225,absent,Sub-polar or polar barren-lichen-moss
0.00399366085578447,0.02440034993162256,0,0,0,0.1958125,0.0745,0.0225,absent,Sub-polar or polar barren-lichen-moss
0.00532488114104596,0.02440034993162256,0,0,0,0.1958125,0.0745,0.0225,absent,Sub-polar or polar barren-lichen-moss
0.00665610142630745,0.024400309709596973,0,0,0,0.1958125,0.0745,0.0225,absent,Sub-polar or polar barren-lichen-moss
0.00798732171156894,0.024400309709596973,0,0,0,0.1958125,0.0745,0.0225,absent,Sub-polar or polar barren-lichen-moss
0.00931854199683043,0.024400309709596973,0,0,0,0.1958125,0.0745,0.0225,absent,Sub-polar or polar barren-lichen-moss
0.0106497622820919,0.024400309709596973,0,0,0,0.1958125,0.0745,0.0225,absent,Sub-polar or polar barren-lichen-moss
0.0119809825673534,0.024400309709596973,0,0,0,0.1958125,0.0745,0.0225,absent,Sub-polar or polar barren-lichen-moss
0.0133122028526149,0.024400309709596973,0,0,0,0.1958125,0.0745,0.0225,absent,Sub-polar or polar barren-lichen-moss
0.0146434231378764,0.024400309709596973,0,0,0,0.1958125,0.0745,0.0225,absent,Sub-polar or polar barren-lichen-moss
0.0159746434231379,0.024400309709596973,0,0,0,0.1958125,0.0745,0.0225,absent,Sub-polar or polar barren-lichen-moss
0.0173058637083994,0.024400309709596973,0,0,0,0.1958125,0.0745,0.0225,absent,Sub-polar or polar barren-lichen-moss
0.0186370839936609,0.024400309709596973,0,0,0,0.1958125,0.0745,0.0225,absent,Sub-polar or polar barren-lichen-moss
0.0199683042789223,0.024400309709596973,0,0,0,0.1958125,0.0745,0.0225,absent,Sub-polar or polar barren-lichen-moss
0.0212995245641838,0.024400309709596973,0,0,0,0.1958125,0.0745,0.0225,absent,Sub-polar or polar barren-lichen-moss
0.0226307448494453,0.024400309709596973,0,0,0,0.1958125,0.0745,0.0225,absent,Sub-polar or polar barren-lichen-moss
0.0239619651347068,0.024400309709596973,0,0,0,0.1958125,0.0745,0.0225,absent,Sub-polar or polar barren-lichen-moss
0.0252931854199683,0.024400309709596973,0,0,0,0.1958125,0.0745,0.0225,absent,Sub-polar or polar barren-lichen-moss
0.0266244057052298,0.024400309709596973,0,0,0,0.1958125,0.0745,0.0225,absent,Sub-polar or polar barren-lichen-moss
0.0279556259904913,0.024400309709596973,0,0,0,0.1958125,0.0745,0.0225,absent,Sub-polar or polar barren-lichen-moss
0.0292868462757528,0.024400309709596973,0,0,0,0.1958125,0.0745,0.0225,absent,Sub-polar or polar barren-lichen-moss
0.0306180665610143,0.024400309709596973,0,0,0,0.1958125,0.0745,0.0225,absent,Sub-polar or polar barren-lichen-moss
0.0319492868462758,0.024400309709596973,0,0,0,0.1958125,0.0745,0.0225,absent,Sub-polar or polar barren-lichen-moss
0.0332805071315372,0.024400309709596973,0,0,0,0.1958125,0.0745,0.0225,absent,Sub-polar or polar barren-lichen-moss
0.0346117274167987,0.024400309709596973,0,0,0,0.1958125,0.0745,0.0225,absent,Sub-polar or polar barren-lichen-moss
0.0359429477020602,0.024400309709596973,0,0,0,0.1958125,0.0745,0.0225,absent,Sub-polar or polar barren-lichen-moss
0.0372741679873217,0.024400309709596973,0,0,0,0.1958125,0.0745,0.0225,absent,Sub-polar or polar barren-lichen-moss
0.0386053882725832,0.024400309709596973,0,0,0,0.1958125,0.0745,0.0225,absent,Sub-polar or polar barren-lichen-moss
0.0399366085578447,0.024400309709596973,0,0,0,0.1958125,0.0745,0.0225,absent,Sub-polar or polar barren-lichen-moss
0.0412678288431062,0.024400309709596973,0,0,0,0.1958125,0.0745,0.0225,absent,Sub-polar or polar barren-lichen-moss
0.0425990491283677,0.024400309709596973,0,0,0,0.1958125,0.0745,0.0225,absent,Sub-polar or polar barren-lichen-moss
0.0439302694136292,0.024400309709596973,0,0,0,0.1958125,0.0745,0.0225,absent,Sub-polar or polar barren-lichen-moss
0.0452614896988906,0.024400309709596973,0,0,0,0.1958125,0.0745,0.0225,absent,Sub-polar or polar barren-lichen-moss
0.0465927099841521,0.024400309709596973,0,0,0,0.1958125,0.0745,0.0225,absent,Sub-polar or polar barren-lichen-moss
0.0479239302694136,0.024400309709596973,0,0,0,0.1958125,0.0745,0.0225,absent,Sub-polar or polar barren-lichen-moss
0.0492551505546751,0.024400309709596973,0,0,0,0.1958125,0.0745,0.0225,absent,Sub-polar or polar barren-lichen-moss
0.0505863708399366,0.024400309709596973,0,0,0,0.1958125,0.0745,0.0225,absent,Sub-polar or polar barren-lichen-moss
0.0519175911251981,0.024400309709596973,0,0,0,0.1958125,0.0745,0.0225,absent,Sub-polar or polar barren-lichen-moss
0.0532488114104596,0.024400309709596973,0,0,0,0.1958125,0.0745,0.0225,absent,Sub-polar or polar barren-lichen-moss
0.0545800316957211,0.024400309709596973,0,0,0,0.1958125,0.0745,0.0225,absent,Sub-polar or polar barren-lichen-moss
0.0559112519809826,0.024400309709596973,0,0,0,0.1958125,0.0745,0.0225,absent,Sub-polar or polar barren-lichen-moss
0.0572424722662441,0.024400309709596973,0,0,0,0.1958125,0.0745,0.0225,absent,Sub-polar or polar barren-lichen-moss
0.0585736925515055,0.024400309709596973,0,0,0,0.1958125,0.0745,0.0225,absent,Sub-polar or polar barren-lichen-moss
0.059904912836767,0.024400309709596973,0,0,0,0.1958125,0.0745,0.0225,absent,Sub-polar or polar barren-lichen-moss
0.0612361331220285,0.024400309709596973,0,0,0,0.1958125,0.0745,0.0225,absent,Sub-polar or polar barren-lichen-moss
0.06256735340729,0.024400309709596973,0,0,0,0.1958125,0.0745,0.0225,absent,Sub-polar or polar barren-lichen-moss
0.0638985736925515,0.024400309709596973,0,0,0,0.1958125,0.0745,0.0225,absent,Sub-polar or polar barren-lichen-moss
0.065229793977813,0.024400309709596973,0,0,0,0.1958125,0.0745,0.0225,absent,Sub-polar or polar barren-lichen-moss
0.0665610142630745,0.024400309709596973,0,0,0,0.1958125,0.0745,0.0225,absent,Sub-polar or polar barren-lichen-moss
0,0.9869592004721376,0.9025,0.9655,0.98825,1,1,0.9995,present,Sub-polar or polar barren-lichen-moss
0.00133122028526149,0.9869535472448282,0.9025,0.9655,0.98825,1,1,0.9995,present,Sub-polar or polar barren-lichen-moss
0.00266244057052298,0.986948686090576,0.9025,0.9655,0.98825,1,1,0.9995,present,Sub-polar or polar barren-lichen-moss
0.00399366085578447,0.9869485929055104,0.9025,0.9655,0.98825,1,1,0.9995,present,Sub-polar or polar barren-lichen-moss
0.00532488114104596,0.9869485929055104,0.9025,0.9655,0.98825,1,1,0.9995,present,Sub-polar or polar barren-lichen-moss
0.00665610142630745,0.9869485618438218,0.9025,0.9655,0.98825,1,1,0.9995,present,Sub-polar or polar barren-lichen-moss
0.00798732171156894,0.9869485618438218,0.9025,0.9655,0.98825,1,1,0.9995,present,Sub-polar or polar barren-lichen-moss
0.00931854199683043,0.9869485618438218,0.9025,0.9655,0.98825,1,1,0.9995,present,Sub-polar or polar barren-lichen-moss
0.0106497622820919,0.9869485618438218,0.9025,0.9655,0.98825,1,1,0.9995,present,Sub-polar or polar barren-lichen-moss
0.0119809825673534,0.9869485618438218,0.9025,0.9655,0.98825,1,1,0.9995,present,Sub-polar or polar barren-lichen-moss
0.0133122028526149,0.9869485618438218,0.9025,0.9655,0.98825,1,1,0.9995,present,Sub-polar or polar barren-lichen-moss
0.0146434231378764,0.9869485618438218,0.9025,0.9655,0.98825,1,1,0.9995,present,Sub-polar or polar barren-lichen-moss
0.0159746434231379,0.9869485618438218,0.9025,0.9655,0.98825,1,1,0.9995,present,Sub-polar or polar barren-lichen-moss
0.0173058637083994,0.9869485618438218,0.9025,0.9655,0.98825,1,1,0.9995,present,Sub-polar or polar barren-lichen-moss
0.0186370839936609,0.9869485618438218,0.9025,0.9655,0.98825,1,1,0.9995,present,Sub-polar or polar barren-lichen-moss
0.0199683042789223,0.9869485618438218,0.9025,0.9655,0.98825,1,1,0.9995,present,Sub-polar or polar barren-lichen-moss
0.0212995245641838,0.9869485618438218,0.9025,0.9655,0.98825,1,1,0.9995,present,Sub-polar or polar barren-lichen-moss
0.0226307448494453,0.9869485618438218,0.9025,0.9655,0.98825,1,1,0.9995,present,Sub-polar or polar barren-lichen-moss
0.0239619651347068,0.9869485618438218,0.9025,0.9655,0.98825,1,1,0.9995,present,Sub-polar or polar barren-lichen-moss
0.0252931854199683,0.9869485618438218,0.9025,0.9655,0.98825,1,1,0.9995,present,Sub-polar or polar barren-lichen-moss
0.0266244057052298,0.9869485618438218,0.9025,0.9655,0.98825,1,1,0.9995,present,Sub-polar or polar barren-lichen-moss
0.0279556259904913,0.9869485618438218,0.9025,0.9655,0.98825,1,1,0.9995,present,Sub-polar or polar barren-lichen-moss
0.0292868462757528,0.9869485618438218,0.9025,0.9655,0.98825,1,1,0.9995,present,Sub-polar or polar barren-lichen-moss
0.0306180665610143,0.9869485618438218,0.9025,0.9655,0.98825,1,1,0.9995,present,Sub-polar or polar barren-lichen-moss
0.0319492868462758,0.9869485618438218,0.9025,0.9655,0.98825,1,1,0.9995,present,Sub-polar or polar barren-lichen-moss
0.0332805071315372,0.9869485618438218,0.9025,0.9655,0.98825,1,1,0.9995,present,Sub-polar or polar barren-lichen-moss
0.0346117274167987,0.9869485618438218,0.9025,0.9655,0.98825,1,1,0.9995,present,Sub-polar or polar barren-lichen-moss
0.0359429477020602,0.9869485618438218,0.9025,0.9655,0.98825,1,1,0.9995,present,Sub-polar or polar barren-lichen-moss
0.0372741679873217,0.9869485618438218,0.9025,0.9655,0.98825,1,1,0.9995,present,Sub-polar or polar barren-lichen-moss
0.0386053882725832,0.9869485618438218,0.9025,0.9655,0.98825,1,1,0.9995,present,Sub-polar or polar barren-lichen-moss
0.0399366085578447,0.9869485618438218,0.9025,0.9655,0.98825,1,1,0.9995,present,Sub-polar or polar barren-lichen-moss
0.0412678288431062,0.9869485618438218,0.9025,0.9655,0.98825,1,1,0.9995,present,Sub-polar or polar barren-lichen-moss
0.0425990491283677,0.9869485618438218,0.9025,0.9655,0.98825,1,1,0.9995,present,Sub-polar or polar barren-lichen-moss
0.0439302694136292,0.9869485618438218,0.9025,0.9655,0.98825,1,1,0.9995,present,Sub-polar or polar barren-lichen-moss
0.0452614896988906,0.9869485618438218,0.9025,0.9655,0.98825,1,1,0.9995,present,Sub-polar or polar barren-lichen-moss
0.0465927099841521,0.9869485618438218,0.9025,0.9655,0.98825,1,1,0.9995,present,Sub-polar or polar barren-lichen-moss
0.0479239302694136,0.9869485618438218,0.9025,0.9655,0.98825,1,1,0.9995,present,Sub-polar or polar barren-lichen-moss
0.0492551505546751,0.9869485618438218,0.9025,0.9655,0.98825,1,1,0.9995,present,Sub-polar or polar barren-lichen-moss
0.0505863708399366,0.9869485618438218,0.9025,0.9655,0.98825,1,1,0.9995,present,Sub-polar or polar barren-lichen-moss
0.0519175911251981,0.9869485618438218,0.9025,0.9655,0.98825,1,1,0.9995,present,Sub-polar or polar barren-lichen-moss
0.0532488114104596,0.9869485618438218,0.9025,0.9655,0.98825,1,1,0.9995,present,Sub-polar or polar barren-lichen-moss
0.0545800316957211,0.9869485618438218,0.9025,0.9655,0.98825,1,1,0.9995,present,Sub-polar or polar barren-lichen-moss
0.0559112519809826,0.9869485618438218,0.9025,0.9655,0.98825,1,1,0.9995,present,Sub-polar or polar barren-lichen-moss
0.0572424722662441,0.9869485618438218,0.9025,0.9655,0.98825,1,1,0.9995,present,Sub-polar or polar barren-lichen-moss
0.0585736925515055,0.9869485618438218,0.9025,0.9655,0.98825,1,1,0.9995,present,Sub-polar or polar barren-lichen-moss
0.059904912836767,0.9869485618438218,0.9025,0.9655,0.98825,1,1,0.9995,present,Sub-polar or polar barren-lichen-moss
0.0612361331220285,0.9869485618438218,0.9025,0.9655,0.98825,1,1,0.9995,present,Sub-polar or polar barren-lichen-moss
0.06256735340729,0.9869485618438218,0.9025,0.9655,0.98825,1,1,0.9995,present,Sub-polar or polar barren-lichen-moss
0.0638985736925515,0.9869485618438218,0.9025,0.9655,0.98825,1,1,0.9995,present,Sub-polar or polar barren-lichen-moss
0.065229793977813,0.9869485618438218,0.9025,0.9655,0.98825,1,1,0.9995,present,Sub-polar or polar barren-lichen-moss
0.0665610142630745,0.9869485618438218,0.9025,0.9655,0.98825,1,1,0.9995,present,Sub-polar or polar barren-lichen-moss
