value,yhat,lb1,lb2,lb3,ub1,ub2,ub3,outcome,param
0,0.05707638051603569,0,0,0,0.24125,0.172,0.10825,absent,max_biomass
44.11669921875,0.05772994534201431,2.5e-4,5e-4,0.00125,0.241,0.1715,0.10775,absent,max_biomass
88.2333984375,0.05517313720761997,0.005,0.01075,0.01925,0.24675,0.12675,0.065,absent,max_biomass
132.35009765625,0.05186528414114621,0.00375,0.00875,0.0165,0.249,0.12,0.05675,absent,max_biomass
176.466796875,0.05985497548428583,0.00325,0.0085,0.02,0.267,0.14125,0.06925,absent,max_biomass
220.58349609375,0.07406430351257937,0.0035,0.01275,0.027,0.326,0.174,0.08875,absent,max_biomass
264.7001953125,0.08152041636524396,0.0035,0.01375,0.029,0.3435,0.19425,0.10175,absent,max_biomass
308.81689453125,0.0838738847359537,0.0035,0.014,0.02925,0.34875,0.202,0.1055,absent,max_biomass
352.93359375,0.0845548388393216,0.00325,0.014,0.0295,0.35,0.20375,0.10725,absent,max_biomass
397.05029296875,0.0840737279961418,0.00325,0.01375,0.0295,0.34875,0.2025,0.106,absent,max_biomass
441.1669921875,0.08458047986496263,0.00375,0.014,0.03,0.34825,0.20225,0.1065,absent,max_biomass
485.28369140625,0.08548412507033197,0.00375,0.014,0.0305,0.351,0.20425,0.10725,absent,max_biomass
529.400390625,0.085883630737079,0.00475,0.015,0.031,0.35475,0.205,0.10775,absent,max_biomass
573.51708984375,0.08675512418615867,0.005,0.0155,0.03125,0.36175,0.20675,0.109,absent,max_biomass
617.6337890625,0.08724041475765613,0.006,0.01625,0.0315,0.36275,0.2075,0.1095,absent,max_biomass
661.75048828125,0.08711174744795433,0.0055,0.016,0.0315,0.3605,0.207,0.10975,absent,max_biomass
705.8671875,0.08717840205771239,0.00575,0.01625,0.0315,0.35875,0.20675,0.11,absent,max_biomass
749.98388671875,0.08707453179004902,0.00575,0.01625,0.0315,0.357,0.20625,0.10975,absent,max_biomass
794.1005859375,0.08705861667068564,0.00575,0.01625,0.0315,0.35675,0.20675,0.10975,absent,max_biomass
838.21728515625,0.08711695201350372,0.00575,0.01625,0.0315,0.3565,0.20675,0.10975,absent,max_biomass
882.333984375,0.0871128526645768,0.00575,0.01625,0.0315,0.356,0.20675,0.11,absent,max_biomass
926.45068359375,0.08712997347480106,0.006,0.01625,0.0315,0.356,0.207,0.11,absent,max_biomass
970.5673828125,0.08727650510409131,0.00625,0.01625,0.03175,0.356,0.207,0.1105,absent,max_biomass
1014.68408203125,0.08742617152961982,0.0065,0.0165,0.03175,0.356,0.207,0.11075,absent,max_biomass
1058.80078125,0.08803516598344184,0.00825,0.0175,0.03225,0.35625,0.2075,0.11125,absent,max_biomass
1102.91748046875,0.09246131741821396,0.012,0.02325,0.03575,0.35625,0.20875,0.11775,absent,max_biomass
1147.0341796875,0.0927293224017362,0.012,0.02325,0.036,0.35625,0.20875,0.1185,absent,max_biomass
1191.15087890625,0.09271786833855798,0.012,0.02325,0.036,0.35625,0.20875,0.1185,absent,max_biomass
1235.267578125,0.092765814645125,0.012,0.02325,0.036,0.35625,0.20875,0.1185,absent,max_biomass
1279.38427734375,0.09277775098464754,0.012,0.02325,0.036,0.35625,0.209,0.1185,absent,max_biomass
1323.5009765625,0.09281940760389036,0.012,0.02325,0.036,0.35625,0.209,0.11875,absent,max_biomass
1367.61767578125,0.09297261072261073,0.012,0.02325,0.036,0.35675,0.20925,0.11925,absent,max_biomass
1411.734375,0.09304465075154732,0.012,0.02325,0.036,0.35675,0.20925,0.1195,absent,max_biomass
1455.85107421875,0.09311092355919942,0.012,0.02325,0.036,0.35675,0.2095,0.1195,absent,max_biomass
1499.9677734375,0.09322048066875654,0.012,0.02325,0.036,0.3565,0.20925,0.11975,absent,max_biomass
1544.08447265625,0.09368945422393699,0.012,0.02325,0.036,0.35675,0.21,0.12125,absent,max_biomass
1588.201171875,0.09383445864480348,0.012,0.02325,0.03625,0.35625,0.21,0.12175,absent,max_biomass
1632.31787109375,0.09395956916646572,0.012,0.02325,0.03625,0.356,0.2105,0.12225,absent,max_biomass
1676.4345703125,0.09404653966722931,0.012,0.02325,0.03625,0.356,0.2105,0.12225,absent,max_biomass
1720.55126953125,0.0940210995900651,0.012,0.02325,0.03625,0.356,0.2105,0.12225,absent,max_biomass
1764.66796875,0.0940210995900651,0.012,0.02325,0.03625,0.356,0.2105,0.12225,absent,max_biomass
1808.78466796875,0.09404786592717627,0.012,0.02325,0.03625,0.356,0.2105,0.1225,absent,max_biomass
1852.9013671875,0.09404879029016959,0.012,0.02325,0.03625,0.356,0.2105,0.1225,absent,max_biomass
1897.01806640625,0.09404927256651395,0.012,0.02325,0.03625,0.356,0.2105,0.1225,absent,max_biomass
1941.134765625,0.094050277308898,0.012,0.02325,0.03625,0.356,0.2105,0.1225,absent,max_biomass
1985.25146484375,0.094050277308898,0.012,0.02325,0.03625,0.356,0.2105,0.1225,absent,max_biomass
2029.3681640625,0.094050277308898,0.012,0.02325,0.03625,0.356,0.2105,0.1225,absent,max_biomass
2073.48486328125,0.094050277308898,0.012,0.02325,0.03625,0.356,0.2105,0.1225,absent,max_biomass
2117.6015625,0.094050277308898,0.012,0.02325,0.03625,0.356,0.2105,0.1225,absent,max_biomass
2161.71826171875,0.094050277308898,0.012,0.02325,0.03625,0.356,0.2105,0.1225,absent,max_biomass
2205.8349609375,0.094050277308898,0.012,0.02325,0.03625,0.356,0.2105,0.1225,absent,max_biomass
0,0.5278038609678822,0.391,0.41525,0.44925,0.7885,0.6585,0.579,present,max_biomass
44.11669921875,0.5289183077592098,0.39175,0.41715,0.4515,0.79025,0.65875,0.57925,present,max_biomass
88.2333984375,0.8555425545132633,0.62935,0.6725,0.7895,0.99675,0.9655,0.9355,present,max_biomass
132.35009765625,0.9077127104429397,0.6795,0.73225,0.85675,0.999,0.996,0.985,present,max_biomass
176.466796875,0.935423821208921,0.7165,0.77725,0.9135,1,0.99925,0.99675,present,max_biomass
220.58349609375,0.9513340373982729,0.7565,0.84825,0.936,0.99975,0.999,0.99675,present,max_biomass
264.7001953125,0.9542714480959185,0.76675,0.8625,0.93875,0.99975,0.999,0.99675,present,max_biomass
308.81689453125,0.9549249704913959,0.774,0.87,0.936,0.99975,0.999,0.9965,present,max_biomass
352.93359375,0.9532150245387339,0.775,0.869,0.93325,0.9996500000000001,0.9985,0.99575,present,max_biomass
397.05029296875,0.9503584674162887,0.778,0.8694,0.92725,0.99925,0.9975,0.994,present,max_biomass
441.1669921875,0.9481080636143381,0.7836,0.87025,0.92125,0.99865,0.99675,0.99225,present,max_biomass
485.28369140625,0.9450177517549854,0.7836,0.876,0.92675,0.99575,0.9905,0.98225,present,max_biomass
529.400390625,0.9371393116729825,0.77935,0.86925,0.919,0.99425,0.98775,0.9725,present,max_biomass
573.51708984375,0.936968239423495,0.7766,0.86575,0.917,0.9975,0.9905,0.974,present,max_biomass
617.6337890625,0.9371346213580171,0.77575,0.864,0.91675,0.99875,0.99135,0.97475,present,max_biomass
661.75048828125,0.9267353544138659,0.7724500000000001,0.8575,0.90725,0.99875,0.9805,0.962,present,max_biomass
705.8671875,0.9183578151208299,0.76875,0.85225,0.899,0.99875,0.9730999999999999,0.95175,present,max_biomass
749.98388671875,0.9115118966267006,0.767,0.84725,0.8915,0.99875,0.97085,0.94275,present,max_biomass
794.1005859375,0.9096462384295211,0.76575,0.8465,0.88975,0.99875,0.96975,0.94025,present,max_biomass
838.21728515625,0.9085340591414549,0.765,0.84565,0.8885,0.9985,0.9685999999999999,0.939,present,max_biomass
882.333984375,0.9080550413120457,0.7644500000000001,0.84525,0.888,0.998,0.9675999999999999,0.93875,present,max_biomass
926.45068359375,0.9075282350748587,0.764,0.8445,0.8875,0.99775,0.9665,0.9385,present,max_biomass
970.5673828125,0.9072951015717214,0.76335,0.84375,0.88725,0.997,0.96625,0.9385,present,max_biomass
1014.68408203125,0.9071982201652482,0.7631000000000001,0.84325,0.88725,0.997,0.966,0.93825,present,max_biomass
1058.80078125,0.9072340653537927,0.76325,0.84325,0.88725,0.997,0.966,0.9385,present,max_biomass
1102.91748046875,0.9072967167795242,0.7631000000000001,0.8435,0.88725,0.997,0.9665,0.9385,present,max_biomass
1147.0341796875,0.9073302478722743,0.7631000000000001,0.8435,0.88725,0.997,0.9665,0.9385,present,max_biomass
1191.15087890625,0.9073281978008325,0.7631000000000001,0.8435,0.88725,0.997,0.9665,0.9385,present,max_biomass
1235.267578125,0.9073446449649003,0.76325,0.8435,0.88725,0.997,0.9665,0.9385,present,max_biomass
1279.38427734375,0.9073482947133006,0.76325,0.8435,0.88725,0.997,0.9665,0.9385,present,max_biomass
1323.5009765625,0.9073543362117165,0.7631000000000001,0.8435,0.88725,0.997,0.9665,0.9385,present,max_biomass
1367.61767578125,0.9073773839845933,0.76325,0.8435,0.88725,0.997,0.9665,0.9385,present,max_biomass
1411.734375,0.907381841336895,0.76335,0.84365,0.88725,0.997,0.9665,0.9385,present,max_biomass
1455.85107421875,0.9073779275641424,0.76335,0.84375,0.88725,0.99675,0.9665,0.9385,present,max_biomass
1499.9677734375,0.9070124867987824,0.76285,0.843,0.887,0.9955,0.966,0.93825,present,max_biomass
1544.08447265625,0.9069262906131577,0.76285,0.843,0.887,0.9949000000000001,0.9658499999999999,0.93825,present,max_biomass
1588.201171875,0.906854243026651,0.763,0.84275,0.887,0.99425,0.96575,0.93825,present,max_biomass
1632.31787109375,0.9066410355966951,0.763,0.84225,0.88675,0.9926500000000001,0.9655,0.93825,present,max_biomass
1676.4345703125,0.9065716127228676,0.7626,0.84225,0.88675,0.992,0.9655,0.93825,present,max_biomass
1720.55126953125,0.9062970584580977,0.76235,0.842,0.88675,0.99,0.965,0.938,present,max_biomass
1764.66796875,0.9062970584580977,0.76235,0.842,0.88675,0.99,0.965,0.938,present,max_biomass
1808.78466796875,0.9064242716034043,0.76235,0.842,0.88675,0.991,0.96525,0.93825,present,max_biomass
1852.9013671875,0.9064383891408336,0.7625,0.84225,0.88675,0.991,0.96525,0.93825,present,max_biomass
1897.01806640625,0.9064442442691184,0.7625,0.84225,0.88675,0.991,0.96525,0.93825,present,max_biomass
1941.134765625,0.906444337454184,0.7625,0.84225,0.88675,0.991,0.96525,0.93825,present,max_biomass
1985.25146484375,0.906444337454184,0.7625,0.84225,0.88675,0.991,0.96525,0.93825,present,max_biomass
2029.3681640625,0.906444337454184,0.7625,0.84225,0.88675,0.991,0.96525,0.93825,present,max_biomass
2073.48486328125,0.906444337454184,0.7625,0.84225,0.88675,0.991,0.96525,0.93825,present,max_biomass
2117.6015625,0.906444337454184,0.7625,0.84225,0.88675,0.991,0.96525,0.93825,present,max_biomass
2161.71826171875,0.906444337454184,0.7625,0.84225,0.88675,0.991,0.96525,0.93825,present,max_biomass
2205.8349609375,0.906444337454184,0.7625,0.84225,0.88675,0.991,0.96525,0.93825,present,max_biomass
0,0.039302608311229004,0,0,0,0.30825,0.11625,0.03875,absent,host_trees
1,0.054994353347801624,0.00175,0.00775,0.02125,0.257,0.11525,0.0575,absent,host_trees
0,0.665059296763372,0.44075,0.49525,0.55175,0.92625,0.864,0.7805,present,host_trees
1,0.9843375163073864,0.88525,0.96125,0.988,1,0.99975,0.99925,present,host_trees
0,0.041387348283900005,0,0,0,0.25,0.131,0.05625,absent,mean_cover
1.97280353200883,0.0423059038662487,0,0,2.5e-4,0.25675,0.1335,0.0575,absent,mean_cover
3.94560706401766,0.04388198295956917,0,0,5e-4,0.26825,0.13675,0.05875,absent,mean_cover
5.91841059602649,0.046348364279398764,0,5e-4,0.0015,0.2865,0.14225,0.05925,absent,mean_cover
7.89121412803532,0.04863166144200627,2.5e-4,0.00125,0.00325,0.29625,0.145,0.05975,absent,mean_cover
9.86401766004415,0.04980909894702998,2.5e-4,0.0015,0.004,0.3015,0.146,0.06075,absent,mean_cover
11.836821192053,0.05795297805642634,0.00275,0.008,0.01575,0.3,0.14425,0.066,absent,mean_cover
13.8096247240618,0.062335182059319996,0.003,0.00975,0.02025,0.2975,0.1465,0.07175,absent,mean_cover
15.7824282560706,0.06691739008118319,0.00325,0.011,0.02375,0.286,0.14525,0.0805,absent,mean_cover
17.7552317880795,0.0680923760147898,0.003,0.011,0.02425,0.28575,0.147,0.08275,absent,mean_cover
19.7280353200883,0.06900291375291374,0.003,0.01125,0.02475,0.2855,0.1485,0.084,absent,mean_cover
21.7008388520971,0.071044228759746,0.00375,0.01175,0.026,0.29125,0.15375,0.0855,absent,mean_cover
23.673642384106,0.07330805401495057,0.0045,0.01275,0.02775,0.292,0.15575,0.08875,absent,mean_cover
25.6464459161148,0.07438973957077405,0.005,0.01325,0.02875,0.29475,0.15825,0.09,absent,mean_cover
27.6192494481236,0.07431569005706937,0.00425,0.0125,0.028,0.29775,0.159,0.09025,absent,mean_cover
29.5920529801324,0.07617100715376578,0.00475,0.013,0.029,0.30375,0.16275,0.092,absent,mean_cover
31.5648565121413,0.07710933606623262,0.00475,0.013,0.0295,0.3075,0.16525,0.09325,absent,mean_cover
33.5376600441501,0.0782727071778796,0.005,0.0135,0.03075,0.3085,0.166,0.0945,absent,mean_cover
35.5104635761589,0.07955094043887148,0.00575,0.014,0.03175,0.3115,0.1685,0.09575,absent,mean_cover
37.4832671081678,0.07963005385419178,0.00525,0.013,0.0315,0.31375,0.17,0.096,absent,mean_cover
39.4560706401766,0.08051597540390644,0.00525,0.01325,0.0325,0.3155,0.17075,0.0965,absent,mean_cover
41.4288741721854,0.08518778635157945,0.005,0.01575,0.03825,0.319,0.175,0.10075,absent,mean_cover
43.4016777041942,0.08563791093963509,0.0045,0.01575,0.03825,0.32175,0.1765,0.10175,absent,mean_cover
45.3744812362031,0.08603884334056747,0.00425,0.01575,0.0385,0.323,0.177,0.10225,absent,mean_cover
47.3472847682119,0.08651065026927096,0.004,0.0155,0.0385,0.326,0.177,0.103,absent,mean_cover
49.3200883002207,0.0873543726388554,0.004,0.0155,0.0395,0.3265,0.17825,0.104,absent,mean_cover
51.2928918322296,0.0875627963990033,0.004,0.0155,0.03975,0.32625,0.1785,0.104,absent,mean_cover
53.2656953642384,0.08765288160115746,0.004,0.0155,0.03975,0.32575,0.17875,0.1045,absent,mean_cover
55.2384988962472,0.0878534281810144,0.004,0.0155,0.04,0.32575,0.17975,0.10475,absent,mean_cover
57.2113024282561,0.08870685636202878,0.004,0.01525,0.04075,0.325,0.18075,0.106,absent,mean_cover
59.1841059602649,0.09054416847520295,0.0045,0.016,0.0425,0.32425,0.183,0.108,absent,mean_cover
61.1569094922737,0.08984896712482919,0.00375,0.0145,0.04225,0.324,0.1815,0.1075,absent,mean_cover
63.1297130242825,0.08991339120649465,0.0035,0.014,0.04275,0.32425,0.181,0.1075,absent,mean_cover
65.1025165562914,0.09061544489992765,0.0035,0.01325,0.04375,0.32325,0.179,0.108,absent,mean_cover
67.0753200883002,0.0900384012539185,0.003,0.01225,0.0435,0.3235,0.177,0.1075,absent,mean_cover
69.048123620309,0.08951657824933686,0.0025,0.01125,0.04325,0.322,0.17625,0.10725,absent,mean_cover
71.0209271523179,0.0891617635238325,0.0025,0.011,0.04275,0.321,0.1755,0.10675,absent,mean_cover
72.9937306843267,0.08913192267502612,0.00275,0.011,0.04275,0.32025,0.1755,0.10675,absent,mean_cover
74.9665342163355,0.08879426894944135,0.00225,0.01025,0.0425,0.32,0.1755,0.1065,absent,mean_cover
76.9393377483444,0.08878142834177316,0.00225,0.0105,0.0425,0.31825,0.175,0.1065,absent,mean_cover
78.9121412803532,0.08850725424001286,0.00225,0.01025,0.04225,0.31375,0.1745,0.106,absent,mean_cover
80.884944812362,0.08849238405272887,0.0025,0.0105,0.04225,0.3155,0.1745,0.106,absent,mean_cover
82.8577483443708,0.08809094928060444,0.002,0.01,0.04225,0.31425,0.17325,0.1055,absent,mean_cover
84.8305518763797,0.08757521501487019,0.00175,0.0095,0.0415,0.31125,0.17225,0.105,absent,mean_cover
86.8033554083885,0.08755994293063257,0.00175,0.00925,0.04125,0.3125,0.173,0.105,absent,mean_cover
88.7761589403973,0.08756142994936099,0.00175,0.0095,0.0415,0.31175,0.1725,0.10525,absent,mean_cover
90.7489624724062,0.08752582187927016,0.002,0.0095,0.0415,0.3095,0.1725,0.10525,absent,mean_cover
92.721766004415,0.08751434772124428,0.00225,0.00975,0.0415,0.3095,0.1725,0.10525,absent,mean_cover
94.6945695364238,0.08745356080700908,0.002,0.00975,0.0415,0.3085,0.17225,0.10525,absent,mean_cover
96.6673730684327,0.08723629531388152,0.00225,0.00975,0.0415,0.306,0.172,0.10525,absent,mean_cover
98.6401766004415,0.08723173378345792,0.00225,0.00975,0.0415,0.306,0.172,0.10525,absent,mean_cover
0,0.43849310430515004,0.16535,0.27325,0.34075,0.7705,0.6745999999999999,0.5205,present,mean_cover
1.97280353200883,0.4477580605081692,0.1665,0.2765,0.3475,0.79425,0.6930999999999998,0.528,present,mean_cover
3.94560706401766,0.511667779710505,0.19285000000000002,0.313,0.41675,0.896,0.753,0.589,present,mean_cover
5.91841059602649,0.6035031527613841,0.2061,0.34,0.521,0.937,0.82575,0.6935,present,mean_cover
7.89121412803532,0.6663077747406349,0.2165,0.35475,0.58625,0.96775,0.87075,0.7735,present,mean_cover
9.86401766004415,0.6871052835932161,0.22275,0.36075,0.60675,0.97875,0.88375,0.802,present,mean_cover
11.836821192053,0.7360829036466423,0.25285,0.4005,0.6775,0.988,0.91635,0.85775,present,mean_cover
13.8096247240618,0.7524261663664037,0.26135,0.4126500000000001,0.69975,0.9895,0.92325,0.8765,present,mean_cover
15.7824282560706,0.8203306827359135,0.33635000000000004,0.50365,0.785,0.997,0.9693499999999999,0.93475,present,mean_cover
17.7552317880795,0.824831195253774,0.34325,0.505,0.79575,0.99725,0.97225,0.93825,present,mean_cover
19.7280353200883,0.8319705224576007,0.3805,0.5165,0.80575,0.997,0.9735,0.941,present,mean_cover
21.7008388520971,0.8638393800086973,0.5181,0.58575,0.83325,0.99775,0.98075,0.958,present,mean_cover
23.673642384106,0.8790686929241474,0.5376,0.5999000000000001,0.8525,0.9985,0.9895,0.97275,present,mean_cover
25.6464459161148,0.8902265018326396,0.55725,0.62075,0.8695,0.99875,0.99225,0.97975,present,mean_cover
27.6192494481236,0.9068367552960179,0.59335,0.66025,0.8875,0.9995,0.9975,0.99125,present,mean_cover
29.5920529801324,0.9238663881468596,0.67125,0.7325,0.90225,0.99975,0.998,0.993,present,mean_cover
31.5648565121413,0.9278137541156737,0.6875,0.74425,0.908,0.99975,0.99825,0.99375,present,mean_cover
33.5376600441501,0.9312911101447475,0.69935,0.75525,0.9125,0.99975,0.9985,0.99425,present,mean_cover
35.5104635761589,0.9373185376157048,0.72585,0.77525,0.92075,0.99975,0.99875,0.99525,present,mean_cover
37.4832671081678,0.9409702273715599,0.74285,0.786,0.926,0.99975,0.99875,0.9955,present,mean_cover
39.4560706401766,0.94546030316208,0.762,0.80625,0.9305,0.99975,0.999,0.996,present,mean_cover
41.4288741721854,0.9543970460334223,0.79125,0.843,0.9425,0.99975,0.999,0.9965,present,mean_cover
43.4016777041942,0.9582445176119775,0.8006,0.8584,0.94825,0.99975,0.999,0.997,present,mean_cover
45.3744812362031,0.9593850251599677,0.80375,0.86375,0.94925,0.99975,0.999,0.997,present,mean_cover
47.3472847682119,0.9619263993290675,0.80725,0.8775,0.95225,1,0.99925,0.9975,present,mean_cover
49.3200883002207,0.9635358296577001,0.8115,0.8855,0.95375,1,0.99925,0.9975,present,mean_cover
51.2928918322296,0.9640067714480959,0.81275,0.88975,0.95375,1,0.99925,0.99725,present,mean_cover
53.2656953642384,0.9642424520096913,0.81335,0.89475,0.9535,0.99975,0.99925,0.997,present,mean_cover
55.2384988962472,0.9645232030813196,0.814,0.899,0.95425,1,0.99925,0.99675,present,mean_cover
57.2113024282561,0.9674695129527242,0.816,0.918,0.95825,0.9995,0.99875,0.99625,present,mean_cover
59.1841059602649,0.9679632695533329,0.8106,0.92175,0.96175,0.99975,0.999,0.9965,present,mean_cover
61.1569094922737,0.9659808194073429,0.803,0.90875,0.96,1,0.999,0.9965,present,mean_cover
63.1297130242825,0.964797912654532,0.7961,0.90275,0.9595,1,0.99925,0.99675,present,mean_cover
65.1025165562914,0.9630912903025408,0.78635,0.8969,0.9575,1,0.99925,0.99675,present,mean_cover
67.0753200883002,0.95955275827794,0.76485,0.8815,0.95475,1,0.999,0.9965,present,mean_cover
69.048123620309,0.9545708517114991,0.7325,0.86675,0.9485,0.99975,0.99875,0.99575,present,mean_cover
71.0209271523179,0.9531484438094054,0.72985,0.8629,0.946,0.99975,0.9985,0.99525,present,mean_cover
72.9937306843267,0.9517666801267317,0.7251,0.8584,0.9445,0.99975,0.9985,0.995,present,mean_cover
74.9665342163355,0.9472517705162452,0.7141,0.85175,0.93925,0.999,0.99725,0.992,present,mean_cover
76.9393377483444,0.9453198422066224,0.71125,0.8475,0.93625,0.9995,0.9975,0.991,present,mean_cover
78.9121412803532,0.9400260296949742,0.7075,0.83925,0.927,0.99925,0.9965,0.98825,present,mean_cover
80.884944812362,0.9376433030999565,0.7005,0.83275,0.923,0.9995,0.99675,0.988,present,mean_cover
82.8577483443708,0.9323688109585637,0.6891,0.82175,0.915,0.9995,0.996,0.9855,present,mean_cover
84.8305518763797,0.9223327949307324,0.67125,0.8025,0.89575,0.99925,0.99425,0.98125,present,mean_cover
86.8033554083885,0.9039423650369633,0.6602,0.774,0.86575,0.99825,0.99075,0.96925,present,mean_cover
88.7761589403973,0.8874145958874324,0.654,0.7569000000000001,0.84125,0.996,0.9840999999999999,0.95625,present,mean_cover
90.7489624724062,0.8803722898676772,0.65275,0.7505,0.8335,0.99425,0.979,0.94975,present,mean_cover
92.721766004415,0.8735034633782693,0.65175,0.74525,0.8275,0.991,0.9725,0.942,present,mean_cover
94.6945695364238,0.8690973628626452,0.65,0.742,0.82275,0.9865,0.9675,0.9375,present,mean_cover
96.6673730684327,0.8558071224451762,0.64975,0.73725,0.81375,0.982,0.9425,0.91425,present,mean_cover
98.6401766004415,0.8556395601664907,0.64975,0.73725,0.8135,0.981,0.94225,0.914,present,mean_cover
0,0.04462263885539748,0,0,0,0.25325,0.13775,0.05875,absent,mean_biomass
10.2127602415106,0.03883705088015433,0,2.5e-4,0.00125,0.23725,0.119,0.04625,absent,mean_biomass
20.4255204830212,0.038716180371352785,0.00125,0.00275,0.006,0.23425,0.1095,0.0415,absent,mean_biomass
30.6382807245317,0.044693573667711595,0.00375,0.0075,0.01375,0.23175,0.10675,0.045,absent,mean_biomass
40.8510409660423,0.05140302226509123,0.004,0.012,0.02125,0.234,0.116,0.05225,absent,mean_biomass
51.0638012075529,0.0584244835624146,0.004,0.012,0.02925,0.237,0.128,0.05975,absent,mean_biomass
61.2765614490635,0.061754079254079254,0.00375,0.01075,0.0335,0.24325,0.13075,0.0645,absent,mean_biomass
71.4893216905741,0.07085686439996786,0.00275,0.01025,0.04075,0.25575,0.135,0.078,absent,mean_biomass
81.7020819320846,0.07839253275460172,0.00275,0.01025,0.047,0.25975,0.1425,0.0895,absent,mean_biomass
91.9148421735952,0.09019242826139379,0.0025,0.011,0.056,0.2745,0.15825,0.1075,absent,mean_biomass
102.127602415106,0.09388869463869463,0.00225,0.01125,0.058,0.27775,0.164,0.113,absent,mean_biomass
112.340362656616,0.09421413069688932,0.0025,0.01225,0.05925,0.27975,0.16425,0.11275,absent,mean_biomass
122.553122898127,0.09596646169922032,0.003,0.0145,0.0615,0.2865,0.16825,0.11475,absent,mean_biomass
132.765883139638,0.09868639980708946,0.0035,0.018,0.0645,0.293,0.17425,0.1175,absent,mean_biomass
142.978643381148,0.10126247890040993,0.00375,0.02375,0.0675,0.30025,0.1775,0.12,absent,mean_biomass
153.191403622659,0.10216986174744797,0.004,0.026,0.06875,0.30175,0.17925,0.12075,absent,mean_biomass
163.404163864169,0.10339317578972751,0.00475,0.02975,0.07,0.303,0.181,0.12175,absent,mean_biomass
173.61692410568,0.10385827103930553,0.00475,0.031,0.07075,0.3025,0.18125,0.1225,absent,mean_biomass
183.82968434719,0.1043382364761675,0.005,0.03275,0.07125,0.302,0.18175,0.12275,absent,mean_biomass
194.042444588701,0.10522365565469015,0.00525,0.035,0.07225,0.3025,0.183,0.12375,absent,mean_biomass
204.255204830212,0.10562922996543687,0.00525,0.0365,0.07275,0.3025,0.18325,0.12425,absent,mean_biomass
214.467965071722,0.10618983602604291,0.0055,0.03775,0.0735,0.30275,0.18425,0.125,absent,mean_biomass
224.680725313233,0.10644411622859899,0.00575,0.039,0.07375,0.30175,0.184,0.12525,absent,mean_biomass
234.893485554743,0.10662342255445703,0.00575,0.03925,0.07375,0.30325,0.18375,0.12525,absent,mean_biomass
245.106245796254,0.10673617474479542,0.00575,0.0405,0.07425,0.302,0.184,0.12525,absent,mean_biomass
255.319006037764,0.10630694879832811,0.0055,0.0405,0.074,0.29775,0.183,0.125,absent,mean_biomass
265.531766279275,0.10583512177477694,0.00525,0.04,0.0735,0.29575,0.1825,0.12475,absent,mean_biomass
275.744526520786,0.10551999437344264,0.00525,0.03975,0.0735,0.2935,0.182,0.1245,absent,mean_biomass
285.957286762296,0.10548563218390804,0.005,0.04,0.0735,0.293,0.182,0.1245,absent,mean_biomass
296.170047003807,0.10540304235993891,0.005,0.04,0.0735,0.29225,0.18175,0.12475,absent,mean_biomass
306.382807245317,0.10542607105538139,0.005,0.04,0.0735,0.29225,0.18175,0.12475,absent,mean_biomass
316.595567486828,0.10540364520536934,0.005,0.03975,0.0735,0.29225,0.18175,0.12475,absent,mean_biomass
326.808327728339,0.10542727674624226,0.005,0.04,0.0735,0.2925,0.18175,0.12475,absent,mean_biomass
337.021087969849,0.10546955630576321,0.005,0.04,0.0735,0.29275,0.18175,0.12475,absent,mean_biomass
347.23384821136,0.10551661843903223,0.005,0.04,0.0735,0.2925,0.18175,0.125,absent,mean_biomass
357.44660845287,0.1055175026123302,0.005,0.04,0.0735,0.2925,0.18175,0.125,absent,mean_biomass
367.659368694381,0.10553737641668677,0.005,0.04025,0.07375,0.2925,0.182,0.125,absent,mean_biomass
377.872128935891,0.10553578892371995,0.005,0.04025,0.07375,0.2925,0.18175,0.125,absent,mean_biomass
388.084889177402,0.10553976770356081,0.005,0.04025,0.07375,0.2925,0.18175,0.125,absent,mean_biomass
398.297649418913,0.10554780564263322,0.005,0.04025,0.07375,0.2925,0.18175,0.125,absent,mean_biomass
408.510409660423,0.10556273611446025,0.005,0.04025,0.07375,0.2925,0.18175,0.125,absent,mean_biomass
418.723169901934,0.10557179889076442,0.00525,0.04025,0.07375,0.2925,0.18175,0.125,absent,mean_biomass
428.935930143444,0.10558403665300216,0.00525,0.04025,0.07375,0.2925,0.18175,0.125,absent,mean_biomass
439.148690384955,0.10558753315649867,0.00525,0.04025,0.07375,0.2925,0.18175,0.125,absent,mean_biomass
449.361450626466,0.10560401093159714,0.00525,0.0405,0.07375,0.2925,0.18175,0.125,absent,mean_biomass
459.574210867976,0.10560811028052407,0.00525,0.0405,0.07375,0.2925,0.18175,0.125,absent,mean_biomass
469.786971109487,0.10560033357447152,0.00525,0.0405,0.07375,0.2925,0.18175,0.125,absent,mean_biomass
479.999731350997,0.10559856522787557,0.00525,0.0405,0.07375,0.2925,0.18175,0.125,absent,mean_biomass
490.212491592508,0.10560471425126598,0.00525,0.0405,0.07375,0.2925,0.18175,0.125,absent,mean_biomass
500.425251834018,0.10561612812474883,0.0055,0.0405,0.07375,0.2925,0.18175,0.125,absent,mean_biomass
510.638012075529,0.10561612812474883,0.0055,0.0405,0.07375,0.2925,0.18175,0.125,absent,mean_biomass
0,0.7312621140585202,0.4835,0.57525,0.69225,0.8985500000000002,0.8235999999999999,0.7915,present,mean_biomass
10.2127602415106,0.8331338914083369,0.50375,0.61325,0.75575,0.99,0.9685,0.93375,present,mean_biomass
20.4255204830212,0.8728025408461204,0.5375,0.6685,0.80325,0.99675,0.9875,0.96825,present,mean_biomass
30.6382807245317,0.886613685779959,0.547,0.6835,0.8225,0.99925,0.99525,0.9815,present,mean_biomass
40.8510409660423,0.892679753991427,0.55325,0.68925,0.83325,0.99975,0.99725,0.987,present,mean_biomass
51.0638012075529,0.8986846617382122,0.5710999999999999,0.69775,0.84625,0.99975,0.99775,0.99,present,mean_biomass
61.2765614490635,0.9111273373920606,0.66125,0.728,0.8645,0.9995,0.99775,0.99175,present,mean_biomass
71.4893216905741,0.9364344598372367,0.756,0.81775,0.9035,0.9995,0.998,0.9925,present,mean_biomass
81.7020819320846,0.9442607628750699,0.78035,0.83925,0.91475,0.99975,0.9985,0.99375,present,mean_biomass
91.9148421735952,0.9495564546188731,0.79575,0.85525,0.92525,0.99975,0.9985,0.99425,present,mean_biomass
102.127602415106,0.9494391812138907,0.79775,0.8595,0.9255,0.99975,0.99875,0.99475,present,mean_biomass
112.340362656616,0.949918866869603,0.80075,0.86275,0.92775,0.99975,0.99875,0.9945,present,mean_biomass
122.553122898127,0.9518153227309437,0.8076,0.87275,0.93275,0.999,0.9975,0.993,present,mean_biomass
132.765883139638,0.9547923681431323,0.81325,0.8815,0.93575,0.99975,0.9985,0.9945,present,mean_biomass
142.978643381148,0.955718053053364,0.8161,0.8839,0.9375,0.99975,0.99875,0.9945,present,mean_biomass
153.191403622659,0.9561022240168976,0.81785,0.88775,0.939,0.99975,0.9985,0.994,present,mean_biomass
163.404163864169,0.9555528514630056,0.8205,0.89065,0.9385,0.99925,0.99775,0.99275,present,mean_biomass
173.61692410568,0.9542256942287383,0.8189000000000001,0.89415,0.9365,0.99875,0.99675,0.991,present,mean_biomass
183.82968434719,0.9539437938746351,0.8185500000000001,0.8955,0.936,0.9985,0.996,0.99025,present,mean_biomass
194.042444588701,0.9526019599925453,0.8165,0.8956500000000001,0.93775,0.996,0.9915,0.9855,present,mean_biomass
204.255204830212,0.9466593930546064,0.81525,0.89075,0.935,0.99175,0.98425,0.97625,present,mean_biomass
214.467965071722,0.9144990526185003,0.8031,0.8705,0.89675,0.987,0.962,0.94075,present,mean_biomass
224.680725313233,0.908894840653538,0.7976,0.8625,0.88825,0.9884000000000002,0.9595,0.93575,present,mean_biomass
234.893485554743,0.9062693048394111,0.79425,0.859,0.88475,0.99575,0.957,0.93225,present,mean_biomass
245.106245796254,0.8876984997204448,0.782,0.83725,0.86025,0.9975,0.9475,0.9115,present,mean_biomass
255.319006037764,0.8684723085046903,0.7611,0.8125,0.83325,0.998,0.9385999999999999,0.896,present,mean_biomass
265.531766279275,0.8553229483754737,0.72925,0.794,0.81725,0.99875,0.9335,0.887,present,mean_biomass
275.744526520786,0.8435944896564578,0.71275,0.7775,0.802,0.9985,0.93185,0.8805,present,mean_biomass
285.957286762296,0.8367933155246319,0.702,0.768,0.79375,0.99725,0.9293499999999999,0.87725,present,mean_biomass
296.170047003807,0.8285425855749519,0.6845,0.75675,0.78425,0.99425,0.92525,0.8715,present,mean_biomass
306.382807245317,0.8211563024165994,0.6648499999999999,0.7464000000000001,0.77625,0.9925,0.92075,0.867,present,mean_biomass
316.595567486828,0.8167003944834441,0.65635,0.74115,0.772,0.99025,0.91635,0.86325,present,mean_biomass
326.808327728339,0.8144722774430019,0.65275,0.73825,0.77,0.98875,0.914,0.8615,present,mean_biomass
337.021087969849,0.8140886811207058,0.65135,0.7375,0.76975,0.98825,0.9135999999999999,0.8615,present,mean_biomass
347.23384821136,0.8137928030067715,0.6511,0.737,0.7695,0.98675,0.9130999999999999,0.86125,present,mean_biomass
357.44660845287,0.8135993042181773,0.6505,0.73675,0.76925,0.9865,0.913,0.86125,present,mean_biomass
367.659368694381,0.813580713797602,0.65075,0.737,0.76925,0.9865,0.913,0.86125,present,mean_biomass
377.872128935891,0.8133939709262595,0.65035,0.73675,0.76925,0.98625,0.9128499999999999,0.861,present,mean_biomass
388.084889177402,0.8131038081630116,0.65,0.7365,0.76875,0.986,0.9128499999999999,0.86075,present,mean_biomass
398.297649418913,0.8131912002236441,0.64985,0.73675,0.76925,0.98575,0.9125999999999999,0.86075,present,mean_biomass
408.510409660423,0.8131798161148039,0.6496,0.73665,0.76925,0.98575,0.9125999999999999,0.86075,present,mean_biomass
418.723169901934,0.8131920544200782,0.64975,0.73665,0.76925,0.98575,0.9125999999999999,0.86075,present,mean_biomass
428.935930143444,0.8131608840156551,0.64975,0.73675,0.769,0.98575,0.9125,0.86075,present,mean_biomass
439.148690384955,0.8131403367087036,0.6496,0.73665,0.769,0.9855,0.9125,0.86075,present,mean_biomass
449.361450626466,0.812932052556377,0.649,0.7365,0.769,0.98525,0.912,0.86075,present,mean_biomass
459.574210867976,0.812807603901348,0.64835,0.7365,0.769,0.984,0.9115,0.8605,present,mean_biomass
469.786971109487,0.812472292973846,0.6476,0.736,0.769,0.9824,0.911,0.8605,present,mean_biomass
479.999731350997,0.8124009908678635,0.6476,0.736,0.769,0.98175,0.9108499999999999,0.8605,present,mean_biomass
490.212491592508,0.8124010374603963,0.6476,0.736,0.769,0.98175,0.9108499999999999,0.8605,present,mean_biomass
500.425251834018,0.8124011772379947,0.6476,0.736,0.769,0.98175,0.9108499999999999,0.8605,present,mean_biomass
510.638012075529,0.8124011772379947,0.6476,0.736,0.769,0.98175,0.9108499999999999,0.8605,present,mean_biomass
0,0.055805984245639415,0,0,0,0.27325,0.16,0.08675,absent,Temperate or sub-polar needleleaf forest
0.02,0.04625695281729764,2.5e-4,0.00125,0.0035,0.273,0.132,0.0585,absent,Temperate or sub-polar needleleaf forest
0.04,0.044954404790611684,2.5e-4,0.001,0.0035,0.273,0.12875,0.0545,absent,Temperate or sub-polar needleleaf forest
0.06,0.04428826058998473,2.5e-4,0.001,0.0035,0.2725,0.12825,0.05275,absent,Temperate or sub-polar needleleaf forest
0.08,0.043683305200546585,2.5e-4,0.00125,0.0035,0.2715,0.12675,0.05125,absent,Temperate or sub-polar needleleaf forest
0.1,0.04339685314685315,2.5e-4,0.00125,0.00375,0.27175,0.126,0.0505,absent,Temperate or sub-polar needleleaf forest
0.12,0.04308371513543927,2.5e-4,0.00125,0.00375,0.272,0.12475,0.04925,absent,Temperate or sub-polar needleleaf forest
0.14,0.04270770034563138,2.5e-4,0.00125,0.00375,0.27225,0.12275,0.04825,absent,Temperate or sub-polar needleleaf forest
0.16,0.04199015352463628,2.5e-4,0.00125,0.00375,0.27125,0.12125,0.04625,absent,Temperate or sub-polar needleleaf forest
0.18,0.04147126436781609,5e-4,0.0015,0.00425,0.2695,0.11925,0.0445,absent,Temperate or sub-polar needleleaf forest
0.2,0.04117739731532835,2.5e-4,0.0015,0.00425,0.26925,0.11775,0.0435,absent,Temperate or sub-polar needleleaf forest
0.22,0.04119278996865204,5e-4,0.0015,0.00425,0.2695,0.1175,0.0435,absent,Temperate or sub-polar needleleaf forest
0.24,0.04140762398521019,5e-4,0.0015,0.0045,0.27,0.1175,0.04375,absent,Temperate or sub-polar needleleaf forest
0.26,0.041809500843983605,5e-4,0.0015,0.00475,0.2725,0.1185,0.04475,absent,Temperate or sub-polar needleleaf forest
0.28,0.041612872759424484,5e-4,0.0015,0.00475,0.273,0.11725,0.04425,absent,Temperate or sub-polar needleleaf forest
0.3,0.041676472952335016,5e-4,0.00175,0.005,0.27325,0.11675,0.044,absent,Temperate or sub-polar needleleaf forest
0.32,0.04147707177879592,5e-4,0.00175,0.00525,0.273,0.116,0.0435,absent,Temperate or sub-polar needleleaf forest
0.34,0.041453560807009085,5e-4,0.00175,0.005,0.2715,0.11575,0.04375,absent,Temperate or sub-polar needleleaf forest
0.36,0.0426027851458886,0.001,0.00275,0.00675,0.271,0.1155,0.044,absent,Temperate or sub-polar needleleaf forest
0.38,0.04269150389840045,0.001,0.00275,0.007,0.26975,0.1145,0.04375,absent,Temperate or sub-polar needleleaf forest
0.4,0.04324517723655655,0.00125,0.0035,0.00825,0.27,0.1145,0.044,absent,Temperate or sub-polar needleleaf forest
0.42,0.04456701631701632,0.0015,0.00475,0.01,0.2715,0.115,0.04475,absent,Temperate or sub-polar needleleaf forest
0.44,0.04665957318543525,0.002,0.00625,0.01225,0.2705,0.1145,0.04625,absent,Temperate or sub-polar needleleaf forest
0.46,0.04563351016799293,0.0015,0.00575,0.011,0.27,0.113,0.0455,absent,Temperate or sub-polar needleleaf forest
0.48,0.04552915762398521,0.0015,0.00575,0.011,0.26875,0.11225,0.0455,absent,Temperate or sub-polar needleleaf forest
0.5,0.045794751225785704,0.00175,0.00575,0.0115,0.268,0.11175,0.046,absent,Temperate or sub-polar needleleaf forest
0.52,0.045881601157463224,0.00175,0.006,0.0115,0.26725,0.11225,0.0465,absent,Temperate or sub-polar needleleaf forest
0.54,0.04577385258419741,0.00175,0.006,0.01125,0.2655,0.11125,0.0465,absent,Temperate or sub-polar needleleaf forest
0.56,0.04550906277630416,0.00175,0.00575,0.0115,0.26275,0.11075,0.04625,absent,Temperate or sub-polar needleleaf forest
0.58,0.045731472550438065,0.002,0.006,0.01175,0.26125,0.11125,0.04675,absent,Temperate or sub-polar needleleaf forest
0.6,0.046067177075797765,0.002,0.00625,0.01175,0.26175,0.112,0.04775,absent,Temperate or sub-polar needleleaf forest
0.62,0.04602535969777349,0.00225,0.0065,0.012,0.25525,0.11175,0.048,absent,Temperate or sub-polar needleleaf forest
0.64,0.04613256571015192,0.00225,0.0065,0.012,0.25325,0.1115,0.0485,absent,Temperate or sub-polar needleleaf forest
0.66,0.0466456273611446,0.0025,0.00675,0.01275,0.253,0.1115,0.0495,absent,Temperate or sub-polar needleleaf forest
0.68,0.04666397395707741,0.0025,0.007,0.0125,0.25125,0.11175,0.04975,absent,Temperate or sub-polar needleleaf forest
0.7,0.04736663049594084,0.00275,0.00725,0.013,0.25125,0.11375,0.05075,absent,Temperate or sub-polar needleleaf forest
0.72,0.047904027007475286,0.00325,0.008,0.0135,0.24875,0.1155,0.052,absent,Temperate or sub-polar needleleaf forest
0.74,0.0481524194196608,0.00325,0.008,0.01375,0.24725,0.115,0.053,absent,Temperate or sub-polar needleleaf forest
0.76,0.048514086488224424,0.003,0.00825,0.01425,0.24675,0.115,0.05375,absent,Temperate or sub-polar needleleaf forest
0.78,0.04827324973876698,0.00275,0.008,0.014,0.24775,0.11525,0.0535,absent,Temperate or sub-polar needleleaf forest
0.8,0.048506149023390406,0.00275,0.008,0.014,0.249,0.11625,0.05375,absent,Temperate or sub-polar needleleaf forest
0.82,0.048814544650751544,0.00275,0.00825,0.014,0.2515,0.117,0.054,absent,Temperate or sub-polar needleleaf forest
0.84,0.04920331966883691,0.003,0.00825,0.01425,0.25,0.11725,0.05475,absent,Temperate or sub-polar needleleaf forest
0.86,0.04941186399807089,0.00275,0.00825,0.01425,0.251,0.11725,0.055,absent,Temperate or sub-polar needleleaf forest
0.88,0.04953852182300458,0.00275,0.00825,0.01425,0.2515,0.1175,0.05525,absent,Temperate or sub-polar needleleaf forest
0.9,0.0498979583634756,0.003,0.0085,0.0145,0.25425,0.11825,0.05575,absent,Temperate or sub-polar needleleaf forest
0.92,0.050046660236315405,0.003,0.0085,0.0145,0.254,0.119,0.056,absent,Temperate or sub-polar needleleaf forest
0.94,0.05069055944055944,0.00375,0.00925,0.015,0.25525,0.11975,0.05725,absent,Temperate or sub-polar needleleaf forest
0.96,0.05186715296198055,0.00425,0.01,0.01625,0.25425,0.12125,0.05825,absent,Temperate or sub-polar needleleaf forest
0.98,0.0527401334297886,0.005,0.011,0.017,0.2515,0.1225,0.06025,absent,Temperate or sub-polar needleleaf forest
1,0.05292629209870589,0.0055,0.0115,0.01725,0.24725,0.124,0.062,absent,Temperate or sub-polar needleleaf forest
0,0.7041424489035224,0.57975,0.6075,0.64,0.91665,0.823,0.75625,present,Temperate or sub-polar needleleaf forest
0.02,0.9072065136360813,0.70325,0.77025,0.8705,0.99525,0.98375,0.9675,present,Temperate or sub-polar needleleaf forest
0.04,0.9196811828290986,0.71175,0.78375,0.88875,0.9975,0.99025,0.97675,present,Temperate or sub-polar needleleaf forest
0.06,0.9270547151643164,0.71385,0.788,0.89775,0.999,0.995,0.9845,present,Temperate or sub-polar needleleaf forest
0.08,0.9336115580542959,0.71475,0.789,0.90325,0.9995,0.998,0.9935,present,Temperate or sub-polar needleleaf forest
0.1,0.9345592967633721,0.715,0.78925,0.904,0.99975,0.9985,0.99425,present,Temperate or sub-polar needleleaf forest
0.12,0.9356093216127228,0.718,0.79125,0.90475,0.99975,0.99875,0.995,present,Temperate or sub-polar needleleaf forest
0.14,0.9363252780021122,0.7195,0.7925,0.90475,0.99975,0.99875,0.99525,present,Temperate or sub-polar needleleaf forest
0.16,0.9372691340001242,0.7216,0.7941500000000001,0.9055,0.99975,0.999,0.996,present,Temperate or sub-polar needleleaf forest
0.18,0.9383708144374728,0.7275,0.79575,0.9065,0.99975,0.999,0.996,present,Temperate or sub-polar needleleaf forest
0.2,0.941238631422004,0.73475,0.8055,0.91175,1,0.999,0.99625,present,Temperate or sub-polar needleleaf forest
0.22,0.9432306485680562,0.739,0.8105,0.91675,1,0.99925,0.99625,present,Temperate or sub-polar needleleaf forest
0.24,0.9451027365347581,0.7436,0.81775,0.92175,0.99975,0.99925,0.99625,present,Temperate or sub-polar needleleaf forest
0.26,0.9503112691805926,0.755,0.836,0.9345,0.99975,0.999,0.9965,present,Temperate or sub-polar needleleaf forest
0.28,0.9519296452755172,0.75775,0.84075,0.937,0.99975,0.99925,0.99675,present,Temperate or sub-polar needleleaf forest
0.3,0.9523834720755421,0.7585999999999999,0.84275,0.93725,1,0.99925,0.99675,present,Temperate or sub-polar needleleaf forest
0.32,0.9522686214822638,0.75975,0.844,0.9375,0.99975,0.999,0.99625,present,Temperate or sub-polar needleleaf forest
0.34,0.9529995806672051,0.7625,0.84815,0.938,0.99975,0.99875,0.996,present,Temperate or sub-polar needleleaf forest
0.36,0.9539540908243773,0.76375,0.8515,0.9395,0.99975,0.99875,0.99625,present,Temperate or sub-polar needleleaf forest
0.38,0.9544646983910045,0.7671,0.8549,0.93925,0.99975,0.999,0.99625,present,Temperate or sub-polar needleleaf forest
0.4,0.9560910107473443,0.77325,0.8651500000000001,0.941,0.99975,0.999,0.99625,present,Temperate or sub-polar needleleaf forest
0.42,0.9579044387152885,0.782,0.8725,0.94625,0.99975,0.99875,0.99575,present,Temperate or sub-polar needleleaf forest
0.44,0.9577262999316642,0.7856,0.8735,0.94525,0.99975,0.99875,0.9955,present,Temperate or sub-polar needleleaf forest
0.46,0.9574370534882276,0.7875,0.87415,0.944,0.99975,0.99875,0.99525,present,Temperate or sub-polar needleleaf forest
0.48,0.9573379045784929,0.79,0.87625,0.94275,0.99975,0.9985,0.995,present,Temperate or sub-polar needleleaf forest
0.5,0.9572535410324906,0.7945,0.87825,0.94175,0.99975,0.9985,0.995,present,Temperate or sub-polar needleleaf forest
0.52,0.9574654128098404,0.80175,0.8835,0.94225,0.9995,0.99775,0.99375,present,Temperate or sub-polar needleleaf forest
0.54,0.9566201155494812,0.8017000000000001,0.88325,0.9415,0.9995,0.9975,0.993,present,Temperate or sub-polar needleleaf forest
0.56,0.9554314157917624,0.8025,0.8825,0.94025,0.99925,0.997,0.99175,present,Temperate or sub-polar needleleaf forest
0.58,0.9532859073119215,0.80335,0.8831500000000001,0.93825,0.99925,0.99575,0.9885,present,Temperate or sub-polar needleleaf forest
0.6,0.9534360905758837,0.8061,0.88475,0.93875,0.99925,0.996,0.9885,present,Temperate or sub-polar needleleaf forest
0.62,0.9496407715723427,0.8062,0.883,0.9345,0.998,0.9945,0.985,present,Temperate or sub-polar needleleaf forest
0.64,0.9490304559855874,0.8066,0.8825,0.9325,0.99875,0.995,0.98525,present,Temperate or sub-polar needleleaf forest
0.66,0.9478358234453624,0.806,0.88125,0.9295,0.99875,0.995,0.98475,present,Temperate or sub-polar needleleaf forest
0.68,0.9448092191091507,0.8028500000000001,0.87725,0.92275,0.9985,0.994,0.983,present,Temperate or sub-polar needleleaf forest
0.7,0.9440520438591041,0.80185,0.87625,0.92175,0.99825,0.9935,0.9825,present,Temperate or sub-polar needleleaf forest
0.72,0.9397708579238367,0.79825,0.8704000000000001,0.915,0.997,0.9915,0.9795,present,Temperate or sub-polar needleleaf forest
0.74,0.9326752500465925,0.7881,0.85675,0.90475,0.99575,0.98725,0.97475,present,Temperate or sub-polar needleleaf forest
0.76,0.9277672702988135,0.7778500000000002,0.8475,0.89675,0.9954000000000001,0.985,0.97225,present,Temperate or sub-polar needleleaf forest
0.78,0.9251820059638441,0.775,0.8449,0.89325,0.99475,0.9828499999999999,0.97,present,Temperate or sub-polar needleleaf forest
0.8,0.9223849475057464,0.77285,0.84125,0.889,0.99425,0.98225,0.96825,present,Temperate or sub-polar needleleaf forest
0.82,0.9171507423743555,0.7695,0.83625,0.88325,0.991,0.97975,0.963,present,Temperate or sub-polar needleleaf forest
0.84,0.9095573398769957,0.76275,0.82775,0.87375,0.9895,0.9765,0.95475,present,Temperate or sub-polar needleleaf forest
0.86,0.905329859601168,0.75875,0.8205,0.8655,0.99175,0.97825,0.9525,present,Temperate or sub-polar needleleaf forest
0.88,0.9004078399701808,0.7565,0.81575,0.858,0.99225,0.97675,0.94875,present,Temperate or sub-polar needleleaf forest
0.9,0.8953436199291794,0.75175,0.8086500000000001,0.85075,0.9955,0.97625,0.94475,present,Temperate or sub-polar needleleaf forest
0.92,0.8938152450767224,0.7501,0.80625,0.84875,0.99575,0.9755,0.944,present,Temperate or sub-polar needleleaf forest
0.94,0.8855773436043984,0.7446,0.79925,0.83475,0.99775,0.97525,0.93775,present,Temperate or sub-polar needleleaf forest
0.96,0.8787751754985401,0.73975,0.79425,0.82625,0.99725,0.97325,0.9315,present,Temperate or sub-polar needleleaf forest
0.98,0.8669048114555508,0.7331,0.7855,0.817,0.99525,0.9613499999999999,0.917,present,Temperate or sub-polar needleleaf forest
1,0.8118041871156115,0.71775,0.74975,0.775,0.968,0.92435,0.8285,present,Temperate or sub-polar needleleaf forest
-6.92904002000342e-08,0.089034904750422,0,0,0,0.5415,0.2885,0.1285,absent,min_tp
0.0019050079083197,0.08821563781046539,0,0,0,0.5455,0.29,0.1265,absent,min_tp
0.00381008510703959,0.08673814403986818,0,0,0,0.54925,0.288,0.12175,absent,min_tp
0.00571516230575949,0.08458401655815448,0,0,2.5e-4,0.55075,0.281,0.11225,absent,min_tp
0.00762023950447938,0.07952943895185274,0,0,2.5e-4,0.5395,0.26475,0.098,absent,min_tp
0.00952531670319928,0.07240223856603167,0,2.5e-4,5e-4,0.4995,0.24,0.0845,absent,min_tp
0.0114303939019192,0.059737922996543694,0,5e-4,0.0015,0.37375,0.19425,0.07375,absent,min_tp
0.0133354711006391,0.050240294188570046,0,5e-4,0.00175,0.331,0.15475,0.057,absent,min_tp
0.015240548299359,0.047603629129491204,0,7.5e-4,0.00175,0.3235,0.14525,0.052,absent,min_tp
0.0171456254980789,0.046175488304798645,2.5e-4,7.5e-4,0.002,0.32625,0.141,0.04725,absent,min_tp
0.0190507026967988,0.04612537175468209,2.5e-4,7.5e-4,0.002,0.33525,0.14225,0.04625,absent,min_tp
0.0209557798955187,0.046595772044047905,2.5e-4,0.001,0.00225,0.33525,0.14575,0.04775,absent,min_tp
0.0228608570942385,0.04700512418615867,2.5e-4,0.001,0.00225,0.33675,0.147,0.04875,absent,min_tp
0.0247659342929584,0.04790609677678643,2.5e-4,0.001,0.00225,0.34,0.151,0.05075,absent,min_tp
0.0266710114916783,0.04823959086890121,5e-4,0.001,0.00225,0.33525,0.15275,0.05325,absent,min_tp
0.0285760886903982,0.04667556868418937,5e-4,0.00125,0.00225,0.324,0.14925,0.05175,absent,min_tp
0.0304811658891181,0.046314504461056186,7.5e-4,0.0015,0.0025,0.32075,0.1475,0.05125,absent,min_tp
0.032386243087838,0.04628259384293867,7.5e-4,0.0015,0.0025,0.32075,0.1475,0.0515,absent,min_tp
0.0342913202865579,0.04641889719475927,7.5e-4,0.0015,0.0025,0.32125,0.1485,0.052,absent,min_tp
0.0361963974852778,0.04650876135358894,7.5e-4,0.0015,0.0025,0.32175,0.14875,0.05225,absent,min_tp
0.0381014746839977,0.04662941081906599,7.5e-4,0.0015,0.0025,0.32175,0.149,0.0525,absent,min_tp
0.0400065518827176,0.04668782654127482,7.5e-4,0.0015,0.0025,0.32175,0.149,0.05275,absent,min_tp
0.0419116290814375,0.046715557431074674,7.5e-4,0.0015,0.0025,0.322,0.14925,0.05275,absent,min_tp
0.0438167062801574,0.04673834498834499,7.5e-4,0.0015,0.0025,0.322,0.14925,0.05275,absent,min_tp
0.0457217834788773,0.04675663129973475,7.5e-4,0.0015,0.0025,0.322,0.14925,0.05275,absent,min_tp
0.0476268606775972,0.04677769070010449,7.5e-4,0.0015,0.0025,0.322,0.14925,0.053,absent,min_tp
0.0495319378763171,0.04696115665943252,0.001,0.0015,0.0025,0.322,0.14925,0.053,absent,min_tp
0.051437015075037,0.0469345510811028,0.001,0.0015,0.0025,0.322,0.14925,0.053,absent,min_tp
0.0533420922737569,0.046928201109235596,0.001,0.0015,0.0025,0.322,0.14925,0.053,absent,min_tp
0.0552471694724768,0.046926935133831685,0.001,0.0015,0.0025,0.322,0.14925,0.053,absent,min_tp
0.0571522466711967,0.046926935133831685,0.001,0.0015,0.0025,0.322,0.14925,0.053,absent,min_tp
0.0590573238699166,0.04692689494413632,0.001,0.0015,0.0025,0.322,0.14925,0.053,absent,min_tp
0.0609624010686365,0.046919741178361875,0.001,0.0015,0.0025,0.322,0.14925,0.053,absent,min_tp
0.0628674782673564,0.046919700988666505,0.001,0.0015,0.0025,0.322,0.14925,0.053,absent,min_tp
0.0647725554660763,0.046919700988666505,0.001,0.0015,0.0025,0.322,0.14925,0.053,absent,min_tp
0.0666776326647962,0.046919700988666505,0.001,0.0015,0.0025,0.322,0.14925,0.053,absent,min_tp
0.0685827098635161,0.046919700988666505,0.001,0.0015,0.0025,0.322,0.14925,0.053,absent,min_tp
0.0704877870622359,0.046919700988666505,0.001,0.0015,0.0025,0.322,0.14925,0.053,absent,min_tp
0.0723928642609558,0.046919700988666505,0.001,0.0015,0.0025,0.322,0.14925,0.053,absent,min_tp
0.0742979414596757,0.046919700988666505,0.001,0.0015,0.0025,0.322,0.14925,0.053,absent,min_tp
0.0762030186583956,0.046919700988666505,0.001,0.0015,0.0025,0.322,0.14925,0.053,absent,min_tp
0.0781080958571155,0.046919700988666505,0.001,0.0015,0.0025,0.322,0.14925,0.053,absent,min_tp
0.0800131730558354,0.046919700988666505,0.001,0.0015,0.0025,0.322,0.14925,0.053,absent,min_tp
0.0819182502545553,0.046919700988666505,0.001,0.0015,0.0025,0.322,0.14925,0.053,absent,min_tp
0.0838233274532752,0.046919700988666505,0.001,0.0015,0.0025,0.322,0.14925,0.053,absent,min_tp
0.0857284046519951,0.046919700988666505,0.001,0.0015,0.0025,0.322,0.14925,0.053,absent,min_tp
0.087633481850715,0.046919700988666505,0.001,0.0015,0.0025,0.322,0.14925,0.053,absent,min_tp
0.0895385590494349,0.046919700988666505,0.001,0.0015,0.0025,0.322,0.14925,0.053,absent,min_tp
0.0914436362481548,0.046919700988666505,0.001,0.0015,0.0025,0.322,0.14925,0.053,absent,min_tp
0.0933487134468747,0.046919700988666505,0.001,0.0015,0.0025,0.322,0.14925,0.053,absent,min_tp
0.0952537906455946,0.046919700988666505,0.001,0.0015,0.0025,0.322,0.14925,0.053,absent,min_tp
-6.92904002000342e-08,0.943514459216003,0.73775,0.88325,0.93475,0.9905,0.9865,0.98,present,min_tp
0.0019050079083197,0.9604662825371186,0.7421,0.9046500000000002,0.95675,0.99975,0.9985,0.9955,present,min_tp
0.00381008510703959,0.9670512828477356,0.74575,0.92075,0.96775,1,0.9995,0.998,present,min_tp
0.00571516230575949,0.9681753432316581,0.7495,0.917,0.969,1,0.9995,0.9985,present,min_tp
0.00762023950447938,0.9641510529912406,0.74735,0.9085,0.9625,0.99975,0.999,0.9965,present,min_tp
0.00952531670319928,0.9507511492824751,0.73795,0.87825,0.9415,0.99825,0.99575,0.99,present,min_tp
0.0114303939019192,0.899370581474809,0.60425,0.7766500000000001,0.86575,0.9945,0.9885,0.9725,present,min_tp
0.0133354711006391,0.8643124495247562,0.4835,0.70525,0.79975,0.998,0.99025,0.96825,present,min_tp
0.015240548299359,0.8549092532770081,0.45685,0.6885,0.78875,0.998,0.98875,0.96375,present,min_tp
0.0171456254980789,0.8158974187736845,0.40875,0.62465,0.72825,0.993,0.9725999999999999,0.93975,present,min_tp
0.0190507026967988,0.7897655153134124,0.3779,0.58665,0.6935,0.9915,0.9635,0.92025,present,min_tp
0.0209557798955187,0.7854365409703672,0.3741,0.5829,0.69,0.992,0.962,0.91475,present,min_tp
0.0228608570942385,0.7710455364353607,0.3691,0.56975,0.67575,0.9854,0.94975,0.898,present,min_tp
0.0247659342929584,0.7481476362055042,0.36425,0.55225,0.654,0.96875,0.92525,0.8685,present,min_tp
0.0266710114916783,0.7199464341181586,0.363,0.53725,0.63275,0.9435,0.89175,0.82775,present,min_tp
0.0285760886903982,0.654567341740697,0.341,0.51175,0.59325,0.842,0.791,0.73925,present,min_tp
0.0304811658891181,0.6392346244641858,0.33875,0.506,0.5815,0.8279000000000001,0.7665,0.7155,present,min_tp
0.032386243087838,0.6364011927688389,0.33785,0.50375,0.57875,0.82525,0.76375,0.71175,present,min_tp
0.0342913202865579,0.6355731192147605,0.3381,0.50365,0.57825,0.824,0.7625,0.7105,present,min_tp
0.0361963974852778,0.6354916754674784,0.3385,0.504,0.57825,0.82325,0.76225,0.71025,present,min_tp
0.0381014746839977,0.6357370162142014,0.3391,0.50425,0.57875,0.8235,0.76225,0.7105,present,min_tp
0.0400065518827176,0.6355182021494689,0.33935000000000004,0.50425,0.5785,0.82275,0.76175,0.71,present,min_tp
0.0419116290814375,0.6356828290985898,0.33935000000000004,0.50425,0.579,0.82275,0.76175,0.71025,present,min_tp
0.0438167062801574,0.6357065446977698,0.33935000000000004,0.50425,0.579,0.8226500000000001,0.76175,0.71025,present,min_tp
0.0457217834788773,0.6357002547058458,0.33935000000000004,0.50425,0.579,0.8226500000000001,0.76175,0.71025,present,min_tp
0.0476268606775972,0.6357145741442505,0.33935000000000004,0.5044,0.579,0.8226500000000001,0.76175,0.71025,present,min_tp
0.0495319378763171,0.6357648164254209,0.33935000000000004,0.5043000000000001,0.579,0.82275,0.76175,0.71025,present,min_tp
0.051437015075037,0.6357644281543144,0.33935000000000004,0.5043000000000001,0.579,0.82275,0.76175,0.71025,present,min_tp
0.0533420922737569,0.6357642573150276,0.33935000000000004,0.5043000000000001,0.579,0.82275,0.76175,0.71025,present,min_tp
0.0552471694724768,0.6357638690439212,0.33935000000000004,0.5043000000000001,0.579,0.82275,0.76175,0.71025,present,min_tp
0.0571522466711967,0.6357638690439212,0.33935000000000004,0.5043000000000001,0.579,0.82275,0.76175,0.71025,present,min_tp
0.0590573238699166,0.635763853513077,0.33935000000000004,0.5043000000000001,0.579,0.82275,0.76175,0.71025,present,min_tp
0.0609624010686365,0.6357533546623595,0.33935000000000004,0.5043000000000001,0.579,0.82275,0.76175,0.71025,present,min_tp
0.0628674782673564,0.6357533391315152,0.33935000000000004,0.5043000000000001,0.579,0.82275,0.76175,0.71025,present,min_tp
0.0647725554660763,0.6357533391315152,0.33935000000000004,0.5043000000000001,0.579,0.82275,0.76175,0.71025,present,min_tp
0.0666776326647962,0.6357533391315152,0.33935000000000004,0.5043000000000001,0.579,0.82275,0.76175,0.71025,present,min_tp
0.0685827098635161,0.6357533391315152,0.33935000000000004,0.5043000000000001,0.579,0.82275,0.76175,0.71025,present,min_tp
0.0704877870622359,0.6357533391315152,0.33935000000000004,0.5043000000000001,0.579,0.82275,0.76175,0.71025,present,min_tp
0.0723928642609558,0.6357533391315152,0.33935000000000004,0.5043000000000001,0.579,0.82275,0.76175,0.71025,present,min_tp
0.0742979414596757,0.6357533391315152,0.33935000000000004,0.5043000000000001,0.579,0.82275,0.76175,0.71025,present,min_tp
0.0762030186583956,0.6357533391315152,0.33935000000000004,0.5043000000000001,0.579,0.82275,0.76175,0.71025,present,min_tp
0.0781080958571155,0.6357533391315152,0.33935000000000004,0.5043000000000001,0.579,0.82275,0.76175,0.71025,present,min_tp
0.0800131730558354,0.6357533391315152,0.33935000000000004,0.5043000000000001,0.579,0.82275,0.76175,0.71025,present,min_tp
0.0819182502545553,0.6357533391315152,0.33935000000000004,0.5043000000000001,0.579,0.82275,0.76175,0.71025,present,min_tp
0.0838233274532752,0.6357533391315152,0.33935000000000004,0.5043000000000001,0.579,0.82275,0.76175,0.71025,present,min_tp
0.0857284046519951,0.6357533391315152,0.33935000000000004,0.5043000000000001,0.579,0.82275,0.76175,0.71025,present,min_tp
0.087633481850715,0.6357533391315152,0.33935000000000004,0.5043000000000001,0.579,0.82275,0.76175,0.71025,present,min_tp
0.0895385590494349,0.6357533391315152,0.33935000000000004,0.5043000000000001,0.579,0.82275,0.76175,0.71025,present,min_tp
0.0914436362481548,0.6357533391315152,0.33935000000000004,0.5043000000000001,0.579,0.82275,0.76175,0.71025,present,min_tp
0.0933487134468747,0.6357533391315152,0.33935000000000004,0.5043000000000001,0.579,0.82275,0.76175,0.71025,present,min_tp
0.0952537906455946,0.6357533391315152,0.33935000000000004,0.5043000000000001,0.579,0.82275,0.76175,0.71025,present,min_tp
13.1660375169247,0.06473898802347078,0,0,2.5e-4,0.3045,0.191,0.10125,absent,min_rh
14.441275125679,0.06473898802347078,0,0,2.5e-4,0.3045,0.191,0.10125,absent,min_rh
15.7165127344333,0.06473898802347078,0,0,2.5e-4,0.3045,0.191,0.10125,absent,min_rh
16.9917503431876,0.06471145808214773,0,0,2.5e-4,0.3045,0.19125,0.10125,absent,min_rh
18.2669879519419,0.06423977172253034,0,0,2.5e-4,0.30475,0.191,0.1005,absent,min_rh
19.5422255606962,0.06247715215818664,0,0,0,0.3045,0.1905,0.09825,absent,min_rh
20.8174631694505,0.061997046057390884,0,0,0,0.3045,0.19075,0.0975,absent,min_rh
22.0927007782047,0.06217898480829515,0,0,0,0.307,0.191,0.098,absent,min_rh
23.367938386959,0.061767944698979185,0,0,0,0.30825,0.1915,0.09625,absent,min_rh
24.6431759957133,0.061518848967124826,0,0,0,0.308,0.19125,0.09525,absent,min_rh
25.9184136044676,0.06107296439192991,0,0,0,0.30775,0.19075,0.0945,absent,min_rh
27.1936512132219,0.05998527047664979,0,0,0,0.3075,0.18925,0.09225,absent,min_rh
28.4688888219762,0.058815870910698495,0,0,0,0.30525,0.18725,0.08875,absent,min_rh
29.7441264307304,0.05823466763121936,0,0,0,0.304,0.18675,0.087,absent,min_rh
31.0193640394847,0.057860501567398116,0,0,0,0.30575,0.1875,0.08575,absent,min_rh
32.294601648239,0.05523203520617314,0,0,0,0.308,0.18125,0.078,absent,min_rh
33.5698392569933,0.05452819307129652,0,0,0,0.30725,0.1795,0.07675,absent,min_rh
34.8450768657476,0.054446346756691584,0,0,0,0.3075,0.17975,0.07625,absent,min_rh
36.1203144745019,0.05465663933767382,0,0,0,0.31125,0.18025,0.0765,absent,min_rh
37.3955520832562,0.0546734185354875,0,0,0,0.312,0.181,0.0775,absent,min_rh
38.6707896920104,0.0547747166626477,0,0,0,0.312,0.18,0.07875,absent,min_rh
39.9460273007647,0.054286612812474884,0,0,2.5e-4,0.30775,0.17775,0.0785,absent,min_rh
41.221264909519,0.05356988988023471,0,0,2.5e-4,0.30625,0.17575,0.077,absent,min_rh
42.4965025182733,0.05286735391045736,0,0,5e-4,0.30575,0.173,0.075,absent,min_rh
43.7717401270276,0.05249272566513946,0,0,5e-4,0.30525,0.17125,0.07475,absent,min_rh
45.0469777357819,0.05101290089221124,0,0,5e-4,0.2995,0.1645,0.07225,absent,min_rh
46.3222153445361,0.05047938268627924,0,0,5e-4,0.29975,0.161,0.07225,absent,min_rh
47.5974529532904,0.05029666023631541,0,2.5e-4,5e-4,0.30375,0.15775,0.0715,absent,min_rh
48.8726905620447,0.050232979664014146,0,2.5e-4,5e-4,0.308,0.156,0.07075,absent,min_rh
50.147928170799,0.0506935736677116,0,5e-4,0.001,0.3065,0.156,0.07225,absent,min_rh
51.4231657795533,0.05081705650671168,0,5e-4,0.001,0.3075,0.15225,0.074,absent,min_rh
52.6984033883076,0.05340133429788602,2.5e-4,7.5e-4,0.00125,0.311,0.1565,0.08025,absent,min_rh
53.9736409970619,0.05492056506711679,2.5e-4,7.5e-4,0.00125,0.31125,0.15725,0.083,absent,min_rh
55.2488786058161,0.058904690137448756,5e-4,7.5e-4,0.00225,0.32975,0.17975,0.08325,absent,min_rh
56.5241162145704,0.06064697371593923,7.5e-4,0.00125,0.00275,0.3365,0.19275,0.08375,absent,min_rh
57.7993538233247,0.05834838437424644,0.001,0.0015,0.003,0.33075,0.18825,0.07975,absent,min_rh
59.074591432079,0.05646175950486295,7.5e-4,0.0015,0.00275,0.325,0.18425,0.077,absent,min_rh
60.3498290408333,0.05603295555019693,7.5e-4,0.0015,0.00275,0.32275,0.1835,0.0765,absent,min_rh
61.6250666495876,0.05591236636926292,7.5e-4,0.0015,0.00275,0.32175,0.183,0.0765,absent,min_rh
62.9003042583418,0.05578000160758781,7.5e-4,0.0015,0.00275,0.32125,0.1825,0.07625,absent,min_rh
64.1755418670961,0.055659573185435254,7.5e-4,0.0015,0.00275,0.31925,0.18225,0.076,absent,min_rh
65.4507794758504,0.055607125632987704,7.5e-4,0.0015,0.0025,0.3185,0.182,0.076,absent,min_rh
66.7260170846047,0.055628104653966726,7.5e-4,0.0015,0.00275,0.31875,0.182,0.07625,absent,min_rh
68.001254693359,0.05564858130375371,7.5e-4,0.0015,0.00275,0.31875,0.18225,0.07625,absent,min_rh
69.2764923021133,0.05563445462583393,7.5e-4,0.0015,0.00275,0.31875,0.182,0.07625,absent,min_rh
70.5517299108676,0.055676935133831686,7.5e-4,0.0015,0.00275,0.31875,0.18225,0.0765,absent,min_rh
71.8269675196218,0.0558158709106985,7.5e-4,0.0015,0.00275,0.31875,0.18225,0.07675,absent,min_rh
73.1022051283761,0.055814484366208506,7.5e-4,0.0015,0.00275,0.31875,0.18225,0.07675,absent,min_rh
74.3774427371304,0.055814484366208506,7.5e-4,0.0015,0.00275,0.31875,0.18225,0.07675,absent,min_rh
75.6526803458847,0.055814484366208506,7.5e-4,0.0015,0.00275,0.31875,0.18225,0.07675,absent,min_rh
76.927917954639,0.055814484366208506,7.5e-4,0.0015,0.00275,0.31875,0.18225,0.07675,absent,min_rh
13.1660375169247,0.8316015561905945,0.6821,0.76165,0.80475,0.9341500000000003,0.897,0.8665,present,min_rh
14.441275125679,0.8316015561905945,0.6821,0.76165,0.80475,0.9341500000000003,0.897,0.8665,present,min_rh
15.7165127344333,0.8316015561905945,0.6821,0.76165,0.80475,0.9341500000000003,0.897,0.8665,present,min_rh
16.9917503431876,0.8316669565757595,0.68225,0.76165,0.80475,0.9345,0.897,0.8665,present,min_rh
18.2669879519419,0.83293961607753,0.6821,0.7625,0.8055,0.9375,0.89875,0.86775,present,min_rh
19.5422255606962,0.8328692302913586,0.68175,0.76225,0.8055,0.9375,0.89875,0.86775,present,min_rh
20.8174631694505,0.8334767037336149,0.6816,0.7625,0.806,0.9395,0.89975,0.8685,present,min_rh
22.0927007782047,0.8470859010995838,0.68975,0.77175,0.81625,0.9769000000000001,0.917,0.88425,present,min_rh
23.367938386959,0.8531310647946823,0.693,0.776,0.822,0.984,0.92425,0.892,present,min_rh
24.6431759957133,0.8544166459588742,0.69375,0.7775,0.82275,0.98625,0.926,0.8935,present,min_rh
25.9184136044676,0.8551135149406721,0.6945,0.77825,0.8235,0.9861500000000001,0.92725,0.89425,present,min_rh
27.1936512132219,0.8547689165683046,0.69525,0.7785,0.8225,0.9801500000000001,0.92675,0.894,present,min_rh
28.4688888219762,0.8541915108405292,0.69835,0.77825,0.82075,0.975,0.92635,0.89425,present,min_rh
29.7441264307304,0.8565109647760452,0.7035,0.7835,0.82325,0.97075,0.92725,0.8965,present,min_rh
31.0193640394847,0.8705419022178045,0.72435,0.796,0.8335,0.9755,0.94075,0.91375,present,min_rh
32.294601648239,0.9271922097285209,0.7751000000000001,0.84675,0.896,0.99375,0.98675,0.9745,present,min_rh
33.5698392569933,0.941851820214947,0.7801,0.85325,0.91675,0.99875,0.99625,0.98975,present,min_rh
34.8450768657476,0.950921646890725,0.78225,0.8655,0.9315,0.99975,0.99875,0.99475,present,min_rh
36.1203144745019,0.9572547524383425,0.78625,0.8725,0.94225,1,0.9995,0.997,present,min_rh
37.3955520832562,0.960574299558924,0.7943500000000001,0.88125,0.94925,1,0.9995,0.9975,present,min_rh
38.6707896920104,0.9643426570168354,0.8022,0.89215,0.9575,1,0.9995,0.998,present,min_rh
39.9460273007647,0.9644302043859104,0.8036,0.89675,0.958,1,0.999,0.99675,present,min_rh
41.221264909519,0.9627274492141393,0.7981,0.8945,0.956,0.99975,0.999,0.99675,present,min_rh
42.4965025182733,0.9600388581723303,0.7943500000000001,0.89425,0.94925,0.99975,0.9985,0.995,present,min_rh
43.7717401270276,0.9584681307075852,0.79375,0.89475,0.94675,0.9995,0.99825,0.9945,present,min_rh
45.0469777357819,0.9443731595949556,0.78895,0.87275,0.9185,0.999,0.9965,0.9885,present,min_rh
46.3222153445361,0.9305823134745606,0.78475,0.855,0.89825,0.9975,0.99225,0.97925,present,min_rh
47.5974529532904,0.90094191464248,0.74725,0.8005,0.8535,0.997,0.98425,0.9615,present,min_rh
48.8726905620447,0.8862345468099646,0.716,0.7775,0.836,0.997,0.982,0.9515,present,min_rh
50.147928170799,0.8776973349071255,0.696,0.76575,0.82575,0.997,0.97925,0.94425,present,min_rh
51.4231657795533,0.8656279430949867,0.666,0.7475,0.8135,0.9945,0.9725,0.9335,present,min_rh
52.6984033883076,0.8608272814810213,0.64725,0.74025,0.80975,0.99325,0.97025,0.92925,present,min_rh
53.9736409970619,0.8530890849226563,0.62535,0.73125,0.80325,0.99025,0.965,0.92175,present,min_rh
55.2488786058161,0.7847037336149594,0.5215,0.6516500000000001,0.737,0.9636500000000001,0.9045,0.85225,present,min_rh
56.5241162145704,0.7339446791327577,0.4535,0.5925,0.69225,0.9256500000000001,0.84975,0.79775,present,min_rh
57.7993538233247,0.6939166459588743,0.43185,0.54,0.65775,0.87925,0.80425,0.7525,present,min_rh
59.074591432079,0.672347471578555,0.41175,0.51475,0.63875,0.843,0.77925,0.7315,present,min_rh
60.3498290408333,0.6696989501149283,0.4111,0.51365,0.63725,0.8369000000000001,0.77575,0.7285,present,min_rh
61.6250666495876,0.6675483785798596,0.41035,0.51275,0.6355,0.83075,0.77275,0.726,present,min_rh
62.9003042583418,0.6658475337019321,0.41035,0.51225,0.6345,0.8278000000000002,0.7695,0.72375,present,min_rh
64.1755418670961,0.6645298192209729,0.41025,0.512,0.6335,0.82475,0.76775,0.72225,present,min_rh
65.4507794758504,0.6635362645213394,0.41025,0.512,0.63275,0.82225,0.766,0.721,present,min_rh
66.7260170846047,0.6632733739206063,0.41035,0.51225,0.63275,0.8215,0.76575,0.72075,present,min_rh
68.001254693359,0.6631544853078213,0.41035,0.51225,0.63275,0.8214000000000001,0.7655,0.7205,present,min_rh
69.2764923021133,0.6626770826862148,0.4101,0.512,0.63225,0.8196500000000001,0.765,0.72,present,min_rh
70.5517299108676,0.6626927999006026,0.4101,0.512,0.63225,0.8195,0.765,0.72,present,min_rh
71.8269675196218,0.6628078523948562,0.4101,0.512,0.6325,0.8199000000000001,0.765,0.72025,present,min_rh
73.1022051283761,0.6628045287941853,0.4101,0.512,0.6325,0.8199000000000001,0.765,0.72025,present,min_rh
74.3774427371304,0.6628045287941853,0.4101,0.512,0.6325,0.8199000000000001,0.765,0.72025,present,min_rh
75.6526803458847,0.6628045287941853,0.4101,0.512,0.6325,0.8199000000000001,0.765,0.72025,present,min_rh
76.927917954639,0.6628045287941853,0.4101,0.512,0.6325,0.8199000000000001,0.765,0.72025,present,min_rh
42.3859322658986,0.06372172654931275,0,0,2.5e-4,0.3665,0.19825,0.091,absent,max_rh
43.4298568464172,0.06372172654931275,0,0,2.5e-4,0.3665,0.19825,0.091,absent,max_rh
44.4737814269358,0.06372172654931275,0,0,2.5e-4,0.3665,0.19825,0.091,absent,max_rh
45.5177060074544,0.06372172654931275,0,0,2.5e-4,0.3665,0.19825,0.091,absent,max_rh
46.561630587973,0.06372172654931275,0,0,2.5e-4,0.3665,0.19825,0.091,absent,max_rh
47.6055551684916,0.06372172654931275,0,0,2.5e-4,0.3665,0.19825,0.091,absent,max_rh
48.6494797490102,0.06372172654931275,0,0,2.5e-4,0.3665,0.19825,0.091,absent,max_rh
49.6934043295287,0.06372172654931275,0,0,2.5e-4,0.3665,0.19825,0.091,absent,max_rh
50.7373289100473,0.06372172654931275,0,0,2.5e-4,0.3665,0.19825,0.091,absent,max_rh
51.7812534905659,0.06372172654931275,0,0,2.5e-4,0.3665,0.19825,0.091,absent,max_rh
52.8251780710845,0.06372172654931275,0,0,2.5e-4,0.3665,0.19825,0.091,absent,max_rh
53.8691026516031,0.06372176673900812,0,0,2.5e-4,0.3665,0.19825,0.091,absent,max_rh
54.9130272321217,0.06372176673900812,0,0,2.5e-4,0.3665,0.19825,0.091,absent,max_rh
55.9569518126403,0.06373191463708705,0,0,2.5e-4,0.3665,0.19825,0.091,absent,max_rh
57.0008763931588,0.06373241700827907,0,0,2.5e-4,0.3665,0.19825,0.091,absent,max_rh
58.0448009736774,0.06374965838758942,0,0,2.5e-4,0.3665,0.19825,0.091,absent,max_rh
59.088725554196,0.06377477694719075,0,0,2.5e-4,0.3665,0.198,0.09125,absent,max_rh
60.1326501347146,0.06303727594244836,0,0,0,0.3665,0.19725,0.08975,absent,max_rh
61.1765747152332,0.06276044932079414,0,0,0,0.36625,0.19675,0.089,absent,max_rh
62.2204992957518,0.06229647938268627,0,0,0,0.36625,0.196,0.08825,absent,max_rh
63.2644238762704,0.06219970259625432,0,0,0,0.36625,0.1965,0.08775,absent,max_rh
64.3083484567889,0.06095305843581706,0,0,0,0.36725,0.194,0.085,absent,max_rh
65.3522730373075,0.05998177397315328,0,0,0,0.36625,0.1925,0.08325,absent,max_rh
66.3961976178261,0.059480065911100395,0,0,0,0.36725,0.19175,0.0815,absent,max_rh
67.4401221983447,0.0593990233904027,0,0,0,0.36575,0.1915,0.08125,absent,max_rh
68.4840467788633,0.05960626155453742,0,0,0,0.36775,0.1925,0.08125,absent,max_rh
69.5279713593819,0.05827626396591914,0,0,0,0.365,0.1875,0.079,absent,max_rh
70.5718959399005,0.05772136484205449,0,0,0,0.36375,0.186,0.07775,absent,max_rh
71.615820520419,0.057209549071618036,0,0,0,0.363,0.18475,0.07675,absent,max_rh
72.6597451009376,0.05632790772445945,0,0,0,0.363,0.18325,0.07375,absent,max_rh
73.7036696814562,0.0548213768989631,0,2.5e-4,2.5e-4,0.35375,0.17475,0.0705,absent,max_rh
74.7475942619748,0.052883791495860456,0,0,0,0.34925,0.167,0.0655,absent,max_rh
75.7915188424934,0.04877732899284624,0,0,0,0.32325,0.149,0.05875,absent,max_rh
76.835443423012,0.04806866409452616,0,0,0,0.32325,0.148,0.056,absent,max_rh
77.8793680035306,0.04528623101036894,0,0,2.5e-4,0.32225,0.139,0.04825,absent,max_rh
78.9232925840492,0.04538433405674785,0,0,2.5e-4,0.322,0.13975,0.04775,absent,max_rh
79.9672171645678,0.04689303512579375,0,0,2.5e-4,0.326,0.1465,0.05025,absent,max_rh
81.0111417450863,0.04702582187927016,0,0,2.5e-4,0.32725,0.14975,0.05075,absent,max_rh
82.0550663256049,0.04714592878385982,0,0,2.5e-4,0.32575,0.1515,0.0505,absent,max_rh
83.0989909061235,0.046546941564182945,0,0,2.5e-4,0.3235,0.1505,0.0495,absent,max_rh
84.1429154866421,0.04460863274656378,0,0,2.5e-4,0.31475,0.14475,0.0465,absent,max_rh
85.1868400671607,0.04476056988988024,0,2.5e-4,7.5e-4,0.30975,0.143,0.04775,absent,max_rh
86.2307646476793,0.04459048709910779,0,0,7.5e-4,0.304,0.1425,0.0485,absent,max_rh
87.2746892281979,0.046118800739490394,0,2.5e-4,0.0015,0.305,0.144,0.05175,absent,max_rh
88.3186138087164,0.047437866730970175,0,5e-4,0.002,0.307,0.14775,0.055,absent,max_rh
89.362538389235,0.05529885057471264,0.00175,0.0035,0.00625,0.30525,0.1515,0.06925,absent,max_rh
90.4064629697536,0.05517944698979181,0.001,0.002,0.005,0.30325,0.15275,0.06975,absent,max_rh
91.4503875502722,0.055753978779840854,0.001,0.00225,0.00525,0.30275,0.154,0.071,absent,max_rh
92.4943121307908,0.0577598665702114,0.00275,0.00425,0.00725,0.301,0.155,0.07425,absent,max_rh
93.5382367113094,0.06084784181335906,0.003,0.0045,0.009,0.301,0.1555,0.07825,absent,max_rh
94.582161291828,0.06186928301583473,0.003,0.0045,0.00975,0.301,0.156,0.0795,absent,max_rh
42.3859322658986,0.6032609647760452,0.362,0.41725,0.488,0.9161000000000004,0.7686,0.69925,present,max_rh
43.4298568464172,0.6032609647760452,0.362,0.41725,0.488,0.9161000000000004,0.7686,0.69925,present,max_rh
44.4737814269358,0.6032609647760452,0.362,0.41725,0.488,0.9161000000000004,0.7686,0.69925,present,max_rh
45.5177060074544,0.6032609647760452,0.362,0.41725,0.488,0.9161000000000004,0.7686,0.69925,present,max_rh
46.561630587973,0.6032609647760452,0.362,0.41725,0.488,0.9161000000000004,0.7686,0.69925,present,max_rh
47.6055551684916,0.6032609647760452,0.362,0.41725,0.488,0.9161000000000004,0.7686,0.69925,present,max_rh
48.6494797490102,0.6032609647760452,0.362,0.41725,0.488,0.9161000000000004,0.7686,0.69925,present,max_rh
49.6934043295287,0.6032609647760452,0.362,0.41725,0.488,0.9161000000000004,0.7686,0.69925,present,max_rh
50.7373289100473,0.6032609647760452,0.362,0.41725,0.488,0.9161000000000004,0.7686,0.69925,present,max_rh
51.7812534905659,0.6032609647760452,0.362,0.41725,0.488,0.9161000000000004,0.7686,0.69925,present,max_rh
52.8251780710845,0.6032609647760452,0.362,0.41725,0.488,0.9161000000000004,0.7686,0.69925,present,max_rh
53.8691026516031,0.6032612598620861,0.362,0.41725,0.488,0.9161000000000004,0.7686,0.69925,present,max_rh
54.9130272321217,0.6032612753929303,0.362,0.41725,0.488,0.9161000000000004,0.7686,0.69925,present,max_rh
55.9569518126403,0.6033592284276573,0.362,0.41725,0.488,0.9169500000000004,0.7686,0.69925,present,max_rh
57.0008763931588,0.6034337454184009,0.362,0.41715,0.488,0.9169500000000004,0.76875,0.69925,present,max_rh
58.0448009736774,0.6034659563893894,0.3621,0.41715,0.488,0.9169500000000004,0.76875,0.69925,present,max_rh
59.088725554196,0.6035021277256631,0.3621,0.41690000000000005,0.488,0.9169500000000004,0.7685,0.6995,present,max_rh
60.1326501347146,0.6021908119525378,0.35760000000000003,0.41375,0.486,0.9176500000000001,0.7685,0.69925,present,max_rh
61.1765747152332,0.601729670124868,0.35535,0.41225,0.485,0.9180500000000003,0.7683499999999999,0.69925,present,max_rh
62.2204992957518,0.6015298036901285,0.3545,0.41175,0.48475,0.9175,0.76825,0.69925,present,max_rh
63.2644238762704,0.6045916475119587,0.3585,0.4155,0.48825,0.9195,0.76975,0.70225,present,max_rh
64.3083484567889,0.6039533298130086,0.3486,0.4085,0.4855,0.9190500000000001,0.77325,0.7055,present,max_rh
65.3522730373075,0.6001929086165123,0.3351,0.3975,0.47975,0.91775,0.774,0.70525,present,max_rh
66.3961976178261,0.6015299434677269,0.3345,0.3975,0.4805,0.9184000000000001,0.7765,0.7075,present,max_rh
67.4401221983447,0.6028131484127477,0.33435000000000004,0.39825,0.48175,0.917,0.7783499999999999,0.70925,present,max_rh
68.4840467788633,0.6065890227992793,0.33775,0.40225,0.4855,0.9185,0.7813499999999999,0.71325,present,max_rh
69.5279713593819,0.6047444710194446,0.33575,0.4005,0.4835,0.9140500000000001,0.78025,0.71175,present,max_rh
70.5718959399005,0.6065532707958005,0.3375,0.40275,0.48525,0.915,0.7825,0.7135,present,max_rh
71.615820520419,0.6123482791824564,0.3425,0.40975,0.49225,0.92525,0.7900999999999999,0.718,present,max_rh
72.6597451009376,0.6196581816487544,0.34835,0.41825,0.5005,0.93075,0.798,0.725,present,max_rh
73.7036696814562,0.6659118469279991,0.391,0.4709,0.55425,0.95775,0.8453499999999999,0.76925,present,max_rh
74.7475942619748,0.7033054761756848,0.43585,0.5185,0.60025,0.9634000000000001,0.86825,0.80625,present,max_rh
75.7915188424934,0.7984177641796608,0.5506,0.6415,0.71675,0.99275,0.9373499999999999,0.8875,present,max_rh
76.835443423012,0.8593690128595391,0.6446000000000001,0.71925,0.7995,0.99675,0.96725,0.934,present,max_rh
77.8793680035306,0.8990628222650184,0.6769499999999999,0.7619,0.852,0.999,0.988,0.97,present,max_rh
78.9232925840492,0.9188421134372865,0.6892,0.7905,0.8845,0.9995,0.995,0.9835,present,max_rh
79.9672171645678,0.9443615269926073,0.7175,0.85125,0.92675,0.99975,0.9975,0.991,present,max_rh
81.0111417450863,0.9579719978878052,0.7185,0.89575,0.95375,0.99975,0.99825,0.9945,present,max_rh
82.0550663256049,0.9636177082686215,0.71325,0.908,0.96325,0.99975,0.999,0.99675,present,max_rh
83.0989909061235,0.9650194290861651,0.7087,0.9131500000000001,0.96525,0.99975,0.99925,0.9975,present,max_rh
84.1429154866421,0.9565407995278624,0.6975,0.8709,0.95075,1,0.99925,0.9975,present,max_rh
85.1868400671607,0.9522824594644965,0.6958500000000001,0.8459000000000001,0.947,1,0.9995,0.99775,present,max_rh
86.2307646476793,0.9471252096663975,0.68885,0.82425,0.9375,0.99975,0.99925,0.997,present,max_rh
87.2746892281979,0.9433587314406412,0.6836,0.813,0.9305,0.99975,0.99875,0.996,present,max_rh
88.3186138087164,0.93927528421445,0.6758,0.8025,0.924,0.99975,0.9985,0.99475,present,max_rh
89.362538389235,0.9323092501708392,0.67285,0.7945,0.91325,0.9995,0.9975,0.99225,present,max_rh
90.4064629697536,0.9284419922967012,0.67085,0.7909,0.90925,0.99925,0.99625,0.98825,present,max_rh
91.4503875502722,0.9121446387525626,0.666,0.7826500000000001,0.8945,0.9985,0.98775,0.9655,present,max_rh
92.4943121307908,0.9003722588059887,0.665,0.77725,0.8775,0.995,0.98025,0.95575,present,max_rh
93.5382367113094,0.8996914331863081,0.6665,0.77675,0.87625,0.99425,0.97925,0.95525,present,max_rh
94.582161291828,0.8995974560477108,0.6671,0.77675,0.87625,0.994,0.979,0.955,present,max_rh
21.76256085,0.04555938027489752,0,0,0.001,0.3175,0.14225,0.04875,absent,gdd_season
46.4968196676,0.04555938027489752,0,0,0.001,0.3175,0.14225,0.04875,absent,gdd_season
71.2310784852,0.04555938027489752,0,0,0.001,0.3175,0.14225,0.04875,absent,gdd_season
95.9653373028,0.04555938027489752,0,0,0.001,0.3175,0.14225,0.04875,absent,gdd_season
120.6995961204,0.04556516759102966,0,0,0.001,0.3175,0.14225,0.04875,absent,gdd_season
145.433854938,0.04558200707338638,0,0,0.001,0.3175,0.14225,0.04875,absent,gdd_season
170.1681137556,0.045597640864882244,0,0,0.001,0.3175,0.14225,0.049,absent,gdd_season
194.9023725732,0.045568322482115585,0,0,0.001,0.3175,0.14225,0.04875,absent,gdd_season
219.6366313908,0.04516903785869303,0,0,0.001,0.3175,0.1415,0.04825,absent,gdd_season
244.3708902084,0.04448245719797444,0,0,0.001,0.3175,0.14125,0.047,absent,gdd_season
269.105149026,0.04420679607748573,0,0,0.001,0.31725,0.14075,0.0465,absent,gdd_season
293.8394078436,0.044158307210031354,0,0,0.001,0.31725,0.141,0.04625,absent,gdd_season
318.5736666612,0.044124186158668914,0,0,0.001,0.31725,0.141,0.04625,absent,gdd_season
343.3079254788,0.044115143477212446,0,0,0.001,0.317,0.141,0.04625,absent,gdd_season
368.0421842964,0.04405250783699059,0,0,0.001,0.31725,0.141,0.04625,absent,gdd_season
392.776443114,0.04402965999517724,0,0,0.001,0.317,0.1405,0.046,absent,gdd_season
417.5107019316,0.043352825335583954,0,0,0.001,0.31725,0.1405,0.045,absent,gdd_season
442.2449607492,0.04331814162848646,0,0,0.001,0.31725,0.14025,0.045,absent,gdd_season
466.9792195668,0.043285186078289524,0,0,0.001,0.3175,0.14025,0.04475,absent,gdd_season
491.7134783844,0.043417490555421594,0,0,0.001,0.3195,0.14075,0.0445,absent,gdd_season
516.447737202,0.04352558074109798,0,0,0.001,0.32125,0.141,0.04425,absent,gdd_season
541.1819960196,0.0433349610159955,0,0,7.5e-4,0.3205,0.1405,0.0435,absent,gdd_season
565.9162548372,0.043351278032312514,0,0,7.5e-4,0.32125,0.14025,0.04325,absent,gdd_season
590.6505136548,0.04322630817458404,0,0,7.5e-4,0.322,0.1395,0.043,absent,gdd_season
615.3847724724,0.04346961659030625,0,0,7.5e-4,0.325,0.13925,0.04225,absent,gdd_season
640.11903129,0.04347502210433245,0,0,7.5e-4,0.327,0.13925,0.04175,absent,gdd_season
664.8532901076,0.044243087372397724,0,0,7.5e-4,0.3315,0.1395,0.04275,absent,gdd_season
689.5875489252,0.04473334137127241,0,0,7.5e-4,0.3335,0.13975,0.0435,absent,gdd_season
714.3218077428,0.04552324973876698,0,0,7.5e-4,0.3385,0.14,0.04475,absent,gdd_season
739.0560665604,0.04561144602523913,0,0,7.5e-4,0.3265,0.13575,0.0475,absent,gdd_season
763.790325378,0.04510646250301423,0,0,2.5e-4,0.282,0.122,0.0625,absent,gdd_season
788.5245841956,0.04893449079655976,0,0,2.5e-4,0.2815,0.1295,0.07575,absent,gdd_season
813.2588430132,0.05324983924121855,0,0,2.5e-4,0.28225,0.14325,0.08875,absent,gdd_season
837.9931018308,0.05595006430351258,0,0,2.5e-4,0.281,0.15225,0.09825,absent,gdd_season
862.7273606484,0.057005184470701714,0,0,2.5e-4,0.28025,0.15425,0.1025,absent,gdd_season
887.461619466,0.057529740374567956,0,0,0,0.2765,0.155,0.10475,absent,gdd_season
912.1958782836,0.05798523028695443,0,0,0,0.26975,0.156,0.10675,absent,gdd_season
936.9301371012,0.05836425930391447,0,0,0,0.27075,0.15675,0.10775,absent,gdd_season
961.6643959188,0.05938843340567478,0,0,0,0.27175,0.1585,0.11025,absent,gdd_season
986.3986547364,0.06099067599067599,0,0,0,0.27475,0.162,0.11425,absent,gdd_season
1011.132913554,0.06179744393537497,0,0,0,0.274,0.16275,0.11525,absent,gdd_season
1035.8671723716,0.06328164938509766,0,0,2.5e-4,0.274,0.1645,0.118,absent,gdd_season
1060.6014311892,0.0637392693513383,0,0,2.5e-4,0.27375,0.165,0.11825,absent,gdd_season
1085.3356900068,0.06379927256651395,0,0,2.5e-4,0.27325,0.16475,0.11825,absent,gdd_season
1110.0699488244,0.06335137850655091,0,0,2.5e-4,0.2695,0.163,0.11775,absent,gdd_season
1134.804207642,0.06370124989952576,0,0,2.5e-4,0.26925,0.163,0.118,absent,gdd_season
1159.5384664596,0.06383041958041957,0,0,2.5e-4,0.26925,0.16325,0.11825,absent,gdd_season
1184.2727252772,0.06382023149264528,0,0,2.5e-4,0.26925,0.16325,0.11825,absent,gdd_season
1209.0069840948,0.06382023149264528,0,0,2.5e-4,0.26925,0.16325,0.11825,absent,gdd_season
1233.7412429124,0.06382023149264528,0,0,2.5e-4,0.26925,0.16325,0.11825,absent,gdd_season
1258.47550173,0.06382023149264528,0,0,2.5e-4,0.26925,0.16325,0.11825,absent,gdd_season
21.76256085,0.7565388581723302,0.6050500000000001,0.65875,0.70375,0.93275,0.872,0.8025,present,gdd_season
46.4968196676,0.7565388581723302,0.6050500000000001,0.65875,0.70375,0.93275,0.872,0.8025,present,gdd_season
71.2310784852,0.7565388581723302,0.6050500000000001,0.65875,0.70375,0.93275,0.872,0.8025,present,gdd_season
95.9653373028,0.7565388581723302,0.6050500000000001,0.65875,0.70375,0.93275,0.872,0.8025,present,gdd_season
120.6995961204,0.7565390445424613,0.6050500000000001,0.65875,0.70375,0.93275,0.872,0.8025,present,gdd_season
145.433854938,0.7565412965148784,0.6050500000000001,0.65875,0.70375,0.93275,0.872,0.8025,present,gdd_season
170.1681137556,0.7565497608249985,0.6049000000000001,0.6589,0.70375,0.93275,0.872,0.8025,present,gdd_season
194.9023725732,0.756513915636454,0.6052,0.65875,0.70375,0.93265,0.87185,0.80225,present,gdd_season
219.6366313908,0.7564463875256259,0.6048,0.65875,0.70375,0.93265,0.872,0.80225,present,gdd_season
244.3708902084,0.7564487792756415,0.604,0.6585,0.70375,0.93275,0.872,0.80225,present,gdd_season
269.105149026,0.7564155277380878,0.60375,0.6585,0.70375,0.9335,0.872,0.80225,present,gdd_season
293.8394078436,0.7576022084860533,0.6036,0.65875,0.70425,0.9371500000000001,0.875,0.8035,present,gdd_season
318.5736666612,0.7577210505063054,0.6036,0.65875,0.704,0.93775,0.87525,0.80375,present,gdd_season
343.3079254788,0.7579140057153507,0.6037,0.659,0.70425,0.93825,0.87575,0.804,present,gdd_season
368.0421842964,0.758209883829285,0.6037,0.659,0.70425,0.93925,0.8765,0.8045,present,gdd_season
392.776443114,0.7582347642417842,0.6037,0.659,0.70425,0.93925,0.8765,0.8045,present,gdd_season
417.5107019316,0.7583938777411939,0.6036,0.659,0.70425,0.94025,0.87675,0.80475,present,gdd_season
442.2449607492,0.7591380070820649,0.60385,0.659,0.7045,0.94775,0.879,0.80525,present,gdd_season
466.9792195668,0.7605460644840654,0.6041,0.66,0.7055,0.954,0.88125,0.80675,present,gdd_season
491.7134783844,0.7646135925948935,0.6061,0.66325,0.70825,0.96325,0.8885,0.81225,present,gdd_season
516.447737202,0.7671779834751816,0.607,0.665,0.71,0.968,0.8935,0.81525,present,gdd_season
541.1819960196,0.7690620923153383,0.6081,0.666,0.7115,0.97225,0.8970999999999999,0.81775,present,gdd_season
565.9162548372,0.7711211716468906,0.60985,0.6675,0.713,0.97475,0.9005,0.82025,present,gdd_season
590.6505136548,0.7720901565509101,0.61005,0.668,0.7135,0.975,0.90475,0.82125,present,gdd_season
615.3847724724,0.7837532304156054,0.6151,0.6764000000000001,0.72325,0.9885,0.9235,0.83575,present,gdd_season
640.11903129,0.7905354413865938,0.61925,0.68025,0.72875,0.9905,0.9320999999999999,0.84575,present,gdd_season
664.8532901076,0.8000163539790023,0.62625,0.68625,0.73625,0.99175,0.943,0.8595,present,gdd_season
689.5875489252,0.8069482822886253,0.6305,0.694,0.74425,0.99175,0.9455,0.86625,present,gdd_season
714.3218077428,0.8195376622973225,0.64,0.7089000000000001,0.7575,0.9895,0.95125,0.88125,present,gdd_season
739.0560665604,0.8475328166739143,0.6831,0.75265,0.8,0.9795,0.945,0.90225,present,gdd_season
763.790325378,0.9483256196806858,0.723,0.86325,0.9345,0.999,0.99575,0.9905,present,gdd_season
788.5245841956,0.9538241597813257,0.7222000000000001,0.86925,0.943,0.9995,0.998,0.99525,present,gdd_season
813.2588430132,0.9585383922470025,0.7236,0.87375,0.95875,0.99975,0.99875,0.99625,present,gdd_season
837.9931018308,0.9598209138348761,0.72125,0.87475,0.96325,0.99975,0.9985,0.9965,present,gdd_season
862.7273606484,0.9596805615953282,0.7175,0.8725,0.96425,1,0.99925,0.99725,present,gdd_season
887.461619466,0.9581017270298814,0.7171000000000001,0.868,0.962,1,0.99925,0.99725,present,gdd_season
912.1958782836,0.9515556159532832,0.71435,0.85775,0.9465,0.99975,0.999,0.995,present,gdd_season
936.9301371012,0.947599226563956,0.7141,0.854,0.9385,0.99975,0.9985,0.993,present,gdd_season
961.6643959188,0.9408509038951358,0.71235,0.8491500000000001,0.92825,0.99925,0.99675,0.9885,present,gdd_season
986.3986547364,0.9266800490774678,0.70845,0.83325,0.9085,0.9955,0.98775,0.9755,present,gdd_season
1011.132913554,0.9200840063365845,0.7075,0.82775,0.8995,0.99375,0.98325,0.96975,present,gdd_season
1035.8671723716,0.9008844039261974,0.7076,0.818,0.87925,0.97675,0.95835,0.945,present,gdd_season
1060.6014311892,0.8873367863577064,0.7059500000000001,0.80725,0.865,0.96225,0.9435,0.92975,present,gdd_season
1085.3356900068,0.8757013418649439,0.70425,0.8,0.85225,0.9525,0.9325,0.91725,present,gdd_season
1110.0699488244,0.8328544759893148,0.6940999999999999,0.7614,0.8055,0.9275,0.8955,0.869,present,gdd_season
1134.804207642,0.8318508883642914,0.6931,0.76,0.8045,0.92575,0.8945,0.86825,present,gdd_season
1159.5384664596,0.831932596135926,0.6932,0.76025,0.8045,0.9259000000000002,0.89475,0.86825,present,gdd_season
1184.2727252772,0.831866108591663,0.69295,0.76,0.8045,0.9259000000000002,0.8945,0.868,present,gdd_season
1209.0069840948,0.831866108591663,0.69295,0.76,0.8045,0.9259000000000002,0.8945,0.868,present,gdd_season
1233.7412429124,0.831866108591663,0.69295,0.76,0.8045,0.9259000000000002,0.8945,0.868,present,gdd_season
1258.47550173,0.831866108591663,0.69295,0.76,0.8045,0.9259000000000002,0.8945,0.868,present,gdd_season
-71,0.06798328108672937,0,0,7.5e-4,0.317,0.22225,0.112,absent,elev2
13.86,0.06798328108672937,0,0,7.5e-4,0.317,0.22225,0.112,absent,elev2
98.72,0.0677274133912065,0,0,7.5e-4,0.31625,0.222,0.11175,absent,elev2
183.58,0.06772673016638533,0,0,7.5e-4,0.31625,0.222,0.11175,absent,elev2
268.44,0.06788829274174102,0,0,7.5e-4,0.31725,0.22225,0.11225,absent,elev2
353.3,0.07052974037456797,0,0,0.001,0.3385,0.23,0.11475,absent,elev2
438.16,0.07105122176673902,0,0,7.5e-4,0.3445,0.23225,0.11375,absent,elev2
523.02,0.07125920344023792,0,0,7.5e-4,0.34625,0.23275,0.114,absent,elev2
607.88,0.07051710071537658,0,0,7.5e-4,0.34625,0.23025,0.11175,absent,elev2
692.74,0.07005944055944056,0,0,0.00125,0.344,0.2285,0.1095,absent,elev2
777.6,0.0679341290893015,0,0,5e-4,0.344,0.22675,0.10725,absent,elev2
862.46,0.06626402620368138,0,0,5e-4,0.3415,0.22,0.103,absent,elev2
947.32,0.062366007555662725,0,0,5e-4,0.33075,0.2065,0.094,absent,elev2
1032.18,0.05614369825576722,0,0,2.5e-4,0.31025,0.185,0.07925,absent,elev2
1117.04,0.05385459368217989,0,0,2.5e-4,0.302,0.17675,0.07375,absent,elev2
1201.9,0.05087426653805964,0,0,2.5e-4,0.29325,0.1665,0.06675,absent,elev2
1286.76,0.046609818342576964,0,0,0,0.28825,0.15825,0.059,absent,elev2
1371.62,0.04535897435897436,0,0,0,0.28975,0.1535,0.055,absent,elev2
1456.48,0.04451111245076762,0,0,2.5e-4,0.29025,0.14725,0.05325,absent,elev2
1541.34,0.04360622136484205,0,0,2.5e-4,0.28975,0.1415,0.05175,absent,elev2
1626.2,0.042461498271843104,0,0,0,0.2895,0.138,0.049,absent,elev2
1711.06,0.04169130294992364,0,0,2.5e-4,0.29125,0.1335,0.04675,absent,elev2
1795.92,0.04149849288642392,0,0,2.5e-4,0.2925,0.13025,0.04675,absent,elev2
1880.78,0.0415066915842778,0,0,2.5e-4,0.28975,0.1295,0.04725,absent,elev2
1965.64,0.04120516839482357,0,0,2.5e-4,0.28775,0.12775,0.0475,absent,elev2
2050.5,0.041343340567478494,0,0,5e-4,0.2895,0.12625,0.04775,absent,elev2
2135.36,0.04282300458162527,0,0,5e-4,0.2945,0.1285,0.05075,absent,elev2
2220.22,0.04322074190177638,0,2.5e-4,7.5e-4,0.29425,0.12825,0.05125,absent,elev2
2305.08,0.0454960815047022,7.5e-4,0.002,0.005,0.28725,0.1275,0.0535,absent,elev2
2389.94,0.049136765533317264,0.0015,0.00425,0.00825,0.2875,0.13375,0.059,absent,elev2
2474.8,0.05001615625753557,0.002,0.00525,0.00975,0.28725,0.1335,0.0595,absent,elev2
2559.66,0.056320573105055866,0.0035,0.0095,0.0185,0.2895,0.1315,0.0625,absent,elev2
2644.52,0.05496210111727353,0.00325,0.00925,0.01775,0.28425,0.1285,0.06125,absent,elev2
2729.38,0.053372960372960375,0.003,0.00875,0.01725,0.27525,0.12525,0.0595,absent,elev2
2814.24,0.05304844867775902,0.003,0.00875,0.01725,0.2715,0.1245,0.05925,absent,elev2
2899.1,0.05251290089221124,0.00275,0.00875,0.01725,0.26675,0.12325,0.059,absent,elev2
2983.96,0.05240181657423037,0.00275,0.00875,0.01725,0.26375,0.123,0.059,absent,elev2
3068.82,0.052572863917691504,0.003,0.00875,0.01725,0.264,0.12325,0.0595,absent,elev2
3153.68,0.05254039064383892,0.003,0.00875,0.01725,0.26375,0.123,0.0595,absent,elev2
3238.54,0.05255477855477855,0.003,0.00875,0.01725,0.26375,0.123,0.0595,absent,elev2
3323.4,0.05280590386624869,0.00325,0.009,0.0175,0.26425,0.123,0.05975,absent,elev2
3408.26,0.05284263724780966,0.00325,0.009,0.0175,0.26475,0.1235,0.06,absent,elev2
3493.12,0.052841150229081264,0.00325,0.009,0.0175,0.26475,0.1235,0.06,absent,elev2
3577.98,0.052839703400048225,0.00325,0.009,0.0175,0.26475,0.1235,0.06,absent,elev2
3662.84,0.052839703400048225,0.00325,0.009,0.0175,0.26475,0.1235,0.06,absent,elev2
3747.7,0.052839703400048225,0.00325,0.009,0.0175,0.26475,0.1235,0.06,absent,elev2
3832.56,0.052839703400048225,0.00325,0.009,0.0175,0.26475,0.1235,0.06,absent,elev2
3917.42,0.052839703400048225,0.00325,0.009,0.0175,0.26475,0.1235,0.06,absent,elev2
4002.28,0.052839703400048225,0.00325,0.009,0.0175,0.26475,0.1235,0.06,absent,elev2
4087.14,0.052839703400048225,0.00325,0.009,0.0175,0.26475,0.1235,0.06,absent,elev2
4172,0.052839703400048225,0.00325,0.009,0.0175,0.26475,0.1235,0.06,absent,elev2
-71,0.7222602037646766,0.47809999999999997,0.59925,0.66575,0.88875,0.8515,0.795,present,elev2
13.86,0.7222602037646766,0.47809999999999997,0.59925,0.66575,0.88875,0.8515,0.795,present,elev2
98.72,0.7218049636578244,0.478,0.599,0.66525,0.8885,0.851,0.79475,present,elev2
183.58,0.7218651767410077,0.47825,0.599,0.66525,0.8885,0.851,0.79475,present,elev2
268.44,0.7291843200596385,0.4795,0.60075,0.67525,0.89,0.85525,0.802,present,elev2
353.3,0.8444991302727216,0.49725,0.623,0.82125,0.96875,0.95825,0.93225,present,elev2
438.16,0.8688413368950736,0.507,0.635,0.843,0.9985,0.9915,0.96125,present,elev2
523.02,0.8785121761818973,0.51135,0.63925,0.85475,0.9995,0.99625,0.96825,present,elev2
607.88,0.897414751195875,0.521,0.64375,0.879,0.9995,0.99775,0.98925,present,elev2
692.74,0.8996278188482325,0.52425,0.6451500000000001,0.884,0.99975,0.998,0.9905,present,elev2
777.6,0.9056861992917935,0.54725,0.6595,0.89125,0.9995,0.998,0.99175,present,elev2
862.46,0.9133259147667268,0.57385,0.6785,0.89675,1,0.99925,0.997,present,elev2
947.32,0.9278727557930049,0.66005,0.759,0.903,1,0.99925,0.99675,present,elev2
1032.18,0.9265473224824502,0.66885,0.7695,0.88575,1,0.99925,0.996,present,elev2
1117.04,0.9248500962912344,0.6687000000000001,0.765,0.882,1,0.999,0.99525,present,elev2
1201.9,0.9203792010933715,0.64525,0.76125,0.8745,0.99975,0.9985,0.99275,present,elev2
1286.76,0.9265820649810524,0.65425,0.8075,0.88,0.99975,0.9985,0.99275,present,elev2
1371.62,0.935798642604212,0.6427,0.819,0.91225,0.99925,0.998,0.99275,present,elev2
1456.48,0.9319472727837484,0.5971,0.79575,0.91675,0.99925,0.998,0.9935,present,elev2
1541.34,0.926826722370628,0.56985,0.76925,0.91475,0.9995,0.99825,0.9945,present,elev2
1626.2,0.923809902466298,0.5597000000000001,0.76025,0.912,0.9995,0.99825,0.9945,present,elev2
1711.06,0.9175152357582158,0.5548500000000001,0.7505,0.9015,0.9995,0.9975,0.99,present,elev2
1795.92,0.91340137913897,0.542,0.73740000000000006,0.89325,0.99975,0.998,0.99,present,elev2
1880.78,0.906405789898739,0.53435,0.7225,0.8795,0.99975,0.9975,0.988,present,elev2
1965.64,0.8977594582841524,0.528,0.70675,0.86625,0.9995,0.9955,0.98325,present,elev2
2050.5,0.8787933621171647,0.51285,0.67525,0.8425,0.99875,0.98975,0.9655,present,elev2
2135.36,0.836404345530223,0.47819999999999996,0.6075,0.79075,0.9975,0.98475,0.92225,present,elev2
2220.22,0.8246989967074609,0.469,0.5928000000000001,0.7715,0.996,0.98425,0.913,present,elev2
2305.08,0.8011597192023359,0.45820000000000005,0.5744,0.73225,0.9925,0.97625,0.888,present,elev2
2389.94,0.7374371622041374,0.4217,0.509,0.66725,0.97225,0.93825,0.82075,present,elev2
2474.8,0.7182296856557122,0.40225,0.488,0.6455,0.967,0.92425,0.80475,present,elev2
2559.66,0.6704039572591166,0.36525,0.45025,0.59675,0.94875,0.8795,0.74725,present,elev2
2644.52,0.63107187674722,0.33975,0.42090000000000005,0.552,0.91975,0.847,0.70175,present,elev2
2729.38,0.5940305181089643,0.3226,0.39325,0.51275,0.887,0.80425,0.66025,present,elev2
2814.24,0.5852743523637944,0.32084999999999997,0.38925,0.504,0.878,0.7945,0.64925,present,elev2
2899.1,0.575527349816736,0.3185,0.38575,0.4965,0.85625,0.7775,0.638,present,elev2
2983.96,0.570640010560974,0.31735,0.384,0.49175,0.8505,0.7733499999999999,0.632,present,elev2
3068.82,0.569283764055414,0.3181,0.3845,0.4905,0.8474000000000002,0.77075,0.62975,present,elev2
3153.68,0.5682774274709573,0.3176,0.384,0.4895,0.84615,0.7698499999999999,0.6285,present,elev2
3238.54,0.5681668012673169,0.3176,0.3839,0.4895,0.84575,0.7693499999999999,0.62825,present,elev2
3323.4,0.5685462353233521,0.318,0.3845,0.49,0.84575,0.7693499999999999,0.6285,present,elev2
3408.26,0.5688220631173511,0.3185,0.3849,0.4905,0.84575,0.7690999999999999,0.62875,present,elev2
3493.12,0.5688193141579176,0.31825,0.38475,0.4905,0.84575,0.7690999999999999,0.62875,present,elev2
3577.98,0.5688192986270734,0.31825,0.38475,0.4905,0.84575,0.7690999999999999,0.62875,present,elev2
3662.84,0.5688192986270734,0.31825,0.38475,0.4905,0.84575,0.7690999999999999,0.62875,present,elev2
3747.7,0.5688192986270734,0.31825,0.38475,0.4905,0.84575,0.7690999999999999,0.62875,present,elev2
3832.56,0.5688192986270734,0.31825,0.38475,0.4905,0.84575,0.7690999999999999,0.62875,present,elev2
3917.42,0.5688192986270734,0.31825,0.38475,0.4905,0.84575,0.7690999999999999,0.62875,present,elev2
4002.28,0.5688192986270734,0.31825,0.38475,0.4905,0.84575,0.7690999999999999,0.62875,present,elev2
4087.14,0.5688192986270734,0.31825,0.38475,0.4905,0.84575,0.7690999999999999,0.62875,present,elev2
4172,0.5688192986270734,0.31825,0.38475,0.4905,0.84575,0.7690999999999999,0.62875,present,elev2
9.45846005096775,0.04376523189454224,5e-4,0.001,0.00225,0.29675,0.13175,0.048,absent,max_t2m
9.97128184349678,0.04376523189454224,5e-4,0.001,0.00225,0.29675,0.13175,0.048,absent,max_t2m
10.4841036360258,0.04376551322240978,5e-4,0.001,0.00225,0.29675,0.13175,0.048,absent,max_t2m
10.9969254285548,0.04383948235672374,5e-4,0.001,0.00225,0.297,0.13175,0.048,absent,max_t2m
11.5097472210839,0.04307714412024757,5e-4,0.001,0.00225,0.29625,0.1315,0.04625,absent,max_t2m
12.0225690136129,0.042301523189454224,5e-4,0.001,0.002,0.29725,0.13125,0.04525,absent,max_t2m
12.5353908061419,0.04218115505184471,5e-4,0.001,0.002,0.29725,0.13075,0.04475,absent,max_t2m
13.048212598671,0.04207193955469818,5e-4,0.001,0.002,0.297,0.131,0.04475,absent,max_t2m
13.5610343912,0.041918435013262596,5e-4,0.001,0.002,0.297,0.131,0.0445,absent,max_t2m
14.073856183729,0.04194260911502291,5e-4,0.001,0.002,0.2985,0.13125,0.0445,absent,max_t2m
14.5866779762581,0.042368378747689096,5e-4,0.001,0.002,0.30125,0.13225,0.0445,absent,max_t2m
15.0994997687871,0.04238843340567479,5e-4,0.001,0.002,0.30375,0.1325,0.0435,absent,max_t2m
15.6123215613161,0.04153289526565388,2.5e-4,7.5e-4,0.00175,0.3035,0.13075,0.04075,absent,max_t2m
16.1251433538452,0.04101298127160196,2.5e-4,7.5e-4,0.00175,0.30375,0.12925,0.03875,absent,max_t2m
16.6379651463742,0.041062816493850976,2.5e-4,7.5e-4,0.00175,0.30525,0.128,0.0385,absent,max_t2m
17.1507869389032,0.04273346194035849,0,7.5e-4,0.0015,0.2795,0.12225,0.05275,absent,max_t2m
17.6636087314323,0.042989389920424406,0,7.5e-4,0.0015,0.277,0.1225,0.05575,absent,max_t2m
18.1764305239613,0.044582690298207536,0,7.5e-4,0.0015,0.2765,0.128,0.06125,absent,max_t2m
18.6892523164903,0.04665410738686601,0,5e-4,0.00125,0.2785,0.135,0.068,absent,max_t2m
19.2020741090194,0.04729368619885862,0,5e-4,0.001,0.27425,0.1365,0.07125,absent,max_t2m
19.7148959015484,0.04862062937062937,0,5e-4,0.001,0.273,0.14025,0.07625,absent,max_t2m
20.2277176940774,0.050613415320311876,0,2.5e-4,7.5e-4,0.27775,0.1465,0.0815,absent,max_t2m
20.7405394866065,0.05452274736757495,0,2.5e-4,7.5e-4,0.28225,0.15475,0.09075,absent,max_t2m
21.2533612791355,0.05591572220882566,0,0,7.5e-4,0.2855,0.1585,0.09425,absent,max_t2m
21.7661830716645,0.056341732979664015,0,0,2.5e-4,0.284,0.15925,0.0955,absent,max_t2m
22.2790048641936,0.05619620609275782,0,0,2.5e-4,0.28275,0.1595,0.09575,absent,max_t2m
22.7918266567226,0.05616120086809742,0,0,2.5e-4,0.28075,0.159,0.09625,absent,max_t2m
23.3046484492516,0.06106558958283096,0,0,2.5e-4,0.2895,0.1715,0.1075,absent,max_t2m
23.8174702417807,0.06407471264367816,0,0,2.5e-4,0.3015,0.18025,0.1135,absent,max_t2m
24.3302920343097,0.06351687967205208,0,0,0,0.29675,0.17925,0.113,absent,max_t2m
24.8431138268387,0.0628539506470541,0,0,0,0.29025,0.1785,0.11275,absent,max_t2m
25.3559356193677,0.06261976529217908,0,0,0,0.2865,0.17775,0.1125,absent,max_t2m
25.8687574118968,0.06266923880716985,0,0,0,0.28625,0.17725,0.11225,absent,max_t2m
26.3815792044258,0.0631543284301905,0,0,0,0.28625,0.178,0.11325,absent,max_t2m
26.8944009969548,0.06343656056587091,0,0,0,0.28625,0.178,0.1135,absent,max_t2m
27.4072227894839,0.06359997186721325,0,0,0,0.2865,0.1785,0.114,absent,max_t2m
27.9200445820129,0.06401937143316454,0,0,0,0.287,0.17875,0.115,absent,max_t2m
28.4328663745419,0.06401255927980067,0,0,0,0.287,0.17875,0.115,absent,max_t2m
28.945688167071,0.06402819307129652,0,0,0,0.287,0.179,0.115,absent,max_t2m
29.4585099596,0.06401280041797283,0,0,0,0.287,0.179,0.115,absent,max_t2m
29.971331752129,0.06401131339924443,0,0,0,0.287,0.179,0.115,absent,max_t2m
30.4841535446581,0.06401131339924443,0,0,0,0.287,0.179,0.115,absent,max_t2m
30.9969753371871,0.06401131339924443,0,0,0,0.287,0.179,0.115,absent,max_t2m
31.5097971297161,0.06401131339924443,0,0,0,0.287,0.179,0.115,absent,max_t2m
32.0226189222452,0.06401131339924443,0,0,0,0.287,0.179,0.115,absent,max_t2m
32.5354407147742,0.06401131339924443,0,0,0,0.287,0.179,0.115,absent,max_t2m
33.0482625073032,0.06401131339924443,0,0,0,0.287,0.179,0.115,absent,max_t2m
33.5610842998323,0.06401131339924443,0,0,0,0.287,0.179,0.115,absent,max_t2m
34.0739060923613,0.06401131339924443,0,0,0,0.287,0.179,0.115,absent,max_t2m
34.5867278848903,0.06401131339924443,0,0,0,0.287,0.179,0.115,absent,max_t2m
35.0995496774194,0.06401131339924443,0,0,0,0.287,0.179,0.115,absent,max_t2m
9.45846005096775,0.8065264024352364,0.6267,0.7015,0.755,0.925,0.89925,0.86375,present,max_t2m
9.97128184349678,0.8065264024352364,0.6267,0.7015,0.755,0.925,0.89925,0.86375,present,max_t2m
10.4841036360258,0.806526681990433,0.6267,0.7015,0.755,0.925,0.89925,0.86375,present,max_t2m
10.9969254285548,0.8065664098900416,0.6267,0.7015,0.755,0.925,0.89925,0.86375,present,max_t2m
11.5097472210839,0.8065341057339878,0.62625,0.70125,0.755,0.92525,0.8993499999999999,0.86375,present,max_t2m
12.0225690136129,0.8084214915822824,0.62635,0.7016500000000001,0.7555,0.9345,0.90325,0.86575,present,max_t2m
12.5353908061419,0.8086196496241536,0.62645,0.7015,0.75575,0.9354,0.9035,0.866,present,max_t2m
13.048212598671,0.8087600329253898,0.62675,0.7015,0.75575,0.9365,0.90375,0.86625,present,max_t2m
13.5610343912,0.8088744641858732,0.62635,0.70175,0.75575,0.9374000000000001,0.904,0.8665,present,max_t2m
14.073856183729,0.8110649655215257,0.62585,0.70325,0.75725,0.943,0.9085,0.86875,present,max_t2m
14.5866779762581,0.8200515158103995,0.628,0.71125,0.7645,0.9615,0.92375,0.8785,present,max_t2m
15.0994997687871,0.8324316176927379,0.63435,0.71475,0.7725,0.99075,0.94775,0.89425,present,max_t2m
15.6123215613161,0.8397607162825371,0.63495,0.71725,0.7775,0.99125,0.95675,0.90575,present,max_t2m
16.1251433538452,0.8425777163446605,0.6354500000000001,0.719,0.7815,0.99125,0.95875,0.90925,present,max_t2m
16.6379651463742,0.8529356867739329,0.64025,0.72865,0.79325,0.99275,0.96625,0.91925,present,max_t2m
17.1507869389032,0.9311845996148351,0.7357,0.8453999999999999,0.90125,0.99525,0.98875,0.979,present,max_t2m
17.6636087314323,0.9467887494564204,0.742,0.851,0.92325,0.999,0.997,0.993,present,max_t2m
18.1764305239613,0.9499591228179164,0.74875,0.8446500000000001,0.93075,0.99925,0.99775,0.99475,present,max_t2m
18.6892523164903,0.9540885568739517,0.75275,0.849,0.944,0.99975,0.9985,0.99575,present,max_t2m
19.2020741090194,0.9524548828974343,0.74935,0.84145,0.94375,0.9995,0.998,0.9945,present,max_t2m
19.7148959015484,0.9513523948561844,0.751,0.83725,0.94225,0.9995,0.9985,0.99525,present,max_t2m
20.2277176940774,0.9517768372988755,0.75675,0.84075,0.94225,0.99975,0.99875,0.99575,present,max_t2m
20.7405394866065,0.9518524880412499,0.76025,0.84675,0.94,0.99975,0.999,0.996,present,max_t2m
21.2533612791355,0.9507226191215754,0.7601,0.84975,0.9365,1,0.999,0.9955,present,max_t2m
21.7661830716645,0.9463500031061689,0.75825,0.8464,0.92875,1,0.9985,0.993,present,max_t2m
22.2790048641936,0.9404747779089272,0.75625,0.8425,0.92075,0.9995,0.9975,0.9895,present,max_t2m
22.7918266567226,0.9311437534944399,0.7535,0.8375,0.9095,0.999,0.99375,0.979,present,max_t2m
23.3046484492516,0.9120868484810833,0.7436,0.82315,0.88625,0.99325,0.982,0.9585,present,max_t2m
23.8174702417807,0.8773054451139964,0.732,0.79425,0.8445,0.973,0.9498499999999999,0.92175,present,max_t2m
24.3302920343097,0.8383440547928185,0.713,0.762,0.7975,0.948,0.9095,0.8805,present,max_t2m
24.8431138268387,0.7872860315586755,0.66725,0.706,0.743,0.90675,0.8568499999999999,0.8295,present,max_t2m
25.3559356193677,0.7734192085481766,0.6366,0.68615,0.72675,0.895,0.84725,0.81925,present,max_t2m
25.8687574118968,0.7614880723116109,0.6355,0.67675,0.71425,0.8794,0.83575,0.8065,present,max_t2m
26.3815792044258,0.7604176865254395,0.6341,0.67575,0.71325,0.8784000000000001,0.835,0.80525,present,max_t2m
26.8944009969548,0.7605698422066224,0.6345,0.6759000000000001,0.7135,0.8784000000000001,0.835,0.8055,present,max_t2m
27.4072227894839,0.7604265391066658,0.6345,0.67575,0.71325,0.878,0.835,0.80525,present,max_t2m
27.9200445820129,0.7604924054171585,0.6345,0.676,0.7135,0.87775,0.835,0.8055,present,max_t2m
28.4328663745419,0.7604833043424241,0.6345,0.676,0.7135,0.87775,0.835,0.8055,present,max_t2m
28.945688167071,0.7603600360315587,0.6345,0.676,0.71325,0.87765,0.83475,0.80525,present,max_t2m
29.4585099596,0.7603528763123564,0.6345,0.676,0.71325,0.87765,0.83475,0.80525,present,max_t2m
29.971331752129,0.7603391159843449,0.6345,0.67575,0.71325,0.87765,0.83475,0.80525,present,max_t2m
30.4841535446581,0.7603391159843449,0.6345,0.67575,0.71325,0.87765,0.83475,0.80525,present,max_t2m
30.9969753371871,0.7603391159843449,0.6345,0.67575,0.71325,0.87765,0.83475,0.80525,present,max_t2m
31.5097971297161,0.7603391159843449,0.6345,0.67575,0.71325,0.87765,0.83475,0.80525,present,max_t2m
32.0226189222452,0.7603391159843449,0.6345,0.67575,0.71325,0.87765,0.83475,0.80525,present,max_t2m
32.5354407147742,0.7603391159843449,0.6345,0.67575,0.71325,0.87765,0.83475,0.80525,present,max_t2m
33.0482625073032,0.7603391159843449,0.6345,0.67575,0.71325,0.87765,0.83475,0.80525,present,max_t2m
33.5610842998323,0.7603391159843449,0.6345,0.67575,0.71325,0.87765,0.83475,0.80525,present,max_t2m
34.0739060923613,0.7603391159843449,0.6345,0.67575,0.71325,0.87765,0.83475,0.80525,present,max_t2m
34.5867278848903,0.7603391159843449,0.6345,0.67575,0.71325,0.87765,0.83475,0.80525,present,max_t2m
35.0995496774194,0.7603391159843449,0.6345,0.67575,0.71325,0.87765,0.83475,0.80525,present,max_t2m
-36.6349028,0.04669437746161884,0,0,5e-4,0.286,0.14925,0.05975,absent,coldest
-35.7629862384,0.04672158588537899,0,0,5e-4,0.286,0.14925,0.05975,absent,coldest
-34.8910696768,0.04593402861506309,0,0,5e-4,0.286,0.1485,0.0585,absent,coldest
-34.0191531152,0.04554097339442167,0,0,5e-4,0.28575,0.148,0.05775,absent,coldest
-33.1472365536,0.045412285989872195,0,0,5e-4,0.286,0.14775,0.0575,absent,coldest
-32.275319992,0.04567998955067921,0,0,5e-4,0.28675,0.149,0.058,absent,coldest
-31.4034034304,0.04653719556305763,0,0,5e-4,0.29275,0.152,0.05925,absent,coldest
-30.5314868688,0.047194498030704926,0,0,5e-4,0.29925,0.15275,0.06,absent,coldest
-29.6595703072,0.047998392412185516,0,0,5e-4,0.30225,0.15475,0.061,absent,coldest
-28.7876537456,0.0465411542480508,0,0,2.5e-4,0.294,0.15,0.058,absent,coldest
-27.915737184,0.042168957479302306,0,0,2.5e-4,0.28725,0.13075,0.04775,absent,coldest
-27.0438206224,0.04224571979744393,0,0,2.5e-4,0.291,0.13125,0.04675,absent,coldest
-26.1719040608,0.042761554537416605,0,0,2.5e-4,0.30025,0.1325,0.04625,absent,coldest
-25.2999874992,0.043826099188168155,0,0,2.5e-4,0.30925,0.1375,0.04725,absent,coldest
-24.4280709376,0.04430618519411623,0,0,2.5e-4,0.311,0.14,0.04675,absent,coldest
-23.556154376,0.04516632505425609,0,0,2.5e-4,0.31975,0.14425,0.04725,absent,coldest
-22.6842378144,0.046880053854191785,0,0,2.5e-4,0.331,0.14925,0.0495,absent,coldest
-21.8123212528,0.04918905232698336,0,0,2.5e-4,0.33825,0.15525,0.0535,absent,coldest
-20.9404046912,0.05076595530905876,0,0,2.5e-4,0.34525,0.16075,0.056,absent,coldest
-20.0684881296,0.05154358572462021,0,0,2.5e-4,0.34775,0.1645,0.0575,absent,coldest
-19.196571568,0.05190487099107789,0,0,2.5e-4,0.3475,0.16575,0.058,absent,coldest
-18.3246550064,0.052339422072180695,0,0,2.5e-4,0.34525,0.166,0.06025,absent,coldest
-17.4527384448,0.05269160437263885,0,0,2.5e-4,0.34575,0.1655,0.06225,absent,coldest
-16.5808218832,0.052734265734265734,0,0,2.5e-4,0.34575,0.166,0.063,absent,coldest
-15.7089053216,0.05329418857005064,0,0,2.5e-4,0.3445,0.16975,0.0655,absent,coldest
-14.83698876,0.053791978136805724,0,0,2.5e-4,0.3425,0.17125,0.06775,absent,coldest
-13.9650721984,0.05431404227955952,0,0,2.5e-4,0.3455,0.173,0.06925,absent,coldest
-13.0931556368,0.05479097339442167,0,0,2.5e-4,0.347,0.1745,0.0705,absent,coldest
-12.2212390752,0.055074893497307285,0,0,2.5e-4,0.34725,0.17525,0.07175,absent,coldest
-11.3493225136,0.0551178361868017,0,0,2.5e-4,0.347,0.176,0.072,absent,coldest
-10.477405952,0.054361586689172896,0,0,2.5e-4,0.33875,0.17525,0.072,absent,coldest
-9.60548939040001,0.05417430270878546,0,0,2.5e-4,0.3375,0.175,0.07225,absent,coldest
-8.73357282880001,0.05406064625030142,0,0,2.5e-4,0.335,0.17475,0.07225,absent,coldest
-7.86165626720001,0.0540915320311872,0,0,2.5e-4,0.332,0.174,0.073,absent,coldest
-6.98973970560001,0.05342215256008359,0,0,2.5e-4,0.321,0.17275,0.074,absent,coldest
-6.11782314400001,0.053408548348203515,0,0,2.5e-4,0.31975,0.17225,0.07425,absent,coldest
-5.2459065824,0.05389954585644241,0,0,2.5e-4,0.3195,0.17225,0.0755,absent,coldest
-4.37399002080001,0.053854352544007715,0,0,5e-4,0.31875,0.17175,0.075,absent,coldest
-3.50207345920001,0.053689454223936985,0,0,5e-4,0.31775,0.1715,0.07475,absent,coldest
-2.6301568976,0.05367502612330198,0,0,5e-4,0.31775,0.1715,0.07475,absent,coldest
-1.758240336,0.05367476489028213,0,0,5e-4,0.31775,0.1715,0.07475,absent,coldest
-0.886323774400005,0.05367130857648099,0,0,5e-4,0.31775,0.1715,0.07475,absent,coldest
-0.0144072128000019,0.05367130857648099,0,0,5e-4,0.31775,0.1715,0.07475,absent,coldest
0.857509348800001,0.05367130857648099,0,0,5e-4,0.31775,0.1715,0.07475,absent,coldest
1.7294259104,0.05367130857648099,0,0,5e-4,0.31775,0.1715,0.07475,absent,coldest
2.601342472,0.05367130857648099,0,0,5e-4,0.31775,0.1715,0.07475,absent,coldest
3.4732590336,0.05367130857648099,0,0,5e-4,0.31775,0.1715,0.07475,absent,coldest
4.3451755952,0.05367130857648099,0,0,5e-4,0.31775,0.1715,0.07475,absent,coldest
5.2170921568,0.05367130857648099,0,0,5e-4,0.31775,0.1715,0.07475,absent,coldest
6.0890087184,0.05367130857648099,0,0,5e-4,0.31775,0.1715,0.07475,absent,coldest
6.96092528,0.05367130857648099,0,0,5e-4,0.31775,0.1715,0.07475,absent,coldest
-36.6349028,0.5504188358079145,0.37125,0.42925,0.482,0.7500500000000002,0.659,0.61025,present,coldest
-35.7629862384,0.5504323321115736,0.37125,0.42925,0.482,0.7500500000000002,0.659,0.61025,present,coldest
-34.8910696768,0.5498513542896192,0.3695,0.428,0.48125,0.7499500000000003,0.65875,0.61,present,coldest
-34.0191531152,0.5496792259427222,0.369,0.4275,0.48125,0.7500500000000002,0.6585,0.61,present,coldest
-33.1472365536,0.5500268838914083,0.369,0.42725,0.481,0.751,0.66,0.6105,present,coldest
-32.275319992,0.55241663042803,0.37075,0.42925,0.48325,0.7561500000000001,0.663,0.6125,present,coldest
-31.4034034304,0.5609957134869852,0.37825,0.43525,0.49,0.7776500000000001,0.67475,0.62025,present,coldest
-30.5314868688,0.5916909672609804,0.4225,0.47375,0.5245,0.8135500000000002,0.70025,0.64675,present,coldest
-29.6595703072,0.6189711281605268,0.45525,0.507,0.55725,0.83925,0.72575,0.67175,present,coldest
-28.7876537456,0.7983644933838604,0.6153500000000001,0.695,0.7425,0.9535,0.8935,0.85375,present,coldest
-27.915737184,0.8835404889109771,0.6920999999999999,0.7675,0.82075,0.9975,0.984,0.952,present,coldest
-27.0438206224,0.8988436043983351,0.71875,0.783,0.8445,0.9965,0.98675,0.9635,present,coldest
-26.1719040608,0.9139247996521092,0.73825,0.79675,0.8665,0.9975,0.98975,0.9725,present,coldest
-25.2999874992,0.927410821892278,0.7511000000000001,0.8095,0.88725,0.9985,0.993,0.982,present,coldest
-24.4280709376,0.9419353916878922,0.769,0.82925,0.9125,0.9995,0.997,0.99175,present,coldest
-23.556154376,0.9522440050941169,0.7852,0.85225,0.9395,0.9995,0.99775,0.9935,present,coldest
-22.6842378144,0.9557024290240418,0.78835,0.85725,0.9465,0.9995,0.998,0.995,present,coldest
-21.8123212528,0.9600132633409952,0.79285,0.86425,0.95425,0.99975,0.999,0.997,present,coldest
-20.9404046912,0.9620265111511462,0.7936,0.869,0.9575,0.99975,0.99925,0.99775,present,coldest
-20.0684881296,0.9659824501459899,0.79675,0.8996500000000001,0.9585,1,0.9995,0.998,present,coldest
-19.196571568,0.9686339845934024,0.7996,0.9145,0.96275,1,0.9995,0.99775,present,coldest
-18.3246550064,0.968067885320246,0.81235,0.91475,0.9615,0.99975,0.99925,0.997,present,coldest
-17.4527384448,0.9654489501149283,0.8126,0.9145,0.9595,0.99875,0.997,0.994,present,coldest
-16.5808218832,0.964016214201404,0.81525,0.91225,0.95525,0.9996500000000001,0.99825,0.99425,present,coldest
-15.7089053216,0.9598227154128098,0.82375,0.909,0.9475,0.99925,0.997,0.99125,present,coldest
-14.83698876,0.9551147884699012,0.82035,0.90325,0.93925,0.99875,0.996,0.9885,present,coldest
-13.9650721984,0.952456498105237,0.81785,0.90125,0.9355,0.99875,0.995,0.98675,present,coldest
-13.0931556368,0.9491962477480276,0.8137000000000001,0.8956500000000001,0.93125,0.99875,0.99375,0.98475,present,coldest
-12.2212390752,0.9448131639435919,0.811,0.88975,0.92575,0.99875,0.99125,0.98075,present,coldest
-11.3493225136,0.9354588898552525,0.8063500000000001,0.88275,0.9165,0.9985,0.98225,0.969,present,coldest
-10.477405952,0.8850139001056098,0.78625,0.8315,0.854,0.9985,0.9665,0.90825,present,coldest
-9.60548939040001,0.8780770174566689,0.78025,0.8215,0.846,0.998,0.96275,0.90225,present,coldest
-8.73357282880001,0.87287233646021,0.7778500000000002,0.817,0.842,0.9945,0.9508499999999999,0.896,present,coldest
-7.86165626720001,0.8602599086786358,0.769,0.80425,0.8305,0.98,0.9285,0.883,present,coldest
-6.98973970560001,0.8002774274709573,0.7056,0.732,0.768,0.9155,0.8688499999999999,0.83025,present,coldest
-6.11782314400001,0.7938926352736535,0.7025,0.7284,0.7615,0.9069,0.85935,0.82125,present,coldest
-5.2459065824,0.7935765204696528,0.70225,0.728,0.76125,0.9066500000000001,0.859,0.821,present,coldest
-4.37399002080001,0.7912417375908554,0.70075,0.72675,0.759,0.9035,0.85575,0.819,present,coldest
-3.50207345920001,0.7893342858917811,0.7,0.72575,0.7575,0.9001500000000001,0.85175,0.81725,present,coldest
-2.6301568976,0.7892186432254458,0.7,0.72575,0.75725,0.89975,0.8515,0.817,present,coldest
-1.758240336,0.7892125861961856,0.7,0.72575,0.75725,0.89975,0.8515,0.817,present,coldest
-0.886323774400005,0.7892124930111201,0.7,0.72575,0.75725,0.89975,0.8515,0.817,present,coldest
-0.0144072128000019,0.7892124930111201,0.7,0.72575,0.75725,0.89975,0.8515,0.817,present,coldest
0.857509348800001,0.7892124930111201,0.7,0.72575,0.75725,0.89975,0.8515,0.817,present,coldest
1.7294259104,0.7892124930111201,0.7,0.72575,0.75725,0.89975,0.8515,0.817,present,coldest
2.601342472,0.7892124930111201,0.7,0.72575,0.75725,0.89975,0.8515,0.817,present,coldest
3.4732590336,0.7892124930111201,0.7,0.72575,0.75725,0.89975,0.8515,0.817,present,coldest
4.3451755952,0.7892124930111201,0.7,0.72575,0.75725,0.89975,0.8515,0.817,present,coldest
5.2170921568,0.7892124930111201,0.7,0.72575,0.75725,0.89975,0.8515,0.817,present,coldest
6.0890087184,0.7892124930111201,0.7,0.72575,0.75725,0.89975,0.8515,0.817,present,coldest
6.96092528,0.7892124930111201,0.7,0.72575,0.75725,0.89975,0.8515,0.817,present,coldest
0.0660114972127348,0.059437424644321196,0,0,0,0.3225,0.17075,0.08975,absent,sum_tp
0.133939035270318,0.059437424644321196,0,0,0,0.3225,0.17075,0.08975,absent,sum_tp
0.201866573327902,0.05943778635157946,0,0,0,0.3225,0.17075,0.08975,absent,sum_tp
0.269794111385485,0.059323225624949766,0,0,0,0.3225,0.17075,0.08975,absent,sum_tp
0.337721649443068,0.05856147013905635,0,0,0,0.3265,0.171,0.08925,absent,sum_tp
0.405649187500652,0.058759806285668355,0,0,0,0.334,0.1715,0.08875,absent,sum_tp
0.473576725558235,0.054083252953942604,0,0,5e-4,0.32975,0.163,0.077,absent,sum_tp
0.541504263615819,0.05451623663692629,0,2.5e-4,7.5e-4,0.33025,0.164,0.077,absent,sum_tp
0.609431801673402,0.05211488224419259,0,2.5e-4,0.001,0.3285,0.1595,0.0685,absent,sum_tp
0.677359339730985,0.048986817779921234,0,2.5e-4,0.001,0.3235,0.1535,0.059,absent,sum_tp
0.745286877788569,0.04782497387669801,0,2.5e-4,0.001,0.31775,0.1495,0.0565,absent,sum_tp
0.813214415846152,0.046769692950727436,2.5e-4,7.5e-4,0.00125,0.3065,0.14625,0.054,absent,sum_tp
0.881141953903736,0.045095711759504865,5e-4,0.001,0.002,0.28875,0.14,0.053,absent,sum_tp
0.949069491961319,0.04370727835383008,5e-4,0.001,0.002,0.27225,0.13575,0.053,absent,sum_tp
1.0169970300189,0.04331990997508239,5e-4,0.001,0.002,0.26575,0.13425,0.05325,absent,sum_tp
1.08492456807649,0.042930934008520216,5e-4,0.001,0.002,0.2625,0.13225,0.053,absent,sum_tp
1.15285210613407,0.042249377059721885,5e-4,0.00125,0.002,0.25875,0.1285,0.05175,absent,sum_tp
1.22077964419165,0.04198934973072904,5e-4,0.00125,0.002,0.25575,0.1275,0.0525,absent,sum_tp
1.28870718224924,0.0416195442488546,5e-4,0.00125,0.002,0.24875,0.12675,0.05275,absent,sum_tp
1.35663472030682,0.041113957881199266,5e-4,0.00125,0.002,0.247,0.12675,0.052,absent,sum_tp
1.4245622583644,0.040812294027811266,5e-4,0.00125,0.002,0.24575,0.1265,0.052,absent,sum_tp
1.49248979642199,0.04066718913270637,5e-4,0.00125,0.002,0.24625,0.126,0.05175,absent,sum_tp
1.56041733447957,0.04057063338959891,5e-4,0.00125,0.002,0.24525,0.126,0.05175,absent,sum_tp
1.62834487253715,0.040635097660959726,5e-4,0.00125,0.002,0.24325,0.12675,0.05225,absent,sum_tp
1.69627241059474,0.0417850052246604,5e-4,0.00125,0.002,0.24675,0.13175,0.055,absent,sum_tp
1.76419994865232,0.04166393376738205,5e-4,0.00125,0.002,0.2465,0.1315,0.0545,absent,sum_tp
1.8321274867099,0.041508701069045896,5e-4,0.00125,0.002,0.24575,0.131,0.05425,absent,sum_tp
1.90005502476749,0.04159221525600836,5e-4,0.00125,0.002,0.246,0.13125,0.0545,absent,sum_tp
1.96798256282507,0.041579816734989145,5e-4,0.00125,0.002,0.246,0.13125,0.0545,absent,sum_tp
2.03591010088265,0.041540491118077325,5e-4,0.00125,0.002,0.24525,0.13125,0.0545,absent,sum_tp
2.10383763894024,0.041507414998794304,5e-4,0.00125,0.002,0.245,0.13125,0.05425,absent,sum_tp
2.17176517699782,0.04146714492404147,5e-4,0.00125,0.002,0.24475,0.131,0.05425,absent,sum_tp
2.2396927150554,0.04141538059641508,5e-4,0.00125,0.002,0.2445,0.131,0.05425,absent,sum_tp
2.30762025311299,0.04141759102965999,5e-4,0.00125,0.002,0.2445,0.131,0.05425,absent,sum_tp
2.37554779117057,0.04142199180130215,5e-4,0.00125,0.002,0.2445,0.131,0.05425,absent,sum_tp
2.44347532922815,0.041431999035447316,5e-4,0.00125,0.002,0.2445,0.131,0.0545,absent,sum_tp
2.51140286728574,0.04149178120729845,5e-4,0.00125,0.002,0.2445,0.13125,0.0545,absent,sum_tp
2.57933040534332,0.04160095651474962,5e-4,0.00125,0.002,0.24475,0.1315,0.055,absent,sum_tp
2.6472579434009,0.04159778152881601,5e-4,0.00125,0.002,0.24475,0.1315,0.055,absent,sum_tp
2.71518548145849,0.04159675669158428,5e-4,0.00125,0.002,0.24475,0.1315,0.055,absent,sum_tp
2.78311301951607,0.04159675669158428,5e-4,0.00125,0.002,0.24475,0.1315,0.055,absent,sum_tp
2.85104055757365,0.04159675669158428,5e-4,0.00125,0.002,0.24475,0.1315,0.055,absent,sum_tp
2.91896809563124,0.04159675669158428,5e-4,0.00125,0.002,0.24475,0.1315,0.055,absent,sum_tp
2.98689563368882,0.04159675669158428,5e-4,0.00125,0.002,0.24475,0.1315,0.055,absent,sum_tp
3.0548231717464,0.04159673659673659,5e-4,0.00125,0.002,0.24475,0.1315,0.055,absent,sum_tp
3.12275070980399,0.04159673659673659,5e-4,0.00125,0.002,0.24475,0.1315,0.055,absent,sum_tp
3.19067824786157,0.04159673659673659,5e-4,0.00125,0.002,0.24475,0.1315,0.055,absent,sum_tp
3.25860578591915,0.04159673659673659,5e-4,0.00125,0.002,0.24475,0.1315,0.055,absent,sum_tp
3.32653332397674,0.04159673659673659,5e-4,0.00125,0.002,0.24475,0.1315,0.055,absent,sum_tp
3.39446086203432,0.04159673659673659,5e-4,0.00125,0.002,0.24475,0.1315,0.055,absent,sum_tp
3.4623884000919,0.04159673659673659,5e-4,0.00125,0.002,0.24475,0.1315,0.055,absent,sum_tp
0.0660114972127348,0.8634798409641548,0.742,0.79865,0.84225,0.922,0.91175,0.89875,present,sum_tp
0.133939035270318,0.8634798409641548,0.742,0.79865,0.84225,0.922,0.91175,0.89875,present,sum_tp
0.201866573327902,0.8634805553829906,0.742,0.79865,0.84225,0.922,0.91175,0.89875,present,sum_tp
0.269794111385485,0.8634256538485432,0.74185,0.7985,0.84225,0.9219,0.9115,0.89875,present,sum_tp
0.337721649443068,0.877640367770392,0.74525,0.80325,0.84925,0.9419,0.932,0.9185,present,sum_tp
0.405649187500652,0.9204280766602473,0.76135,0.8295,0.8745,0.99525,0.9895,0.977,present,sum_tp
0.473576725558235,0.950360300055911,0.7985,0.866,0.91975,0.99975,0.998,0.99375,present,sum_tp
0.541504263615819,0.9611656209231534,0.81875,0.88825,0.94625,0.99975,0.99875,0.99575,present,sum_tp
0.609431801673402,0.9634444617009381,0.82575,0.8935,0.94825,0.9995,0.99875,0.9965,present,sum_tp
0.677359339730985,0.9643034571659316,0.82725,0.89675,0.94825,1,0.99925,0.997,present,sum_tp
0.745286877788569,0.9614559079331552,0.82825,0.89675,0.9445,0.99975,0.99875,0.9955,present,sum_tp
0.813214415846152,0.9548193452196062,0.8235,0.8895,0.9335,0.9995,0.99775,0.992,present,sum_tp
0.881141953903736,0.9247253836118532,0.7818499999999999,0.851,0.8925,0.99625,0.98775,0.96975,present,sum_tp
0.949069491961319,0.8961154252345158,0.7475,0.79875,0.83675,0.996,0.9885,0.962,present,sum_tp
1.0169970300189,0.8800335155619059,0.72225,0.768,0.8075,0.99625,0.9885,0.957,present,sum_tp
1.08492456807649,0.8563512766353979,0.68725,0.73265,0.77575,0.99775,0.98575,0.938,present,sum_tp
1.15285210613407,0.8230220382680002,0.65,0.69325,0.73925,0.99825,0.9825,0.8995,present,sum_tp
1.22077964419165,0.8016555258743865,0.6255,0.66875,0.7155,0.9985,0.978,0.876,present,sum_tp
1.28870718224924,0.753645989936013,0.5875,0.621,0.66225,0.9985,0.9605,0.81675,present,sum_tp
1.35663472030682,0.7436795365596074,0.579,0.6125,0.653,0.99875,0.94775,0.8035,present,sum_tp
1.4245622583644,0.7362073523016711,0.5755,0.60825,0.6485,0.9985,0.9365999999999999,0.7935,present,sum_tp
1.49248979642199,0.7318781760576505,0.57275,0.6055,0.64525,0.99825,0.9291999999999998,0.78675,present,sum_tp
1.56041733447957,0.7210705100329254,0.5645,0.5965,0.6355,0.99725,0.91425,0.77275,present,sum_tp
1.62834487253715,0.7090038982419085,0.5555,0.58575,0.622,0.9965,0.904,0.75675,present,sum_tp
1.69627241059474,0.6928059576318568,0.54075,0.57115,0.606,0.9925,0.88435,0.73825,present,sum_tp
1.76419994865232,0.6907430732434615,0.539,0.56975,0.604,0.99225,0.8825999999999999,0.735,present,sum_tp
1.8321274867099,0.6888159750264025,0.5375,0.5675,0.60225,0.991,0.882,0.73275,present,sum_tp
1.90005502476749,0.6878024476610549,0.5361,0.56625,0.601,0.9905,0.88075,0.7315,present,sum_tp
1.96798256282507,0.6875573088153072,0.53575,0.566,0.601,0.9904000000000001,0.8805999999999998,0.73125,present,sum_tp
2.03591010088265,0.6859410293843573,0.53475,0.56475,0.5995,0.986,0.8789499999999999,0.72925,present,sum_tp
2.10383763894024,0.6845035876250234,0.5345,0.564,0.5985,0.981,0.87775,0.7275,present,sum_tp
2.17176517699782,0.6830920823755979,0.5341,0.5635,0.59825,0.973,0.8755,0.72625,present,sum_tp
2.2396927150554,0.6811911070385787,0.53375,0.563,0.59725,0.96,0.874,0.72475,present,sum_tp
2.30762025311299,0.6811914642479965,0.53375,0.563,0.59725,0.96,0.874,0.72475,present,sum_tp
2.37554779117057,0.6811947878486674,0.53375,0.563,0.59725,0.96,0.874,0.72475,present,sum_tp
2.44347532922815,0.6811980493259614,0.53375,0.563,0.59725,0.96,0.874,0.725,present,sum_tp
2.51140286728574,0.681238258681742,0.53375,0.563,0.5975,0.96,0.874,0.725,present,sum_tp
2.57933040534332,0.6814626793812512,0.53425,0.56325,0.59775,0.96,0.874,0.72525,present,sum_tp
2.6472579434009,0.6814440423681432,0.53425,0.56325,0.59775,0.96,0.874,0.72525,present,sum_tp
2.71518548145849,0.6814439802447662,0.53425,0.56325,0.59775,0.96,0.874,0.72525,present,sum_tp
2.78311301951607,0.6814439802447662,0.53425,0.56325,0.59775,0.96,0.874,0.72525,present,sum_tp
2.85104055757365,0.6814439802447662,0.53425,0.56325,0.59775,0.96,0.874,0.72525,present,sum_tp
2.91896809563124,0.6814439802447662,0.53425,0.56325,0.59775,0.96,0.874,0.72525,present,sum_tp
2.98689563368882,0.6814439802447662,0.53425,0.56325,0.59775,0.96,0.874,0.72525,present,sum_tp
3.0548231717464,0.6814439647139219,0.53425,0.56325,0.59775,0.96,0.874,0.72525,present,sum_tp
3.12275070980399,0.6814439647139219,0.53425,0.56325,0.59775,0.96,0.874,0.72525,present,sum_tp
3.19067824786157,0.6814439647139219,0.53425,0.56325,0.59775,0.96,0.874,0.72525,present,sum_tp
3.25860578591915,0.6814439647139219,0.53425,0.56325,0.59775,0.96,0.874,0.72525,present,sum_tp
3.32653332397674,0.6814439647139219,0.53425,0.56325,0.59775,0.96,0.874,0.72525,present,sum_tp
3.39446086203432,0.6814439647139219,0.53425,0.56325,0.59775,0.96,0.874,0.72525,present,sum_tp
3.4623884000919,0.6814439647139219,0.53425,0.56325,0.59775,0.96,0.874,0.72525,present,sum_tp
33.2,0.05198834498834499,0,0,2.5e-4,0.29975,0.15725,0.0765,absent,julian
37.6693333333333,0.05198834498834499,0,0,2.5e-4,0.29975,0.15725,0.0765,absent,julian
42.1386666666667,0.05198834498834499,0,0,2.5e-4,0.29975,0.15725,0.0765,absent,julian
46.608,0.05198834498834499,0,0,2.5e-4,0.29975,0.15725,0.0765,absent,julian
51.0773333333333,0.05198834498834499,0,0,2.5e-4,0.29975,0.15725,0.0765,absent,julian
55.5466666666667,0.05198852584197412,0,0,2.5e-4,0.29975,0.15725,0.0765,absent,julian
60.016,0.05199021380917933,0,0,2.5e-4,0.29975,0.15725,0.0765,absent,julian
64.4853333333333,0.05197110360903464,0,0,2.5e-4,0.2995,0.15725,0.0765,absent,julian
68.9546666666667,0.05198597379631863,0,0,2.5e-4,0.299,0.15725,0.0765,absent,julian
73.424,0.051570633389598906,0,0,0,0.299,0.15725,0.07575,absent,julian
77.8933333333333,0.05139546660236316,0,0,0,0.29875,0.15675,0.0755,absent,julian
82.3626666666667,0.05139038260589985,0,0,0,0.299,0.15675,0.0755,absent,julian
86.832,0.05119299091712885,0,0,2.5e-4,0.29975,0.1565,0.075,absent,julian
91.3013333333333,0.051044510087613536,0,0,2.5e-4,0.29975,0.1565,0.0745,absent,julian
95.7706666666667,0.050789225142673415,0,0,2.5e-4,0.29975,0.1565,0.074,absent,julian
100.24,0.05052383248934973,0,0,2.5e-4,0.3,0.15625,0.0735,absent,julian
104.709333333333,0.050527469656780004,0,0,2.5e-4,0.301,0.15625,0.07325,absent,julian
109.178666666667,0.0506190016879672,0,0,2.5e-4,0.30425,0.15625,0.07325,absent,julian
113.648,0.05084689735551804,0,0,2.5e-4,0.3055,0.1565,0.07325,absent,julian
118.117333333333,0.05036086327465637,0,0,2.5e-4,0.30475,0.15475,0.0725,absent,julian
122.586666666667,0.049385921549714655,0,0,2.5e-4,0.30425,0.15125,0.0705,absent,julian
127.056,0.048698396431155054,0,0,2.5e-4,0.30275,0.148,0.0685,absent,julian
131.525333333333,0.04765645848404469,0,0,2.5e-4,0.3015,0.14475,0.0655,absent,julian
135.994666666667,0.047151756289687326,0,0,2.5e-4,0.302,0.1425,0.06425,absent,julian
140.464,0.04695633389598907,0,0,7.5e-4,0.304,0.141,0.06225,absent,julian
144.933333333333,0.04653231251507114,0,0,5e-4,0.30675,0.1405,0.05975,absent,julian
149.402666666667,0.046719475926372475,0,0,7.5e-4,0.30875,0.14125,0.059,absent,julian
153.872,0.046497066152238566,0,0,7.5e-4,0.30975,0.14,0.05775,absent,julian
158.341333333333,0.04613224419258902,0,2.5e-4,0.00125,0.3045,0.13775,0.0555,absent,julian
162.810666666667,0.045516497869946146,2.5e-4,0.001,0.002,0.2945,0.13425,0.05375,absent,julian
167.28,0.04674642311711278,5e-4,0.0025,0.00525,0.28425,0.131,0.0535,absent,julian
171.749333333333,0.0477831966883691,7.5e-4,0.00325,0.007,0.2835,0.13175,0.0545,absent,julian
176.218666666667,0.0499462261876055,0.00125,0.00475,0.01025,0.28075,0.1295,0.05675,absent,julian
180.688,0.05069252873563218,0.00125,0.00475,0.01025,0.2855,0.1335,0.0575,absent,julian
185.157333333333,0.05312422634836428,0.00125,0.00475,0.01,0.308,0.14375,0.06125,absent,julian
189.626666666667,0.05332744554296278,0.00125,0.00425,0.00925,0.31025,0.146,0.06325,absent,julian
194.096,0.0532317538783056,0.001,0.004,0.00925,0.30575,0.146,0.06425,absent,julian
198.565333333333,0.053505626557350694,0.001,0.00425,0.00925,0.305,0.14625,0.065,absent,julian
203.034666666667,0.05423782252230528,0.00125,0.0045,0.00975,0.30475,0.1475,0.06625,absent,julian
207.504,0.05471250301422716,0.00125,0.00475,0.01,0.3045,0.14875,0.0675,absent,julian
211.973333333333,0.05597691102001447,0.00125,0.005,0.01025,0.3045,0.15,0.071,absent,julian
216.442666666667,0.05660591994212684,0.00125,0.00525,0.01075,0.3045,0.15125,0.0725,absent,julian
220.912,0.0569779358572462,0.00125,0.00525,0.01075,0.3045,0.15175,0.07325,absent,julian
225.381333333333,0.05693079334458644,0.00125,0.00525,0.01075,0.304,0.1515,0.07325,absent,julian
229.850666666667,0.05692779921228197,0.00125,0.00525,0.01075,0.304,0.1515,0.07325,absent,julian
234.32,0.056927136082308497,0.00125,0.00525,0.01075,0.304,0.1515,0.07325,absent,julian
238.789333333333,0.056927136082308497,0.00125,0.00525,0.01075,0.304,0.1515,0.07325,absent,julian
243.258666666667,0.056927136082308497,0.00125,0.00525,0.01075,0.304,0.1515,0.07325,absent,julian
247.728,0.056927136082308497,0.00125,0.00525,0.01075,0.304,0.1515,0.07325,absent,julian
252.197333333333,0.056927136082308497,0.00125,0.00525,0.01075,0.304,0.1515,0.07325,absent,julian
256.666666666667,0.056927136082308497,0.00125,0.00525,0.01075,0.304,0.1515,0.07325,absent,julian
33.2,0.8115434863639187,0.66925,0.72875,0.77025,0.9125,0.8775,0.8585,present,julian
37.6693333333333,0.8115434863639187,0.66925,0.72875,0.77025,0.9125,0.8775,0.8585,present,julian
42.1386666666667,0.8115434863639187,0.66925,0.72875,0.77025,0.9125,0.8775,0.8585,present,julian
46.608,0.8115434863639187,0.66925,0.72875,0.77025,0.9125,0.8775,0.8585,present,julian
51.0773333333333,0.8115434863639187,0.66925,0.72875,0.77025,0.9125,0.8775,0.8585,present,julian
55.5466666666667,0.8115449462632789,0.66925,0.72875,0.77025,0.9125,0.8775,0.8585,present,julian
60.016,0.8115593744175933,0.66925,0.72875,0.77025,0.9125,0.8775,0.8585,present,julian
64.4853333333333,0.8115139466981426,0.669,0.7285,0.77025,0.9126500000000001,0.8775,0.8585,present,julian
68.9546666666667,0.8115200503199353,0.669,0.7285,0.77025,0.9126500000000001,0.8775,0.8585,present,julian
73.424,0.811605035099708,0.66925,0.7285,0.77025,0.91325,0.8775,0.8585,present,julian
77.8933333333333,0.8117233801329441,0.669,0.72875,0.7705,0.91375,0.8775,0.8585,present,julian
82.3626666666667,0.8123506864633161,0.66975,0.7295,0.77125,0.91425,0.87775,0.859,present,julian
86.832,0.8132057215630242,0.671,0.73025,0.77225,0.91525,0.87825,0.8595,present,julian
91.3013333333333,0.813830589550848,0.67125,0.731,0.773,0.9156500000000001,0.8785,0.86025,present,julian
95.7706666666667,0.8147000372740263,0.6715,0.732,0.7735,0.91625,0.87925,0.861,present,julian
100.24,0.8163505466857178,0.67235,0.73325,0.77525,0.91825,0.88075,0.8625,present,julian
104.709333333333,0.8196686028452507,0.67425,0.73525,0.77825,0.9239000000000002,0.884,0.8655,present,julian
109.178666666667,0.8258521618935205,0.67835,0.73975,0.78425,0.9394000000000001,0.8905,0.872,present,julian
113.648,0.8356842889979499,0.6865,0.74675,0.7935,0.95975,0.90225,0.8825,present,julian
118.117333333333,0.8444102006585078,0.693,0.75075,0.8005,0.97625,0.914,0.8905,present,julian
122.586666666667,0.8455653537926322,0.69175,0.7505,0.80175,0.97775,0.91575,0.89175,present,julian
127.056,0.8526615673728024,0.69375,0.755,0.80975,0.98475,0.92075,0.89975,present,julian
131.525333333333,0.8801864477853016,0.70185,0.77025,0.8375,0.992,0.954,0.93475,present,julian
135.994666666667,0.9058836429148288,0.71485,0.7845,0.85925,0.998,0.9895,0.96975,present,julian
140.464,0.9301249301112008,0.73085,0.80925,0.899,0.99925,0.99675,0.9875,present,julian
144.933333333333,0.94624310430515,0.74535,0.83425,0.92725,0.99975,0.999,0.9955,present,julian
149.402666666667,0.9529680841150525,0.7491,0.841,0.94425,0.99975,0.99925,0.99725,present,julian
153.872,0.9560865533950424,0.75025,0.84375,0.95225,1,0.9995,0.998,present,julian
158.341333333333,0.9563846368888613,0.75085,0.84625,0.9555,0.99975,0.99875,0.9965,present,julian
162.810666666667,0.9565139311672982,0.75985,0.86175,0.95525,0.99925,0.99725,0.9935,present,julian
167.28,0.9568131328819035,0.779,0.89425,0.9475,0.99925,0.997,0.991,present,julian
171.749333333333,0.9537556842889979,0.778,0.89365000000000006,0.93975,0.99925,0.99675,0.989,present,julian
176.218666666667,0.9464510623097472,0.76825,0.88275,0.92975,0.99875,0.99425,0.98375,present,julian
180.688,0.9031400105609741,0.727,0.817,0.87275,0.991,0.97225,0.951,present,julian
185.157333333333,0.801902714791576,0.58375,0.671,0.75,0.98875,0.9285,0.86025,present,julian
189.626666666667,0.7805046281915885,0.55835,0.647,0.72875,0.97525,0.9050999999999999,0.84,present,julian
194.096,0.7656386904392123,0.5545,0.63865,0.71425,0.9655,0.8855,0.8245,present,julian
198.565333333333,0.7575091631981115,0.55325,0.636,0.7065,0.9525,0.87575,0.816,present,julian
203.034666666667,0.7553701466111697,0.55175,0.635,0.705,0.94725,0.8725,0.81325,present,julian
207.504,0.754499394297074,0.5515,0.6349,0.70425,0.9404000000000001,0.871,0.81275,present,julian
211.973333333333,0.7540978443188171,0.55125,0.635,0.70425,0.9365,0.87,0.81225,present,julian
216.442666666667,0.754007687767907,0.55125,0.635,0.70425,0.936,0.86975,0.81225,present,julian
220.912,0.7534923432937815,0.5508500000000001,0.63475,0.704,0.9336500000000001,0.8685999999999999,0.81175,present,julian
225.381333333333,0.7533425638317699,0.5505,0.6345,0.704,0.9329000000000001,0.8685,0.81175,present,julian
229.850666666667,0.7533422221531962,0.5505,0.6345,0.704,0.9329000000000001,0.8685,0.81175,present,julian
234.32,0.7533420668447537,0.5505,0.6345,0.704,0.9329000000000001,0.8685,0.81175,present,julian
238.789333333333,0.7533420668447537,0.5505,0.6345,0.704,0.9329000000000001,0.8685,0.81175,present,julian
243.258666666667,0.7533420668447537,0.5505,0.6345,0.704,0.9329000000000001,0.8685,0.81175,present,julian
247.728,0.7533420668447537,0.5505,0.6345,0.704,0.9329000000000001,0.8685,0.81175,present,julian
252.197333333333,0.7533420668447537,0.5505,0.6345,0.704,0.9329000000000001,0.8685,0.81175,present,julian
256.666666666667,0.7533420668447537,0.5505,0.6345,0.704,0.9329000000000001,0.8685,0.81175,present,julian
0,0.03365444899927658,0,0,0,0.241,0.10775,0.03725,absent,Temperate or sub-polar shrubland
0.02,0.03350602845430432,0,0,0,0.25175,0.10575,0.03375,absent,Temperate or sub-polar shrubland
0.04,0.03352726870830319,0,0,0,0.255,0.10575,0.033,absent,Temperate or sub-polar shrubland
0.06,0.033462342255445705,0,0,0,0.25775,0.106,0.03275,absent,Temperate or sub-polar shrubland
0.08,0.033984908769391524,0,0,0,0.26775,0.10725,0.03225,absent,Temperate or sub-polar shrubland
0.1,0.03405729041073868,0,0,0,0.2685,0.10625,0.032,absent,Temperate or sub-polar shrubland
0.12,0.03430660718591753,0,0,0,0.2715,0.10775,0.0325,absent,Temperate or sub-polar shrubland
0.14,0.03448412507033197,0,0,0,0.27075,0.1085,0.0325,absent,Temperate or sub-polar shrubland
0.16,0.03469644723092999,0,0,0,0.27125,0.109,0.03375,absent,Temperate or sub-polar shrubland
0.18,0.03486011976529218,0,0,0,0.26825,0.10775,0.035,absent,Temperate or sub-polar shrubland
0.2,0.03492757816895748,0,0,0,0.2665,0.10825,0.03525,absent,Temperate or sub-polar shrubland
0.22,0.03492806044530183,0,0,0,0.265,0.108,0.0355,absent,Temperate or sub-polar shrubland
0.24,0.0351619644723093,0,0,0,0.26275,0.1085,0.03625,absent,Temperate or sub-polar shrubland
0.26,0.03833136403826059,0,0,0,0.27325,0.118,0.043,absent,Temperate or sub-polar shrubland
0.28,0.03867337834579214,0,0,0,0.2765,0.11875,0.0435,absent,Temperate or sub-polar shrubland
0.3,0.03879670042601077,0,0,0,0.27775,0.12,0.0435,absent,Temperate or sub-polar shrubland
0.32,0.03923378345792139,0,0,0,0.281,0.122,0.044,absent,Temperate or sub-polar shrubland
0.34,0.04181902580178442,0,0,0,0.28675,0.1325,0.04925,absent,Temperate or sub-polar shrubland
0.36,0.043198255767221284,0,0,0,0.28925,0.1385,0.052,absent,Temperate or sub-polar shrubland
0.38,0.04355654690137449,0,0,0,0.2905,0.13975,0.05275,absent,Temperate or sub-polar shrubland
0.4,0.043915923157302465,0,0,0,0.292,0.141,0.05375,absent,Temperate or sub-polar shrubland
0.42,0.044929045092838196,0,0,0,0.294,0.14525,0.0555,absent,Temperate or sub-polar shrubland
0.44,0.045605075958524234,0,0,0,0.2965,0.148,0.0565,absent,Temperate or sub-polar shrubland
0.46,0.046622236958443856,0,0,2.5e-4,0.29875,0.15175,0.0585,absent,Temperate or sub-polar shrubland
0.48,0.04731132947512257,0,0,2.5e-4,0.29825,0.15425,0.0605,absent,Temperate or sub-polar shrubland
0.5,0.04766638533879913,0,0,0,0.29825,0.15475,0.0615,absent,Temperate or sub-polar shrubland
0.52,0.04820836347560486,0,0,0,0.2995,0.15675,0.06275,absent,Temperate or sub-polar shrubland
0.54,0.0487226308174584,0,0,0,0.3005,0.15775,0.064,absent,Temperate or sub-polar shrubland
0.56,0.04927674624226348,0,0,2.5e-4,0.301,0.15925,0.0655,absent,Temperate or sub-polar shrubland
0.58,0.049228558797524316,0,0,0,0.301,0.15975,0.06575,absent,Temperate or sub-polar shrubland
0.6,0.04962119202636445,0,0,2.5e-4,0.30175,0.16025,0.06675,absent,Temperate or sub-polar shrubland
0.62,0.04998478820030545,0,0,0,0.3015,0.16125,0.068,absent,Temperate or sub-polar shrubland
0.64,0.05086484205449723,0,0,0,0.30275,0.16375,0.07025,absent,Temperate or sub-polar shrubland
0.66,0.05202873563218391,0,0,0,0.3045,0.16625,0.07375,absent,Temperate or sub-polar shrubland
0.68,0.052535507595852425,0,0,0,0.30375,0.16725,0.075,absent,Temperate or sub-polar shrubland
0.7,0.05296875251185596,0,0,0,0.304,0.1685,0.0765,absent,Temperate or sub-polar shrubland
0.72,0.053734366208504136,0,0,0,0.30425,0.171,0.079,absent,Temperate or sub-polar shrubland
0.74,0.05643027087854674,0,0,0,0.30475,0.18,0.08925,absent,Temperate or sub-polar shrubland
0.76,0.05720687645687646,0,0,0,0.30425,0.1815,0.0915,absent,Temperate or sub-polar shrubland
0.78,0.05769102162205611,0,0,0,0.30475,0.18225,0.09275,absent,Temperate or sub-polar shrubland
0.8,0.05879209870589181,0,0,2.5e-4,0.305,0.184,0.09525,absent,Temperate or sub-polar shrubland
0.82,0.05996248291937947,0,0,0,0.3055,0.187,0.09875,absent,Temperate or sub-polar shrubland
0.84,0.06070281729764489,0,0,0,0.30525,0.1895,0.101,absent,Temperate or sub-polar shrubland
0.86,0.061667369986335506,0,0,0,0.306,0.19025,0.10225,absent,Temperate or sub-polar shrubland
0.88,0.06245243549553894,0,0,0,0.3055,0.191,0.104,absent,Temperate or sub-polar shrubland
0.9,0.06279832810867293,0,0,0,0.30575,0.191,0.10475,absent,Temperate or sub-polar shrubland
0.92,0.06467201189614984,0,0,0,0.30975,0.195,0.10875,absent,Temperate or sub-polar shrubland
0.94,0.06516769150389841,0,0,0,0.30975,0.1955,0.10975,absent,Temperate or sub-polar shrubland
0.96,0.06632376818583716,0,0,2.5e-4,0.31075,0.19575,0.11175,absent,Temperate or sub-polar shrubland
0.98,0.0686665260027329,0,0,2.5e-4,0.30925,0.197,0.11475,absent,Temperate or sub-polar shrubland
1,0.0702250622940278,0,0,2.5e-4,0.3075,0.19675,0.11525,absent,Temperate or sub-polar shrubland
0,0.7176128471143691,0.47575,0.55475,0.64075,0.958,0.8935999999999998,0.783,present,Temperate or sub-polar shrubland
0.02,0.7955874541840094,0.4935,0.5874,0.7005,0.99725,0.96475,0.91,present,Temperate or sub-polar shrubland
0.04,0.809911784804622,0.50375,0.6025,0.717,0.998,0.97425,0.9235,present,Temperate or sub-polar shrubland
0.06,0.8227102410387029,0.51785,0.62625,0.739,0.99725,0.9755,0.92925,present,Temperate or sub-polar shrubland
0.08,0.858434475368081,0.54475,0.7014,0.80525,0.99525,0.97575,0.94175,present,Temperate or sub-polar shrubland
0.1,0.866928542585575,0.55025,0.718,0.81825,0.9945,0.9763499999999999,0.94725,present,Temperate or sub-polar shrubland
0.12,0.886496676399329,0.56125,0.7425,0.84925,0.992,0.982,0.963,present,Temperate or sub-polar shrubland
0.14,0.901108358700379,0.5690999999999999,0.75775,0.87225,0.99425,0.98775,0.97425,present,Temperate or sub-polar shrubland
0.16,0.9085756352115302,0.58075,0.7766500000000001,0.88625,0.9945,0.9875,0.976,present,Temperate or sub-polar shrubland
0.18,0.9210833229794372,0.61085,0.80115,0.9015,0.99525,0.98975,0.9805,present,Temperate or sub-polar shrubland
0.2,0.9288719015965707,0.62475,0.81275,0.91075,0.99825,0.9945,0.987,present,Temperate or sub-polar shrubland
0.22,0.9297290799527862,0.6291500000000001,0.817,0.911,0.9985,0.995,0.9875,present,Temperate or sub-polar shrubland
0.24,0.9301304280300676,0.6351,0.81975,0.90975,0.998,0.99475,0.988,present,Temperate or sub-polar shrubland
0.26,0.9452356960924396,0.747,0.85025,0.92625,0.99925,0.99725,0.99225,present,Temperate or sub-polar shrubland
0.28,0.9477694446170094,0.7552,0.8545,0.92875,0.9995,0.998,0.994,present,Temperate or sub-polar shrubland
0.3,0.9484075448841399,0.7621,0.85675,0.928,0.9995,0.99825,0.9945,present,Temperate or sub-polar shrubland
0.32,0.9500248959433435,0.7681,0.8595,0.92825,0.99975,0.999,0.9955,present,Temperate or sub-polar shrubland
0.34,0.9534833819966453,0.79025,0.87125,0.9315,0.99975,0.999,0.99575,present,Temperate or sub-polar shrubland
0.36,0.9542108467416289,0.7918499999999999,0.871,0.93275,1,0.999,0.996,present,Temperate or sub-polar shrubland
0.38,0.9542812635894887,0.7915,0.8705,0.93375,1,0.99925,0.99625,present,Temperate or sub-polar shrubland
0.4,0.9511597192023358,0.77775,0.85425,0.92675,1,0.999,0.99575,present,Temperate or sub-polar shrubland
0.42,0.95202444554886,0.77225,0.85075,0.93425,1,0.999,0.996,present,Temperate or sub-polar shrubland
0.44,0.9510630707585265,0.76535,0.843,0.93575,0.99975,0.999,0.9955,present,Temperate or sub-polar shrubland
0.46,0.9517714015033857,0.764,0.84225,0.93875,1,0.999,0.99575,present,Temperate or sub-polar shrubland
0.48,0.9511131111387215,0.76025,0.83765,0.93875,0.99975,0.999,0.99575,present,Temperate or sub-polar shrubland
0.5,0.9491334254830093,0.74825,0.8295,0.93775,1,0.999,0.99575,present,Temperate or sub-polar shrubland
0.52,0.9471088090948624,0.736,0.8165,0.9375,1,0.999,0.996,present,Temperate or sub-polar shrubland
0.54,0.9459588277318755,0.7296,0.81025,0.93725,0.99975,0.99875,0.99575,present,Temperate or sub-polar shrubland
0.56,0.9449283717462882,0.726,0.806,0.937,0.99975,0.99875,0.9955,present,Temperate or sub-polar shrubland
0.58,0.9430530688948251,0.721,0.80125,0.9345,0.99875,0.99775,0.9945,present,Temperate or sub-polar shrubland
0.6,0.9419920326768964,0.71575,0.79815,0.933,0.9995,0.99825,0.99425,present,Temperate or sub-polar shrubland
0.62,0.9414967229918618,0.713,0.7964,0.9325,0.9995,0.99825,0.994,present,Temperate or sub-polar shrubland
0.64,0.941113080077033,0.71225,0.79575,0.9315,0.9995,0.99825,0.99375,present,Temperate or sub-polar shrubland
0.66,0.9402920109337143,0.71,0.79375,0.9295,0.99975,0.99825,0.9935,present,Temperate or sub-polar shrubland
0.68,0.9395797974777909,0.709,0.7925,0.929,0.99975,0.998,0.99275,present,Temperate or sub-polar shrubland
0.7,0.9381318723985835,0.70825,0.7915,0.92725,0.9995,0.99725,0.9915,present,Temperate or sub-polar shrubland
0.72,0.9373902435236379,0.7075,0.79025,0.92575,0.9995,0.99725,0.99125,present,Temperate or sub-polar shrubland
0.74,0.9351038392247003,0.7035500000000001,0.7865,0.92175,0.9995,0.99675,0.98975,present,Temperate or sub-polar shrubland
0.76,0.932705830278934,0.7015,0.7824,0.91675,0.9995,0.9965,0.98925,present,Temperate or sub-polar shrubland
0.78,0.9305406286885756,0.7005,0.7775,0.91225,0.9994000000000001,0.99625,0.98875,present,Temperate or sub-polar shrubland
0.8,0.9291491582282413,0.69885,0.7745,0.90925,0.99925,0.99575,0.988,present,Temperate or sub-polar shrubland
0.82,0.9279694197676586,0.69825,0.773,0.90775,0.999,0.995,0.98675,present,Temperate or sub-polar shrubland
0.84,0.9257080201279742,0.69685,0.772,0.90625,0.9985,0.9930999999999999,0.9835,present,Temperate or sub-polar shrubland
0.86,0.924977371559918,0.6956,0.77125,0.90575,0.9985,0.9925,0.983,present,Temperate or sub-polar shrubland
0.88,0.9222254146735417,0.69525,0.7715,0.90325,0.998,0.99,0.97825,present,Temperate or sub-polar shrubland
0.9,0.9196949586879544,0.695,0.77125,0.902,0.9975,0.9865999999999999,0.97325,present,Temperate or sub-polar shrubland
0.92,0.9121071783562155,0.6896,0.76575,0.89525,0.9945,0.981,0.96475,present,Temperate or sub-polar shrubland
0.94,0.9076608529539665,0.6896,0.7644,0.8905,0.99225,0.97725,0.96,present,Temperate or sub-polar shrubland
0.96,0.9019733956637883,0.69035,0.76425,0.887,0.9815,0.9675,0.9515,present,Temperate or sub-polar shrubland
0.98,0.8984281698453128,0.6885,0.7605,0.879,0.98,0.965,0.9485,present,Temperate or sub-polar shrubland
1,0.8764648692302913,0.6875,0.7585,0.86175,0.967,0.94075,0.92,present,Temperate or sub-polar shrubland
0,0.030666405433646814,0,0,0,0.2345,0.09325,0.03025,absent,Pseudotsuga_pres
1,0.04493075315489109,0.002,0.0065,0.0125,0.2565,0.10775,0.0445,absent,Pseudotsuga_pres
0,0.8611537708889855,0.67535,0.7259,0.77825,0.99975,0.99425,0.9485,present,Pseudotsuga_pres
1,0.9560455209045163,0.67425,0.81625,0.97,1,0.99975,0.999,present,Pseudotsuga_pres
-14.5177498404516,0.04686512338236476,2.5e-4,7.5e-4,0.00175,0.2805,0.146,0.062,absent,min_t2m
-13.965187070249,0.04686512338236476,2.5e-4,7.5e-4,0.00175,0.2805,0.146,0.062,absent,min_t2m
-13.4126243000464,0.04686512338236476,2.5e-4,7.5e-4,0.00175,0.2805,0.146,0.062,absent,min_t2m
-12.8600615298439,0.046868599791013585,2.5e-4,7.5e-4,0.00175,0.2805,0.146,0.062,absent,min_t2m
-12.3074987596413,0.04697377622377623,2.5e-4,7.5e-4,0.00175,0.28075,0.14625,0.06225,absent,min_t2m
-11.7549359894387,0.0471166706856362,2.5e-4,7.5e-4,0.00175,0.282,0.147,0.06225,absent,min_t2m
-11.2023732192361,0.04738829274174102,2.5e-4,7.5e-4,0.00175,0.28525,0.14775,0.06275,absent,min_t2m
-10.6498104490335,0.04695335985853227,2.5e-4,7.5e-4,0.0015,0.2865,0.14625,0.06125,absent,min_t2m
-10.097247678831,0.04527799212281971,0,5e-4,0.00125,0.28575,0.13975,0.057,absent,min_t2m
-9.54468490862838,0.044382485330761196,0,2.5e-4,0.001,0.2845,0.13825,0.055,absent,min_t2m
-8.9921221384258,0.0438657262277952,0,2.5e-4,7.5e-4,0.2855,0.137,0.05325,absent,min_t2m
-8.43955936822322,0.04394057953540712,0,2.5e-4,7.5e-4,0.2855,0.13725,0.0535,absent,min_t2m
-7.88699659802064,0.043937906920665536,0,2.5e-4,7.5e-4,0.28425,0.1355,0.05325,absent,min_t2m
-7.33443382781806,0.04461622859898722,0,2.5e-4,7.5e-4,0.27775,0.13575,0.05775,absent,min_t2m
-6.78187105761548,0.04630463789084479,0,2.5e-4,7.5e-4,0.2815,0.14125,0.06175,absent,min_t2m
-6.2293082874129,0.04833363475604855,0,2.5e-4,7.5e-4,0.2835,0.147,0.0675,absent,min_t2m
-5.67674551721032,0.04904635881360019,0,2.5e-4,7.5e-4,0.284,0.1495,0.06975,absent,min_t2m
-5.12418274700774,0.049736194839643116,0,0,5e-4,0.285,0.151,0.072,absent,min_t2m
-4.57161997680516,0.05069801462904912,0,0,2.5e-4,0.287,0.15325,0.075,absent,min_t2m
-4.01905720660258,0.05182449160035367,0,0,2.5e-4,0.28975,0.15725,0.078,absent,min_t2m
-3.4664944364,0.05217134876617636,0,0,2.5e-4,0.29325,0.1605,0.078,absent,min_t2m
-2.91393166619742,0.05183413712724058,0,0,2.5e-4,0.293,0.16,0.077,absent,min_t2m
-2.36136889599484,0.050912446748653646,0,0,2.5e-4,0.29275,0.158,0.07525,absent,min_t2m
-1.80880612579226,0.050571236235029335,2.5e-4,2.5e-4,5e-4,0.29025,0.1585,0.0765,absent,min_t2m
-1.25624335558967,0.04977815288160115,0,0,2.5e-4,0.2895,0.1585,0.07525,absent,min_t2m
-0.703680585387096,0.04991073868660075,0,0,2.5e-4,0.2905,0.1585,0.0755,absent,min_t2m
-0.151117815184515,0.05047190740294189,0,0,2.5e-4,0.2985,0.1615,0.07625,absent,min_t2m
0.401444955018066,0.050203420143075314,0,0,2.5e-4,0.29725,0.161,0.077,absent,min_t2m
0.954007725220647,0.050386845912707985,0,0,2.5e-4,0.2965,0.1615,0.0775,absent,min_t2m
1.50657049542323,0.05060579937304076,0,0,2.5e-4,0.297,0.1625,0.078,absent,min_t2m
2.05913326562581,0.05093808777429467,0,0,2.5e-4,0.29775,0.16375,0.0785,absent,min_t2m
2.61169603582839,0.051031388152077806,0,0,2.5e-4,0.297,0.1645,0.07875,absent,min_t2m
3.16425880603097,0.051129591672695124,0,0,2.5e-4,0.2965,0.1645,0.079,absent,min_t2m
3.71682157623355,0.051103247327385255,0,0,2.5e-4,0.295,0.1645,0.07925,absent,min_t2m
4.26938434643613,0.051059882646089544,0,0,2.5e-4,0.2945,0.1645,0.0795,absent,min_t2m
4.82194711663871,0.05119323205530102,0,0,2.5e-4,0.2935,0.1645,0.08,absent,min_t2m
5.37450988684129,0.051404469094124265,0,0,2.5e-4,0.29275,0.16475,0.08075,absent,min_t2m
5.92707265704387,0.05142311711277228,0,0,2.5e-4,0.293,0.16475,0.08075,absent,min_t2m
6.47963542724645,0.052124829193794714,0,0,5e-4,0.29225,0.165,0.08175,absent,min_t2m
7.03219819744903,0.052034563138011414,0,0,5e-4,0.292,0.165,0.08175,absent,min_t2m
7.58476096765161,0.05201239852101921,0,0,5e-4,0.292,0.16475,0.08175,absent,min_t2m
8.13732373785419,0.05200500361707258,0,0,5e-4,0.292,0.16475,0.08175,absent,min_t2m
8.68988650805677,0.05200474238405273,0,0,5e-4,0.292,0.16475,0.08175,absent,min_t2m
9.24244927825935,0.05200470219435736,0,0,5e-4,0.292,0.16475,0.08175,absent,min_t2m
9.79501204846193,0.05200470219435736,0,0,5e-4,0.292,0.16475,0.08175,absent,min_t2m
10.3475748186645,0.05200470219435736,0,0,5e-4,0.292,0.16475,0.08175,absent,min_t2m
10.9001375888671,0.05200470219435736,0,0,5e-4,0.292,0.16475,0.08175,absent,min_t2m
11.4527003590697,0.05200470219435736,0,0,5e-4,0.292,0.16475,0.08175,absent,min_t2m
12.0052631292723,0.05200470219435736,0,0,5e-4,0.292,0.16475,0.08175,absent,min_t2m
12.5578258994748,0.05200470219435736,0,0,5e-4,0.292,0.16475,0.08175,absent,min_t2m
13.1103886696774,0.05200470219435736,0,0,5e-4,0.292,0.16475,0.08175,absent,min_t2m
-14.5177498404516,0.7383291607131763,0.65085,0.69175,0.71225,0.8329,0.7885,0.76375,present,min_t2m
-13.965187070249,0.7383291607131763,0.65085,0.69175,0.71225,0.8329,0.7885,0.76375,present,min_t2m
-13.4126243000464,0.7383291607131763,0.65085,0.69175,0.71225,0.8329,0.7885,0.76375,present,min_t2m
-12.8600615298439,0.7383484189600547,0.65085,0.69175,0.71225,0.833,0.7885,0.76375,present,min_t2m
-12.3074987596413,0.7415036808100888,0.652,0.69375,0.715,0.83675,0.79325,0.76775,present,min_t2m
-11.7549359894387,0.7459628036280053,0.653,0.696,0.71825,0.8425,0.79975,0.77325,present,min_t2m
-11.2023732192361,0.7616091041809033,0.6611,0.7055,0.72925,0.8725,0.8225,0.789,present,min_t2m
-10.6498104490335,0.7870293222339566,0.6741,0.72075,0.7495,0.93,0.8555,0.816,present,min_t2m
-10.097247678831,0.8619577405727775,0.726,0.77075,0.81925,0.99,0.935,0.90525,present,min_t2m
-9.54468490862838,0.8852721159222215,0.7441,0.7815,0.84175,0.99675,0.96025,0.93125,present,min_t2m
-8.9921221384258,0.9119421786668324,0.7531,0.79025,0.8615,0.99675,0.9875,0.9725,present,min_t2m
-8.43955936822322,0.9217482605454432,0.7575,0.79525,0.8715,0.99725,0.993,0.98325,present,min_t2m
-7.88699659802064,0.9264016431633223,0.76225,0.80025,0.87925,0.99725,0.993,0.9855,present,min_t2m
-7.33443382781806,0.9348761570478971,0.77425,0.81515,0.8975,0.999,0.99675,0.9905,present,min_t2m
-6.78187105761548,0.9426231285332671,0.785,0.82875,0.9125,0.9995,0.998,0.99375,present,min_t2m
-6.2293082874129,0.9501697521277257,0.8005,0.84725,0.92875,0.9995,0.998,0.9945,present,min_t2m
-5.67674551721032,0.9561651084052929,0.807,0.86425,0.93775,0.9995,0.99875,0.99625,present,min_t2m
-5.12418274700774,0.9586799092998696,0.811,0.873,0.93925,0.99975,0.99925,0.997,present,min_t2m
-4.57161997680516,0.9599665620923153,0.8137000000000001,0.87925,0.94075,0.99975,0.999,0.99675,present,min_t2m
-4.01905720660258,0.9606970708827731,0.81335,0.88525,0.942,0.99975,0.999,0.9965,present,min_t2m
-3.4664944364,0.962517736224141,0.81375,0.89825,0.946,0.99975,0.99875,0.99575,present,min_t2m
-2.91393166619742,0.9582748493508106,0.8081,0.88615,0.93925,0.99975,0.99875,0.99525,present,min_t2m
-2.36136889599484,0.9539409983226689,0.8028500000000001,0.8789,0.931,0.99975,0.9985,0.99375,present,min_t2m
-1.80880612579226,0.9486801888550662,0.7906,0.869,0.92525,0.99975,0.998,0.991,present,min_t2m
-1.25624335558967,0.9449765639560166,0.7866,0.8614000000000002,0.919,0.99975,0.997,0.98875,present,min_t2m
-0.703680585387096,0.9236443281356774,0.77625,0.84075,0.88975,0.99475,0.985,0.96875,present,min_t2m
-0.151117815184515,0.849905681182829,0.67175,0.74865,0.8025,0.99575,0.95175,0.901,present,min_t2m
0.401444955018066,0.79068272038268,0.5505,0.6524000000000001,0.7255,0.9965,0.9515999999999999,0.8495,present,min_t2m
0.954007725220647,0.7872811704044231,0.54425,0.64675,0.722,0.99775,0.9515999999999999,0.84625,present,min_t2m
1.50657049542323,0.7856447940610052,0.54375,0.6455,0.72075,0.99775,0.94825,0.8445,present,min_t2m
2.05913326562581,0.7863885040690812,0.54685,0.64815,0.7225,0.998,0.94325,0.84475,present,min_t2m
2.61169603582839,0.7860574951854382,0.5486,0.649,0.7225,0.99775,0.9405,0.84375,present,min_t2m
3.16425880603097,0.7832818692924147,0.5466,0.6465,0.72,0.99525,0.93435,0.84125,present,min_t2m
3.71682157623355,0.7774388550661614,0.5431,0.64165,0.7155,0.98725,0.9220999999999999,0.83575,present,min_t2m
4.26938434643613,0.772163726160154,0.54075,0.63925,0.71275,0.969,0.90725,0.83125,present,min_t2m
4.82194711663871,0.7650425855749519,0.5355,0.63325,0.708,0.946,0.8915,0.82675,present,min_t2m
5.37450988684129,0.7614794061005156,0.53425,0.6314,0.70625,0.929,0.8815999999999999,0.824,present,min_t2m
5.92707265704387,0.7606006709324719,0.5338499999999999,0.631,0.70575,0.9264000000000001,0.88,0.823,present,min_t2m
6.47963542724645,0.7597924147356651,0.53375,0.63075,0.7055,0.92425,0.8791,0.82225,present,min_t2m
7.03219819744903,0.7590185282971982,0.53335,0.63,0.705,0.92175,0.8785,0.8215,present,min_t2m
7.58476096765161,0.7588259924209481,0.53335,0.63,0.705,0.9205,0.878,0.8215,present,min_t2m
8.13732373785419,0.7588015624029322,0.53335,0.63,0.705,0.9205,0.878,0.8215,present,min_t2m
8.68988650805677,0.7587974001366714,0.53335,0.63,0.705,0.9205,0.878,0.8215,present,min_t2m
9.24244927825935,0.7587965459402373,0.53335,0.63,0.705,0.9205,0.878,0.8215,present,min_t2m
9.79501204846193,0.7587965459402373,0.53335,0.63,0.705,0.9205,0.878,0.8215,present,min_t2m
10.3475748186645,0.7587965459402373,0.53335,0.63,0.705,0.9205,0.878,0.8215,present,min_t2m
10.9001375888671,0.7587965459402373,0.53335,0.63,0.705,0.9205,0.878,0.8215,present,min_t2m
11.4527003590697,0.7587965459402373,0.53335,0.63,0.705,0.9205,0.878,0.8215,present,min_t2m
12.0052631292723,0.7587965459402373,0.53335,0.63,0.705,0.9205,0.878,0.8215,present,min_t2m
12.5578258994748,0.7587965459402373,0.53335,0.63,0.705,0.9205,0.878,0.8215,present,min_t2m
13.1103886696774,0.7587965459402373,0.53335,0.63,0.705,0.9205,0.878,0.8215,present,min_t2m
0,0.022493408889960615,0,0,0,0.18375,0.07025,0.0205,absent,near_needle
1,0.03885481472550438,2.5e-4,0.002,0.01075,0.21,0.0835,0.04075,absent,near_needle
0,0.8611581039945332,0.7835,0.8394,0.85925,0.89475,0.88,0.87375,present,near_needle
1,0.9866149282474995,0.90425,0.965,0.98825,1,0.99975,0.99925,present,near_needle
0.0238819273763976,0.04690989470299815,0,0,2.5e-4,0.3005,0.1335,0.064,absent,max_tp
0.0367639689888156,0.04690989470299815,0,0,2.5e-4,0.3005,0.1335,0.064,absent,max_tp
0.0496460106012337,0.04690989470299815,0,0,2.5e-4,0.3005,0.1335,0.064,absent,max_tp
0.0625280522136517,0.047009545052648496,0,0,2.5e-4,0.3025,0.134,0.064,absent,max_tp
0.0754100938260698,0.04713746885298609,0,0,0,0.30825,0.1355,0.06425,absent,max_tp
0.0882921354384878,0.04425663129973475,0,0,0,0.3045,0.1275,0.05725,absent,max_tp
0.101174177050906,0.04179581625271281,0,0,0,0.30375,0.1235,0.048,absent,max_tp
0.114056218663324,0.04107111566594325,0,0,0,0.2995,0.12575,0.04525,absent,max_tp
0.126938260275742,0.040480206575034164,0,0,2.5e-4,0.2985,0.1255,0.043,absent,max_tp
0.13982030188816,0.040727132063338965,0,2.5e-4,5e-4,0.2935,0.127,0.04375,absent,max_tp
0.152702343500578,0.042417390081183184,0,2.5e-4,5e-4,0.29475,0.13425,0.0485,absent,max_tp
0.165584385112996,0.04239044289044289,0,2.5e-4,7.5e-4,0.2905,0.1345,0.049,absent,max_tp
0.178466426725414,0.04282708383570452,0,2.5e-4,7.5e-4,0.29075,0.13725,0.0495,absent,max_tp
0.191348468337832,0.04209498834498834,0,2.5e-4,7.5e-4,0.27275,0.134,0.05,absent,max_tp
0.20423050995025,0.042492986898159314,0,5e-4,0.001,0.27025,0.1365,0.05125,absent,max_tp
0.217112551562668,0.04314888272646893,0,5e-4,0.001,0.27025,0.138,0.0545,absent,max_tp
0.229994593175086,0.043050277308897995,0,5e-4,0.001,0.2685,0.138,0.05425,absent,max_tp
0.242876634787504,0.0430834739972671,0,5e-4,0.001,0.26725,0.138,0.054,absent,max_tp
0.255758676399922,0.042920082790772446,0,5e-4,0.001,0.26475,0.1375,0.05425,absent,max_tp
0.26864071801234,0.043018889156820186,0,5e-4,0.001,0.26475,0.13875,0.054,absent,max_tp
0.281522759624758,0.04325462181496664,0,5e-4,0.001,0.26525,0.1395,0.0545,absent,max_tp
0.294404801237176,0.04421378908447874,0,5e-4,0.001,0.2685,0.143,0.0565,absent,max_tp
0.307286842849595,0.044000803793907244,0,5e-4,0.001,0.267,0.1425,0.0565,absent,max_tp
0.320168884462013,0.04397419821557752,0,5e-4,0.001,0.26675,0.1425,0.057,absent,max_tp
0.333050926074431,0.04392615143477212,0,5e-4,0.001,0.267,0.142,0.05725,absent,max_tp
0.345932967686849,0.04378339763684591,0,5e-4,0.001,0.26675,0.1415,0.0575,absent,max_tp
0.358815009299267,0.043110581946788844,0,5e-4,0.001,0.26275,0.1395,0.057,absent,max_tp
0.371697050911685,0.042967787959167274,0,5e-4,0.001,0.26225,0.139,0.05675,absent,max_tp
0.384579092524103,0.04287760228277469,0,5e-4,0.001,0.262,0.139,0.0565,absent,max_tp
0.397461134136521,0.042852523912868735,0,5e-4,0.001,0.26175,0.139,0.0565,absent,max_tp
0.410343175748939,0.042821055381400214,0,5e-4,0.001,0.26125,0.139,0.0565,absent,max_tp
0.423225217361357,0.042791897757415,0,5e-4,0.001,0.26075,0.13875,0.0565,absent,max_tp
0.436107258973775,0.042772003858210755,0,5e-4,0.001,0.26075,0.13875,0.0565,absent,max_tp
0.448989300586193,0.042777570131018405,0,5e-4,0.001,0.26075,0.13875,0.05675,absent,max_tp
0.461871342198611,0.04272994534201431,0,5e-4,0.001,0.2605,0.13875,0.0565,absent,max_tp
0.474753383811029,0.04270050639016156,0,5e-4,0.001,0.26,0.13875,0.0565,absent,max_tp
0.487635425423447,0.04264844063981995,0,5e-4,0.001,0.2585,0.1385,0.05675,absent,max_tp
0.500517467035865,0.042628024274575994,0,5e-4,0.001,0.2585,0.1385,0.05675,absent,max_tp
0.513399508648283,0.04262396511534443,0,5e-4,0.001,0.2585,0.1385,0.05675,absent,max_tp
0.526281550260701,0.04261719315167591,0,5e-4,0.001,0.2585,0.1385,0.05675,absent,max_tp
0.539163591873119,0.04260746724539828,0,5e-4,0.001,0.2585,0.1385,0.05675,absent,max_tp
0.552045633485537,0.042604734346113664,0,5e-4,0.001,0.2585,0.1385,0.05675,absent,max_tp
0.564927675097955,0.042590989470299816,0,5e-4,0.001,0.258,0.1385,0.05675,absent,max_tp
0.577809716710373,0.04256185194116229,0,5e-4,0.001,0.258,0.1385,0.05675,absent,max_tp
0.590691758322791,0.04256004340487099,0,5e-4,0.001,0.258,0.1385,0.05675,absent,max_tp
0.603573799935209,0.042536592717627206,0,5e-4,0.001,0.258,0.1385,0.0565,absent,max_tp
0.616455841547627,0.04252103930552206,0,5e-4,0.001,0.258,0.1385,0.0565,absent,max_tp
0.629337883160045,0.04249260509605337,0,5e-4,0.001,0.25725,0.13825,0.0565,absent,max_tp
0.642219924772463,0.04249260509605337,0,5e-4,0.001,0.25725,0.13825,0.0565,absent,max_tp
0.655101966384882,0.04249260509605337,0,5e-4,0.001,0.25725,0.13825,0.0565,absent,max_tp
0.6679840079973,0.04249260509605337,0,5e-4,0.001,0.25725,0.13825,0.0565,absent,max_tp
0.0238819273763976,0.8773926818661862,0.71475,0.79975,0.845,0.95825,0.94675,0.925,present,max_tp
0.0367639689888156,0.8773926818661862,0.71475,0.79975,0.845,0.95825,0.94675,0.925,present,max_tp
0.0496460106012337,0.8773926818661862,0.71475,0.79975,0.845,0.95825,0.94675,0.925,present,max_tp
0.0625280522136517,0.8872828787972915,0.71785,0.80525,0.8515,0.9745,0.9635,0.93625,present,max_tp
0.0754100938260698,0.9152863577064049,0.73535,0.8235,0.88475,0.99025,0.98325,0.966,present,max_tp
0.0882921354384878,0.9405957321239983,0.75745,0.83875,0.90825,0.9995,0.99725,0.9915,present,max_tp
0.101174177050906,0.9489678356215444,0.79075,0.85275,0.91975,0.99975,0.99875,0.99525,present,max_tp
0.114056218663324,0.9560681493445984,0.8145,0.87225,0.93175,1,0.999,0.99625,present,max_tp
0.126938260275742,0.9574802602969498,0.81925,0.87625,0.93575,1,0.99925,0.99675,present,max_tp
0.13982030188816,0.9570888674908368,0.8208500000000001,0.87875,0.9355,1,0.99925,0.99625,present,max_tp
0.152702343500578,0.9593140647325589,0.82745,0.8875,0.939,0.99975,0.99875,0.99575,present,max_tp
0.165584385112996,0.9510486891967447,0.819,0.8815,0.9235,0.99925,0.997,0.9905,present,max_tp
0.178466426725414,0.9457121668633907,0.81285,0.874,0.917,0.999,0.996,0.9885,present,max_tp
0.191348468337832,0.9222355873765298,0.7825,0.8315,0.88825,0.9955,0.987,0.97175,present,max_tp
0.20423050995025,0.9085243678946388,0.75885,0.80475,0.87,0.99425,0.9825999999999999,0.962,present,max_tp
0.217112551562668,0.876342750201901,0.731,0.773,0.82475,0.991,0.96775,0.93725,present,max_tp
0.229994593175086,0.8554056656519848,0.7135,0.752,0.797,0.99,0.9605,0.921,present,max_tp
0.242876634787504,0.8473155401627632,0.70725,0.745,0.7865,0.98825,0.96,0.915,present,max_tp
0.255758676399922,0.8332474995340746,0.6965,0.7325,0.769,0.987,0.95975,0.9025,present,max_tp
0.26864071801234,0.8314516835435174,0.69425,0.73,0.766,0.98825,0.9668499999999999,0.90025,present,max_tp
0.281522759624758,0.830177517549854,0.69235,0.72825,0.7645,0.99175,0.96775,0.89775,present,max_tp
0.294404801237176,0.8235485028266137,0.689,0.722,0.75775,0.99625,0.971,0.8865,present,max_tp
0.307286842849595,0.8187178666832329,0.6858500000000001,0.71775,0.7535,0.99825,0.9705,0.87675,present,max_tp
0.320168884462013,0.8135058395974406,0.68235,0.71175,0.749,0.99875,0.96435,0.8685,present,max_tp
0.333050926074431,0.8082176958439461,0.67925,0.7071500000000001,0.74375,0.999,0.9605,0.85925,present,max_tp
0.345932967686849,0.8055936509908679,0.67825,0.70575,0.7415,0.999,0.9576,0.8535,present,max_tp
0.358815009299267,0.7852865906690688,0.66235,0.6885,0.721,0.99925,0.94275,0.829,present,max_tp
0.371697050911685,0.7803350624339939,0.6585,0.6845,0.716,0.99925,0.93925,0.8215,present,max_tp
0.384579092524103,0.7788536217928806,0.65775,0.68375,0.715,0.99875,0.9334499999999999,0.819,present,max_tp
0.397461134136521,0.7779103559669504,0.6575,0.6835,0.71475,0.9985,0.92575,0.818,present,max_tp
0.410343175748939,0.7762239081816487,0.6566,0.68275,0.7135,0.9985,0.921,0.8155,present,max_tp
0.423225217361357,0.7747187674721997,0.65575,0.6815,0.71225,0.99825,0.91835,0.8135,present,max_tp
0.436107258973775,0.7741420295707275,0.65525,0.681,0.71175,0.9981500000000001,0.9173499999999999,0.81275,present,max_tp
0.448989300586193,0.773832033919364,0.655,0.681,0.7115,0.99775,0.9165999999999999,0.8125,present,max_tp
0.461871342198611,0.772037631235634,0.65425,0.68,0.71,0.9954000000000001,0.9129499999999998,0.81025,present,max_tp
0.474753383811029,0.7707919488103373,0.6535,0.67925,0.70875,0.99475,0.909,0.80875,present,max_tp
0.487635425423447,0.7692757967323103,0.65275,0.6785,0.70775,0.992,0.90325,0.8075,present,max_tp
0.500517467035865,0.7683372056905013,0.65275,0.67825,0.7075,0.98675,0.89975,0.807,present,max_tp
0.513399508648283,0.7677799589985711,0.65275,0.67825,0.70725,0.98275,0.8988499999999999,0.80675,present,max_tp
0.526281550260701,0.7672696775796732,0.6525,0.67825,0.707,0.97825,0.8976,0.8065,present,max_tp
0.539163591873119,0.7668478598496614,0.65225,0.678,0.70675,0.97725,0.89675,0.80625,present,max_tp
0.552045633485537,0.7667129434056035,0.65225,0.678,0.70675,0.9765,0.8965,0.80625,present,max_tp
0.564927675097955,0.7642817139839722,0.652,0.6775,0.706,0.95325,0.8918499999999999,0.80525,present,max_tp
0.577809716710373,0.7630635366838542,0.65125,0.677,0.70525,0.949,0.89,0.80425,present,max_tp
0.590691758322791,0.7629992545194757,0.65125,0.6769000000000001,0.705,0.94875,0.89,0.80425,present,max_tp
0.603573799935209,0.7620975958253091,0.65075,0.6765,0.7045,0.94525,0.8876,0.8035,present,max_tp
0.616455841547627,0.761477790892713,0.65075,0.6764000000000001,0.70425,0.9415,0.8865999999999998,0.803,present,max_tp
0.629337883160045,0.7601937006895695,0.6505,0.676,0.70375,0.9325,0.883,0.80225,present,max_tp
0.642219924772463,0.7601937006895695,0.6505,0.676,0.70375,0.9325,0.883,0.80225,present,max_tp
0.655101966384882,0.7601937006895695,0.6505,0.676,0.70375,0.9325,0.883,0.80225,present,max_tp
0.6679840079973,0.7601937006895695,0.6505,0.676,0.70375,0.9325,0.883,0.80225,present,max_tp
0,0.0383768587734105,0,0,0,0.24075,0.11775,0.04975,absent,slope
1.7616145324707,0.037591974117836185,0,0,0,0.2745,0.1145,0.03975,absent,slope
3.52322906494141,0.034798930954103365,0,0,0,0.281,0.10525,0.03125,absent,slope
5.28484359741211,0.03355612490957319,0,0,0,0.278,0.10125,0.02825,absent,slope
7.04645812988282,0.03310013262599469,0,0,0,0.277,0.09875,0.02675,absent,slope
8.80807266235352,0.033244956193232054,0,0,0,0.2775,0.0985,0.027,absent,slope
10.5696871948242,0.033149063580098066,0,0,0,0.27925,0.09875,0.027,absent,slope
12.3313017272949,0.032955007636042116,0,0,2.5e-4,0.2785,0.0985,0.02675,absent,slope
14.0929162597656,0.03304006912627602,0,0,2.5e-4,0.27575,0.09875,0.02725,absent,slope
15.8545307922363,0.033358331323848564,0,0,2.5e-4,0.2755,0.09825,0.02825,absent,slope
17.616145324707,0.03353526645768025,0,0,5e-4,0.27375,0.09825,0.02875,absent,slope
19.3777598571777,0.03916212523109075,0.00175,0.00275,0.00475,0.27175,0.10175,0.03925,absent,slope
21.1393743896484,0.03698794309139137,0,2.5e-4,0.0015,0.26625,0.10275,0.03725,absent,slope
22.9009889221192,0.03747904107386866,0,2.5e-4,0.0015,0.265,0.104,0.03825,absent,slope
24.6626034545899,0.03783956273611446,0,2.5e-4,0.0015,0.2635,0.1055,0.039,absent,slope
26.4242179870606,0.03864116630495941,0,5e-4,0.002,0.26425,0.10775,0.04075,absent,slope
28.1858325195313,0.038884414436138576,0,5e-4,0.002,0.2605,0.10925,0.04125,absent,slope
29.947447052002,0.039065107306486616,0,5e-4,0.002,0.257,0.11,0.04175,absent,slope
31.7090615844727,0.03917536773571256,0,5e-4,0.00225,0.2535,0.11,0.0425,absent,slope
33.4706761169434,0.040780403504541436,0.00125,0.00175,0.0035,0.25275,0.11175,0.04475,absent,slope
35.2322906494141,0.04091676714090507,2.5e-4,0.001,0.003,0.25175,0.1125,0.046,absent,slope
36.9939051818848,0.04152031589100555,2.5e-4,0.001,0.003,0.2505,0.11375,0.0475,absent,slope
38.7555197143555,0.04157133670926774,2.5e-4,0.001,0.003,0.24975,0.114,0.0475,absent,slope
40.5171342468262,0.04169932079414838,2.5e-4,0.001,0.00325,0.2495,0.11425,0.04775,absent,slope
42.2787487792969,0.04191757093481231,5e-4,0.00125,0.00325,0.24925,0.1145,0.04825,absent,slope
44.0403633117676,0.041961920263644405,5e-4,0.00125,0.00325,0.24875,0.11425,0.04825,absent,slope
45.8019778442383,0.041976267984888675,5e-4,0.00125,0.00325,0.24875,0.11425,0.0485,absent,slope
47.563592376709,0.04210063499718672,7.5e-4,0.0015,0.0035,0.24875,0.11425,0.0485,absent,slope
49.3252069091797,0.042098424563941805,7.5e-4,0.0015,0.0035,0.24875,0.11425,0.0485,absent,slope
51.0868214416504,0.04209420464592878,7.5e-4,0.0015,0.0035,0.24875,0.11425,0.0485,absent,slope
52.8484359741211,0.0420918535487501,7.5e-4,0.0015,0.0035,0.2485,0.11425,0.0485,absent,slope
54.6100505065918,0.04208897998553171,7.5e-4,0.0015,0.0035,0.2485,0.11425,0.0485,absent,slope
56.3716650390625,0.0420858049995981,7.5e-4,0.0015,0.0035,0.2485,0.11425,0.0485,absent,slope
58.1332795715332,0.0420858049995981,7.5e-4,0.0015,0.0035,0.2485,0.11425,0.0485,absent,slope
59.8948941040039,0.0420858049995981,7.5e-4,0.0015,0.0035,0.2485,0.11425,0.0485,absent,slope
61.6565086364746,0.0420858049995981,7.5e-4,0.0015,0.0035,0.2485,0.11425,0.0485,absent,slope
63.4181231689453,0.0420858049995981,7.5e-4,0.0015,0.0035,0.2485,0.11425,0.0485,absent,slope
65.179737701416,0.0420858049995981,7.5e-4,0.0015,0.0035,0.2485,0.11425,0.0485,absent,slope
66.9413522338867,0.0420858049995981,7.5e-4,0.0015,0.0035,0.2485,0.11425,0.0485,absent,slope
68.7029667663574,0.0420858049995981,7.5e-4,0.0015,0.0035,0.2485,0.11425,0.0485,absent,slope
70.4645812988282,0.0420858049995981,7.5e-4,0.0015,0.0035,0.2485,0.11425,0.0485,absent,slope
72.2261958312989,0.0420858049995981,7.5e-4,0.0015,0.0035,0.2485,0.11425,0.0485,absent,slope
73.9878103637696,0.0420858049995981,7.5e-4,0.0015,0.0035,0.2485,0.11425,0.0485,absent,slope
75.7494248962403,0.0420858049995981,7.5e-4,0.0015,0.0035,0.2485,0.11425,0.0485,absent,slope
77.511039428711,0.0420858049995981,7.5e-4,0.0015,0.0035,0.2485,0.11425,0.0485,absent,slope
79.2726539611817,0.0420858049995981,7.5e-4,0.0015,0.0035,0.2485,0.11425,0.0485,absent,slope
81.0342684936524,0.0420858049995981,7.5e-4,0.0015,0.0035,0.2485,0.11425,0.0485,absent,slope
82.7958830261231,0.0420858049995981,7.5e-4,0.0015,0.0035,0.2485,0.11425,0.0485,absent,slope
84.5574975585938,0.0420858049995981,7.5e-4,0.0015,0.0035,0.2485,0.11425,0.0485,absent,slope
86.3191120910645,0.0420858049995981,7.5e-4,0.0015,0.0035,0.2485,0.11425,0.0485,absent,slope
88.0807266235352,0.0420858049995981,7.5e-4,0.0015,0.0035,0.2485,0.11425,0.0485,absent,slope
0,0.7218923401876126,0.5031,0.56675,0.61525,0.94475,0.91025,0.818,present,slope
1.7616145324707,0.9525875007765422,0.71875,0.86565,0.9475,0.9995,0.998,0.99425,present,slope
3.52322906494141,0.9701087159097969,0.8246,0.9205,0.965,0.99975,0.99875,0.9965,present,slope
5.28484359741211,0.9766544076536,0.8386,0.9375,0.977,1,0.9995,0.9985,present,slope
7.04645812988282,0.9773820898304032,0.84075,0.942,0.979,0.9995,0.9985,0.99725,present,slope
8.80807266235352,0.9797317201963098,0.8513,0.9475,0.9815,1,0.99975,0.999,present,slope
10.5696871948242,0.9804534229980741,0.85275,0.949,0.9825,1,0.99975,0.999,present,slope
12.3313017272949,0.9800806827359135,0.85085,0.947,0.98175,1,0.99975,0.999,present,slope
14.0929162597656,0.9793110672796174,0.8515999999999999,0.9445,0.98025,1,0.99975,0.999,present,slope
15.8545307922363,0.9787104895322111,0.8524499999999999,0.94265,0.97925,1,0.99975,0.99875,present,slope
17.616145324707,0.9771721594085855,0.8489499999999999,0.93725,0.97675,1,0.9995,0.9985,present,slope
19.3777598571777,0.9731194166614898,0.8427,0.92775,0.96975,0.99975,0.999,0.99675,present,slope
21.1393743896484,0.9695862117164689,0.83425,0.91975,0.9645,0.99975,0.9985,0.996,present,slope
22.9009889221192,0.9659186028452507,0.82375,0.91,0.95775,0.99975,0.99825,0.99525,present,slope
24.6626034545899,0.9581425110268994,0.808,0.89325,0.94325,0.99925,0.997,0.99225,present,slope
26.4242179870606,0.9396810430515002,0.73425,0.83875,0.909,0.9995,0.9965,0.99,present,slope
28.1858325195313,0.9205629465117724,0.65385,0.7665,0.88825,0.99925,0.9955,0.98675,present,slope
29.947447052002,0.9121388457476549,0.61795,0.73725,0.88,0.99925,0.9955,0.9855,present,slope
31.7090615844727,0.8997151332546437,0.5821000000000001,0.7035,0.868,0.9985,0.99325,0.9805,present,slope
33.4706761169434,0.8950608343169535,0.5721,0.69375,0.8625,0.99825,0.9925,0.978,present,slope
35.2322906494141,0.8689311517674101,0.56995,0.691,0.82425,0.99575,0.98225,0.952,present,slope
36.9939051818848,0.861004177797105,0.5748,0.69325,0.8115,0.9934000000000001,0.9793499999999998,0.94375,present,slope
38.7555197143555,0.8570996148350625,0.5690500000000001,0.69,0.807,0.99225,0.9775,0.93975,present,slope
40.5171342468262,0.8550118034416351,0.5685500000000001,0.6895,0.805,0.99025,0.9755,0.93675,present,slope
42.2787487792969,0.8464533919363857,0.5678000000000001,0.68525,0.79425,0.98775,0.969,0.926,present,slope
44.0403633117676,0.8439834907125552,0.56755,0.6845,0.79225,0.984,0.965,0.92275,present,slope
45.8019778442383,0.8431760731813381,0.56755,0.6844000000000001,0.79175,0.98225,0.96375,0.92175,present,slope
47.563592376709,0.8431387215009009,0.56755,0.6844000000000001,0.79175,0.98225,0.96375,0.92175,present,slope
49.3252069091797,0.8430153600049698,0.56745,0.6844000000000001,0.79175,0.982,0.9635,0.9215,present,slope
51.0868214416504,0.8428551438156178,0.56745,0.6844000000000001,0.7915,0.9815,0.96325,0.9215,present,slope
52.8484359741211,0.8427171677952413,0.56745,0.68425,0.79125,0.981,0.963,0.92125,present,slope
54.6100505065918,0.842639948437597,0.56745,0.68425,0.79125,0.981,0.963,0.92125,present,slope
56.3716650390625,0.8425773125427098,0.56745,0.68425,0.79125,0.9809000000000001,0.96275,0.92125,present,slope
58.1332795715332,0.8425773125427098,0.56745,0.68425,0.79125,0.9809000000000001,0.96275,0.92125,present,slope
59.8948941040039,0.8425773125427098,0.56745,0.68425,0.79125,0.9809000000000001,0.96275,0.92125,present,slope
61.6565086364746,0.8425773125427098,0.56745,0.68425,0.79125,0.9809000000000001,0.96275,0.92125,present,slope
63.4181231689453,0.8425773125427098,0.56745,0.68425,0.79125,0.9809000000000001,0.96275,0.92125,present,slope
65.179737701416,0.8425773125427098,0.56745,0.68425,0.79125,0.9809000000000001,0.96275,0.92125,present,slope
66.9413522338867,0.8425773125427098,0.56745,0.68425,0.79125,0.9809000000000001,0.96275,0.92125,present,slope
68.7029667663574,0.8425773125427098,0.56745,0.68425,0.79125,0.9809000000000001,0.96275,0.92125,present,slope
70.4645812988282,0.8425773125427098,0.56745,0.68425,0.79125,0.9809000000000001,0.96275,0.92125,present,slope
72.2261958312989,0.8425773125427098,0.56745,0.68425,0.79125,0.9809000000000001,0.96275,0.92125,present,slope
73.9878103637696,0.8425773125427098,0.56745,0.68425,0.79125,0.9809000000000001,0.96275,0.92125,present,slope
75.7494248962403,0.8425773125427098,0.56745,0.68425,0.79125,0.9809000000000001,0.96275,0.92125,present,slope
77.511039428711,0.8425773125427098,0.56745,0.68425,0.79125,0.9809000000000001,0.96275,0.92125,present,slope
79.2726539611817,0.8425773125427098,0.56745,0.68425,0.79125,0.9809000000000001,0.96275,0.92125,present,slope
81.0342684936524,0.8425773125427098,0.56745,0.68425,0.79125,0.9809000000000001,0.96275,0.92125,present,slope
82.7958830261231,0.8425773125427098,0.56745,0.68425,0.79125,0.9809000000000001,0.96275,0.92125,present,slope
84.5574975585938,0.8425773125427098,0.56745,0.68425,0.79125,0.9809000000000001,0.96275,0.92125,present,slope
86.3191120910645,0.8425773125427098,0.56745,0.68425,0.79125,0.9809000000000001,0.96275,0.92125,present,slope
88.0807266235352,0.8425773125427098,0.56745,0.68425,0.79125,0.9809000000000001,0.96275,0.92125,present,slope
0,0.028070251587492965,0,0,0,0.2155,0.0855,0.03,absent,Mixed Forest
0.0148888888888889,0.03680596415079174,0,2.5e-4,7.5e-4,0.23025,0.11375,0.0485,absent,Mixed Forest
0.0297777777777778,0.03668250140663934,0,2.5e-4,7.5e-4,0.22925,0.114,0.0485,absent,Mixed Forest
0.0446666666666667,0.036470761996624065,0,2.5e-4,5e-4,0.2275,0.1135,0.04825,absent,Mixed Forest
0.0595555555555556,0.03640376577445543,0,2.5e-4,5e-4,0.22725,0.11325,0.04825,absent,Mixed Forest
0.0744444444444445,0.0363996664255285,0,2.5e-4,5e-4,0.22725,0.11325,0.04825,absent,Mixed Forest
0.0893333333333333,0.03639958604613777,0,2.5e-4,5e-4,0.22725,0.113,0.04825,absent,Mixed Forest
0.104222222222222,0.0364116429547464,0,2.5e-4,5e-4,0.22725,0.113,0.0485,absent,Mixed Forest
0.119111111111111,0.036402399324813116,0,2.5e-4,5e-4,0.22725,0.113,0.0485,absent,Mixed Forest
0.134,0.036395084800257216,0,2.5e-4,5e-4,0.22725,0.113,0.0485,absent,Mixed Forest
0.148888888888889,0.03638509766095973,0,2.5e-4,5e-4,0.22725,0.113,0.0485,absent,Mixed Forest
0.163777777777778,0.03638198295956917,0,2.5e-4,5e-4,0.22725,0.113,0.0485,absent,Mixed Forest
0.178666666666667,0.03638125954505265,0,2.5e-4,5e-4,0.22725,0.113,0.0485,absent,Mixed Forest
0.193555555555556,0.03638087774294671,0,2.5e-4,5e-4,0.22725,0.113,0.0485,absent,Mixed Forest
0.208444444444444,0.03638009404388715,0,2.5e-4,5e-4,0.22725,0.113,0.0485,absent,Mixed Forest
0.223333333333333,0.03637963186239048,0,2.5e-4,5e-4,0.22725,0.113,0.0485,absent,Mixed Forest
0.238222222222222,0.0363796117675428,0,2.5e-4,5e-4,0.22725,0.113,0.0485,absent,Mixed Forest
0.253111111111111,0.03637933043967527,0,2.5e-4,5e-4,0.22725,0.113,0.0485,absent,Mixed Forest
0.268,0.03637892854272165,0,2.5e-4,5e-4,0.22725,0.113,0.0485,absent,Mixed Forest
0.282888888888889,0.03637480909894703,0,2.5e-4,5e-4,0.22725,0.113,0.0485,absent,Mixed Forest
0.297777777777778,0.03637426653805964,0,2.5e-4,5e-4,0.22725,0.113,0.0485,absent,Mixed Forest
0.312666666666667,0.036370589180934006,0,2.5e-4,5e-4,0.227,0.113,0.04825,absent,Mixed Forest
0.327555555555556,0.036370589180934006,0,2.5e-4,5e-4,0.227,0.113,0.04825,absent,Mixed Forest
0.342444444444444,0.036370589180934006,0,2.5e-4,5e-4,0.227,0.113,0.04825,absent,Mixed Forest
0.357333333333333,0.036370589180934006,0,2.5e-4,5e-4,0.227,0.113,0.04825,absent,Mixed Forest
0.372222222222222,0.036370569086086324,0,2.5e-4,5e-4,0.227,0.113,0.04825,absent,Mixed Forest
0.387111111111111,0.036370569086086324,0,2.5e-4,5e-4,0.227,0.113,0.04825,absent,Mixed Forest
0.402,0.03637054899123864,0,2.5e-4,5e-4,0.227,0.113,0.04825,absent,Mixed Forest
0.416888888888889,0.03637054899123864,0,2.5e-4,5e-4,0.227,0.113,0.04825,absent,Mixed Forest
0.431777777777778,0.03637054899123864,0,2.5e-4,5e-4,0.227,0.113,0.04825,absent,Mixed Forest
0.446666666666667,0.03637054899123864,0,2.5e-4,5e-4,0.227,0.113,0.04825,absent,Mixed Forest
0.461555555555556,0.03637054899123864,0,2.5e-4,5e-4,0.227,0.113,0.04825,absent,Mixed Forest
0.476444444444444,0.03637054899123864,0,2.5e-4,5e-4,0.227,0.113,0.04825,absent,Mixed Forest
0.491333333333333,0.03637054899123864,0,2.5e-4,5e-4,0.227,0.113,0.04825,absent,Mixed Forest
0.506222222222222,0.03637054899123864,0,2.5e-4,5e-4,0.227,0.113,0.04825,absent,Mixed Forest
0.521111111111111,0.03637054899123864,0,2.5e-4,5e-4,0.227,0.113,0.04825,absent,Mixed Forest
0.536,0.03637054899123864,0,2.5e-4,5e-4,0.227,0.113,0.04825,absent,Mixed Forest
0.550888888888889,0.03637054899123864,0,2.5e-4,5e-4,0.227,0.113,0.04825,absent,Mixed Forest
0.565777777777778,0.03637054899123864,0,2.5e-4,5e-4,0.227,0.113,0.04825,absent,Mixed Forest
0.580666666666667,0.03637054899123864,0,2.5e-4,5e-4,0.227,0.113,0.04825,absent,Mixed Forest
0.595555555555556,0.03637054899123864,0,2.5e-4,5e-4,0.227,0.113,0.04825,absent,Mixed Forest
0.610444444444444,0.03637054899123864,0,2.5e-4,5e-4,0.227,0.113,0.04825,absent,Mixed Forest
0.625333333333333,0.03637054899123864,0,2.5e-4,5e-4,0.227,0.113,0.04825,absent,Mixed Forest
0.640222222222222,0.03637054899123864,0,2.5e-4,5e-4,0.227,0.113,0.04825,absent,Mixed Forest
0.655111111111111,0.03637054899123864,0,2.5e-4,5e-4,0.227,0.113,0.04825,absent,Mixed Forest
0.67,0.03637054899123864,0,2.5e-4,5e-4,0.227,0.113,0.04825,absent,Mixed Forest
0.684888888888889,0.03637054899123864,0,2.5e-4,5e-4,0.227,0.113,0.04825,absent,Mixed Forest
0.699777777777778,0.03637054899123864,0,2.5e-4,5e-4,0.227,0.113,0.04825,absent,Mixed Forest
0.714666666666667,0.03637054899123864,0,2.5e-4,5e-4,0.227,0.113,0.04825,absent,Mixed Forest
0.729555555555556,0.03637054899123864,0,2.5e-4,5e-4,0.227,0.113,0.04825,absent,Mixed Forest
0.744444444444444,0.03637054899123864,0,2.5e-4,5e-4,0.227,0.113,0.04825,absent,Mixed Forest
0,0.986351338758775,0.90335,0.96475,0.98825,1,0.99975,0.99925,present,Mixed Forest
0.0148888888888889,0.7125054668571784,0.44034999999999996,0.58875,0.6895,0.83625,0.79175,0.766,present,Mixed Forest
0.0297777777777778,0.6984626483195626,0.43925,0.5785,0.673,0.83125,0.782,0.7505,present,Mixed Forest
0.0446666666666667,0.6889972976330994,0.439,0.5694000000000001,0.66075,0.827,0.77625,0.74175,present,Mixed Forest
0.0595555555555556,0.6872075231409579,0.43875,0.5674,0.6585,0.82625,0.77475,0.74,present,Mixed Forest
0.0744444444444445,0.6870775920979065,0.43875,0.567,0.6585,0.82625,0.77475,0.74,present,Mixed Forest
0.0893333333333333,0.6869929334658632,0.43875,0.567,0.6585,0.82625,0.77475,0.74,present,Mixed Forest
0.104222222222222,0.6869737218115177,0.43875,0.567,0.6585,0.82625,0.77475,0.74,present,Mixed Forest
0.119111111111111,0.686972106603715,0.43875,0.567,0.6585,0.82625,0.77475,0.74,present,Mixed Forest
0.134,0.6865029974529415,0.43875,0.5669,0.65775,0.82625,0.77475,0.7395,present,Mixed Forest
0.148888888888889,0.6859297695222712,0.43875,0.566,0.657,0.826,0.7745,0.73875,present,Mixed Forest
0.163777777777778,0.6856791638193452,0.43875,0.566,0.65675,0.826,0.77425,0.7385,present,Mixed Forest
0.178666666666667,0.6856556501211406,0.43875,0.566,0.65675,0.826,0.77425,0.7385,present,Mixed Forest
0.193555555555556,0.6856514102006585,0.43875,0.566,0.65675,0.826,0.77425,0.7385,present,Mixed Forest
0.208444444444444,0.6856484904019383,0.43875,0.566,0.65675,0.826,0.77425,0.7385,present,Mixed Forest
0.223333333333333,0.6856470149717339,0.43875,0.566,0.65675,0.826,0.77425,0.7385,present,Mixed Forest
0.238222222222222,0.6856469839100454,0.43875,0.566,0.65675,0.826,0.77425,0.7385,present,Mixed Forest
0.253111111111111,0.6856456637882836,0.43875,0.566,0.65675,0.8259000000000001,0.77425,0.7385,present,Mixed Forest
0.268,0.685632866372616,0.43875,0.566,0.65675,0.8259000000000001,0.77425,0.7385,present,Mixed Forest
0.282888888888889,0.6853614804000746,0.43875,0.566,0.65625,0.8259000000000001,0.77425,0.73825,present,Mixed Forest
0.297777777777778,0.6853464931353668,0.43875,0.566,0.65625,0.8259000000000001,0.77425,0.73825,present,Mixed Forest
0.312666666666667,0.6851117599552712,0.43875,0.5659,0.65575,0.8259000000000001,0.774,0.738,present,Mixed Forest
0.327555555555556,0.6851117599552712,0.43875,0.5659,0.65575,0.8259000000000001,0.774,0.738,present,Mixed Forest
0.342444444444444,0.6851117599552712,0.43875,0.5659,0.65575,0.8259000000000001,0.774,0.738,present,Mixed Forest
0.357333333333333,0.6851117599552712,0.43875,0.5659,0.65575,0.8259000000000001,0.774,0.738,present,Mixed Forest
0.372222222222222,0.6851117444244269,0.43875,0.5659,0.65575,0.8259000000000001,0.774,0.738,present,Mixed Forest
0.387111111111111,0.6851117444244269,0.43875,0.5659,0.65575,0.8259000000000001,0.774,0.738,present,Mixed Forest
0.402,0.6851117288935827,0.43875,0.5659,0.65575,0.8259000000000001,0.774,0.738,present,Mixed Forest
0.416888888888889,0.6851117288935827,0.43875,0.5659,0.65575,0.8259000000000001,0.774,0.738,present,Mixed Forest
0.431777777777778,0.6851117288935827,0.43875,0.5659,0.65575,0.8259000000000001,0.774,0.738,present,Mixed Forest
0.446666666666667,0.6851117288935827,0.43875,0.5659,0.65575,0.8259000000000001,0.774,0.738,present,Mixed Forest
0.461555555555556,0.6851117288935827,0.43875,0.5659,0.65575,0.8259000000000001,0.774,0.738,present,Mixed Forest
0.476444444444444,0.6851117288935827,0.43875,0.5659,0.65575,0.8259000000000001,0.774,0.738,present,Mixed Forest
0.491333333333333,0.6851117288935827,0.43875,0.5659,0.65575,0.8259000000000001,0.774,0.738,present,Mixed Forest
0.506222222222222,0.6851117288935827,0.43875,0.5659,0.65575,0.8259000000000001,0.774,0.738,present,Mixed Forest
0.521111111111111,0.6851117288935827,0.43875,0.5659,0.65575,0.8259000000000001,0.774,0.738,present,Mixed Forest
0.536,0.6851117288935827,0.43875,0.5659,0.65575,0.8259000000000001,0.774,0.738,present,Mixed Forest
0.550888888888889,0.6851117288935827,0.43875,0.5659,0.65575,0.8259000000000001,0.774,0.738,present,Mixed Forest
0.565777777777778,0.6851117288935827,0.43875,0.5659,0.65575,0.8259000000000001,0.774,0.738,present,Mixed Forest
0.580666666666667,0.6851117288935827,0.43875,0.5659,0.65575,0.8259000000000001,0.774,0.738,present,Mixed Forest
0.595555555555556,0.6851117288935827,0.43875,0.5659,0.65575,0.8259000000000001,0.774,0.738,present,Mixed Forest
0.610444444444444,0.6851117288935827,0.43875,0.5659,0.65575,0.8259000000000001,0.774,0.738,present,Mixed Forest
0.625333333333333,0.6851117288935827,0.43875,0.5659,0.65575,0.8259000000000001,0.774,0.738,present,Mixed Forest
0.640222222222222,0.6851117288935827,0.43875,0.5659,0.65575,0.8259000000000001,0.774,0.738,present,Mixed Forest
0.655111111111111,0.6851117288935827,0.43875,0.5659,0.65575,0.8259000000000001,0.774,0.738,present,Mixed Forest
0.67,0.6851117288935827,0.43875,0.5659,0.65575,0.8259000000000001,0.774,0.738,present,Mixed Forest
0.684888888888889,0.6851117288935827,0.43875,0.5659,0.65575,0.8259000000000001,0.774,0.738,present,Mixed Forest
0.699777777777778,0.6851117288935827,0.43875,0.5659,0.65575,0.8259000000000001,0.774,0.738,present,Mixed Forest
0.714666666666667,0.6851117288935827,0.43875,0.5659,0.65575,0.8259000000000001,0.774,0.738,present,Mixed Forest
0.729555555555556,0.6851117288935827,0.43875,0.5659,0.65575,0.8259000000000001,0.774,0.738,present,Mixed Forest
0.744444444444444,0.6851117288935827,0.43875,0.5659,0.65575,0.8259000000000001,0.774,0.738,present,Mixed Forest
0,0.02719319186560566,0,0,0,0.227,0.0815,0.02375,absent,Abies grandis
1,0.07893483240897034,0.021,0.02325,0.02625,0.31,0.17475,0.1035,absent,Abies grandis
0,0.9558535596695037,0.80625,0.8845,0.93075,1,0.9995999999999999,0.9975,present,Abies grandis
1,0.952115797974778,0.8405,0.876,0.91775,1,0.99925,0.99675,present,Abies grandis
0,0.029421208102242583,0,0,0,0.2375,0.0935,0.0265,absent,Temperate or sub-polar broadleaf deciduous forest
0.0189189189189189,0.034468531468531474,2.5e-4,0.0015,0.00425,0.23175,0.098,0.0335,absent,Temperate or sub-polar broadleaf deciduous forest
0.0378378378378378,0.03466542078611044,2.5e-4,0.0015,0.00425,0.229,0.0985,0.0345,absent,Temperate or sub-polar broadleaf deciduous forest
0.0567567567567568,0.03453154891085926,2.5e-4,0.0015,0.00425,0.22625,0.098,0.03525,absent,Temperate or sub-polar broadleaf deciduous forest
0.0756756756756757,0.03582304477132064,5e-4,0.00175,0.005,0.2265,0.10175,0.037,absent,Temperate or sub-polar broadleaf deciduous forest
0.0945945945945946,0.03949005305039788,0.001,0.00275,0.007,0.23375,0.111,0.04125,absent,Temperate or sub-polar broadleaf deciduous forest
0.113513513513514,0.04083267020335986,0.00125,0.0035,0.0085,0.22575,0.1095,0.0435,absent,Temperate or sub-polar broadleaf deciduous forest
0.132432432432432,0.04120565067116791,0.00125,0.00375,0.009,0.224,0.10875,0.0445,absent,Temperate or sub-polar broadleaf deciduous forest
0.151351351351351,0.041268326501085126,0.0015,0.004,0.00925,0.223,0.1085,0.045,absent,Temperate or sub-polar broadleaf deciduous forest
0.17027027027027,0.04156458484044691,0.0015,0.00425,0.0095,0.22275,0.11,0.0455,absent,Temperate or sub-polar broadleaf deciduous forest
0.189189189189189,0.041902419419660795,0.00175,0.0045,0.00975,0.22375,0.1105,0.046,absent,Temperate or sub-polar broadleaf deciduous forest
0.208108108108108,0.042556084719877825,0.00175,0.005,0.0105,0.22475,0.112,0.047,absent,Temperate or sub-polar broadleaf deciduous forest
0.227027027027027,0.04235264448195483,0.00175,0.005,0.01025,0.22475,0.1115,0.04675,absent,Temperate or sub-polar broadleaf deciduous forest
0.245945945945946,0.042415038984004505,0.00175,0.005,0.01025,0.224,0.11175,0.047,absent,Temperate or sub-polar broadleaf deciduous forest
0.264864864864865,0.0423094003697452,0.00175,0.005,0.01025,0.2225,0.1115,0.047,absent,Temperate or sub-polar broadleaf deciduous forest
0.283783783783784,0.04230716984165261,0.00175,0.005,0.01025,0.222,0.11125,0.047,absent,Temperate or sub-polar broadleaf deciduous forest
0.302702702702703,0.04231898561208906,0.00175,0.005,0.0105,0.22175,0.11125,0.047,absent,Temperate or sub-polar broadleaf deciduous forest
0.321621621621622,0.042351619644723094,0.00175,0.005,0.0105,0.2215,0.111,0.047,absent,Temperate or sub-polar broadleaf deciduous forest
0.340540540540541,0.042289144763282695,0.00175,0.00525,0.0105,0.2205,0.111,0.047,absent,Temperate or sub-polar broadleaf deciduous forest
0.359459459459459,0.04240742303673338,0.00175,0.00525,0.01075,0.2205,0.111,0.047,absent,Temperate or sub-polar broadleaf deciduous forest
0.378378378378378,0.04247707177879592,0.002,0.00525,0.011,0.2195,0.111,0.04725,absent,Temperate or sub-polar broadleaf deciduous forest
0.397297297297297,0.042576239852101926,0.002,0.0055,0.01125,0.21925,0.111,0.0475,absent,Temperate or sub-polar broadleaf deciduous forest
0.416216216216216,0.04311172735310667,0.002,0.006,0.0125,0.21925,0.111,0.048,absent,Temperate or sub-polar broadleaf deciduous forest
0.435135135135135,0.043872759424483564,0.002,0.0065,0.0135,0.21925,0.111,0.049,absent,Temperate or sub-polar broadleaf deciduous forest
0.454054054054054,0.04380051844707017,0.002,0.00625,0.0135,0.21875,0.11075,0.049,absent,Temperate or sub-polar broadleaf deciduous forest
0.472972972972973,0.04381088738847359,0.002,0.00625,0.0135,0.21925,0.111,0.049,absent,Temperate or sub-polar broadleaf deciduous forest
0.491891891891892,0.043805944055944054,0.002,0.00625,0.0135,0.219,0.11075,0.049,absent,Temperate or sub-polar broadleaf deciduous forest
0.510810810810811,0.043952596254320395,0.00225,0.0065,0.0135,0.21925,0.111,0.04925,absent,Temperate or sub-polar broadleaf deciduous forest
0.52972972972973,0.04396740615706133,0.00225,0.0065,0.0135,0.21925,0.111,0.04925,absent,Temperate or sub-polar broadleaf deciduous forest
0.548648648648649,0.04395677598263806,0.00225,0.0065,0.0135,0.21925,0.111,0.04925,absent,Temperate or sub-polar broadleaf deciduous forest
0.567567567567568,0.043951069045896636,0.00225,0.0065,0.0135,0.21925,0.111,0.04925,absent,Temperate or sub-polar broadleaf deciduous forest
0.586486486486486,0.04395062695924765,0.00225,0.0065,0.0135,0.21925,0.111,0.04925,absent,Temperate or sub-polar broadleaf deciduous forest
0.605405405405405,0.04394489992765854,0.00225,0.0065,0.0135,0.21925,0.111,0.04925,absent,Temperate or sub-polar broadleaf deciduous forest
0.624324324324324,0.04394489992765854,0.00225,0.0065,0.0135,0.21925,0.111,0.04925,absent,Temperate or sub-polar broadleaf deciduous forest
0.643243243243243,0.04394481954826782,0.00225,0.0065,0.0135,0.21925,0.111,0.04925,absent,Temperate or sub-polar broadleaf deciduous forest
0.662162162162162,0.04394481954826782,0.00225,0.0065,0.0135,0.21925,0.111,0.04925,absent,Temperate or sub-polar broadleaf deciduous forest
0.681081081081081,0.043944538220400294,0.00225,0.0065,0.0135,0.21925,0.111,0.04925,absent,Temperate or sub-polar broadleaf deciduous forest
0.7,0.043944538220400294,0.00225,0.0065,0.0135,0.21925,0.111,0.04925,absent,Temperate or sub-polar broadleaf deciduous forest
0.718918918918919,0.043944538220400294,0.00225,0.0065,0.0135,0.21925,0.111,0.04925,absent,Temperate or sub-polar broadleaf deciduous forest
0.737837837837838,0.043944538220400294,0.00225,0.0065,0.0135,0.21925,0.111,0.04925,absent,Temperate or sub-polar broadleaf deciduous forest
0.756756756756757,0.043944538220400294,0.00225,0.0065,0.0135,0.21925,0.111,0.04925,absent,Temperate or sub-polar broadleaf deciduous forest
0.775675675675676,0.043944538220400294,0.00225,0.0065,0.0135,0.21925,0.111,0.04925,absent,Temperate or sub-polar broadleaf deciduous forest
0.794594594594595,0.043944538220400294,0.00225,0.0065,0.0135,0.21925,0.111,0.04925,absent,Temperate or sub-polar broadleaf deciduous forest
0.813513513513514,0.043944538220400294,0.00225,0.0065,0.0135,0.21925,0.111,0.04925,absent,Temperate or sub-polar broadleaf deciduous forest
0.832432432432432,0.043944538220400294,0.00225,0.0065,0.0135,0.21925,0.111,0.04925,absent,Temperate or sub-polar broadleaf deciduous forest
0.851351351351351,0.043944538220400294,0.00225,0.0065,0.0135,0.21925,0.111,0.04925,absent,Temperate or sub-polar broadleaf deciduous forest
0.87027027027027,0.043944538220400294,0.00225,0.0065,0.0135,0.21925,0.111,0.04925,absent,Temperate or sub-polar broadleaf deciduous forest
0.889189189189189,0.043944538220400294,0.00225,0.0065,0.0135,0.21925,0.111,0.04925,absent,Temperate or sub-polar broadleaf deciduous forest
0.908108108108108,0.043944538220400294,0.00225,0.0065,0.0135,0.21925,0.111,0.04925,absent,Temperate or sub-polar broadleaf deciduous forest
0.927027027027027,0.043944538220400294,0.00225,0.0065,0.0135,0.21925,0.111,0.04925,absent,Temperate or sub-polar broadleaf deciduous forest
0.945945945945946,0.043944538220400294,0.00225,0.0065,0.0135,0.21925,0.111,0.04925,absent,Temperate or sub-polar broadleaf deciduous forest
0,0.9846767410076412,0.88625,0.96225,0.98725,1,0.99975,0.99925,present,Temperate or sub-polar broadleaf deciduous forest
0.0189189189189189,0.9532055507237374,0.8415999999999999,0.90075,0.93825,0.9995,0.9955,0.98025,present,Temperate or sub-polar broadleaf deciduous forest
0.0378378378378378,0.9204220196309871,0.81725,0.86625,0.89175,0.99825,0.988,0.95875,present,Temperate or sub-polar broadleaf deciduous forest
0.0567567567567568,0.8912022426539107,0.7878499999999999,0.8325,0.85625,0.9939000000000001,0.9650999999999998,0.93,present,Temperate or sub-polar broadleaf deciduous forest
0.0756756756756757,0.8511616605578679,0.74935,0.791,0.8145,0.9549000000000001,0.9225,0.8915,present,Temperate or sub-polar broadleaf deciduous forest
0.0945945945945946,0.7380260918183512,0.627,0.67125,0.69975,0.8675,0.816,0.774,present,Temperate or sub-polar broadleaf deciduous forest
0.113513513513514,0.6404207926942909,0.49395000000000006,0.539,0.5805,0.84375,0.76275,0.696,present,Temperate or sub-polar broadleaf deciduous forest
0.132432432432432,0.6124332950239175,0.44925,0.49775,0.54425,0.83775,0.7515,0.67725,present,Temperate or sub-polar broadleaf deciduous forest
0.151351351351351,0.5968920916941045,0.4255,0.47490000000000004,0.52325,0.8361500000000001,0.7475,0.667,present,Temperate or sub-polar broadleaf deciduous forest
0.17027027027027,0.5935389513573958,0.41975,0.4705,0.51875,0.83625,0.747,0.6645,present,Temperate or sub-polar broadleaf deciduous forest
0.189189189189189,0.591579191774865,0.417,0.468,0.51625,0.836,0.7465,0.6635,present,Temperate or sub-polar broadleaf deciduous forest
0.208108108108108,0.5907426694415109,0.41525,0.46625,0.51475,0.8365,0.74675,0.6635,present,Temperate or sub-polar broadleaf deciduous forest
0.227027027027027,0.5895396347145431,0.41325,0.46425,0.51325,0.83625,0.74635,0.6625,present,Temperate or sub-polar broadleaf deciduous forest
0.245945945945946,0.5879216779524136,0.41025,0.46175,0.511,0.83625,0.74575,0.66175,present,Temperate or sub-polar broadleaf deciduous forest
0.264864864864865,0.5842470802012797,0.40585000000000004,0.45725,0.50675,0.8355,0.744,0.65875,present,Temperate or sub-polar broadleaf deciduous forest
0.283783783783784,0.5826510374603964,0.4041,0.455,0.5045,0.8351500000000001,0.74325,0.65775,present,Temperate or sub-polar broadleaf deciduous forest
0.302702702702703,0.5817260203764677,0.40275,0.454,0.50325,0.835,0.743,0.657,present,Temperate or sub-polar broadleaf deciduous forest
0.321621621621622,0.5798794961794124,0.3995,0.4514,0.501,0.83475,0.742,0.65575,present,Temperate or sub-polar broadleaf deciduous forest
0.340540540540541,0.5772136888861279,0.3955,0.44725,0.4975,0.83425,0.7405,0.65425,present,Temperate or sub-polar broadleaf deciduous forest
0.359459459459459,0.57630045971299,0.39425,0.446,0.49625,0.8339000000000001,0.7403499999999998,0.6535,present,Temperate or sub-polar broadleaf deciduous forest
0.378378378378378,0.5744656147108157,0.3915,0.4435,0.49425,0.8335,0.73925,0.652,present,Temperate or sub-polar broadleaf deciduous forest
0.397297297297297,0.5726935609119712,0.3891,0.441,0.49225,0.83225,0.738,0.65125,present,Temperate or sub-polar broadleaf deciduous forest
0.416216216216216,0.5719790488910977,0.3885,0.44015000000000004,0.49125,0.8321500000000001,0.7375,0.6505,present,Temperate or sub-polar broadleaf deciduous forest
0.435135135135135,0.570994191464248,0.3871,0.439,0.49,0.8321500000000001,0.7375,0.65,present,Temperate or sub-polar broadleaf deciduous forest
0.454054054054054,0.570474172206001,0.3866,0.4385,0.4895,0.832,0.73725,0.64975,present,Temperate or sub-polar broadleaf deciduous forest
0.472972972972973,0.5704174069702429,0.3866,0.43825,0.4895,0.832,0.73725,0.64975,present,Temperate or sub-polar broadleaf deciduous forest
0.491891891891892,0.5702933155246319,0.3865,0.43825,0.48925,0.832,0.73725,0.6495,present,Temperate or sub-polar broadleaf deciduous forest
0.510810810810811,0.5702548766850966,0.3865,0.43825,0.489,0.83225,0.73735,0.64975,present,Temperate or sub-polar broadleaf deciduous forest
0.52972972972973,0.5702710287631235,0.3865,0.43825,0.489,0.8325,0.7375,0.64975,present,Temperate or sub-polar broadleaf deciduous forest
0.548648648648649,0.5701663508728334,0.3865,0.43815,0.489,0.8321500000000001,0.7375,0.64975,present,Temperate or sub-polar broadleaf deciduous forest
0.567567567567568,0.570071271044294,0.3865,0.43790000000000007,0.489,0.832,0.73725,0.64975,present,Temperate or sub-polar broadleaf deciduous forest
0.586486486486486,0.5700696558364913,0.3865,0.43790000000000007,0.489,0.832,0.73725,0.64975,present,Temperate or sub-polar broadleaf deciduous forest
0.605405405405405,0.569998912840902,0.38625,0.43765000000000004,0.48875,0.8319000000000001,0.73725,0.64975,present,Temperate or sub-polar broadleaf deciduous forest
0.624324324324324,0.569998912840902,0.38625,0.43765000000000004,0.48875,0.8319000000000001,0.73725,0.64975,present,Temperate or sub-polar broadleaf deciduous forest
0.643243243243243,0.5699983071379761,0.38625,0.43765000000000004,0.48875,0.8319000000000001,0.73725,0.64975,present,Temperate or sub-polar broadleaf deciduous forest
0.662162162162162,0.5699983071379761,0.38625,0.43765000000000004,0.48875,0.8319000000000001,0.73725,0.64975,present,Temperate or sub-polar broadleaf deciduous forest
0.681081081081081,0.569997157855501,0.38625,0.43765000000000004,0.48875,0.8319000000000001,0.73725,0.64975,present,Temperate or sub-polar broadleaf deciduous forest
0.7,0.569997157855501,0.38625,0.43765000000000004,0.48875,0.8319000000000001,0.73725,0.64975,present,Temperate or sub-polar broadleaf deciduous forest
0.718918918918919,0.569997157855501,0.38625,0.43765000000000004,0.48875,0.8319000000000001,0.73725,0.64975,present,Temperate or sub-polar broadleaf deciduous forest
0.737837837837838,0.569997157855501,0.38625,0.43765000000000004,0.48875,0.8319000000000001,0.73725,0.64975,present,Temperate or sub-polar broadleaf deciduous forest
0.756756756756757,0.569997157855501,0.38625,0.43765000000000004,0.48875,0.8319000000000001,0.73725,0.64975,present,Temperate or sub-polar broadleaf deciduous forest
0.775675675675676,0.569997157855501,0.38625,0.43765000000000004,0.48875,0.8319000000000001,0.73725,0.64975,present,Temperate or sub-polar broadleaf deciduous forest
0.794594594594595,0.569997157855501,0.38625,0.43765000000000004,0.48875,0.8319000000000001,0.73725,0.64975,present,Temperate or sub-polar broadleaf deciduous forest
0.813513513513514,0.569997157855501,0.38625,0.43765000000000004,0.48875,0.8319000000000001,0.73725,0.64975,present,Temperate or sub-polar broadleaf deciduous forest
0.832432432432432,0.569997157855501,0.38625,0.43765000000000004,0.48875,0.8319000000000001,0.73725,0.64975,present,Temperate or sub-polar broadleaf deciduous forest
0.851351351351351,0.569997157855501,0.38625,0.43765000000000004,0.48875,0.8319000000000001,0.73725,0.64975,present,Temperate or sub-polar broadleaf deciduous forest
0.87027027027027,0.569997157855501,0.38625,0.43765000000000004,0.48875,0.8319000000000001,0.73725,0.64975,present,Temperate or sub-polar broadleaf deciduous forest
0.889189189189189,0.569997157855501,0.38625,0.43765000000000004,0.48875,0.8319000000000001,0.73725,0.64975,present,Temperate or sub-polar broadleaf deciduous forest
0.908108108108108,0.569997157855501,0.38625,0.43765000000000004,0.48875,0.8319000000000001,0.73725,0.64975,present,Temperate or sub-polar broadleaf deciduous forest
0.927027027027027,0.569997157855501,0.38625,0.43765000000000004,0.48875,0.8319000000000001,0.73725,0.64975,present,Temperate or sub-polar broadleaf deciduous forest
0.945945945945946,0.569997157855501,0.38625,0.43765000000000004,0.48875,0.8319000000000001,0.73725,0.64975,present,Temperate or sub-polar broadleaf deciduous forest
0,0.030579535407121612,0,0,0,0.2345,0.0955,0.031,absent,Temperate or sub-polar grassland
0.02,0.031220400289365808,0,0,0,0.2405,0.0975,0.0305,absent,Temperate or sub-polar grassland
0.04,0.03157157784743991,0,0,0,0.24225,0.09725,0.03075,absent,Temperate or sub-polar grassland
0.06,0.031649365002813276,0,0,0,0.2395,0.098,0.03125,absent,Temperate or sub-polar grassland
0.08,0.03219992363957881,0,2.5e-4,5e-4,0.239,0.09875,0.03175,absent,Temperate or sub-polar grassland
0.1,0.032815509203440237,0,0,0,0.24,0.10075,0.034,absent,Temperate or sub-polar grassland
0.12,0.03411870026525199,0,0,0,0.2395,0.1045,0.03775,absent,Temperate or sub-polar grassland
0.14,0.03444859737963186,0,0,0,0.23925,0.105,0.03875,absent,Temperate or sub-polar grassland
0.16,0.03512281970902661,0,0,0,0.239,0.106,0.0405,absent,Temperate or sub-polar grassland
0.18,0.03575516437585403,0,0,0,0.239,0.10725,0.0415,absent,Temperate or sub-polar grassland
0.2,0.03572453982798811,0,0,0,0.23975,0.10775,0.0415,absent,Temperate or sub-polar grassland
0.22,0.03583940197733301,0,2.5e-4,2.5e-4,0.23925,0.10775,0.04175,absent,Temperate or sub-polar grassland
0.24,0.035695663531870425,0,0,0,0.239,0.1075,0.04175,absent,Temperate or sub-polar grassland
0.26,0.0357007877180291,0,0,0,0.23925,0.1075,0.04175,absent,Temperate or sub-polar grassland
0.28,0.03566369262920987,0,0,0,0.23925,0.1075,0.04175,absent,Temperate or sub-polar grassland
0.3,0.0357042842215256,0,0,0,0.23825,0.1075,0.042,absent,Temperate or sub-polar grassland
0.32,0.0359900329555502,0,0,0,0.238,0.1075,0.04275,absent,Temperate or sub-polar grassland
0.34,0.03610075556627281,0,0,0,0.23775,0.10775,0.043,absent,Temperate or sub-polar grassland
0.36,0.03623406478578892,0,0,0,0.23625,0.10775,0.0435,absent,Temperate or sub-polar grassland
0.38,0.0363913873482839,0,0,0,0.2365,0.108,0.04375,absent,Temperate or sub-polar grassland
0.4,0.03644405594405595,0,0,0,0.23675,0.10825,0.044,absent,Temperate or sub-polar grassland
0.42,0.0365088015432843,0,0,0,0.237,0.1085,0.04425,absent,Temperate or sub-polar grassland
0.44,0.03656868418937385,0,0,0,0.237,0.1085,0.04425,absent,Temperate or sub-polar grassland
0.46,0.036632967607105535,0,0,0,0.237,0.1085,0.04425,absent,Temperate or sub-polar grassland
0.48,0.03680339201028856,0,0,2.5e-4,0.237,0.109,0.04475,absent,Temperate or sub-polar grassland
0.5,0.036932963588136004,0,0,0,0.23725,0.109,0.04525,absent,Temperate or sub-polar grassland
0.52,0.03697958363475605,0,0,0,0.2375,0.10925,0.04525,absent,Temperate or sub-polar grassland
0.54,0.037316594325215016,0,0,2.5e-4,0.23775,0.11,0.046,absent,Temperate or sub-polar grassland
0.56,0.037341170323928946,0,0,2.5e-4,0.23775,0.1105,0.04625,absent,Temperate or sub-polar grassland
0.58,0.03739524555903866,0,0,2.5e-4,0.23775,0.1105,0.04625,absent,Temperate or sub-polar grassland
0.6,0.037517201189614983,0,0,2.5e-4,0.23775,0.1105,0.04675,absent,Temperate or sub-polar grassland
0.62,0.03762683867856281,0,0,2.5e-4,0.23775,0.11075,0.047,absent,Temperate or sub-polar grassland
0.64,0.03782748573265815,0,0,2.5e-4,0.23775,0.11125,0.04725,absent,Temperate or sub-polar grassland
0.66,0.038024515714170884,0,0,2.5e-4,0.23775,0.112,0.04775,absent,Temperate or sub-polar grassland
0.68,0.03805162366369263,0,0,2.5e-4,0.238,0.11225,0.04775,absent,Temperate or sub-polar grassland
0.7,0.038120468611847924,0,0,2.5e-4,0.238,0.11225,0.048,absent,Temperate or sub-polar grassland
0.72,0.03825703319668837,0,0,2.5e-4,0.238,0.11275,0.04825,absent,Temperate or sub-polar grassland
0.74,0.03843895185274496,0,0,2.5e-4,0.238,0.11325,0.0485,absent,Temperate or sub-polar grassland
0.76,0.038503878305602444,0,0,2.5e-4,0.238,0.11325,0.04875,absent,Temperate or sub-polar grassland
0.78,0.038597660959729926,0,0,2.5e-4,0.238,0.1135,0.049,absent,Temperate or sub-polar grassland
0.8,0.03860955710955711,0,0,2.5e-4,0.238,0.1135,0.049,absent,Temperate or sub-polar grassland
0.82,0.038632847038019454,0,0,2.5e-4,0.238,0.1135,0.049,absent,Temperate or sub-polar grassland
0.84,0.03862581384133108,0,0,2.5e-4,0.238,0.1135,0.049,absent,Temperate or sub-polar grassland
0.86,0.038604010931597134,0,0,2.5e-4,0.238,0.1135,0.049,absent,Temperate or sub-polar grassland
0.88,0.038604010931597134,0,0,2.5e-4,0.238,0.1135,0.049,absent,Temperate or sub-polar grassland
0.9,0.03860338799131902,0,0,2.5e-4,0.238,0.1135,0.049,absent,Temperate or sub-polar grassland
0.92,0.03860338799131902,0,0,2.5e-4,0.238,0.1135,0.049,absent,Temperate or sub-polar grassland
0.94,0.03860338799131902,0,0,2.5e-4,0.238,0.1135,0.049,absent,Temperate or sub-polar grassland
0.96,0.03860338799131902,0,0,2.5e-4,0.238,0.1135,0.049,absent,Temperate or sub-polar grassland
0.98,0.03860338799131902,0,0,2.5e-4,0.238,0.1135,0.049,absent,Temperate or sub-polar grassland
1,0.03860338799131902,0,0,2.5e-4,0.238,0.1135,0.049,absent,Temperate or sub-polar grassland
0,0.9712543641672361,0.83025,0.92325,0.9665,1,0.99925,0.99675,present,Temperate or sub-polar grassland
0.02,0.9726064639373796,0.8481,0.92675,0.96775,0.9995,0.9985,0.9965,present,Temperate or sub-polar grassland
0.04,0.9677784059141454,0.822,0.9074,0.95925,1,0.9995,0.9975,present,Temperate or sub-polar grassland
0.06,0.9564676181897247,0.77985,0.8669,0.94275,1,0.99925,0.99725,present,Temperate or sub-polar grassland
0.08,0.9528895756973349,0.76335,0.86025,0.936,1,0.999,0.99675,present,Temperate or sub-polar grassland
0.1,0.9493060197552339,0.74275,0.85325,0.92725,1,0.999,0.99625,present,Temperate or sub-polar grassland
0.12,0.9454333726781388,0.73625,0.848,0.92125,1,0.99875,0.99475,present,Temperate or sub-polar grassland
0.14,0.940733723675219,0.7295,0.838,0.91125,0.99975,0.9985,0.99375,present,Temperate or sub-polar grassland
0.16,0.9396280673417406,0.728,0.8355,0.909,0.99975,0.99825,0.99375,present,Temperate or sub-polar grassland
0.18,0.9382679225942723,0.7276,0.83225,0.907,0.99975,0.998,0.99275,present,Temperate or sub-polar grassland
0.2,0.9366180033546624,0.7273499999999999,0.82865,0.90625,0.9995,0.99725,0.991,present,Temperate or sub-polar grassland
0.22,0.934657001304591,0.726,0.8219,0.90375,0.9995,0.997,0.99,present,Temperate or sub-polar grassland
0.24,0.9339356712430887,0.72625,0.8205,0.90275,0.9995,0.99675,0.9895,present,Temperate or sub-polar grassland
0.26,0.9325278778654408,0.726,0.819,0.90175,0.99925,0.996,0.98825,present,Temperate or sub-polar grassland
0.28,0.9278236627943095,0.7246,0.81575,0.896,0.99925,0.99275,0.98375,present,Temperate or sub-polar grassland
0.3,0.9234574299558924,0.72375,0.81415,0.89125,0.999,0.991,0.98,present,Temperate or sub-polar grassland
0.32,0.9151229887556688,0.7225,0.81275,0.88375,0.99875,0.98825,0.96475,present,Temperate or sub-polar grassland
0.34,0.9106668478598496,0.72185,0.8115,0.881,0.99825,0.98435,0.96,present,Temperate or sub-polar grassland
0.36,0.8981775641423867,0.7195,0.8086500000000001,0.86625,0.99775,0.97875,0.949,present,Temperate or sub-polar grassland
0.38,0.8979192862023979,0.719,0.80775,0.866,0.99775,0.97825,0.9485,present,Temperate or sub-polar grassland
0.4,0.8976414704603343,0.71885,0.80725,0.86575,0.9975,0.9781,0.948,present,Temperate or sub-polar grassland
0.42,0.8969735043796981,0.7185,0.80615,0.86525,0.997,0.97725,0.947,present,Temperate or sub-polar grassland
0.44,0.8963199043299994,0.71835,0.80175,0.86475,0.9965,0.977,0.9465,present,Temperate or sub-polar grassland
0.46,0.8967290799527862,0.71775,0.79875,0.866,0.99625,0.9765,0.9465,present,Temperate or sub-polar grassland
0.48,0.8977013263340995,0.71775,0.7984,0.86725,0.99625,0.9765,0.9475,present,Temperate or sub-polar grassland
0.5,0.897529834751817,0.718,0.79825,0.86725,0.99625,0.97625,0.94725,present,Temperate or sub-polar grassland
0.52,0.8975166024725104,0.718,0.79825,0.86725,0.99625,0.97625,0.94725,present,Temperate or sub-polar grassland
0.54,0.8974130272721624,0.7181,0.798,0.86725,0.99625,0.97625,0.94725,present,Temperate or sub-polar grassland
0.56,0.8970653227309436,0.71775,0.798,0.86675,0.996,0.976,0.94675,present,Temperate or sub-polar grassland
0.58,0.8970561750636764,0.71775,0.79765,0.86675,0.996,0.976,0.94675,present,Temperate or sub-polar grassland
0.6,0.8968699447101944,0.71775,0.79725,0.8665,0.996,0.976,0.94675,present,Temperate or sub-polar grassland
0.62,0.8968537149779462,0.71775,0.7974,0.8665,0.996,0.9758499999999999,0.94675,present,Temperate or sub-polar grassland
0.64,0.8968549885071753,0.71775,0.7975,0.8665,0.996,0.976,0.94675,present,Temperate or sub-polar grassland
0.66,0.8968573802571909,0.71775,0.7975,0.8665,0.996,0.976,0.94675,present,Temperate or sub-polar grassland
0.68,0.8967913586382555,0.71775,0.7974,0.8665,0.99575,0.97575,0.9465,present,Temperate or sub-polar grassland
0.7,0.8965244144871715,0.7175,0.797,0.8665,0.9935,0.97525,0.94625,present,Temperate or sub-polar grassland
0.72,0.8963346896937316,0.7175,0.797,0.86625,0.9925,0.97475,0.94625,present,Temperate or sub-polar grassland
0.74,0.8963443343480152,0.7175,0.797,0.86625,0.9925,0.97475,0.94625,present,Temperate or sub-polar grassland
0.76,0.8963473939243338,0.7175,0.797,0.86625,0.9925,0.97475,0.94625,present,Temperate or sub-polar grassland
0.78,0.8963260700751692,0.7175,0.797,0.86625,0.9925,0.97475,0.94625,present,Temperate or sub-polar grassland
0.8,0.89632647387712,0.7175,0.797,0.86625,0.9925,0.97475,0.94625,present,Temperate or sub-polar grassland
0.82,0.8963262098527677,0.7175,0.797,0.86625,0.9925,0.97475,0.94625,present,Temperate or sub-polar grassland
0.84,0.8963211467975399,0.7175,0.797,0.86625,0.9925,0.97475,0.94625,present,Temperate or sub-polar grassland
0.86,0.8963203547244828,0.7175,0.797,0.86625,0.9925,0.97475,0.94625,present,Temperate or sub-polar grassland
0.88,0.8963203547244828,0.7175,0.797,0.86625,0.9925,0.97475,0.94625,present,Temperate or sub-polar grassland
0.9,0.8963202926011058,0.7175,0.797,0.86625,0.9925,0.97475,0.94625,present,Temperate or sub-polar grassland
0.92,0.8963202926011058,0.7175,0.797,0.86625,0.9925,0.97475,0.94625,present,Temperate or sub-polar grassland
0.94,0.8963202926011058,0.7175,0.797,0.86625,0.9925,0.97475,0.94625,present,Temperate or sub-polar grassland
0.96,0.8963202926011058,0.7175,0.797,0.86625,0.9925,0.97475,0.94625,present,Temperate or sub-polar grassland
0.98,0.8963202926011058,0.7175,0.797,0.86625,0.9925,0.97475,0.94625,present,Temperate or sub-polar grassland
1,0.8963202926011058,0.7175,0.797,0.86625,0.9925,0.97475,0.94625,present,Temperate or sub-polar grassland
0,0.030690700104493207,0,0,0,0.2385,0.096,0.031,absent,Abies_pres
1,0.04706175146692389,0.00275,0.0105,0.0245,0.218,0.09375,0.0455,absent,Abies_pres
0,0.9694324097657948,0.86975,0.908,0.9565,1,0.99925,0.99725,present,Abies_pres
1,0.9646528235074858,0.8488499999999999,0.9,0.94425,1,0.99975,0.99825,present,Abies_pres
0,0.03526597540390644,0,0,0,0.26825,0.106,0.03575,absent,Abies lasiocarpa
1,0.06792165018889157,0.00275,0.01225,0.042,0.254,0.1235,0.0745,absent,Abies lasiocarpa
0,0.9816992141392806,0.86385,0.9515,0.98325,1,0.99975,0.999,present,Abies lasiocarpa
1,0.9257135335776853,0.73875,0.79925,0.9075,0.9995,0.9963499999999998,0.98075,present,Abies lasiocarpa
0,0.03203524636283257,0,0,0,0.2615,0.0975,0.02625,absent,Abies concolor
1,0.03583021863194277,0.001,0.002,0.00425,0.23075,0.094,0.039,absent,Abies concolor
0,0.9654000124246754,0.79835,0.8539000000000001,0.96625,1,0.99975,0.999,present,Abies concolor
1,0.8442686214822638,0.6051,0.6774,0.77175,0.99975,0.9925,0.93475,present,Abies concolor
0,0.026762338236476165,0,0,0,0.21525,0.082,0.02425,absent,Cropland
0.02,0.0318936178763765,0,0,0,0.23875,0.0985,0.033,absent,Cropland
0.04,0.032750060284543046,0,0,0,0.24125,0.101,0.03475,absent,Cropland
0.06,0.035460332770677595,0,0,0,0.24725,0.11175,0.03975,absent,Cropland
0.08,0.03600916325054256,0,0,0,0.2485,0.11325,0.04075,absent,Cropland
0.1,0.03636683144441765,0,0,0,0.2485,0.1145,0.0415,absent,Cropland
0.12,0.03671895346033277,0,0,0,0.249,0.1155,0.04275,absent,Cropland
0.14,0.03698237681858372,0,0,0,0.249,0.11625,0.0435,absent,Cropland
0.16,0.03709273772204807,0,0,0,0.24925,0.1165,0.04375,absent,Cropland
0.18,0.037114600916325055,0,0,0,0.24925,0.1165,0.044,absent,Cropland
0.2,0.0373414315569488,0,0,0,0.24825,0.117,0.0445,absent,Cropland
0.22,0.03772405755164376,0,0,0,0.24725,0.117,0.0455,absent,Cropland
0.24,0.03819582429065188,0,0,0,0.24725,0.11775,0.0465,absent,Cropland
0.26,0.038491479784583234,0,0,0,0.2475,0.11825,0.047,absent,Cropland
0.28,0.03898732015111325,0,0,0,0.248,0.1185,0.04875,absent,Cropland
0.3,0.03933425769632666,0,0,0,0.248,0.119,0.04925,absent,Cropland
0.32,0.039478759746001124,0,0,0,0.24775,0.1195,0.05,absent,Cropland
0.34,0.039996523591351175,0,0,0,0.24775,0.11975,0.05175,absent,Cropland
0.36,0.04078518607828953,0,0,2.5e-4,0.24825,0.1205,0.05375,absent,Cropland
0.38,0.041100996704444975,0,0,2.5e-4,0.24825,0.12075,0.05425,absent,Cropland
0.4,0.04183267020335986,0,0,5e-4,0.2485,0.121,0.0545,absent,Cropland
0.42,0.04242960774857327,0,0,7.5e-4,0.24875,0.121,0.05475,absent,Cropland
0.44,0.04228968732417008,0,0,5e-4,0.24775,0.121,0.05475,absent,Cropland
0.46,0.042344506068644,0,0,5e-4,0.248,0.121,0.055,absent,Cropland
0.48,0.04235674383088176,0,0,5e-4,0.24825,0.12125,0.055,absent,Cropland
0.5,0.04232802829354553,0,0,5e-4,0.24775,0.12125,0.05475,absent,Cropland
0.52,0.0423221204083273,0,0,5e-4,0.247,0.121,0.055,absent,Cropland
0.54,0.04230317096696407,0,0,5e-4,0.2475,0.121,0.055,absent,Cropland
0.56,0.0423454706213327,0,0,5e-4,0.247,0.12125,0.055,absent,Cropland
0.58,0.04233751306165099,0,0,5e-4,0.24775,0.12125,0.055,absent,Cropland
0.6,0.04232893256169118,0,0,5e-4,0.247,0.12125,0.055,absent,Cropland
0.62,0.04232384856522788,0,0,5e-4,0.247,0.12125,0.055,absent,Cropland
0.64,0.04234496825014067,0,0,5e-4,0.247,0.12125,0.05525,absent,Cropland
0.66,0.04234235591994213,0,0,5e-4,0.247,0.12125,0.05525,absent,Cropland
0.68,0.04235186078289527,0,0,5e-4,0.24675,0.12125,0.05525,absent,Cropland
0.7,0.04236311389759666,0,0,5e-4,0.247,0.12125,0.05525,absent,Cropland
0.72,0.0423689012137288,0,0,5e-4,0.247,0.12125,0.05525,absent,Cropland
0.74,0.04238318865043003,0,0,5e-4,0.247,0.12125,0.0555,absent,Cropland
0.76,0.04242460413150068,0,0,5e-4,0.2475,0.12125,0.0555,absent,Cropland
0.78,0.042498251748251746,0,0,5e-4,0.24775,0.12125,0.05575,absent,Cropland
0.8,0.042504641909814324,0,0,5e-4,0.24775,0.121,0.05575,absent,Cropland
0.82,0.04251278032312516,0,0,5e-4,0.24775,0.121,0.05575,absent,Cropland
0.84,0.0425368137609517,0,0,5e-4,0.24775,0.121,0.05575,absent,Cropland
0.86,0.04257702355116148,0,0,5e-4,0.248,0.12125,0.05575,absent,Cropland
0.88,0.042588618278273455,0,0,5e-4,0.248,0.12125,0.05575,absent,Cropland
0.9,0.042630495940840764,0,0,5e-4,0.248,0.1215,0.056,absent,Cropland
0.92,0.042652941885700506,0,0,5e-4,0.248,0.1215,0.056,absent,Cropland
0.94,0.04275645044610562,0,0,5e-4,0.24825,0.1215,0.05625,absent,Cropland
0.96,0.042829856924684516,0,0,5e-4,0.24825,0.1215,0.0565,absent,Cropland
0.98,0.042927919781368055,0,0,7.5e-4,0.24825,0.122,0.0565,absent,Cropland
1,0.042927919781368055,0,0,7.5e-4,0.24825,0.122,0.0565,absent,Cropland
0,0.9821907964216935,0.86925,0.9515,0.9845,1,0.99975,0.99875,present,Cropland
0.02,0.9754859290551035,0.8652,0.94125,0.972,0.99975,0.99875,0.99575,present,Cropland
0.04,0.9721517052866995,0.8633,0.93575,0.96675,0.99975,0.998,0.99375,present,Cropland
0.06,0.9710208423929925,0.8621,0.934,0.96475,0.99975,0.99775,0.993,present,Cropland
0.08,0.9690050009318507,0.86125,0.93075,0.9625,0.99975,0.997,0.991,present,Cropland
0.1,0.9680960427408833,0.86025,0.929,0.961,0.99975,0.99675,0.99075,present,Cropland
0.12,0.9670243989563273,0.8592,0.927,0.959,0.99975,0.9965,0.99025,present,Cropland
0.14,0.9657703609368204,0.85875,0.925,0.95725,0.99975,0.996,0.9895,present,Cropland
0.16,0.9628777722556998,0.85725,0.92125,0.95325,0.99975,0.9945,0.98675,present,Cropland
0.18,0.9597605765049387,0.85585,0.91725,0.94875,0.9995,0.99275,0.9835,present,Cropland
0.2,0.9573126669565757,0.85485,0.91475,0.94525,0.9995,0.992,0.98125,present,Cropland
0.22,0.9556378362427781,0.8545,0.91325,0.94275,0.99925,0.99125,0.9795,present,Cropland
0.24,0.955362598620861,0.85425,0.91275,0.942,0.9995,0.99125,0.97925,present,Cropland
0.26,0.9553917966080636,0.8542000000000001,0.91275,0.942,0.9995,0.9915,0.9795,present,Cropland
0.28,0.9541488942038889,0.85375,0.91175,0.94025,0.9995,0.99125,0.97825,present,Cropland
0.3,0.9525582561968069,0.85275,0.91025,0.9385,0.9995,0.991,0.977,present,Cropland
0.32,0.9522329937255388,0.8523499999999999,0.91,0.93825,0.9995,0.99075,0.97675,present,Cropland
0.34,0.9514697459153879,0.85225,0.9085,0.93625,0.9995,0.99075,0.97625,present,Cropland
0.36,0.9511279586258309,0.8521,0.90825,0.93575,0.9994000000000001,0.9905,0.97575,present,Cropland
0.38,0.9505333291917749,0.8521,0.907,0.935,0.99925,0.99025,0.97525,present,Cropland
0.4,0.9493282133316767,0.85175,0.90575,0.93375,0.999,0.9895,0.974,present,Cropland
0.42,0.9481270112443313,0.85025,0.90375,0.932,0.9985,0.989,0.97325,present,Cropland
0.44,0.945700875939616,0.84925,0.9014,0.92975,0.9966500000000003,0.9855999999999999,0.97025,present,Cropland
0.46,0.9450984655525875,0.8491,0.90025,0.929,0.99625,0.9855,0.96975,present,Cropland
0.48,0.9442432596135926,0.84875,0.8995,0.92825,0.9955,0.98435,0.96875,present,Cropland
0.5,0.942631903460272,0.84745,0.8975,0.926,0.994,0.98275,0.96725,present,Cropland
0.52,0.9412643349692489,0.84675,0.896,0.9245,0.99325,0.98225,0.96625,present,Cropland
0.54,0.941249394297074,0.84685,0.896,0.9245,0.993,0.9820999999999999,0.96625,present,Cropland
0.56,0.9364866279430949,0.84625,0.89375,0.92075,0.9825,0.974,0.96225,present,Cropland
0.58,0.9354025439522893,0.845,0.89225,0.91825,0.98225,0.97375,0.96175,present,Cropland
0.6,0.9337960644840654,0.84385,0.88775,0.91475,0.982,0.973,0.9615,present,Cropland
0.62,0.9337278840777784,0.8435,0.8875,0.9145,0.982,0.973,0.9615,present,Cropland
0.64,0.9332578120146611,0.8435,0.88725,0.914,0.9815,0.9725,0.961,present,Cropland
0.66,0.932734872957694,0.843,0.886,0.91275,0.98125,0.97225,0.96075,present,Cropland
0.68,0.9325580698266758,0.84275,0.88565,0.9125,0.98125,0.97225,0.96075,present,Cropland
0.7,0.9324385599801205,0.8426,0.8855,0.91225,0.98125,0.972,0.9605,present,Cropland
0.72,0.9323249363235385,0.8425,0.88525,0.91225,0.98125,0.972,0.9605,present,Cropland
0.74,0.9307540846120396,0.842,0.88425,0.9105,0.9785,0.9695,0.95875,present,Cropland
0.76,0.9296136702491147,0.8415999999999999,0.8834,0.90925,0.977,0.96775,0.9575,present,Cropland
0.78,0.9299995030129837,0.84175,0.88375,0.9095,0.97775,0.9685,0.95775,present,Cropland
0.8,0.9296298223271416,0.84175,0.8835,0.90925,0.97725,0.968,0.9575,present,Cropland
0.82,0.9296173976517363,0.84175,0.8834,0.90925,0.977,0.968,0.9575,present,Cropland
0.84,0.9296088867490837,0.84175,0.8835,0.90925,0.977,0.968,0.9575,present,Cropland
0.86,0.92965597626887,0.84175,0.8835,0.90925,0.977,0.968,0.9575,present,Cropland
0.88,0.9296890569671368,0.84175,0.8835,0.90925,0.977,0.968,0.9575,present,Cropland
0.9,0.9297039044542461,0.84175,0.8835,0.90925,0.977,0.968,0.9575,present,Cropland
0.92,0.9296522799279369,0.84175,0.8835,0.90925,0.977,0.968,0.9575,present,Cropland
0.94,0.9296558364912717,0.84175,0.8835,0.90925,0.977,0.968,0.9575,present,Cropland
0.96,0.9296645027023669,0.84175,0.8835,0.90925,0.977,0.968,0.9575,present,Cropland
0.98,0.929673650369634,0.84175,0.8835,0.90925,0.977,0.968,0.9575,present,Cropland
1,0.929673650369634,0.84175,0.8835,0.90925,0.977,0.968,0.9575,present,Cropland
0,0.026418897194759264,0,0,0,0.21325,0.0815,0.02475,absent,Snow and Ice
0.0147016706443914,0.025023571256329875,0,0,2.5e-4,0.18025,0.07975,0.02725,absent,Snow and Ice
0.0294033412887828,0.024777509846475365,0,0,2.5e-4,0.17775,0.07925,0.027,absent,Snow and Ice
0.0441050119331742,0.024735069528172976,0,0,2.5e-4,0.1775,0.07925,0.027,absent,Snow and Ice
0.0588066825775656,0.02471758701069046,0,0,2.5e-4,0.1775,0.07925,0.027,absent,Snow and Ice
0.073508353221957,0.024718109476730168,0,0,2.5e-4,0.1775,0.07925,0.027,absent,Snow and Ice
0.0882100238663484,0.02473040752351097,0,0,2.5e-4,0.1775,0.07925,0.027,absent,Snow and Ice
0.10291169451074,0.024723334137127243,0,0,2.5e-4,0.17725,0.07925,0.027,absent,Snow and Ice
0.117613365155131,0.024747126436781612,0,0,2.5e-4,0.177,0.07925,0.027,absent,Snow and Ice
0.132315035799523,0.024835202154167672,0,0,2.5e-4,0.177,0.07925,0.02725,absent,Snow and Ice
0.147016706443914,0.024800136644964232,0,0,2.5e-4,0.177,0.07925,0.02725,absent,Snow and Ice
0.161718377088305,0.0247983682983683,0,0,2.5e-4,0.177,0.07925,0.02725,absent,Snow and Ice
0.176420047732697,0.024795173217587008,0,0,2.5e-4,0.177,0.07925,0.02725,absent,Snow and Ice
0.191121718377088,0.024793846957640062,0,0,2.5e-4,0.177,0.07925,0.02725,absent,Snow and Ice
0.20582338902148,0.024792239369825577,0,0,2.5e-4,0.177,0.07925,0.02725,absent,Snow and Ice
0.220525059665871,0.024792118800739494,0,0,2.5e-4,0.177,0.07925,0.02725,absent,Snow and Ice
0.235226730310263,0.02479099348926935,0,0,2.5e-4,0.177,0.07925,0.02725,absent,Snow and Ice
0.249928400954654,0.024777670605256815,0,0,2.5e-4,0.17675,0.07925,0.02725,absent,Snow and Ice
0.264630071599045,0.02477763041556145,0,0,2.5e-4,0.17675,0.07925,0.02725,absent,Snow and Ice
0.279331742243437,0.024777328992846234,0,0,2.5e-4,0.17675,0.07925,0.02725,absent,Snow and Ice
0.294033412887828,0.024777288803150874,0,0,2.5e-4,0.17675,0.07925,0.02725,absent,Snow and Ice
0.30873508353222,0.024777288803150874,0,0,2.5e-4,0.17675,0.07925,0.02725,absent,Snow and Ice
0.323436754176611,0.024777288803150874,0,0,2.5e-4,0.17675,0.07925,0.02725,absent,Snow and Ice
0.338138424821002,0.024777288803150874,0,0,2.5e-4,0.17675,0.07925,0.02725,absent,Snow and Ice
0.352840095465394,0.024777288803150874,0,0,2.5e-4,0.17675,0.07925,0.02725,absent,Snow and Ice
0.367541766109785,0.024777288803150874,0,0,2.5e-4,0.17675,0.07925,0.02725,absent,Snow and Ice
0.382243436754177,0.024777288803150874,0,0,2.5e-4,0.17675,0.07925,0.02725,absent,Snow and Ice
0.396945107398568,0.024777288803150874,0,0,2.5e-4,0.17675,0.07925,0.02725,absent,Snow and Ice
0.411646778042959,0.024777288803150874,0,0,2.5e-4,0.17675,0.07925,0.02725,absent,Snow and Ice
0.426348448687351,0.024777288803150874,0,0,2.5e-4,0.17675,0.07925,0.02725,absent,Snow and Ice
0.441050119331742,0.024777288803150874,0,0,2.5e-4,0.17675,0.07925,0.02725,absent,Snow and Ice
0.455751789976134,0.024777288803150874,0,0,2.5e-4,0.17675,0.07925,0.02725,absent,Snow and Ice
0.470453460620525,0.024777288803150874,0,0,2.5e-4,0.17675,0.07925,0.02725,absent,Snow and Ice
0.485155131264916,0.024777288803150874,0,0,2.5e-4,0.17675,0.07925,0.02725,absent,Snow and Ice
0.499856801909308,0.024777288803150874,0,0,2.5e-4,0.17675,0.07925,0.02725,absent,Snow and Ice
0.514558472553699,0.024777288803150874,0,0,2.5e-4,0.17675,0.07925,0.02725,absent,Snow and Ice
0.529260143198091,0.024777288803150874,0,0,2.5e-4,0.17675,0.07925,0.02725,absent,Snow and Ice
0.543961813842482,0.024777288803150874,0,0,2.5e-4,0.17675,0.07925,0.02725,absent,Snow and Ice
0.558663484486874,0.024777288803150874,0,0,2.5e-4,0.17675,0.07925,0.02725,absent,Snow and Ice
0.573365155131265,0.024777288803150874,0,0,2.5e-4,0.17675,0.07925,0.02725,absent,Snow and Ice
0.588066825775656,0.024777288803150874,0,0,2.5e-4,0.17675,0.07925,0.02725,absent,Snow and Ice
0.602768496420048,0.024777288803150874,0,0,2.5e-4,0.17675,0.07925,0.02725,absent,Snow and Ice
0.617470167064439,0.024777288803150874,0,0,2.5e-4,0.17675,0.07925,0.02725,absent,Snow and Ice
0.632171837708831,0.024777288803150874,0,0,2.5e-4,0.17675,0.07925,0.02725,absent,Snow and Ice
0.646873508353222,0.024777288803150874,0,0,2.5e-4,0.17675,0.07925,0.02725,absent,Snow and Ice
0.661575178997613,0.024777288803150874,0,0,2.5e-4,0.17675,0.07925,0.02725,absent,Snow and Ice
0.676276849642005,0.024777288803150874,0,0,2.5e-4,0.17675,0.07925,0.02725,absent,Snow and Ice
0.690978520286396,0.024777288803150874,0,0,2.5e-4,0.17675,0.07925,0.02725,absent,Snow and Ice
0.705680190930788,0.024777288803150874,0,0,2.5e-4,0.17675,0.07925,0.02725,absent,Snow and Ice
0.720381861575179,0.024777288803150874,0,0,2.5e-4,0.17675,0.07925,0.02725,absent,Snow and Ice
0.73508353221957,0.024777288803150874,0,0,2.5e-4,0.17675,0.07925,0.02725,absent,Snow and Ice
0,0.9865478505311549,0.90335,0.965,0.98825,1,0.99975,0.99925,present,Snow and Ice
0.0147016706443914,0.7537747406349009,0.66675,0.6895,0.71275,0.883,0.81975,0.77975,present,Snow and Ice
0.0294033412887828,0.7433505466857179,0.65575,0.67725,0.70075,0.881,0.81325,0.76925,present,Snow and Ice
0.0441050119331742,0.7419038174815183,0.65485,0.6755,0.6995,0.88075,0.8125,0.76775,present,Snow and Ice
0.0588066825775656,0.7417305398521464,0.65485,0.6755,0.6995,0.8805,0.8121,0.7675,present,Snow and Ice
0.073508353221957,0.7415012269366963,0.65475,0.67525,0.69925,0.8805,0.81175,0.76725,present,Snow and Ice
0.0882100238663484,0.741426849723551,0.65475,0.67525,0.69925,0.8804000000000001,0.8115,0.767,present,Snow and Ice
0.10291169451074,0.7410917406970243,0.65475,0.675,0.69875,0.8796500000000002,0.81125,0.76675,present,Snow and Ice
0.117613365155131,0.7405376001739454,0.65425,0.6744,0.69825,0.8794,0.811,0.76625,present,Snow and Ice
0.132315035799523,0.7405061657451699,0.65425,0.67425,0.69825,0.8794,0.811,0.76625,present,Snow and Ice
0.147016706443914,0.7404979033360253,0.65425,0.67425,0.69825,0.87925,0.8108499999999998,0.76625,present,Snow and Ice
0.161718377088305,0.7404958532645834,0.65425,0.67425,0.69825,0.87925,0.8108499999999998,0.76625,present,Snow and Ice
0.176420047732697,0.7404949524756166,0.65425,0.67425,0.69825,0.87925,0.8108499999999998,0.76625,present,Snow and Ice
0.191121718377088,0.7404506119152637,0.65425,0.67425,0.69825,0.87925,0.81075,0.76625,present,Snow and Ice
0.20582338902148,0.7404197365968814,0.65425,0.67425,0.69825,0.87925,0.81075,0.76625,present,Snow and Ice
0.220525059665871,0.7404190532397341,0.65425,0.67425,0.69825,0.87925,0.81075,0.76625,present,Snow and Ice
0.235226730310263,0.7403345499161335,0.654,0.674,0.698,0.87925,0.81075,0.76625,present,Snow and Ice
0.249928400954654,0.739979608001491,0.6536,0.67375,0.69775,0.8791500000000001,0.8105,0.76575,present,Snow and Ice
0.264630071599045,0.7399795614089582,0.6536,0.67375,0.69775,0.8791500000000001,0.8105,0.76575,present,Snow and Ice
0.279331742243437,0.7399793595079828,0.6536,0.67375,0.69775,0.8791500000000001,0.8105,0.76575,present,Snow and Ice
0.294033412887828,0.7399792041995403,0.6536,0.67375,0.69775,0.8791500000000001,0.8105,0.76575,present,Snow and Ice
0.30873508353222,0.7399792041995403,0.6536,0.67375,0.69775,0.8791500000000001,0.8105,0.76575,present,Snow and Ice
0.323436754176611,0.7399792041995403,0.6536,0.67375,0.69775,0.8791500000000001,0.8105,0.76575,present,Snow and Ice
0.338138424821002,0.7399792041995403,0.6536,0.67375,0.69775,0.8791500000000001,0.8105,0.76575,present,Snow and Ice
0.352840095465394,0.7399792041995403,0.6536,0.67375,0.69775,0.8791500000000001,0.8105,0.76575,present,Snow and Ice
0.367541766109785,0.7399792041995403,0.6536,0.67375,0.69775,0.8791500000000001,0.8105,0.76575,present,Snow and Ice
0.382243436754177,0.7399792041995403,0.6536,0.67375,0.69775,0.8791500000000001,0.8105,0.76575,present,Snow and Ice
0.396945107398568,0.7399792041995403,0.6536,0.67375,0.69775,0.8791500000000001,0.8105,0.76575,present,Snow and Ice
0.411646778042959,0.7399792041995403,0.6536,0.67375,0.69775,0.8791500000000001,0.8105,0.76575,present,Snow and Ice
0.426348448687351,0.7399792041995403,0.6536,0.67375,0.69775,0.8791500000000001,0.8105,0.76575,present,Snow and Ice
0.441050119331742,0.7399792041995403,0.6536,0.67375,0.69775,0.8791500000000001,0.8105,0.76575,present,Snow and Ice
0.455751789976134,0.7399792041995403,0.6536,0.67375,0.69775,0.8791500000000001,0.8105,0.76575,present,Snow and Ice
0.470453460620525,0.7399792041995403,0.6536,0.67375,0.69775,0.8791500000000001,0.8105,0.76575,present,Snow and Ice
0.485155131264916,0.7399792041995403,0.6536,0.67375,0.69775,0.8791500000000001,0.8105,0.76575,present,Snow and Ice
0.499856801909308,0.7399792041995403,0.6536,0.67375,0.69775,0.8791500000000001,0.8105,0.76575,present,Snow and Ice
0.514558472553699,0.7399792041995403,0.6536,0.67375,0.69775,0.8791500000000001,0.8105,0.76575,present,Snow and Ice
0.529260143198091,0.7399792041995403,0.6536,0.67375,0.69775,0.8791500000000001,0.8105,0.76575,present,Snow and Ice
0.543961813842482,0.7399792041995403,0.6536,0.67375,0.69775,0.8791500000000001,0.8105,0.76575,present,Snow and Ice
0.558663484486874,0.7399792041995403,0.6536,0.67375,0.69775,0.8791500000000001,0.8105,0.76575,present,Snow and Ice
0.573365155131265,0.7399792041995403,0.6536,0.67375,0.69775,0.8791500000000001,0.8105,0.76575,present,Snow and Ice
0.588066825775656,0.7399792041995403,0.6536,0.67375,0.69775,0.8791500000000001,0.8105,0.76575,present,Snow and Ice
0.602768496420048,0.7399792041995403,0.6536,0.67375,0.69775,0.8791500000000001,0.8105,0.76575,present,Snow and Ice
0.617470167064439,0.7399792041995403,0.6536,0.67375,0.69775,0.8791500000000001,0.8105,0.76575,present,Snow and Ice
0.632171837708831,0.7399792041995403,0.6536,0.67375,0.69775,0.8791500000000001,0.8105,0.76575,present,Snow and Ice
0.646873508353222,0.7399792041995403,0.6536,0.67375,0.69775,0.8791500000000001,0.8105,0.76575,present,Snow and Ice
0.661575178997613,0.7399792041995403,0.6536,0.67375,0.69775,0.8791500000000001,0.8105,0.76575,present,Snow and Ice
0.676276849642005,0.7399792041995403,0.6536,0.67375,0.69775,0.8791500000000001,0.8105,0.76575,present,Snow and Ice
0.690978520286396,0.7399792041995403,0.6536,0.67375,0.69775,0.8791500000000001,0.8105,0.76575,present,Snow and Ice
0.705680190930788,0.7399792041995403,0.6536,0.67375,0.69775,0.8791500000000001,0.8105,0.76575,present,Snow and Ice
0.720381861575179,0.7399792041995403,0.6536,0.67375,0.69775,0.8791500000000001,0.8105,0.76575,present,Snow and Ice
0.73508353221957,0.7399792041995403,0.6536,0.67375,0.69775,0.8791500000000001,0.8105,0.76575,present,Snow and Ice
0,0.026848826460895425,0,0,0,0.2215,0.08225,0.02375,absent,Water
0.02,0.03135724620207379,0,0,2.5e-4,0.226,0.0915,0.0345,absent,Water
0.04,0.03153162929024998,0,0,2.5e-4,0.22475,0.092,0.03525,absent,Water
0.06,0.03250928381962864,2.5e-4,5e-4,7.5e-4,0.2235,0.09325,0.03725,absent,Water
0.08,0.033045575114540635,0,2.5e-4,7.5e-4,0.224,0.09375,0.0385,absent,Water
0.1,0.03351567398119122,0,0,0.001,0.221,0.09375,0.0395,absent,Water
0.12,0.03342653323687807,0,0,0.001,0.22,0.0935,0.0395,absent,Water
0.14,0.033471324652359136,0,0,0.001,0.219,0.0935,0.0395,absent,Water
0.16,0.03370412346274415,0,0,0.001,0.21625,0.0935,0.03975,absent,Water
0.18,0.03362832569729121,0,0,0.001,0.215,0.0935,0.03975,absent,Water
0.2,0.03365103287517081,0,0,0.001,0.21375,0.0935,0.04,absent,Water
0.22,0.03368017040430833,0,0,0.001,0.21325,0.0935,0.04025,absent,Water
0.24,0.03367892452375211,0,0,0.001,0.21225,0.09375,0.0405,absent,Water
0.26,0.03362613535889398,0,0,0.001,0.21075,0.09375,0.0405,absent,Water
0.28,0.03361839884253678,0,0,0.001,0.21025,0.094,0.0405,absent,Water
0.3,0.0336193232055301,0,0,0.001,0.2105,0.094,0.0405,absent,Water
0.32,0.033659030624547864,0,0,0.001,0.21125,0.094,0.04075,absent,Water
0.34,0.033697271119684916,0,0,0.001,0.21125,0.09425,0.04075,absent,Water
0.36,0.03369204645928784,0,0,0.001,0.20975,0.0945,0.04075,absent,Water
0.38,0.03366104010931597,0,0,0.001,0.20975,0.09425,0.04075,absent,Water
0.4,0.03365000803793907,0,0,0.001,0.2095,0.0945,0.04075,absent,Water
0.42,0.033695181255526084,0,0,0.001,0.20925,0.0945,0.04075,absent,Water
0.44,0.03370221445221445,0,0,0.001,0.2095,0.0945,0.041,absent,Water
0.46,0.033721827023551164,0,0,0.001,0.2095,0.09475,0.041,absent,Water
0.48,0.033710453339763684,0,0,0.001,0.2095,0.09475,0.041,absent,Water
0.5,0.03370786110441283,0,0,0.001,0.2095,0.09475,0.041,absent,Water
0.52,0.03370794148380355,0,0,0.001,0.2095,0.09475,0.041,absent,Water
0.54,0.03374067599067599,0,2.5e-4,0.001,0.2095,0.09475,0.041,absent,Water
0.56,0.03374067599067599,0,2.5e-4,0.001,0.2095,0.09475,0.041,absent,Water
0.58,0.03376597540390644,0,2.5e-4,0.001,0.2095,0.09475,0.041,absent,Water
0.6,0.03376597540390644,0,2.5e-4,0.001,0.2095,0.09475,0.041,absent,Water
0.62,0.033824772928221204,0,2.5e-4,0.001,0.2095,0.095,0.04125,absent,Water
0.64,0.033824772928221204,0,2.5e-4,0.001,0.2095,0.095,0.04125,absent,Water
0.66,0.033824772928221204,0,2.5e-4,0.001,0.2095,0.095,0.04125,absent,Water
0.68,0.033824772928221204,0,2.5e-4,0.001,0.2095,0.095,0.04125,absent,Water
0.7,0.033824772928221204,0,2.5e-4,0.001,0.2095,0.095,0.04125,absent,Water
0.72,0.033824772928221204,0,2.5e-4,0.001,0.2095,0.095,0.04125,absent,Water
0.74,0.033824772928221204,0,2.5e-4,0.001,0.2095,0.095,0.04125,absent,Water
0.76,0.033824772928221204,0,2.5e-4,0.001,0.2095,0.095,0.04125,absent,Water
0.78,0.033824772928221204,0,2.5e-4,0.001,0.2095,0.095,0.04125,absent,Water
0.8,0.033824772928221204,0,2.5e-4,0.001,0.2095,0.095,0.04125,absent,Water
0.82,0.033824772928221204,0,2.5e-4,0.001,0.2095,0.095,0.04125,absent,Water
0.84,0.033824772928221204,0,2.5e-4,0.001,0.2095,0.095,0.04125,absent,Water
0.86,0.033824772928221204,0,2.5e-4,0.001,0.2095,0.095,0.04125,absent,Water
0.88,0.033824772928221204,0,2.5e-4,0.001,0.2095,0.095,0.04125,absent,Water
0.9,0.033824772928221204,0,2.5e-4,0.001,0.2095,0.095,0.04125,absent,Water
0.92,0.033824772928221204,0,2.5e-4,0.001,0.2095,0.095,0.04125,absent,Water
0.94,0.033824772928221204,0,2.5e-4,0.001,0.2095,0.095,0.04125,absent,Water
0.96,0.033824772928221204,0,2.5e-4,0.001,0.2095,0.095,0.04125,absent,Water
0.98,0.033824772928221204,0,2.5e-4,0.001,0.2095,0.095,0.04125,absent,Water
1,0.033824772928221204,0,2.5e-4,0.001,0.2095,0.095,0.04125,absent,Water
0,0.984029462011555,0.8821,0.958,0.98625,1,0.99975,0.999,present,Water
0.02,0.9619122817916382,0.864,0.919,0.94875,0.9995,0.995,0.9875,present,Water
0.04,0.9526863235385477,0.85425,0.90475,0.93375,0.99925,0.99225,0.9825,present,Water
0.06,0.9426052370006833,0.82925,0.8829,0.92,0.9985,0.9895,0.97625,present,Water
0.08,0.9394291327576567,0.8186,0.8765,0.91725,0.99825,0.98725,0.974,present,Water
0.1,0.9286597657948685,0.801,0.86425,0.90475,0.998,0.9835,0.96425,present,Water
0.12,0.9242079890662857,0.79585,0.8575,0.89625,0.99775,0.9825,0.96275,present,Water
0.14,0.9196915419022178,0.7915,0.84925,0.88875,0.997,0.98025,0.9595,present,Water
0.16,0.9070990091321364,0.7878499999999999,0.83975,0.87675,0.99425,0.964,0.94425,present,Water
0.18,0.9044740479592471,0.78425,0.832,0.87125,0.994,0.96475,0.9445,present,Water
0.2,0.897135102814189,0.7765,0.8225,0.862,0.99275,0.9625,0.93725,present,Water
0.22,0.8916416102379325,0.7736000000000001,0.81675,0.85525,0.992,0.96125,0.9325,present,Water
0.24,0.8754131204572281,0.75525,0.7945,0.8315,0.99075,0.9575,0.92975,present,Water
0.26,0.8603660464682861,0.7335,0.774,0.80925,0.9815,0.9505,0.9235,present,Water
0.28,0.8526346058271728,0.723,0.76375,0.79825,0.979,0.94725,0.9165,present,Water
0.3,0.8471707305709139,0.71475,0.75575,0.7885,0.97875,0.94575,0.91175,present,Water
0.32,0.8453002422811704,0.7126000000000001,0.75325,0.786,0.97575,0.945,0.91,present,Water
0.34,0.844834161645027,0.7125,0.753,0.78575,0.97475,0.94475,0.90975,present,Water
0.36,0.8415257967323104,0.70935,0.74975,0.78175,0.96625,0.9425,0.9065,present,Water
0.38,0.8387868857551096,0.70725,0.74725,0.77875,0.95875,0.94025,0.9035,present,Water
0.4,0.835416801267317,0.7025,0.74375,0.77375,0.95525,0.9385,0.8995,present,Water
0.42,0.8346180499471951,0.702,0.74275,0.77275,0.95425,0.938,0.89875,present,Water
0.44,0.8343543362117165,0.7015,0.7425,0.7725,0.954,0.9375,0.8985,present,Water
0.46,0.834173945455675,0.70125,0.7425,0.77225,0.95375,0.93725,0.8985,present,Water
0.48,0.8333881934521961,0.70075,0.7415,0.77125,0.95325,0.9365,0.89775,present,Water
0.5,0.8332037025532708,0.70075,0.74125,0.771,0.953,0.9365,0.8975,present,Water
0.52,0.8331777971050507,0.70075,0.74125,0.771,0.953,0.93625,0.8975,present,Water
0.54,0.8331778281667391,0.70075,0.74125,0.771,0.953,0.93625,0.8975,present,Water
0.56,0.8331778281667391,0.70075,0.74125,0.771,0.953,0.93625,0.8975,present,Water
0.58,0.8331780300677145,0.70075,0.74125,0.771,0.953,0.93625,0.8975,present,Water
0.6,0.8331780300677145,0.70075,0.74125,0.771,0.953,0.93625,0.8975,present,Water
0.62,0.8331788842641487,0.70075,0.74125,0.771,0.953,0.93625,0.8975,present,Water
0.64,0.8331788842641487,0.70075,0.74125,0.771,0.953,0.93625,0.8975,present,Water
0.66,0.8331788842641487,0.70075,0.74125,0.771,0.953,0.93625,0.8975,present,Water
0.68,0.8331788842641487,0.70075,0.74125,0.771,0.953,0.93625,0.8975,present,Water
0.7,0.8331788842641487,0.70075,0.74125,0.771,0.953,0.93625,0.8975,present,Water
0.72,0.8331788842641487,0.70075,0.74125,0.771,0.953,0.93625,0.8975,present,Water
0.74,0.8331788842641487,0.70075,0.74125,0.771,0.953,0.93625,0.8975,present,Water
0.76,0.8331788842641487,0.70075,0.74125,0.771,0.953,0.93625,0.8975,present,Water
0.78,0.8331788842641487,0.70075,0.74125,0.771,0.953,0.93625,0.8975,present,Water
0.8,0.8331788842641487,0.70075,0.74125,0.771,0.953,0.93625,0.8975,present,Water
0.82,0.8331788842641487,0.70075,0.74125,0.771,0.953,0.93625,0.8975,present,Water
0.84,0.8331788842641487,0.70075,0.74125,0.771,0.953,0.93625,0.8975,present,Water
0.86,0.8331788842641487,0.70075,0.74125,0.771,0.953,0.93625,0.8975,present,Water
0.88,0.8331788842641487,0.70075,0.74125,0.771,0.953,0.93625,0.8975,present,Water
0.9,0.8331788842641487,0.70075,0.74125,0.771,0.953,0.93625,0.8975,present,Water
0.92,0.8331788842641487,0.70075,0.74125,0.771,0.953,0.93625,0.8975,present,Water
0.94,0.8331788842641487,0.70075,0.74125,0.771,0.953,0.93625,0.8975,present,Water
0.96,0.8331788842641487,0.70075,0.74125,0.771,0.953,0.93625,0.8975,present,Water
0.98,0.8331788842641487,0.70075,0.74125,0.771,0.953,0.93625,0.8975,present,Water
1,0.8331788842641487,0.70075,0.74125,0.771,0.953,0.93625,0.8975,present,Water
Southeast,0.029480025721405033,0,0,0,0.2285,0.09275,0.02925,absent,aspect2
West,0.029480025721405033,0,0,0,0.2285,0.09275,0.02925,absent,aspect2
Southwest,0.029480025721405033,0,0,0,0.2285,0.09275,0.02925,absent,aspect2
North,0.029480025721405033,0,0,0,0.2285,0.09275,0.02925,absent,aspect2
South,0.029480025721405033,0,0,0,0.2285,0.09275,0.02925,absent,aspect2
Northwest,0.029480025721405033,0,0,0,0.2285,0.09275,0.02925,absent,aspect2
East,0.029480025721405033,0,0,0,0.2285,0.09275,0.02925,absent,aspect2
Northeast,0.029480025721405033,0,0,0,0.2285,0.09275,0.02925,absent,aspect2
Flat,0.029480025721405033,0,0,0,0.2285,0.09275,0.02925,absent,aspect2
Southeast,0.9773726004845624,0.87525,0.93975,0.972,1,0.99925,0.99775,present,aspect2
West,0.9773726004845624,0.87525,0.93975,0.972,1,0.99925,0.99775,present,aspect2
Southwest,0.9773726004845624,0.87525,0.93975,0.972,1,0.99925,0.99775,present,aspect2
North,0.9773726004845624,0.87525,0.93975,0.972,1,0.99925,0.99775,present,aspect2
South,0.9773726004845624,0.87525,0.93975,0.972,1,0.99925,0.99775,present,aspect2
Northwest,0.9773726004845624,0.87525,0.93975,0.972,1,0.99925,0.99775,present,aspect2
East,0.9773726004845624,0.87525,0.93975,0.972,1,0.99925,0.99775,present,aspect2
Northeast,0.9773726004845624,0.87525,0.93975,0.972,1,0.99925,0.99775,present,aspect2
Flat,0.9773726004845624,0.87525,0.93975,0.972,1,0.99925,0.99775,present,aspect2
0,0.026533658869865768,0,0,0,0.2165,0.0815,0.02425,absent,Barren Lands
0.02,0.03181382123623503,0,0,5e-4,0.23375,0.096,0.03425,absent,Barren Lands
0.04,0.03218077324973877,0,0,5e-4,0.22525,0.09775,0.03575,absent,Barren Lands
0.06,0.03234760067518688,0,0,5e-4,0.22525,0.0985,0.036,absent,Barren Lands
0.08,0.032433767382043246,0,0,5e-4,0.225,0.09875,0.0365,absent,Barren Lands
0.1,0.032590406719717066,0,0,5e-4,0.22475,0.09925,0.03675,absent,Barren Lands
0.12,0.032719154408809584,0,0,5e-4,0.22475,0.0995,0.03725,absent,Barren Lands
0.14,0.03297882003054417,0,0,5e-4,0.22425,0.10075,0.038,absent,Barren Lands
0.16,0.033341210513624306,0,0,5e-4,0.22425,0.10175,0.039,absent,Barren Lands
0.18,0.033725042199180134,0,0,5e-4,0.2245,0.10275,0.04,absent,Barren Lands
0.2,0.03463294751225786,0,0,5e-4,0.22625,0.106,0.042,absent,Barren Lands
0.22,0.03517231331886504,0,0,5e-4,0.22625,0.10775,0.04325,absent,Barren Lands
0.24,0.03551585483482035,0,0,5e-4,0.2285,0.1095,0.044,absent,Barren Lands
0.26,0.03608108271039306,0,0,5e-4,0.22875,0.111,0.0455,absent,Barren Lands
0.28,0.03619461859979101,0,0,5e-4,0.22925,0.11125,0.04575,absent,Barren Lands
0.3,0.03631211317418214,0,0,5e-4,0.22925,0.1115,0.04625,absent,Barren Lands
0.32,0.03633431798086971,0,0,5e-4,0.22925,0.1115,0.04625,absent,Barren Lands
0.34,0.036357788762961175,0,0,5e-4,0.22925,0.11175,0.0465,absent,Barren Lands
0.36,0.03638296760710554,0,0,5e-4,0.22925,0.112,0.0465,absent,Barren Lands
0.38,0.03644116228598988,0,0,5e-4,0.22925,0.112,0.04675,absent,Barren Lands
0.4,0.03651203681376095,0,0,5e-4,0.22925,0.112,0.04675,absent,Barren Lands
0.42,0.03655403504541436,0,0,5e-4,0.229,0.112,0.047,absent,Barren Lands
0.44,0.03674350936419902,0,0,5e-4,0.229,0.112,0.0475,absent,Barren Lands
0.46,0.03683817619162447,0,0,5e-4,0.229,0.112,0.04775,absent,Barren Lands
0.48,0.03703434209468692,0,0,5e-4,0.229,0.11225,0.0485,absent,Barren Lands
0.5,0.037010931597138495,0,0,5e-4,0.229,0.11225,0.0485,absent,Barren Lands
0.52,0.036970340004822765,0,0,5e-4,0.229,0.11225,0.04825,absent,Barren Lands
0.54,0.0369634072823728,0,0,5e-4,0.229,0.11225,0.04825,absent,Barren Lands
0.56,0.03695906679527369,0,0,5e-4,0.229,0.11225,0.04825,absent,Barren Lands
0.58,0.03694974278594968,0,0,5e-4,0.229,0.11225,0.04825,absent,Barren Lands
0.6,0.03694869785387027,0,0,5e-4,0.229,0.11225,0.04825,absent,Barren Lands
0.62,0.03694869785387027,0,0,5e-4,0.229,0.11225,0.04825,absent,Barren Lands
0.64,0.03694869785387027,0,0,5e-4,0.229,0.11225,0.04825,absent,Barren Lands
0.66,0.03694869785387027,0,0,5e-4,0.229,0.11225,0.04825,absent,Barren Lands
0.68,0.03694869785387027,0,0,5e-4,0.229,0.11225,0.04825,absent,Barren Lands
0.7,0.03694869785387027,0,0,5e-4,0.229,0.11225,0.04825,absent,Barren Lands
0.72,0.03694869785387027,0,0,5e-4,0.229,0.11225,0.04825,absent,Barren Lands
0.74,0.03694869785387027,0,0,5e-4,0.229,0.11225,0.04825,absent,Barren Lands
0.76,0.03694869785387027,0,0,5e-4,0.229,0.11225,0.04825,absent,Barren Lands
0.78,0.03694869785387027,0,0,5e-4,0.229,0.11225,0.04825,absent,Barren Lands
0.8,0.03694869785387027,0,0,5e-4,0.229,0.11225,0.04825,absent,Barren Lands
0.82,0.03694869785387027,0,0,5e-4,0.229,0.11225,0.04825,absent,Barren Lands
0.84,0.03694869785387027,0,0,5e-4,0.229,0.11225,0.04825,absent,Barren Lands
0.86,0.03694869785387027,0,0,5e-4,0.229,0.11225,0.04825,absent,Barren Lands
0.88,0.03694869785387027,0,0,5e-4,0.229,0.11225,0.04825,absent,Barren Lands
0.9,0.03694869785387027,0,0,5e-4,0.229,0.11225,0.04825,absent,Barren Lands
0.92,0.03694869785387027,0,0,5e-4,0.229,0.11225,0.04825,absent,Barren Lands
0.94,0.03694869785387027,0,0,5e-4,0.229,0.11225,0.04825,absent,Barren Lands
0.96,0.03694869785387027,0,0,5e-4,0.229,0.11225,0.04825,absent,Barren Lands
0.98,0.03694869785387027,0,0,5e-4,0.229,0.11225,0.04825,absent,Barren Lands
1,0.03694869785387027,0,0,5e-4,0.229,0.11225,0.04825,absent,Barren Lands
0,0.9832486798782382,0.8825,0.9535,0.98475,1,0.99975,0.999,present,Barren Lands
0.02,0.9370650897682798,0.81275,0.8665,0.91775,0.99925,0.9865,0.96875,present,Barren Lands
0.04,0.9177365813505622,0.73925,0.7955,0.8945,0.99925,0.98375,0.9655,present,Barren Lands
0.06,0.9160646083121078,0.7355,0.7935,0.8905,0.99925,0.98275,0.965,present,Barren Lands
0.08,0.9140727620053426,0.7315,0.79025,0.8845,0.99925,0.98175,0.96425,present,Barren Lands
0.1,0.912701776728583,0.7285,0.78775,0.88275,0.99925,0.9805,0.96325,present,Barren Lands
0.12,0.9122753152761384,0.72825,0.7875,0.8825,0.999,0.98,0.96275,present,Barren Lands
0.14,0.9063498167360379,0.72525,0.7845,0.87875,0.999,0.97425,0.95425,present,Barren Lands
0.16,0.9054797633099335,0.72455,0.7841500000000001,0.87825,0.999,0.9735,0.953,present,Barren Lands
0.18,0.9042956762129589,0.7236,0.78375,0.8775,0.999,0.9725999999999999,0.95125,present,Barren Lands
0.2,0.9029727123066409,0.7231,0.78325,0.8765,0.999,0.9715,0.949,present,Barren Lands
0.22,0.9011585077964839,0.72285,0.7825,0.87575,0.99875,0.9705,0.94625,present,Barren Lands
0.24,0.900894421320743,0.72285,0.7825,0.8755,0.99775,0.97,0.946,present,Barren Lands
0.26,0.9009018761259862,0.72285,0.7825,0.8755,0.998,0.97,0.94575,present,Barren Lands
0.28,0.9004921569236504,0.72275,0.7825,0.8755,0.99775,0.9695,0.94525,present,Barren Lands
0.3,0.9004845468099646,0.72275,0.7825,0.87525,0.99775,0.9695,0.94525,present,Barren Lands
0.32,0.9004765018326396,0.72275,0.7825,0.87525,0.99775,0.9695,0.94525,present,Barren Lands
0.34,0.9004699012238305,0.72275,0.7825,0.87525,0.99775,0.9695,0.94525,present,Barren Lands
0.36,0.9002681866186246,0.7225,0.78225,0.87525,0.9975,0.96925,0.945,present,Barren Lands
0.38,0.9001184382183015,0.7225,0.78225,0.875,0.9975,0.96925,0.94475,present,Barren Lands
0.4,0.8996235168043736,0.72235,0.782,0.875,0.997,0.96875,0.944,present,Barren Lands
0.42,0.8994556905013357,0.72235,0.782,0.87475,0.99675,0.9685,0.94375,present,Barren Lands
0.44,0.8994601012611045,0.7225,0.782,0.87475,0.99675,0.9685,0.94375,present,Barren Lands
0.46,0.8993360098154936,0.7225,0.782,0.87475,0.9965,0.96825,0.94375,present,Barren Lands
0.48,0.8993407311921475,0.7225,0.782,0.87475,0.9965,0.96825,0.94375,present,Barren Lands
0.5,0.8993399857116233,0.7225,0.782,0.87475,0.9965,0.96825,0.94375,present,Barren Lands
0.52,0.8993330434242406,0.7225,0.782,0.87475,0.9965,0.96825,0.94375,present,Barren Lands
0.54,0.8993329968317078,0.7225,0.782,0.87475,0.9965,0.96825,0.94375,present,Barren Lands
0.56,0.8993329657700192,0.7225,0.782,0.87475,0.9965,0.96825,0.94375,present,Barren Lands
0.58,0.8993326240914457,0.7225,0.782,0.87475,0.9965,0.96825,0.94375,present,Barren Lands
0.6,0.8993326085606014,0.7225,0.782,0.87475,0.9965,0.96825,0.94375,present,Barren Lands
0.62,0.8993326085606014,0.7225,0.782,0.87475,0.9965,0.96825,0.94375,present,Barren Lands
0.64,0.8993326085606014,0.7225,0.782,0.87475,0.9965,0.96825,0.94375,present,Barren Lands
0.66,0.8993326085606014,0.7225,0.782,0.87475,0.9965,0.96825,0.94375,present,Barren Lands
0.68,0.8993326085606014,0.7225,0.782,0.87475,0.9965,0.96825,0.94375,present,Barren Lands
0.7,0.8993326085606014,0.7225,0.782,0.87475,0.9965,0.96825,0.94375,present,Barren Lands
0.72,0.8993326085606014,0.7225,0.782,0.87475,0.9965,0.96825,0.94375,present,Barren Lands
0.74,0.8993326085606014,0.7225,0.782,0.87475,0.9965,0.96825,0.94375,present,Barren Lands
0.76,0.8993326085606014,0.7225,0.782,0.87475,0.9965,0.96825,0.94375,present,Barren Lands
0.78,0.8993326085606014,0.7225,0.782,0.87475,0.9965,0.96825,0.94375,present,Barren Lands
0.8,0.8993326085606014,0.7225,0.782,0.87475,0.9965,0.96825,0.94375,present,Barren Lands
0.82,0.8993326085606014,0.7225,0.782,0.87475,0.9965,0.96825,0.94375,present,Barren Lands
0.84,0.8993326085606014,0.7225,0.782,0.87475,0.9965,0.96825,0.94375,present,Barren Lands
0.86,0.8993326085606014,0.7225,0.782,0.87475,0.9965,0.96825,0.94375,present,Barren Lands
0.88,0.8993326085606014,0.7225,0.782,0.87475,0.9965,0.96825,0.94375,present,Barren Lands
0.9,0.8993326085606014,0.7225,0.782,0.87475,0.9965,0.96825,0.94375,present,Barren Lands
0.92,0.8993326085606014,0.7225,0.782,0.87475,0.9965,0.96825,0.94375,present,Barren Lands
0.94,0.8993326085606014,0.7225,0.782,0.87475,0.9965,0.96825,0.94375,present,Barren Lands
0.96,0.8993326085606014,0.7225,0.782,0.87475,0.9965,0.96825,0.94375,present,Barren Lands
0.98,0.8993326085606014,0.7225,0.782,0.87475,0.9965,0.96825,0.94375,present,Barren Lands
1,0.8993326085606014,0.7225,0.782,0.87475,0.9965,0.96825,0.94375,present,Barren Lands
0,0.025804356562977252,0,0,0,0.2125,0.08,0.0235,absent,Wetland
0.0122106943335994,0.03605672775500362,0,5e-4,0.0015,0.233,0.104,0.04425,absent,Wetland
0.0244213886671987,0.037942046459287844,0,5e-4,0.0015,0.233,0.10875,0.04975,absent,Wetland
0.0366320830007981,0.03922349489590869,0,7.5e-4,0.003,0.23125,0.11025,0.05125,absent,Wetland
0.0488427773343974,0.03927640462985291,0,7.5e-4,0.003,0.231,0.11025,0.0515,absent,Wetland
0.0610534716679968,0.039324913592154974,0,7.5e-4,0.003,0.231,0.1105,0.0515,absent,Wetland
0.0732641660015962,0.03931569005706937,0,7.5e-4,0.003,0.231,0.1105,0.0515,absent,Wetland
0.0854748603351955,0.039320653484446584,0,7.5e-4,0.003,0.231,0.1105,0.0515,absent,Wetland
0.0976855546687949,0.03931906599147979,0,7.5e-4,0.003,0.231,0.1105,0.0515,absent,Wetland
0.109896249002394,0.039405634595289764,0,7.5e-4,0.003,0.231,0.11075,0.0515,absent,Wetland
0.122106943335994,0.03929075235109718,0,7.5e-4,0.003,0.23025,0.1105,0.0515,absent,Wetland
0.134317637669593,0.039285768828872275,0,7.5e-4,0.003,0.23025,0.1105,0.0515,absent,Wetland
0.146528332003192,0.03928311630897838,0,7.5e-4,0.003,0.23025,0.1105,0.0515,absent,Wetland
0.158739026336792,0.039274837231733785,0,7.5e-4,0.003,0.23,0.1105,0.0515,absent,Wetland
0.170949720670391,0.039274837231733785,0,7.5e-4,0.003,0.23,0.1105,0.0515,absent,Wetland
0.18316041500399,0.0392736516357206,0,7.5e-4,0.003,0.23,0.1105,0.0515,absent,Wetland
0.19537110933759,0.039269471907402945,0,7.5e-4,0.003,0.23,0.1105,0.0515,absent,Wetland
0.207581803671189,0.039269471907402945,0,7.5e-4,0.003,0.23,0.1105,0.0515,absent,Wetland
0.219792498004789,0.039269471907402945,0,7.5e-4,0.003,0.23,0.1105,0.0515,absent,Wetland
0.232003192338388,0.039269471907402945,0,7.5e-4,0.003,0.23,0.1105,0.0515,absent,Wetland
0.244213886671987,0.039269471907402945,0,7.5e-4,0.003,0.23,0.1105,0.0515,absent,Wetland
0.256424581005587,0.039269471907402945,0,7.5e-4,0.003,0.23,0.1105,0.0515,absent,Wetland
0.268635275339186,0.03926577445542963,0,7.5e-4,0.003,0.23,0.11025,0.0515,absent,Wetland
0.280845969672785,0.03926577445542963,0,7.5e-4,0.003,0.23,0.11025,0.0515,absent,Wetland
0.293056664006385,0.03926577445542963,0,7.5e-4,0.003,0.23,0.11025,0.0515,absent,Wetland
0.305267358339984,0.03926577445542963,0,7.5e-4,0.003,0.23,0.11025,0.0515,absent,Wetland
0.317478052673583,0.03926577445542963,0,7.5e-4,0.003,0.23,0.11025,0.0515,absent,Wetland
0.329688747007183,0.03926577445542963,0,7.5e-4,0.003,0.23,0.11025,0.0515,absent,Wetland
0.341899441340782,0.03926577445542963,0,7.5e-4,0.003,0.23,0.11025,0.0515,absent,Wetland
0.354110135674381,0.03926577445542963,0,7.5e-4,0.003,0.23,0.11025,0.0515,absent,Wetland
0.366320830007981,0.03926577445542963,0,7.5e-4,0.003,0.23,0.11025,0.0515,absent,Wetland
0.37853152434158,0.03926577445542963,0,7.5e-4,0.003,0.23,0.11025,0.0515,absent,Wetland
0.39074221867518,0.03926577445542963,0,7.5e-4,0.003,0.23,0.11025,0.0515,absent,Wetland
0.402952913008779,0.03926577445542963,0,7.5e-4,0.003,0.23,0.11025,0.0515,absent,Wetland
0.415163607342378,0.03926577445542963,0,7.5e-4,0.003,0.23,0.11025,0.0515,absent,Wetland
0.427374301675978,0.03926577445542963,0,7.5e-4,0.003,0.23,0.11025,0.0515,absent,Wetland
0.439584996009577,0.03926577445542963,0,7.5e-4,0.003,0.23,0.11025,0.0515,absent,Wetland
0.451795690343176,0.03926577445542963,0,7.5e-4,0.003,0.23,0.11025,0.0515,absent,Wetland
0.464006384676776,0.03926577445542963,0,7.5e-4,0.003,0.23,0.11025,0.0515,absent,Wetland
0.476217079010375,0.03926577445542963,0,7.5e-4,0.003,0.23,0.11025,0.0515,absent,Wetland
0.488427773343974,0.03926577445542963,0,7.5e-4,0.003,0.23,0.11025,0.0515,absent,Wetland
0.500638467677574,0.03926577445542963,0,7.5e-4,0.003,0.23,0.11025,0.0515,absent,Wetland
0.512849162011173,0.03926577445542963,0,7.5e-4,0.003,0.23,0.11025,0.0515,absent,Wetland
0.525059856344772,0.03926577445542963,0,7.5e-4,0.003,0.23,0.11025,0.0515,absent,Wetland
0.537270550678372,0.03926577445542963,0,7.5e-4,0.003,0.23,0.11025,0.0515,absent,Wetland
0.549481245011971,0.03926577445542963,0,7.5e-4,0.003,0.23,0.11025,0.0515,absent,Wetland
0.561691939345571,0.03926577445542963,0,7.5e-4,0.003,0.23,0.11025,0.0515,absent,Wetland
0.57390263367917,0.03926577445542963,0,7.5e-4,0.003,0.23,0.11025,0.0515,absent,Wetland
0.586113328012769,0.03926577445542963,0,7.5e-4,0.003,0.23,0.11025,0.0515,absent,Wetland
0.598324022346369,0.03926577445542963,0,7.5e-4,0.003,0.23,0.11025,0.0515,absent,Wetland
0.610534716679968,0.03926577445542963,0,7.5e-4,0.003,0.23,0.11025,0.0515,absent,Wetland
0,0.9844824035534572,0.88655,0.9604,0.98625,1,0.99975,0.99925,present,Wetland
0.0122106943335994,0.9712670683978382,0.87625,0.92775,0.963,0.99925,0.99625,0.993,present,Wetland
0.0244213886671987,0.9694022488662484,0.8765,0.923,0.96025,0.99925,0.9955,0.99175,present,Wetland
0.0366320830007981,0.968447179598683,0.876,0.9215,0.95875,0.99925,0.9955,0.99125,present,Wetland
0.0488427773343974,0.9664251257998384,0.87535,0.92025,0.95575,0.99925,0.995,0.99025,present,Wetland
0.0610534716679968,0.9658088153072001,0.87535,0.91975,0.9545,0.99925,0.9945,0.98975,present,Wetland
0.0732641660015962,0.9648200130459091,0.87525,0.91925,0.953,0.999,0.99375,0.989,present,Wetland
0.0854748603351955,0.9647609337143568,0.875,0.919,0.953,0.999,0.99375,0.989,present,Wetland
0.0976855546687949,0.9647250264024352,0.875,0.919,0.953,0.999,0.99375,0.989,present,Wetland
0.109896249002394,0.96464145492949,0.875,0.91875,0.95275,0.99875,0.99375,0.989,present,Wetland
0.122106943335994,0.9640002950860409,0.8746,0.91825,0.95225,0.998,0.99275,0.98825,present,Wetland
0.134317637669593,0.9639620426166366,0.8746,0.91825,0.95225,0.99775,0.99275,0.98825,present,Wetland
0.146528332003192,0.9637910790830589,0.8745,0.91825,0.952,0.99725,0.9925,0.988,present,Wetland
0.158739026336792,0.96378711871777345,0.8743500000000001,0.91825,0.952,0.99725,0.9925,0.988,present,Wetland
0.170949720670391,0.96378711871777345,0.8743500000000001,0.91825,0.952,0.99725,0.9925,0.988,present,Wetland
0.18316041500399,0.9636558054295832,0.8743500000000001,0.918,0.952,0.99725,0.99225,0.98775,present,Wetland
0.19537110933759,0.9636449493694478,0.8743500000000001,0.918,0.952,0.99725,0.99225,0.98775,present,Wetland
0.207581803671189,0.9636449493694478,0.8743500000000001,0.918,0.952,0.99725,0.99225,0.98775,present,Wetland
0.219792498004789,0.9636449493694478,0.8743500000000001,0.918,0.952,0.99725,0.99225,0.98775,present,Wetland
0.232003192338388,0.9636449493694478,0.8743500000000001,0.918,0.952,0.99725,0.99225,0.98775,present,Wetland
0.244213886671987,0.9636449493694478,0.8743500000000001,0.918,0.952,0.99725,0.99225,0.98775,present,Wetland
0.256424581005587,0.9636449493694478,0.8743500000000001,0.918,0.952,0.99725,0.99225,0.98775,present,Wetland
0.268635275339186,0.9636443281356775,0.8743500000000001,0.918,0.952,0.99725,0.99225,0.98775,present,Wetland
0.280845969672785,0.9636443281356775,0.8743500000000001,0.918,0.952,0.99725,0.99225,0.98775,present,Wetland
0.293056664006385,0.9636443281356775,0.8743500000000001,0.918,0.952,0.99725,0.99225,0.98775,present,Wetland
0.305267358339984,0.9636443281356775,0.8743500000000001,0.918,0.952,0.99725,0.99225,0.98775,present,Wetland
0.317478052673583,0.9636443281356775,0.8743500000000001,0.918,0.952,0.99725,0.99225,0.98775,present,Wetland
0.329688747007183,0.9636443281356775,0.8743500000000001,0.918,0.952,0.99725,0.99225,0.98775,present,Wetland
0.341899441340782,0.9636443281356775,0.8743500000000001,0.918,0.952,0.99725,0.99225,0.98775,present,Wetland
0.354110135674381,0.9636443281356775,0.8743500000000001,0.918,0.952,0.99725,0.99225,0.98775,present,Wetland
0.366320830007981,0.9636443281356775,0.8743500000000001,0.918,0.952,0.99725,0.99225,0.98775,present,Wetland
0.37853152434158,0.9636443281356775,0.8743500000000001,0.918,0.952,0.99725,0.99225,0.98775,present,Wetland
0.39074221867518,0.9636443281356775,0.8743500000000001,0.918,0.952,0.99725,0.99225,0.98775,present,Wetland
0.402952913008779,0.9636443281356775,0.8743500000000001,0.918,0.952,0.99725,0.99225,0.98775,present,Wetland
0.415163607342378,0.9636443281356775,0.8743500000000001,0.918,0.952,0.99725,0.99225,0.98775,present,Wetland
0.427374301675978,0.9636443281356775,0.8743500000000001,0.918,0.952,0.99725,0.99225,0.98775,present,Wetland
0.439584996009577,0.9636443281356775,0.8743500000000001,0.918,0.952,0.99725,0.99225,0.98775,present,Wetland
0.451795690343176,0.9636443281356775,0.8743500000000001,0.918,0.952,0.99725,0.99225,0.98775,present,Wetland
0.464006384676776,0.9636443281356775,0.8743500000000001,0.918,0.952,0.99725,0.99225,0.98775,present,Wetland
0.476217079010375,0.9636443281356775,0.8743500000000001,0.918,0.952,0.99725,0.99225,0.98775,present,Wetland
0.488427773343974,0.9636443281356775,0.8743500000000001,0.918,0.952,0.99725,0.99225,0.98775,present,Wetland
0.500638467677574,0.9636443281356775,0.8743500000000001,0.918,0.952,0.99725,0.99225,0.98775,present,Wetland
0.512849162011173,0.9636443281356775,0.8743500000000001,0.918,0.952,0.99725,0.99225,0.98775,present,Wetland
0.525059856344772,0.9636443281356775,0.8743500000000001,0.918,0.952,0.99725,0.99225,0.98775,present,Wetland
0.537270550678372,0.9636443281356775,0.8743500000000001,0.918,0.952,0.99725,0.99225,0.98775,present,Wetland
0.549481245011971,0.9636443281356775,0.8743500000000001,0.918,0.952,0.99725,0.99225,0.98775,present,Wetland
0.561691939345571,0.9636443281356775,0.8743500000000001,0.918,0.952,0.99725,0.99225,0.98775,present,Wetland
0.57390263367917,0.9636443281356775,0.8743500000000001,0.918,0.952,0.99725,0.99225,0.98775,present,Wetland
0.586113328012769,0.9636443281356775,0.8743500000000001,0.918,0.952,0.99725,0.99225,0.98775,present,Wetland
0.598324022346369,0.9636443281356775,0.8743500000000001,0.918,0.952,0.99725,0.99225,0.98775,present,Wetland
0.610534716679968,0.9636443281356775,0.8743500000000001,0.918,0.952,0.99725,0.99225,0.98775,present,Wetland
0,0.025987460815047023,0,0,0,0.21175,0.08,0.02375,absent,Urban and Built-up
0.0198723064644852,0.029977554055140264,0,0,0,0.21175,0.096,0.03325,absent,Urban and Built-up
0.0397446129289705,0.030328611044128283,0,0,0,0.212,0.09675,0.0345,absent,Urban and Built-up
0.0596169193934557,0.030401294108190664,0,0,0,0.2115,0.0965,0.03475,absent,Urban and Built-up
0.079489225857941,0.03053377943895185,0,0,0,0.21175,0.097,0.035,absent,Urban and Built-up
0.0993615323224262,0.03071294510087614,0,0,0,0.2125,0.09775,0.03525,absent,Urban and Built-up
0.119233838786911,0.030672695120970983,0,0,0,0.21225,0.09775,0.03525,absent,Urban and Built-up
0.139106145251397,0.030693694236797686,0,0,0,0.21225,0.09775,0.03525,absent,Urban and Built-up
0.158978451715882,0.0306996222168636,0,0,0,0.21225,0.09775,0.03525,absent,Urban and Built-up
0.178850758180367,0.030695964954585646,0,0,0,0.212,0.09775,0.03525,absent,Urban and Built-up
0.198723064644852,0.030696949602122017,0,0,0,0.212,0.09775,0.0355,absent,Urban and Built-up
0.218595371109338,0.030561208906036492,0,0,0,0.21025,0.0975,0.0355,absent,Urban and Built-up
0.238467677573823,0.030599268547544408,0,0,0,0.21025,0.0975,0.0355,absent,Urban and Built-up
0.258339984038308,0.03060403102644482,0,0,2.5e-4,0.21025,0.0975,0.0355,absent,Urban and Built-up
0.278212290502793,0.03058664898320071,0,0,2.5e-4,0.21025,0.0975,0.0355,absent,Urban and Built-up
0.298084596967279,0.030579917209227554,0,0,2.5e-4,0.21025,0.0975,0.0355,absent,Urban and Built-up
0.317956903431764,0.030579394743187844,0,0,2.5e-4,0.21025,0.0975,0.0355,absent,Urban and Built-up
0.337829209896249,0.030579394743187844,0,0,2.5e-4,0.21025,0.0975,0.0355,absent,Urban and Built-up
0.357701516360734,0.030568664094526164,0,0,2.5e-4,0.21025,0.0975,0.0355,absent,Urban and Built-up
0.37757382282522,0.030570191302949926,0,0,2.5e-4,0.21025,0.0975,0.0355,absent,Urban and Built-up
0.397446129289705,0.03057224097741339,0,0,2.5e-4,0.21025,0.0975,0.0355,absent,Urban and Built-up
0.41731843575419,0.03057260268467165,0,0,2.5e-4,0.21025,0.0975,0.0355,absent,Urban and Built-up
0.437190742218675,0.03057599871392975,0,0,2.5e-4,0.21025,0.0975,0.0355,absent,Urban and Built-up
0.45706304868316,0.030581645366128125,0,0,2.5e-4,0.21025,0.0975,0.0355,absent,Urban and Built-up
0.476935355147646,0.03058154489188972,0,0,2.5e-4,0.21025,0.0975,0.0355,absent,Urban and Built-up
0.496807661612131,0.030586829836829837,0,0,2.5e-4,0.21025,0.0975,0.0355,absent,Urban and Built-up
0.516679968076616,0.030611325456153044,0,0,2.5e-4,0.21025,0.0975,0.0355,absent,Urban and Built-up
0.536552274541101,0.030619664817940682,0,0,2.5e-4,0.21025,0.0975,0.0355,absent,Urban and Built-up
0.556424581005587,0.030619664817940682,0,0,2.5e-4,0.21025,0.0975,0.0355,absent,Urban and Built-up
0.576296887470072,0.030623804356562978,0,0,2.5e-4,0.21025,0.0975,0.0355,absent,Urban and Built-up
0.596169193934557,0.030624467486536452,0,0,2.5e-4,0.21025,0.0975,0.0355,absent,Urban and Built-up
0.616041500399042,0.030626095169198616,0,0,2.5e-4,0.21025,0.0975,0.0355,absent,Urban and Built-up
0.635913806863528,0.030694839643115507,0,0,2.5e-4,0.21025,0.0975,0.0355,absent,Urban and Built-up
0.655786113328013,0.030730367333815612,0,0,2.5e-4,0.21025,0.0975,0.0355,absent,Urban and Built-up
0.675658419792498,0.030756289687324172,0,0,2.5e-4,0.21025,0.09775,0.0355,absent,Urban and Built-up
0.695530726256983,0.030816031669479944,0,0,2.5e-4,0.21025,0.09775,0.03575,absent,Urban and Built-up
0.715403032721469,0.03124658387589422,0,0,2.5e-4,0.21025,0.09775,0.0365,absent,Urban and Built-up
0.735275339185954,0.03253315649867374,0,0,2.5e-4,0.21025,0.098,0.04075,absent,Urban and Built-up
0.755147645650439,0.03235429225946467,0,0,2.5e-4,0.21025,0.098,0.03975,absent,Urban and Built-up
0.775019952114924,0.03233737239771723,0,0,2.5e-4,0.21025,0.098,0.03975,absent,Urban and Built-up
0.794892258579409,0.032270295796157866,0,0,2.5e-4,0.21025,0.098,0.0395,absent,Urban and Built-up
0.814764565043895,0.032261695201350374,0,0,2.5e-4,0.21025,0.098,0.0395,absent,Urban and Built-up
0.83463687150838,0.03226163491680733,0,0,2.5e-4,0.21025,0.098,0.0395,absent,Urban and Built-up
0.854509177972865,0.03226163491680733,0,0,2.5e-4,0.21025,0.098,0.0395,absent,Urban and Built-up
0.87438148443735,0.03226163491680733,0,0,2.5e-4,0.21025,0.098,0.0395,absent,Urban and Built-up
0.894253790901836,0.03226163491680733,0,0,2.5e-4,0.21025,0.098,0.0395,absent,Urban and Built-up
0.914126097366321,0.03226163491680733,0,0,2.5e-4,0.21025,0.098,0.0395,absent,Urban and Built-up
0.933998403830806,0.03226163491680733,0,0,2.5e-4,0.21025,0.098,0.0395,absent,Urban and Built-up
0.953870710295291,0.03226163491680733,0,0,2.5e-4,0.21025,0.098,0.0395,absent,Urban and Built-up
0.973743016759777,0.03226163491680733,0,0,2.5e-4,0.21025,0.098,0.0395,absent,Urban and Built-up
0.993615323224262,0.03226163491680733,0,0,2.5e-4,0.21025,0.098,0.0395,absent,Urban and Built-up
0,0.9859168789215382,0.8975,0.96325,0.98775,1,0.99975,0.99925,present,Urban and Built-up
0.0198723064644852,0.9340753711871778,0.8365,0.887,0.91025,0.99875,0.9905,0.96525,present,Urban and Built-up
0.0397446129289705,0.9295560352860781,0.831,0.87775,0.9055,0.99675,0.987,0.96225,present,Urban and Built-up
0.0596169193934557,0.9277987979126545,0.82925,0.876,0.90375,0.99625,0.9855,0.96025,present,Urban and Built-up
0.079489225857941,0.9245648878673044,0.8265,0.873,0.90075,0.99525,0.98175,0.95575,present,Urban and Built-up
0.0993615323224262,0.9179603342237683,0.8208500000000001,0.8685,0.895,0.99425,0.97075,0.94875,present,Urban and Built-up
0.119233838786911,0.9159402683729887,0.819,0.86725,0.8925,0.99375,0.96825,0.94725,present,Urban and Built-up
0.139106145251397,0.915409548363049,0.819,0.86725,0.892,0.99275,0.9673499999999999,0.9465,present,Urban and Built-up
0.158978451715882,0.9140291203329812,0.81835,0.8665,0.89075,0.992,0.9645,0.945,present,Urban and Built-up
0.178850758180367,0.9119789867677206,0.817,0.86525,0.88825,0.99175,0.9605,0.94275,present,Urban and Built-up
0.198723064644852,0.9110349754612661,0.8165,0.86475,0.88725,0.99025,0.95925,0.94175,present,Urban and Built-up
0.218595371109338,0.88862923215506,0.7965,0.837,0.85925,0.97425,0.9435,0.915,present,Urban and Built-up
0.238467677573823,0.8873992048207741,0.7956,0.8355,0.85775,0.972,0.94275,0.91425,present,Urban and Built-up
0.258339984038308,0.8830029353295645,0.7925,0.829,0.853,0.96525,0.94075,0.91175,present,Urban and Built-up
0.278212290502793,0.8812299652109089,0.791,0.826,0.85125,0.963,0.93975,0.91075,present,Urban and Built-up
0.298084596967279,0.8811372616015406,0.791,0.826,0.85125,0.96275,0.9395,0.91075,present,Urban and Built-up
0.317956903431764,0.8811253028514631,0.791,0.826,0.85125,0.9625,0.9393499999999999,0.91075,present,Urban and Built-up
0.337829209896249,0.8811253028514631,0.791,0.826,0.85125,0.9625,0.9393499999999999,0.91075,present,Urban and Built-up
0.357701516360734,0.8810878113934274,0.791,0.826,0.85125,0.9625,0.93925,0.91075,present,Urban and Built-up
0.37757382282522,0.8810879977635584,0.791,0.826,0.85125,0.9625,0.93925,0.91075,present,Urban and Built-up
0.397446129289705,0.8810807137976021,0.791,0.826,0.85125,0.9625,0.93925,0.91075,present,Urban and Built-up
0.41731843575419,0.8810632415978132,0.791,0.826,0.85125,0.9625,0.93925,0.91075,present,Urban and Built-up
0.437190742218675,0.8810587687146674,0.791,0.826,0.85125,0.9625,0.93925,0.91075,present,Urban and Built-up
0.45706304868316,0.881058504690315,0.791,0.826,0.85125,0.9625,0.93925,0.91075,present,Urban and Built-up
0.476935355147646,0.8810579455799218,0.791,0.826,0.85125,0.9625,0.93925,0.91075,present,Urban and Built-up
0.496807661612131,0.8810536280052184,0.791,0.826,0.85125,0.9625,0.93925,0.91075,present,Urban and Built-up
0.516679968076616,0.8810560042243897,0.791,0.826,0.85125,0.9625,0.93925,0.91075,present,Urban and Built-up
0.536552274541101,0.8810561129402994,0.791,0.826,0.85125,0.9625,0.93925,0.91075,present,Urban and Built-up
0.556424581005587,0.8810561129402994,0.791,0.826,0.85125,0.9625,0.93925,0.91075,present,Urban and Built-up
0.576296887470072,0.8810562837795862,0.791,0.826,0.85125,0.9625,0.93925,0.91075,present,Urban and Built-up
0.596169193934557,0.8810536901285955,0.791,0.826,0.85125,0.9625,0.93925,0.91075,present,Urban and Built-up
0.616041500399042,0.8810490619370069,0.791,0.826,0.85125,0.9625,0.93925,0.91075,present,Urban and Built-up
0.635913806863528,0.8810500869727278,0.791,0.826,0.85125,0.9625,0.93925,0.91075,present,Urban and Built-up
0.655786113328013,0.8810506616139653,0.791,0.826,0.85125,0.9625,0.93925,0.91075,present,Urban and Built-up
0.675658419792498,0.8810512051935143,0.791,0.826,0.85125,0.9625,0.93925,0.91075,present,Urban and Built-up
0.695530726256983,0.8810522302292353,0.791,0.826,0.85125,0.9625,0.93925,0.91075,present,Urban and Built-up
0.715403032721469,0.8810669379387464,0.791,0.826,0.85125,0.9625,0.93925,0.91075,present,Urban and Built-up
0.735275339185954,0.8811130490153445,0.791,0.826,0.85125,0.9625,0.93925,0.91075,present,Urban and Built-up
0.755147645650439,0.8811120705721563,0.791,0.826,0.85125,0.9625,0.93925,0.91075,present,Urban and Built-up
0.775019952114924,0.8811118997328695,0.791,0.826,0.85125,0.9625,0.93925,0.91075,present,Urban and Built-up
0.794892258579409,0.8811111542523452,0.791,0.826,0.85125,0.9625,0.93925,0.91075,present,Urban and Built-up
0.814764565043895,0.8811110300055911,0.791,0.826,0.85125,0.9625,0.93925,0.91075,present,Urban and Built-up
0.83463687150838,0.8811110144747469,0.791,0.826,0.85125,0.9625,0.93925,0.91075,present,Urban and Built-up
0.854509177972865,0.8811110144747469,0.791,0.826,0.85125,0.9625,0.93925,0.91075,present,Urban and Built-up
0.87438148443735,0.8811110144747469,0.791,0.826,0.85125,0.9625,0.93925,0.91075,present,Urban and Built-up
0.894253790901836,0.8811110144747469,0.791,0.826,0.85125,0.9625,0.93925,0.91075,present,Urban and Built-up
0.914126097366321,0.8811110144747469,0.791,0.826,0.85125,0.9625,0.93925,0.91075,present,Urban and Built-up
0.933998403830806,0.8811110144747469,0.791,0.826,0.85125,0.9625,0.93925,0.91075,present,Urban and Built-up
0.953870710295291,0.8811110144747469,0.791,0.826,0.85125,0.9625,0.93925,0.91075,present,Urban and Built-up
0.973743016759777,0.8811110144747469,0.791,0.826,0.85125,0.9625,0.93925,0.91075,present,Urban and Built-up
0.993615323224262,0.8811110144747469,0.791,0.826,0.85125,0.9625,0.93925,0.91075,present,Urban and Built-up
0,0.02625952495780082,0,0,0,0.21175,0.0815,0.02425,absent,Abies amabilis
1,0.03196967687484929,0,0,2.5e-4,0.24075,0.09975,0.033,absent,Abies amabilis
0,0.9865217431819593,0.90235,0.96475,0.98825,1,0.99975,0.99925,present,Abies amabilis
1,0.9270445424613282,0.76535,0.838,0.92075,0.9745,0.969,0.962,present,Abies amabilis
0,0.026322904107386864,0,0,0,0.2185,0.08,0.02375,absent,Abies magnifica
1,0.027847821718511374,0,2.5e-4,5e-4,0.2075,0.0815,0.02775,absent,Abies magnifica
0,0.9857035161831398,0.90125,0.961,0.987,1,0.99975,0.99925,present,Abies magnifica
1,0.9209524134931975,0.8485,0.88325,0.895,0.99375,0.97525,0.9555,present,Abies magnifica
0,0.02579213889558717,0,0,0,0.20975,0.08025,0.02375,absent,Tropical or sub-tropical shrubland
0.02,0.026387127240575518,0,0,0,0.20925,0.0815,0.02525,absent,Tropical or sub-tropical shrubland
0.04,0.02644913994051925,0,0,0,0.20925,0.08125,0.02525,absent,Tropical or sub-tropical shrubland
0.06,0.026443332529539426,0,0,0,0.20925,0.08125,0.02525,absent,Tropical or sub-tropical shrubland
0.08,0.02646529619805482,0,0,0,0.209,0.08125,0.02525,absent,Tropical or sub-tropical shrubland
0.1,0.026503757736516358,0,0,0,0.209,0.08125,0.02525,absent,Tropical or sub-tropical shrubland
0.12,0.026474379069206657,0,0,0,0.209,0.08125,0.02525,absent,Tropical or sub-tropical shrubland
0.14,0.026465456956836268,0,0,0,0.20875,0.08125,0.0255,absent,Tropical or sub-tropical shrubland
0.16,0.02645504782573748,0,0,0,0.2085,0.08125,0.02525,absent,Tropical or sub-tropical shrubland
0.18,0.02643846957640061,0,0,0,0.208,0.08125,0.02525,absent,Tropical or sub-tropical shrubland
0.2,0.02639922433887951,0,0,0,0.2075,0.081,0.02525,absent,Tropical or sub-tropical shrubland
0.22,0.026378426171529617,0,0,0,0.2075,0.081,0.02525,absent,Tropical or sub-tropical shrubland
0.24,0.02634589261313399,0,0,0,0.20725,0.08075,0.02525,absent,Tropical or sub-tropical shrubland
0.26,0.02634161241057793,0,0,0,0.20725,0.08075,0.02525,absent,Tropical or sub-tropical shrubland
0.28,0.026324551884896713,0,0,0,0.20725,0.08075,0.02525,absent,Tropical or sub-tropical shrubland
0.3,0.026318081343943412,0,0,0,0.20725,0.08075,0.02525,absent,Tropical or sub-tropical shrubland
0.32,0.026316956032473273,0,0,0,0.20725,0.08075,0.02525,absent,Tropical or sub-tropical shrubland
0.34,0.026308476006751867,0,0,0,0.20725,0.08075,0.02525,absent,Tropical or sub-tropical shrubland
0.36,0.02630542158990435,0,0,0,0.20725,0.08075,0.02525,absent,Tropical or sub-tropical shrubland
0.38,0.026305240736275222,0,0,0,0.20725,0.08075,0.02525,absent,Tropical or sub-tropical shrubland
0.4,0.026305039787798412,0,0,0,0.20725,0.08075,0.02525,absent,Tropical or sub-tropical shrubland
0.42,0.02630309058757335,0,0,0,0.207,0.08075,0.02525,absent,Tropical or sub-tropical shrubland
0.44,0.026302548026685958,0,0,0,0.207,0.08075,0.02525,absent,Tropical or sub-tropical shrubland
0.46,0.02630204565549393,0,0,0,0.207,0.08075,0.02525,absent,Tropical or sub-tropical shrubland
0.48,0.02630148299975886,0,0,0,0.207,0.08075,0.02525,absent,Tropical or sub-tropical shrubland
0.5,0.0263014428100635,0,0,0,0.207,0.08075,0.02525,absent,Tropical or sub-tropical shrubland
0.52,0.0263014428100635,0,0,0,0.207,0.08075,0.02525,absent,Tropical or sub-tropical shrubland
0.54,0.0263014428100635,0,0,0,0.207,0.08075,0.02525,absent,Tropical or sub-tropical shrubland
0.56,0.0263014428100635,0,0,0,0.207,0.08075,0.02525,absent,Tropical or sub-tropical shrubland
0.58,0.0263014428100635,0,0,0,0.207,0.08075,0.02525,absent,Tropical or sub-tropical shrubland
0.6,0.0263014428100635,0,0,0,0.207,0.08075,0.02525,absent,Tropical or sub-tropical shrubland
0.62,0.0263014428100635,0,0,0,0.207,0.08075,0.02525,absent,Tropical or sub-tropical shrubland
0.64,0.0263014428100635,0,0,0,0.207,0.08075,0.02525,absent,Tropical or sub-tropical shrubland
0.66,0.0263014428100635,0,0,0,0.207,0.08075,0.02525,absent,Tropical or sub-tropical shrubland
0.68,0.0263014428100635,0,0,0,0.207,0.08075,0.02525,absent,Tropical or sub-tropical shrubland
0.7,0.0263014428100635,0,0,0,0.207,0.08075,0.02525,absent,Tropical or sub-tropical shrubland
0.72,0.0263014428100635,0,0,0,0.207,0.08075,0.02525,absent,Tropical or sub-tropical shrubland
0.74,0.0263014428100635,0,0,0,0.207,0.08075,0.02525,absent,Tropical or sub-tropical shrubland
0.76,0.0263014428100635,0,0,0,0.207,0.08075,0.02525,absent,Tropical or sub-tropical shrubland
0.78,0.0263014428100635,0,0,0,0.207,0.08075,0.02525,absent,Tropical or sub-tropical shrubland
0.8,0.0263014428100635,0,0,0,0.207,0.08075,0.02525,absent,Tropical or sub-tropical shrubland
0.82,0.0263014428100635,0,0,0,0.207,0.08075,0.02525,absent,Tropical or sub-tropical shrubland
0.84,0.0263014428100635,0,0,0,0.207,0.08075,0.02525,absent,Tropical or sub-tropical shrubland
0.86,0.0263014428100635,0,0,0,0.207,0.08075,0.02525,absent,Tropical or sub-tropical shrubland
0.88,0.0263014428100635,0,0,0,0.207,0.08075,0.02525,absent,Tropical or sub-tropical shrubland
0.9,0.0263014428100635,0,0,0,0.207,0.08075,0.02525,absent,Tropical or sub-tropical shrubland
0.92,0.0263014428100635,0,0,0,0.207,0.08075,0.02525,absent,Tropical or sub-tropical shrubland
0.94,0.0263014428100635,0,0,0,0.207,0.08075,0.02525,absent,Tropical or sub-tropical shrubland
0.96,0.0263014428100635,0,0,0,0.207,0.08075,0.02525,absent,Tropical or sub-tropical shrubland
0.98,0.0263014428100635,0,0,0,0.207,0.08075,0.02525,absent,Tropical or sub-tropical shrubland
1,0.0263014428100635,0,0,0,0.207,0.08075,0.02525,absent,Tropical or sub-tropical shrubland
0,0.9865672951481643,0.9040999999999999,0.965,0.98825,1,0.99975,0.99925,present,Tropical or sub-tropical shrubland
0.02,0.9754440268372989,0.895,0.95175,0.97325,0.99225,0.99075,0.9895,present,Tropical or sub-tropical shrubland
0.04,0.9746424178418338,0.89385,0.95,0.972,0.99175,0.9905,0.98875,present,Tropical or sub-tropical shrubland
0.06,0.9742963285084177,0.89375,0.9495,0.9715,0.99175,0.99025,0.98875,present,Tropical or sub-tropical shrubland
0.08,0.9729961172889358,0.89325,0.94875,0.97,0.9905,0.98875,0.987,present,Tropical or sub-tropical shrubland
0.1,0.9729571659315401,0.893,0.94875,0.97,0.9905,0.98875,0.987,present,Tropical or sub-tropical shrubland
0.12,0.9706436913710629,0.892,0.94725,0.96775,0.98875,0.9865,0.98425,present,Tropical or sub-tropical shrubland
0.14,0.9698041249922346,0.8915,0.9465,0.96675,0.98825,0.98575,0.9835,present,Tropical or sub-tropical shrubland
0.16,0.9694204665465614,0.8911,0.946,0.9665,0.988,0.98575,0.98325,present,Tropical or sub-tropical shrubland
0.18,0.9686532739019693,0.89075,0.94525,0.9655,0.9875,0.985,0.9825,present,Tropical or sub-tropical shrubland
0.2,0.9664727899608623,0.8895,0.943,0.9635,0.98625,0.98325,0.9805,present,Tropical or sub-tropical shrubland
0.22,0.9658495993042182,0.8886000000000001,0.94175,0.9625,0.986,0.983,0.98025,present,Tropical or sub-tropical shrubland
0.24,0.9646747219978878,0.88725,0.939,0.9615,0.98525,0.98225,0.9795,present,Tropical or sub-tropical shrubland
0.26,0.964580838044356,0.887,0.93825,0.9615,0.98525,0.98225,0.9795,present,Tropical or sub-tropical shrubland
0.28,0.9643083027893397,0.8866,0.93775,0.96125,0.98525,0.98225,0.97925,present,Tropical or sub-tropical shrubland
0.3,0.9639907591476672,0.88625,0.93725,0.961,0.985,0.982,0.979,present,Tropical or sub-tropical shrubland
0.32,0.9639737684040505,0.8861,0.937,0.961,0.985,0.982,0.979,present,Tropical or sub-tropical shrubland
0.34,0.9633300615021433,0.886,0.93625,0.96025,0.985,0.9815,0.97825,present,Tropical or sub-tropical shrubland
0.36,0.9632642107224949,0.886,0.93625,0.96025,0.985,0.9815,0.97825,present,Tropical or sub-tropical shrubland
0.38,0.9632614462322172,0.886,0.93625,0.96025,0.985,0.9815,0.97825,present,Tropical or sub-tropical shrubland
0.4,0.9632596757159719,0.886,0.93625,0.96025,0.985,0.9815,0.97825,present,Tropical or sub-tropical shrubland
0.42,0.9631096477604523,0.886,0.936,0.96025,0.98475,0.98125,0.978,present,Tropical or sub-tropical shrubland
0.44,0.9630882462570666,0.886,0.936,0.96025,0.98475,0.98125,0.978,present,Tropical or sub-tropical shrubland
0.46,0.9630806827359135,0.886,0.936,0.96,0.98475,0.98125,0.978,present,Tropical or sub-tropical shrubland
0.48,0.9630717680313102,0.886,0.936,0.96,0.98475,0.98125,0.978,present,Tropical or sub-tropical shrubland
0.5,0.963071752500466,0.886,0.936,0.96,0.98475,0.98125,0.978,present,Tropical or sub-tropical shrubland
0.52,0.963071752500466,0.886,0.936,0.96,0.98475,0.98125,0.978,present,Tropical or sub-tropical shrubland
0.54,0.963071752500466,0.886,0.936,0.96,0.98475,0.98125,0.978,present,Tropical or sub-tropical shrubland
0.56,0.963071752500466,0.886,0.936,0.96,0.98475,0.98125,0.978,present,Tropical or sub-tropical shrubland
0.58,0.963071752500466,0.886,0.936,0.96,0.98475,0.98125,0.978,present,Tropical or sub-tropical shrubland
0.6,0.963071752500466,0.886,0.936,0.96,0.98475,0.98125,0.978,present,Tropical or sub-tropical shrubland
0.62,0.963071752500466,0.886,0.936,0.96,0.98475,0.98125,0.978,present,Tropical or sub-tropical shrubland
0.64,0.963071752500466,0.886,0.936,0.96,0.98475,0.98125,0.978,present,Tropical or sub-tropical shrubland
0.66,0.963071752500466,0.886,0.936,0.96,0.98475,0.98125,0.978,present,Tropical or sub-tropical shrubland
0.68,0.963071752500466,0.886,0.936,0.96,0.98475,0.98125,0.978,present,Tropical or sub-tropical shrubland
0.7,0.963071752500466,0.886,0.936,0.96,0.98475,0.98125,0.978,present,Tropical or sub-tropical shrubland
0.72,0.963071752500466,0.886,0.936,0.96,0.98475,0.98125,0.978,present,Tropical or sub-tropical shrubland
0.74,0.963071752500466,0.886,0.936,0.96,0.98475,0.98125,0.978,present,Tropical or sub-tropical shrubland
0.76,0.963071752500466,0.886,0.936,0.96,0.98475,0.98125,0.978,present,Tropical or sub-tropical shrubland
0.78,0.963071752500466,0.886,0.936,0.96,0.98475,0.98125,0.978,present,Tropical or sub-tropical shrubland
0.8,0.963071752500466,0.886,0.936,0.96,0.98475,0.98125,0.978,present,Tropical or sub-tropical shrubland
0.82,0.963071752500466,0.886,0.936,0.96,0.98475,0.98125,0.978,present,Tropical or sub-tropical shrubland
0.84,0.963071752500466,0.886,0.936,0.96,0.98475,0.98125,0.978,present,Tropical or sub-tropical shrubland
0.86,0.963071752500466,0.886,0.936,0.96,0.98475,0.98125,0.978,present,Tropical or sub-tropical shrubland
0.88,0.963071752500466,0.886,0.936,0.96,0.98475,0.98125,0.978,present,Tropical or sub-tropical shrubland
0.9,0.963071752500466,0.886,0.936,0.96,0.98475,0.98125,0.978,present,Tropical or sub-tropical shrubland
0.92,0.963071752500466,0.886,0.936,0.96,0.98475,0.98125,0.978,present,Tropical or sub-tropical shrubland
0.94,0.963071752500466,0.886,0.936,0.96,0.98475,0.98125,0.978,present,Tropical or sub-tropical shrubland
0.96,0.963071752500466,0.886,0.936,0.96,0.98475,0.98125,0.978,present,Tropical or sub-tropical shrubland
0.98,0.963071752500466,0.886,0.936,0.96,0.98475,0.98125,0.978,present,Tropical or sub-tropical shrubland
1,0.963071752500466,0.886,0.936,0.96,0.98475,0.98125,0.978,present,Tropical or sub-tropical shrubland
0,0.025728578892371994,0,0,0,0.20975,0.0795,0.02375,absent,Sub-polar or polar grassland-lichen-moss
0.00297297297297297,0.026526485009243633,0,0,0,0.20925,0.08025,0.0255,absent,Sub-polar or polar grassland-lichen-moss
0.00594594594594595,0.026476448838517807,0,0,0,0.20925,0.08025,0.02525,absent,Sub-polar or polar grassland-lichen-moss
0.00891891891891892,0.02646738606221365,0,0,0,0.20925,0.08025,0.02525,absent,Sub-polar or polar grassland-lichen-moss
0.0118918918918919,0.02643830881761916,0,0,0,0.20925,0.08025,0.02525,absent,Sub-polar or polar grassland-lichen-moss
0.0148648648648649,0.02662193553572864,0,0,0,0.20925,0.081,0.02575,absent,Sub-polar or polar grassland-lichen-moss
0.0178378378378378,0.026650208986415885,0,0,0,0.20925,0.081,0.02575,absent,Sub-polar or polar grassland-lichen-moss
0.0208108108108108,0.026695663531870428,0,0,0,0.20925,0.08125,0.02575,absent,Sub-polar or polar grassland-lichen-moss
0.0237837837837838,0.026827847439916404,0,0,0,0.20925,0.08125,0.02625,absent,Sub-polar or polar grassland-lichen-moss
0.0267567567567568,0.02695997106341934,0,0,0,0.20925,0.0815,0.0265,absent,Sub-polar or polar grassland-lichen-moss
0.0297297297297297,0.026943794711036095,0,0,0,0.20925,0.0815,0.0265,absent,Sub-polar or polar grassland-lichen-moss
0.0327027027027027,0.026943412908930153,0,0,0,0.20925,0.0815,0.0265,absent,Sub-polar or polar grassland-lichen-moss
0.0356756756756757,0.02693579696165903,0,0,0,0.20925,0.0815,0.0265,absent,Sub-polar or polar grassland-lichen-moss
0.0386486486486486,0.026926513142030383,0,0,0,0.20925,0.0815,0.0265,absent,Sub-polar or polar grassland-lichen-moss
0.0416216216216216,0.02692643276263966,0,0,0,0.20925,0.0815,0.0265,absent,Sub-polar or polar grassland-lichen-moss
0.0445945945945946,0.02692643276263966,0,0,0,0.20925,0.0815,0.0265,absent,Sub-polar or polar grassland-lichen-moss
0.0475675675675676,0.026924825174825175,0,0,0,0.20925,0.0815,0.0265,absent,Sub-polar or polar grassland-lichen-moss
0.0505405405405405,0.026924342898480832,0,0,0,0.20925,0.0815,0.0265,absent,Sub-polar or polar grassland-lichen-moss
0.0535135135135135,0.026924342898480832,0,0,0,0.20925,0.0815,0.0265,absent,Sub-polar or polar grassland-lichen-moss
0.0564864864864865,0.026924342898480832,0,0,0,0.20925,0.0815,0.0265,absent,Sub-polar or polar grassland-lichen-moss
0.0594594594594595,0.026924342898480832,0,0,0,0.20925,0.0815,0.0265,absent,Sub-polar or polar grassland-lichen-moss
0.0624324324324324,0.02692432280363315,0,0,0,0.20925,0.0815,0.0265,absent,Sub-polar or polar grassland-lichen-moss
0.0654054054054054,0.02692432280363315,0,0,0,0.20925,0.0815,0.0265,absent,Sub-polar or polar grassland-lichen-moss
0.0683783783783784,0.02692432280363315,0,0,0,0.20925,0.0815,0.0265,absent,Sub-polar or polar grassland-lichen-moss
0.0713513513513513,0.02692432280363315,0,0,0,0.20925,0.0815,0.0265,absent,Sub-polar or polar grassland-lichen-moss
0.0743243243243243,0.02692428261393779,0,0,0,0.20925,0.0815,0.0265,absent,Sub-polar or polar grassland-lichen-moss
0.0772972972972973,0.02692410176030866,0,0,0,0.20925,0.0815,0.0265,absent,Sub-polar or polar grassland-lichen-moss
0.0802702702702703,0.02692410176030866,0,0,0,0.20925,0.0815,0.0265,absent,Sub-polar or polar grassland-lichen-moss
0.0832432432432432,0.02692410176030866,0,0,0,0.20925,0.0815,0.0265,absent,Sub-polar or polar grassland-lichen-moss
0.0862162162162162,0.02692410176030866,0,0,0,0.20925,0.0815,0.0265,absent,Sub-polar or polar grassland-lichen-moss
0.0891891891891892,0.02692410176030866,0,0,0,0.20925,0.0815,0.0265,absent,Sub-polar or polar grassland-lichen-moss
0.0921621621621622,0.02692410176030866,0,0,0,0.20925,0.0815,0.0265,absent,Sub-polar or polar grassland-lichen-moss
0.0951351351351351,0.02692410176030866,0,0,0,0.20925,0.0815,0.0265,absent,Sub-polar or polar grassland-lichen-moss
0.0981081081081081,0.02692410176030866,0,0,0,0.20925,0.0815,0.0265,absent,Sub-polar or polar grassland-lichen-moss
0.101081081081081,0.02692410176030866,0,0,0,0.20925,0.0815,0.0265,absent,Sub-polar or polar grassland-lichen-moss
0.104054054054054,0.02692410176030866,0,0,0,0.20925,0.0815,0.0265,absent,Sub-polar or polar grassland-lichen-moss
0.107027027027027,0.02692410176030866,0,0,0,0.20925,0.0815,0.0265,absent,Sub-polar or polar grassland-lichen-moss
0.11,0.02692410176030866,0,0,0,0.20925,0.0815,0.0265,absent,Sub-polar or polar grassland-lichen-moss
0.112972972972973,0.02692410176030866,0,0,0,0.20925,0.0815,0.0265,absent,Sub-polar or polar grassland-lichen-moss
0.115945945945946,0.02692410176030866,0,0,0,0.20925,0.0815,0.0265,absent,Sub-polar or polar grassland-lichen-moss
0.118918918918919,0.02692410176030866,0,0,0,0.20925,0.0815,0.0265,absent,Sub-polar or polar grassland-lichen-moss
0.121891891891892,0.02692410176030866,0,0,0,0.20925,0.0815,0.0265,absent,Sub-polar or polar grassland-lichen-moss
0.124864864864865,0.02692410176030866,0,0,0,0.20925,0.0815,0.0265,absent,Sub-polar or polar grassland-lichen-moss
0.127837837837838,0.02692410176030866,0,0,0,0.20925,0.0815,0.0265,absent,Sub-polar or polar grassland-lichen-moss
0.130810810810811,0.02692410176030866,0,0,0,0.20925,0.0815,0.0265,absent,Sub-polar or polar grassland-lichen-moss
0.133783783783784,0.02692410176030866,0,0,0,0.20925,0.0815,0.0265,absent,Sub-polar or polar grassland-lichen-moss
0.136756756756757,0.02692410176030866,0,0,0,0.20925,0.0815,0.0265,absent,Sub-polar or polar grassland-lichen-moss
0.13972972972973,0.02692410176030866,0,0,0,0.20925,0.0815,0.0265,absent,Sub-polar or polar grassland-lichen-moss
0.142702702702703,0.02692410176030866,0,0,0,0.20925,0.0815,0.0265,absent,Sub-polar or polar grassland-lichen-moss
0.145675675675676,0.02692410176030866,0,0,0,0.20925,0.0815,0.0265,absent,Sub-polar or polar grassland-lichen-moss
0.148648648648649,0.02692410176030866,0,0,0,0.20925,0.0815,0.0265,absent,Sub-polar or polar grassland-lichen-moss
0,0.9865906690687706,0.90385,0.965,0.98825,1,0.99975,0.99925,present,Sub-polar or polar grassland-lichen-moss
0.00297297297297297,0.979974343045288,0.8971,0.95825,0.9805,0.99525,0.99425,0.99325,present,Sub-polar or polar grassland-lichen-moss
0.00594594594594595,0.9794119556439088,0.89575,0.957,0.97925,0.99475,0.994,0.993,present,Sub-polar or polar grassland-lichen-moss
0.00891891891891892,0.9792180219916755,0.89525,0.9565,0.9785,0.99475,0.994,0.99275,present,Sub-polar or polar grassland-lichen-moss
0.0118918918918919,0.9789525222091072,0.895,0.9555,0.9775,0.99475,0.994,0.99275,present,Sub-polar or polar grassland-lichen-moss
0.0148648648648649,0.9787527489594334,0.895,0.95525,0.97725,0.99475,0.99375,0.9925,present,Sub-polar or polar grassland-lichen-moss
0.0178378378378378,0.9786627166552774,0.89485,0.955,0.97725,0.99475,0.99375,0.9925,present,Sub-polar or polar grassland-lichen-moss
0.0208108108108108,0.9782420948002734,0.89435,0.95425,0.977,0.99475,0.99325,0.99225,present,Sub-polar or polar grassland-lichen-moss
0.0237837837837838,0.9782081599055724,0.8941000000000001,0.95425,0.97675,0.99475,0.99325,0.992,present,Sub-polar or polar grassland-lichen-moss
0.0267567567567568,0.9781342175560663,0.89385,0.954,0.97675,0.99475,0.99325,0.992,present,Sub-polar or polar grassland-lichen-moss
0.0297297297297297,0.9781330682735914,0.89385,0.954,0.97675,0.99475,0.99325,0.992,present,Sub-polar or polar grassland-lichen-moss
0.0327027027027027,0.9781218084115053,0.89375,0.95375,0.97675,0.99475,0.99325,0.992,present,Sub-polar or polar grassland-lichen-moss
0.0356756756756757,0.9780989004162267,0.8935,0.95375,0.97675,0.99475,0.99325,0.992,present,Sub-polar or polar grassland-lichen-moss
0.0386486486486486,0.9780627135491086,0.8935,0.9535,0.9765,0.99475,0.99325,0.992,present,Sub-polar or polar grassland-lichen-moss
0.0416216216216216,0.9780600111822079,0.8935,0.9535,0.9765,0.99475,0.99325,0.992,present,Sub-polar or polar grassland-lichen-moss
0.0445945945945946,0.9780600111822079,0.8935,0.9535,0.9765,0.99475,0.99325,0.992,present,Sub-polar or polar grassland-lichen-moss
0.0475675675675676,0.9780463751009505,0.8935,0.9535,0.9765,0.99475,0.99325,0.992,present,Sub-polar or polar grassland-lichen-moss
0.0505405405405405,0.9780454277194509,0.8935,0.9535,0.9765,0.99475,0.99325,0.992,present,Sub-polar or polar grassland-lichen-moss
0.0535135135135135,0.9780454277194509,0.8935,0.9535,0.9765,0.99475,0.99325,0.992,present,Sub-polar or polar grassland-lichen-moss
0.0564864864864865,0.9780454277194509,0.8935,0.9535,0.9765,0.99475,0.99325,0.992,present,Sub-polar or polar grassland-lichen-moss
0.0594594594594595,0.9780454277194509,0.8935,0.9535,0.9765,0.99475,0.99325,0.992,present,Sub-polar or polar grassland-lichen-moss
0.0624324324324324,0.9780453655960738,0.8935,0.9535,0.9765,0.99475,0.99325,0.992,present,Sub-polar or polar grassland-lichen-moss
0.0654054054054054,0.9780453655960738,0.8935,0.9535,0.9765,0.99475,0.99325,0.992,present,Sub-polar or polar grassland-lichen-moss
0.0683783783783784,0.9780453655960738,0.8935,0.9535,0.9765,0.99475,0.99325,0.992,present,Sub-polar or polar grassland-lichen-moss
0.0713513513513513,0.9780453655960738,0.8935,0.9535,0.9765,0.99475,0.99325,0.992,present,Sub-polar or polar grassland-lichen-moss
0.0743243243243243,0.9780453500652295,0.8935,0.9535,0.9765,0.99475,0.99325,0.992,present,Sub-polar or polar grassland-lichen-moss
0.0772972972972973,0.9780452102876313,0.8935,0.9535,0.9765,0.99475,0.99325,0.992,present,Sub-polar or polar grassland-lichen-moss
0.0802702702702703,0.9780452102876313,0.8935,0.9535,0.9765,0.99475,0.99325,0.992,present,Sub-polar or polar grassland-lichen-moss
0.0832432432432432,0.9780452102876313,0.8935,0.9535,0.9765,0.99475,0.99325,0.992,present,Sub-polar or polar grassland-lichen-moss
0.0862162162162162,0.9780452102876313,0.8935,0.9535,0.9765,0.99475,0.99325,0.992,present,Sub-polar or polar grassland-lichen-moss
0.0891891891891892,0.9780452102876313,0.8935,0.9535,0.9765,0.99475,0.99325,0.992,present,Sub-polar or polar grassland-lichen-moss
0.0921621621621622,0.9780452102876313,0.8935,0.9535,0.9765,0.99475,0.99325,0.992,present,Sub-polar or polar grassland-lichen-moss
0.0951351351351351,0.9780452102876313,0.8935,0.9535,0.9765,0.99475,0.99325,0.992,present,Sub-polar or polar grassland-lichen-moss
0.0981081081081081,0.9780452102876313,0.8935,0.9535,0.9765,0.99475,0.99325,0.992,present,Sub-polar or polar grassland-lichen-moss
0.101081081081081,0.9780452102876313,0.8935,0.9535,0.9765,0.99475,0.99325,0.992,present,Sub-polar or polar grassland-lichen-moss
0.104054054054054,0.9780452102876313,0.8935,0.9535,0.9765,0.99475,0.99325,0.992,present,Sub-polar or polar grassland-lichen-moss
0.107027027027027,0.9780452102876313,0.8935,0.9535,0.9765,0.99475,0.99325,0.992,present,Sub-polar or polar grassland-lichen-moss
0.11,0.9780452102876313,0.8935,0.9535,0.9765,0.99475,0.99325,0.992,present,Sub-polar or polar grassland-lichen-moss
0.112972972972973,0.9780452102876313,0.8935,0.9535,0.9765,0.99475,0.99325,0.992,present,Sub-polar or polar grassland-lichen-moss
0.115945945945946,0.9780452102876313,0.8935,0.9535,0.9765,0.99475,0.99325,0.992,present,Sub-polar or polar grassland-lichen-moss
0.118918918918919,0.9780452102876313,0.8935,0.9535,0.9765,0.99475,0.99325,0.992,present,Sub-polar or polar grassland-lichen-moss
0.121891891891892,0.9780452102876313,0.8935,0.9535,0.9765,0.99475,0.99325,0.992,present,Sub-polar or polar grassland-lichen-moss
0.124864864864865,0.9780452102876313,0.8935,0.9535,0.9765,0.99475,0.99325,0.992,present,Sub-polar or polar grassland-lichen-moss
0.127837837837838,0.9780452102876313,0.8935,0.9535,0.9765,0.99475,0.99325,0.992,present,Sub-polar or polar grassland-lichen-moss
0.130810810810811,0.9780452102876313,0.8935,0.9535,0.9765,0.99475,0.99325,0.992,present,Sub-polar or polar grassland-lichen-moss
0.133783783783784,0.9780452102876313,0.8935,0.9535,0.9765,0.99475,0.99325,0.992,present,Sub-polar or polar grassland-lichen-moss
0.136756756756757,0.9780452102876313,0.8935,0.9535,0.9765,0.99475,0.99325,0.992,present,Sub-polar or polar grassland-lichen-moss
0.13972972972973,0.9780452102876313,0.8935,0.9535,0.9765,0.99475,0.99325,0.992,present,Sub-polar or polar grassland-lichen-moss
0.142702702702703,0.9780452102876313,0.8935,0.9535,0.9765,0.99475,0.99325,0.992,present,Sub-polar or polar grassland-lichen-moss
0.145675675675676,0.9780452102876313,0.8935,0.9535,0.9765,0.99475,0.99325,0.992,present,Sub-polar or polar grassland-lichen-moss
0.148648648648649,0.9780452102876313,0.8935,0.9535,0.9765,0.99475,0.99325,0.992,present,Sub-polar or polar grassland-lichen-moss
0,0.025733582509444578,0,0,0,0.20975,0.07975,0.0235,absent,Abies procera
1,0.025762177477694718,0,0,0,0.2085,0.0795,0.02375,absent,Abies procera
0,0.9866097720072063,0.90425,0.965,0.98825,1,0.99975,0.99925,present,Abies procera
1,0.9751738833322979,0.8976,0.95175,0.96925,0.99625,0.99425,0.9915,present,Abies procera
0,0.02571015191704847,0,0,0,0.20975,0.0795,0.02375,absent,No data
0.0137678855325914,0.02572612732095491,0,0,0,0.2095,0.07975,0.02375,absent,No data
0.0275357710651828,0.025726609597299253,0,0,0,0.2095,0.07975,0.02375,absent,No data
0.0413036565977742,0.025724760871312594,0,0,0,0.2095,0.07975,0.02375,absent,No data
0.0550715421303657,0.025723153283498112,0,0,0,0.2095,0.07975,0.02375,absent,No data
0.0688394276629571,0.025721324652359136,0,0,0,0.2095,0.07975,0.02375,absent,No data
0.0826073131955485,0.025721284462663772,0,0,0,0.2095,0.07975,0.02375,absent,No data
0.0963751987281399,0.025721123703882326,0,0,0,0.2095,0.07975,0.02375,absent,No data
0.110143084260731,0.025721123703882326,0,0,0,0.2095,0.07975,0.02375,absent,No data
0.123910969793323,0.025742524716662645,0,0,0,0.2095,0.07975,0.02375,absent,No data
0.137678855325914,0.02575247166626477,0,0,0,0.2095,0.07975,0.02375,absent,No data
0.151446740858506,0.025755184470701714,0,0,0,0.2095,0.07975,0.02375,absent,No data
0.165214626391097,0.025755747126436784,0,0,0,0.2095,0.07975,0.02375,absent,No data
0.178982511923688,0.025759324009324007,0,0,0,0.2095,0.07975,0.02375,absent,No data
0.19275039745628,0.025758017844224743,0,0,0,0.2095,0.07975,0.02375,absent,No data
0.206518282988871,0.02576223776223776,0,0,0,0.2095,0.07975,0.02375,absent,No data
0.220286168521463,0.02577976046941564,0,0,0,0.2095,0.07975,0.02375,absent,No data
0.234054054054054,0.025783417731693594,0,0,0,0.2095,0.07975,0.02375,absent,No data
0.247821939586646,0.025792179085282533,0,0,0,0.2095,0.07975,0.02375,absent,No data
0.261589825119237,0.02579173699863355,0,0,0,0.2095,0.07975,0.02375,absent,No data
0.275357710651828,0.02579095329957399,0,0,0,0.2095,0.07975,0.02375,absent,No data
0.28912559618442,0.025790692066554138,0,0,0,0.2095,0.07975,0.02375,absent,No data
0.302893481717011,0.025790471023229646,0,0,0,0.2095,0.07975,0.02375,absent,No data
0.316661367249603,0.025790471023229646,0,0,0,0.2095,0.07975,0.02375,absent,No data
0.330429252782194,0.02579002893658066,0,0,0,0.2095,0.07975,0.02375,absent,No data
0.344197138314785,0.02579002893658066,0,0,0,0.2095,0.07975,0.02375,absent,No data
0.357965023847377,0.02579002893658066,0,0,0,0.2095,0.07975,0.02375,absent,No data
0.371732909379968,0.02579002893658066,0,0,0,0.2095,0.07975,0.02375,absent,No data
0.38550079491256,0.025789546660236317,0,0,0,0.2095,0.07975,0.02375,absent,No data
0.399268680445151,0.0257892452375211,0,0,0,0.2095,0.07975,0.02375,absent,No data
0.413036565977742,0.0257892452375211,0,0,0,0.2095,0.07975,0.02375,absent,No data
0.426804451510334,0.0257892452375211,0,0,0,0.2095,0.07975,0.02375,absent,No data
0.440572337042925,0.0257892452375211,0,0,0,0.2095,0.07975,0.02375,absent,No data
0.454340222575517,0.025789225142673417,0,0,0,0.2095,0.07975,0.02375,absent,No data
0.468108108108108,0.025789225142673417,0,0,0,0.2095,0.07975,0.02375,absent,No data
0.4818759936407,0.025789225142673417,0,0,0,0.2095,0.07975,0.02375,absent,No data
0.495643879173291,0.025789225142673417,0,0,0,0.2095,0.07975,0.02375,absent,No data
0.509411764705882,0.025789225142673417,0,0,0,0.2095,0.07975,0.02375,absent,No data
0.523179650238474,0.025789225142673417,0,0,0,0.2095,0.07975,0.02375,absent,No data
0.536947535771065,0.025789225142673417,0,0,0,0.2095,0.07975,0.02375,absent,No data
0.550715421303657,0.025789225142673417,0,0,0,0.2095,0.07975,0.02375,absent,No data
0.564483306836248,0.025789225142673417,0,0,0,0.2095,0.07975,0.02375,absent,No data
0.578251192368839,0.025789225142673417,0,0,0,0.2095,0.07975,0.02375,absent,No data
0.592019077901431,0.025789225142673417,0,0,0,0.2095,0.07975,0.02375,absent,No data
0.605786963434022,0.025789225142673417,0,0,0,0.2095,0.07975,0.02375,absent,No data
0.619554848966614,0.025789225142673417,0,0,0,0.2095,0.07975,0.02375,absent,No data
0.633322734499205,0.025789225142673417,0,0,0,0.2095,0.07975,0.02375,absent,No data
0.647090620031797,0.025789225142673417,0,0,0,0.2095,0.07975,0.02375,absent,No data
0.660858505564388,0.025789225142673417,0,0,0,0.2095,0.07975,0.02375,absent,No data
0.674626391096979,0.025789225142673417,0,0,0,0.2095,0.07975,0.02375,absent,No data
0.688394276629571,0.025789225142673417,0,0,0,0.2095,0.07975,0.02375,absent,No data
0,0.9866128315835249,0.90425,0.965,0.98825,1,0.99975,0.99925,present,No data
0.0137678855325914,0.9846126762750823,0.90225,0.9635,0.98625,0.99825,0.998,0.997,present,No data
0.0275357710651828,0.9846125830900168,0.90225,0.9635,0.98625,0.99825,0.998,0.997,present,No data
0.0413036565977742,0.984580775920979,0.90225,0.96325,0.98625,0.99825,0.998,0.997,present,No data
0.0550715421303657,0.9845535037584644,0.90225,0.96325,0.98625,0.99825,0.998,0.997,present,No data
0.0688394276629571,0.9844886158911599,0.90225,0.96325,0.98625,0.99825,0.99775,0.997,present,No data
0.0826073131955485,0.9844886003603156,0.90225,0.96325,0.98625,0.99825,0.99775,0.997,present,No data
0.0963751987281399,0.9844855873765297,0.90225,0.96325,0.98625,0.99825,0.99775,0.997,present,No data
0.110143084260731,0.9844855873765297,0.90225,0.96325,0.98625,0.99825,0.99775,0.997,present,No data
0.123910969793323,0.9844346306765236,0.90225,0.96325,0.986,0.99825,0.99775,0.997,present,No data
0.137678855325914,0.9843385102814189,0.90225,0.963,0.986,0.99825,0.99775,0.99675,present,No data
0.151446740858506,0.9843362893706902,0.90225,0.963,0.986,0.99825,0.99775,0.99675,present,No data
0.165214626391097,0.9843363204323787,0.90225,0.963,0.986,0.99825,0.99775,0.99675,present,No data
0.178982511923688,0.9842859539044542,0.90225,0.963,0.986,0.99825,0.99775,0.99675,present,No data
0.19275039745628,0.9842511803441636,0.90225,0.963,0.98575,0.99825,0.99775,0.99675,present,No data
0.206518282988871,0.9842512269366963,0.90225,0.963,0.98575,0.99825,0.99775,0.99675,present,No data
0.220286168521463,0.9840659284338698,0.9021,0.963,0.98575,0.998,0.9975,0.9965,present,No data
0.234054054054054,0.9840657886562714,0.9021,0.963,0.98575,0.998,0.9975,0.9965,present,No data
0.247821939586646,0.9838918276697523,0.9021,0.96275,0.9855,0.99775,0.99725,0.99625,present,No data
0.261589825119237,0.9838892650804498,0.9021,0.96275,0.9855,0.99775,0.99725,0.99625,present,No data
0.275357710651828,0.9838444430639249,0.90195,0.96275,0.9855,0.99775,0.99725,0.99625,present,No data
0.28912559618442,0.9838264583462757,0.90195,0.96275,0.9855,0.99775,0.99725,0.99625,present,No data
0.302893481717011,0.9838173883332297,0.90195,0.96275,0.9855,0.99775,0.99725,0.99625,present,No data
0.316661367249603,0.983817217493943,0.90195,0.96275,0.9855,0.99775,0.99725,0.99625,present,No data
0.330429252782194,0.983816254581599,0.90195,0.96275,0.9855,0.99775,0.99725,0.99625,present,No data
0.344197138314785,0.983816254581599,0.90195,0.96275,0.9855,0.99775,0.99725,0.99625,present,No data
0.357965023847377,0.983816254581599,0.90195,0.96275,0.9855,0.99775,0.99725,0.99625,present,No data
0.371732909379968,0.983816254581599,0.90195,0.96275,0.9855,0.99775,0.99725,0.99625,present,No data
0.38550079491256,0.983815648878673,0.90195,0.96275,0.9855,0.99775,0.99725,0.99625,present,No data
0.399268680445151,0.9838056936075046,0.90195,0.96275,0.9855,0.99775,0.99725,0.99625,present,No data
0.413036565977742,0.9838056936075046,0.90195,0.96275,0.9855,0.99775,0.99725,0.99625,present,No data
0.426804451510334,0.9838056936075046,0.90195,0.96275,0.9855,0.99775,0.99725,0.99625,present,No data
0.440572337042925,0.9838056936075046,0.90195,0.96275,0.9855,0.99775,0.99725,0.99625,present,No data
0.454340222575517,0.983805662545816,0.90195,0.96275,0.9855,0.99775,0.99725,0.99625,present,No data
0.468108108108108,0.983805662545816,0.90195,0.96275,0.9855,0.99775,0.99725,0.99625,present,No data
0.4818759936407,0.983805662545816,0.90195,0.96275,0.9855,0.99775,0.99725,0.99625,present,No data
0.495643879173291,0.983805662545816,0.90195,0.96275,0.9855,0.99775,0.99725,0.99625,present,No data
0.509411764705882,0.983805662545816,0.90195,0.96275,0.9855,0.99775,0.99725,0.99625,present,No data
0.523179650238474,0.983805662545816,0.90195,0.96275,0.9855,0.99775,0.99725,0.99625,present,No data
0.536947535771065,0.983805662545816,0.90195,0.96275,0.9855,0.99775,0.99725,0.99625,present,No data
0.550715421303657,0.983805662545816,0.90195,0.96275,0.9855,0.99775,0.99725,0.99625,present,No data
0.564483306836248,0.983805662545816,0.90195,0.96275,0.9855,0.99775,0.99725,0.99625,present,No data
0.578251192368839,0.983805662545816,0.90195,0.96275,0.9855,0.99775,0.99725,0.99625,present,No data
0.592019077901431,0.983805662545816,0.90195,0.96275,0.9855,0.99775,0.99725,0.99625,present,No data
0.605786963434022,0.983805662545816,0.90195,0.96275,0.9855,0.99775,0.99725,0.99625,present,No data
0.619554848966614,0.983805662545816,0.90195,0.96275,0.9855,0.99775,0.99725,0.99625,present,No data
0.633322734499205,0.983805662545816,0.90195,0.96275,0.9855,0.99775,0.99725,0.99625,present,No data
0.647090620031797,0.983805662545816,0.90195,0.96275,0.9855,0.99775,0.99725,0.99625,present,No data
0.660858505564388,0.983805662545816,0.90195,0.96275,0.9855,0.99775,0.99725,0.99625,present,No data
0.674626391096979,0.983805662545816,0.90195,0.96275,0.9855,0.99775,0.99725,0.99625,present,No data
0.688394276629571,0.983805662545816,0.90195,0.96275,0.9855,0.99775,0.99725,0.99625,present,No data
0,0.025711739410015273,0,0,0,0.20975,0.07975,0.0235,absent,Tropical or sub-tropical grassland
0.0122390438247012,0.02567361948396431,0,0,0,0.2095,0.0795,0.0235,absent,Tropical or sub-tropical grassland
0.0244780876494024,0.025668836910216222,0,0,0,0.2095,0.0795,0.0235,absent,Tropical or sub-tropical grassland
0.0367171314741036,0.025668575677196367,0,0,0,0.2095,0.0795,0.0235,absent,Tropical or sub-tropical grassland
0.0489561752988048,0.02566841491841492,0,0,0,0.2095,0.0795,0.0235,absent,Tropical or sub-tropical grassland
0.061195219123506,0.02566841491841492,0,0,0,0.2095,0.0795,0.0235,absent,Tropical or sub-tropical grassland
0.0734342629482072,0.025668334539024194,0,0,0,0.2095,0.0795,0.0235,absent,Tropical or sub-tropical grassland
0.0856733067729084,0.025668334539024194,0,0,0,0.2095,0.0795,0.0235,absent,Tropical or sub-tropical grassland
0.0979123505976096,0.025668334539024194,0,0,0,0.2095,0.0795,0.0235,absent,Tropical or sub-tropical grassland
0.110151394422311,0.025668334539024194,0,0,0,0.2095,0.0795,0.0235,absent,Tropical or sub-tropical grassland
0.122390438247012,0.025668334539024194,0,0,0,0.2095,0.0795,0.0235,absent,Tropical or sub-tropical grassland
0.134629482071713,0.025668334539024194,0,0,0,0.2095,0.0795,0.0235,absent,Tropical or sub-tropical grassland
0.146868525896414,0.025668334539024194,0,0,0,0.2095,0.0795,0.0235,absent,Tropical or sub-tropical grassland
0.159107569721116,0.025668334539024194,0,0,0,0.2095,0.0795,0.0235,absent,Tropical or sub-tropical grassland
0.171346613545817,0.025668334539024194,0,0,0,0.2095,0.0795,0.0235,absent,Tropical or sub-tropical grassland
0.183585657370518,0.025668334539024194,0,0,0,0.2095,0.0795,0.0235,absent,Tropical or sub-tropical grassland
0.195824701195219,0.025668334539024194,0,0,0,0.2095,0.0795,0.0235,absent,Tropical or sub-tropical grassland
0.20806374501992,0.025668334539024194,0,0,0,0.2095,0.0795,0.0235,absent,Tropical or sub-tropical grassland
0.220302788844622,0.025668334539024194,0,0,0,0.2095,0.0795,0.0235,absent,Tropical or sub-tropical grassland
0.232541832669323,0.025668334539024194,0,0,0,0.2095,0.0795,0.0235,absent,Tropical or sub-tropical grassland
0.244780876494024,0.025668334539024194,0,0,0,0.2095,0.0795,0.0235,absent,Tropical or sub-tropical grassland
0.257019920318725,0.025668334539024194,0,0,0,0.2095,0.0795,0.0235,absent,Tropical or sub-tropical grassland
0.269258964143426,0.025668334539024194,0,0,0,0.2095,0.0795,0.0235,absent,Tropical or sub-tropical grassland
0.281498007968127,0.025668334539024194,0,0,0,0.2095,0.0795,0.0235,absent,Tropical or sub-tropical grassland
0.293737051792829,0.025668334539024194,0,0,0,0.2095,0.0795,0.0235,absent,Tropical or sub-tropical grassland
0.30597609561753,0.025668334539024194,0,0,0,0.2095,0.0795,0.0235,absent,Tropical or sub-tropical grassland
0.318215139442231,0.025668334539024194,0,0,0,0.2095,0.0795,0.0235,absent,Tropical or sub-tropical grassland
0.330454183266932,0.025668334539024194,0,0,0,0.2095,0.0795,0.0235,absent,Tropical or sub-tropical grassland
0.342693227091633,0.025668334539024194,0,0,0,0.2095,0.0795,0.0235,absent,Tropical or sub-tropical grassland
0.354932270916335,0.025668334539024194,0,0,0,0.2095,0.0795,0.0235,absent,Tropical or sub-tropical grassland
0.367171314741036,0.025668334539024194,0,0,0,0.2095,0.0795,0.0235,absent,Tropical or sub-tropical grassland
0.379410358565737,0.025668334539024194,0,0,0,0.2095,0.0795,0.0235,absent,Tropical or sub-tropical grassland
0.391649402390438,0.025668334539024194,0,0,0,0.2095,0.0795,0.0235,absent,Tropical or sub-tropical grassland
0.403888446215139,0.025668334539024194,0,0,0,0.2095,0.0795,0.0235,absent,Tropical or sub-tropical grassland
0.416127490039841,0.025668334539024194,0,0,0,0.2095,0.0795,0.0235,absent,Tropical or sub-tropical grassland
0.428366533864542,0.025668334539024194,0,0,0,0.2095,0.0795,0.0235,absent,Tropical or sub-tropical grassland
0.440605577689243,0.025668334539024194,0,0,0,0.2095,0.0795,0.0235,absent,Tropical or sub-tropical grassland
0.452844621513944,0.025668334539024194,0,0,0,0.2095,0.0795,0.0235,absent,Tropical or sub-tropical grassland
0.465083665338645,0.025668334539024194,0,0,0,0.2095,0.0795,0.0235,absent,Tropical or sub-tropical grassland
0.477322709163347,0.025668334539024194,0,0,0,0.2095,0.0795,0.0235,absent,Tropical or sub-tropical grassland
0.489561752988048,0.025668334539024194,0,0,0,0.2095,0.0795,0.0235,absent,Tropical or sub-tropical grassland
0.501800796812749,0.025668334539024194,0,0,0,0.2095,0.0795,0.0235,absent,Tropical or sub-tropical grassland
0.51403984063745,0.025668334539024194,0,0,0,0.2095,0.0795,0.0235,absent,Tropical or sub-tropical grassland
0.526278884462151,0.025668334539024194,0,0,0,0.2095,0.0795,0.0235,absent,Tropical or sub-tropical grassland
0.538517928286853,0.025668334539024194,0,0,0,0.2095,0.0795,0.0235,absent,Tropical or sub-tropical grassland
0.550756972111554,0.025668334539024194,0,0,0,0.2095,0.0795,0.0235,absent,Tropical or sub-tropical grassland
0.562996015936255,0.025668334539024194,0,0,0,0.2095,0.0795,0.0235,absent,Tropical or sub-tropical grassland
0.575235059760956,0.025668334539024194,0,0,0,0.2095,0.0795,0.0235,absent,Tropical or sub-tropical grassland
0.587474103585657,0.025668334539024194,0,0,0,0.2095,0.0795,0.0235,absent,Tropical or sub-tropical grassland
0.599713147410359,0.025668334539024194,0,0,0,0.2095,0.0795,0.0235,absent,Tropical or sub-tropical grassland
0.61195219123506,0.025668334539024194,0,0,0,0.2095,0.0795,0.0235,absent,Tropical or sub-tropical grassland
0,0.9866149282474995,0.90425,0.965,0.98825,1,0.99975,0.99925,present,Tropical or sub-tropical grassland
0.0122390438247012,0.9851685717835621,0.9025,0.9635,0.98625,0.99925,0.99875,0.998,present,Tropical or sub-tropical grassland
0.0244780876494024,0.9848911753742934,0.9025,0.9635,0.986,0.999,0.9985,0.99775,present,Tropical or sub-tropical grassland
0.0367171314741036,0.984889948437597,0.9025,0.9635,0.986,0.999,0.9985,0.99775,present,Tropical or sub-tropical grassland
0.0489561752988048,0.9848899018450643,0.9025,0.9635,0.986,0.999,0.9985,0.99775,present,Tropical or sub-tropical grassland
0.061195219123506,0.9848898086599988,0.9025,0.9635,0.986,0.999,0.9985,0.99775,present,Tropical or sub-tropical grassland
0.0734342629482072,0.9848896844132446,0.9025,0.9635,0.986,0.999,0.9985,0.99775,present,Tropical or sub-tropical grassland
0.0856733067729084,0.984889280611294,0.9025,0.9635,0.986,0.999,0.9985,0.99775,present,Tropical or sub-tropical grassland
0.0979123505976096,0.984889280611294,0.9025,0.9635,0.986,0.999,0.9985,0.99775,present,Tropical or sub-tropical grassland
0.110151394422311,0.984889280611294,0.9025,0.9635,0.986,0.999,0.9985,0.99775,present,Tropical or sub-tropical grassland
0.122390438247012,0.984889280611294,0.9025,0.9635,0.986,0.999,0.9985,0.99775,present,Tropical or sub-tropical grassland
0.134629482071713,0.984889280611294,0.9025,0.9635,0.986,0.999,0.9985,0.99775,present,Tropical or sub-tropical grassland
0.146868525896414,0.984889280611294,0.9025,0.9635,0.986,0.999,0.9985,0.99775,present,Tropical or sub-tropical grassland
0.159107569721116,0.984889280611294,0.9025,0.9635,0.986,0.999,0.9985,0.99775,present,Tropical or sub-tropical grassland
0.171346613545817,0.984889280611294,0.9025,0.9635,0.986,0.999,0.9985,0.99775,present,Tropical or sub-tropical grassland
0.183585657370518,0.984889280611294,0.9025,0.9635,0.986,0.999,0.9985,0.99775,present,Tropical or sub-tropical grassland
0.195824701195219,0.984889280611294,0.9025,0.9635,0.986,0.999,0.9985,0.99775,present,Tropical or sub-tropical grassland
0.20806374501992,0.984889280611294,0.9025,0.9635,0.986,0.999,0.9985,0.99775,present,Tropical or sub-tropical grassland
0.220302788844622,0.984889280611294,0.9025,0.9635,0.986,0.999,0.9985,0.99775,present,Tropical or sub-tropical grassland
0.232541832669323,0.984889280611294,0.9025,0.9635,0.986,0.999,0.9985,0.99775,present,Tropical or sub-tropical grassland
0.244780876494024,0.984889280611294,0.9025,0.9635,0.986,0.999,0.9985,0.99775,present,Tropical or sub-tropical grassland
0.257019920318725,0.984889280611294,0.9025,0.9635,0.986,0.999,0.9985,0.99775,present,Tropical or sub-tropical grassland
0.269258964143426,0.984889280611294,0.9025,0.9635,0.986,0.999,0.9985,0.99775,present,Tropical or sub-tropical grassland
0.281498007968127,0.984889280611294,0.9025,0.9635,0.986,0.999,0.9985,0.99775,present,Tropical or sub-tropical grassland
0.293737051792829,0.984889280611294,0.9025,0.9635,0.986,0.999,0.9985,0.99775,present,Tropical or sub-tropical grassland
0.30597609561753,0.984889280611294,0.9025,0.9635,0.986,0.999,0.9985,0.99775,present,Tropical or sub-tropical grassland
0.318215139442231,0.984889280611294,0.9025,0.9635,0.986,0.999,0.9985,0.99775,present,Tropical or sub-tropical grassland
0.330454183266932,0.984889280611294,0.9025,0.9635,0.986,0.999,0.9985,0.99775,present,Tropical or sub-tropical grassland
0.342693227091633,0.984889280611294,0.9025,0.9635,0.986,0.999,0.9985,0.99775,present,Tropical or sub-tropical grassland
0.354932270916335,0.984889280611294,0.9025,0.9635,0.986,0.999,0.9985,0.99775,present,Tropical or sub-tropical grassland
0.367171314741036,0.984889280611294,0.9025,0.9635,0.986,0.999,0.9985,0.99775,present,Tropical or sub-tropical grassland
0.379410358565737,0.984889280611294,0.9025,0.9635,0.986,0.999,0.9985,0.99775,present,Tropical or sub-tropical grassland
0.391649402390438,0.984889280611294,0.9025,0.9635,0.986,0.999,0.9985,0.99775,present,Tropical or sub-tropical grassland
0.403888446215139,0.984889280611294,0.9025,0.9635,0.986,0.999,0.9985,0.99775,present,Tropical or sub-tropical grassland
0.416127490039841,0.984889280611294,0.9025,0.9635,0.986,0.999,0.9985,0.99775,present,Tropical or sub-tropical grassland
0.428366533864542,0.984889280611294,0.9025,0.9635,0.986,0.999,0.9985,0.99775,present,Tropical or sub-tropical grassland
0.440605577689243,0.984889280611294,0.9025,0.9635,0.986,0.999,0.9985,0.99775,present,Tropical or sub-tropical grassland
0.452844621513944,0.984889280611294,0.9025,0.9635,0.986,0.999,0.9985,0.99775,present,Tropical or sub-tropical grassland
0.465083665338645,0.984889280611294,0.9025,0.9635,0.986,0.999,0.9985,0.99775,present,Tropical or sub-tropical grassland
0.477322709163347,0.984889280611294,0.9025,0.9635,0.986,0.999,0.9985,0.99775,present,Tropical or sub-tropical grassland
0.489561752988048,0.984889280611294,0.9025,0.9635,0.986,0.999,0.9985,0.99775,present,Tropical or sub-tropical grassland
0.501800796812749,0.984889280611294,0.9025,0.9635,0.986,0.999,0.9985,0.99775,present,Tropical or sub-tropical grassland
0.51403984063745,0.984889280611294,0.9025,0.9635,0.986,0.999,0.9985,0.99775,present,Tropical or sub-tropical grassland
0.526278884462151,0.984889280611294,0.9025,0.9635,0.986,0.999,0.9985,0.99775,present,Tropical or sub-tropical grassland
0.538517928286853,0.984889280611294,0.9025,0.9635,0.986,0.999,0.9985,0.99775,present,Tropical or sub-tropical grassland
0.550756972111554,0.984889280611294,0.9025,0.9635,0.986,0.999,0.9985,0.99775,present,Tropical or sub-tropical grassland
0.562996015936255,0.984889280611294,0.9025,0.9635,0.986,0.999,0.9985,0.99775,present,Tropical or sub-tropical grassland
0.575235059760956,0.984889280611294,0.9025,0.9635,0.986,0.999,0.9985,0.99775,present,Tropical or sub-tropical grassland
0.587474103585657,0.984889280611294,0.9025,0.9635,0.986,0.999,0.9985,0.99775,present,Tropical or sub-tropical grassland
0.599713147410359,0.984889280611294,0.9025,0.9635,0.986,0.999,0.9985,0.99775,present,Tropical or sub-tropical grassland
0.61195219123506,0.984889280611294,0.9025,0.9635,0.986,0.999,0.9985,0.99775,present,Tropical or sub-tropical grassland
0,0.02570649465477052,0,0,0,0.20975,0.0795,0.0235,absent,Abies balsamea
1,0.025742685475444095,0,0,0,0.21,0.07975,0.02375,absent,Abies balsamea
0,0.9866140429893769,0.90425,0.965,0.98825,1,0.99975,0.99925,present,Abies balsamea
1,0.9862430111200844,0.90385,0.96475,0.988,0.99975,0.9995,0.999,present,Abies balsamea
0,0.02570639418053211,0,0,0,0.20975,0.0795,0.0235,absent,Sub-polar or polar barren-lichen-moss
0.00133122028526149,0.025717165018889158,0,0,0,0.2095,0.0795,0.0235,absent,Sub-polar or polar barren-lichen-moss
0.00266244057052298,0.025716803311630898,0,0,0,0.2095,0.0795,0.0235,absent,Sub-polar or polar barren-lichen-moss
0.00399366085578447,0.025716260750743507,0,0,0,0.2095,0.0795,0.0235,absent,Sub-polar or polar barren-lichen-moss
0.00532488114104596,0.025716260750743507,0,0,0,0.2095,0.0795,0.0235,absent,Sub-polar or polar barren-lichen-moss
0.00665610142630745,0.02571624065589583,0,0,0,0.2095,0.0795,0.0235,absent,Sub-polar or polar barren-lichen-moss
0.00798732171156894,0.02571624065589583,0,0,0,0.2095,0.0795,0.0235,absent,Sub-polar or polar barren-lichen-moss
0.00931854199683043,0.02571624065589583,0,0,0,0.2095,0.0795,0.0235,absent,Sub-polar or polar barren-lichen-moss
0.0106497622820919,0.02571624065589583,0,0,0,0.2095,0.0795,0.0235,absent,Sub-polar or polar barren-lichen-moss
0.0119809825673534,0.02571624065589583,0,0,0,0.2095,0.0795,0.0235,absent,Sub-polar or polar barren-lichen-moss
0.0133122028526149,0.025716180371352787,0,0,0,0.2095,0.0795,0.0235,absent,Sub-polar or polar barren-lichen-moss
0.0146434231378764,0.025716180371352787,0,0,0,0.2095,0.0795,0.0235,absent,Sub-polar or polar barren-lichen-moss
0.0159746434231379,0.025716180371352787,0,0,0,0.2095,0.0795,0.0235,absent,Sub-polar or polar barren-lichen-moss
0.0173058637083994,0.025716180371352787,0,0,0,0.2095,0.0795,0.0235,absent,Sub-polar or polar barren-lichen-moss
0.0186370839936609,0.025716180371352787,0,0,0,0.2095,0.0795,0.0235,absent,Sub-polar or polar barren-lichen-moss
0.0199683042789223,0.025716180371352787,0,0,0,0.2095,0.0795,0.0235,absent,Sub-polar or polar barren-lichen-moss
0.0212995245641838,0.025716180371352787,0,0,0,0.2095,0.0795,0.0235,absent,Sub-polar or polar barren-lichen-moss
0.0226307448494453,0.025716180371352787,0,0,0,0.2095,0.0795,0.0235,absent,Sub-polar or polar barren-lichen-moss
0.0239619651347068,0.025716180371352787,0,0,0,0.2095,0.0795,0.0235,absent,Sub-polar or polar barren-lichen-moss
0.0252931854199683,0.025716180371352787,0,0,0,0.2095,0.0795,0.0235,absent,Sub-polar or polar barren-lichen-moss
0.0266244057052298,0.025715939233180614,0,0,0,0.2095,0.0795,0.0235,absent,Sub-polar or polar barren-lichen-moss
0.0279556259904913,0.025715939233180614,0,0,0,0.2095,0.0795,0.0235,absent,Sub-polar or polar barren-lichen-moss
0.0292868462757528,0.025715939233180614,0,0,0,0.2095,0.0795,0.0235,absent,Sub-polar or polar barren-lichen-moss
0.0306180665610143,0.025715939233180614,0,0,0,0.2095,0.0795,0.0235,absent,Sub-polar or polar barren-lichen-moss
0.0319492868462758,0.025715939233180614,0,0,0,0.2095,0.0795,0.0235,absent,Sub-polar or polar barren-lichen-moss
0.0332805071315372,0.025715939233180614,0,0,0,0.2095,0.0795,0.0235,absent,Sub-polar or polar barren-lichen-moss
0.0346117274167987,0.02571587894863757,0,0,0,0.2095,0.0795,0.0235,absent,Sub-polar or polar barren-lichen-moss
0.0359429477020602,0.02571587894863757,0,0,0,0.2095,0.0795,0.0235,absent,Sub-polar or polar barren-lichen-moss
0.0372741679873217,0.02571587894863757,0,0,0,0.2095,0.0795,0.0235,absent,Sub-polar or polar barren-lichen-moss
0.0386053882725832,0.02571587894863757,0,0,0,0.2095,0.0795,0.0235,absent,Sub-polar or polar barren-lichen-moss
0.0399366085578447,0.02571587894863757,0,0,0,0.2095,0.0795,0.0235,absent,Sub-polar or polar barren-lichen-moss
0.0412678288431062,0.02571587894863757,0,0,0,0.2095,0.0795,0.0235,absent,Sub-polar or polar barren-lichen-moss
0.0425990491283677,0.02571587894863757,0,0,0,0.2095,0.0795,0.0235,absent,Sub-polar or polar barren-lichen-moss
0.0439302694136292,0.02571587894863757,0,0,0,0.2095,0.0795,0.0235,absent,Sub-polar or polar barren-lichen-moss
0.0452614896988906,0.02571587894863757,0,0,0,0.2095,0.0795,0.0235,absent,Sub-polar or polar barren-lichen-moss
0.0465927099841521,0.02571587894863757,0,0,0,0.2095,0.0795,0.0235,absent,Sub-polar or polar barren-lichen-moss
0.0479239302694136,0.02571587894863757,0,0,0,0.2095,0.0795,0.0235,absent,Sub-polar or polar barren-lichen-moss
0.0492551505546751,0.02571587894863757,0,0,0,0.2095,0.0795,0.0235,absent,Sub-polar or polar barren-lichen-moss
0.0505863708399366,0.02571587894863757,0,0,0,0.2095,0.0795,0.0235,absent,Sub-polar or polar barren-lichen-moss
0.0519175911251981,0.02571587894863757,0,0,0,0.2095,0.0795,0.0235,absent,Sub-polar or polar barren-lichen-moss
0.0532488114104596,0.02571587894863757,0,0,0,0.2095,0.0795,0.0235,absent,Sub-polar or polar barren-lichen-moss
0.0545800316957211,0.02571587894863757,0,0,0,0.2095,0.0795,0.0235,absent,Sub-polar or polar barren-lichen-moss
0.0559112519809826,0.02571587894863757,0,0,0,0.2095,0.0795,0.0235,absent,Sub-polar or polar barren-lichen-moss
0.0572424722662441,0.02571587894863757,0,0,0,0.2095,0.0795,0.0235,absent,Sub-polar or polar barren-lichen-moss
0.0585736925515055,0.02571587894863757,0,0,0,0.2095,0.0795,0.0235,absent,Sub-polar or polar barren-lichen-moss
0.059904912836767,0.02571587894863757,0,0,0,0.2095,0.0795,0.0235,absent,Sub-polar or polar barren-lichen-moss
0.0612361331220285,0.02571587894863757,0,0,0,0.2095,0.0795,0.0235,absent,Sub-polar or polar barren-lichen-moss
0.06256735340729,0.02571587894863757,0,0,0,0.2095,0.0795,0.0235,absent,Sub-polar or polar barren-lichen-moss
0.0638985736925515,0.02571587894863757,0,0,0,0.2095,0.0795,0.0235,absent,Sub-polar or polar barren-lichen-moss
0.065229793977813,0.02571587894863757,0,0,0,0.2095,0.0795,0.0235,absent,Sub-polar or polar barren-lichen-moss
0.0665610142630745,0.02571587894863757,0,0,0,0.2095,0.0795,0.0235,absent,Sub-polar or polar barren-lichen-moss
0,0.9866148195315897,0.90425,0.965,0.98825,1,0.99975,0.99925,present,Sub-polar or polar barren-lichen-moss
0.00133122028526149,0.9863924489035224,0.9040999999999999,0.9649000000000001,0.98825,0.99975,0.9995,0.999,present,Sub-polar or polar barren-lichen-moss
0.00266244057052298,0.986391035596695,0.9040999999999999,0.9649000000000001,0.988,0.99975,0.9995,0.999,present,Sub-polar or polar barren-lichen-moss
0.00399366085578447,0.9863737808287258,0.9040999999999999,0.96475,0.988,0.99975,0.9995,0.999,present,Sub-polar or polar barren-lichen-moss
0.00532488114104596,0.9863737808287258,0.9040999999999999,0.96475,0.988,0.99975,0.9995,0.999,present,Sub-polar or polar barren-lichen-moss
0.00665610142630745,0.9863737497670374,0.9040999999999999,0.96475,0.988,0.99975,0.9995,0.999,present,Sub-polar or polar barren-lichen-moss
0.00798732171156894,0.9863737497670374,0.9040999999999999,0.96475,0.988,0.99975,0.9995,0.999,present,Sub-polar or polar barren-lichen-moss
0.00931854199683043,0.9863737497670374,0.9040999999999999,0.96475,0.988,0.99975,0.9995,0.999,present,Sub-polar or polar barren-lichen-moss
0.0106497622820919,0.9863737497670374,0.9040999999999999,0.96475,0.988,0.99975,0.9995,0.999,present,Sub-polar or polar barren-lichen-moss
0.0119809825673534,0.9863737497670374,0.9040999999999999,0.96475,0.988,0.99975,0.9995,0.999,present,Sub-polar or polar barren-lichen-moss
0.0133122028526149,0.9863737187053488,0.9040999999999999,0.96475,0.988,0.99975,0.9995,0.999,present,Sub-polar or polar barren-lichen-moss
0.0146434231378764,0.9863737187053488,0.9040999999999999,0.96475,0.988,0.99975,0.9995,0.999,present,Sub-polar or polar barren-lichen-moss
0.0159746434231379,0.9863737187053488,0.9040999999999999,0.96475,0.988,0.99975,0.9995,0.999,present,Sub-polar or polar barren-lichen-moss
0.0173058637083994,0.9863737187053488,0.9040999999999999,0.96475,0.988,0.99975,0.9995,0.999,present,Sub-polar or polar barren-lichen-moss
0.0186370839936609,0.9863737187053488,0.9040999999999999,0.96475,0.988,0.99975,0.9995,0.999,present,Sub-polar or polar barren-lichen-moss
0.0199683042789223,0.9863737187053488,0.9040999999999999,0.96475,0.988,0.99975,0.9995,0.999,present,Sub-polar or polar barren-lichen-moss
0.0212995245641838,0.9863737187053488,0.9040999999999999,0.96475,0.988,0.99975,0.9995,0.999,present,Sub-polar or polar barren-lichen-moss
0.0226307448494453,0.9863737187053488,0.9040999999999999,0.96475,0.988,0.99975,0.9995,0.999,present,Sub-polar or polar barren-lichen-moss
0.0239619651347068,0.9863737187053488,0.9040999999999999,0.96475,0.988,0.99975,0.9995,0.999,present,Sub-polar or polar barren-lichen-moss
0.0252931854199683,0.9863737187053488,0.9040999999999999,0.96475,0.988,0.99975,0.9995,0.999,present,Sub-polar or polar barren-lichen-moss
0.0266244057052298,0.9863701621420141,0.9040999999999999,0.96475,0.988,0.99975,0.9995,0.999,present,Sub-polar or polar barren-lichen-moss
0.0279556259904913,0.9863701621420141,0.9040999999999999,0.96475,0.988,0.99975,0.9995,0.999,present,Sub-polar or polar barren-lichen-moss
0.0292868462757528,0.9863701621420141,0.9040999999999999,0.96475,0.988,0.99975,0.9995,0.999,present,Sub-polar or polar barren-lichen-moss
0.0306180665610143,0.9863701621420141,0.9040999999999999,0.96475,0.988,0.99975,0.9995,0.999,present,Sub-polar or polar barren-lichen-moss
0.0319492868462758,0.9863701621420141,0.9040999999999999,0.96475,0.988,0.99975,0.9995,0.999,present,Sub-polar or polar barren-lichen-moss
0.0332805071315372,0.9863701621420141,0.9040999999999999,0.96475,0.988,0.99975,0.9995,0.999,present,Sub-polar or polar barren-lichen-moss
0.0346117274167987,0.9863701155494813,0.9040999999999999,0.96475,0.988,0.99975,0.9995,0.999,present,Sub-polar or polar barren-lichen-moss
0.0359429477020602,0.9863701155494813,0.9040999999999999,0.96475,0.988,0.99975,0.9995,0.999,present,Sub-polar or polar barren-lichen-moss
0.0372741679873217,0.9863701155494813,0.9040999999999999,0.96475,0.988,0.99975,0.9995,0.999,present,Sub-polar or polar barren-lichen-moss
0.0386053882725832,0.9863701155494813,0.9040999999999999,0.96475,0.988,0.99975,0.9995,0.999,present,Sub-polar or polar barren-lichen-moss
0.0399366085578447,0.9863701155494813,0.9040999999999999,0.96475,0.988,0.99975,0.9995,0.999,present,Sub-polar or polar barren-lichen-moss
0.0412678288431062,0.9863701155494813,0.9040999999999999,0.96475,0.988,0.99975,0.9995,0.999,present,Sub-polar or polar barren-lichen-moss
0.0425990491283677,0.9863701155494813,0.9040999999999999,0.96475,0.988,0.99975,0.9995,0.999,present,Sub-polar or polar barren-lichen-moss
0.0439302694136292,0.9863701155494813,0.9040999999999999,0.96475,0.988,0.99975,0.9995,0.999,present,Sub-polar or polar barren-lichen-moss
0.0452614896988906,0.9863701155494813,0.9040999999999999,0.96475,0.988,0.99975,0.9995,0.999,present,Sub-polar or polar barren-lichen-moss
0.0465927099841521,0.9863701155494813,0.9040999999999999,0.96475,0.988,0.99975,0.9995,0.999,present,Sub-polar or polar barren-lichen-moss
0.0479239302694136,0.9863701155494813,0.9040999999999999,0.96475,0.988,0.99975,0.9995,0.999,present,Sub-polar or polar barren-lichen-moss
0.0492551505546751,0.9863701155494813,0.9040999999999999,0.96475,0.988,0.99975,0.9995,0.999,present,Sub-polar or polar barren-lichen-moss
0.0505863708399366,0.9863701155494813,0.9040999999999999,0.96475,0.988,0.99975,0.9995,0.999,present,Sub-polar or polar barren-lichen-moss
0.0519175911251981,0.9863701155494813,0.9040999999999999,0.96475,0.988,0.99975,0.9995,0.999,present,Sub-polar or polar barren-lichen-moss
0.0532488114104596,0.9863701155494813,0.9040999999999999,0.96475,0.988,0.99975,0.9995,0.999,present,Sub-polar or polar barren-lichen-moss
0.0545800316957211,0.9863701155494813,0.9040999999999999,0.96475,0.988,0.99975,0.9995,0.999,present,Sub-polar or polar barren-lichen-moss
0.0559112519809826,0.9863701155494813,0.9040999999999999,0.96475,0.988,0.99975,0.9995,0.999,present,Sub-polar or polar barren-lichen-moss
0.0572424722662441,0.9863701155494813,0.9040999999999999,0.96475,0.988,0.99975,0.9995,0.999,present,Sub-polar or polar barren-lichen-moss
0.0585736925515055,0.9863701155494813,0.9040999999999999,0.96475,0.988,0.99975,0.9995,0.999,present,Sub-polar or polar barren-lichen-moss
0.059904912836767,0.9863701155494813,0.9040999999999999,0.96475,0.988,0.99975,0.9995,0.999,present,Sub-polar or polar barren-lichen-moss
0.0612361331220285,0.9863701155494813,0.9040999999999999,0.96475,0.988,0.99975,0.9995,0.999,present,Sub-polar or polar barren-lichen-moss
0.06256735340729,0.9863701155494813,0.9040999999999999,0.96475,0.988,0.99975,0.9995,0.999,present,Sub-polar or polar barren-lichen-moss
0.0638985736925515,0.9863701155494813,0.9040999999999999,0.96475,0.988,0.99975,0.9995,0.999,present,Sub-polar or polar barren-lichen-moss
0.065229793977813,0.9863701155494813,0.9040999999999999,0.96475,0.988,0.99975,0.9995,0.999,present,Sub-polar or polar barren-lichen-moss
0.0665610142630745,0.9863701155494813,0.9040999999999999,0.96475,0.988,0.99975,0.9995,0.999,present,Sub-polar or polar barren-lichen-moss
