lat,lon,total_acres,pseu_acres,abies_acres
54,-128,38457.991223103076,207.44974518686274,38442.033550396416
51.75,-128,1817.7735597735577,0,1817.7735597735577
53.25,-127,57967.49362704352,905.990440565253,57935.70448877807
50.25,-117.75,93855.00954319882,52243.87657462779,48408.605420536944
50,-117.75,102416.29277230223,34735.32373009852,77127.35860500378
49.75,-117.75,73024.04792372351,19708.106511102782,57074.303726006714
49.5,-117.75,105383.56772585664,47366.01433021811,67924.88012461062
49.25,-117.75,98378.44240999629,77384.64678955835,27553.38983050842
54,-117.5,0,0,0
53,-127,42456.54199944914,2621.755026163593,41868.63329661249
53.75,-117.5,0,0,0
53.5,-117.5,79.60776102735878,79.60776102735878,0
53.25,-117.5,1319.4320354717995,79.48385755854173,1239.948177913258
53,-117.5,11297.712871287127,0,11297.712871287127
52.75,-117.5,12188.261403987955,0,12188.261403987955
52.5,-117.5,14481.668022782786,253.23135340385122,14260.090588554353
52.25,-117.5,11671.645269815635,931.8363611896112,11039.89180460234
52,-117.5,23698.266844919766,5001.564973262029,20605.816577540056
51.75,-117.5,55916.50517653302,25138.800637111723,37078.15582691794
51.5,-117.5,76930.15865067866,24039.69192251947,58912.18157860064
52.75,-127,67644.73249669748,12781.596763540263,63582.21598414796
51.25,-117.5,44739.25673907353,5368.710808688826,41631.05574456947
51,-117.5,33328.98739768744,9323.341561647392,25071.170585942607
50.75,-117.5,69786.4240547167,15099.528971480142,57237.38546909275
50.5,-117.5,72749.27632590315,10914.733666410455,65441.55764796306
50.25,-117.5,80613.72242717208,20589.85447144131,62533.305177458395
50,-117.5,78232.29049785188,37754.43340914833,44384.02476623708
49.75,-117.5,100708.99974902747,60304.232149579584,50890.43393148454
49.5,-117.5,112069.05319546536,76154.25426684933,47571.2205057929
49.25,-117.5,107517.31221383493,74974.29154807577,41827.76265313701
52.5,-127,51042.58230652085,5881.449813097054,49362.168074207424
54,-117.25,0,0,0
53.75,-117.25,15.939555805453637,0,15.939555805453637
53.5,-117.25,15.919330076760971,0,15.919330076760971
53.25,-117.25,0,0,0
53,-117.25,5571.050756533699,0,5571.050756533699
52.75,-117.25,4231.237197869724,0,4231.237197869724
52.5,-117.25,2895.940881355932,0,2895.940881355932
52.25,-127,70963.36729580753,13016.485050943762,65278.45665608822
52.25,-117.25,3997.454496499728,31.60043080236884,3981.654281098552
52,-117.25,21341.66720128305,6940.379577653038,15884.005078855871
51.75,-117.25,48330.876410460696,14603.23416965351,37256.36333466088
51.5,-117.25,69037.46712346813,37089.36118065624,37639.648438529475
51.25,-117.25,65765.95054298051,1867.8157791443184,65483.423786471256
51,-117.25,45864.572690658686,2021.3631284916141,45206.45446277774
50.75,-117.25,56564.556716995794,9701.251774422502,49210.38198477225
50.5,-117.25,79879.85073670725,28797.349903907765,58063.2033311979
50.25,-117.25,49066.511639740515,7902.389263452485,43517.693932069684
50,-117.25,91215.38622867978,30451.81010739104,68761.64990524322
52,-127,27635.329591018406,520.5284683239772,27556.46164127233
49.75,-117.25,87602.57465495613,18141.80978670019,77382.27427854456
49.5,-117.25,110220.94791277262,52280.91663551396,70963.74716510905
49.25,-117.25,102859.46665016703,59221.17930949137,53681.283257022595
54,-117,47.8865760407806,0,47.8865760407806
53.75,-117,143.49634420697424,0,143.49634420697424
53.5,-117,15.917108568238135,0,15.917108568238135
51.75,-127,53917.54989384288,7590.028927813162,52925.492170912934
53.25,-117,0,0,0
53,-117,2856.9491059147163,0,2856.9491059147163
52.75,-117,1109.6161726540086,0,1109.6161726540086
52.5,-117,1170.7187203470226,0,1170.7187203470226
52.25,-117,3840.486399138162,0,3840.486399138162
52,-117,16958.875818740817,804.5606202379358,16564.483357839817
51.75,-117,18817.602839702755,2283.3074575371497,17447.61836518048
51.5,-117,69329.60753821823,33839.26410121242,41339.881655245095
51.25,-117,79484.19416459503,35755.330629334,50117.10741855292
51,-117,58093.74161684427,5376.727839875226,57137.53054328053
51.5,-127,56115.368796198505,4362.603748680038,54556.17106652587
50.75,-117,47883.66017288096,15705.715391562353,34868.56534640688
50.5,-117,72265.21803740712,37069.49602869585,41816.39021265696
50.25,-117,93699.1042117318,61894.4165924418,40223.57551851375
50,-117,90359.56121288688,43615.95489576759,56764.539229311435
49.75,-117,77366.74190715185,30956.01618569642,51505.343538268506
49.5,-117,107972.80647975084,32311.21894080994,87599.99376947038
49.25,-117,105384.25513486764,11944.889878742884,99257.08364266272
51.25,-127,60828.651465798044,6284.758957654722,57311.79153094464
54,-116.75,15.962192013593533,0,15.962192013593533
53.75,-116.75,0,0,0
53.5,-116.75,0,0,0
53.25,-116.75,0,0,0
53,-116.75,285.6949105914716,0,285.6949105914716
52.75,-116.75,1267.6133260513363,0,1267.6133260513363
52.5,-116.75,1662.0561508205615,0,1662.0561508205615
52.25,-116.75,2449.0333871836265,0,2449.0333871836265
52,-116.75,14935.593478551426,1309.0330081518139,13863.132700788407
51,-127,44545.0472352088,17693.58052555218,29884.65194260837
51.75,-116.75,27784.99017786041,4772.591850278738,24445.750995487087
51.5,-116.75,41355.60622034789,4623.022140221397,38430.8371112283
51.25,-116.75,71457.22690395183,29920.35906830674,46623.01491756079
51,-116.75,66469.9410159802,33062.60621021176,38358.89099649219
50.75,-116.75,41767.191330150956,2659.334279447815,40750.387046832635
50.5,-116.75,47590.4386212199,8730.90094823167,42826.70912352637
50.25,-116.75,64879.54351145044,15962.674809160362,54669.043511450356
50,-116.75,69070.96627510426,32699.81331312372,43636.049640015175
49.75,-116.75,86578.9627212251,43118.56093887289,50809.979917158285
49.5,-116.75,81476.2968360738,42218.267563527705,46712.87020428506
51.5,-128,9497.950248756213,107.93125282677482,9417.001809136142
50.75,-127,45617.785378366774,42818.51218469427,3784.202650705433
49.25,-116.75,90112.74437020539,46417.965850037166,51353.742885424384
54,-116.5,0,0,0
53.75,-116.5,0,0,0
53.5,-116.5,0,0,0
53.25,-116.5,0,0,0
53,-116.5,15.871939477303851,0,15.871939477303851
50.5,-127,76277.22019483536,45856.80176279579,40635.94928096485
52.75,-116.5,95.12295081967201,0,95.12295081967201
52.5,-116.5,1661.3801518438179,0,1661.3801518438179
52.25,-116.5,6507.936473755044,2432.5781965006786,4154.338088829073
52,-116.5,6390.012032085565,710.0013368983954,5695.788502673797
51.75,-116.5,10521.753650119455,15.751128218741579,10521.753650119455
51.5,-116.5,22860.504941362502,4135.015680590325,19967.56621425746
51.25,-116.5,52509.75922533372,24347.57445694847,31615.741428945348
51,-116.5,80598.6153846154,65663.65904365899,17050.61122661118
50.75,-116.5,56362.24358147336,24935.169655528367,33820.4747774481
50.5,-116.5,31413.40240932981,4654.994489298985,28476.694476483444
50.25,-127,86637.23424920122,39317.927923322706,66187.5274121406
50.25,-116.5,54746.986259542005,7092.790076335878,51239.5625954199
50,-116.5,47039.25495893869,5259.433733417562,45140.87946936193
49.75,-116.5,89408.64395935267,27908.16974030858,70399.40647346628
49.5,-116.5,84948.7373208723,10124.388660436134,80452.45445482872
49.25,-116.5,100293.75154664689,47671.250927988156,61766.83989111606
54,-116.25,0,0,0
50,-127,90373.20926796505,26005.2507723304,80000.88596373406
53.75,-116.25,0,0,0
53.5,-116.25,0,0,0
53.25,-116.25,0,0,0
53,-116.25,0,0,0
52.75,-116.25,0,0,0
52.5,-116.25,870.6008409060083,63.316424793164245,807.2844161128442
52.25,-116.25,4155.456650511572,1090.214862681745,3096.8422186322027
52,-116.25,3580.604918471002,78.86794974605623,3501.7369687249375
51.75,-116.25,2173.078821656048,0,2173.078821656048
51.5,-116.25,21180.98919346333,31.449130205587565,21149.540063257748
49.75,-127,40776.286812536964,9224.079243051454,35066.1425192194
51.25,-116.25,25955.56178010476,2182.5910994764386,24605.18167539269
51,-116.25,49891.62946602569,24303.365986748115,27499.94023645578
50.75,-116.25,86683.11403508768,78111.77760577913,9947.75541795666
50.5,-116.25,79723.6828955797,44726.46969891096,37261.64689301731
50.25,-116.25,51442.21374045804,10241.677099236642,43211.459541984754
50,-116.25,54375.09906494818,4435.289992418504,51542.73843821071
49.75,-116.25,69196.71455457962,20564.859723964924,52639.206649937274
49.5,-116.25,89365.09940209266,29199.41853512706,66938.5820876931
49.25,-116.25,102018.1396212402,61325.42393860625,48633.135289020865
54,-116,0,0,0
53.75,-116,0,0,0
53.5,-116,0,0,0
53.25,-116,0,0,0
53,-116,0,0,0
52.75,-116,0,0,0
52.5,-116,1313.1034295784227,47.461569743798066,1265.6418598346188
52.25,-116,663.3411384739607,15.793836630332395,647.5473018436281
52,-116,994.4006954660957,0,994.4006954660957
51.75,-116,976.5699495619863,0,976.5699495619863
51.5,-116,5062.642772433786,47.167479246277466,5046.920279351688
51.25,-116,16164.693877551068,1145.6530612244894,15442.775510204063
51,-116,45463.07276507271,28506.490644490663,18680.44906444908
50.75,-116,71688.98425400097,52816.049303045926,20578.69772844611
50.5,-116,72515.05457340504,63864.46451447609,9852.928388419163
50.25,-116,66631.20640976721,52341.96032048833,15411.193437619273
50,-116,75232.19325075831,36036.11160262894,41966.89282103136
49.75,-116,73017.677917189445,46395.19335006273,27834.009535759145
49.5,-116,87496.06429105409,55483.41851482682,34369.024545228065
49.25,-116,96332.75179411031,50966.9265033408,51972.649096758265
54,-115.75,0,0,0
53.75,-115.75,0,0,0
53.5,-115.75,0,0,0
53.25,-115.75,0,0,0
53,-115.75,0,0,0
52.75,-115.75,0,0,0
52.5,-115.75,506.32537960954477,0,506.32537960954477
52.25,-115.75,758.7167676767672,15.806599326598779,742.9101683501683
52,-115.75,615.1700080192464,0,615.1700080192464
51.75,-115.75,1779.8774887178138,0,1779.8774887178138
51.5,-115.75,1840.0166073546882,47.17991300909365,1808.5633320152883
51.25,-115.75,11677.772602381261,4332.076933141432,7565.438702080337
51,-115.75,14290.567233987324,3760.675587891385,11109.662465895803
50.75,-115.75,44024.087450019324,27712.498387720825,17625.27408745005
50.5,-115.75,76028.38086087623,59304.94773251339,18394.214962849088
50.25,-115.75,76257.1134020618,69582.66666666664,8155.924398625435
50,-115.75,95494.51130764377,94514.2026531901,1338.1991156032793
49.75,-115.75,92402.07741530736,92231.22132998744,217.45319949811818
49.5,-115.75,87502.36652542367,83300.14406779663,4698.425847457627
49.25,-115.75,68451.02697352145,37505.71640683002,33916.06038109379
54,-115.5,0,0,0
53.75,-115.5,0,0,0
53.5,-115.5,0,0,0
53.25,-115.5,0,0,0
53,-115.5,0,0,0
52.75,-115.5,0,0,0
52.5,-115.5,0,0,0
52.25,-115.5,1009.9900497512433,0,1009.9900497512433
52,-115.5,946.7950260730049,0,946.7950260730049
54,-126.75,45185.800283286175,510.9348441926346,44882.432719546756
51.75,-115.5,1132.1277328739893,31.447992579831944,1100.6797402941572
51.5,-115.5,801.5302950474185,47.14884088514149,754.3814541622759
51.25,-115.5,12392.19638648861,9141.011783189322,3314.009426551449
51,-115.5,7366.570500324891,3024.9959714100014,4482.636517218978
50.75,-115.5,16714.95478036179,6015.503875968993,11467.05426356589
50.5,-115.5,55876.85355541324,39838.41627162069,17834.367456758486
50.25,-115.5,69787.76748918855,53361.61587382343,18732.670058509255
50,-115.5,38847.148624779154,18180.465556396724,22298.26331062325
49.75,-115.5,64027.643629052545,26522.62691631066,39962.83199296306
49.5,-115.5,72556.81800049859,68400.07853403142,4528.984791822485
53.75,-126.75,28671.23063949405,478.11946591707664,28543.73211524943
49.25,-115.5,83624.00296332878,79362.51389060382,5203.339918508459
54,-115.25,0,0,0
53.75,-115.25,0,0,0
53.5,-115.25,0,0,0
53.25,-115.25,0,0,0
53,-115.25,0,0,0
53.5,-126.75,83446.02790178567,1511.7034040178555,82873.171875
52.75,-115.25,0,0,0
52.5,-115.25,0,0,0
52.25,-115.25,0,0,0
52,-115.25,283.8487439871724,0,283.8487439871724
51.75,-115.25,31.502256437483158,15.751128218741579,15.751128218741579
51.5,-115.25,204.39241006720198,0,204.39241006720198
51.25,-115.25,3597.1920911352577,1743.6171271441635,1869.2832263978005
51,-115.25,17006.00986756683,13091.18254998705,4102.739028823678
50.75,-115.25,9074.193548387102,4411.935483870974,5037.741935483871
50.5,-115.25,16246.664404609492,6913.806274007686,9957.129577464786
53.25,-126.75,61975.48087052947,2051.5363182700353,61895.963958968634
50.25,-115.25,45224.05498281781,27072.054982817826,20382.013745704506
50,-115.25,28615.676437144604,12915.177511055015,17536.632596336025
49.75,-115.25,72184.09302033641,57141.20775797134,17777.955310067813
49.5,-115.25,62637.76541671859,51167.350566836925,13423.48548648307
49.25,-115.25,91968.56276306018,91566.07452339694,433.44887348353575
54,-115,0,0,0
53,-126.75,61557.72308538427,4616.829231403826,60891.37659837751
53.75,-115,0,0,0
53.5,-115,0,0,0
53.25,-115,0,0,0
53,-115,0,0,0
52.75,-115,0,0,0
52.5,-115,0,0,0
52.25,-115,0,0,0
52,-115,0,0,0
51.75,-115,0,0,0
51.5,-115,31.444986164184183,31.444986164184183,0
52.75,-126.75,49765.15710382515,12413.545081967202,46689.51502732244
51.25,-115,3233.784873069882,3186.6909186076887,47.09395446218272
51,-115,10841.872694206288,9494.472330475453,1410.0701480904147
50.75,-115,3396.3147024654686,563.4439137730736,2958.080547308638
50.5,-115,13990.846015885167,4903.042018959777,9728.01012042019
50.25,-115,30011.77630741828,17165.17699452853,14265.337829240372
50,-115,48788.189916603464,28697.104371998998,22565.510487743246
49.75,-115,51871.61209384021,33437.00025090955,21136.905407100738
49.5,-115,68124.96387193218,41898.01532328387,29745.575806652516
49.25,-115,79942.89955467587,65866.26669965369,17015.7100445324
52.5,-126.75,48566.11070931851,14560.094019471524,39589.82086230876
54,-114.75,0,0,0
53.75,-114.75,0,0,0
53.5,-114.75,0,0,0
53.25,-114.75,0,0,0
53,-114.75,0,0,0
52.75,-114.75,0,0,0
52.5,-114.75,0,0,0
52.25,-126.75,55614.2514365802,11678.828311142259,50268.30889978975
52.25,-114.75,0,0,0
52,-114.75,0,0,0
51.75,-114.75,0,0,0
51.5,-114.75,0,0,0
51.25,-114.75,565.1274535461915,565.1274535461915,0
51,-114.75,1959.4489212373267,1818.3685989082446,141.08032232908704
50.75,-114.75,2064.0959504771768,1407.3381480526173,688.0319834923914
50.5,-114.75,5997.613531522301,2998.8067657611505,3217.469759097901
50.25,-114.75,8434.478432370537,2151.4935742460893,6657.157653645507
50,-114.75,25683.821018062437,14374.228116710878,12429.662624731613
52,-126.75,65045.943804034534,14403.63775216133,57240.43054755043
49.75,-114.75,38069.84228356342,26513.757967377627,12596.753199498176
49.5,-114.75,50621.94330218067,20140.24635514023,33024.4224299066
49.25,-114.75,40956.11853501606,14822.803761445131,28345.904479089335
54,-114.5,0,0,0
53.75,-114.5,0,0,0
53.5,-114.5,0,0,0
51,-128,18761.2444444445,16617.10222222225,2144.1422222222245
51.75,-126.75,62680.28247313259,13855.475653443063,55626.58577683432
53.25,-114.5,0,0,0
53,-114.5,0,0,0
52.75,-114.5,0,0,0
52.5,-114.5,0,0,0
52.25,-114.5,0,0,0
52,-114.5,0,0,0
51.75,-114.5,0,0,0
51.5,-114.5,0,0,0
51.25,-114.5,0,0,0
51,-114.5,219.34424525850898,219.34424525850898,0
51.5,-126.75,56938.65023721668,2877.5954138112857,55822.20611491826
50.75,-114.5,2535.497611978829,2472.892732670717,78.25609913514818
50.5,-114.5,4808.737287050078,4293.5154348661445,671.3496861790703
50.25,-114.5,6718.664885496186,3569.7778625954215,3226.8297709923636
50,-114.5,9165.107896399239,3143.211876184458,6333.105116866706
49.75,-114.5,13963.6018820577,9195.163864491842,5079.085445420326
49.5,-114.5,35531.71143782701,25269.061799152812,13239.12808372791
49.25,-114.5,34698.279702970234,27393.37871287128,8419.207920792076
51.25,-126.75,54460.00161746867,4673.082086534572,51306.88394662355
54,-114.25,0,0,0
53.75,-114.25,0,0,0
53.5,-114.25,0,0,0
53.25,-114.25,0,0,0
53,-114.25,0,0,0
52.75,-114.25,0,0,0
52.5,-114.25,0,0,0
52.25,-114.25,0,0,0
52,-114.25,0,0,0
51,-126.75,66580.85312899108,17328.73563218388,52082.477650063825
51.75,-114.25,0,0,0
51.5,-114.25,0,0,0
51.25,-114.25,0,0,0
51,-114.25,15.675591369897893,15.675591369897893,0
50.75,-114.25,0,0,0
50.5,-114.25,0,0,0
50.25,-114.25,1402.9694656488534,1293.8496183206066,124.70839694656541
50,-114.25,4977.458954281389,4386.385703460471,606.6278100530438
49.75,-114.25,2205.8735098506777,2128.2019073911415,77.67160245952967
49.5,-114.25,13735.207824570134,13409.655494642408,604.5971841515081
50.75,-126.75,40980.92532467533,29721.996753246738,13817.775974025979
49.25,-114.25,35078.39811834614,18731.18346125284,17678.521911364136
54,-114,0,0,0
53.75,-114,0,0,0
53.5,-114,0,0,0
53.25,-114,0,0,0
53,-114,0,0,0
50.5,-126.75,94873.73233055451,30417.026640087017,74595.71457049654
52.75,-114,0,0,0
52.5,-114,0,0,0
52.25,-114,0,0,0
52,-114,0,0,0
51.75,-114,0,0,0
51.5,-114,0,0,0
51.25,-114,0,0,0
51,-114,15.671517671517678,15.671517671517678,0
50.75,-114,0,0,0
50.5,-114,0,0,0
50.25,-126.75,96954.27182489182,50285.86790531944,72848.24026469838
50.25,-114,0,0,0
50,-114,3549.1289180990893,3517.996208291198,62.26541961577336
49.75,-114,3493.468581462438,3446.8890003762667,46.57958108616527
49.5,-114,403.0647894343384,387.5622975330171,15.502491901320088
49.25,-114,5786.057156996163,2599.084498329825,3527.328962019057
54,-113.75,0,0,0
50,-126.75,86536.67806115634,32595.153157965025,71505.41167044995
53.75,-113.75,0,0,0
53.5,-113.75,0,0,0
53.25,-113.75,0,0,0
53,-113.75,0,0,0
52.75,-113.75,0,0,0
52.5,-113.75,0,0,0
52.25,-113.75,0,0,0
52,-113.75,0,0,0
51.75,-113.75,0,0,0
51.5,-113.75,15.722493082092091,15.722493082092091,0
49.75,-126.75,72045.32694205553,27767.469758917254,58170.31848301144
51.25,-113.75,0,0,0
51,-113.75,47.01455301455304,47.01455301455304,0
50.75,-113.75,0,0,0
50.5,-113.75,0,0,0
50.25,-113.75,0,0,0
50,-113.75,0,0,0
49.75,-113.75,46.59711417816721,46.59711417816721,0
49.5,-113.75,31.012711864405603,31.012711864405603,0
49.25,-113.75,15.472655283344597,15.472655283344597,0
49.5,-126.75,22588.139183055922,7529.379727685325,16941.104387292005
54,-113.5,0,0,0
53.75,-113.5,0,0,0
53.5,-113.5,0,0,0
53.25,-113.5,0,0,0
53,-113.5,0,0,0
52.75,-113.5,0,0,0
52.5,-113.5,0,0,0
50.75,-128,22616.749898771708,8968.146848427587,13992.272911324097
52.25,-113.5,0,0,0
52,-113.5,0,0,0
51.75,-113.5,0,0,0
51.5,-113.5,47.17369530838076,47.17369530838076,0
51.25,-113.5,0,0,0
51,-113.5,15.671517671517678,15.671517671517678,0
50.75,-113.5,0,0,0
50.5,-113.5,0,0,0
50.25,-113.5,0,0,0
50,-113.5,0,0,0
49.75,-113.5,15.530422782586417,15.530422782586417,0
49.5,-113.5,0,0,0
49.25,-113.5,15.474569978962863,15.474569978962863,0
54,-113.25,0,0,0
53.75,-113.25,0,0,0
53.5,-113.25,0,0,0
53.25,-113.25,0,0,0
53,-113.25,0,0,0
52.75,-113.25,0,0,0
52.5,-113.25,0,0,0
52.25,-113.25,0,0,0
52,-113.25,0,0,0
51.75,-113.25,0,0,0
51.5,-113.25,0,0,0
51.25,-113.25,0,0,0
51,-113.25,78.36777128005185,78.36777128005185,0
50.75,-113.25,156.43142820281307,156.43142820281307,0
50.5,-113.25,0,0,0
50.25,-113.25,0,0,0
50,-113.25,0,0,0
49.75,-113.25,0,0,0
49.5,-113.25,0,0,0
49.25,-113.25,46.42945544554439,46.42945544554439,0
54,-113,0,0,0
53.75,-113,0,0,0
53.5,-113,0,0,0
53.25,-113,0,0,0
53,-113,0,0,0
52.75,-113,0,0,0
52.5,-113,0,0,0
52.25,-113,0,0,0
52,-113,173.50948944132537,173.50948944132537,0
54,-126.5,16915.13306908269,351.0687995469994,16580.021942242354
51.75,-113,31.493895966028752,31.493895966028752,0
51.5,-113,47.167479246277466,47.167479246277466,0
51.25,-113,15.697984820727177,15.697984820727177,0
51,-113,94.01688969728431,94.01688969728431,0
50.75,-113,375.3869969040245,375.3869969040245,0
50.5,-113,46.84435049961478,46.84435049961478,0
50.25,-113,0,0,0
50,-113,0,0,0
49.75,-113,46.602961475717805,46.602961475717805,0
49.5,-113,15.502491901320088,15.502491901320088,0
53.75,-126.5,36474.830873049395,223.18515394348393,36363.23829607758
49.25,-113,46.41222318446102,46.41222318446102,0
54,-112.75,0,0,0
53.75,-112.75,0,0,0
53.5,-112.75,0,0,0
53.25,-112.75,0,0,0
53,-112.75,0,0,0
53.5,-126.5,71812.0979762736,238.78995115143059,71812.0979762736
52.75,-112.75,0,0,0
52.5,-112.75,0,0,0
52.25,-112.75,0,0,0
52,-112.75,0,0,0
51.75,-112.75,0,0,0
51.5,-112.75,172.9018574627849,172.9018574627849,0
51.25,-112.75,109.90027483313592,109.90027483313592,0
51,-112.75,78.33723044946629,78.33723044946629,0
50.75,-112.75,250.3225806451615,250.3225806451615,0
50.5,-112.75,31.24157375368374,31.24157375368374,0
53.25,-126.5,40197.36533665833,365.5750900526464,40133.787060127426
50.25,-112.75,46.765648854960965,46.765648854960965,0
50,-112.75,77.81210513014899,77.81210513014899,0
49.75,-112.75,341.62644254892103,341.62644254892103,0
49.5,-112.75,15.498629795714079,15.498629795714079,0
49.25,-112.75,30.95297029702876,30.95297029702876,0
54,-112.5,0,0,0
53,-126.5,69884.1495185695,1428.4745529573581,69868.2775790922
53.75,-112.5,0,0,0
53.5,-112.5,0,0,0
53.25,-112.5,0,0,0
53,-112.5,0,0,0
52.75,-112.5,0,0,0
52.5,-112.5,0,0,0
52.25,-112.5,0,0,0
52,-112.5,0,0,0
51.75,-112.5,0,0,0
51.5,-112.5,0,0,0
50.5,-128,44952.46085644216,6070.306734578377,39617.94887757031
52.75,-126.5,67027.51297459716,7433.413001912041,65997.29582081402
51.25,-112.5,0,0,0
51,-112.5,0,0,0
50.75,-112.5,140.77012383900887,140.77012383900887,0
50.5,-112.5,0,0,0
50.25,-112.5,0,0,0
50,-112.5,0,0,0
49.75,-112.5,326.1797992471766,326.1797992471766,0
49.5,-112.5,0,0,0
49.25,-112.5,15.47648514851438,15.47648514851438,0
52.5,-126.5,54896.27823728811,20477.308745762704,44404.42684745758
54,-112.25,0,0,0
53.75,-112.25,0,0,0
53.5,-112.25,0,0,0
53.25,-112.25,0,0,0
53,-112.25,0,0,0
52.75,-112.25,0,0,0
52.5,-112.25,0,0,0
52.25,-126.5,47558.648357565966,13019.377490576235,43608.5945072698
52.25,-112.25,0,0,0
52,-112.25,0,0,0
51.75,-112.25,0,0,0
51.5,-112.25,0,0,0
51.25,-112.25,0,0,0
51,-112.25,78.3575883575884,78.3575883575884,0
50.75,-112.25,234.61687306501562,234.61687306501562,0
50.5,-112.25,0,0,0
50.25,-112.25,31.181066293421015,31.181066293421015,0
50,-112.25,31.120909665192485,31.120909665192485,0
52,-126.5,55404.25290736528,14766.053736131582,48368.29140489235
49.75,-112.25,0,0,0
49.5,-112.25,0,0,0
49.25,-112.25,0,0,0
54,-112,0,0,0
53.75,-112,0,0,0
53.5,-112,0,0,0
51.75,-126.5,63153.64167219636,12851.21486396812,57043.014996682134
53.25,-112,0,0,0
53,-112,0,0,0
52.75,-112,0,0,0
52.5,-112,0,0,0
52.25,-112,0,0,0
52,-112,0,0,0
51.75,-112,0,0,0
51.5,-112,0,0,0
51.25,-112,0,0,0
51,-112,579.846153846154,579.846153846154,0
51.5,-126.5,52079.75962045338,5692.292567211389,48604.630732735925
50.75,-112,265.9677419354834,265.9677419354834,0
50.5,-112,327.95246636771355,327.95246636771355,0
50.25,-112,62.346266378323314,62.346266378323314,0
50,-112,108.9507140149119,108.9507140149119,0
49.75,-112,139.77380504328144,139.77380504328144,0
49.5,-112,0,0,0
49.25,-112,0,0,0
51.25,-126.5,52464.63265306126,3844.9999999999936,50455.81632653058
54,-111.75,0,0,0
53.75,-111.75,0,0,0
53.5,-111.75,0,0,0
53.25,-111.75,0,0,0
53,-111.75,0,0,0
52.75,-111.75,0,0,0
52.5,-111.75,0,0,0
52.25,-111.75,0,0,0
52,-111.75,0,0,0
51,-126.5,73872.40000000001,13511.865,63828.01499999999
51.75,-111.75,0,0,0
51.5,-111.75,0,0,0
51.25,-111.75,0,0,0
51,-111.75,31.343035343035357,31.343035343035357,0
50.75,-111.75,265.9334279447815,265.9334279447815,0
50.5,-111.75,265.5193490517688,265.5193490517688,0
50.25,-111.75,202.65114503816744,202.65114503816744,0
50,-111.75,77.8022741629812,77.8022741629812,0
49.75,-111.75,170.8560853199497,170.8560853199497,0
49.5,-111.75,0,0,0
50.75,-126.5,63868.41311343528,34043.644408688706,33433.98028962192
49.25,-111.75,0,0,0
54,-111.5,0,0,0
53.75,-111.5,0,0,0
53.5,-111.5,0,0,0
53.25,-111.5,0,0,0
53,-111.5,0,0,0
50.5,-126.5,90916.37634765296,45993.941781389905,58629.64007298059
52.75,-111.5,0,0,0
52.5,-111.5,0,0,0
52.25,-111.5,0,0,0
52,-111.5,0,0,0
51.75,-111.5,0,0,0
51.5,-111.5,0,0,0
51.25,-111.5,0,0,0
51,-111.5,62.66978435957278,62.66978435957278,0
50.75,-111.5,125.17744225061355,125.17744225061355,0
50.5,-111.5,0,0,0
50.25,-128,41695.41492537319,2377.3701492537357,40049.54328358208
50.25,-126.5,108338.61483649314,57653.79157653641,78872.50718920985
50.25,-111.5,15.588549618319913,15.588549618319913,0
50,-111.5,0,0,0
49.75,-111.5,310.6474278544538,310.6474278544538,0
49.5,-111.5,0,0,0
49.25,-111.5,0,0,0
54,-111.25,0,0,0
50,-126.5,80976.60694883128,38838.895262160404,61603.84068224893
53.75,-111.25,0,0,0
53.5,-111.25,0,0,0
53.25,-111.25,0,0,0
53,-111.25,0,0,0
52.75,-111.25,0,0,0
52.5,-111.25,0,0,0
52.25,-111.25,0,0,0
52,-111.25,0,0,0
51.75,-111.25,0,0,0
51.5,-111.25,0,0,0
49.75,-126.5,87732.0679962312,33164.39353015072,75795.99670226133
51.25,-111.25,0,0,0
51,-111.25,47.026774109694884,47.026774109694884,0
50.75,-111.25,0,0,0
50.5,-111.25,0,0,0
50.25,-111.25,0,0,0
50,-111.25,46.699064711830026,46.699064711830026,0
49.75,-111.25,0,0,0
49.5,-111.25,0,0,0
49.25,-111.25,0,0,0
49.5,-126.5,52430.60124173843,18888.971359903917,44830.1576206689
54,-111,0,0,0
53.75,-111,0,0,0
53.5,-111,0,0,0
53.25,-111,0,0,0
53,-111,0,0,0
52.75,-111,0,0,0
52.5,-111,0,0,0
52.25,-111,0,0,0
52,-111,0,0,0
51.75,-111,0,0,0
51.5,-111,0,0,0
51.25,-111,0,0,0
51,-111,47.02066276803063,47.02066276803063,0
50.75,-111,0,0,0
50.5,-111,0,0,0
50.25,-111,0,0,0
50,-111,15.560454832596243,15.560454832596243,0
49.75,-111,62.12948557089002,62.12948557089002,0
49.5,-111,0,0,0
49.25,-111,0,0,0
54,-110.75,0,0,0
53.75,-110.75,0,0,0
53.5,-110.75,0,0,0
53.25,-110.75,0,0,0
53,-110.75,0,0,0
52.75,-110.75,0,0,0
52.5,-110.75,0,0,0
52.25,-110.75,0,0,0
52,-110.75,0,0,0
51.75,-110.75,0,0,0
51.5,-110.75,0,0,0
51.25,-110.75,0,0,0
51,-110.75,0,0,0
50.75,-110.75,0,0,0
50.5,-110.75,0,0,0
50.25,-110.75,0,0,0
50,-110.75,155.52595024624364,155.52595024624364,0
49.75,-110.75,46.64979273960463,46.64979273960463,0
49.5,-110.75,0,0,0
49.25,-110.75,0,0,0
54,-110.5,0,0,0
53.75,-110.5,0,0,0
53.5,-110.5,0,0,0
53.25,-110.5,0,0,0
53,-110.5,0,0,0
52.75,-110.5,0,0,0
52.5,-110.5,0,0,0
52.25,-110.5,0,0,0
52,-110.5,0,0,0
54,-126.25,19814.691926345557,383.201133144476,19463.424220963218
51.75,-110.5,0,0,0
51.5,-110.5,0,0,0
51.25,-110.5,0,0,0
51,-110.5,0,0,0
50.75,-110.5,15.637090533917164,15.637090533917164,0
50.5,-110.5,0,0,0
50.25,-110.5,15.616365026765255,15.616365026765255,0
50,-110.5,0,0,0
49.75,-110.5,294.9670178078755,294.9670178078755,0
49.5,-110.5,325.59289719626145,325.59289719626145,0
50,-128,30790.25,0,30790.25
53.75,-126.25,19796.92831037393,1482.37868990722,18984.01096429579
49.25,-110.5,0,0,0
54,-110.25,0,0,0
53.75,-110.25,0,0,0
53.5,-110.25,0,0,0
53.25,-110.25,0,0,0
53,-110.25,0,0,0
53.5,-126.25,60071.16773653359,0,60071.16773653359
52.75,-110.25,0,0,0
52.5,-110.25,0,0,0
52.25,-110.25,0,0,0
52,-110.25,0,0,0
51.75,-110.25,0,0,0
51.5,-110.25,0,0,0
51.25,-110.25,0,0,0
51,-110.25,0,0,0
50.75,-110.25,0,0,0
50.5,-110.25,0,0,0
53.25,-126.25,47792.317350332545,540.5651330376945,47251.75221729487
50.25,-110.25,0,0,0
50,-110.25,0,0,0
49.75,-110.25,2749.5747270673914,2749.5747270673914,15.534320491905936
49.5,-110.25,434.01569702254926,434.01569702254926,0
49.25,-110.25,0,0,0
54,-110,0,0,0
53,-126.25,43695.44938101784,95.2316368638231,43647.83356258599
53.75,-110,0,0,0
53.5,-110,0,0,0
53.25,-110,0,0,0
53,-110,0,0,0
52.75,-110,0,0,0
52.5,-110,0,0,0
52.25,-110,0,0,0
52,-110,0,0,0
51.75,-110,0,0,0
51.5,-110,0,0,0
52.75,-126.25,77556.8346306159,11521.00914925577,75655.15499112381
51.25,-110,0,0,0
51,-110,627.1051605355518,627.1051605355518,0
50.75,-110,0,0,0
50.5,-110,0,0,0
50.25,-110,0,0,0
50,-110,0,0,0
49.75,-110,5948.151925730772,5948.151925730772,0
49.5,-110,4169.6508035380575,4169.6508035380575,0
49.25,-110,0,0,0
52.5,-126.25,76639.57206779663,23215.00149152541,64992.509288135545
54,-109.75,0,0,0
53.75,-109.75,0,0,0
53.5,-109.75,0,0,0
53.25,-109.75,0,0,0
53,-109.75,0,0,0
52.75,-109.75,0,0,0
52.5,-109.75,0,0,0
52.25,-126.25,22945.001750370284,2401.9561060993633,22470.931466271697
52.25,-109.75,0,0,0
52,-109.75,0,0,0
51.75,-109.75,0,0,0
51.5,-109.75,0,0,0
51.25,-109.75,0,0,0
51,-109.75,438.74548525399473,438.74548525399473,0
50.75,-109.75,0,0,0
50.5,-109.75,0,0,0
50.25,-109.75,0,0,0
50,-109.75,0,0,0
52,-126.25,19144.020844468232,4825.428647781932,17740.546499198317
49.75,-109.75,295.1520893462165,295.1520893462165,0
49.5,-109.75,620.408875592122,620.408875592122,0
49.25,-109.75,0,0,0
54,-109.5,0,0,0
53.75,-109.5,0,0,0
53.5,-109.5,0,0,0
51.75,-126.25,49915.32532519251,11514.07472790019,46717.84629678789
53.25,-109.5,0,0,0
53,-109.5,0,0,0
52.75,-109.5,0,0,0
52.5,-109.5,0,0,0
52.25,-109.5,0,0,0
52,-109.5,0,0,0
51.75,-109.5,0,0,0
51.5,-109.5,0,0,0
51.25,-109.5,0,0,0
51,-109.5,15.671517671517678,15.671517671517678,0
51.5,-126.25,25017.783078545068,1273.6897733263042,24844.812862414383
50.75,-109.5,15.643142820280337,15.643142820280337,0
50.5,-109.5,0,0,0
50.25,-109.5,0,0,0
50,-109.5,31.11697827185432,31.11697827185432,0
49.75,-109.5,978.416635302974,978.416635302974,0
49.5,-109.5,0,0,0
49.25,-109.5,0,0,0
51.25,-126.25,39066.81047120418,2308.207853403144,37700.728272251275
54,-109.25,0,0,0
53.75,-109.25,0,0,0
53.5,-109.25,0,0,0
53.25,-109.25,0,0,0
53,-109.25,0,0,0
52.75,-109.25,0,0,0
52.5,-109.25,0,0,0
52.25,-109.25,0,0,0
52,-109.25,0,0,0
51,-126.25,68036.13386585873,10614.035532295831,59980.0975072304
51.75,-109.25,0,0,0
51.5,-109.25,0,0,0
51.25,-109.25,0,0,0
51,-109.25,0,0,0
50.75,-109.25,15.647180281326087,15.647180281326087,0
50.5,-109.25,0,0,0
50.25,-109.25,0,0,0
50,-109.25,0,0,0
49.75,-109.25,0,0,0
49.5,-109.25,0,0,0
50.75,-126.25,80861.87113857015,23629.30273609888,62733.23036187113
49.25,-109.25,0,0,0
54,-109,0,0,0
53.75,-109,0,0,0
53.5,-109,0,0,0
53.25,-109,0,0,0
53,-109,0,0,0
50.5,-126.25,95192.02792175223,61504.93261996324,44162.090453101504
52.75,-109,0,0,0
52.5,-109,0,0,0
52.25,-109,0,0,0
52,-109,0,0,0
51.75,-109,0,0,0
51.5,-109,0,0,0
51.25,-109,0,0,0
51,-109,0,0,0
50.75,-109,15.647180281326087,15.647180281326087,0
50.5,-109,31.21756947112274,31.21756947112274,0
50.25,-126.25,95810.62485688848,28850.734766569112,84448.01780943903
50.25,-109,0,0,0
50,-109,0,0,0
49.75,-109,15.540170725582627,15.540170725582627,0
49.5,-109,62.017694704049084,62.017694704049084,0
49.25,-109,0,0,0
54,-108.75,0,0,0
50,-126.25,92674.21721000755,42392.034874905265,71447.07493050295
53.75,-108.75,0,0,0
53.5,-108.75,0,0,0
53.25,-108.75,0,0,0
53,-108.75,0,0,0
52.75,-108.75,0,0,0
52.5,-108.75,0,0,0
52.25,-108.75,0,0,0
52,-108.75,0,0,0
51.75,-108.75,0,0,0
51.5,-108.75,0,0,0
49.75,-126.25,107106.99627064464,43611.14611081519,96356.72509323385
51.25,-108.75,0,0,0
51,-108.75,109.70062370062377,109.70062370062377,0
50.75,-108.75,0,0,0
50.5,-108.75,15.618785238338768,15.618785238338768,0
50.25,-108.75,0,0,0
50,-108.75,31.1405815423513,31.1405815423513,0
49.75,-108.75,46.55622414441445,46.55622414441445,0
49.5,-108.75,0,0,0
49.25,-108.75,0,0,0
49.5,-126.25,101640.60178571424,22679.851785714312,94581.98928571427
54,-108.5,0,0,0
53.75,-108.5,0,0,0
53.5,-108.5,0,0,0
53.25,-108.5,0,0,0
53,-108.5,0,0,0
52.75,-108.5,0,0,0
52.5,-108.5,0,0,0
49.25,-126.25,62010.879190385844,6169.449715370018,61219.92409867175
52.25,-108.5,0,0,0
52,-108.5,0,0,0
51.75,-108.5,0,0,0
51.5,-108.5,0,0,0
51.25,-108.5,0,0,0
51,-108.5,109.72913958929006,109.72913958929006,0
50.75,-108.5,62.55642976912073,62.55642976912073,0
50.5,-108.5,31.237570476677536,31.237570476677536,0
50.25,-108.5,0,0,0
50,-108.5,0,0,0
49.75,-108.5,0,0,0
49.5,-108.5,0,0,0
49.25,-108.5,0,0,0
54,-108.25,0,0,0
53.75,-108.25,0,0,0
53.5,-108.25,0,0,0
53.25,-108.25,0,0,0
53,-108.25,0,0,0
52.75,-108.25,0,0,0
52.5,-108.25,0,0,0
52.25,-108.25,0,0,0
52,-108.25,0,0,0
51.75,-108.25,0,0,0
51.5,-108.25,0,0,0
51.25,-108.25,0,0,0
51,-108.25,0,0,0
50.75,-108.25,0,0,0
50.5,-108.25,15.620786876841258,15.620786876841258,0
50.25,-108.25,0,0,0
50,-108.25,0,0,0
49.75,-108.25,15.532371392721576,15.532371392721576,0
49.5,-108.25,0,0,0
49.25,-108.25,0,0,0
54,-108,0,0,0
53.75,-108,0,0,0
53.5,-108,0,0,0
53.25,-108,0,0,0
53,-108,0,0,0
52.75,-108,0,0,0
52.5,-108,0,0,0
52.25,-108,0,0,0
52,-108,0,0,0
54,-126,5938.776377283667,79.82226313553264,5874.918566775243
51.75,-108,0,0,0
51.5,-108,0,0,0
51.25,-108,0,0,0
51,-108,0,0,0
50.75,-108,15.64516129032184,15.64516129032184,0
50.5,-108,0,0,0
50.25,-108,15.590533146710507,15.590533146710507,0
50,-108,15.556523935833376,15.556523935833376,0
49.75,-108,0,0,0
49.5,-108,0,0,0
53.75,-126,10837.374560787071,223.1224174279691,10678.001405481373
49.25,-108,0,0,0
54,-107.75,0,0,0
53.75,-107.75,0,0,0
53.5,-107.75,0,0,0
53.25,-107.75,0,0,0
53,-107.75,0,0,0
53.5,-126,16592.57350272237,0,16592.57350272237
52.75,-107.75,0,0,0
52.5,-107.75,0,0,0
52.25,-107.75,0,0,0
52,-107.75,0,0,0
51.75,-107.75,0,0,0
51.5,-107.75,0,0,0
51.25,-107.75,0,0,0
51,-107.75,0,0,0
50.75,-107.75,0,0,0
50.5,-107.75,0,0,0
53.25,-126,19134.410306136564,492.66338828092546,18641.746917855606
50.25,-107.75,0,0,0
50,-107.75,0,0,0
49.75,-107.75,0,0,0
49.5,-107.75,0,0,0
49.25,-107.75,30.94531056669044,30.94531056669044,0
54,-107.5,0,0,0
53,-126,6680.248762376239,333.21905940594087,6489.837871287124
53.75,-107.5,0,0,0
53.5,-107.5,0,0,0
53.25,-107.5,0,0,0
53,-107.5,0,0,0
52.75,-107.5,0,0,0
52.5,-107.5,0,0,0
52.25,-107.5,0,0,0
52,-107.5,0,0,0
51.75,-107.5,0,0,0
51.5,-107.5,0,0,0
52.75,-126,48014.676956699856,729.1763420297773,47650.088785685024
51.25,-107.5,0,0,0
51,-107.5,0,0,0
50.75,-107.5,0,0,0
50.5,-107.5,0,0,0
50.25,-107.5,0,0,0
50,-107.5,0,0,0
49.75,-107.5,15.546025367323788,15.546025367323788,0
49.5,-107.5,0,0,0
49.25,-107.5,0,0,0
52.5,-126,62372.957700650804,12436.617136659384,51550.25271149674
54,-107.25,0,0,0
53.75,-107.25,0,0,0
53.5,-107.25,0,0,0
53.25,-107.25,0,0,0
53,-107.25,0,0,0
52.75,-107.25,0,0,0
52.5,-107.25,0,0,0
53.75,-128,23405.848143982028,1578.4597862767143,23166.68757030372
52.25,-126,56020.022075649504,28389.165163548285,36572.57504374752
52.25,-107.25,0,0,0
52,-107.25,0,0,0
51.75,-107.25,0,0,0
51.5,-107.25,0,0,0
51.25,-107.25,0,0,0
51,-107.25,0,0,0
50.75,-107.25,0,0,0
50.5,-107.25,0,0,0
50.25,-107.25,31.177099236641048,31.177099236641048,0
50,-107.25,31.11697827185432,31.11697827185432,0
52,-126,22294.04197860962,5822.010962566841,18617.81283422458
49.75,-107.25,0,0,0
49.5,-107.25,0,0,0
49.25,-107.25,0,0,0
54,-107,0,0,0
53.75,-107,0,0,0
53.5,-107,0,0,0
51.75,-126,17353.136677282393,2267.5605095541437,16817.74044585988
53.25,-107,0,0,0
53,-107,0,0,0
52.75,-107,0,0,0
52.5,-107,0,0,0
52.25,-107,0,0,0
52,-107,0,0,0
51.75,-107,0,0,0
51.5,-107,0,0,0
51.25,-107,0,0,0
51,-107,0,0,0
51.5,-126,0,0,0
50.75,-107,15.647180281326087,15.647180281326087,0
50.5,-107,0,0,0
50.25,-107,0,0,0
50,-107,15.560454832596243,15.560454832596243,0
49.75,-107,0,0,0
49.5,-107,0,0,0
49.25,-107,0,0,0
51.25,-126,16922.427636744327,1946.5501177702176,16168.92436534935
54,-106.75,0,0,0
53.75,-106.75,0,0,0
53.5,-106.75,0,0,0
53.25,-106.75,0,0,0
53,-106.75,0,0,0
52.75,-106.75,0,0,0
52.5,-106.75,0,0,0
52.25,-106.75,15.80021540118442,15.80021540118442,0
52,-106.75,0,0,0
51,-126,44992.92723492729,5281.301455301457,41874.29521829519
51.75,-106.75,0,0,0
51.5,-106.75,0,0,0
51.25,-106.75,0,0,0
51,-106.75,0,0,0
50.75,-106.75,0,0,0
50.5,-106.75,0,0,0
50.25,-106.75,0,0,0
50,-106.75,15.55848913592716,15.55848913592716,0
49.75,-106.75,0,0,0
49.5,-106.75,0,0,0
50.75,-126,90673.75209891616,15695.31369256604,79883.22393527701
49.25,-106.75,0,0,0
54,-106.5,0,0,0
53.75,-106.5,0,0,0
53.5,-106.5,0,0,0
53.25,-106.5,0,0,0
53,-106.5,0,0,0
50.5,-126,88117.340862069,51151.34931034482,46759.14224137926
52.75,-106.5,0,0,0
52.5,-106.5,0,0,0
52.25,-106.5,0,0,0
52,-106.5,0,0,0
51.75,-106.5,0,0,0
51.5,-106.5,0,0,0
51.25,-106.5,0,0,0
51,-106.5,0,0,0
50.75,-106.5,0,0,0
50.5,-106.5,0,0,0
50.25,-126,103572.73502098973,53539.856252385165,70653.9063732349
50.25,-106.5,0,0,0
50,-106.5,0,0,0
49.75,-106.5,31.060845565172833,31.060845565172833,0
49.5,-106.5,0,0,0
49.25,-106.5,0,0,0
54,-106.25,0,0,0
50,-126,102320.28484771893,30366.120434727687,92654.8000758246
53.75,-106.25,0,0,0
53.5,-106.25,0,0,0
53.25,-106.25,0,0,0
53,-106.25,0,0,0
52.75,-106.25,0,0,0
52.5,-106.25,0,0,0
52.25,-106.25,0,0,0
52,-106.25,0,0,0
51.75,-106.25,0,0,0
51.5,-106.25,0,0,0
49.75,-126,101237.76366189985,61548.766853932575,75695.18347803886
51.25,-106.25,0,0,0
51,-106.25,0,0,0
50.75,-106.25,0,0,0
50.5,-106.25,0,0,0
50.25,-106.25,0,0,0
50,-106.25,0,0,0
49.75,-106.25,0,0,0
49.5,-106.25,0,0,0
49.25,-106.25,0,0,0
49.5,-126,100724.16085296826,45317.68342766877,92420.55929972357
54,-106,0,0,0
53.75,-106,0,0,0
53.5,-106,0,0,0
53.25,-106,0,0,0
53,-106,0,0,0
52.75,-106,0,0,0
52.5,-106,0,0,0
49.25,-126,69472.22222222228,27757.80512055682,55546.69400944568
52.25,-106,0,0,0
52,-106,0,0,0
51.75,-106,0,0,0
51.5,-106,0,0,0
51.25,-106,0,0,0
51,-106,0,0,0
50.75,-106,0,0,0
50.5,-106,0,0,0
50.25,-106,0,0,0
50,-106,0,0,0
49,-126,12823.979591836784,0,12823.979591836784
49.75,-106,0,0,0
49.5,-106,0,0,0
49.25,-106,15.472655283344597,15.472655283344597,0
54,-105.75,0,0,0
53.75,-105.75,0,0,0
53.5,-105.75,0,0,0
53.25,-105.75,0,0,0
53,-105.75,0,0,0
52.75,-105.75,0,0,0
52.5,-105.75,0,0,0
52.25,-105.75,0,0,0
52,-105.75,0,0,0
51.75,-105.75,0,0,0
51.5,-105.75,0,0,0
51.25,-105.75,0,0,0
51,-105.75,0,0,0
50.75,-105.75,0,0,0
50.5,-105.75,0,0,0
50.25,-105.75,0,0,0
50,-105.75,0,0,0
49.75,-105.75,0,0,0
49.5,-105.75,0,0,0
49.25,-105.75,0,0,0
54,-105.5,0,0,0
53.75,-105.5,0,0,0
53.5,-105.5,0,0,0
53.25,-105.5,0,0,0
53,-105.5,0,0,0
52.75,-105.5,0,0,0
52.5,-105.5,0,0,0
52.25,-105.5,0,0,0
52,-105.5,0,0,0
54,-125.75,4803.939544103067,191.51918448251462,4660.3001557411835
51.75,-105.5,0,0,0
51.5,-105.5,0,0,0
51.25,-105.5,0,0,0
51,-105.5,0,0,0
50.75,-105.5,0,0,0
50.5,-105.5,0,0,0
50.25,-105.5,0,0,0
50,-105.5,0,0,0
49.75,-105.5,0,0,0
49.5,-105.5,0,0,0
53.75,-125.75,5595.570645297345,223.18515394348393,5436.152678194854
49.25,-105.5,0,0,0
54,-105.25,0,0,0
53.75,-105.25,0,0,0
53.5,-105.25,0,0,0
53.25,-105.25,0,0,0
53,-105.25,0,0,0
53.5,-125.75,4440.873290538651,445.6790399106895,3995.1942506279706
52.75,-105.25,0,0,0
52.5,-105.25,0,0,0
52.25,-105.25,0,0,0
52,-105.25,0,0,0
51.75,-105.25,0,0,0
51.5,-105.25,0,0,0
51.25,-105.25,0,0,0
51,-105.25,0,0,0
50.75,-105.25,0,0,0
50.5,-105.25,0,0,0
53.25,-125.75,3035.862704350239,47.68370739817061,3004.07356608479
50.25,-105.25,0,0,0
50,-105.25,0,0,0
49.75,-105.25,0,0,0
49.5,-105.25,0,0,0
49.25,-105.25,0,0,0
54,-105,0,0,0
53,-125.75,1365.362410566874,15.876307099614115,1349.4861034672517
53.75,-105,0,0,0
53.5,-105,0,0,0
53.25,-105,0,0,0
53,-105,0,0,0
52.75,-105,0,0,0
52.5,-105,0,0,0
52.25,-105,0,0,0
52,-105,0,0,0
51.75,-105,0,0,0
51.5,-105,0,0,0
52.75,-125.75,23992.858118257533,63.389321316400306,23929.468796941175
51.25,-105,0,0,0
51,-105,0,0,0
50.75,-105,0,0,0
50.5,-105,0,0,0
50.25,-105,0,0,0
50,-105,0,0,0
49.75,-105,0,0,0
49.5,-105,0,0,0
49.25,-105,0,0,0
52.5,-125.75,31364.780474576226,11536.289084745758,20208.286915254197
54,-104.75,0,0,0
53.75,-104.75,0,0,0
53.5,-104.75,0,0,0
53.25,-104.75,0,0,0
53,-104.75,0,0,0
52.75,-104.75,0,0,0
52.5,-104.75,0,0,0
52.25,-125.75,49201.87075928923,25517.347872913248,25770.151319332297
52.25,-104.75,0,0,0
52,-104.75,0,0,0
51.75,-104.75,0,0,0
51.5,-104.75,0,0,0
51.25,-104.75,0,0,0
51,-104.75,0,0,0
50.75,-104.75,0,0,0
50.5,-104.75,0,0,0
50.25,-104.75,0,0,0
50,-104.75,0,0,0
52,-125.75,36279.25688318636,14685.212242715865,23707.70569366475
49.75,-104.75,0,0,0
49.5,-104.75,0,0,0
49.25,-104.75,0,0,0
54,-104.5,0,0,0
53.75,-104.5,0,0,0
53.5,-104.5,0,0,0
51.75,-125.75,28828.391079251305,10649.176158237093,22794.90813752816
53.25,-104.5,0,0,0
53,-104.5,0,0,0
52.75,-104.5,0,0,0
52.5,-104.5,0,0,0
52.25,-104.5,0,0,0
52,-104.5,0,0,0
51.75,-104.5,0,0,0
51.5,-104.5,0,0,0
51.25,-104.5,0,0,0
51,-104.5,0,0,0
51.5,-125.75,22608.945052049006,8191.418895770189,21052.418236921803
50.75,-104.5,0,0,0
50.5,-104.5,0,0,0
50.25,-104.5,0,0,0
50,-104.5,0,0,0
49.75,-104.5,0,0,0
49.5,-104.5,0,0,0
49.25,-104.5,0,0,0
51.25,-125.75,47495.88695538403,13624.068036111523,45094.40952505559
54,-104.25,0,0,0
53.75,-104.25,0,0,0
53.5,-104.25,0,0,0
53.25,-104.25,0,0,0
53,-104.25,0,0,0
52.75,-104.25,0,0,0
52.5,-104.25,0,0,0
52.25,-104.25,0,0,0
52,-104.25,0,0,0
51,-125.75,42255.771971496426,5681.849564528898,40250.41330166271
51.75,-104.25,0,0,0
51.5,-104.25,0,0,0
51.25,-104.25,0,0,0
51,-104.25,0,0,0
50.75,-104.25,0,0,0
50.5,-104.25,0,0,0
50.25,-104.25,0,0,0
50,-104.25,0,0,0
49.75,-104.25,0,0,0
49.5,-104.25,0,0,0
50.75,-125.75,85994.40831218273,21022.56503807101,74473.35025380709
49.25,-104.25,0,0,0
54,-104,0,0,0
53.75,-104,0,0,0
53.5,-104,0,0,0
53.25,-104,0,0,0
53,-104,0,0,0
50.5,-125.75,96762.34196164047,64033.06424450338,47098.228910026446
52.75,-104,0,0,0
52.5,-104,0,0,0
52.25,-104,0,0,0
52,-104,0,0,0
51.75,-104,0,0,0
51.5,-104,0,0,0
51.25,-104,0,0,0
51,-104,0,0,0
50.75,-104,0,0,0
50.5,-104,0,0,0
50.25,-125.75,107581.83465189875,80439.9992088608,40906.62341772153
50.25,-104,0,0,0
50,-104,0,0,0
49.75,-104,0,0,0
49.5,-104,0,0,0
49.25,-104,0,0,0
54,-103.75,0,0,0
50,-125.75,104026.47555892379,54821.190349879995,67297.52254641909
53.75,-103.75,0,0,0
53.5,-103.75,0,0,0
53.25,-103.75,0,0,0
53,-103.75,0,0,0
52.75,-103.75,0,0,0
52.5,-103.75,0,0,0
52.25,-103.75,0,0,0
52,-103.75,0,0,0
51.75,-103.75,0,0,0
51.5,-103.75,0,0,0
49.75,-125.75,80892.59021329982,31499.64918444161,72908.95131744035
51.25,-103.75,0,0,0
51,-103.75,0,0,0
50.75,-103.75,0,0,0
50.5,-103.75,0,0,0
50.25,-103.75,0,0,0
50,-103.75,0,0,0
49.75,-103.75,0,0,0
49.5,-103.75,0,0,0
49.25,-103.75,0,0,0
49.5,-125.75,80039.36568651884,40058.439073012734,74411.96112633939
54,-103.5,0,0,0
53.75,-103.5,0,0,0
53.5,-103.5,0,0,0
53.25,-103.5,0,0,0
53,-103.5,0,0,0
52.75,-103.5,0,0,0
52.5,-103.5,0,0,0
49.25,-125.75,100032.08919816537,38782.70599399024,90717.12003795669
52.25,-103.5,0,0,0
52,-103.5,0,0,0
51.75,-103.5,0,0,0
51.5,-103.5,0,0,0
51.25,-103.5,0,0,0
51,-103.5,0,0,0
50.75,-103.5,0,0,0
50.5,-103.5,0,0,0
50.25,-103.5,0,0,0
50,-103.5,0,0,0
49,-125.75,16779.652491998124,4827.023319615913,13906.424325560067
49.75,-103.5,0,0,0
49.5,-103.5,0,0,0
49.25,-103.5,0,0,0
54,-103.25,0,0,0
53.75,-103.25,0,0,0
53.5,-103.25,0,0,0
53.25,-103.25,0,0,0
53,-103.25,0,0,0
52.75,-103.25,0,0,0
52.5,-103.25,0,0,0
52.25,-103.25,0,0,0
52,-103.25,0,0,0
51.75,-103.25,0,0,0
51.5,-103.25,0,0,0
51.25,-103.25,0,0,0
51,-103.25,0,0,0
50.75,-103.25,0,0,0
50.5,-103.25,0,0,0
50.25,-103.25,0,0,0
50,-103.25,0,0,0
49.75,-103.25,0,0,0
49.5,-103.25,0,0,0
49.25,-103.25,0,0,0
54,-103,0,0,0
53.75,-103,0,0,0
53.5,-103,0,0,0
53.25,-103,0,0,0
53,-103,0,0,0
52.75,-103,0,0,0
52.5,-103,0,0,0
52.25,-103,0,0,0
52,-103,0,0,0
54,-125.5,12565.80382436262,1389.1041076487259,11272.5
51.75,-103,0,0,0
51.5,-103,0,0,0
51.25,-103,0,0,0
51,-103,0,0,0
50.75,-103,0,0,0
50.5,-103,0,0,0
50.25,-103,0,0,0
50,-103,0,0,0
49.75,-103,0,0,0
49.5,-103,0,0,0
53.75,-125.5,10265.073938712398,908.5546809108799,9420.277481023335
49.25,-103,0,0,0
54,-102.75,0,0,0
53.75,-102.75,0,0,0
53.5,-102.75,0,0,0
53.25,-102.75,0,0,0
53,-102.75,0,0,0
53.5,-125.5,6127.231756662479,1464.1696665271388,4726.721640853917
52.75,-102.75,0,0,0
52.5,-102.75,0,0,0
52.25,-102.75,0,0,0
52,-102.75,0,0,0
51.75,-102.75,0,0,0
51.5,-102.75,0,0,0
51.25,-102.75,0,0,0
51,-102.75,0,0,0
50.75,-102.75,0,0,0
50.5,-102.75,0,0,0
53.25,-125.5,906.2415465631929,397.4743625277159,524.6661585365857
50.25,-102.75,0,0,0
50,-102.75,0,0,0
49.75,-102.75,0,0,0
49.5,-102.75,0,0,0
49.25,-102.75,0,0,0
54,-102.5,0,0,0
53,-125.5,1476.0903713892733,158.71939477303965,1317.3709766162347
53.75,-102.5,0,0,0
53.5,-102.5,0,0,0
53.25,-102.5,0,0,0
53,-102.5,0,0,0
52.75,-102.5,0,0,0
52.5,-102.5,0,0,0
52.25,-102.5,0,0,0
52,-102.5,0,0,0
51.75,-102.5,0,0,0
51.5,-102.5,0,0,0
52.75,-125.5,4484.7944831353225,586.3512221767033,3930.137921616823
51.25,-102.5,0,0,0
51,-102.5,0,0,0
50.75,-102.5,0,0,0
50.5,-102.5,0,0,0
50.25,-102.5,0,0,0
50,-102.5,0,0,0
49.75,-102.5,0,0,0
49.5,-102.5,0,0,0
49.25,-102.5,0,0,0
52.5,-125.5,1945.6606126321487,1360.3805909460602,585.2800216860933
54,-102.25,0,0,0
53.75,-102.25,0,0,0
53.5,-102.25,0,0,0
53.25,-102.25,0,0,0
53,-102.25,0,0,0
52.75,-102.25,0,0,0
52.5,-102.25,0,0,0
52.25,-125.5,16626.303258820368,1137.9218960409369,15535.794775114455
52.25,-102.25,0,0,0
52,-102.25,0,0,0
51.75,-102.25,0,0,0
51.5,-102.25,0,0,0
51.25,-102.25,0,0,0
51,-102.25,0,0,0
50.75,-102.25,0,0,0
50.5,-102.25,0,0,0
50.25,-102.25,0,0,0
50,-102.25,0,0,0
52,-125.5,17082.797914995994,536.302058273189,16830.42047580855
49.75,-102.25,0,0,0
49.5,-102.25,0,0,0
49.25,-102.25,0,0,0
54,-102,0,0,0
53.75,-102,0,0,0
53.5,-102,0,0,0
54,-127.75,49706.26593033132,63.848768054375256,49706.26593033132
51.75,-125.5,50246.099017785986,29407.35638439076,30446.930846827712
53.25,-102,0,0,0
53,-102,0,0,0
52.75,-102,0,0,0
52.5,-102,0,0,0
52.25,-102,0,0,0
52,-102,0,0,0
51.75,-102,0,0,0
51.5,-102,0,0,0
51.25,-102,0,0,0
51,-102,0,0,0
51.5,-125.5,41015.0710425728,17456.567813365007,34189.71029392386
50.75,-102,0,0,0
50.5,-102,0,0,0
50.25,-102,0,0,0
50,-102,0,0,0
49.75,-102,0,0,0
49.5,-102,0,0,0
49.25,-102,0,0,0
51.25,-125.5,37100.3265306123,12492.326530612194,33427.959183673425
54,-101.75,0,0,0
53.75,-101.75,0,0,0
53.5,-101.75,0,0,0
53.25,-101.75,0,0,0
53,-101.75,0,0,0
52.75,-101.75,0,0,0
52.5,-101.75,0,0,0
52.25,-101.75,0,0,0
52,-101.75,0,0,0
51,-125.5,68665.19204012293,20312.7209189452,62343.07717197868
51.75,-101.75,0,0,0
51.5,-101.75,0,0,0
51.25,-101.75,0,0,0
51,-101.75,0,0,0
50.75,-101.75,0,0,0
50.5,-101.75,0,0,0
50.25,-101.75,0,0,0
50,-101.75,0,0,0
49.75,-101.75,0,0,0
49.5,-101.75,0,0,0
50.75,-125.5,90600.50722623676,21146.29655364091,82950.77126181211
49.25,-101.75,0,0,0
54,-101.5,0,0,0
53.75,-101.5,0,0,0
53.5,-101.5,0,0,0
53.25,-101.5,0,0,0
53,-101.5,0,0,0
50.5,-125.5,102897.95599135273,69790.67510809137,54413.38773934531
52.75,-101.5,0,0,0
52.5,-101.5,0,0,0
52.25,-101.5,0,0,0
52,-101.5,0,0,0
51.75,-101.5,0,0,0
51.5,-101.5,0,0,0
51.25,-101.5,0,0,0
51,-101.5,0,0,0
50.75,-101.5,0,0,0
50.5,-101.5,0,0,0
50.25,-125.5,113699.74228187923,103301.93557046981,25199.605369127545
50.25,-101.5,0,0,0
50,-101.5,0,0,0
49.75,-101.5,0,0,0
49.5,-101.5,0,0,0
49.25,-101.5,0,0,0
54,-101.25,0,0,0
50,-125.5,108832.70966110268,107477.7517703591,4921.456246838649
53.75,-101.25,0,0,0
53.5,-101.25,0,0,0
53.25,-101.25,0,0,0
53,-101.25,0,0,0
52.75,-101.25,0,0,0
52.5,-101.25,0,0,0
52.25,-101.25,0,0,0
52,-101.25,0,0,0
51.75,-101.25,0,0,0
51.5,-101.25,0,0,0
49.75,-125.5,92184.62421580931,39654.14416562112,75021.35382685065
51.25,-101.25,0,0,0
51,-101.25,0,0,0
50.75,-101.25,0,0,0
50.5,-101.25,0,0,0
50.25,-101.25,0,0,0
50,-101.25,0,0,0
49.75,-101.25,0,0,0
49.5,-101.25,0,0,0
49.25,-101.25,0,0,0
49.5,-125.5,75326.60814851735,40259.9714677299,64722.9036880139
54,-101,0,0,0
53.75,-101,0,0,0
53.5,-101,0,0,0
53.25,-101,0,0,0
53,-101,0,0,0
52.75,-101,0,0,0
52.5,-101,0,0,0
53.75,-127.75,43467.16868147316,0,43467.16868147316
49.25,-125.5,100177.05816415488,49963.930751027525,92342.93809938975
52.25,-101,0,0,0
52,-101,0,0,0
51.75,-101,0,0,0
51.5,-101,0,0,0
51.25,-101,0,0,0
51,-101,0,0,0
50.75,-101,0,0,0
50.5,-101,0,0,0
50.25,-101,0,0,0
50,-101,0,0,0
49.75,-101,0,0,0
49.5,-101,0,0,0
49.25,-101,0,0,0
54,-100.75,0,0,0
53.75,-100.75,0,0,0
53.5,-100.75,0,0,0
53.25,-100.75,0,0,0
53,-100.75,0,0,0
52.75,-100.75,0,0,0
52.5,-100.75,0,0,0
52.25,-100.75,0,0,0
52,-100.75,0,0,0
51.75,-100.75,0,0,0
51.5,-100.75,0,0,0
51.25,-100.75,0,0,0
51,-100.75,0,0,0
50.75,-100.75,0,0,0
50.5,-100.75,0,0,0
50.25,-100.75,0,0,0
50,-100.75,0,0,0
49.75,-100.75,0,0,0
49.5,-100.75,0,0,0
49.25,-100.75,0,0,0
54,-100.5,0,0,0
53.75,-100.5,0,0,0
53.5,-100.5,0,0,0
53.25,-100.5,0,0,0
53,-100.5,0,0,0
52.75,-100.5,0,0,0
52.5,-100.5,0,0,0
52.25,-100.5,0,0,0
52,-100.5,0,0,0
54,-125.25,26612.74252938673,4070.9354199121935,23132.491856677545
51.75,-100.5,0,0,0
51.5,-100.5,0,0,0
51.25,-100.5,0,0,0
51,-100.5,0,0,0
50.75,-100.5,0,0,0
50.5,-100.5,0,0,0
50.25,-100.5,0,0,0
50,-100.5,0,0,0
49.75,-100.5,0,0,0
49.5,-100.5,0,0,0
53.75,-125.25,12316.082900098332,1816.3434031192892,10595.336518195869
49.25,-100.5,0,0,0
54,-100.25,0,0,0
53.75,-100.25,0,0,0
53.5,-100.25,0,0,0
53.25,-100.25,0,0,0
53,-100.25,0,0,0
53.5,-125.25,3249.8111731843524,589.4265363128493,2676.3150837988837
52.75,-100.25,0,0,0
52.5,-100.25,0,0,0
52.25,-100.25,0,0,0
52,-100.25,0,0,0
51.75,-100.25,0,0,0
51.5,-100.25,0,0,0
51.25,-100.25,0,0,0
51,-100.25,0,0,0
50.75,-100.25,0,0,0
50.5,-100.25,0,0,0
53.25,-125.25,24403.915247195717,1064.4936989336654,23387.08544522922
50.25,-100.25,0,0,0
50,-100.25,0,0,0
49.75,-100.25,0,0,0
49.5,-100.25,0,0,0
49.25,-100.25,0,0,0
54,-100,0,0,0
53,-125.25,2032.167308750683,476.2892129884419,1587.6307099614692
53.75,-100,0,0,0
53.5,-100,0,0,0
53.25,-100,0,0,0
53,-100,0,0,0
52.75,-100,0,0,0
52.5,-100,0,0,0
52.25,-100,0,0,0
52,-100,0,0,0
51.75,-100,0,0,0
51.5,-100,0,0,0
53.5,-127.75,30720.019536701107,716.2698855707503,30672.26821099639
52.75,-125.25,4927.846805024575,0,4927.846805024575
51.25,-100,0,0,0
51,-100,0,0,0
50.75,-100,0,0,0
50.5,-100,0,0,0
50.25,-100,0,0,0
50,-100,0,0,0
49.75,-100,0,0,0
49.5,-100,0,0,0
49.25,-100,0,0,0
52.5,-125.25,0,0,0
52.25,-125.25,205.402800215401,63.20086160473886,142.20193861066215
52,-125.25,29484.78037695497,15791.474134473965,14040.371608073805
51.75,-125.25,31486.505309264663,16885.209450491155,16444.177860366333
51.5,-125.25,6916.074298511396,220.05690949808945,6774.609142405481
51.25,-125.25,7051.163241261951,1334.852729414842,6485.81384998037
51,-125.25,15381.4358441559,1096.4363636363637,15256.128831168771
50.75,-125.25,58410.35239447522,11284.529495288494,54090.615722215
50.5,-125.25,95252.83648178932,50969.754118180455,64987.81804443104
53.25,-127.75,44471.66129256428,7143.529673384292,42733.61501042393
50.25,-125.25,111050.63234805712,107428.97376286944,16012.61408170037
50,-125.25,106141.7236255572,106004.47139673108,160.12760029717634
49.75,-125.25,116913.88572503763,74459.03600100354,52222.26028600098
49.5,-125.25,102044.5394490839,68717.22709709589,64219.82338277452
49.25,-125.25,100791.87801558823,64961.64171718421,80293.14610911785
54,-125,14551.337579617863,1420.0318471337623,13370.636942675172
53,-127.75,21268.398899587322,730.109215955984,20966.83204951862
53.75,-125,12748.249050232133,3191.051076403543,9748.661038412838
53.5,-125,2210.0108725954815,1733.0301087259586,476.980763869529
53.25,-125,22681.36725356999,1383.786080687649,21313.486760016687
53,-125,5634.538514442919,2285.5592847317707,3380.723108665747
52.75,-125,903.297828758706,0,903.297828758706
52.5,-125,47.461569743798066,47.461569743798066,0
52.25,-125,0,0,0
52,-125,23253.379494719946,21249.865793343135,2035.065098248896
51.75,-125,24827.07341032788,10318.358555688303,14918.298553033332
51.5,-125,32828.565555409106,22278.77269732502,13458.454078271136
53.5,-128,37444.59595959593,5892.38037518038,35634.08802308798
52.75,-127.75,10160.54617812543,0,10160.54617812543
51.25,-125,48525.469387755125,30006.69387755102,30147.93877551022
51,-125,50816.21255535301,21771.644699140412,41721.131544673044
50.75,-125,56801.28508356986,18545.017344686228,49727.41248817404
50.5,-125,95108.50555656769,52295.244124612895,64841.66150482783
50.25,-125,114467.61212121218,102421.28484848482,30693.38181818188
50,-125,115907.05889803672,115829.05953134893,467.99620012666185
49.75,-125,102827.24939369438,102702.15541632986,325.24434114793894
49.5,-125,119236.08868115212,94448.93974229404,38257.40045477515
49.25,-125,108045.55184360305,95311.55654540949,43834.03241771841
52.5,-127.75,39974.33534785659,16.403092059029635,39974.33534785659
54,-124.75,8403.74522563305,1658.4241052482641,6793.160277266944
53.75,-124.75,4192.692534795443,2901.4070012652855,1291.2855335301574
53.5,-124.75,11211.902820441215,2484.455738620502,8727.447081820725
53.25,-124.75,1543.0558790904042,365.87922906267295,1177.1766500277279
53,-124.75,2457.1088061546884,1680.345377112246,776.7634290424513
52.75,-124.75,666.2247129579009,0,666.2247129579009
52.5,-124.75,316.7109905020353,0,316.7109905020353
52.25,-127.75,52258.08829804692,134.83472837682586,52238.826193993125
52.25,-124.75,142.1636608344546,126.36769851951544,15.795962314939137
52,-124.75,14417.061213579205,14275.098904036386,141.96230954290309
51.75,-124.75,47907.98860172302,35608.56408217368,12881.3666003976
51.5,-124.75,18127.642291446627,7040.013991552275,12788.571277719124
51.25,-124.75,26043.68108743956,14660.350281009023,15397.287674813735
51,-124.75,32306.303859841235,15996.32521215436,23276.386531617794
50.75,-124.75,52971.00945494991,20517.415183537218,45721.635150166905
50.5,-124.75,69147.46416565825,27501.646093855026,54478.826946349356
50.25,-124.75,113526.08622754495,89143.16766467069,45170.762874251544
50,-124.75,117053.24912485409,108071.26254375726,19760.37047841306
52,-127.75,29444.89494949489,158.94680134680172,29365.42154882157
49.75,-124.75,106031.39565217393,106031.39565217393,0
49.5,-124.75,117095.61434463794,110538.03185151235,15253.507103574744
49.25,-124.75,114722.28108246105,106437.75848863926,28524.936175644587
54,-124.5,2151.848840497737,1402.6866515837048,749.1621889140266
53.75,-124.5,5202.877410274453,2218.4047853624197,3032.351864883883
53.5,-124.5,2385.568878973792,1256.3996095928576,1129.1692693809262
51.75,-127.75,28104.52053090007,1164.869210562698,27300.596709525766
53.25,-124.5,9550.007466814162,2030.5663716814174,7551.168694690269
53,-124.5,3003.1012117873884,2574.086752960619,460.79330762875196
52.75,-124.5,63.32014731960079,0,63.32014731960079
52.5,-124.5,586.7114130434784,586.7114130434784,0
52.25,-124.5,553.5291739657732,553.5291739657732,0
52,-124.5,17808.1013063183,17808.1013063183,0
51.75,-124.5,41647.648512220985,38022.00159404889,3814.8111052072322
51.5,-124.5,58229.19515406894,42847.00895443769,18367.493020805887
51.25,-124.5,8478.966168371364,3177.6459480723806,5726.055074744289
51,-124.5,16647.478034832304,9311.301273719775,12289.66363400052
51.5,-127.75,9672.289700996673,0,9672.289700996673
50.75,-124.5,28594.778623983453,11769.717309926427,23789.854137085375
50.5,-124.5,52005.97333333338,21144.71588652488,40474.06368794333
50.25,-124.5,82285.94939350469,40224.06964914573,57451.54167210122
50,-124.5,96303.51001658798,85522.7972438433,26386.030241163648
49.75,-124.5,114259.41707260498,114230.70146137792,344.5873347251217
49.5,-124.5,114708.2912912913,114708.2912912913,0
49.25,-124.5,113441.3065777664,90175.81741248877,40405.949480702686
51.25,-127.75,1820.8821428571396,1678.0678571428527,142.81428571428566
54,-124.25,734.5728856778575,734.5728856778575,0
53.75,-124.25,20995.94333006026,1336.1054846402046,19659.83784542008
53.5,-124.25,3176.3697173243754,1707.8972851945139,1500.3957458718196
53.25,-124.25,2509.2560908084192,2048.6964285714334,460.55966223698766
53,-124.25,79.34878283592248,79.34878283592248,0
52.75,-124.25,364.6877988796286,174.41590381199669,190.2718950676319
52.5,-124.25,712.5997286295794,696.7641791044772,15.835549525101067
52.25,-124.25,869.3629629629633,869.3629629629633,0
52,-124.25,8552.48551981849,8536.73508608034,15.75043373815536
51,-127.75,18150.906930693007,15165.560396039635,4418.312871287124
51.75,-124.25,17474.95963351481,13598.638560616071,4333.2857522241375
51.5,-124.25,43626.87109940756,20972.946675444393,24492.002896642585
51.25,-124.25,20659.5931847968,4465.239318479679,17546.503800786362
51,-124.25,33985.544369486284,15834.885313959567,25817.74779449917
50.75,-124.25,13726.415094339583,5844.695011630908,10999.935383820104
50.5,-124.25,55476.62610704664,26001.73507893728,40504.507893723545
50.25,-124.25,59516.63807584621,21299.378467803475,45904.370577755115
50,-124.25,98059.11163025632,64481.05897209238,50950.30130066922
49.75,-124.25,108986.48996155494,98807.01431012391,18693.218923536977
49.5,-124.25,119775.77026074703,115479.2748414376,17405.190627202213
50.75,-127.75,18244.240460763143,10457.703383729297,8100.79193664507
49.25,-124.25,114037.2483221476,111355.70469798661,7041.610738255029
54,-124,1532.8045325779083,1516.8378186968869,15.966713881019267
53.75,-124,8972.70864371047,3155.5884750527002,5944.618692902322
53.5,-124,3198.4461495535666,2927.9308035714334,270.51534598214334
53.25,-124,9622.880216276166,9145.712602245949,604.412311104949
53,-124,2951.3688118811906,2332.533415841582,634.7029702970297
50.5,-127.75,76705.8461895192,29016.70428196013,53492.48276395116
52.75,-124,681.6213632017489,523.104767108319,174.368255702773
52.5,-124,443.03470715835186,427.212039045553,15.822668112797654
52.25,-124,7503.082099596232,7503.082099596232,0
52,-124,2210.074906367038,2210.074906367038,0
51.75,-124,5493.497944024409,5493.497944024409,0
51.5,-124,28138.663590825203,12315.580543105685,16861.177959398865
51.25,-124,32105.47338129502,13134.057292347974,22251.007455853534
51,-124,24065.19719407642,6439.320342946221,21041.38009872691
50.75,-124,21804.963852310924,9767.621998450806,16482.862122385723
50.5,-124,35358.425332991756,14689.747566598375,27818.416752049125
53.25,-128,18946.531067525073,2714.0089833807474,17744.122024255088
50.25,-127.75,65325.37994971712,7239.122564424891,61879.09553739792
50.25,-124,51525.83443708606,20107.246887417263,39467.97774834435
50,-124,89931.96311535641,44359.67832476122,58132.71594415875
49.75,-124,108137.62609809666,94068.18008784774,27776.394216691035
49.5,-124,118503.41382405745,111634.46005385999,14072.978456014329
49.25,-124,87416.75904792955,85378.12194326706,10519.367460058687
54,-123.75,4197.462126575104,4197.462126575104,0
50,-127.75,21674.715460526295,0,21674.715460526295
53.75,-123.75,7208.732489451482,6283.7181434599115,925.0143459915618
53.5,-123.75,14896.33486814568,12540.93149155858,2387.23315194642
53.25,-123.75,24594.57083506439,24546.906938097196,47.663896967178005
53,-123.75,6668.966561166918,6383.1537085454775,317.56983624604356
52.75,-123.75,918.7687687687691,665.3153153153149,285.1351351351355
52.5,-123.75,664.8224603282246,664.8224603282246,0
52.25,-123.75,10491.343026386647,10491.343026386647,0
52,-123.75,22247.614963259835,22247.614963259835,0
51.75,-123.75,14475.286833023665,14475.286833023665,0
51.5,-123.75,20698.983390456073,13919.90904297393,7030.73372001055
51.25,-123.75,31591.775510204112,4205.959183673473,28044.95918367341
51,-123.75,4844.387365137136,109.74340309372076,4797.354478096971
50.75,-123.75,13979.558937322616,3455.797007995876,13416.623678101625
50.5,-123.75,15056.508969759103,2545.861993849307,14478.613915940521
50.25,-123.75,33276.090396960564,13499.851434560442,25169.758679418337
50,-123.75,79876.21766255374,35225.44613891578,59454.67932898929
49.75,-123.75,95313.81680033768,48057.532995638154,69621.58730828762
49.5,-123.75,114014.41604060918,87614.00284263954,46131.2483248731
49.25,-123.75,115873.1409001957,115873.1409001957,0
54,-123.5,15303.408125707785,14441.693799547002,989.37570781427
53.75,-123.5,9784.13659359191,6421.835581787524,3410.1062394603664
53.5,-123.5,19376.529034059233,17832.138470128368,1576.2336683417047
53.25,-123.5,13351.438071487955,12572.604183984522,810.6230257689108
53,-123.5,15026.592821782153,14661.638613861378,380.8217821782178
52.75,-123.5,5167.641032645808,5024.976096161727,142.66493648408658
52.5,-123.5,1028.194632691786,1012.3762537272972,15.81837896448869
52.25,-123.5,7518.878061911166,7518.878061911166,0
52,-123.5,34411.39812834226,34411.39812834226,0
51.75,-123.5,3827.524157154231,3827.524157154231,0
51.5,-123.5,1649.9920979849837,785.7105228499931,864.2815751349929
51.25,-123.5,19454.89476439791,5856.881151832459,14241.79947643979
51,-123.5,17014.846453624345,3023.8170953494355,14821.404001039182
50.75,-123.5,28889.157636738943,10448.271413828694,23086.30030959755
50.5,-123.5,56189.189237668186,19208.644458680374,52722.263164638
50.25,-123.5,53595.384634952956,19153.45382854235,45849.84634952932
50,-123.5,33012.06634651836,4482.543662327816,31346.676860861815
49.75,-123.5,80191.65571465099,35909.78228074666,64776.87918690874
49.5,-123.5,105665.15173764073,65347.95839451791,66017.88154674503
49.25,-123.5,117668.57638888886,115931.7708333333,12157.638888888885
54,-123.25,20759.66850828726,18907.267318317074,2155.8117297067547
53.75,-123.25,26128.60480809781,24566.308730493452,1817.3648249683652
53.5,-123.25,27441.09517164393,27329.67541166622,143.25397711415005
53.25,-123.25,16185.156042128654,15072.227827050943,1128.8271895787148
53,-123.25,7255.472344523939,4651.757980187122,2619.5906714364382
52.75,-123.25,2915.5106499180756,1172.5423265974855,1742.9683233205903
52.5,-123.25,870.6008409060083,743.9679913196798,126.63284958632849
52.25,-123.25,6764.313493132241,6764.313493132241,0
52,-123.25,73619.24973262029,73619.24973262029,0
51.75,-123.25,11825.957935244167,11825.957935244167,0
51.5,-123.25,770.6052458152102,660.518782127323,110.08646368788717
51.25,-123.25,3250.3335078533987,0,3250.3335078533987
51,-123.25,12692.280109133371,329.05911394049633,12582.593737819943
50.75,-123.25,30386.824106336255,12032.681636340174,21374.048264292178
50.5,-123.25,40572.405124919955,18521.505957719426,29281.470211402986
50.25,-123.25,42707.904555866575,8373.18172562993,41725.575973530176
50,-123.25,85691.424763108,38916.69753632343,69150.6612760581
49.75,-123.25,80642.57829888709,40247.48569157396,64766.634472708014
49.5,-123.25,107686.5360235858,59059.083840058964,83453.05325225728
49.25,-123.25,46866.52734238947,42902.90839428769,12674.869383490037
54,-123,19072.118788050455,16422.770069375594,3032.387087639817
53.75,-123,28201.038380430182,26941.6364403206,2311.5605229860794
53.5,-123,32841.57794836008,32109.288764829005,875.5631542219116
53.25,-123,36600.122039063535,36377.62889596902,301.9549799141158
53,-123,17012.379040021966,16869.551230917335,158.6975656718473
52.75,-123,6293.108864909161,6229.70222647179,63.40663843737169
52.5,-123,2231.601301871442,2041.6777868185536,189.92351505288843
52.25,-123,1611.6219709208415,1611.6219709208415,0
52,-123,44863.87092463922,44863.87092463922,0
54,-127.5,62970.84749362788,814.0717926932883,62970.84749362788
51.75,-123,38637.517520573354,38637.517520573354,15.751128218741579
51.5,-123,3350.657086354644,2343.886882003953,1006.7702043506923
51.25,-123,10182.662307088676,674.6602144912376,9508.002092597435
51,-123,36154.191268191236,9951.41372141372,27252.769230769176
50.75,-123,45732.86433458108,21191.751645798413,30269.459145475706
50.5,-123,69343.10169057375,34437.389088114745,45318.105404713126
50.25,-123,74466.50152671758,29587.067175572498,60686.22366412214
50,-123,77339.44256287118,16249.220775938307,72483.3535953494
49.75,-123,86700.12692838335,28196.17308415907,73921.79518374513
49.5,-123,103406.76443214693,39356.53942900265,93548.06867060743
53,-128,12643.155107187858,0,12643.155107187858
53.75,-127.5,60681.88895136352,191.2746696654482,60681.88895136352
49.25,-123,36603.68406925245,31233.129781237476,14718.675345591175
54,-122.75,11155.99249610647,6000.934447118793,6080.734107319836
53.75,-122.75,18346.4287320776,15078.819791959568,4096.465842001689
53.5,-122.75,43809.99637124913,42647.885275645494,1989.9162595952582
53.25,-122.75,59716.54822616408,57140.914356984475,3879.349778270513
53,-122.75,31945.81996974284,30184.27699078533,2047.198597166823
53.5,-127.5,26203.217306350336,15.919330076760971,26203.217306350336
52.75,-122.75,19222.811689198363,16766.475488187938,2646.5041649597165
52.5,-122.75,29829.77355932203,29766.474305084736,158.24813559322027
52.25,-122.75,14077.991922455569,14077.991922455569,0
52,-122.75,30656.279946524057,30656.279946524057,0
51.75,-122.75,84687.0862526539,84671.3393046709,15.746947983014376
51.5,-122.75,13002.501778890519,12766.66438265915,235.83739623138734
51.25,-122.75,18245.83350785336,8463.42879581152,9829.510994764398
51,-122.75,60828.92763414322,45253.46290762632,17816.200597635394
50.75,-122.75,50565.16129032256,21793.709677419356,33402.41935483872
50.5,-122.75,76231.37304637459,40379.830130668706,51216.4898795798
53.25,-127.5,41591.71729490025,2671.0277161862573,41496.323447893614
50.25,-122.75,70313.30449166567,44869.554396233565,39256.96246341774
50,-122.75,39103.42299431464,3485.5418825015804,38340.96070751735
49.75,-122.75,56732.63442478992,20453.5668046669,49930.30924601682
49.5,-122.75,87840.05307828727,26132.928046617682,81425.03394983536
49.25,-122.75,48818.97238118931,38644.46379696446,22962.652401094827
54,-122.5,31139.502762430948,6467.435189120274,29015.628984275372
53,-127.5,46076.24030261347,6555.111004126551,44727.125447042665
53.75,-122.5,49542.15092748735,20269.41652613828,35503.34907251265
53.5,-122.5,63825.708984375,38079.01311383933,34991.95563616067
53.25,-122.5,39392.677987247,35178.28167452181,8396.985860826177
53,-122.5,18234.35029569518,17932.82492091871,555.4414798514642
52.75,-122.5,50996.70899904407,50901.625017069535,110.93131230369994
52.5,-122.5,81993.06616052064,81993.06616052064,31.645336225596473
52.25,-122.5,73581.6031233172,73581.6031233172,0
52,-122.5,73414.13823529414,73414.13823529414,0
51.75,-122.5,61609.632081730124,61609.632081730124,15.744858697094038
51.5,-122.5,76005.44013713076,75675.0501054852,393.3214662447252
52.75,-127.5,14502.287626331614,332.83938814531575,14312.093690248528
51.25,-122.5,15303.532644249668,10767.40860918487,4598.907758733478
51,-122.5,27457.89922077926,16665.832727272704,10933.036883116878
50.75,-122.5,53207.279297883375,30594.185596282892,25711.635260712414
50.5,-122.5,73642.57239876986,45403.808687852405,41108.64274730906
50.25,-122.5,79761.16757857235,45243.72719175466,53023.40323196331
50,-122.5,92405.75217885568,47820.754578754546,63019.478464064625
49.75,-122.5,58510.44303638642,11602.681430363858,55466.098243412824
49.5,-122.5,85698.80319082644,34955.68266234572,78332.36607254141
49.25,-122.5,82809.65107646624,70570.78074733974,38898.255382331066
52.5,-127.5,32799.707242848424,887.9184418746199,32355.74802191116
54,-122.25,48091.74220963173,5061.448300283281,46974.07223796033
53.75,-122.25,68696.57600900011,16839.272113626725,62142.65476023068
53.5,-122.25,60690.91350446434,4296.420200892855,59131.47209821434
53.25,-122.25,58364.85785536158,31677.87628151845,40260.94361318923
53,-122.25,43616.08968363132,36807.02764786791,12126.161760660238
52.75,-122.25,64160.4303278688,61703.087431693966,3836.625683060111
52.5,-122.25,57768.561279826485,57436.28524945774,585.4387201735354
52.25,-127.5,63685.722459595054,2202.0739364666597,62660.9949842096
52.25,-122.25,97998.15020188424,97998.15020188424,0
52,-122.25,91644.55760491846,91644.55760491846,0
51.75,-122.25,64076.84851301111,64076.84851301111,0
51.5,-122.25,61074.21085925143,61074.21085925143,15.724565102793187
51.25,-122.25,45725.97724002619,43921.41739699154,1883.0189666448669
51,-122.25,54811.84669351701,42950.04911004285,12269.204105495684
50.75,-122.25,79847.5609756098,61055.29745773653,23032.649374112832
50.5,-122.25,52664.42181491927,12748.195847218683,44478.08036400925
50.25,-122.25,45875.18046547113,4441.04158718046,45376.53719954212
50,-122.25,61401.59997473787,20347.93330807124,50185.34621700139
52,-127.5,51481.244496282205,1307.6786703601108,50827.405161102164
49.75,-122.25,91477.55823293177,45195.00966365464,63698.70732931728
49.5,-122.25,72773.96110695593,32912.69085016201,63281.705310396355
49.25,-122.25,88861.8971061093,69623.43556764773,50261.25401929263
54,-122,62945.971966586425,13853.221010901856,57535.55500495539
53.75,-122,69473.33998314137,13445.42511941559,63467.504355155914
53.5,-122,43239.08545099138,5797.063390114497,41455.37363864845
51.75,-127.5,44740.08955691252,1820.8175982464386,43718.20212932517
53.25,-122,67179.75640847994,9124.746847720658,61981.51212415135
53,-122,51227.57419887217,17901.085407784387,41753.32952826302
52.75,-122,58722.18732932823,52083.062534134355,13294.094756963434
52.5,-122,56074.91781936536,55948.302142663364,617.251423921888
52.25,-122,66166.42478114481,66150.61818181822,31.613198653197557
52,-122,95966.52125100238,95966.52125100238,0
51.75,-122,97620.91655611567,97620.91655611567,0
51.5,-122,83423.54829358285,83392.1033074186,78.61246541046165
51.25,-122,68007.87117046345,66531.48782403769,1727.6826394344107
51,-122,67983.0436590437,62905.471933471985,5532.045738045742
51.5,-127.5,38660.50625914486,5935.832872703621,34819.67322386606
50.75,-122,89545.43988648089,81615.38957688333,9603.650670794628
50.5,-122,50601.03099782241,17345.80235685918,35534.69501729218
50.25,-122,73284.83074573688,27006.239755663068,55836.80402137947
50,-122,70264.33093252464,25024.373009856005,61409.313368713665
49.75,-122,71766.08367833396,29958.18554761009,53533.36733157697
49.5,-122,86781.51700087189,45560.296425457665,65179.1179474405
49.25,-122,88408.08987373109,70358.04035652388,44846.478088635864
52.75,-128,36193.06220095696,0,36193.06220095696
51.25,-127.5,20700.363101079478,4591.360157016681,16933.09322865556
54,-121.75,60543.410249150584,11425.69365798409,56984.849235560556
53.75,-121.75,71774.20812825198,15420.053157080556,64024.31584868518
53.5,-121.75,64605.4296875,2609.6774553571445,64096.22433035711
53.25,-121.75,68295.55994455991,2289.7696465696513,68072.94345114341
53,-121.75,83756.22462173316,1539.5781292984816,83359.42613480052
52.75,-121.75,55600.68951392687,24401.55652648822,35715.005461496476
52.5,-121.75,59335.27149443994,55647.58991049639,9448.694873881203
52.25,-121.75,45950.45437415883,45808.29071332432,979.3496635262453
52,-121.75,78410.40807594598,78410.40807594598,0
51,-127.5,7642.099106417551,2743.317627944766,5323.342539940423
51.75,-121.75,89312.79349701393,89312.79349701393,0
51.5,-121.75,68754.46224799051,68754.46224799051,0
51.25,-121.75,53027.79272441767,46795.692750588816,6546.059670243388
51,-121.75,52423.27461678358,42380.44167316181,10653.863341127566
50.75,-121.75,73113.06143520915,60609.35080020653,13364.416623644769
50.5,-121.75,78911.6101217168,67433.27379884684,13211.799359384991
50.25,-121.75,63803.28720427378,40099.13482574408,29283.433477486706
50,-121.75,92464.14812942367,37888.50783619818,76041.64370576337
49.75,-121.75,99261.0872946193,37108.39959864538,78657.38592750537
49.5,-121.75,88840.3476635514,51273.12909657318,56668.66853582559
50.75,-127.5,31030.80568720382,24250,8102.488151658764
49.25,-121.75,80137.24009900991,58547.54331683172,39140.030940594
54,-121.5,72722.71568210798,13206.342966425826,66287.21844453886
53.75,-121.5,82304.6669477234,5035.483979763911,80424.32799325463
53.5,-121.5,40780.78765880221,955.4264972776774,40462.31215970959
53.25,-121.5,77856.70771575013,4322.723922981022,75838.3770605347
53,-121.5,106912.21832439126,380.97895171275275,106880.47007841514
50.5,-127.5,91694.47407739429,56801.40310772445,50536.6763783057
52.75,-121.5,64982.92816170441,11268.990712919966,56661.943458071546
52.5,-121.5,65560.24833943338,54359.317879897004,21088.757489494426
52.25,-121.5,46787.534006734044,46582.04821548823,1817.758922558924
52,-121.5,38761.12292891497,38540.35168359168,299.6181186531266
51.75,-121.5,82263.31050046458,82263.31050046458,0
51.5,-121.5,48290.139430680014,48290.139430680014,0
51.25,-121.5,81147.96284181606,81147.96284181606,0
51,-121.5,96755.95010395008,96426.84823284824,454.4740124740127
50.75,-121.5,78716.29467165524,77308.41181783001,1501.7417107470021
50.5,-121.5,77954.62751376966,69164.63045984373,9945.34302548994
50.25,-127.5,84787.08535940803,11187.29730443974,78181.5610465116
50.25,-121.5,97384.46334012221,81476.04684317719,20431.397657841095
50,-121.5,108417.13991665619,74714.6664982952,49535.01515342852
49.75,-121.5,105717.5123666039,64639.68449466411,67685.94036409291
49.5,-121.5,105820.00971841515,61932.45514577622,63513.70931971089
49.25,-121.5,103703.01830776839,43761.31246907474,84877.45546759026
54,-121.25,62681.73839184594,4308.571630804078,60495.53723103059
50,-127.5,53531.39527559061,16098.20944881892,43445.770078740155
53.75,-121.25,79501.74019401098,15096.881484605643,73188.78869675245
53.5,-121.25,82450.62238347756,461.59614847892874,82371.0368406364
53.25,-121.25,75414.284051545,14974.758764029382,67831.52404046003
53,-121.25,87533.74621733144,16205.250206327348,81851.59188445668
52.75,-121.25,93226.72767003553,5737.5170718382915,90817.60447965037
52.5,-121.25,62215.778139408765,38633.608353675096,35183.331163547635
52.25,-121.25,44175.36105503976,27718.183286233318,22000.814426053053
52,-121.25,39334.07406417113,33133.3957219251,6721.345989304811
51.75,-121.25,73040.39949582057,73040.39949582057,62.97943478837735
51.5,-121.25,39552.49373929091,39552.49373929091,0
51.25,-121.25,92162.86888249154,92162.86888249154,0
51,-121.25,66393.17582846007,65249.006367771326,1175.516569200779
50.75,-121.25,51450.29673590507,50621.21016643011,907.3022835763129
50.5,-121.25,78203.25768836492,78093.9261916965,171.80663762173253
50.25,-121.25,97715.34215212418,85278.84406003558,14057.294835919598
50,-121.25,94086.72374573481,33385.61165171239,74880.26930367747
49.75,-121.25,103779.30665997736,56221.55437100207,79977.14072494666
49.5,-121.25,108178.41248287025,64451.33100784857,82261.47514638098
49.25,-121.25,105890.11138613864,57603.477722772324,82149.18316831684
54,-121,52666.729216824795,2873.6014728791974,51469.39526979178
53.75,-121,64744.21332209109,14819.62057335583,59421.89797639128
53.5,-121,71455.92629815746,1448.8612506979377,71312.63232830823
53.25,-121,75589.52063711913,5211.9745152354535,73921.05318559555
53,-121,58591.387948823765,5778.180767643422,56051.5282707388
52.75,-121,85412.9267959574,11681.077574433211,79358.41983064734
52.5,-121,68059.89101260678,42731.233292666395,40642.92422393932
52.25,-121,72479.30298949637,23975.382170751414,56690.636681928365
52,-121,73303.69358288764,38024.51604278076,36446.73529411768
51.75,-121,67729.85134058938,67147.05959649586,1732.6241040615855
51.5,-121,44400.32046382917,44400.32046382917,0
51.25,-121,90114.2448979592,90114.2448979592,0
51,-121,80515.04821312544,80436.68044184541,94.04132553606127
50.75,-121,71529.67741935486,71482.74193548385,62.58064516128977
50.5,-121,56454.67456758483,55658.21857783478,937.0070467648941
50.25,-121,95950.90395623964,95904.14425645595,109.1059661620658
50,-121,106106.74150347445,102185.50688566017,7266.7324068224925
49.75,-121,97987.2553965864,44915.356802208895,73004.93310742972
49.5,-121,101420.16805780494,31884.653170549376,96242.98081475016
49.25,-121,115579.56317287468,45835.67627768843,101451.28078208145
54,-120.75,57343.75796178341,2744.331210191082,56545.98726114654
53.75,-120.75,70661.8961879308,13685.757771838518,65414.093965395965
53.5,-120.75,67628.83649553567,14146.361328125,63045.98828125
52.5,-128,55679.887352108,0,55679.887352108
53.25,-120.75,67360.16151393316,3292.4565368085373,66708.03244142524
53,-120.75,60900.63177441546,6094.824759284729,58043.68266850067
52.75,-120.75,76289.48948948945,15951.726726726672,68020.57057057056
52.5,-120.75,74549.3722192078,23446.08627238203,60396.23168746603
52.25,-120.75,67550.2392679316,22348.27883192035,54472.94253801637
52,-120.75,73382.58262032081,30119.83449197855,51908.986631016
51.75,-120.75,51748.49761273208,39991.7677718833,18949.267374005292
51.5,-120.75,26693.487402717274,24002.103944070732,3761.641208283866
51.25,-120.75,39872.97175732221,38335.77615062762,2148.9367154811725
51,-120.75,71383.76299376295,70553.17255717257,908.9480249480254
50.75,-120.75,82605.76551012513,82605.76551012513,31.278214884559763
50.5,-120.75,78842.69888475839,78686.45096782468,171.87270862709948
50.25,-120.75,82245.40206185571,82151.83505154635,124.75601374570476
50,-120.75,86489.64110661954,85680.59967155132,1353.588554825674
49.75,-120.75,89856.2683722097,88412.48244293958,3399.882994732881
49.5,-120.75,88760.55429497568,62451.938411669325,35771.030794165286
49.25,-120.75,86265.9282178218,22007.56188118812,69071.5532178218
54,-120.5,38431.880311614776,2618.541076487248,37553.71104815866
53.75,-120.5,61231.16626844691,6135.866479269153,58521.82262825023
53.5,-120.5,77543.05680390784,30660.629727843727,61846.59734822049
53.25,-120.5,45893.97935430233,635.8708604683385,45623.73423860334
53,-120.5,29172.62475928468,2444.278679504809,28109.20481430541
52.75,-120.5,60132.982791587034,8859.86752253483,56994.782846216855
52.5,-120.5,82985.32230508473,11093.194305084744,76307.25098305082
52.25,-120.5,72639.61125319693,4391.868622964065,70601.65782743301
52,-120.5,82633.10840796691,35132.48041705656,59427.056008555046
54,-127.25,69030.29315960908,1117.511683897465,68982.39980172779
51.75,-120.5,69736.7394824154,18064.146383543513,57893.463039150665
51.5,-120.5,51160.992489128985,12640.884438002404,41082.874423507754
51.25,-120.5,28778.171967019975,7049.317628582646,22859.25716529252
51,-120.5,48064.5446985447,16768.523908523905,31766.166320166336
50.75,-120.5,58161.20500580564,58145.56186298547,62.57257128112499
50.5,-120.5,72055.84189622033,71540.48802049966,530.97065983344
50.25,-120.5,56368.19541984736,56243.48702290075,140.29694656488533
50,-120.5,49099.4383371241,49021.626231993876,186.74905231235735
49.75,-120.5,86302.55940283526,85060.12558022828,1832.589888345254
49.5,-120.5,89635.40817343631,89588.90069773239,139.52242711188575
53.75,-127.25,67542.3432185524,749.0538299367529,67542.3432185524
49.25,-120.5,74612.13490099007,62571.42945544556,12443.09405940594
54,-120.25,41230.34197111305,127.69753610875051,41182.45539507224
53.75,-120.25,82032.07677165358,1753.844206974127,81824.8042744657
53.5,-120.25,60221.934979768375,9007.826426677833,54683.55406725271
53.25,-120.25,51577.876835688585,13605.751177611544,43344.49002493762
53,-120.25,36960.04292790318,2651.34328563566,36023.34080902586
53.5,-127.25,67950.13647781184,206.922411387106,67950.13647781184
52.75,-120.25,34542.463134898935,5831.021299836151,31753.713817586005
52.5,-120.25,73913.4846143419,20281.910803849794,64531.914328317704
52.25,-120.25,93669.9076094276,45412.35986531988,63637.36888888887
52,-120.25,94105.23763699544,56627.187917669085,49860.317829457395
51.75,-120.25,80545.63893312108,12566.064490445868,71916.31143842886
51.5,-120.25,68781.65225415239,57818.740838386475,13762.621935143661
51.25,-120.25,60711.860787648846,53538.820358498,8774.02538270313
51,-120.25,86499.96986230195,85857.60457261628,1363.067809820732
50.75,-120.25,52487.416107382494,52362.22250903458,156.4919979349509
50.5,-120.25,54290.89748846741,54290.89748846741,0
53.25,-127.25,44835.10809312641,874.443597560975,44723.815271618645
50.25,-120.25,50883.667005850926,50883.667005850926,0
50,-120.25,53101.12342091962,50020.54257200601,3485.101566447706
49.75,-120.25,69331.53834567587,63893.161290322634,5516.068156144091
49.5,-120.25,64210.823243647246,60243.17401594423,4138.134155455899
49.25,-120.25,56607.44154398125,47727.236174687656,9065.854262031426
54,-120,60097.652931181015,0,60097.652931181015
53,-127.25,30097.337185307522,2365.2443252166754,29303.631035905917
53.75,-120,51381.90527055515,254.99704848910753,51350.03063949405
53.5,-120,46959.212341197876,684.7223230490013,46784.0508166969
53.25,-120,52602.41693224333,21667.299570458596,36069.77456006656
53,-120,42154.34799945007,10122.120445483288,34412.03643613367
52.75,-120,41705.71643218135,2995.963666165824,40738.76519601146
52.5,-120,39066.23409738229,11112.032551200324,32053.94005153946
52.25,-120,86285.91173304628,8780.19160387513,82669.60979547907
52,-120,89132.69616361448,39013.30223232186,63733.82168159338
51.75,-120,90920.21378303009,52550.93812242733,47083.11937325721
51.5,-120,92050.25368809278,35958.84931506854,62472.214172813496
52.75,-127.25,26750.293595521,1426.2597296190124,26401.65232828081
51.25,-120,86370.312483643,66041.42214080083,25462.131379220125
51,-120,79522.27501949568,63031.55289836234,20205.837275799313
50.75,-120,68905.90739068744,65903.19876176958,4316.393654069388
50.5,-120,73670.54855239562,72515.05457340504,1327.2565974891158
50.25,-120,74454.26953423258,73799.38381267493,686.0707559175363
50,-120,53232.31598231202,44767.428553379636,9382.954264055596
49.75,-120,75250.98820873057,67735.20647265433,8416.433266432514
49.5,-120,46937.7394067797,35990.25211864409,11273.12076271187
49.25,-120,69697.46318524933,59654.46726890241,10569.131295631725
52.5,-127.25,64979.91231375241,10853.304332933718,62201.62630587426
54,-119.75,47911.715984709066,0,47911.715984709066
53.75,-119.75,53221.19966254219,0,53221.19966254219
53.5,-119.75,48524.49253523089,47.74466303892794,48508.57764755127
53.25,-119.75,48167.21768047671,5675.147429679919,44781.2053484827
53,-119.75,56519.97647867952,15252.933837689165,45028.69229711137
52.75,-119.75,23660.06418134643,1204.3971050116033,23438.201556739066
52.5,-119.75,44024.63132203392,4209.400406779661,42014.88
52.25,-128,33897.18691588783,0,33897.18691588783
52.25,-127.25,61491.801980198,6476.831683168316,59663.04950495051
52.25,-119.75,72838.99299946151,7015.295638126015,71274.77167474417
52,-119.75,97635.79762063899,2177.0463841732344,96847.0126988371
51.75,-119.75,88982.06370272062,33009.983278035776,66744.42229595217
51.5,-119.75,92636.92923968898,37246.58611147712,65594.24113848996
51.25,-119.75,86036.21515508436,58828.04711425209,35670.48920298388
51,-119.75,88266.18994413404,68459.96518123943,27217.88956736395
50.75,-119.75,79680.80645161294,77099.35483870974,3833.0645161290386
50.5,-119.75,94297.6775557263,92517.59223674098,2623.283627978476
50.25,-119.75,65339.924417864815,40769.244178648725,26784.535946049084
50,-119.75,60856.93885028422,48564.17953253315,14144.453442830087
52,-127.25,61099.83901591127,6122.607835272097,58496.152694210505
49.75,-119.75,87520.36165139919,87365.01844648014,233.0148073785915
49.5,-119.75,81465.59494144029,80892.00274109146,728.6171193620739
49.25,-119.75,73866.45632269238,72953.56966097503,1098.5585251175453
54,-119.5,41910.781537590236,95.75959224125619,41862.90174146963
53.75,-119.5,31245.92155208775,2263.7351328553327,29587.974694221855
53.5,-119.5,28567.22338495888,0,28567.22338495888
51.75,-127.25,65731.59248269044,6673.768828599687,63132.51165748195
53.25,-119.5,44304.3022031315,4133.160593044205,42571.55410835522
53,-119.5,65909.35864630622,32557.826248452307,36939.08419314898
52.75,-119.5,39956.57607211141,3898.9756897022667,38308.228626058495
52.5,-119.5,47344.856639088524,3719.839956598399,46031.040824630356
52.25,-119.5,43059.793270524926,2558.9458950201897,42475.34266487219
52,-119.5,100667.05105586747,8754.342421812355,96124.25715049454
51.75,-119.5,91045.18765759782,33671.44286662239,68287.82800265426
51.5,-119.5,98391.36170773483,44164.4830675978,63644.65199631039
51.25,-119.5,84188.29259356196,51614.97409055222,39182.17011253602
51,-119.5,89010.11461988307,58462.357374918756,35140.108641975305
51.5,-127.25,55595.16646513497,4841.332258497915,52741.66599489455
50.75,-119.5,83800.31608824663,64653.109276222385,24528.447942201037
50.5,-119.5,93174.31376570115,77082.84106639329,19872.187644193786
50.25,-119.5,80094.57458985125,76697.56734070969,4924.10225104922
50,-119.5,64755.233889310126,64070.4873641648,887.0579984836995
49.75,-119.5,56817.41455457964,49610.39422835638,7735.120953575914
49.5,-119.5,52112.88476392177,49028.27320294007,3363.6216519247496
49.25,-119.5,55127.24009900992,55065.3341584158,92.85891089108878
51.25,-127.25,58813.8642667453,12937.98819710834,49805.059899675405
54,-119.25,23125.53056027163,191.3837011884551,23029.838709677395
53.75,-119.25,26567.504989458925,796.8657765284612,26009.698945889017
53.5,-119.25,21767.070690136956,398.37245040514097,21512.11232187757
53.25,-119.25,18202.567077391668,190.60279662190254,18170.79994462137
53,-119.25,57472.231700605334,20559.817694001045,41516.54306549253
52.75,-119.25,73374.77477477473,39823.873873873854,40631.75675675674
52.5,-119.25,73575.40672451195,18006.196312364405,62562.829718004345
52.25,-119.25,68341.13308189654,18812.386853448268,57022.08351293106
52,-119.25,72637.38171611869,16578.043036621224,61122.66105319437
51,-127.25,27189.989318660024,7104.921832011651,21705.14581647518
51.75,-119.25,87433.68021248336,35931.649402390445,58341.65179282866
51.5,-119.25,105688.39446640312,47852.96337285905,70175.96205533601
51.25,-119.25,101346.19000261706,28162.18476838525,79384.7092384193
51,-119.25,76206.45778124186,51248.216160041564,29298.12418810082
50.75,-119.25,75098.28921885093,68945.7714654616,10410.748870238867
50.5,-119.25,67270.62178420578,65991.35671317033,3432.1745808268297
50.25,-119.25,51265.65198574335,47319.74083503052,6145.015784114049
50,-119.25,58943.669192876056,46296.21523304286,15276.506504989226
49.75,-119.25,63380.4000251036,50437.06263336258,14170.856784234973
49.5,-119.25,60886.53219579025,53866.52733839836,7345.435546145225
50.75,-127.25,29493.243243243214,28780.84606345477,1852.2326674500564
49.25,-119.25,34574.467821782244,27764.81435643564,7010.847772277232
54,-119,10938.748406289838,15.968975775604543,10922.779430514238
53.75,-119,19924.444756817502,143.45600224908614,19812.867866179393
53.5,-119,10262.238805970146,0,10262.238805970146
53.25,-119,13849.926126126158,0,13849.926126126158
53,-119,34034.11968633922,3238.3210895583993,31176.777548493636
50.5,-127.25,64323.67971298107,38355.67749510768,35477.41148075663
52.75,-119,50840.197952218405,12816.989761092156,41160.122866894235
52.5,-119,45148.1930847458,9637.311457627122,39182.23837288135
52.25,-119,42435.00403985991,3271.525451117695,41233.86426070561
52,-119,35091.54750768403,3138.5249231591624,32930.85447013228
51.75,-119,46380.916390179125,9732.90537491705,39860.814731254104
51.5,-119,87754.63819691575,18022.72676947411,74544.26255436928
51.25,-119,91248.62819002749,62454.75618374556,34147.58539458192
51,-119,80509.79654410812,60311.83474080814,25744.95829543982
50.75,-119,93865.92286856702,56644.847155939664,43633.10976396228
50.5,-119,97957.95450467768,83992.97103678068,22540.795463283306
50.25,-127.25,81461.6009334889,17490.098016336022,70897.64527421234
50.25,-119,84230.77780605748,78929.32196487654,7920.99872741156
50,-119,86043.13388909938,25154.899204244066,63112.81760767971
49.75,-119,77584.1951066499,39436.69096612294,40089.05056461734
49.5,-119,83139.9355602643,81682.15642527738,2248.701857160659
49.25,-119,106697.1600049499,106495.99059522337,263.06768964237125
54,-118.75,2122.670961347872,0,2122.670961347872
50,-127.25,61086.6213032581,19909.48496240603,47319.75263157889
53.75,-118.75,20966.410292463424,0,20966.410292463424
53.5,-118.75,15760.136775994435,0,15760.136775994435
53.25,-118.75,16528.06205845686,0,16528.06205845686
53,-118.75,31399.01527032601,5698.81015270326,26525.6595130004
52.75,-118.75,39919.93169398903,1680.5054644808754,39016.26366120222
52.5,-118.75,58172.063982648746,21088.757489494426,43332.41317608785
52.25,-118.75,33207.58217795128,5829.494682999058,30047.964463588607
52,-118.75,52594.463698355416,3645.160850381072,50479.954806792295
51.75,-118.75,41729.41215498934,7086.126592356683,35304.657377919284
51.5,-118.75,73540.13227931486,8316.103030303031,67314.84532279315
52,-128,5542.085490668273,23.68412602849596,5518.401364639778
49.75,-127.25,4584.925925925922,1528.308641975311,3056.617283950622
51.25,-118.75,77945.19581151834,21747.40052356021,61143.954973822045
51,-118.75,96712.04053527354,45895.91165389111,57303.29427049503
50.75,-118.75,101463.97703818366,54055.7275541795,53195.46568627445
50.5,-118.75,99395.0668973472,80978.15916955011,26117.955658080282
50.25,-118.75,99068.2172751558,75750.71364966288,28040.233303650974
50,-118.75,110136.89930511692,17365.467593177516,97921.94226152876
49.75,-118.75,83781.61129234632,52111.10602258466,34590.591091593466
49.5,-118.75,89686.24367758814,45928.16108135041,45680.15211162322
49.25,-118.75,84517.08539603956,76299.0717821782,9595.420792079205
54,-118.5,861.7143261608156,0,861.7143261608156
53.75,-118.5,10747.792996765578,0,10747.792996765578
53.5,-118.5,19798.120273475673,0,19798.120273475673
53.25,-118.5,13434.633453436798,0,13434.633453436798
53,-118.5,26530.58415841585,1967.5792079207977,24642.34282178223
52.75,-118.5,41652.47200218518,4517.105981972142,38450.87407812072
52.5,-118.5,50616.715292841705,6534.76193058568,46265.48156182215
52.25,-118.5,55805.58631834099,19075.99622946409,44031.25558847293
52,-118.5,57920.91314804917,13435.507215392781,48096.59273115977
51.75,-118.5,78151.72029735825,16918.957387495044,65076.548387096824
51.5,-118.5,74896.1035846073,18350.567474960484,59061.46652609387
51.25,-118.5,31030.85542326315,4975.610100745777,26777.25814470755
51,-118.5,90271.88359100951,28784.837728985356,65294.72989476419
50.75,-118.5,99343.94760614274,31810.717511936975,73353.98115885918
50.5,-118.5,105212.41122213686,47531.400973610005,64254.834101972854
50.25,-118.5,107917.67044153198,74818.96857106507,46272.70237943759
50,-118.5,101189.63777637393,19450.568540745364,91153.14440934933
49.75,-118.5,109565.347804266,20580.392095357638,99329.51505646172
49.5,-118.5,102114.9141539995,78520.12148018938,29733.779466733064
49.25,-118.5,99702.65437445864,85667.2194035392,16403.04417770076
54,-118.25,111.7511683897457,0,111.7511683897457
53.75,-118.25,860.6150386507379,0,860.6150386507379
53.5,-118.25,19007.680111653837,15.919330076760971,19007.680111653837
53.25,-118.25,20265.57564422274,381.4696591853695,19900.00055417014
53,-118.25,19906.150226991314,3095.4539826661144,17048.80808914573
52.75,-118.25,19267.722555980323,1125.0068268705625,18237.786728563653
52.5,-118.25,30815.090317331116,1107.887171141849,30451.070246813146
52.25,-118.25,43861.397953688735,13556.584814216461,34602.47172859455
52,-118.25,54180.9909090909,14168.471122994668,44808.973262032116
51.75,-118.25,49514.974917053725,5102.688254810887,46207.6769741208
51.5,-118.25,78418.40616763313,13334.431207169167,67206.79124934104
51.25,-118.25,79499.89009551225,23889.20685594664,58184.81590998295
51,-118.25,74167.25873944117,27930.27368421052,47945.40246913581
50.75,-118.25,57034.8987227454,13546.961682363615,46303.70274803252
50.5,-118.25,81910.0326713645,18193.553491351744,69604.00679051889
50.25,-118.25,97201.05087763931,22831.415670312876,80665.80717374719
50,-118.25,111783.43257929989,44732.05029697968,73323.83053203594
49.75,-118.25,95232.55250282273,59512.58010287285,43205.63618115669
49.5,-118.25,98825.19651090346,64513.90691588782,41319.28909657318
49.25,-118.25,97230.16580054443,67367.94110368722,37598.55233853001
54,-118,63.83972816083784,0,63.83972816083784
53.75,-118,0,0,0
53.5,-118,5461.09240647683,0,5461.09240647683
53.25,-118,14464.057910778658,4657.10875588806,9886.422000554172
53,-118,21303.073049938044,8619.648782501026,12794.543128353296
52.75,-118,17957.477465173448,4770.697896749524,13313.575525812583
52.5,-118,18430.90958384169,1154.8981970990917,17576.601328453355
52.25,-118,23494.920301561633,4408.260096930532,20714.082390953095
52,-118,48744.16392565853,13791.647546463473,38408.3182243615
54,-127,59020.58136241322,494.8980314403058,58940.75909927776
51.75,-118,28832.66175690024,2188.8257696390656,27541.412022292934
51.5,-118,45249.33509026226,2924.3837132692074,42938.12860719458
51.25,-118,44042.78215360461,3814.1112128745203,41044.85934842334
51,-118,65663.65904365899,21955.79625779631,47265.29729729731
50.75,-118,81088.87096774192,41506.612903225774,41115.48387096769
50.5,-118,69644.16337775496,39843.52114300362,31409.377114300376
50.25,-118,99034.05572519082,75245.92900763357,30382.083206106894
50,-118,100274.46248105098,71148.97081859526,35691.17407781712
49.75,-118,97341.3715181932,42449.97101631112,64723.39159347555
49.5,-118,104269.76052828302,61002.30563169699,51933.3478694244
53.75,-127,65773.30119465914,318.74631061138444,65773.30119465914
49.25,-118,98186.1465165202,49348.40366291299,59716.365548818234
54,-117.75,0,0,0
53.75,-117.75,0,0,0
53.5,-117.75,1050.089552238806,859.1641791044775,190.9253731343286
53.25,-117.75,13639.429957045872,2146.064154080638,11541.056117500388
53,-117.75,22950.824484181514,317.4387895460793,22649.25763411281
53.5,-127,61830.67801814375,1257.6270760642012,61751.081367759914
52.75,-117.75,17706.30378363617,871.8412785138638,16850.314164731637
52.5,-117.75,17215.062906724466,2499.98156182212,15063.180043383965
52.25,-117.75,10870.548196015076,979.6133548734517,10254.339795368873
52,-117.75,33669.8411764706,7005.346524064174,28731.38743315513
51.75,-117.75,49227.6416821438,12342.331652958319,40081.09233218358
51.5,-117.75,40753.08963880836,1368.3978381228526,40202.58476140253
51.25,-117.75,68586.747643979,7285.771727748689,62824.07905759165
51,-117.75,38081.787941787974,2115.6548856548807,36373.59251559251
50.75,-117.75,75683.518184163,35120.90533917975,43955.86149084345
50.5,-117.75,98682.45880845615,26486.065855221023,77599.80025624596
46.75,-128,0,0,0
43.25,-127.75,0,0,0
46.25,-124.75,0,0,0
46,-124.75,0,0,0
45.75,-124.75,0,0,0
45.5,-124.75,0,0,0
45.25,-124.75,0,0,0
45,-124.75,0,0,0
44.75,-124.75,0,0,0
44.5,-124.75,0,0,0
44.25,-124.75,0,0,0
44,-124.75,0,0,0
43,-127.75,0,0,0
43.75,-124.75,0,0,0
43.5,-124.75,0,0,0
43.25,-124.75,0,0,0
43,-124.75,0,0,0
42.75,-124.75,0,0,0
42.5,-124.75,0,0,0
42.25,-124.75,0,0,0
42,-124.75,0,0,0
41.75,-124.75,0,0,0
41.5,-124.75,0,0,0
42.75,-127.75,0,0,0
41.25,-124.75,0,0,0
41,-124.75,0,0,0
40.75,-124.75,0,0,0
40.5,-124.75,0,0,0
40.25,-124.75,0,0,0
40,-124.75,0,0,0
39.75,-124.75,0,0,0
39.5,-124.75,0,0,0
39.25,-124.75,0,0,0
39,-124.75,0,0,0
42.5,-127.75,0,0,0
38.75,-124.75,0,0,0
38.5,-124.75,0,0,0
38.25,-124.75,0,0,0
38,-124.75,0,0,0
37.75,-124.75,0,0,0
37.5,-124.75,0,0,0
37.25,-124.75,0,0,0
37,-124.75,0,0,0
36.75,-124.75,0,0,0
36.5,-124.75,0,0,0
36.25,-124.75,0,0,0
36,-124.75,0,0,0
35.75,-124.75,0,0,0
35.5,-124.75,0,0,0
48.25,-124.5,64618.884251129595,64618.43946102323,2.223950531600455
48,-124.5,78780.1594090472,78775.04431972401,5.115089323212229
47.75,-124.5,29777.989752579942,29777.767357830624,0.4447894986830168
47.5,-124.5,45.813150656673365,45.813150656673365,0
47.25,-124.5,0,0,0
47,-124.5,0,0,0
46.75,-124.5,0,0,0
46.5,-124.5,0,0,0
46.25,-124.5,0,0,0
46,-124.5,0,0,0
45.75,-124.5,0,0,0
45.5,-124.5,0,0,0
45.25,-124.5,0,0,0
45,-124.5,0,0,0
44.75,-124.5,0,0,0
44.5,-124.5,0,0,0
44.25,-124.5,0,0,0
44,-124.5,0,0,0
43.75,-124.5,0,0,0
43.5,-124.5,0,0,0
43.25,-124.5,6701.633456762533,6701.633456762533,0
43,-124.5,31157.238252841147,31157.238252841147,0
42.75,-124.5,51783.2957833004,51783.07338849619,0.22239480417490007
42.5,-124.5,14543.697468813534,14543.697468813534,0
42.25,-124.5,10317.818854444517,10317.818854444517,0
42,-124.5,0,0,0
41.75,-124.5,0,0,0
41.5,-124.5,0,0,0
41.25,-124.5,0,0,0
41,-124.5,0,0,0
40.75,-124.5,0,0,0
40.5,-124.5,986.7700332121213,986.7700332121213,0
46.5,-128,0,0,0
40.25,-124.5,0,0,0
40,-124.5,0,0,0
39.75,-124.5,0,0,0
39.5,-124.5,0,0,0
39.25,-124.5,0,0,0
39,-124.5,0,0,0
38.75,-124.5,0,0,0
38.5,-124.5,0,0,0
38.25,-124.5,0,0,0
38,-124.5,0,0,0
37.75,-124.5,0,0,0
37.5,-124.5,0,0,0
37.25,-124.5,0,0,0
37,-124.5,0,0,0
36.75,-124.5,0,0,0
36.5,-124.5,0,0,0
36.25,-124.5,0,0,0
36,-124.5,0,0,0
35.75,-124.5,0,0,0
35.5,-124.5,0,0,0
35.25,-124.5,0,0,0
35,-124.5,0,0,0
34.75,-124.5,0,0,0
48.25,-124.25,52480.47073368935,52480.47073368935,44.92372239989651
48,-124.25,113521.40130192877,113512.06070403424,682.5308318668845
47.75,-124.25,100393.43774774384,100392.10337924781,326.25309728399327
47.5,-124.25,89400.82146645193,89400.82146645193,0
47.25,-124.25,42605.14294220506,42605.14294220506,0
47,-124.25,8600.903902978194,8600.903902978194,0
46.75,-124.25,0,0,0
46.5,-124.25,0,0,0
46.25,-124.25,0,0,0
46,-124.25,0,0,0
45.75,-124.25,0,0,0
45.5,-124.25,0,0,0
45.25,-124.25,0,0,0
45,-124.25,0,0,0
44.75,-124.25,0,0,0
44.5,-124.25,0,0,0
44.25,-124.25,19.348437941137945,19.348437941137945,0
44,-124.25,3699.106914275646,3699.106914275646,0
43.75,-124.25,21238.494207040338,21238.494207040338,0
43.5,-124.25,40407.159692819594,40407.159692819594,0
43.25,-124.25,92804.22810122871,92804.22810122871,0
43,-124.25,104941.73405503358,104941.73405503358,0
42.75,-124.25,128095.40409826726,128094.29212424636,378.7383515098542
42.5,-124.25,125824.0695293427,125820.51123180857,862.8871520221041
42.25,-124.25,128433.00233748001,128389.41287938884,1003.4471168724266
42,-124.25,47695.65634633262,47694.766767543755,10.452550769721876
41.75,-124.25,13167.779615918202,13167.779615918202,0
41.5,-124.25,0,0,0
41.25,-124.25,1288.7798294004265,1288.7798294004265,0
41,-124.25,3688.8574259928228,3688.8574259928228,0
40.75,-124.25,16254.643997217763,16254.643997217763,0
40.5,-124.25,63288.082721029736,63288.082721029736,0
40.25,-124.25,74058.02881556672,74058.02881556672,0
40,-124.25,610.9200439213978,610.9200439213978,0
39.75,-124.25,0,0,0
39.5,-124.25,0,0,0
39.25,-124.25,0,0,0
39,-124.25,0,0,0
38.75,-124.25,0,0,0
38.5,-124.25,0,0,0
38.25,-124.25,0,0,0
38,-124.25,0,0,0
37.75,-124.25,0,0,0
37.5,-124.25,0,0,0
37.25,-124.25,0,0,0
37,-124.25,0,0,0
36.75,-124.25,0,0,0
36.5,-124.25,0,0,0
36.25,-124.25,0,0,0
36,-124.25,0,0,0
35.75,-124.25,0,0,0
35.5,-124.25,0,0,0
35.25,-124.25,0,0,0
35,-124.25,0,0,0
34.75,-124.25,0,0,0
34.5,-124.25,0,0,0
46.25,-128,0,0,0
34.25,-124.25,0,0,0
34,-124.25,0,0,0
48.25,-124,19858.252223785847,19858.252223785847,0
48,-124,122235.31008253741,121621.72388862663,14439.402251554893
47.75,-124,122943.60819446745,122755.90735021829,11841.16558199304
47.5,-124,108584.65698499959,108485.69134357202,2414.761650834257
47.25,-124,104746.05680564088,104745.38962338882,7.561398856016518
47,-124,59172.0481466847,59172.0481466847,0
46.75,-124,61652.0017207035,61651.55693155326,0.6671837253655436
46.5,-124,37796.81005250019,37796.58765814615,2.2239435407522117
46.25,-124,32397.878754483358,32376.084165609653,52.04014078000107
46,-124,28278.021614714802,28277.132033060934,0.88958165391704
45.75,-124,30400.99924240916,30394.32743078455,105.63701738962361
45.5,-124,24209.534421022647,24208.42244328921,6.227075307176629
45.25,-124,37701.09460249024,37699.53783637461,4.003112868724753
45,-124,60769.94039605584,60769.94039605584,0
44.75,-124,78784.74523940825,78784.74523940825,0
44.5,-124,88776.20739431163,88776.20739431163,0
44.25,-124,120651.32573425738,120651.32573425738,0.22239547754919262
44,-124,113107.17299771681,113107.17299771681,0
43.75,-124,116645.95740572379,116645.95740572379,0
43.5,-124,124061.33442521018,124061.33442521018,0
43.25,-124,120167.45841200622,120167.45841200622,0
43,-124,114211.29687092658,114210.85207958442,82.95358530397301
42.75,-124,130265.16852415093,130257.38476762574,5292.7320440983
42.5,-124,134080.62134810732,133896.25618485737,13758.889692141014
42.25,-124,114531.48105035962,113337.21698068753,8852.45461700143
42,-124,111301.9223519434,111089.98053713008,1380.8465143499154
41.75,-124,129339.04982479326,129337.93784682825,578.6733330423617
41.5,-124,93679.86181044589,93677.8602560619,1195.1503621978775
41.25,-124,111611.05170421416,111610.60691462448,3.11352712680628
41,-124,103989.50228170457,103989.27988755616,8.67337179070272
40.75,-124,111111.26724317943,111111.26724317943,0
40.5,-124,117232.59442354564,117232.59442354564,0
40.25,-124,123644.80198484617,123644.80198484617,0
40,-124,78131.06193816663,78131.06193816663,0
39.75,-124,1426.8846274908606,1426.8846274908606,0
39.5,-124,0,0,0
39.25,-124,0,0,0
39,-124,0,0,0
38.75,-124,0,0,0
38.5,-124,0,0,0
38.25,-124,0,0,0
38,-124,0,0,0
37.75,-124,0,0,0
37.5,-124,0,0,0
37.25,-124,0,0,0
37,-124,0,0,0
36.75,-124,0,0,0
36.5,-124,0,0,0
36.25,-124,0,0,0
36,-124,0,0,0
35.75,-124,0,0,0
35.5,-124,0,0,0
35.25,-124,0,0,0
35,-124,0,0,0
34.75,-124,0,0,0
34.5,-124,0,0,0
34.25,-124,0,0,0
34,-124,0,0,0
33.75,-124,0,0,0
33.5,-124,0,0,0
48,-123.75,105163.67046904047,95072.21388048642,43056.15494976736
47.75,-123.75,92682.12220907639,82318.74928451137,40031.944460468905
47.5,-123.75,111786.47347855833,108932.48229554523,19952.585285310066
46,-128,0,0,0
47.25,-123.75,110313.30207171262,110290.17288910484,360.28149831292603
47,-123.75,98369.47245772096,98366.58133760246,9.1181480661478
46.75,-123.75,95785.20582536125,95778.08912656875,23.12927107544158
46.5,-123.75,96998.30451372072,96929.14010304255,188.81216934342078
46.25,-123.75,56586.50422929415,56566.93351230492,83.39794171553929
46,-123.75,106441.02487941616,106439.24571015708,36.02817749412846
45.75,-123.75,111466.80958961815,111459.24819052032,146.78010013536698
45.5,-123.75,103477.00678514001,103476.3395918638,45.369142781359685
45.25,-123.75,120558.30900496308,120554.97310510218,213.27519777116484
45,-123.75,109530.32815442712,109528.54898158407,147.67134597876074
44.75,-123.75,112695.60311104495,112695.3807168232,1.7791537735246947
44.5,-123.75,119302.22251189899,119302.22251189899,1.7791696743255396
44.25,-123.75,125987.44688066389,125987.44688066389,0
44,-123.75,125006.17121251296,125006.17121251296,0.22239529472595704
43.75,-123.75,123054.03484459613,123054.03484459613,0.44478916074632485
43.5,-123.75,120120.14942379533,120119.92702849538,9.118207299073557
43.25,-123.75,123533.00899861308,123533.00899861308,187.92298508796702
43,-123.75,115666.69266805387,115663.13434297353,755.9216842667498
42.75,-123.75,128992.32234350458,128974.08596956223,10762.5741532401
42.5,-123.75,130117.36070690163,129562.48781010928,26863.40959893775
42.25,-123.75,91745.34428194413,89433.75773822611,13834.603052247956
42,-123.75,112029.32717639291,111369.70450441427,17686.82787585552
41.75,-123.75,133713.779569683,131454.68161433586,48207.211074514445
41.5,-123.75,133644.89819638658,132139.50690466395,46363.33856689211
41.25,-123.75,131371.64212907027,131364.74784777153,9911.53014976262
41,-123.75,126453.56272712979,126452.22836429536,1591.6724676277372
40.75,-123.75,122474.08915796953,122371.78704410292,16825.139396656752
40.5,-123.75,98728.96425462657,98728.2970693567,1170.910148559155
40.25,-123.75,105658.73332408635,105658.73332408635,61.6039224712145
40,-123.75,115034.53824810046,115033.20388001537,394.3057691460718
39.75,-123.75,104773.01837739028,104773.01837739028,0.4447921647911959
39.5,-123.75,80145.66678981259,80145.66678981259,0
39.25,-123.75,77804.41810592245,77804.41810592245,0
39,-123.75,28124.06139803159,28124.06139803159,0
38.75,-123.75,1376.624964560174,1376.624964560174,0
38.5,-123.75,0,0,0
38.25,-123.75,0,0,0
38,-123.75,0,0,0
37.75,-123.75,0,0,0
37.5,-123.75,0,0,0
37.25,-123.75,0,0,0
37,-123.75,0,0,0
36.75,-123.75,0,0,0
36.5,-123.75,0,0,0
36.25,-123.75,0,0,0
36,-123.75,0,0,0
35.75,-123.75,0,0,0
35.5,-123.75,0,0,0
35.25,-123.75,0,0,0
35,-123.75,0,0,0
34.75,-123.75,0,0,0
34.5,-123.75,0,0,0
34.25,-123.75,0,0,0
34,-123.75,0,0,0
33.75,-123.75,0,0,0
33.5,-123.75,0,0,0
33.25,-123.75,0,0,0
33,-123.75,0,0,0
32.75,-123.75,0,0,0
48,-123.5,101446.26010651868,89845.09472838436,39671.15529547734
47.75,-123.5,86671.55354160293,67752.41952739481,58626.675111104174
47.5,-123.5,111623.00051916532,101899.65351906385,37868.56679783331
47.25,-123.5,97290.68004024395,97219.7347493994,1373.536414594585
47,-123.5,94118.97705031383,94107.41225470665,49.37278124648678
46.75,-123.5,108112.95085316125,108053.79289328914,102.30323887669175
46.5,-123.5,102577.2223551668,102507.38958520726,551.990238979616
46.25,-123.5,84022.44276390388,84017.7724164,22.684545019276726
46,-123.5,114408.49645354487,114405.82768626619,48.03781101516632
45.75,-123.5,114521.01147553536,114483.20416529296,1048.1520774848395
45.5,-123.5,115423.31978476116,115400.63547660367,449.68304994554444
45.25,-123.5,114593.45399913179,114593.00920661062,18.681285888532976
45,-123.5,80196.71831645584,80194.71677332204,83.39763057475479
44.75,-123.5,102344.59900738159,102344.37661243218,4.670293940053446
44.5,-123.5,105793.83206646687,105793.83206646687,61.38055364099784
44.25,-123.5,113079.58257005038,113079.58257005038,48.037111374687356
44,-123.5,114918.57759494062,114918.57759494062,59.37887207196099
43.75,-123.5,120934.22523915651,120934.22523915651,8.67324906871777
43.5,-123.5,103516.96024409946,103516.51546134018,73.61154664683713
43.25,-123.5,73741.80392817184,73741.80392817184,167.01527728788238
43,-123.5,100330.23975888678,100315.56197125337,375.173147538794
42.75,-123.5,116309.16779870862,116239.56020880245,3070.7399406588315
42.5,-123.5,103689.01253761287,103668.55232679169,2687.8489998296786
42.25,-123.5,120031.51628262816,119939.88730347746,16187.860450101167
42,-123.5,128369.45470990402,126792.19449586647,72660.72180606429
41.75,-123.5,127146.01144938808,123729.30002073199,37126.573961176546
41.5,-123.5,130327.81993754373,127908.1104785775,25354.018174731424
45.75,-128,0,0,0
41.25,-123.5,132104.1429784706,129512.54436209332,23244.546827986163
41,-123.5,131460.74417041944,127867.01620107077,28928.409283558845
40.75,-123.5,124336.4009397025,123889.1620986688,16279.627251370428
40.5,-123.5,121800.79589089296,120411.02983921555,31092.59603469636
40.25,-123.5,110506.86978179088,110134.80101605314,31246.882041190896
40,-123.5,73421.82658232661,73420.26980537473,1107.5356028218002
39.75,-123.5,102747.39152383857,102741.16449007139,972.0844498787873
39.5,-123.5,120288.76484354623,120288.54244858387,10.007773305969685
39.25,-123.5,130221.6351211244,130221.6351211244,0
39,-123.5,121879.8740780005,121879.8740780005,0.4447878390397736
38.75,-123.5,66521.99415660188,66521.99415660188,0
38.5,-123.5,22.683958350062856,22.683958350062856,0
38.25,-123.5,0,0,0
38,-123.5,0,0,0
37.75,-123.5,0,0,0
37.5,-123.5,0,0,0
37.25,-123.5,0,0,0
37,-123.5,0,0,0
36.75,-123.5,0,0,0
36.5,-123.5,0,0,0
36.25,-123.5,0,0,0
36,-123.5,0,0,0
35.75,-123.5,0,0,0
35.5,-123.5,0,0,0
35.25,-123.5,0,0,0
35,-123.5,0,0,0
34.75,-123.5,0,0,0
34.5,-123.5,0,0,0
34.25,-123.5,0,0,0
34,-123.5,0,0,0
33.75,-123.5,0,0,0
33.5,-123.5,0,0,0
33.25,-123.5,0,0,0
33,-123.5,0,0,0
32.75,-123.5,0,0,0
32.5,-123.5,0,0,0
32.25,-123.5,0,0,0
32,-123.5,0,0,0
48.25,-123.25,292.6815871986155,292.6815871986155,0
48,-123.25,78530.48826816614,72307.51891844982,19080.34771524268
47.75,-123.25,75825.12161910086,53999.56858345937,57572.4824020532
47.5,-123.25,97285.10793040144,93954.40557228704,14253.502453002713
47.25,-123.25,79179.48722827254,79161.69588419978,115.42134467153065
47,-123.25,101158.34774174864,101156.12384107093,69.60809121564013
46.75,-123.25,95137.45202878522,95132.33704027052,88.28914958000165
46.5,-123.25,104050.40567965701,104042.62190353558,268.873866591514
46.25,-123.25,96936.23916399702,96935.34959790744,14.010665909575488
46,-123.25,103360.56715479358,103360.56715479358,0
45.75,-123.25,103271.6171527426,103271.39476050297,3.7806680741668255
45.5,-123.25,75125.88285679233,75124.3260879656,13.121337254407893
45.25,-123.25,39030.85968135126,39030.85968135126,2.4463507908449156
45,-123.25,13079.682581758427,13079.682581758427,0.2223944124897285
44.75,-123.25,31213.849428089838,31213.849428089838,1.1119765672301227
44.5,-123.25,12115.779657067627,12115.779657067627,0.44479531763528823
44.25,-123.25,12616.354929993402,12616.354929993402,0.22239692097504601
44,-123.25,40769.65352714861,40769.65352714861,8.673542628431447
43.75,-123.25,104068.43724142597,104068.21484398258,56.044155722945014
43.5,-123.25,75382.94613864622,75382.50134376931,194.82015605994337
43.25,-123.25,59532.6308399505,59532.18604046128,252.6461098918644
43,-123.25,91677.69235171436,91654.78516062167,419.6686368145278
42.75,-123.25,120662.30848045353,120588.24936903277,9632.799678578773
42.5,-123.25,98532.1712220209,98509.70936256577,4294.440654229923
42.25,-123.25,102962.30312255536,102901.81267495458,8037.445833608231
42,-123.25,132308.6026701049,126527.13438151326,65454.66294462628
41.75,-123.25,116818.21676902454,110996.00905009816,26914.03362689781
41.5,-123.25,128722.65639538132,98429.64823228712,86743.43898254026
41.25,-123.25,124344.56605980161,118156.74901343824,28109.155246373542
41,-123.25,127627.68241937416,119416.95372821951,39871.18288018096
40.75,-123.25,128144.52573393926,127891.6650902837,15805.90296032423
40.5,-123.25,114685.41411699918,114495.93379023379,24336.21267286752
40.25,-123.25,123943.03386371287,123145.96969230469,35982.19881384789
40,-123.25,106355.26278109441,106059.47875398847,14763.848438688876
39.75,-123.25,66512.62136959603,66504.17026730913,639.8374020895629
39.5,-123.25,96646.04064411746,96561.75346177681,1193.5865636464803
39.25,-123.25,56205.29996123247,56204.41037646542,4.4479238353974315
39,-123.25,63248.98290735224,63248.98290735224,1.7791806609756124
38.75,-123.25,102501.36304341021,102501.36304341021,0
38.5,-123.25,42508.843806509954,42508.843806509954,0
38.25,-123.25,0,0,0
38,-123.25,0,0,0
37.75,-123.25,0,0,0
37.5,-123.25,0,0,0
37.25,-123.25,0,0,0
37,-123.25,0,0,0
36.75,-123.25,0,0,0
36.5,-123.25,0,0,0
36.25,-123.25,0,0,0
36,-123.25,0,0,0
35.75,-123.25,0,0,0
35.5,-123.25,0,0,0
45.5,-128,0,0,0
35.25,-123.25,0,0,0
35,-123.25,0,0,0
34.75,-123.25,0,0,0
34.5,-123.25,0,0,0
34.25,-123.25,0,0,0
34,-123.25,0,0,0
33.75,-123.25,0,0,0
33.5,-123.25,0,0,0
33.25,-123.25,0,0,0
33,-123.25,0,0,0
32.75,-123.25,0,0,0
32.5,-123.25,0,0,0
32.25,-123.25,0,0,0
32,-123.25,0,0,0
31.75,-123.25,0,0,0
31.5,-123.25,0,0,0
31.25,-123.25,0,0,0
48.5,-123,12367.826278336659,12367.826278336659,0
48.25,-123,104.97028204332197,104.97028204332197,0
48,-123,70830.96528253825,70417.08855599306,4858.659239565239
47.75,-123,103300.1810973166,97200.57084231476,26123.7765054165
47.5,-123,75393.26721756453,75362.79909131068,860.0017826537643
47.25,-123,54368.42297761816,54368.42297761816,0
47,-123,51148.40171024603,51148.40171024603,0.8895799661765738
46.75,-123,45783.41443836221,45783.41443836221,0.22239532916407379
46.5,-123,68945.80807298387,68945.80807298387,0.889577416300886
46.25,-123,76469.65096975247,76469.4285759885,0.8895750560684077
46,-123,89664.9431047141,89664.9431047141,0.6671895879569785
45.75,-123,96160.37615803177,96160.37615803177,0.44478744164052497
45.5,-123,12744.842721327508,12744.842721327508,0
45.25,-123,13188.03295085431,13188.03295085431,0
45,-123,4350.25710271158,4350.25710271158,0.2223944124897285
44.75,-123,6886.2484855427065,6886.2484855427065,0.22239531344602478
44.5,-123,15414.478545311149,15414.478545311149,0.44479169382381356
44.25,-123,49119.075053869456,49115.29433688563,42.922257522260736
44,-123,28626.499941830352,28626.499941830352,18.681204756980172
43.75,-123,89062.88146999093,89061.32471043336,157.45510953485956
43.5,-123,123433.8885607188,123425.88235558064,2291.3314316208803
43.25,-123,119918.12287203645,119901.88802754185,7454.462364613161
43,-123,120719.48378871601,120712.36712724215,9319.935386953399
42.75,-123,127638.88846983874,127517.68387728055,19272.86457922662
42.5,-123,62968.498954407114,62967.60937721771,50.928294090744195
42.25,-123,81890.39334664402,81884.83344931754,1587.906676448084
42,-123,120682.96079103318,110083.8685012276,60242.626107285185
48.5,-127.5,0,0,0
41.75,-123,90232.20090907815,87783.40685144399,13270.769140600041
41.5,-123,96150.22783556062,73214.754094058575,65645.95212909675
41.25,-123,120354.94785026001,87168.75178481104,80186.88959774267
41,-123,109514.66250653067,81032.19912245686,76467.114436617
40.75,-123,113143.42051683628,109817.92952231786,19059.580266249082
40.5,-123,109978.87402857664,109518.29450189689,9828.735964080279
40.25,-123,107886.1535023808,103138.66280172174,46918.02703683148
40,-123,113885.72141763655,93013.66312905498,72577.0556095546
39.75,-123,101183.97582984643,96466.53154665073,26429.208050664696
39.5,-123,114307.77478289847,108038.47970125261,29061.5964558054
48.25,-127.5,0,0,0
39.25,-123,68527.84460893027,68472.24572807545,479.7071440163004
39,-123,48114.98401850759,48114.761622256985,2.223962505708739
38.75,-123,51589.546599736845,51589.32420607799,0.8895746350838755
38.5,-123,93337.28691819354,93337.28691819354,0
38.25,-123,5413.335833050507,5413.335833050507,0
38,-123,2318.469986115619,2318.469986115619,0
37.75,-123,0,0,0
37.5,-123,0,0,0
37.25,-123,0,0,0
37,-123,0,0,0
48,-127.5,0,0,0
36.75,-123,0,0,0
36.5,-123,0,0,0
36.25,-123,0,0,0
36,-123,0,0,0
35.75,-123,0,0,0
35.5,-123,0,0,0
35.25,-123,0,0,0
35,-123,0,0,0
34.75,-123,0,0,0
34.5,-123,0,0,0
47.75,-127.5,0,0,0
34.25,-123,0,0,0
34,-123,0,0,0
33.75,-123,0,0,0
33.5,-123,0,0,0
33.25,-123,0,0,0
33,-123,0,0,0
32.75,-123,0,0,0
32.5,-123,0,0,0
32.25,-123,0,0,0
32,-123,0,0,0
47.5,-127.5,0,0,0
31.75,-123,0,0,0
31.5,-123,0,0,0
31.25,-123,0,0,0
31,-123,0,0,0
30.75,-123,0,0,0
30.5,-123,0,0,0
48.75,-122.75,11626.324079894775,11626.324079894775,0
48.5,-122.75,17497.11204799848,17497.11204799848,0
45.25,-128,0,0,0
47.25,-127.5,0,0,0
48.25,-122.75,3916.404204006257,3916.404204006257,0
48,-122.75,37021.998441578246,37021.998441578246,0
47.75,-122.75,39019.24637938992,39019.24637938992,0.44478796221611583
47.5,-122.75,60802.04375143963,60802.04375143963,0
47.25,-122.75,31102.808658441183,31102.808658441183,0
47,-122.75,37696.618251706976,37696.618251706976,0
46.75,-122.75,82738.82229135236,82737.71030905108,6.227100886636038
46.5,-122.75,50108.81518008119,50108.81518008119,1.1119773999858242
46.25,-122.75,90901.36647196091,90901.36647196091,0.6671790503933589
46,-122.75,69018.41501456707,69017.97022374,2.0015587213133346
47,-127.5,0,0,0
45.75,-122.75,7696.576260010994,7696.576260010994,1.1119649011805057
45.5,-122.75,13024.595191599969,13024.595191599969,1.3343732801092776
45.25,-122.75,8554.235647911266,8554.235647911266,2.0015630415765755
45,-122.75,23474.774128342662,23473.88454484502,4.447917488364757
44.75,-122.75,39186.34074772254,39186.34074772254,3.1135394831364
44.5,-122.75,65571.99165413377,65571.99165413377,6.449427016035083
44.25,-122.75,108288.18543121574,108286.18387516546,40.25351612191328
44,-122.75,90905.70899413624,90904.81941439469,97.18658675900498
43.75,-122.75,126810.3733405424,126805.92539883299,3122.455079991893
43.5,-122.75,135342.68491236388,135005.3134049464,12656.4353903279
46.75,-127.5,0,0,0
43.25,-122.75,133170.04056379115,132794.8635722311,39752.081630340406
43,-122.75,133569.98065083273,133483.91393658266,34404.44623897783
42.75,-122.75,102824.44413692638,102437.91951930075,24414.43383102688
42.5,-122.75,23240.873735207224,23191.50266836563,690.7501513966342
42.25,-122.75,54333.21485224878,54175.535173278324,9159.432409590667
42,-122.75,105916.25081838948,97482.79511157006,58798.45083090794
41.75,-122.75,61513.34790470316,60475.878931994,9945.246514593196
41.5,-122.75,31254.00077951998,29718.143767100482,6497.925020109134
41.25,-122.75,98678.50225083773,65004.097517736016,70774.80657956214
41,-122.75,111325.34484076593,93685.90337455459,48716.40288137897
46.5,-127.5,0,0,0
40.75,-122.75,99978.1455981525,99958.79718458645,2497.7245144885633
40.5,-122.75,75352.69498956672,74331.45204963932,14451.966455858861
40.25,-122.75,24985.127908022438,24761.62147657348,4119.63496135338
40,-122.75,94911.56326601286,84025.63963416673,36662.26425410281
39.75,-122.75,88167.10332481358,80190.72992755953,27537.236011676407
39.5,-122.75,106840.07391847862,99590.17681173408,35806.24970029988
39.25,-122.75,91198.55220092715,89467.66604809805,6373.566266725762
39,-122.75,28848.840029109077,28848.840029109077,8.89586334328591
38.75,-122.75,47708.9996478422,47653.62362680817,178.80450165185948
38.5,-122.75,10595.376756636186,10595.376756636186,0
46.25,-127.5,0,0,0
38.25,-122.75,10147.25253911489,10147.25253911489,0
38,-122.75,52000.51502905373,52000.51502905373,0
37.75,-122.75,0,0,0
37.5,-122.75,0,0,0
37.25,-122.75,0,0,0
37,-122.75,0,0,0
36.75,-122.75,0,0,0
36.5,-122.75,0,0,0
36.25,-122.75,0,0,0
36,-122.75,0,0,0
46,-127.5,0,0,0
35.75,-122.75,0,0,0
35.5,-122.75,0,0,0
35.25,-122.75,0,0,0
35,-122.75,0,0,0
34.75,-122.75,0,0,0
34.5,-122.75,0,0,0
34.25,-122.75,0,0,0
34,-122.75,0,0,0
33.75,-122.75,0,0,0
33.5,-122.75,0,0,0
45.75,-127.5,0,0,0
33.25,-122.75,0,0,0
33,-122.75,0,0,0
32.75,-122.75,0,0,0
32.5,-122.75,0,0,0
32.25,-122.75,0,0,0
32,-122.75,0,0,0
31.75,-122.75,0,0,0
31.5,-122.75,0,0,0
31.25,-122.75,0,0,0
31,-122.75,0,0,0
45.5,-127.5,0,0,0
30.75,-122.75,0,0,0
30.5,-122.75,0,0,0
30.25,-122.75,0,0,0
48.75,-122.5,18882.31320181938,18882.31320181938,0
48.5,-122.5,11313.570911391202,11313.570911391202,0
48.25,-122.5,9034.005820756276,9034.005820756276,0
48,-122.5,17697.219932386673,17697.219932386673,0
47.75,-122.5,20899.80506205804,20899.80506205804,0
47.5,-122.5,22662.136785195544,22662.136785195544,0
45.25,-127.5,0,0,0
47.25,-122.5,11842.54576128504,11842.54576128504,0
47,-122.5,36396.97835379879,36396.97835379879,0
46.75,-122.5,96980.43396555874,96863.45422073187,2658.731652861453
46.5,-122.5,92825.11370171863,92817.77467564907,56.933050721604566
46.25,-122.5,109688.75365096859,109081.39424076828,3027.2340870184594
46,-122.5,96477.75984105142,96453.74125690505,284.21991239762616
45.75,-122.5,38394.94425231566,38394.72185600277,0.8895852516146865
45.5,-122.5,8021.9765715138265,8021.9765715138265,0.6671822160334191
45.25,-122.5,41669.238723765215,41669.238723765215,2.446330602301454
45,-122.5,109763.97062105489,109718.82433274115,763.0389911536126
45,-127.5,0,0,0
44.75,-122.5,114947.97749021454,114899.94025972333,1335.7018811609007
44.5,-122.5,116460.31322112997,116331.76737433331,2659.431204141385
44.25,-122.5,117970.15683656115,117960.14905630985,884.687774215322
44,-122.5,130701.06993578738,130655.03425855016,5798.27138614469
43.75,-122.5,128364.11856598275,128296.28800066942,10257.315847149299
43.5,-122.5,134736.46509242713,131280.70883085876,38702.068291119394
43.25,-122.5,128091.99758034653,125219.08811943763,70730.10576088201
43,-122.5,136433.5281415423,131577.53410272315,118286.32147455768
42.75,-122.5,114172.07174048664,112410.0321272614,88559.00343106677
42.5,-122.5,98941.31101676743,97272.68134076032,75873.6121610881
45,-128,0,0,0
44.75,-127.5,0,0,0
42.25,-122.5,88454.18609809472,82796.28328639049,64943.454934031215
42,-122.5,39122.80803933291,37258.01683102317,17222.79794322269
41.75,-122.5,3580.5578850560364,3574.77561766402,93.6282527707193
41.5,-122.5,26173.922533789675,19045.26432799571,15584.793819411632
41.25,-122.5,120366.14521451129,68033.87983719636,105596.37071081938
41,-122.5,119348.0421757028,109771.75014217311,49392.62840656722
40.75,-122.5,59283.75121492087,59197.6847946419,1545.8596572579756
40.5,-122.5,10983.49351742074,10979.4903813057,175.24840325850053
40.25,-122.5,11.564617638137573,11.564617638137573,0
40,-122.5,122.9844452881768,122.9844452881768,0
44.5,-127.5,0,0,0
39.75,-122.5,818.1914726511955,818.1914726511955,0
39.5,-122.5,1284.7756975241537,1284.7756975241537,0
39.25,-122.5,11997.49919159985,11997.49919159985,0
39,-122.5,2981.8844626525133,2981.6620667349516,0.6671877526817965
38.75,-122.5,19959.727616205317,19959.727616205317,0.6671849585913601
38.5,-122.5,47675.282583964756,47675.282583964756,0.22239406354328492
38.25,-122.5,9844.98748416068,9844.98748416068,0
38,-122.5,19833.2627492918,19833.2627492918,0
37.75,-122.5,1109.7532685295191,1109.7532685295191,0
37.5,-122.5,3417.3196142215047,3417.3196142215047,0
44.25,-127.5,0,0,0
37.25,-122.5,370.73076737455307,370.73076737455307,0
37,-122.5,0,0,0
36.75,-122.5,0,0,0
36.5,-122.5,0,0,0
36.25,-122.5,0,0,0
36,-122.5,0,0,0
35.75,-122.5,0,0,0
35.5,-122.5,0,0,0
35.25,-122.5,0,0,0
35,-122.5,0,0,0
44,-127.5,0,0,0
34.75,-122.5,0,0,0
34.5,-122.5,0,0,0
34.25,-122.5,0,0,0
34,-122.5,0,0,0
33.75,-122.5,0,0,0
33.5,-122.5,0,0,0
33.25,-122.5,0,0,0
33,-122.5,0,0,0
32.75,-122.5,0,0,0
32.5,-122.5,0,0,0
43.75,-127.5,0,0,0
32.25,-122.5,0,0,0
32,-122.5,0,0,0
31.75,-122.5,0,0,0
31.5,-122.5,0,0,0
31.25,-122.5,0,0,0
31,-122.5,0,0,0
30.75,-122.5,0,0,0
30.5,-122.5,0,0,0
30.25,-122.5,0,0,0
43.5,-127.5,0,0,0
48.75,-122.25,81388.57312756874,80985.81793737606,1434.4400755065194
48.5,-122.25,36426.88965872531,35998.11300474523,1212.4949779562771
48.25,-122.25,34055.35449039774,34055.13209534455,9.118197179561848
48,-122.25,12694.048777016867,12694.048777016867,0
47.75,-122.25,5697.511402007338,5697.511402007338,0.22239398110805725
47.5,-122.25,4321.9443004290715,4321.9443004290715,0
47.25,-122.25,10878.907248916064,10878.907248916064,0
47,-122.25,52947.76362660946,52945.9844454663,14.455846787927282
46.75,-122.25,108703.16423110173,108371.79350534863,4501.749148117376
46.5,-122.25,102636.84629287437,102178.94095430957,5246.007300341725
43.25,-127.5,0,0,0
46.25,-122.25,73245.95401626875,64985.79095646565,19149.914402927196
46,-122.25,113389.19114405458,113109.41771389774,2076.728371069333
45.75,-122.25,110281.95095549774,110074.23141578854,1877.0373823839368
45.5,-122.25,53481.01689360553,53481.01689360553,2.001526740334793
45.25,-122.25,97567.38684051996,97564.05092964719,448.34642129152047
45,-122.25,126686.72628176259,125395.72247402617,22020.010338571334
44.75,-122.25,126899.31510615253,124864.8161452589,18965.898216664362
44.5,-122.25,130701.16850194067,129663.02807170773,17366.39029906439
44.25,-122.25,130162.99150097516,128634.69721858944,24247.216097198536
44,-122.25,127947.01378442268,125900.55542934334,36716.15829060874
43,-127.5,0,0,0
43.75,-122.25,134452.82678561658,127428.19244397675,51178.46210241408
43.5,-122.25,125909.60133912618,97890.54785581157,93808.87458593023
43.25,-122.25,120899.40210007856,89951.38975305966,112415.83047747346
43,-122.25,96146.88907964576,57317.13593811846,95504.6154865969
42.75,-122.25,111662.47522027907,60059.40093257444,109417.6256212544
42.5,-122.25,125473.52819315868,79335.38487280987,124850.60176631075
42.25,-122.25,97728.19488953406,55143.71720423013,93374.53869137385
42,-122.25,29409.95786350712,18190.660401273093,17714.293941470805
41.75,-122.25,64923.90424372793,21442.48192382339,58168.48942146574
41.5,-122.25,39513.09156156532,14489.319684401158,35005.12529853323
42.75,-127.5,0,0,0
41.25,-122.25,110918.0570373968,97473.2149259458,43014.42092268463
41,-122.25,118200.12403619278,118082.70028773586,6278.612247036714
40.75,-122.25,31951.942672714264,31951.720279204896,37.584503084703215
40.5,-122.25,7.339094105012591,7.339094105012591,0
40.25,-122.25,0,0,0
40,-122.25,0,0,0
39.75,-122.25,0,0,0
39.5,-122.25,0,0,0
39.25,-122.25,0,0,0
39,-122.25,163.6858463132618,163.6858463132618,0
42.5,-127.5,0,0,0
38.75,-122.25,879.3300933352239,879.3300933352239,0
38.5,-122.25,11581.786371788281,11581.786371788281,0
38.25,-122.25,3347.091306822223,3347.091306822223,0
38,-122.25,2957.6469039920653,2957.6469039920653,0
37.75,-122.25,2054.263697551234,2054.263697551234,0
37.5,-122.25,7687.900673037562,7687.900673037562,0
37.25,-122.25,76977.01474625123,76977.01474625123,0
37,-122.25,20631.75066072101,20631.75066072101,0
36.75,-122.25,0,0,0
36.5,-122.25,0,0,0
44.75,-128,0,0,0
42.25,-127.5,0,0,0
36.25,-122.25,0,0,0
36,-122.25,0,0,0
35.75,-122.25,0,0,0
35.5,-122.25,0,0,0
35.25,-122.25,0,0,0
35,-122.25,0,0,0
34.75,-122.25,0,0,0
34.5,-122.25,0,0,0
34.25,-122.25,0,0,0
34,-122.25,0,0,0
42,-127.5,0,0,0
33.75,-122.25,0,0,0
33.5,-122.25,0,0,0
33.25,-122.25,0,0,0
33,-122.25,0,0,0
32.75,-122.25,0,0,0
32.5,-122.25,0,0,0
32.25,-122.25,0,0,0
32,-122.25,0,0,0
31.75,-122.25,0,0,0
31.5,-122.25,0,0,0
41.75,-127.5,0,0,0
31.25,-122.25,0,0,0
31,-122.25,0,0,0
30.75,-122.25,0,0,0
30.5,-122.25,0,0,0
30.25,-122.25,0,0,0
48.75,-122,78411.43355908213,67755.46890055788,16575.969735229457
48.5,-122,87182.00522007921,84567.96617199457,4953.641803389285
48.25,-122,89058.58980819971,88901.13520884588,507.94675836717784
48,-122,51010.43232314817,51010.43232314817,0
47.75,-122,36973.12930593745,36973.12930593745,0.44479487640076787
47.5,-122,63312.64807792143,63312.64807792143,8.228660475766448
47.25,-122,56724.02917629824,56724.02917629824,3.113527830581728
47,-122,107714.57909679088,105578.05224524975,17168.273122231465
46.75,-122,113041.79740927728,107287.32802259467,34179.213009897
46.5,-122,112128.58796786165,110233.76888533372,16423.544554756183
46.25,-122,106065.19146040919,94303.15103040561,36684.76507053326
46,-122,119234.23336589025,118671.13006248248,5352.3725130784915
45.75,-122,115901.80546624593,115652.50501086423,2739.413924524849
45.5,-122,122852.5031836997,122052.75951752983,8254.751295113469
45.25,-122,129408.82569004194,127784.44340278172,28561.46216096215
45,-122,129521.37478019646,126855.52419564233,31828.303350216476
44.75,-122,129739.70414782135,126019.73426321679,39860.85503897792
44.5,-122,117231.61690849984,103293.91491816232,70948.37626585628
44.25,-122,119167.13552534652,108049.49540644299,47512.510496545496
44,-122,132841.13420275753,101138.75365864299,100555.40797282821
43.75,-122,108163.62503499883,34030.10010137577,104199.47353447588
43.5,-122,85602.6674433661,27592.765640825084,85230.82905667873
43.25,-122,75423.82506982905,14969.82974318871,75247.90827574098
43,-122,38357.59292029775,3321.7123036374555,38344.693930366615
42.75,-122,57952.34413682384,31862.625091436465,55761.53985838826
42.5,-122,27984.27681928294,23178.82631336586,21967.233646009467
42.25,-122,37117.535540534394,21406.427036223085,29159.568301384053
42,-122,15727.70286751525,10796.046437317606,8386.818292635218
41.75,-122,6415.243276188335,2391.6496634586956,5571.471765758516
41.5,-122,108290.03716063038,27593.300195034728,107584.15893619132
41.25,-122,107423.36264589634,84682.21955494369,68887.04712770808
41,-122,116068.71475181436,115711.32294879093,14639.942507424666
40.75,-122,61211.639816481074,61115.56434524646,3036.162808551937
40.5,-122,11636.155896089673,11558.540009698943,564.6611333697421
40.25,-122,2705.197954502149,2705.197954502149,0
40,-122,18.45884261171667,18.45884261171667,0
39.75,-122,0,0,0
39.5,-122,0,0,0
39.25,-122,0,0,0
39,-122,0,0,0
38.75,-122,1.556783487678737,1.556783487678737,0
38.5,-122,2098.9676571229775,2098.9676571229775,0
38.25,-122,87.84633556776383,87.84633556776383,0
38,-122,150.11543131282997,150.11543131282997,0
37.75,-122,3093.0712899797204,3093.0712899797204,0
37.5,-122,438.3441531858703,438.3441531858703,0
37.25,-122,28708.159437119077,28708.159437119077,0
37,-122,41088.35713817162,41088.35713817162,0
36.75,-122,0.22239255112167558,0.22239255112167558,0
36.5,-122,603.5859013225845,603.5859013225845,0
36.25,-122,19.34844927661737,19.34844927661737,0
36,-122,0,0,0
35.75,-122,0,0,0
35.5,-122,0,0,0
35.25,-122,0,0,0
35,-122,0,0,0
34.75,-122,0,0,0
34.5,-122,0,0,0
34.25,-122,0,0,0
34,-122,0,0,0
33.75,-122,0,0,0
33.5,-122,0,0,0
33.25,-122,0,0,0
33,-122,0,0,0
32.75,-122,0,0,0
32.5,-122,0,0,0
32.25,-122,0,0,0
32,-122,0,0,0
31.75,-122,0,0,0
31.5,-122,0,0,0
31.25,-122,0,0,0
31,-122,0,0,0
30.75,-122,0,0,0
30.5,-122,0,0,0
44.5,-128,0,0,0
30.25,-122,0,0,0
48.75,-121.75,52013.03268749566,41910.70491624305,12747.503038424544
48.5,-121.75,93413.26752443917,88364.41260165091,8448.709305891152
48.25,-121.75,96932.12050201323,89292.77049652023,14501.6435650125
48,-121.75,102867.56889104085,99281.35313003827,6276.600384931115
47.75,-121.75,96848.0700256309,95841.5339903418,1983.0494535292626
47.5,-121.75,96646.84177846232,94898.36863692942,4595.135086537072
47.25,-121.75,113825.1018201977,112901.93292063203,8151.063198743411
47,-121.75,93409.9628675268,76843.34337191394,64680.13720945279
46.75,-121.75,74989.63907738889,61936.54354787586,40848.54996092499
46.5,-121.75,114838.0966286788,108129.43508219456,39649.045975323905
46.25,-121.75,118764.85030012556,105990.24425830443,63138.45867037602
46,-121.75,114797.53966777946,101263.66282889232,65521.45336803163
45.75,-121.75,111504.43291007722,111399.01723328365,5273.452590986741
45.5,-121.75,105877.45269172618,101411.89816761037,25194.800953492333
45.25,-121.75,113451.64800069988,104892.62902443137,80302.87997596807
45,-121.75,117541.74393025583,113385.48305861856,84703.52464051542
44.75,-121.75,92877.17209384528,67758.84204480184,78743.28809293544
44.5,-121.75,62892.54030472333,45272.16794490153,34121.24962972738
44.25,-121.75,42174.77043522562,11984.708781910133,39756.878956873414
44,-121.75,79357.98020294726,7613.925310237854,79120.68442347467
43.75,-121.75,43877.85413005842,26557.513944941184,43506.454583196566
43.5,-121.75,22548.19792012227,13093.678594952711,21962.614203362587
43.25,-121.75,10276.689369804772,2739.2495610786978,10246.888327246965
43,-121.75,11439.347947522452,9625.269342472771,3668.633157888882
42.75,-121.75,17301.21028657377,8980.741866687777,13968.263790373649
42.5,-121.75,50940.815763369676,30182.512844127832,48042.855088211276
42.25,-121.75,7284.269999010318,6454.71768025148,2718.618644640249
42,-121.75,320.01945937487716,61.824468176660524,262.420404490866
41.75,-121.75,14445.511422322725,70.72411368854856,14413.707811450278
41.5,-121.75,104507.97046957976,7439.835409484769,104374.08768129442
41.25,-121.75,112445.00586584667,68383.76553010727,104396.20724135048
41,-121.75,100681.03247412753,89131.62395604559,52422.68787017137
40.75,-121.75,121521.17366336024,90454.83290851579,106304.14439701504
40.5,-121.75,80813.03955720164,51932.68509976879,63297.83194193938
40.25,-121.75,50556.060384076605,40432.57202084541,30383.80887927601
40,-121.75,47149.734480428226,46874.41990052774,9028.672560082006
39.75,-121.75,9334.743775764067,9332.519788015814,77.61717241420949
39.5,-121.75,0,0,0
39.25,-121.75,0,0,0
39,-121.75,0,0,0
38.75,-121.75,0,0,0
38.5,-121.75,0,0,0
38.25,-121.75,0,0,0
38,-121.75,1.7791616200407612,1.7791616200407612,0
37.75,-121.75,176.5827628746993,176.5827628746993,0
37.5,-121.75,2.0015421071551742,2.0015421071551742,0
37.25,-121.75,2528.341712636087,2528.341712636087,0
37,-121.75,13688.973822203243,13688.973822203243,0
36.75,-121.75,356.71350543940235,356.71350543940235,0
36.5,-121.75,6721.054938353859,6721.054938353859,0
36.25,-121.75,7133.982765068105,7133.982765068105,0
36,-121.75,30.024138665621482,30.024138665621482,0
35.75,-121.75,0,0,0
35.5,-121.75,0,0,0
35.25,-121.75,0,0,0
35,-121.75,0,0,0
34.75,-121.75,0,0,0
34.5,-121.75,0,0,0
34.25,-121.75,0,0,0
34,-121.75,0,0,0
33.75,-121.75,0,0,0
33.5,-121.75,0,0,0
33.25,-121.75,0,0,0
33,-121.75,0,0,0
32.75,-121.75,0,0,0
32.5,-121.75,0,0,0
32.25,-121.75,0,0,0
32,-121.75,0,0,0
31.75,-121.75,0,0,0
31.5,-121.75,0,0,0
31.25,-121.75,0,0,0
31,-121.75,0,0,0
30.75,-121.75,0,0,0
30.5,-121.75,0,0,0
30.25,-121.75,0,0,0
48.75,-121.5,54950.59049896465,40513.40068075847,21088.344922309712
48.5,-121.5,96041.69089319283,86635.05297161468,21733.98832451637
48.25,-121.5,107118.57891001423,101161.06022596288,20868.884603379178
48,-121.5,89872.05298140815,70347.72315136027,34277.829808354785
47.75,-121.5,93719.43184346163,80064.64021306587,26887.25636123087
47.5,-121.5,90847.72387088572,73573.40826037408,38069.14537137472
47.25,-121.5,108066.10310259103,100028.75340278934,38796.335927808694
47,-121.5,109708.52575251287,81776.11203305365,85472.99027361939
46.75,-121.5,112056.0781237285,73081.00821873226,83307.87476774618
46.5,-121.5,105659.73396695429,70685.5667470506,89913.65280564588
46.25,-121.5,74195.82627525821,44475.641047825164,68200.50496932391
46,-121.5,94100.70689920454,93000.290712532,24786.718927489077
45.75,-121.5,70280.09109754289,70276.97758026728,851.546974876246
45.5,-121.5,96137.43234251211,95524.06644154787,22926.496506348198
45.25,-121.5,114445.84988388611,108144.0502466697,84487.61570367287
45,-121.5,58429.208853603515,57831.855498292505,26209.93484119911
44.75,-121.5,31195.784359960824,30247.492295180433,12423.426670441206
44.5,-121.5,28855.322309740364,25883.67868746686,16295.335390752087
44.25,-121.5,4678.756056679906,2243.747972993804,3682.8691082146224
44,-121.5,33288.01289430222,9153.375120783097,32571.897731055273
43.75,-121.5,2534.845269186266,1725.7763896197123,1304.5624099883007
43.5,-121.5,5290.981144230775,1176.4654807692305,5110.397028846152
44.25,-128,0,0,0
43.25,-121.5,15406.84283500305,3226.9481867848554,15377.486724689143
43,-121.5,13055.98101950985,3238.9757021112173,12644.770770045161
42.75,-121.5,15409.63838768312,4029.54593659158,15280.650218180248
42.5,-121.5,10728.506378422027,3618.571905294356,9284.724877028693
42.25,-121.5,2479.9366035115704,1339.0456721139967,1874.352586709318
42,-121.5,1202.7142866084564,649.1721528494975,938.0637686602197
41.75,-121.5,14828.40233192529,84.06527208392387,14823.509644131937
41.5,-121.5,63704.039643718934,6444.550319416888,62132.37710291834
41.25,-121.5,27186.59751896197,15779.453119706377,19550.84738630896
41,-121.5,8229.708147878731,7903.677823739016,1532.7428335408733
40.75,-121.5,53119.401478951906,7281.008180913652,51901.785797639015
40.5,-121.5,120199.73044956183,8083.3696022983695,120165.25931608843
40.25,-121.5,125768.3303656487,42670.325533825024,120350.97419166027
40,-121.5,119684.68914173936,70204.98313610189,105829.4373982455
39.75,-121.5,70697.17810225835,69672.38470862582,19608.95900680528
39.5,-121.5,7859.636661243208,7859.414266951559,5.5598572912786866
39.25,-121.5,0.8895834303771404,0.8895834303771404,0
39,-121.5,0,0,0
38.75,-121.5,0,0,0
38.5,-121.5,0,0,0
38.25,-121.5,0,0,0
38,-121.5,0,0,0
37.75,-121.5,0,0,0
37.5,-121.5,0,0,0
37.25,-121.5,0.8895837324702707,0.8895837324702707,0
37,-121.5,72.5004679341217,72.5004679341217,0
36.75,-121.5,41.36549535529343,41.36549535529343,0
36.5,-121.5,1978.4222398931593,1978.4222398931593,0
36.25,-121.5,6652.956191469031,6652.956191469031,0
36,-121.5,5151.341525201726,5151.341525201726,0
35.75,-121.5,4.003116605826847,4.003116605826847,0
35.5,-121.5,0,0,0
35.25,-121.5,0,0,0
35,-121.5,0,0,0
34.75,-121.5,0,0,0
34.5,-121.5,0,0,0
34.25,-121.5,0,0,0
34,-121.5,0,0,0
33.75,-121.5,0,0,0
33.5,-121.5,0,0,0
33.25,-121.5,0,0,0
33,-121.5,0,0,0
32.75,-121.5,0,0,0
32.5,-121.5,0,0,0
32.25,-121.5,0,0,0
32,-121.5,0,0,0
31.75,-121.5,0,0,0
31.5,-121.5,0,0,0
31.25,-121.5,0,0,0
31,-121.5,0,0,0
30.75,-121.5,0,0,0
30.5,-121.5,0,0,0
30.25,-121.5,0,0,0
48.75,-121.25,65586.17572293422,48641.204793500234,31085.758555293825
48.5,-121.25,77211.2999379685,58109.63292084156,38041.65151100965
48.25,-121.25,91047.04162466999,72002.9416417593,57298.651158410954
48,-121.25,82767.1167013465,50721.80488977361,66525.17952077578
47.75,-121.25,102593.36660823006,82623.43009110923,56718.00010881297
47.5,-121.25,74915.15296150181,42109.31920957862,64209.461690002805
47.25,-121.25,104460.81660923336,92077.62805460216,64032.03334439796
47,-121.25,117727.70180255054,100526.14568743526,108491.43113895852
46.75,-121.25,100781.28300716082,64138.921664361034,90054.02611922585
46.5,-121.25,98900.43742564136,62782.360448691856,92362.2437429017
46.25,-121.25,83374.45022628998,76297.8687669465,53985.73212107779
46,-121.25,78685.58964555869,78638.88668683638,13860.548568637963
45.75,-121.25,41238.09152712264,41236.53476848477,5679.055510692045
45.5,-121.25,10397.693467211728,10395.69190065547,388.30391191477923
45.25,-121.25,9112.41926017376,9110.862494058147,709.4405584017752
45,-121.25,5455.361834158594,5447.800386854818,293.3396762843534
44.75,-121.25,92.96063254973706,92.96063254973706,0.6671815733234713
44.5,-121.25,170.13310010737933,170.13310010737933,0
44.25,-121.25,541.0864409667297,541.0864409667297,0
44,-121.25,1288.3317789174666,865.5596898924189,633.3797525214828
43.75,-121.25,47237.12403149418,10237.234377187442,47225.78194439746
43.5,-121.25,3343.2471133860367,356.4973806131715,3336.3529032805973
43.25,-121.25,14717.372052267896,1665.7315482945264,14605.507837475947
43,-121.25,30762.90798509553,4863.762399216624,30568.757798789396
42.75,-121.25,10675.327780135158,2403.1830338765094,9469.288395283002
42.5,-121.25,13965.983160039552,4882.467503670628,13558.110088994103
42.25,-121.25,11016.516429830372,1310.5687039928616,10471.42837731273
42,-121.25,3165.5710738098487,706.549058697057,2797.2848789082736
41.75,-121.25,0.8895768254740213,0.22239420636850601,0.6671826191055166
41.5,-121.25,2809.746291439377,103.85875558826737,2727.0151199643437
41.25,-121.25,27624.86362328481,3921.9140046099383,26115.25476230992
41,-121.25,3682.619029125011,1115.3049357486536,2760.129522946475
40.75,-121.25,54390.614489798434,360.2808043336726,54219.14751440255
40.5,-121.25,135178.96552093409,4132.367418215859,135148.27466986506
40.25,-121.25,103510.7961891203,17739.846981034018,103011.2951884634
40,-121.25,107125.88489261073,58142.194895253415,88622.28454269603
39.75,-121.25,132541.4150478274,115386.47440047331,99414.23432953045
39.5,-121.25,96051.93945114882,95907.8275155428,20971.40016014071
39.25,-121.25,7893.051381878773,7892.828986021179,2.6687502911314227
39,-121.25,31.802520970653838,31.802520970653838,0
38.75,-121.25,1.5567672263929409,1.5567672263929409,0
38.5,-121.25,0,0,0
38.25,-121.25,0,0,0
38,-121.25,0,0,0
37.75,-121.25,0,0,0
37.5,-121.25,0,0,0
44,-128,0,0,0
37.25,-121.25,0,0,0
37,-121.25,0,0,0
36.75,-121.25,0,0,0
36.5,-121.25,2.4463475362726017,2.4463475362726017,0
36.25,-121.25,114.31053760832492,114.31053760832492,0
36,-121.25,1670.190844803838,1670.190844803838,0
35.75,-121.25,1227.1793959343454,1227.1793959343454,0
35.5,-121.25,1.3343652010711589,1.3343652010711589,0
35.25,-121.25,0,0,0
35,-121.25,0,0,0
34.75,-121.25,0,0,0
34.5,-121.25,0,0,0
34.25,-121.25,0,0,0
34,-121.25,0,0,0
33.75,-121.25,0,0,0
33.5,-121.25,0,0,0
33.25,-121.25,0,0,0
33,-121.25,0,0,0
32.75,-121.25,0,0,0
32.5,-121.25,0,0,0
32.25,-121.25,0,0,0
32,-121.25,0,0,0
31.75,-121.25,0,0,0
31.5,-121.25,0,0,0
31.25,-121.25,0,0,0
31,-121.25,0,0,0
30.75,-121.25,0,0,0
30.5,-121.25,0,0,0
30.25,-121.25,0,0,0
48.75,-121,90285.81887912778,69876.03580050613,51290.9971473701
48.5,-121,49808.94843740413,27919.805170978685,38333.855582326476
48.25,-121,64463.54009186379,35001.58440548397,55707.862117190816
48,-121,62545.32130275268,31749.58382127845,51082.70809543482
47.75,-121,93615.73536681206,57356.717828921755,77172.75717949822
47.5,-121,84673.59160038295,47148.20220485216,73717.29787852174
47.25,-121,86089.93698006678,84072.15890837535,40771.882446744785
47,-121,98217.13457352773,86713.95643991648,75602.19415804051
46.75,-121,70266.70967889592,65937.32512701924,36426.4768652807
46.5,-121,55605.9622492494,47338.03525315953,36866.85482752276
46.25,-121,52426.170107500475,50773.55649446537,18787.888309676746
46,-121,49830.72258653652,48919.79249640847,12853.988610649796
45.75,-121,2415.6446176823683,2415.6446176823683,17.569133198020314
45.5,-121,0.2223959153563706,0.2223959153563706,0
45.25,-121,0.8895777009741304,0.8895777009741304,0
45,-121,257.0908983340814,257.0908983340814,0
44.75,-121,25.352982759296957,25.352982759296957,0
44.5,-121,2700.7707641845595,2698.7692048237495,233.96004973008576
44.25,-121,64.27218872504449,64.27218872504449,0
44,-121,12.676613731991555,12.676613731991555,0
43.75,-121,3961.2922656067763,632.0453974205283,3863.88343940332
43.5,-121,130.9908316866904,14.45569449853035,116.53513718815867
43.25,-121,5.559869377644491,5.559869377644491,0
43,-121,6899.158507506344,1184.9241353875898,6661.195139476174
42.75,-121,22919.858702432943,8092.972551466005,21207.190892077382
42.5,-121,23926.328212601045,6461.231710375039,23518.901217337065
42.25,-121,12897.162370283797,525.9654608518623,12582.250280403778
42,-121,2477.266161653301,158.34576776166193,2373.8521419774966
41.75,-121,342.71267727262864,0.22239628635472336,342.4902809862734
41.5,-121,13027.915320877531,536.1950126090082,12903.818756366614
41.25,-121,11998.959172181645,1355.9515517726804,11375.136947690517
41,-121,16647.168558720456,199.93326387754448,16612.69730632773
40.75,-121,72842.99375380021,279.1047113666094,72802.07322241257
40.5,-121,107389.59006763237,1676.409058852869,107362.23555526324
40.25,-121,94004.94680157061,32795.89369611872,89542.59517705368
40,-121,113015.53782297483,90150.18165416006,86630.33034904746
39.75,-121,136634.9092851587,108307.46549579465,126302.48111280266
39.5,-121,132744.2615607787,130990.90496540099,74053.74081116576
39.25,-121,71853.66815274277,71745.13962654262,4829.964204949275
39,-121,21741.202504806577,21739.868129301234,4.670314268772567
38.75,-121,976.9738851459733,976.9738851459733,0
38.5,-121,7.783780648845428,7.783780648845428,0
38.25,-121,0,0,0
38,-121,0,0,0
37.75,-121,0,0,0
37.5,-121,0,0,0
37.25,-121,0,0,0
37,-121,0,0,0
36.75,-121,0,0,0
36.5,-121,0,0,0
36.25,-121,0,0,0
36,-121,0,0,0
35.75,-121,574.2264854859302,574.2264854859302,0
35.5,-121,394.5278754890536,394.5278754890536,0
35.25,-121,38.91922650720226,38.91922650720226,0
35,-121,0,0,0
34.75,-121,0,0,0
34.5,-121,0,0,0
34.25,-121,0,0,0
34,-121,0,0,0
33.75,-121,0,0,0
33.5,-121,0,0,0
33.25,-121,0,0,0
33,-121,0,0,0
32.75,-121,0,0,0
32.5,-121,0,0,0
32.25,-121,0,0,0
32,-121,0,0,0
31.75,-121,0,0,0
31.5,-121,0,0,0
43.75,-128,0,0,0
31.25,-121,0,0,0
31,-121,0,0,0
30.75,-121,0,0,0
30.5,-121,0,0,0
30.25,-121,0,0,0
48.75,-120.75,81931.72496196484,36669.75492343674,76579.57667777194
48.5,-120.75,61940.74459368295,26269.656179086167,53760.9447776755
48.25,-120.75,52963.27255289361,28616.828841616596,36064.09406709765
48,-120.75,85677.96855899286,53501.165578544416,73540.52878057411
47.75,-120.75,87116.62167903908,77860.75861955801,39336.36162591066
47.5,-120.75,68881.7760346561,54734.06424279932,35174.34951995391
47.25,-120.75,75727.89107994395,74906.14212751543,33469.97938906355
47,-120.75,26006.558395950717,25542.640073301467,7326.395639037817
46.75,-120.75,6630.471862682769,6211.702877728327,2425.6576308539998
46.5,-120.75,42.03239105524877,42.03239105524877,0.22239360346692622
46.25,-120.75,6330.23736797631,6288.204805351676,1223.8369953616361
46,-120.75,43509.43459943836,36533.30026776016,27678.804849453816
45.75,-120.75,642.2709269218603,641.8261409613878,8.4509332489718485
45.5,-120.75,1.3343799162181107,1.3343799162181107,0
45.25,-120.75,3.3359218846193825,3.3359218846193825,0
45,-120.75,28.021695973705597,28.021695973705597,0
44.75,-120.75,145.44629699023636,145.44629699023636,0
44.5,-120.75,45389.732456812155,45100.174007762536,6989.656294299945
44.25,-120.75,1761.1412139424299,1760.9188195474321,2.4463383449130793
44,-120.75,71.83391233813387,71.83391233813387,0
43.75,-120.75,28.244020809497325,23.57374965202054,4.892665022117728
43.5,-120.75,418.99207369254367,126.0979330061953,300.9003586549953
43.25,-120.75,5.782264152750267,5.782264152750267,0
43,-120.75,6149.917267953976,664.0745294221435,6012.031732708918
42.75,-120.75,32776.835340182806,4682.500360203737,31906.83099873814
42.5,-120.75,75485.0724029712,10614.21262912205,74176.9491460203
42.25,-120.75,57595.462640378406,1416.6573879604098,56906.927118694606
42,-120.75,12270.481827940497,551.9870935032507,11875.506373443412
41.75,-120.75,1346.1521311485628,58.044887862178875,1302.7852609067047
41.5,-120.75,1545.6567750551278,44.03453833969937,1511.630086338082
41.25,-120.75,53606.320267191026,388.0777161915691,53521.36571843157
41,-120.75,17640.35823103773,113.8661549961085,17602.328714427727
40.75,-120.75,25438.23207779227,158.1229991109722,25413.54620873277
40.5,-120.75,53556.377910836774,2284.001067804019,53474.53639253574
40.25,-120.75,78155.99737223168,14524.870939076623,73961.61869312727
40,-120.75,106616.55623442357,52027.39206225544,94488.0030799652
39.75,-120.75,125004.26728206832,57847.8495584998,121344.7563599495
39.5,-120.75,136696.20812341946,110344.04132280011,116353.80226608903
39.25,-120.75,124409.87042098606,117222.72509011897,73513.39699087462
39,-120.75,112461.94277654165,111913.73848148804,15274.773061730606
38.75,-120.75,52139.025551034174,52122.345902179906,1537.8636243581639
38.5,-120.75,24804.536369773956,24804.31397537966,2.0015495483705967
38.25,-120.75,1043.925820645787,1043.925820645787,0
38,-120.75,26.68742430061059,26.68742430061059,0
37.75,-120.75,0,0,0
37.5,-120.75,0,0,0
37.25,-120.75,0,0,0
37,-120.75,0,0,0
36.75,-120.75,0,0,0
36.5,-120.75,0,0,0
36.25,-120.75,0,0,0
36,-120.75,0,0,0
35.75,-120.75,0,0,0
35.5,-120.75,1355.2741333287556,1355.2741333287556,0
35.25,-120.75,3129.5372126654,3129.5372126654,0
35,-120.75,35.58328510836617,35.58328510836617,0
34.75,-120.75,0.2223956450549682,0.2223956450549682,0
34.5,-120.75,8.895767608580115,8.895767608580115,0
34.25,-120.75,0,0,0
34,-120.75,0,0,0
33.75,-120.75,0,0,0
33.5,-120.75,0,0,0
33.25,-120.75,0,0,0
33,-120.75,0,0,0
32.75,-120.75,0,0,0
32.5,-120.75,0,0,0
32.25,-120.75,0,0,0
32,-120.75,0,0,0
31.75,-120.75,0,0,0
31.5,-120.75,0,0,0
31.25,-120.75,0,0,0
31,-120.75,0,0,0
30.75,-120.75,0,0,0
30.5,-120.75,0,0,0
30.25,-120.75,0,0,0
48.75,-120.5,56300.946354425236,32518.207175987132,43935.76341535571
48.5,-120.5,68904.94204148001,45466.33772805973,52762.43507615424
48.25,-120.5,57190.78974571804,31913.634477154428,44184.26013762119
48,-120.5,70906.03538393191,40509.28348796125,55333.92432257006
47.75,-120.5,79929.73117412264,74967.23187967748,40770.5989806158
47.5,-120.5,42182.342415642,41979.96289089027,8941.394277629846
47.25,-120.5,49061.24690092714,37652.43039170225,29065.572414359565
47,-120.5,267.3192351055746,267.3192351055746,0
46.75,-120.5,11.119728756092393,11.119728756092393,0
46.5,-120.5,0.8895804187543344,0.8895804187543344,0
46.25,-120.5,0.8895780449657547,0.8895780449657547,0
46,-120.5,7682.859104874013,7480.924407160071,1260.0903053382776
45.75,-120.5,124.98610352590025,124.98610352590025,0.22239520200338278
45.5,-120.5,0,0,0
45.25,-120.5,3.113532231230362,3.113532231230362,0
45,-120.5,25.575483527444607,25.575483527444607,0
44.75,-120.5,2926.4951408173006,2922.936821624872,142.33276769686753
44.5,-120.5,74950.1912854747,73735.90798274764,22677.74146137185
43.5,-128,0,0,0
44.25,-120.5,22109.482274923645,22010.071335157085,5283.457932961439
44,-120.5,12013.774408973613,11894.12593374171,1431.7785939461696
43.75,-120.5,0,0,0
43.5,-120.5,1.334369661441223,1.334369661441223,0
43.25,-120.5,2.8911182330953116,2.8911182330953116,0
43,-120.5,0.22239567105622987,0.22239567105622987,0
42.75,-120.5,1282.9915625108856,38.029391088466085,1249.854841620935
42.5,-120.5,39627.10547714052,1345.7078932012805,39225.68377044266
42.25,-120.5,35202.323425733,939.8435676786336,34740.40788146697
42,-120.5,5735.123426402169,96.07465953954245,5679.7470601398045
48.5,-127.25,0,0,0
41.75,-120.5,451.01755961149,61.60348324081929,404.5369531229293
41.5,-120.5,340.71009327885935,191.48263075267548,155.8993311935249
41.25,-120.5,2491.2664910345693,59.15701540931925,2471.9181438894034
41,-120.5,4913.139100200967,116.0899244208268,4805.2777719555725
40.75,-120.5,7392.205960028995,1.3343733493839753,7391.761168912527
40.5,-120.5,1079.9555131288284,24.241176056638373,1069.2804998194822
40.25,-120.5,32291.649952977532,2900.041428569244,31867.76352944589
40,-120.5,66081.24349420072,4119.86146273602,65932.46145271257
39.75,-120.5,71542.49334836534,14955.17906221855,71259.82921089862
39.5,-120.5,118633.65802830657,24053.163423637485,118148.83627930259
48.25,-127.25,0,0,0
39.25,-120.5,116389.4103160137,50093.62679693285,108808.62550018114
39,-120.5,103067.83122203653,76163.040303308,81466.96054121073
38.75,-120.5,97939.34610058612,89160.33022060664,55739.80101529209
38.5,-120.5,106395.60811413682,104589.10382240622,33632.82660872981
38.25,-120.5,41197.3236881653,41125.7121388619,1849.6684955138426
38,-120.5,2410.319204750231,2410.319204750231,0
37.75,-120.5,57.822560225176986,57.822560225176986,0
37.5,-120.5,0,0,0
37.25,-120.5,0,0,0
37,-120.5,0,0,0
48,-127.25,0,0,0
36.75,-120.5,0,0,0
36.5,-120.5,0,0,0
36.25,-120.5,0,0,0
36,-120.5,0,0,0
35.75,-120.5,0,0,0
35.5,-120.5,0.22239451831400942,0.22239451831400942,0
35.25,-120.5,885.8015953039358,885.8015953039358,0
35,-120.5,331.1469470397457,331.1469470397457,0
34.75,-120.5,122.54000042528747,122.54000042528747,0
34.5,-120.5,213.9441181750211,213.9441181750211,0
47.75,-127.25,0,0,0
34.25,-120.5,0,0,0
34,-120.5,41.58796458286638,41.58796458286638,0
33.75,-120.5,0,0,0
33.5,-120.5,0,0,0
33.25,-120.5,0,0,0
33,-120.5,0,0,0
32.75,-120.5,0,0,0
32.5,-120.5,0,0,0
32.25,-120.5,0,0,0
32,-120.5,0,0,0
47.5,-127.25,0,0,0
31.75,-120.5,0,0,0
31.5,-120.5,0,0,0
31.25,-120.5,0,0,0
31,-120.5,0,0,0
30.75,-120.5,0,0,0
30.5,-120.5,0,0,0
30.25,-120.5,0,0,0
48.75,-120.25,47124.32891055181,34101.94470261126,29987.178199062204
48.5,-120.25,43715.816018196005,42703.90672115174,15706.611471307746
47.25,-127.25,0,0,0
48.25,-120.25,68119.2913130439,54685.799232390986,49659.33142332021
48,-120.25,42322.54080334592,33410.167772446104,29503.748840276592
47.75,-120.25,12377.349782197913,11540.687729503974,4366.566385590867
47.5,-120.25,4901.9565603050205,4801.213146739191,806.614483450972
47.25,-120.25,23790.591249980767,18994.309130387974,12971.045259251274
47,-120.25,2147.617227056052,2141.835095141025,128.54124026492687
46.75,-120.25,0,0,0
46.5,-120.25,0.22239773187525336,0.22239773187525336,0
46.25,-120.25,0,0,0
46,-120.25,367.17359949692934,367.17359949692934,0
47,-127.25,0,0,0
45.75,-120.25,6.894079077720745,6.894079077720745,0
45.5,-120.25,0,0,0
45.25,-120.25,6.004808057333569,6.004808057333569,0
45,-120.25,5610.538577459764,5570.062993937578,282.2171180750137
44.75,-120.25,624.4891058358025,624.2667094305907,1.7791712416974383
44.5,-120.25,41424.31233512403,38730.90695415987,20916.980406342333
44.25,-120.25,25164.638164577333,22680.22200443291,14876.028335502246
44,-120.25,5348.477205341778,5050.47473319384,1343.2350237116145
43.75,-120.25,52.04150420561556,52.04150420561556,0
43.5,-120.25,0.2223906668162369,0.2223906668162369,0
46.75,-127.25,0,0,0
43.25,-120.25,0,0,0
43,-120.25,0,0,0
42.75,-120.25,5.337433045857347,5.337433045857347,0
42.5,-120.25,16648.3197263462,2281.557489047229,15899.958194945139
42.25,-120.25,60693.04653774861,3783.18247981401,59889.528913883565
42,-120.25,62796.90280705219,5352.092159062635,62313.86681563343
41.75,-120.25,50452.59912614605,2199.0544794755065,50029.601389499454
41.5,-120.25,44021.55457917888,1045.913618358021,43887.22929202427
41.25,-120.25,65389.36696868772,1334.3770255699435,65276.83450619801
41,-120.25,9957.651958820088,13.34358721449928,9954.983241377187
46.5,-127.25,0,0,0
40.75,-120.25,1278.337520037834,2.668763089849334,1275.668756947984
40.5,-120.25,1.7791634413273743,1.7791634413273743,0
40.25,-120.25,227.29164100844432,26.24306618297093,213.72531018504387
40,-120.25,48356.32437160866,196.369731512741,48350.54225040895
39.75,-120.25,10087.27148248925,221.95733617435928,10011.654754734449
39.5,-120.25,95948.12398311774,2623.1011159882905,95913.875778636
39.25,-120.25,108935.24846769114,10728.94993380906,108927.24212057421
39,-120.25,100824.76054490628,19574.19905428996,100470.05074132525
38.75,-120.25,116418.48646946739,37061.84675095614,113692.37279657871
38.5,-120.25,114941.12035428754,57778.356765132754,103005.5515073285
43.25,-128,0,0,0
46.25,-127.25,0,0,0
38.25,-120.25,108744.70643681163,94316.35639590713,66483.78739195906
38,-120.25,52634.25985409217,52153.2069518156,6858.39546944401
37.75,-120.25,14570.45429278877,14564.894578552698,15.122422722146428
37.5,-120.25,10.674875575171377,10.674875575171377,0
37.25,-120.25,0,0,0
37,-120.25,0,0,0
36.75,-120.25,0,0,0
36.5,-120.25,0,0,0
36.25,-120.25,0,0,0
36,-120.25,0,0,0
46,-127.25,0,0,0
35.75,-120.25,0,0,0
35.5,-120.25,0,0,0
35.25,-120.25,0,0,0
35,-120.25,80.50832727846614,80.50832727846614,0
34.75,-120.25,239.51637473490769,239.51637473490769,0
34.5,-120.25,1315.2671266083476,1315.2671266083476,0
34.25,-120.25,0,0,0
34,-120.25,71.3893672124085,71.3893672124085,0
33.75,-120.25,0,0,0
33.5,-120.25,0,0,0
45.75,-127.25,0,0,0
33.25,-120.25,0,0,0
33,-120.25,0,0,0
32.75,-120.25,0,0,0
32.5,-120.25,0,0,0
32.25,-120.25,0,0,0
32,-120.25,0,0,0
31.75,-120.25,0,0,0
31.5,-120.25,0,0,0
31.25,-120.25,0,0,0
31,-120.25,0,0,0
45.5,-127.25,0,0,0
30.75,-120.25,0,0,0
30.5,-120.25,0,0,0
30.25,-120.25,0,0,0
48.75,-120,22393.869025838107,10891.802145864547,16703.995499072862
48.5,-120,24663.868519871685,20845.15211841161,11978.99599605388
48.25,-120,12458.79327307889,12324.466660970213,2451.4606709831764
48,-120,17930.291707305172,15558.430562738457,10022.308718228172
47.75,-120,104.52462952088086,100.74395143182807,8.450927493177664
47.5,-120,574.2241020977555,574.2241020977555,0
45.25,-127.25,0,0,0
47.25,-120,0,0,0
47,-120,0,0,0
46.75,-120,2.223953291640738,2.223953291640738,0
46.5,-120,1.7791398205118698,1.7791398205118698,0
46.25,-120,0,0,0
46,-120,0,0,0
45.75,-120,0,0,0
45.5,-120,0,0,0
45.25,-120,31.358338560062517,31.358338560062517,0
45,-120,24970.15738520676,23525.722292430462,5080.097124601683
45,-127.25,0,0,0
44.75,-120,11528.675193171815,11525.78407302075,53.819313581425426
44.5,-120,36979.675771460556,29599.84223390357,25685.859458763633
44.25,-120,9049.420959974554,8304.846941788854,3101.2797740739966
44,-120,4.892728107084454,4.892728107084454,0
43.75,-120,3.3359455458290377,3.3359455458290377,0
43.5,-120,1.556739657183885,1.556739657183885,0
43.25,-120,1.5567683951626126,1.5567683951626126,0
43,-120,0.2223953175247866,0.2223953175247866,0
42.75,-120,0.22239515629774675,0.22239515629774675,0
42.5,-120,107.8600434949221,65.1608097814678,70.72060583790807
44.75,-127.25,0,0,0
42.25,-120,3516.334607862384,1640.1851706397506,2649.649643796879
42,-120,4654.210677686836,397.8585102437753,4539.234238449251
41.75,-120,6.0046435719496465,6.0046435719496465,0
41.5,-120,54.710597420989764,54.710597420989764,0
41.25,-120,3236.269027939557,1112.1894865809343,3136.414382973586
41,-120,2312.47930338291,102.52480850735917,2294.465183016105
40.75,-120,0.22239487527523,0.22239487527523,0
40.5,-120,2.0015435616346142,2.0015435616346142,0
40.25,-120,0,0,0
40,-120,4835.70587601012,12.009203334462242,4833.704342121054
44.5,-127.25,0,0,0
39.75,-120,4791.501842421864,42.03266874995193,4790.83465720361
39.5,-120,64536.94726262674,931.8531592963329,64521.15691076288
39.25,-120,71374.32441196177,1542.9569568366242,71367.65264650996
39,-120,52844.541811288465,2184.3792439438575,52841.42825911824
38.75,-120,98397.62523371594,5110.851551366784,98396.51326044426
38.5,-120,99212.36975119823,9405.377842349695,98338.81626200992
38.25,-120,121524.2165621332,55798.57528188469,111235.09076034767
38,-120,73466.68764992262,48727.966346437956,60463.60812447568
37.75,-120,26741.965790550734,25753.202921891534,1713.7666814861445
37.5,-120,3385.294752549778,3382.848408949845,5.782266690730142
44.25,-127.25,0,0,0
37.25,-120,0,0,0
37,-120,0,0,0
36.75,-120,0,0,0
36.5,-120,0,0,0
36.25,-120,0,0,0
36,-120,0,0,0
35.75,-120,0,0,0
35.5,-120,0,0,0
35.25,-120,0,0,0
35,-120,0,0,0
44,-127.25,0,0,0
34.75,-120,156.12130018556587,156.12130018556587,0
34.5,-120,2836.4155019957752,2836.4155019957752,0
34.25,-120,0,0,0
34,-120,118.98244588464763,118.98244588464763,0
33.75,-120,0,0,0
33.5,-120,0,0,0
33.25,-120,0,0,0
33,-120,0,0,0
32.75,-120,0,0,0
32.5,-120,0,0,0
43,-128,0,0,0
43.75,-127.25,0,0,0
32.25,-120,0,0,0
32,-120,0,0,0
31.75,-120,0,0,0
31.5,-120,0,0,0
31.25,-120,0,0,0
31,-120,0,0,0
30.75,-120,0,0,0
30.5,-120,0,0,0
30.25,-120,0,0,0
43.5,-127.25,0,0,0
48.75,-119.75,53715.38278326683,46491.18041700925,31321.778760734644
48.5,-119.75,32595.70516226251,31792.8552814187,8246.002183360208
48.25,-119.75,5682.203516921959,5634.833287994198,526.1876133478414
48,-119.75,76.7260735408447,76.7260735408447,0
47.75,-119.75,2.2239359699332293,2.2239359699332293,0
47.5,-119.75,0,0,0
47.25,-119.75,0,0,0
47,-119.75,0,0,0
46.75,-119.75,0,0,0
46.5,-119.75,4.003125395526231,4.003125395526231,0
43.25,-127.25,0,0,0
46.25,-119.75,0,0,0
46,-119.75,0,0,0
45.75,-119.75,0,0,0
45.5,-119.75,0,0,0
45.25,-119.75,143.22271902764746,143.00032350120765,0.22239552644044672
45,-119.75,24269.274935538157,21133.06377660439,9682.179053704278
44.75,-119.75,7428.213709129761,7405.08463437903,221.50536972824847
44.5,-119.75,22254.485212933738,18899.19907057377,12771.526300610058
44.25,-119.75,18161.540820151222,15405.607118924043,10572.048124212033
44,-119.75,4205.016259886738,4010.6443426484693,1412.198712200162
43,-127.25,0,0,0
43.75,-119.75,2596.0161140826845,2570.218301246769,72.27835492819926
43.5,-119.75,0,0,0
43.25,-119.75,0,0,0
43,-119.75,0,0,0
42.75,-119.75,8.228594725967213,8.228594725967213,0
42.5,-119.75,563.9928275052871,563.9928275052871,0
42.25,-119.75,35.13849590469081,35.13849590469081,0
42,-119.75,128.09874425918997,128.09874425918997,0
41.75,-119.75,5.1150986394982025,5.1150986394982025,0
41.5,-119.75,1.5567717731240893,1.5567717731240893,0
42.75,-127.25,0,0,0
41.25,-119.75,0.22239445073542538,0.22239445073542538,0
41,-119.75,0.44478898245527576,0.44478898245527576,0
40.75,-119.75,1.5567736883320278,1.5567736883320278,0
40.5,-119.75,0,0,0
40.25,-119.75,0,0,0
40,-119.75,4.2255053534816565,4.2255053534816565,0
39.75,-119.75,0,0,0
39.5,-119.75,2170.565013495788,11.342091771340685,2170.565013495788
39.25,-119.75,9253.210542923602,91.62695564891693,9250.319401119146
39,-119.75,5297.669354440222,300.0107451047331,5289.885532291461
42.5,-127.25,0,0,0
38.75,-119.75,38399.99538611447,2375.3973029958943,38372.863238285165
38.5,-119.75,98167.5543605956,2629.591317770435,98084.37885714114
38.25,-119.75,56857.76057621769,3554.318920481076,56513.93770980153
38,-119.75,50410.3940285545,3757.1334520887012,48792.25131531915
37.75,-119.75,81167.9043956902,18414.6194258913,71325.98741312485
37.5,-119.75,57816.302288967425,44102.52473552162,29203.825561603968
37.25,-119.75,1611.923365819985,1611.923365819985,1.3343736472019752
37,-119.75,0,0,0
36.75,-119.75,0,0,0
36.5,-119.75,0,0,0
42.25,-127.25,0,0,0
36.25,-119.75,0,0,0
36,-119.75,0,0,0
35.75,-119.75,0,0,0
35.5,-119.75,0,0,0
35.25,-119.75,0,0,0
35,-119.75,0,0,0
34.75,-119.75,0.22239532978171472,0.22239532978171472,0
34.5,-119.75,2130.7587364451547,2130.7587364451547,0
34.25,-119.75,0,0,0
34,-119.75,114.97832874764157,114.97832874764157,0
42,-127.25,0,0,0
33.75,-119.75,0,0,0
33.5,-119.75,0,0,0
33.25,-119.75,0,0,0
33,-119.75,0,0,0
32.75,-119.75,0,0,0
32.5,-119.75,0,0,0
32.25,-119.75,0,0,0
32,-119.75,0,0,0
31.75,-119.75,0,0,0
31.5,-119.75,0,0,0
41.75,-127.25,0,0,0
31.25,-119.75,0,0,0
31,-119.75,0,0,0
30.75,-119.75,0,0,0
30.5,-119.75,0,0,0
30.25,-119.75,0,0,0
48.75,-119.5,4946.561518184015,4930.104115416918,477.70947491499226
48.5,-119.5,2524.8583727161044,2523.079207122722,50.261428013197595
48.25,-119.5,1248.2903727005928,1248.2903727005928,0
48,-119.5,0,0,0
41.5,-127.25,0,0,0
47.75,-119.5,0,0,0
47.5,-119.5,0,0,0
47.25,-119.5,0,0,0
47,-119.5,0,0,0
46.75,-119.5,0,0,0
46.5,-119.5,0.6671808104007786,0.6671808104007786,0
46.25,-119.5,0,0,0
46,-119.5,0,0,0
45.75,-119.5,0,0,0
45.5,-119.5,0,0,0
41.25,-127.25,0,0,0
45.25,-119.5,8335.551694656486,6666.9290761295615,4905.568135341449
45,-119.5,30554.56748024659,25300.97880868497,13751.223313240278
44.75,-119.5,13152.72427786905,12574.939362600388,4541.549559161394
44.5,-119.5,20286.75981528766,17714.302862422155,10303.393980228477
44.25,-119.5,18511.279933279708,17846.54092947641,4152.784014057998
44,-119.5,33655.519871509016,30107.62480367629,19502.859028302904
43.75,-119.5,6814.5270068693835,6677.311317187297,1130.8618833604469
43.5,-119.5,0,0,0
43.25,-119.5,0,0,0
43,-119.5,0,0,0
42.75,-119.5,11.786812647445332,11.786812647445332,0
42.5,-119.5,0,0,0
42.25,-119.5,0,0,0
42,-119.5,0,0,0
41.75,-119.5,0.22239559302166031,0.22239559302166031,0
41.5,-119.5,0,0,0
41.25,-119.5,0,0,0
41,-119.5,5.337492467477228,5.337492467477228,0
40.75,-119.5,65.1615984031314,65.1615984031314,0
40.5,-119.5,0.444792221222746,0.444792221222746,0
40.25,-119.5,0,0,0
40,-119.5,0,0,0
39.75,-119.5,0.8895816371929173,0.8895816371929173,0
39.5,-119.5,0,0,0
39.25,-119.5,0,0,0
39,-119.5,0,0,0
38.75,-119.5,2736.755945977005,0,2736.755945977005
38.5,-119.5,37504.980362881426,30.46816794086007,37503.64599056282
38.25,-119.5,38395.5257366181,39.141890419850554,38394.63614819952
38,-119.5,54487.066055948395,1436.6793743731694,54146.57749214574
37.75,-119.5,77418.17555050444,2313.1179930103117,76595.9856437494
37.5,-119.5,110162.33036504257,17930.20636590532,106795.07924147924
37.25,-119.5,48740.28415213444,22246.36279476538,33227.43256737704
37,-119.5,3612.8233219823146,3575.2383948407287,76.72662641329009
36.75,-119.5,0,0,0
36.5,-119.5,0,0,0
36.25,-119.5,0,0,0
36,-119.5,0,0,0
35.75,-119.5,0,0,0
35.5,-119.5,0,0,0
35.25,-119.5,0,0,0
35,-119.5,0,0,0
34.75,-119.5,0,0,0
34.5,-119.5,386.9691727091551,386.9691727091551,0
34.25,-119.5,1.3343734013182644,1.3343734013182644,0
34,-119.5,12.898850258136859,12.898850258136859,0
33.75,-119.5,0,0,0
33.5,-119.5,0,0,0
33.25,-119.5,0,0,0
33,-119.5,0,0,0
32.75,-119.5,0,0,0
32.5,-119.5,0,0,0
32.25,-119.5,0,0,0
32,-119.5,0,0,0
31.75,-119.5,0,0,0
31.5,-119.5,0,0,0
31.25,-119.5,0,0,0
31,-119.5,0,0,0
30.75,-119.5,0,0,0
30.5,-119.5,0,0,0
30.25,-119.5,0,0,0
48.75,-119.25,43738.01929192507,43164.69612576723,705.4232284920389
48.5,-119.25,66124.73755981996,66121.6239654722,4.003192732765463
48.25,-119.25,23771.837486725526,23771.170313200248,36.47215271323355
48,-119.25,0.22239634583378842,0.22239634583378842,0
47.75,-119.25,1.1119929529418884,1.1119929529418884,0
47.5,-119.25,0,0,0
47.25,-119.25,0,0,0
47,-119.25,0,0,0
46.75,-119.25,0,0,0
46.5,-119.25,0,0,0
46.25,-119.25,0,0,0
46,-119.25,0,0,0
45.75,-119.25,0,0,0
45.5,-119.25,0.2223903854123501,0.2223903854123501,0
45.25,-119.25,43238.9780590341,25142.78363398386,35867.459332544415
45,-119.25,31298.19807232486,26924.40310104271,14229.122380259794
44.75,-119.25,9354.038723359692,8428.865135885218,3684.2369351207058
44.5,-119.25,21847.082440160964,19582.269561533583,11639.857233636945
44.25,-119.25,61599.05437782628,58146.119782767804,28418.32335603331
44,-119.25,42128.06374187834,38638.18602584386,22638.168658734965
43.75,-119.25,4870.87826134531,4862.872069335072,61.82559385690758
43.5,-119.25,34.02599013470973,34.02599013470973,0
43.25,-119.25,3.780705142528805,3.780705142528805,0
43,-119.25,0,0,0
42.75,-119.25,0,0,0
42.5,-119.25,0,0,0
42.25,-119.25,0.2223930982156459,0.2223930982156459,0
42,-119.25,0,0,0
41.75,-119.25,1.7791314649125523,1.7791314649125523,0
41.5,-119.25,0.889596302950589,0.889596302950589,0
41.25,-119.25,0.6671926413054069,0.6671926413054069,0
41,-119.25,0.2223917492725745,0.2223917492725745,0
40.75,-119.25,0,0,0
40.5,-119.25,0,0,0
40.25,-119.25,0,0,0
40,-119.25,0,0,0
39.75,-119.25,0,0,0
39.5,-119.25,0,0,0
39.25,-119.25,0,0,0
39,-119.25,0,0,0
38.75,-119.25,0,0,0
38.5,-119.25,6.004595068851672,0,6.004595068851672
38.25,-119.25,8947.872063882092,5.559894656187616,8947.872063882092
38,-119.25,37502.44760502259,35.80557471629267,37494.663784432065
37.75,-119.25,32327.227021257764,106.30517901307228,32273.4072444353
37.5,-119.25,87058.70147492974,5893.524659439723,83794.80079938496
37.25,-119.25,86634.87889876054,12202.722079631463,80108.74659646819
37,-119.25,56540.47235852005,29718.346744451144,35405.819614634485
36.75,-119.25,2637.844043655972,2633.618511506126,47.81523222207411
36.5,-119.25,0,0,0
36.25,-119.25,0,0,0
36,-119.25,0,0,0
35.75,-119.25,0,0,0
35.5,-119.25,0,0,0
35.25,-119.25,0,0,0
35,-119.25,1346.3882934403346,339.1546328867701,1067.7255032717278
34.75,-119.25,407.64890581208937,27.132114844011845,381.8511572718806
34.5,-119.25,121.64962204733287,121.64962204733287,0
34.25,-119.25,11.564602074222725,11.564602074222725,0
34,-119.25,2.4463439825191244,2.4463439825191244,0
33.75,-119.25,0,0,0
33.5,-119.25,0,0,0
33.25,-119.25,0,0,0
33,-119.25,0,0,0
32.75,-119.25,0,0,0
32.5,-119.25,0,0,0
32.25,-119.25,0,0,0
32,-119.25,0,0,0
31.75,-119.25,0,0,0
31.5,-119.25,0,0,0
31.25,-119.25,0,0,0
31,-119.25,0,0,0
30.75,-119.25,0,0,0
30.5,-119.25,0,0,0
30.25,-119.25,0,0,0
48.75,-119,92547.6273397687,92075.93006842783,500.6084666612667
48.5,-119,77978.62284887215,77944.59678388758,42.03219792216072
48.25,-119,37994.68069397141,37992.901521135944,7.339087946178671
48,-119,524.1854580352715,524.1854580352715,0.22239518796574942
47.75,-119,3.335944287364993,3.335944287364993,0
47.5,-119,0,0,0
47.25,-119,0,0,0
47,-119,0,0,0
46.75,-119,0,0,0
46.5,-119,0,0,0
46.25,-119,0,0,0
46,-119,0,0,0
45.75,-119,0,0,0
45.5,-119,0.8895762880445589,0.8895762880445589,0
45.25,-119,16193.507862234756,13976.891650202746,8645.626090372372
45,-119,32258.74398023975,30053.244093634177,8472.170835962766
44.75,-119,34686.93563077329,29237.183063744127,21095.57964703864
44.5,-119,36147.49486975176,29560.14061784585,23422.247640183567
44.25,-119,26971.543857628025,25841.548769189147,6302.708287022083
44,-119,29710.97777124266,28884.11607363595,10438.962136623564
43.75,-119,9823.83579882371,9538.725946785318,2548.6418910764387
43.5,-119,8.00624362976686,8.00624362976686,0
43.25,-119,0.6671832604462599,0.6671832604462599,0
43,-119,0,0,0
42.75,-119,2.4463234793512925,2.4463234793512925,0
42.5,-119,28.911441034812263,28.911441034812263,0
42.25,-119,0,0,0
42,-119,0,0,0
41.75,-119,10.452723219852848,10.452723219852848,0
41.5,-119,382.2939191602357,382.2939191602357,0
41.25,-119,10.674983176702629,10.674983176702629,0
41,-119,0,0,0
40.75,-119,0,0,0
40.5,-119,0,0,0
40.25,-119,0,0,0
40,-119,0,0,0
39.75,-119,0,0,0
39.5,-119,0,0,0
39.25,-119,0,0,0
39,-119,0,0,0
38.75,-119,0,0,0
38.5,-119,0,0,0
38.25,-119,0,0,0
38,-119,251.30769242131296,0,251.30769242131296
37.75,-119,23781.412076887165,5.782281559472445,23781.412076887165
37.5,-119,75221.28663762429,336.7048492149319,75206.38622487838
37.25,-119,97753.09985550655,761.7049569444605,97747.98475652555
37,-119,99709.26210839504,14657.390296665695,94592.39689004664
36.75,-119,59427.23000011632,35451.51237714403,40732.72200539369
36.5,-119,7181.9899652520835,7177.986874294794,229.73294215970105
36.25,-119,37.3625766880021,37.3625766880021,0
36,-119,0,0,0
35.75,-119,0,0,0
35.5,-119,0,0,0
35.25,-119,0,0,0
35,-119,529.0752090839553,64.04945784622782,467.9168725988408
34.75,-119,4542.90160206748,408.0983227979549,4183.063407905575
34.5,-119,16.457216598302995,16.457216598302995,0
34.25,-119,57.37765194327808,57.37765194327808,0
34,-119,148.3384455405192,148.3384455405192,0
33.75,-119,0,0,0
33.5,-119,0,0,0
33.25,-119,0,0,0
33,-119,0,0,0
32.75,-119,0,0,0
32.5,-119,0,0,0
32.25,-119,0,0,0
32,-119,0,0,0
31.75,-119,0,0,0
31.5,-119,0,0,0
31.25,-119,0,0,0
31,-119,0,0,0
30.75,-119,0,0,0
30.5,-119,0,0,0
30.25,-119,0,0,0
48.75,-118.75,83243.92383437752,83228.80094876865,93.40605817282727
48.5,-118.75,87942.39362652846,87935.94411734818,43.14499244757907
48.25,-118.75,63035.76889059392,62968.383542008145,756.5840128343741
48,-118.75,24487.00207037905,24450.08453324495,848.6585644793764
47.75,-118.75,56.265385678260685,56.265385678260685,0
47.5,-118.75,0.22239622907476905,0.22239622907476905,0
47.25,-118.75,0,0,0
47,-118.75,0,0,0
46.75,-118.75,0,0,0
46.5,-118.75,0,0,0
46.25,-118.75,0,0,0
46,-118.75,0,0,0
45.75,-118.75,0,0,0
45.5,-118.75,2299.796160700221,2262.8784387510664,477.4840302701274
45.25,-118.75,53464.597650002564,41937.43077509644,33388.797353570786
45,-118.75,94374.84809531638,63355.942624486495,61702.88495645034
44.75,-118.75,77139.49746444583,46276.092546501495,55967.651374795685
44.5,-118.75,45378.53875984779,39390.559852700324,31832.251546727723
44.25,-118.75,60385.36283510361,52114.46160486253,29133.18764339566
44,-118.75,49787.734027494946,45252.61986569196,24985.160872291002
43.75,-118.75,14962.388665843815,13709.870451155284,4516.360068163271
43.5,-118.75,0,0,0
43.25,-118.75,0,0,0
43,-118.75,4.892689207878303,4.892689207878303,0
42.75,-118.75,926.2772925764185,926.2772925764185,0
42.5,-118.75,64.49434622845327,64.49434622845327,0
42.25,-118.75,4.892694275530444,4.892694275530444,0
42,-118.75,27.576985608571594,27.576985608571594,0
41.75,-118.75,666.5164754314285,666.5164754314285,0
41.5,-118.75,2.891138599716763,2.891138599716763,0
41.25,-118.75,0,0,0
41,-118.75,0,0,0
40.75,-118.75,0,0,0
40.5,-118.75,0,0,0
40.25,-118.75,0,0,0
40,-118.75,0,0,0
39.75,-118.75,0,0,0
39.5,-118.75,0,0,0
39.25,-118.75,0,0,0
39,-118.75,0,0,0
38.75,-118.75,0,0,0
38.5,-118.75,0,0,0
38.25,-118.75,0,0,0
38,-118.75,0,0,0
37.75,-118.75,0.22239609939362215,0.22239609939362215,0
37.5,-118.75,19445.928210372764,40.253353836130266,19421.90963460317
37.25,-118.75,19655.933517118305,75.83668046272756,19629.24612223407
37,-118.75,62004.183614653906,2883.574166424924,60926.012431649986
36.75,-118.75,98007.75741460008,15751.35792491466,93663.71321688518
36.5,-118.75,90931.18271371396,43408.43547408227,70025.36385442002
36.25,-118.75,63556.08349444468,28627.2696073406,44814.68811770397
36,-118.75,32719.55277566666,21058.66827299525,20677.704087213904
35.75,-118.75,4469.911653374727,3770.035441962717,1124.872538075
35.5,-118.75,1087.733145078921,365.6171111244621,781.4954552867154
35.25,-118.75,1586.7902005750286,891.8050041073388,809.7411521084342
35,-118.75,2257.0986721152817,2040.4848080261806,238.4086881966278
34.75,-118.75,955.4089823321859,946.9579717808308,21.57231640740633
34.5,-118.75,0.6671816276252759,0.6671816276252759,0
34.25,-118.75,21.127549079019587,21.127549079019587,0
34,-118.75,274.21369160789334,274.21369160789334,0
33.75,-118.75,0,0,0
33.5,-118.75,0,0,0
33.25,-118.75,0,0,0
33,-118.75,0,0,0
32.75,-118.75,0,0,0
32.5,-118.75,0,0,0
32.25,-118.75,0,0,0
32,-118.75,0,0,0
31.75,-118.75,0,0,0
31.5,-118.75,0,0,0
31.25,-118.75,0,0,0
31,-118.75,0,0,0
30.75,-118.75,0,0,0
30.5,-118.75,0,0,0
30.25,-118.75,0,0,0
48.75,-118.5,76082.57031241742,70697.04387262416,6549.766236304666
48.5,-118.5,87514.60961719755,85183.70071633082,5040.109571638343
48.25,-118.5,99102.74443026143,97897.13874473373,11896.376928657126
48,-118.5,63768.37249249859,62904.36568781775,7621.051527105045
47.75,-118.5,1155.3387273393023,1155.3387273393023,0
47.5,-118.5,4.892691807184596,4.892691807184596,0
47.25,-118.5,0.44479045112807647,0.44479045112807647,0
47,-118.5,0,0,0
46.75,-118.5,0,0,0
46.5,-118.5,0,0,0
46.25,-118.5,0,0,0
46,-118.5,0,0,0
45.75,-118.5,2657.8362083032207,2565.9872957411617,948.2899834494973
45.5,-118.5,52376.337118455485,42561.40326802474,33354.05102952564
45.25,-118.5,49914.287185598245,43517.100984859884,23756.87889871311
45,-118.5,109368.24368975911,65375.37628575424,88134.51789250526
44.75,-118.5,99420.38752307273,68541.56649517598,77362.18054955552
44.5,-118.5,88809.4112345673,71653.3787666222,62741.324514879125
44.25,-118.5,88399.97837102847,66322.1121282876,69760.79100215319
44,-118.5,31964.94315726882,26133.322007552368,17418.137444395834
43.75,-118.5,140.3312060298269,140.3312060298269,0
43.5,-118.5,103.63604370526821,103.63604370526821,0
43.25,-118.5,0,0,0
43,-118.5,42.2552446718705,42.2552446718705,0
42.75,-118.5,1167.5690246458907,1167.5690246458907,0
42.5,-118.5,410.0931440656186,410.0931440656186,0
42.25,-118.5,0,0,0
42,-118.5,73.83503947973723,73.83503947973723,0
41.75,-118.5,5.782312458594756,5.782312458594756,0
41.5,-118.5,0,0,0
41.25,-118.5,0,0,0
41,-118.5,0,0,0
40.75,-118.5,0,0,0
40.5,-118.5,0,0,0
40.25,-118.5,0,0,0
40,-118.5,0,0,0
39.75,-118.5,0,0,0
39.5,-118.5,0,0,0
39.25,-118.5,0,0,0
39,-118.5,0,0,0
38.75,-118.5,0,0,0
38.5,-118.5,0,0,0
38.25,-118.5,0,0,0
38,-118.5,0,0,0
37.75,-118.5,0,0,0
37.5,-118.5,0,0,0
37.25,-118.5,15088.207620128467,18.014044237226262,15082.647729931798
37,-118.5,21277.201235876197,76.94868591570327,21254.51694118438
36.75,-118.5,47190.400195290895,888.2448837844598,47081.20434202642
36.5,-118.5,44211.47089589961,1397.7459259184154,44201.68556244842
36.25,-118.5,82938.55628791977,2303.7931869439226,82499.32551813354
36,-118.5,68621.83820460188,10346.27252236044,67344.17740667921
35.75,-118.5,30952.36440521105,7247.875410203022,28958.809474954534
35.5,-118.5,11662.385223459134,1222.2820211314147,10622.911757889948
35.25,-118.5,878.9060788608987,775.7146768893763,110.08565512048148
35,-118.5,6178.095170387889,1936.8261641075721,4373.148431623746
34.75,-118.5,0,0,0
34.5,-118.5,0,0,0
34.25,-118.5,20.46033448379294,20.46033448379294,0
34,-118.5,165.0179489089147,165.0179489089147,0
33.75,-118.5,1.1119681652269562,1.1119681652269562,0
33.5,-118.5,4.892700456605696,4.892700456605696,0
33.25,-118.5,6.0046562692443874,6.0046562692443874,0
33,-118.5,0,0,0
32.75,-118.5,0,0,0
32.5,-118.5,0,0,0
32.25,-118.5,0,0,0
32,-118.5,0,0,0
31.75,-118.5,0,0,0
31.5,-118.5,0,0,0
31.25,-118.5,0,0,0
31,-118.5,0,0,0
30.75,-118.5,0,0,0
30.5,-118.5,0,0,0
30.25,-118.5,0,0,0
48.75,-118.25,90391.90091336986,89840.36329299153,5165.3277302046035
48.5,-118.25,68930.96220149854,68214.85181466448,5329.017729601669
48.25,-118.25,54565.89760053012,53117.001408991004,8495.891375161298
48,-118.25,33048.032620994556,33021.3452910674,523.2940609901706
47.75,-118.25,6620.0359377105015,6620.0359377105015,0
47.5,-118.25,3.3359204975606724,3.3359204975606724,0
47.25,-118.25,0,0,0
47,-118.25,0,0,0
46.75,-118.25,0,0,0
46.5,-118.25,0,0,0
46.25,-118.25,0,0,0
46,-118.25,10219.73643561244,8173.698631603245,7142.228703886439
45.75,-118.25,63891.347148844245,48732.81446132997,47812.98331116038
45.5,-118.25,87043.1587114763,71399.33336704063,65001.42646208017
45.25,-118.25,64164.106423820354,51508.66810371861,40353.06768943826
45,-118.25,108827.5548813957,57118.78735205275,100320.21753542351
44.75,-118.25,82304.7717522926,67506.76156096795,58788.16955431768
44.5,-118.25,44889.636008864196,40345.18446334595,21399.887712437427
44.25,-118.25,39286.89204156399,34809.84141865516,18086.34155819711
44,-118.25,7433.538703662417,7341.689743763759,897.1397196880823
43.75,-118.25,2.6687091983116886,2.6687091983116886,0
43.5,-118.25,0.8895754974751641,0.8895754974751641,0
43.25,-118.25,0.44478600066396007,0.44478600066396007,0
43,-118.25,0.8895741995377328,0.8895741995377328,0
42.75,-118.25,0,0,0
42.5,-118.25,0,0,0
42.25,-118.25,9.78537317934475,9.78537317934475,0
42,-118.25,167.90825914897056,167.90825914897056,0
41.75,-118.25,7.561403016529187,7.561403016529187,0
41.5,-118.25,0,0,0
41.25,-118.25,0,0,0
41,-118.25,0,0,0
40.75,-118.25,0,0,0
40.5,-118.25,3.113536022322923,3.113536022322923,0
40.25,-118.25,0,0,0
40,-118.25,0,0,0
39.75,-118.25,0,0,0
39.5,-118.25,0,0,0
39.25,-118.25,0,0,0
39,-118.25,0,0,0
38.75,-118.25,0,0,0
38.5,-118.25,0,0,0
38.25,-118.25,0,0,0
38,-118.25,0,0,0
37.75,-118.25,0,0,0
37.5,-118.25,0,0,0
37.25,-118.25,0,0,0
37,-118.25,2297.9879110258457,0.889572403377858,2297.9879110258457
36.75,-118.25,3708.438898115815,19.793167132371853,3706.659737025274
36.5,-118.25,25454.469689442314,77.83765423962463,25449.799430187824
36.25,-118.25,85340.50094212258,137.43971642469862,85332.49474504929
36,-118.25,59820.90427560795,4.892688789573295,59820.90427560795
35.75,-118.25,11151.618891419115,25.130784650506712,11132.715203850143
35.5,-118.25,4817.051485072038,166.35062376887643,4686.283882430186
35.25,-118.25,1564.7686063326926,446.34601945846117,1155.562489838645
35,-118.25,1.7791693149002012,0.6671884930875773,1.1119808218126286
34.75,-118.25,0,0,0
34.5,-118.25,0,0,0
34.25,-118.25,30.023359217553402,30.023359217553402,0
34,-118.25,1.3343731951722309,1.3343731951722309,0
33.75,-118.25,10.007797623301233,10.007797623301233,0
33.5,-118.25,0,0,0
33.25,-118.25,1.3343810737946467,1.3343810737946467,0
33,-118.25,0,0,0
32.75,-118.25,0,0,0
32.5,-118.25,0,0,0
32.25,-118.25,0,0,0
32,-118.25,0,0,0
31.75,-118.25,0,0,0
31.5,-118.25,0,0,0
31.25,-118.25,0,0,0
31,-118.25,0,0,0
30.75,-118.25,0,0,0
30.5,-118.25,0,0,0
30.25,-118.25,0,0,0
48.75,-118,55171.05259617568,54655.53920544891,4733.69392649672
48.5,-118,55629.045691105304,54494.60324174666,4263.777815938875
48.25,-118,69340.5341864021,66801.90350835891,10400.490783124857
48,-118,76858.17555304499,75733.51723216347,5348.187324610961
47.75,-118,9103.729064294665,9102.61709054795,4.003105488147152
47.5,-118,50.0388074634095,50.0388074634095,0
47.25,-118,1.7791618045123034,1.7791618045123034,0
47,-118,1.7791599323531526,1.7791599323531526,0
46.75,-118,0.44478990428464393,0.44478990428464393,0
46.5,-118,0,0,0
46.25,-118,15026.257059579542,13179.276849417476,8497.443329329444
46,-118,100635.48136725949,76769.56236055965,87164.1015911668
45.75,-118,108841.16723360827,62243.688456869946,96952.94787634186
45.5,-118,42237.22219090975,32618.424291904677,32031.07960042304
45.25,-118,28288.208426792837,22381.886526473238,19603.081942374414
45,-118,27382.75682662288,24718.69415940839,15894.306266228383
44.75,-118,49856.314264394954,46423.67630368051,28369.57962154491
44.5,-118,18501.182168654337,17933.854985278194,5668.8239530598
44.25,-118,2363.841530870365,2363.841530870365,0
44,-118,27.577150225326715,27.577150225326715,0
43.75,-118,1.556777093166026,1.556777093166026,0
43.5,-118,0.2223956563824133,0.2223956563824133,0
43.25,-118,0,0,0
43,-118,0,0,0
42.75,-118,0,0,0
42.5,-118,0,0,0
42.25,-118,101.41268654371702,101.41268654371702,0
42,-118,18.903578844585528,18.903578844585528,0
48.5,-127,0,0,0
41.75,-118,9.785390839697031,9.785390839697031,0
41.5,-118,0,0,0
41.25,-118,0,0,0
41,-118,0,0,0
40.75,-118,0,0,0
40.5,-118,0.22239508994475946,0.22239508994475946,0
40.25,-118,0,0,0
40,-118,0,0,0
39.75,-118,0,0,0
39.5,-118,6.671818689023933,3.335909344511959,3.335909344511959
48.25,-127,0,0,0
39.25,-118,0,0,0
39,-118,0,0,0
38.75,-118,0,0,0
38.5,-118,0,0,0
38.25,-118,0,0,0
38,-118,0,0,0
37.75,-118,0,0,0
37.5,-118,0,0,0
37.25,-118,0,0,0
37,-118,0,0,0
48,-127,0,0,0
36.75,-118,0,0,0
36.5,-118,525.74232506804,1.1119761528511851,525.74232506804
36.25,-118,7304.140253630991,1.1119782379245178,7303.473066688222
36,-118,6441.697397056789,0.4447918106029199,6441.697397056789
35.75,-118,2106.976730170707,4.4479137221252,2102.7512121346886
35.5,-118,234.1820977808551,0,234.1820977808551
35.25,-118,0,0,0
35,-118,0,0,0
34.75,-118,0,0,0
34.5,-118,0,0,0
47.75,-127,0,0,0
34.25,-118,5.7822847390458145,5.7822847390458145,0
34,-118,7.116607038972058,7.116607038972058,0
33.75,-118,0,0,0
33.5,-118,0,0,0
33.25,-118,0,0,0
33,-118,0,0,0
32.75,-118,0,0,0
32.5,-118,0,0,0
32.25,-118,0,0,0
32,-118,0,0,0
47.5,-127,0,0,0
31.75,-118,0,0,0
31.5,-118,0,0,0
31.25,-118,0,0,0
31,-118,0,0,0
30.75,-118,0,0,0
30.5,-118,0,0,0
30.25,-118,0,0,0
48.75,-117.75,91028.33101483376,88010.88117190468,16509.68503387942
48.5,-117.75,82586.49817236216,81445.83263008118,10994.556914358609
47.25,-127,0,0,0
48.25,-117.75,59547.150346583454,58119.146729909044,5086.859791962749
48,-117.75,61525.30842986682,59802.86666666671,5035.445629745322
47.75,-117.75,8062.699242627058,8057.139373893516,12.231711213782981
47.5,-117.75,4636.715067635978,4636.715067635978,0
47.25,-117.75,481.70723436000225,481.70723436000225,0
47,-117.75,1.3343767669680011,1.3343767669680011,0
46.75,-117.75,0,0,0
46.5,-117.75,0.6671841881438076,0.6671841881438076,0
46.25,-117.75,51163.72242008423,44205.653657610565,31980.829231989137
46,-117.75,108838.57656202174,87711.71480130512,81345.65673736094
47,-127,0,0,0
45.75,-117.75,74377.57838484956,58791.336854882284,46904.61487075994
45.5,-117.75,69208.94167115632,49240.4572231386,50498.106124478836
45.25,-117.75,61404.193083687576,33228.50555232785,53964.63021232209
45,-117.75,12783.050450453418,10773.043143938019,8637.8273716594
44.75,-117.75,246.4132008535254,243.96686041183875,15.567620992550381
44.5,-117.75,5212.060575545892,5120.433635917772,352.7192384714033
44.25,-117.75,4.003118595885464,4.003118595885464,0
44,-117.75,0,0,0
43.75,-117.75,0,0,0
43.5,-117.75,0,0,0
46.75,-127,0,0,0
43.25,-117.75,0,0,0
43,-117.75,0,0,0
42.75,-117.75,0,0,0
42.5,-117.75,0,0,0
42.25,-117.75,0.22239519434229282,0.22239519434229282,0
42,-117.75,0,0,0
41.75,-117.75,41.14305644318975,41.14305644318975,0
41.5,-117.75,540.6437576768332,540.6437576768332,0
41.25,-117.75,0,0,0
41,-117.75,0,0,0
46.5,-127,0,0,0
40.75,-117.75,0,0,0
40.5,-117.75,0,0,0
40.25,-117.75,0,0,0
40,-117.75,0,0,0
39.75,-117.75,0.8895802910042905,0,0.8895802910042905
39.5,-117.75,3.113515388211163,0.6671818689023933,2.446333519308774
39.25,-117.75,13.788563889732016,2.001565725928848,11.786998163803183
39,-117.75,0,0,0
38.75,-117.75,0,0,0
38.5,-117.75,0,0,0
46.25,-127,0,0,0
38.25,-117.75,0,0,0
38,-117.75,0,0,0
37.75,-117.75,0,0,0
37.5,-117.75,0,0,0
37.25,-117.75,0,0,0
37,-117.75,0,0,0
36.75,-117.75,0,0,0
36.5,-117.75,0,0,0
36.25,-117.75,0,0,0
36,-117.75,0,0,0
46,-127,0,0,0
35.75,-117.75,0,0,0
35.5,-117.75,0,0,0
35.25,-117.75,0,0,0
35,-117.75,0,0,0
34.75,-117.75,0,0,0
34.5,-117.75,0,0,0
34.25,-117.75,2.0015459980213417,2.0015459980213417,0
34,-117.75,0.667188472677554,0.667188472677554,0
33.75,-117.75,176.5810394811139,176.5810394811139,0
33.5,-117.75,12.898901522666744,12.898901522666744,0
45.75,-127,0,0,0
33.25,-117.75,0,0,0
33,-117.75,0,0,0
32.75,-117.75,0,0,0
32.5,-117.75,0,0,0
32.25,-117.75,0,0,0
32,-117.75,0,0,0
31.75,-117.75,0,0,0
31.5,-117.75,0,0,0
31.25,-117.75,0,0,0
31,-117.75,0,0,0
45.5,-127,0,0,0
30.75,-117.75,0,0,0
30.5,-117.75,0,0,0
30.25,-117.75,0,0,0
48.75,-117.5,95954.64708212935,88193.75662312,37201.21249451923
48.5,-117.5,108354.0432536623,104031.77526634891,48390.72018644429
48.25,-117.5,101635.16473482938,91187.11801500013,58536.416031778994
48,-117.5,49215.47332186784,46169.76593702765,12292.025766155695
47.75,-117.5,16518.757734763265,16499.631852387858,54.48652537147373
47.5,-117.5,11376.234305861642,11376.011909632565,1.7791698325981473
45.25,-127,0,0,0
47.25,-117.5,735.6783711181452,735.6783711181452,0
47,-117.5,0.4447899830882862,0.4447899830882862,0
46.75,-117.5,0,0,0
46.5,-117.5,4.225485596638369,4.225485596638369,0
46.25,-117.5,56355.56405164855,45508.73477708682,41103.329304801024
46,-117.5,62268.59596103192,60207.876613287684,25423.396606597868
45.75,-117.5,55585.14184170433,54409.78515613944,22277.95747646048
45.5,-117.5,60288.31916861727,52350.13252524714,45502.796038366374
45.25,-117.5,87816.44190706324,50544.470602798545,82042.41544446534
45,-117.5,63758.228445215755,50637.31664628861,49957.45245819194
45,-127,0,0,0
44.75,-117.5,357.1657044862486,357.1657044862486,0
44.5,-117.5,3762.258281544829,3762.258281544829,0
44.25,-117.5,0,0,0
44,-117.5,0,0,0
43.75,-117.5,0,0,0
43.5,-117.5,0,0,0
43.25,-117.5,0,0,0
43,-117.5,0,0,0
42.75,-117.5,0,0,0
42.5,-117.5,0,0,0
44.75,-127,0,0,0
42.25,-117.5,0.44479108740115114,0.44479108740115114,0
42,-117.5,24.908167113413963,24.908167113413963,0
41.75,-117.5,431.22639924180794,431.22639924180794,0
41.5,-117.5,19.570693197221882,19.570693197221882,0
41.25,-117.5,0,0,0
41,-117.5,0,0,0
40.75,-117.5,0,0,0
40.5,-117.5,0,0,0
40.25,-117.5,0,0,0
40,-117.5,0,0,0
44.5,-127,0,0,0
39.75,-117.5,1.779160582008584,0.8895802910042905,0.8895802910042905
39.5,-117.5,0,0,0
39.25,-117.5,60.49121879094539,10.674920963108104,52.92981644207629
39,-117.5,32.46980396384691,4.225522433651372,28.244281530196023
38.75,-117.5,10.007729578170961,4.2254858218944085,5.782243756276552
38.5,-117.5,0,0,0
38.25,-117.5,0,0,0
38,-117.5,0,0,0
37.75,-117.5,0,0,0
37.5,-117.5,0,0,0
44.25,-127,0,0,0
37.25,-117.5,0,0,0
37,-117.5,0,0,0
36.75,-117.5,0,0,0
36.5,-117.5,0,0,0
36.25,-117.5,0,0,0
36,-117.5,0,0,0
35.75,-117.5,0,0,0
35.5,-117.5,0,0,0
35.25,-117.5,0,0,0
35,-117.5,0,0,0
44,-127,0,0,0
34.75,-117.5,0,0,0
34.5,-117.5,0,0,0
34.25,-117.5,0,0,0
34,-117.5,0,0,0
33.75,-117.5,62.492873576745836,62.492873576745836,0
33.5,-117.5,325.1412763127381,325.1412763127381,0
33.25,-117.5,183.47560822691125,183.47560822691125,0
33,-117.5,0,0,0
32.75,-117.5,0,0,0
32.5,-117.5,0,0,0
43.75,-127,0,0,0
32.25,-117.5,0,0,0
32,-117.5,0,0,0
31.75,-117.5,0,0,0
31.5,-117.5,0,0,0
31.25,-117.5,0,0,0
31,-117.5,0,0,0
30.75,-117.5,0,0,0
30.5,-117.5,0,0,0
30.25,-117.5,0,0,0
43.5,-127,0,0,0
48.75,-117.25,109698.57952336337,90576.6475956865,68579.15357565474
48.5,-117.25,90883.05130370783,87441.02703616739,29497.505248125068
48.25,-117.25,71004.76105012599,58045.08891892134,37758.14141650174
48,-117.25,69899.43432785053,62831.76431643146,29860.34981413536
47.75,-117.25,31042.081507837065,29953.23681506116,4529.069070339826
47.5,-117.25,16476.333732152034,15993.514838805017,1884.3502917221072
47.25,-117.25,82.286374252496,82.286374252496,0
47,-117.25,34.026607557683775,34.026607557683775,0
46.75,-117.25,11.56451790633609,11.56451790633609,0
46.5,-117.25,0,0,0
43.25,-127,0,0,0
46.25,-117.25,10552.397163895022,10370.033664677034,5291.210211456308
46,-117.25,33112.45311292705,32908.51651876648,8447.467385596208
45.75,-117.25,59259.87031622558,58647.616325110226,24539.97616986135
45.5,-117.25,11785.85199656519,11143.128866645895,6112.763996180605
45.25,-117.25,45053.55224353579,24884.601818199793,37684.95775194182
45,-117.25,65533.514013991764,53368.96444858576,44341.07083166944
44.75,-117.25,3939.5041359098423,3938.3921611622136,74.27991314180193
44.5,-117.25,3573.0233204608035,3573.0233204608035,0
44.25,-117.25,0,0,0
44,-117.25,0,0,0
43,-127,0,0,0
43.75,-117.25,0,0,0
43.5,-117.25,0,0,0
43.25,-117.25,4.225500727009812,4.225500727009812,0
43,-117.25,0,0,0
42.75,-117.25,0,0,0
42.5,-117.25,0,0,0
42.25,-117.25,0.44479108740115114,0.44479108740115114,0
42,-117.25,0.44479009046084744,0.44479009046084744,0
41.75,-117.25,4.0031269143777255,4.0031269143777255,0
41.5,-117.25,0,0,0
42.75,-127,0,0,0
41.25,-117.25,0.22239513880939155,0.22239513880939155,0
41,-117.25,0,0,0
40.75,-117.25,0,0,0
40.5,-117.25,0,0,0
40.25,-117.25,0,0,0
40,-117.25,0,0,0
39.75,-117.25,0,0,0
39.5,-117.25,0,0,0
39.25,-117.25,356.50002404178457,162.7935231432236,200.82315764799225
39,-117.25,411.8766225890448,183.25396167028833,232.1809902715788
42.5,-127,0,0,0
38.75,-117.25,523.0698854293188,35.58298540335389,489.7108366136744
38.5,-117.25,0,0,0
38.25,-117.25,0,0,0
38,-117.25,0,0,0
37.75,-117.25,0,0,0
37.5,-117.25,0,0,0
37.25,-117.25,0,0,0
37,-117.25,0,0,0
36.75,-117.25,0,0,0
36.5,-117.25,0,0,0
42.25,-127,0,0,0
36.25,-117.25,0,0,0
36,-117.25,0,0,0
35.75,-117.25,0,0,0
35.5,-117.25,0,0,0
35.25,-117.25,0,0,0
35,-117.25,0,0,0
34.75,-117.25,0,0,0
34.5,-117.25,0,0,0
34.25,-117.25,0,0,0
34,-117.25,0,0,0
42,-127,0,0,0
33.75,-117.25,0,0,0
33.5,-117.25,20.682663611467213,20.682663611467213,0
33.25,-117.25,67.38586867928227,67.38586867928227,0
33,-117.25,28.91136595409907,28.91136595409907,0
32.75,-117.25,0.8895835065258951,0.8895835065258951,0
32.5,-117.25,0,0,0
32.25,-117.25,0,0,0
32,-117.25,0,0,0
31.75,-117.25,0,0,0
31.5,-117.25,0,0,0
41.75,-127,0,0,0
31.25,-117.25,0,0,0
31,-117.25,0,0,0
30.75,-117.25,0,0,0
30.5,-117.25,0,0,0
30.25,-117.25,0,0,0
48.75,-117,115719.89451395068,101290.2407029468,86645.97573142924
48.5,-117,101679.8468992418,98032.57021498797,51290.27316215836
48.25,-117,87298.42730866543,75671.87687349926,52190.59947441754
48,-117,87043.47501310256,68968.75090156223,59822.30400609491
41.5,-127,0,0,0
47.75,-117,57964.27812005048,47935.57465028592,30354.764194530642
47.5,-117,39806.71814817173,29743.785471285835,28473.01997191073
47.25,-117,14126.941175262773,12840.611592477007,4152.771835988829
47,-117,18873.644778097034,16379.501938958176,10169.386500695708
46.75,-117,14136.114307656013,12965.870085594699,5083.067643374088
46.5,-117,0,0,0
46.25,-117,608.916171779058,608.693777267817,25.575368792764944
46,-117,13326.400254212438,13227.434129698542,2306.6890864238776
45.75,-117,50650.169916814855,50200.93460075798,23767.439337782365
45.5,-117,6117.2017664698915,6110.752306307467,128.0996225364153
41.25,-127,0,0,0
45.25,-117,82253.96167012177,63263.86140636966,61488.92563940894
45,-117,62341.56672517157,50989.59171136707,38003.451812337284
44.75,-117,2300.898147799663,2300.898147799663,0.4447898990527085
44.5,-117,6201.700271298571,6195.695612784435,91.84903579022719
44.25,-117,0,0,0
44,-117,0,0,0
43.75,-117,0,0,0
43.5,-117,0,0,0
43.25,-117,0.44478813038572074,0.44478813038572074,0
43,-117,58.26729531754653,58.26729531754653,0
41,-127,0,0,0
42.75,-117,1502.0592638802189,1502.0592638802189,0
42.5,-117,61.82551715763139,61.82551715763139,0
42.25,-117,0,0,0
42,-117,0,0,0
41.75,-117,0,0,0
41.5,-117,0,0,0
41.25,-117,0.4447909656959436,0.4447909656959436,0
41,-117,0,0,0
40.75,-117,0,0,0
40.5,-117,3.1135312592266207,2.446345989392344,0.6671852698342768
40.75,-127,0,0,0
40.25,-117,46.480796197954405,45.146419273611414,1.334376924343208
40,-117,0.22239603187500354,0,0.22239603187500354
39.75,-117,52.70763224200294,23.351482638862674,29.356149603140263
39.5,-117,22.461823456765845,6.227040166232142,16.23478329053351
39.25,-117,187.70041156220776,41.810044281628414,146.55754883826395
39,-117,0.22239658358214703,0,0.22239658358214703
38.75,-117,471.9214565075632,21.127492162213393,451.01635899968835
38.5,-117,0,0,0
38.25,-117,0,0,0
38,-117,0,0,0
37.75,-117,0,0,0
37.5,-117,0,0,0
37.25,-117,0,0,0
37,-117,0,0,0
36.75,-117,0,0,0
36.5,-117,0,0,0
36.25,-117,0,0,0
36,-117,0,0,0
35.75,-117,0,0,0
35.5,-117,0,0,0
35.25,-117,0,0,0
35,-117,0,0,0
34.75,-117,0,0,0
34.5,-117,0,0,0
34.25,-117,0,0,0
34,-117,0,0,0
33.75,-117,0,0,0
33.5,-117,0,0,0
33.25,-117,0,0,0
33,-117,51.15073609096431,51.15073609096431,0
32.75,-117,8.895798088793372,8.895798088793372,0
32.5,-117,0.4447895738971597,0.4447895738971597,0
32.25,-117,0,0,0
32,-117,0,0,0
31.75,-117,0,0,0
31.5,-117,0,0,0
31.25,-117,0,0,0
31,-117,0,0,0
30.75,-117,0,0,0
30.5,-117,0,0,0
30.25,-117,0,0,0
48.75,-116.75,91300.22045860351,54283.21554574935,69066.39928825248
48.5,-116.75,84999.70967544094,66543.12294237419,55335.28892623212
48.25,-116.75,87126.45707509742,75311.45627468592,51178.840100792615
48,-116.75,79112.86261024396,66826.19566070019,38068.273904849186
47.75,-116.75,58594.14220253996,50198.10223376752,35972.893626171666
47.5,-116.75,67417.62828081053,58277.619482702845,47875.29402835743
47.25,-116.75,71460.47866868803,60043.152578681314,44880.69089017633
47,-116.75,73705.45225309914,60246.37560395725,56175.44915007432
46.75,-116.75,30886.86519063527,25493.083840507254,15860.203561801787
46.5,-116.75,30.245427989462723,30.245427989462723,0
46.25,-116.75,17063.7496631668,17049.293947081078,725.0097606047884
46,-116.75,25009.879185920723,24829.07201715264,7386.628909549166
45.75,-116.75,18988.452287512104,18913.950266988835,3802.271775779367
45.5,-116.75,44161.00772337104,41873.217149563876,12177.086135728428
45.25,-116.75,58675.75242336264,56297.24011962901,24247.926600129093
45,-116.75,25371.241060379783,24355.11931983449,9841.191319952864
44.75,-116.75,5318.344120226739,5290.100007854529,463.91510557802775
44.5,-116.75,1536.9726892330907,1484.7098355259932,306.0156880892405
44.25,-116.75,0,0,0
44,-116.75,0,0,0
43.75,-116.75,0,0,0
43.5,-116.75,0,0,0
43.25,-116.75,14.900354804058635,14.900354804058635,0
43,-116.75,9740.976846589783,9740.976846589783,0
42.75,-116.75,1367.0522033350856,1367.0522033350856,0
42.5,-116.75,80.9516518974461,80.9516518974461,0
42.25,-116.75,0.22239484498510798,0.22239484498510798,0
42,-116.75,0,0,0
41.75,-116.75,0,0,0
41.5,-116.75,0,0,0
41.25,-116.75,0,0,0
41,-116.75,0,0,0
40.75,-116.75,0,0,0
40.5,-116.75,14.678120845615519,4.225519637374419,10.452601208241989
40.25,-116.75,1.7791610968934706,0.6671854113350529,1.1119756855584235
40,-116.75,0.22239636963395593,0,0.22239636963395593
39.75,-116.75,42.69978935134637,39.808657780682324,2.8911315706641494
39.5,-116.75,8.228576383129521,4.225485169715159,4.003091213414363
39.25,-116.75,6.671895778393851,6.671895778393851,0
39,-116.75,80.72923454719644,55.59864638236617,26.020166506947135
38.75,-116.75,35.360855570925025,20.23797394310793,15.345276945872508
38.5,-116.75,17.79149862593216,16.679529961811493,1.1119686641207756
38.25,-116.75,0,0,0
38,-116.75,0,0,0
37.75,-116.75,0,0,0
37.5,-116.75,0,0,0
37.25,-116.75,0,0,0
37,-116.75,0,0,0
36.75,-116.75,0,0,0
36.5,-116.75,0,0,0
36.25,-116.75,0,0,0
36,-116.75,0,0,0
35.75,-116.75,0,0,0
35.5,-116.75,0,0,0
35.25,-116.75,0,0,0
35,-116.75,0,0,0
34.75,-116.75,0,0,0
34.5,-116.75,0,0,0
34.25,-116.75,0,0,0
34,-116.75,0,0,0
33.75,-116.75,0,0,0
33.5,-116.75,0,0,0
33.25,-116.75,0,0,0
33,-116.75,62.492942659016784,62.492942659016784,0
32.75,-116.75,31.802522230935498,31.802522230935498,0
32.5,-116.75,8.45100190404603,8.45100190404603,0
32.25,-116.75,0,0,0
32,-116.75,0,0,0
31.75,-116.75,0,0,0
31.5,-116.75,0,0,0
31.25,-116.75,0,0,0
31,-116.75,0,0,0
30.75,-116.75,0,0,0
30.5,-116.75,0,0,0
30.25,-116.75,0,0,0
48.75,-116.5,84858.96255091204,50649.25781708104,59725.92827144648
48.5,-116.5,72508.62300677777,63274.579723629875,35089.18656033812
48.25,-116.5,53600.70811913649,44995.843738011434,30976.577717713564
48,-116.5,82699.12853575282,73275.3384864488,65359.61282389916
47.75,-116.5,123989.29825812853,110613.36605898358,117700.19714150007
47.5,-116.5,102017.69224501301,89011.56069284663,85625.81214200745
47.25,-116.5,91135.56187911284,78373.18946489494,72222.18231624475
47,-116.5,110343.56794381177,93428.48489787437,99528.98113149704
46.75,-116.5,56878.27261969951,49385.55158483272,39122.45193456899
46.5,-116.5,6455.4518097501,6242.175264273465,1103.7450419192396
46.25,-116.5,3390.1876247370806,3390.1876247370806,0
46,-116.5,23979.927643462044,23922.32742403763,2533.964865334959
45.75,-116.5,22459.616657731007,22158.494556982663,2158.1158535163954
45.5,-116.5,43262.074697752665,41563.181035125905,13050.946040571525
45.25,-116.5,63570.46450187091,53123.98289091684,38842.99558656297
45,-116.5,67205.5899046836,59439.79941495484,33811.51210846346
44.75,-116.5,8489.315579759359,8483.97806603426,108.75184214875573
44.5,-116.5,18.681190261260472,18.014004894787615,7.56143415336786
44.25,-116.5,0,0,0
44,-116.5,2.8911294883354244,2.8911294883354244,0
43.75,-116.5,0,0,0
43.5,-116.5,0,0,0
43.25,-116.5,0,0,0
43,-116.5,890.6918307978445,890.6918307978445,0
42.75,-116.5,16.679663131628086,16.679663131628086,0
42.5,-116.5,0.6671786832867052,0.6671786832867052,0
42.25,-116.5,0.4447917861199124,0.4447917861199124,0
42,-116.5,0,0,0
41.75,-116.5,0,0,0
41.5,-116.5,0,0,0
41.25,-116.5,0,0,0
41,-116.5,0,0,0
40.75,-116.5,0,0,0
40.5,-116.5,0,0,0
40.25,-116.5,18.236429039584127,7.339050711052182,11.564564756809482
40,-116.5,0.22239569411707474,0.22239569411707474,0
39.75,-116.5,20.015586836839322,14.010910785788436,6.004676051052193
39.5,-116.5,181.9185305706386,76.28124203634351,110.52996295061914
39.25,-116.5,122.0945919751885,86.51146863087119,37.139884990630414
39,-116.5,25.35321052836475,25.130813944781522,0.22239658358214703
38.75,-116.5,52.92969078748954,23.12894051217988,30.690324910393738
38.5,-116.5,0,0,0
38.25,-116.5,0,0,0
38,-116.5,0,0,0
37.75,-116.5,0,0,0
37.5,-116.5,0,0,0
37.25,-116.5,0,0,0
37,-116.5,0,0,0
36.75,-116.5,0,0,0
36.5,-116.5,0,0,0
36.25,-116.5,0,0,0
36,-116.5,0,0,0
35.75,-116.5,0,0,0
35.5,-116.5,0,0,0
35.25,-116.5,0,0,0
35,-116.5,0,0,0
34.75,-116.5,0,0,0
34.5,-116.5,0,0,0
34.25,-116.5,0,0,0
34,-116.5,0,0,0
33.75,-116.5,0,0,0
33.5,-116.5,0,0,0
33.25,-116.5,0,0,0
33,-116.5,0,0,0
32.75,-116.5,0,0,0
32.5,-116.5,0,0,0
32.25,-116.5,0,0,0
32,-116.5,0,0,0
31.75,-116.5,0,0,0
31.5,-116.5,0,0,0
31.25,-116.5,0,0,0
31,-116.5,0,0,0
30.75,-116.5,0,0,0
30.5,-116.5,0,0,0
30.25,-116.5,0,0,0
48.75,-116.25,69019.15094110381,62825.02763353215,22333.715318094713
48.5,-116.25,103548.59046193857,64149.259831219446,85328.18754753085
48.25,-116.25,78429.53142350935,51915.99174130185,66079.6901907034
48,-116.25,121326.6301780898,113891.78826016175,109741.25567919535
47.75,-116.25,123898.09961258987,113864.94823247366,117586.95961469712
47.5,-116.25,107578.09857353558,92655.41421444753,92858.68297009892
47.25,-116.25,98194.10469690256,83277.6886948219,82230.21255917972
47,-116.25,106409.91645108275,85536.51863104918,99740.04554086163
46.75,-116.25,100148.94746344563,69822.5560161051,91036.1073532528
46.5,-116.25,28207.21310634391,27993.936560867267,1173.7993816743392
46.25,-116.25,1174.9102028885202,1174.9102028885202,0
46,-116.25,484.15481514434833,461.4704829694647,155.23199860852355
45.75,-116.25,29004.240868085515,27713.685808526967,8974.728490174592
45.5,-116.25,45251.63645134498,41574.999368407465,17167.79576683789
45.25,-116.25,64911.24948875258,56704.63216757362,36902.312097789865
45,-116.25,68222.26687964982,59061.15879072935,34050.86445499501
44.75,-116.25,73625.6086386642,67151.2680568078,32272.95987485135
44.5,-116.25,63379.925223883496,56873.28993078185,34286.767718408686
44.25,-116.25,48034.23167462814,46769.91543621327,16099.404892715302
44,-116.25,7668.869339563948,7658.639139476374,181.69724938154346
43.75,-116.25,4596.903373433485,4595.124213927565,49.14928135117544
43.5,-116.25,0,0,0
43.25,-116.25,0,0,0
43,-116.25,0,0,0
42.75,-116.25,1.1119722602658386,1.1119722602658386,0
42.5,-116.25,0,0,0
42.25,-116.25,0,0,0
42,-116.25,0,0,0
41.75,-116.25,2.2239489969292165,2.001554097236292,0.22239489969292164
41.5,-116.25,0.22239527690128968,0,0.22239527690128968
41.25,-116.25,1.3343728970878295,0.667186448543914,0.667186448543914
41,-116.25,0,0,0
40.75,-116.25,0,0,0
40.5,-116.25,0,0,0
40.25,-116.25,0.4447902742233691,0,0.4447902742233691
40,-116.25,39.80882924695518,12.898950258790366,27.132274682282176
39.75,-116.25,17.12442060183243,7.116642328034321,10.007778273798257
39.5,-116.25,1.1119697815039888,1.1119697815039888,0
39.25,-116.25,61.38134892848321,54.93185936715816,7.116678136635876
39,-116.25,19.125934355533296,9.785361763296592,10.674940105414475
38.75,-116.25,4.892689696336643,4.892689696336643,0
38.5,-116.25,0,0,0
38.25,-116.25,0,0,0
38,-116.25,0,0,0
37.75,-116.25,0,0,0
37.5,-116.25,0,0,0
37.25,-116.25,0,0,0
37,-116.25,0,0,0
36.75,-116.25,0,0,0
36.5,-116.25,0,0,0
36.25,-116.25,0,0,0
36,-116.25,0,0,0
35.75,-116.25,0,0,0
35.5,-116.25,0,0,0
35.25,-116.25,0,0,0
35,-116.25,0,0,0
34.75,-116.25,0,0,0
34.5,-116.25,0,0,0
34.25,-116.25,0,0,0
34,-116.25,0,0,0
33.75,-116.25,0,0,0
33.5,-116.25,0,0,0
33.25,-116.25,0,0,0
33,-116.25,0,0,0
32.75,-116.25,0,0,0
32.5,-116.25,0,0,0
32.25,-116.25,0,0,0
32,-116.25,0,0,0
31.75,-116.25,0,0,0
31.5,-116.25,0,0,0
31.25,-116.25,0,0,0
31,-116.25,0,0,0
30.75,-116.25,0,0,0
30.5,-116.25,0,0,0
30.25,-116.25,0,0,0
48.75,-116,105383.67962267743,82112.08697719303,60536.25310620256
48.5,-116,105366.63435439409,84703.18275709193,67493.31397225427
48.25,-116,109173.06441110668,65884.53449866331,99930.32600177519
48,-116,105030.39314640337,92632.5501186173,85990.0621721105
47.75,-116,120576.88735975236,107426.486149685,111078.42402103024
47.5,-116,118756.9540634949,102034.14950938264,108542.1079856837
47.25,-116,116125.00139961609,81685.98874489694,109619.05147096567
47,-116,116776.67189801842,36810.05480231287,115812.80872156896
46.75,-116,110178.68479539704,49020.29535121062,107385.40419648946
46.5,-116,65388.832773904775,47605.957827695944,28263.43127635769
46.25,-116,13220.263930234583,13217.372796731466,3.1135283879768543
46,-116,25784.481115587667,25317.006738280797,11914.369560163697
45.75,-116,115819.22524538578,96302.52199938391,86228.70330760843
45.5,-116,86954.21240277436,55943.599768581495,64363.27277052437
45.25,-116,50555.3679296356,23507.980325942415,40793.58702799595
45,-116,50095.19783071345,28974.449323330547,39238.03579487101
44.75,-116,64384.906333198625,49739.35725798665,48071.178201085524
44.5,-116,66467.44676656151,56384.24146342257,44191.61155232418
44.25,-116,101038.60786948021,98499.30454726155,35423.70389498702
44,-116,71464.18324158106,70940.66218004542,8566.041090555958
43.75,-116,63738.85135313451,63630.990155218686,1696.6455235048613
43.5,-116,1095.960525577765,1095.960525577765,0.44478917434162524
43.25,-116,0,0,0
43,-116,0,0,0
42.75,-116,0,0,0
42.5,-116,1.1119749940071404,1.1119749940071404,0
42.25,-116,0,0,0
42,-116,422.54926353113837,420.9925030865499,1.5567604445884045
41.75,-116,1.1119796984382568,1.1119796984382568,0
41.5,-116,20.460365474918586,2.0015574921115986,18.45880798280647
41.25,-116,1.1119756940469592,0,1.1119756940469592
41,-116,0,0,0
40.75,-116,0,0,0
40.5,-116,2.8911405921569884,1.7791634413273743,1.1119771508296128
40.25,-116,8.006273749479861,1.111982465205535,6.894291284274313
40,-116,0.8895814254406942,0,0.8895814254406942
39.75,-116,0,0,0
39.5,-116,50.03879107556341,10.897336723122953,39.36384897944343
39.25,-116,0,0,0
39,-116,18.90370960448232,18.90370960448232,0
38.75,-116,0,0,0
38.5,-116,0,0,0
38.25,-116,0,0,0
38,-116,0,0,0
37.75,-116,0,0,0
37.5,-116,0,0,0
37.25,-116,0,0,0
37,-116,0,0,0
36.75,-116,0,0,0
36.5,-116,0,0,0
36.25,-116,0,0,0
36,-116,0,0,0
35.75,-116,0,0,0
35.5,-116,0,0,0
35.25,-116,0,0,0
35,-116,0,0,0
34.75,-116,0,0,0
34.5,-116,0,0,0
34.25,-116,0,0,0
34,-116,0,0,0
33.75,-116,0,0,0
33.5,-116,0,0,0
33.25,-116,0,0,0
33,-116,0,0,0
32.75,-116,0,0,0
32.5,-116,0,0,0
32.25,-116,0,0,0
32,-116,0,0,0
31.75,-116,0,0,0
31.5,-116,0,0,0
31.25,-116,0,0,0
31,-116,0,0,0
30.75,-116,0,0,0
30.5,-116,0,0,0
30.25,-116,0,0,0
48.75,-115.75,104392.02213081272,91456.88539626976,39024.91366729116
48.5,-115.75,102294.99124732998,78882.8108582173,61763.96190880056
48.25,-115.75,94230.45693938016,56878.89323909819,77362.29577703032
48,-115.75,100753.6460177605,84173.38879527128,77425.23989580381
47.75,-115.75,112529.96400880869,89041.52016235594,94438.81833412495
47.5,-115.75,104176.12685012326,63160.53954321515,93528.31341130927
47.25,-115.75,117538.56673744586,67073.840474842,112544.24570234772
47,-115.75,116223.84497596083,51079.014472884155,113598.91689076528
46.75,-115.75,114250.48526547241,53746.05680375274,111599.97773249503
46.5,-115.75,114806.22126668574,63807.94602494226,111940.45245624993
46.25,-115.75,99091.82296356521,83472.69036851366,82980.08900876266
46,-115.75,115532.35739659218,87366.77365016294,105424.6744402299
45.75,-115.75,121141.17494717673,80678.7940098603,112933.49862051621
45.5,-115.75,69175.2452141451,51329.55936151031,40187.54247259778
45.25,-115.75,29199.546650865803,18639.12993812229,15033.66556522575
45,-115.75,67892.23302914221,59121.20538078123,22656.912795255157
44.75,-115.75,62194.08200474215,42044.432392805844,32824.38257534231
44.5,-115.75,77901.0081797059,51034.565447423425,62076.038472317756
44.25,-115.75,85809.73824401303,78344.14445816423,28549.574639422557
44,-115.75,80576.3538256951,77731.70020730967,20055.575272144346
43.75,-115.75,65021.163303531794,62922.42227135504,17497.811345833266
43.5,-115.75,2070.9417145567804,2060.933942095968,33.804031423177136
43.25,-115.75,9.785338868485857,9.785338868485857,0
43,-115.75,0,0,0
42.75,-115.75,0,0,0
42.5,-115.75,1.3343636796611213,1.3343636796611213,0
42.25,-115.75,0.6671866311017274,0.6671866311017274,0
42,-115.75,20.237949115968437,16.679628392280677,3.5583207236867906
41.75,-115.75,0.44478910606034616,0,0.44478910606034616
41.5,-115.75,0,0,0
41.25,-115.75,0,0,0
41,-115.75,0,0,0
40.75,-115.75,0,0,0
40.5,-115.75,0,0,0
40.25,-115.75,0.22239547609248964,0.22239547609248964,0
40,-115.75,11.786989689375154,10.230217466250126,1.5567722231250143
39.75,-115.75,50.92839459092946,31.135263068690186,19.793131522237793
39.5,-115.75,16.457152766258748,2.8911214319103666,13.788425290649458
39.25,-115.75,0,0,0
39,-115.75,0,0,0
38.75,-115.75,0,0,0
38.5,-115.75,0,0,0
38.25,-115.75,79.61745548318137,71.61123090945362,8.228619700775845
38,-115.75,55.82136073191437,48.25990150926545,8.006250941629318
37.75,-115.75,0,0,0
37.5,-115.75,0.44478974544077926,0,0.44478974544077926
37.25,-115.75,0,0,0
37,-115.75,0,0,0
36.75,-115.75,0,0,0
36.5,-115.75,0,0,0
36.25,-115.75,0,0,0
36,-115.75,0,0,0
35.75,-115.75,0,0,0
35.5,-115.75,0,0,0
35.25,-115.75,0,0,0
35,-115.75,0,0,0
34.75,-115.75,0,0,0
34.5,-115.75,0,0,0
34.25,-115.75,0,0,0
34,-115.75,0,0,0
33.75,-115.75,0,0,0
33.5,-115.75,0,0,0
33.25,-115.75,0,0,0
33,-115.75,0,0,0
32.75,-115.75,0,0,0
32.5,-115.75,0,0,0
32.25,-115.75,0,0,0
32,-115.75,0,0,0
31.75,-115.75,0,0,0
31.5,-115.75,0,0,0
31.25,-115.75,0,0,0
31,-115.75,0,0,0
30.75,-115.75,0,0,0
30.5,-115.75,0,0,0
30.25,-115.75,0,0,0
48.75,-115.5,90257.13002710001,53929.48195711551,49013.235732888126
48.5,-115.5,97752.19930083407,85630.27808053549,29588.465248475557
48.25,-115.5,90246.7732675339,80133.63352631392,39697.30931538378
48,-115.5,92398.91149229197,65804.1815761661,56825.40507027684
47.75,-115.5,92846.24953409047,82126.37782633107,48230.526894943665
47.5,-115.5,102011.90996293718,85532.85083786596,64475.558681555936
47.25,-115.5,116308.07944932659,79377.92185446774,106524.9469550756
47,-115.5,108790.36661336005,57149.53589511713,101695.54575939811
46.75,-115.5,117689.13896574169,88455.89057456527,108898.05909587159
46.5,-115.5,118839.53662105172,79223.3183578621,116464.80970823653
46.25,-115.5,124087.22755908429,96186.67727953871,117619.53951771693
46,-115.5,126850.37146550848,99386.67725432289,108318.69943086893
45.75,-115.5,113880.76633537744,78513.86565886818,108920.01069960356
45.5,-115.5,76171.58671730472,51633.129282735055,54533.16721150588
45.25,-115.5,60827.88842913139,53640.3348628017,14579.042484010784
45,-115.5,58127.92761978322,36956.69516594223,29968.33811945867
44.75,-115.5,35625.61106311118,13004.745788006127,28174.05807773368
44.5,-115.5,27891.997536303672,12040.95594350445,20969.482009476742
44.25,-115.5,41288.67698303748,31682.95593069632,19098.46501877331
44,-115.5,73024.93379502678,68520.32437900011,21322.781613912797
43.75,-115.5,43803.29227545985,42567.00677128259,6803.239765837213
43.5,-115.5,26116.10247164644,24871.355977672956,3079.5077187871107
43.25,-115.5,4053.811960628145,4038.4667211458454,203.49121922178813
43,-115.5,0,0,0
42.75,-115.5,0,0,0
42.5,-115.5,0,0,0
42.25,-115.5,1.7791727342560753,1.7791727342560753,0
42,-115.5,4.892652715056029,4.892652715056029,0
48.5,-126.75,0,0,0
41.75,-115.5,96.07504594506514,29.35626403876994,66.71878190629519
41.5,-115.5,0,0,0
41.25,-115.5,0,0,0
41,-115.5,0,0,0
40.75,-115.5,106.52763596106692,17.12448427766523,90.29273528223985
40.5,-115.5,217.50239796597413,45.36859834872967,176.804096506083
40.25,-115.5,258.4247249137657,28.46675110926083,234.85069665140878
40,-115.5,44.47893616988889,4.003104255290073,40.475831914599
39.75,-115.5,0.4447914916928088,0.4447914916928088,0
39.5,-115.5,0,0,0
48.25,-126.75,0,0,0
39.25,-115.5,182.80884556031538,97.63148807904824,88.06849494146465
39,-115.5,641.1645501385807,160.34673626427872,493.7167191493753
38.75,-115.5,139.88665505730776,51.59571378902216,92.73884762940725
38.5,-115.5,102.07841976747909,85.39893941331533,20.904948710550443
38.25,-115.5,341.8233366580653,253.08715492314806,123.20763077981015
38,-115.5,0.6671865929907431,0.6671865929907431,0
37.75,-115.5,0,0,0
37.5,-115.5,0,0,0
37.25,-115.5,0,0,0
37,-115.5,0,0,0
48,-126.75,0,0,0
36.75,-115.5,0,0,0
36.5,-115.5,0,0,0
36.25,-115.5,0,0,0
36,-115.5,0,0,0
35.75,-115.5,0,0,0
35.5,-115.5,0,0,0
35.25,-115.5,0,0,0
35,-115.5,0,0,0
34.75,-115.5,0,0,0
34.5,-115.5,0,0,0
47.75,-126.75,0,0,0
34.25,-115.5,0,0,0
34,-115.5,0,0,0
33.75,-115.5,0,0,0
33.5,-115.5,0,0,0
33.25,-115.5,0,0,0
33,-115.5,0,0,0
32.75,-115.5,0,0,0
32.5,-115.5,0,0,0
32.25,-115.5,0,0,0
32,-115.5,0,0,0
47.5,-126.75,0,0,0
31.75,-115.5,0,0,0
31.5,-115.5,0,0,0
31.25,-115.5,0,0,0
31,-115.5,0,0,0
30.75,-115.5,0,0,0
30.5,-115.5,0,0,0
30.25,-115.5,0,0,0
48.75,-115.25,80310.52881699758,54242.45474859743,34667.658490845126
48.5,-115.25,88743.20130755371,82033.11354620068,15197.552607047004
47.25,-126.75,0,0,0
48.25,-115.25,70214.46622931835,66514.25088236932,9271.888329706202
48,-115.25,59297.36503622712,55591.39091847803,7841.168713610132
47.75,-115.25,94457.054703571,62224.938892007485,40361.97826849174
47.5,-115.25,91574.38105085821,85039.27909371427,29545.28824252426
47.25,-115.25,114208.92507986152,87351.94831371085,79653.1099137821
47,-115.25,103363.4097999377,44050.22076513158,95981.2304506214
46.75,-115.25,111941.79935342011,61903.072686832646,104744.86410634153
46.5,-115.25,115590.9676374149,47051.020323440156,112778.11435331356
46.25,-115.25,93965.7486367165,50041.127301958535,89048.16946547186
46,-115.25,115343.5430589841,92889.31503000377,90856.39175547392
47,-126.75,0,0,0
45.75,-115.25,108748.08315017953,55931.13121141279,105666.15096705231
45.5,-115.25,76158.24298450364,53017.54156084852,41094.693907525376
45.25,-115.25,55388.84881295052,44753.24510622699,16776.823637666024
45,-115.25,54303.6004585045,35497.261755135616,29463.478949876735
44.75,-115.25,50457.18854348888,41359.0111583657,18124.52120154931
44.5,-115.25,50906.32640990175,36036.519522969254,26197.743287171637
44.25,-115.25,53259.491358958236,38709.04484482465,22761.954731682297
44,-115.25,43334.003257518496,37883.281749494214,14567.875542111813
43.75,-115.25,58009.308998690154,56086.48855089579,10681.816901227143
43.5,-115.25,48984.84105499658,47413.8532440601,11725.253447905612
46.75,-126.75,0,0,0
43.25,-115.25,1191.1426131729609,1191.1426131729609,4.8926694342429355
43,-115.25,0,0,0
42.75,-115.25,0,0,0
42.5,-115.25,0,0,0
42.25,-115.25,0.22239554370057626,0.22239554370057626,0
42,-115.25,3.5583262917409892,2.891140112039561,0.667186179701437
41.75,-115.25,51.37322182906451,23.79625426714181,27.57696756192127
41.5,-115.25,0,0,0
41.25,-115.25,0,0,0
41,-115.25,24.24103690346736,8.006214023163874,17.12440221621139
46.5,-126.75,0,0,0
40.75,-115.25,57.37787782100933,8.006215509908271,50.0388469369266
40.5,-115.25,14.900516616004515,1.111978851940637,13.7885377640639
40.25,-115.25,0.667188462171604,0.2223961540572018,0.4447923081144021
40,-115.25,16.67960106370815,16.457206382858143,0.22239468084944886
39.75,-115.25,28.46656931213699,22.461902347857936,7.561432473536471
39.5,-115.25,0,0,0
39.25,-115.25,13.121296449339612,13.121296449339612,0
39,-115.25,13.121378783681594,10.452623776831102,2.6687550068504926
38.75,-115.25,0,0,0
38.5,-115.25,6.227043039375189,6.227043039375189,0
46.25,-126.75,0,0,0
38.25,-115.25,0,0,0
38,-115.25,0,0,0
37.75,-115.25,0,0,0
37.5,-115.25,0,0,0
37.25,-115.25,0,0,0
37,-115.25,0,0,0
36.75,-115.25,0,0,0
36.5,-115.25,0,0,0
36.25,-115.25,0,0,0
36,-115.25,0,0,0
46,-126.75,0,0,0
35.75,-115.25,0,0,0
35.5,-115.25,0,0,0
35.25,-115.25,0,0,0
35,-115.25,0,0,0
34.75,-115.25,0,0,0
34.5,-115.25,0,0,0
34.25,-115.25,0,0,0
34,-115.25,0,0,0
33.75,-115.25,0,0,0
33.5,-115.25,0,0,0
45.75,-126.75,0,0,0
33.25,-115.25,0,0,0
33,-115.25,0,0,0
32.75,-115.25,0,0,0
32.5,-115.25,0,0,0
32.25,-115.25,0,0,0
32,-115.25,0,0,0
31.75,-115.25,0,0,0
31.5,-115.25,0,0,0
31.25,-115.25,0,0,0
31,-115.25,0,0,0
45.5,-126.75,0,0,0
30.75,-115.25,0,0,0
30.5,-115.25,0,0,0
30.25,-115.25,0,0,0
48.75,-115,83474.03146702923,74421.90433283553,17777.77900531086
48.5,-115,70919.0711761171,64405.791160766996,7923.263806701788
48.25,-115,66291.86424717592,65831.50407879268,636.4979719384638
48,-115,60935.84760613928,58540.43735075248,2800.1680926167664
47.75,-115,73807.09739575593,72913.51992303679,1551.1953390284214
47.5,-115,74350.26751072257,71106.40168983092,12850.25442183888
45.25,-126.75,0,0,0
47.25,-115,95635.2844779501,92361.84915287301,18653.1771489581
47,-115,97733.75892930129,47035.34863105625,77481.83830522101
46.75,-115,107509.94536968914,61868.496526376846,97883.13507630437
46.5,-115,109668.40092613838,70494.01413508665,103322.14492851455
46.25,-115,91450.77820654106,63717.46888040697,78347.27159085561
46,-115,91275.3729468647,67501.343006755,70976.71032082509
45.75,-115,76261.98423219797,44897.064881092076,65561.34141204246
45.5,-115,73242.94151465119,64491.11589647694,20135.292640593594
45.25,-115,75884.6333501135,71995.40606065613,13082.997654631734
45,-115,69022.00296632528,65086.936831241634,10120.330029564651
45,-126.75,0,0,0
44.75,-115,64464.41797766041,62235.364341186694,8734.073976377573
44.5,-115,37986.606924106,32876.16443081513,9906.194350435298
44.25,-115,34552.363101796065,29372.08843243806,9335.302860128406
44,-115,24095.62939216597,18771.09286686073,9250.887387984221
43.75,-115,43804.10043028684,40046.97243525588,11326.982540719553
43.5,-115,46154.58568832386,45843.00837508053,4107.660939047486
43.25,-115,20.23795683581737,20.23795683581737,0
43,-115,0,0,0
42.75,-115,0,0,0
42.5,-115,0,0,0
44.75,-126.75,0,0,0
42.25,-115,0,0,0
42,-115,1.3343702713825438,1.3343702713825438,0
41.75,-115,0,0,0
41.5,-115,10.897385489989645,10.897385489989645,0
41.25,-115,0.22239341863246065,0,0.22239341863246065
41,-115,96.51980420804747,14.455731044983024,83.84324006090702
40.75,-115,1.1119777911533129,0.6671866746919877,0.44479111646132513
40.5,-115,0,0,0
40.25,-115,274.4360174981334,116.75762494855677,172.57888944777244
40,-115,379.8518455519651,105.19316331737613,311.35397176390546
44.5,-126.75,0,0,0
39.75,-115,73.16820038346579,36.91769381050183,36.47290231880991
39.5,-115,95.62968961107818,77.39333019687315,18.68114866820959
39.25,-115,822.6410411294825,21.572365771709855,809.0749142008815
39,-115,1349.7127395783418,70.05429444178223,1305.6786116435064
38.75,-115,264.203272377286,26.687199230027563,238.62803978184178
38.5,-115,151.00691650965334,38.0297241872618,119.20428166299533
38.25,-115,0,0,0
38,-115,3.1135374339568007,2.8911419029598853,0.22239553099691392
37.75,-115,0,0,0
37.5,-115,0,0,0
48.25,-128,0,0,0
44.25,-126.75,0,0,0
37.25,-115,0,0,0
37,-115,0,0,0
36.75,-115,0,0,0
36.5,-115,0,0,0
36.25,-115,0,0,0
36,-115,0,0,0
35.75,-115,0,0,0
35.5,-115,0,0,0
35.25,-115,0,0,0
35,-115,0,0,0
44,-126.75,0,0,0
34.75,-115,0,0,0
34.5,-115,0,0,0
34.25,-115,0,0,0
34,-115,0,0,0
33.75,-115,0,0,0
33.5,-115,0,0,0
33.25,-115,0,0,0
33,-115,0,0,0
32.75,-115,0,0,0
32.5,-115,0,0,0
43.75,-126.75,0,0,0
32.25,-115,0,0,0
32,-115,0,0,0
31.75,-115,0,0,0
31.5,-115,0,0,0
31.25,-115,0,0,0
31,-115,0,0,0
30.75,-115,0,0,0
30.5,-115,0,0,0
30.25,-115,0,0,0
43.5,-126.75,0,0,0
48.75,-114.75,100525.37896861038,53395.57315449718,52548.02437426704
48.5,-114.75,63108.244572549986,57477.47160554397,6412.454127315103
48.25,-114.75,53942.3898218776,52073.28075462215,2025.0164275774084
48,-114.75,42537.16502790471,41096.55400279051,1498.653550207554
47.75,-114.75,37234.861630668514,35106.95191591895,2526.225590493384
47.5,-114.75,48438.59121360855,46700.73031743438,4176.070392559675
47.25,-114.75,85126.00126945235,80709.8927364055,18240.602983042045
47,-114.75,90360.06196109953,86374.90660279195,17798.87802776274
46.75,-114.75,79907.33140343141,35692.66640953483,58142.95169028888
46.5,-114.75,101344.37106853492,58480.471878749595,91101.82624177508
43.25,-126.75,0,0,0
46.25,-114.75,75286.58572904502,44976.381646829584,63479.00958396674
46,-114.75,96714.38771001114,86292.22398287301,54489.72310059624
45.75,-114.75,97009.44752150188,87686.71348514767,46921.87811456335
45.5,-114.75,52178.184390061084,46933.27507473061,8009.157352772948
45.25,-114.75,49239.378299696225,44591.7413731357,8172.7249916244045
45,-114.75,38234.00774434455,37768.715812794624,942.5942666868276
44.75,-114.75,50365.27272846283,48637.7568169025,3548.2127148486124
44.5,-114.75,41666.58525942571,38774.36968427022,5469.523249163709
44.25,-114.75,63080.245675240156,54568.58927235638,15322.360435323746
44,-114.75,29318.770450219883,23413.432605963095,11690.59425923592
43,-126.75,0,0,0
43.75,-114.75,57108.85869727884,52833.377928821596,12917.178126101244
43.5,-114.75,43126.147927931925,43041.63351528772,2852.1390203953383
43.25,-114.75,8.228948162288727,8.228948162288727,0
43,-114.75,0,0,0
42.75,-114.75,0,0,0
42.5,-114.75,0,0,0
42.25,-114.75,0.22238436477991355,0.22238436477991355,0
42,-114.75,0.2224058338419167,0.2224058338419167,0
41.75,-114.75,1.7791397846110197,1.7791397846110197,0
41.5,-114.75,0,0,0
42.75,-126.75,0,0,0
41.25,-114.75,0,0,0
41,-114.75,1.111962173775009,0,1.111962173775009
40.75,-114.75,46.03467892133774,38.473427311070566,7.561251610268246
40.5,-114.75,343.3570081334636,47.14487417376452,296.65689692360155
40.25,-114.75,36.03152710260632,32.69527459310574,4.225919845367501
40,-114.75,431.0048189294481,250.64108923296564,224.62067446787552
39.75,-114.75,405.6148531481228,167.22717629791043,263.29385204351894
39.5,-114.75,456.7978750514575,46.70280124674029,435.67041734459843
39.25,-114.75,2727.2065109750984,188.38231241199705,2647.1384679192333
39,-114.75,558.8324075377233,71.6052667039976,494.56556878786154
42.5,-126.75,0,0,0
38.75,-114.75,557.9923509205462,60.936589937118185,513.5130881927229
38.5,-114.75,52.04477718487242,31.36031445755091,22.01894419359907
38.25,-114.75,1.1119212541013495,1.1119212541013495,0
38,-114.75,0,0,0
37.75,-114.75,0,0,0
37.5,-114.75,0,0,0
37.25,-114.75,0,0,0
37,-114.75,0,0,0
36.75,-114.75,0,0,0
36.5,-114.75,0,0,0
42.25,-126.75,0,0,0
36.25,-114.75,0,0,0
36,-114.75,0,0,0
35.75,-114.75,0,0,0
35.5,-114.75,0,0,0
35.25,-114.75,0,0,0
35,-114.75,0,0,0
34.75,-114.75,0,0,0
34.5,-114.75,0,0,0
34.25,-114.75,0,0,0
34,-114.75,0,0,0
42,-126.75,0,0,0
33.75,-114.75,0,0,0
33.5,-114.75,0,0,0
33.25,-114.75,0,0,0
33,-114.75,0,0,0
32.75,-114.75,0,0,0
32.5,-114.75,0,0,0
32.25,-114.75,0,0,0
32,-114.75,0,0,0
31.75,-114.75,0,0,0
31.5,-114.75,0,0,0
41.75,-126.75,0,0,0
31.25,-114.75,0,0,0
31,-114.75,0,0,0
30.75,-114.75,0,0,0
30.5,-114.75,0,0,0
30.25,-114.75,0,0,0
48.75,-114.5,93227.08812720662,25711.751399466393,75279.812838641
48.5,-114.5,73726.45545345588,60566.48153093483,14510.131114592275
48.25,-114.5,55005.60512681907,53691.468174486276,1410.6567420285794
48,-114.5,56516.87055901874,54979.457960793035,1699.9829163658515
41.5,-126.75,0,0,0
47.75,-114.5,22643.827698653153,22616.02830697059,84.7325458483446
47.5,-114.5,8981.202997333756,8975.198330115853,30.46812625383067
47.25,-114.5,67900.24975660836,62761.38965760913,11212.664927136495
47,-114.5,84171.29543585003,80484.62854607658,10494.223956550397
46.75,-114.5,102243.33530549593,83353.64893020074,29677.34345465242
46.5,-114.5,72707.16378345809,34139.31250537916,57140.0037869007
46.25,-114.5,45949.606336833196,16923.41801931955,40813.1568181436
46,-114.5,54371.36214956008,32259.290354842622,43683.278848421265
45.75,-114.5,82679.09119562824,65690.43486216836,45708.359046467805
45.5,-114.5,49373.69552510475,42055.499139634456,11567.981066985836
41.25,-126.75,0,0,0
45.25,-114.5,44224.46582622793,42320.76954614325,3236.9508594196145
45,-114.5,74441.75924036025,71790.1463026234,4286.659345372789
44.75,-114.5,70261.68119376023,67919.63998029819,4005.555435919176
44.5,-114.5,51107.37192792076,47365.790296115665,5947.96723386991
44.25,-114.5,59815.863660259616,57507.40984024164,4241.950690079272
44,-114.5,42173.84561092814,37706.5768891446,10236.888498217744
43.75,-114.5,59151.68406705695,58331.933686490454,3355.9504185426827
43.5,-114.5,31233.440504101793,31213.202661534153,1381.733141453299
43.25,-114.5,0,0,0
43,-114.5,0,0,0
41,-126.75,0,0,0
42.75,-114.5,0,0,0
42.5,-114.5,0,0,0
42.25,-114.5,2.891164776609893,2.891164776609893,0
42,-114.5,0.889574612911049,0.889574612911049,0
41.75,-114.5,0.8895809854270039,0.8895809854270039,0
41.5,-114.5,0,0,0
41.25,-114.5,0,0,0
41,-114.5,47.147632140258665,12.009302526292428,35.138329613966334
40.75,-114.5,91.181758857625,38.47425434724172,52.92989904418245
40.5,-114.5,10.675062301793098,0,10.675062301793098
40.75,-126.75,0,0,0
40.25,-114.5,122.09493027431459,122.09493027431459,0
40,-114.5,204.1583170197936,131.43525638202394,95.18492340356337
39.75,-114.5,361.83952119368723,166.13037635629001,227.2894841179769
39.5,-114.5,1243.8512732048684,215.27767431831066,1091.5111834238332
39.25,-114.5,1418.2119908040452,161.23626992832578,1302.3442713107247
39,-114.5,135.4387081897095,24.685872921276484,122.3173883486701
38.75,-114.5,1.7791572347127789,1.7791572347127789,0
38.5,-114.5,45.36852389683687,45.36852389683687,0
38.25,-114.5,175.46923513553912,101.18948287283891,75.391724601962
38,-114.5,128.76777323988247,96.52023071866836,32.914733056134736
40.5,-126.75,0,0,0
37.75,-114.5,1.334370703183655,1.334370703183655,0
37.5,-114.5,0,0,0
37.25,-114.5,0,0,0
37,-114.5,0,0,0
36.75,-114.5,0,0,0
36.5,-114.5,0,0,0
36.25,-114.5,0,0,0
36,-114.5,0,0,0
35.75,-114.5,0,0,0
35.5,-114.5,0,0,0
40.25,-126.75,0,0,0
35.25,-114.5,0,0,0
35,-114.5,0,0,0
34.75,-114.5,0,0,0
34.5,-114.5,0,0,0
34.25,-114.5,0,0,0
34,-114.5,0,0,0
33.75,-114.5,0,0,0
33.5,-114.5,0,0,0
33.25,-114.5,0,0,0
33,-114.5,0,0,0
32.75,-114.5,0,0,0
32.5,-114.5,0,0,0
32.25,-114.5,0,0,0
32,-114.5,0,0,0
31.75,-114.5,0,0,0
31.5,-114.5,0,0,0
31.25,-114.5,0,0,0
31,-114.5,0,0,0
30.75,-114.5,0,0,0
30.5,-114.5,0,0,0
30.25,-114.5,0,0,0
48.75,-114.25,52200.95711163895,36010.10039391222,20168.627428054177
48.5,-114.25,56157.509972243875,28724.477504187904,32590.584014971562
48.25,-114.25,12418.36068392463,12409.68724660174,70.72187355590152
48,-114.25,41239.02597627983,38821.573501695566,3092.2041588426655
47.75,-114.25,14876.352490077388,14871.682224540431,22.239359699332294
47.5,-114.25,1619.025065280439,1617.2459168570501,2.001541976308234
47.25,-114.25,45541.69330349354,42122.191121970245,4343.541695325892
47,-114.25,61480.82109786278,60521.17363439888,2423.2488440098814
46.75,-114.25,79282.19241677561,67794.73987973848,18468.792027544583
46.5,-114.25,50117.18163178175,40134.087777415916,17094.17732678335
46.25,-114.25,33818.757374620116,28282.227414989586,12351.610260209554
46,-114.25,57731.39430671996,50572.12497052347,20172.58460730554
45.75,-114.25,90187.90913647012,86419.47891001057,22045.483618690185
45.5,-114.25,63947.923138897,62236.575222427164,5415.154050438391
45.25,-114.25,63130.035525186555,59194.360356836274,6015.042452300785
45,-114.25,83723.24519790174,82232.27385272256,2226.893806575023
44.75,-114.25,53432.20569195622,51811.16094700121,2218.1781158158633
44.5,-114.25,13286.508484380396,13212.895938838163,197.93101369363015
44.25,-114.25,10167.410452907397,10074.227352601865,204.82490544485142
44,-114.25,39916.75516868615,38430.24340129042,4451.084158087875
43.75,-114.25,46214.77802504772,44581.75564362876,6876.796687762388
43.5,-114.25,15538.884120309278,15532.21220784881,415.66014628392657
43.25,-114.25,2.668707485164701,2.668707485164701,0
43,-114.25,0.44479699869646805,0.44479699869646805,0
42.75,-114.25,0,0,0
42.5,-114.25,0.22239184225757222,0.22239184225757222,0
42.25,-114.25,1025.9235359911017,1025.9235359911017,0
42,-114.25,259.531362761513,259.531362761513,0
41.75,-114.25,0,0,0
41.5,-114.25,0,0,0
41.25,-114.25,0.22239376266571742,0,0.22239376266571742
41,-114.25,18.681252427363656,18.681252427363656,0
40.75,-114.25,31.580120778843245,31.357725562090152,0.22239521675242124
40.5,-114.25,471.69637776050854,271.76472118026516,208.60499874557087
40.25,-114.25,4.892700474034778,4.892700474034778,0
40,-114.25,4.89271270125006,4.89271270125006,0
39.75,-114.25,318.90970831914694,277.5448507547387,63.38163659062444
39.5,-114.25,574.0039944870352,81.1745284725938,499.50134506698237
39.25,-114.25,3375.4736062339434,541.080991169271,2958.2652464174407
39,-114.25,8202.702322447334,1371.527945734693,7397.621867840613
38.75,-114.25,1350.3722810394606,317.80006416426073,1103.0709015078594
38.5,-114.25,48.03733203262015,48.03733203262015,0
38.25,-114.25,216.60932248101577,213.27344995820684,3.3358725228082404
38,-114.25,21.127887517004243,21.127887517004243,0
37.75,-114.25,0,0,0
37.5,-114.25,0,0,0
37.25,-114.25,0,0,0
37,-114.25,0,0,0
36.75,-114.25,0,0,0
36.5,-114.25,0,0,0
36.25,-114.25,0,0,0
36,-114.25,0,0,0
35.75,-114.25,0,0,0
35.5,-114.25,0,0,0
35.25,-114.25,0,0,0
35,-114.25,0,0,0
34.75,-114.25,0,0,0
34.5,-114.25,0,0,0
34.25,-114.25,0,0,0
34,-114.25,0,0,0
33.75,-114.25,0,0,0
33.5,-114.25,0,0,0
33.25,-114.25,0,0,0
33,-114.25,0,0,0
32.75,-114.25,0,0,0
32.5,-114.25,0,0,0
32.25,-114.25,0,0,0
32,-114.25,0,0,0
31.75,-114.25,0,0,0
31.5,-114.25,0,0,0
31.25,-114.25,0,0,0
31,-114.25,0,0,0
30.75,-114.25,0,0,0
30.5,-114.25,0,0,0
30.25,-114.25,0,0,0
48.75,-114,58936.109171782024,23291.24539614788,43191.18369449223
48.5,-114,64174.27804928484,47005.167847999706,34649.795685170204
48.25,-114,89853.69712357553,53515.99786556918,56745.40769545993
48,-114,55982.1372293809,45957.94871621334,16844.346234543784
47.75,-114,66278.86485921648,39328.133005972646,33612.13328577789
47.5,-114,57896.310787928815,37950.516875102076,24546.052003128683
47.25,-114,66059.16216327195,60302.926238091284,13990.613368511787
47,-114,70111.47486060156,59302.17028233929,31984.45736640062
46.75,-114,45443.15830606748,45048.40458914671,4822.000050858665
46.5,-114,23336.99092762354,23275.38758758484,1025.9068866357948
46.25,-114,54347.34498886188,50909.354015260746,8969.822752976037
46,-114,73548.9028364999,70375.95563286061,12699.572732138085
45.75,-114,72267.72915542769,64764.165014951956,14312.592690829651
45.5,-114,71354.09691162576,68771.6141372279,5284.615542993553
45.25,-114,61633.075588074105,56588.29709874626,7189.765640163995
45,-114,53619.73764009855,51893.51221035332,2534.8515135579255
44.75,-114,17824.481247300057,17461.310889002336,673.4108052206471
44.5,-114,8949.150551721,8907.785193802993,119.2033970109942
44.25,-114,11389.094800771698,11310.144406241732,177.4715910842553
44,-114,16083.549750114371,16036.179781962059,250.4158879788266
43.75,-114,40584.18509471486,39096.80774776164,7646.605161527025
43.5,-114,13262.839722181272,13245.493083377674,663.8425234453625
43.25,-114,2.6687415607672644,2.6687415607672644,0
43,-114,0,0,0
42.75,-114,0,0,0
42.5,-114,0,0,0
42.25,-114,10.230130728605399,10.230130728605399,0
42,-114,10.674962171060358,10.674962171060358,0
41.75,-114,0,0,0
41.5,-114,0,0,0
41.25,-114,0,0,0
41,-114,0.6671845019303229,0,0.6671845019303229
40.75,-114,0,0,0
40.5,-114,0,0,0
40.25,-114,0,0,0
40,-114,906.0414338587608,781.9444480725094,194.81892392250302
39.75,-114,2363.6255637004137,1596.581475517996,1020.3532260310037
39.5,-114,0,0,0
39.25,-114,84.51017191352719,61.825862610422575,23.129099681596436
39,-114,0,0,0
38.75,-114,0,0,0
38.5,-114,0,0,0
38.25,-114,85.40023505315258,54.48712913547481,34.69384549034338
38,-114,79.17269209181379,79.17269209181379,0
37.75,-114,0,0,0
37.5,-114,0,0,0
37.25,-114,0,0,0
37,-114,0,0,0
36.75,-114,0,0,0
36.5,-114,0,0,0
36.25,-114,0,0,0
36,-114,0,0,0
35.75,-114,0,0,0
35.5,-114,0,0,0
35.25,-114,0,0,0
35,-114,0,0,0
34.75,-114,0,0,0
34.5,-114,0,0,0
34.25,-114,0,0,0
34,-114,0,0,0
33.75,-114,0,0,0
33.5,-114,0,0,0
33.25,-114,0,0,0
33,-114,0,0,0
32.75,-114,0,0,0
32.5,-114,0,0,0
32.25,-114,0,0,0
32,-114,0,0,0
31.75,-114,0,0,0
31.5,-114,0,0,0
31.25,-114,0,0,0
31,-114,0,0,0
30.75,-114,0,0,0
30.5,-114,0,0,0
30.25,-114,0,0,0
48.75,-113.75,50848.52222413963,17791.78986469351,41662.291150140125
48.5,-113.75,83816.34423374136,58948.76791453031,42163.70432745385
48.25,-113.75,82006.6348655529,51225.09658912563,45520.4709238656
48,-113.75,93290.81915035771,53590.18026653059,54019.85000668144
47.75,-113.75,91089.26594803907,66688.9614853171,32667.621153972374
47.5,-113.75,86077.49820617863,72387.7935962208,16608.407633238763
47.25,-113.75,85806.08269369624,43736.46745464942,61153.349544697
47,-113.75,88226.69573355265,70334.896778237,48155.515572336815
46.75,-113.75,91535.00560287244,90544.23945032513,7943.253573632424
46.5,-113.75,90923.84562862506,88427.69982331226,10082.658800380033
46.25,-113.75,58726.92766424972,45421.931282885176,21856.07970405805
46,-113.75,85448.25755609373,65065.78608795713,34755.83896388861
45.75,-113.75,46054.035570200445,39106.66655788425,10836.596877721297
45.5,-113.75,56212.8847511911,46043.36987139319,14751.76791593318
45.25,-113.75,26284.840502877632,21727.74881369523,5973.524121391771
45,-113.75,29512.99601312739,29284.151034434017,654.7323783026048
44.75,-113.75,31335.739348141207,28907.420815101577,3811.6083283969933
44.5,-113.75,11849.3279540107,11592.903871222143,583.1257112503013
44.25,-113.75,19411.249978095308,19085.21979503682,1187.3636748628114
44,-113.75,13545.164047427457,13334.333989355,546.6458678714201
43.75,-113.75,21690.213229531877,20739.69573396106,2418.1040545955193
43.5,-113.75,18972.381454979666,18945.91632945773,641.3901008822182
43.25,-113.75,0,0,0
43,-113.75,0,0,0
42.75,-113.75,0,0,0
42.5,-113.75,116.75663783804237,116.75663783804237,0
42.25,-113.75,3498.938096150701,3498.938096150701,0
42,-113.75,256.4218883985856,256.4218883985856,0
41.75,-113.75,225.06434013792077,225.06434013792077,0
41.5,-113.75,0,0,0
41.25,-113.75,0,0,0
41,-113.75,0,0,0
40.75,-113.75,0,0,0
40.5,-113.75,0,0,0
40.25,-113.75,0,0,0
40,-113.75,370.0675590709026,269.98919273562245,128.32270527879152
39.75,-113.75,219.05848366491784,170.5765045390774,71.83339109012033
39.5,-113.75,0,0,0
39.25,-113.75,0,0,0
39,-113.75,0,0,0
38.75,-113.75,0,0,0
38.5,-113.75,0,0,0
38.25,-113.75,25.57555332260319,19.79325431053529,5.782299012066839
38,-113.75,0,0,0
37.75,-113.75,0,0,0
37.5,-113.75,0,0,0
37.25,-113.75,0,0,0
37,-113.75,0,0,0
36.75,-113.75,0,0,0
36.5,-113.75,0,0,0
36.25,-113.75,0,0,0
36,-113.75,0,0,0
35.75,-113.75,0,0,0
35.5,-113.75,0,0,0
35.25,-113.75,0,0,0
35,-113.75,0,0,0
34.75,-113.75,0,0,0
34.5,-113.75,0,0,0
34.25,-113.75,0,0,0
34,-113.75,0,0,0
33.75,-113.75,0,0,0
33.5,-113.75,0,0,0
33.25,-113.75,0,0,0
33,-113.75,0,0,0
32.75,-113.75,0,0,0
32.5,-113.75,0,0,0
32.25,-113.75,0,0,0
32,-113.75,0,0,0
31.75,-113.75,0,0,0
31.5,-113.75,0,0,0
31.25,-113.75,0,0,0
31,-113.75,0,0,0
30.75,-113.75,0,0,0
30.5,-113.75,0,0,0
30.25,-113.75,0,0,0
48.75,-113.5,35350.60809335477,18229.620618491288,19429.43522428323
48.5,-113.5,48842.76584817081,20546.249063837728,33644.02137095855
48.25,-113.5,93508.50578071974,63521.92107878862,46245.19150138284
48,-113.5,80673.12963708559,50443.946239656834,36876.99728230695
47.75,-113.5,79672.11415844526,40936.1308068038,46020.06599582708
47.5,-113.5,72357.72511062141,29187.503500001687,50293.572827884505
47.25,-113.5,87475.82181849911,69191.46980831523,41850.34112129548
47,-113.5,77947.48951581315,77074.81602772615,12569.033518401831
46.75,-113.5,85621.23490350446,85528.49589402453,2540.2037560691097
46.5,-113.5,91889.0542857529,89253.00955839673,10402.735861538256
46.25,-113.5,56331.89563800384,55853.30425783902,3492.916457652609
46,-113.5,59007.13674503239,42080.092105505275,24480.96515437601
45.75,-113.5,23477.855776803546,19496.752637021073,5675.979796297936
45.5,-113.5,4866.006494959696,4606.693717394653,314.68917689067416
45.25,-113.5,20219.878748716757,14930.227344299363,5545.849782297968
45,-113.5,45855.213516955744,43037.897949859864,4636.51680950542
44.75,-113.5,19766.62081808113,19237.544964679248,1049.0335437145015
44.5,-113.5,47389.79974939545,44387.03059558496,4766.134330863138
44.25,-113.5,14644.765958896778,14602.510749600073,203.49219213956738
44,-113.5,19671.117998833444,19527.005614990914,773.2696892284274
43.75,-113.5,5943.456904750026,5943.234511601118,132.99110305109403
43.5,-113.5,661.3993823727851,660.5098068753093,8.673361100382852
43.25,-113.5,0,0,0
43,-113.5,0,0,0
42.75,-113.5,0.6671791307321692,0.6671791307321692,0
42.5,-113.5,7.116639961645705,7.116639961645705,0
42.25,-113.5,521.0768516613067,521.0768516613067,0
42,-113.5,1019.4525063960634,1019.4525063960634,0
41.75,-113.5,57.15566740656581,57.15566740656581,0
41.5,-113.5,0,0,0
41.25,-113.5,0,0,0
41,-113.5,0,0,0
40.75,-113.5,0,0,0
40.5,-113.5,0,0,0
40.25,-113.5,0,0,0
40,-113.5,0,0,0
39.75,-113.5,0,0,0
39.5,-113.5,0,0,0
39.25,-113.5,0,0,0
39,-113.5,0,0,0
38.75,-113.5,0,0,0
38.5,-113.5,1.111975278532891,0.8895802228263128,0.2223950557065782
38.25,-113.5,26.020191301615665,24.463427719467386,1.556763582147949
38,-113.5,0,0,0
37.75,-113.5,0,0,0
37.5,-113.5,61.825865332413144,29.356166272944403,32.46969905946874
37.25,-113.5,336.03779768694756,9.118166581843068,326.91963110510574
37,-113.5,0,0,0
36.75,-113.5,0,0,0
36.5,-113.5,0,0,0
36.25,-113.5,0,0,0
36,-113.5,0,0,0
35.75,-113.5,0,0,0
35.5,-113.5,0,0,0
35.25,-113.5,0,0,0
35,-113.5,0,0,0
34.75,-113.5,0,0,0
34.5,-113.5,0,0,0
34.25,-113.5,0,0,0
34,-113.5,0,0,0
33.75,-113.5,0,0,0
33.5,-113.5,0,0,0
33.25,-113.5,0,0,0
33,-113.5,0,0,0
32.75,-113.5,0,0,0
32.5,-113.5,0,0,0
32.25,-113.5,0,0,0
32,-113.5,0,0,0
31.75,-113.5,0,0,0
31.5,-113.5,0,0,0
31.25,-113.5,0,0,0
31,-113.5,0,0,0
30.75,-113.5,0,0,0
30.5,-113.5,0,0,0
30.25,-113.5,0,0,0
48.75,-113.25,3216.5043317943196,2145.8929888324287,1182.031426639478
48.5,-113.25,20890.221998903067,10518.834915355814,11635.92459736841
48.25,-113.25,60043.55082246796,16845.75809171392,48185.001797868004
48,-113.25,75675.65391577192,38473.09991478962,47919.79670820748
47.75,-113.25,61990.427756936384,31232.17507461455,35998.308715732615
47.5,-113.25,65476.45082901417,48886.165452154404,22754.65345744907
47.25,-113.25,63201.17701770894,44016.161793138825,30318.711201984792
47,-113.25,81137.19387016507,79422.51096377321,18347.10709839374
46.75,-113.25,68857.46922234498,68356.41509401973,3092.6137188154835
46.5,-113.25,49088.216197607406,48405.91031930463,3502.2662879765944
46.25,-113.25,63206.744039929275,50269.388137481095,25107.228346602147
46,-113.25,55773.34049139774,45092.818621671184,17968.629775875714
45.75,-113.25,56143.610695869196,43614.594784768844,15599.388733022844
45.5,-113.25,35467.07940481207,23841.835535891314,12925.80871397359
45.25,-113.25,30806.12663049849,25027.42034716848,7429.765221424299
45,-113.25,13631.265527577694,11994.882062061013,1907.9279356711056
44.75,-113.25,29103.98508942744,28692.331364238784,775.0476673593956
44.5,-113.25,20042.568777486405,19338.239982662868,1340.8267458135826
44.25,-113.25,22268.9039579557,22195.95824131966,662.0713366639469
44,-113.25,21077.804568913372,21061.569659933033,281.5533530033381
43.75,-113.25,16179.624475819286,16176.955745149244,275.3240474634963
43.5,-113.25,0,0,0
43.25,-113.25,0,0,0
43,-113.25,0,0,0
42.75,-113.25,0,0,0
42.5,-113.25,0,0,0
42.25,-113.25,219.5033671858435,219.5033671858435,0
42,-113.25,1823.8617659347071,1823.8617659347071,0
41.75,-113.25,11.786929683724843,11.786929683724843,0
41.5,-113.25,0,0,0
41.25,-113.25,0,0,0
41,-113.25,0,0,0
40.75,-113.25,0,0,0
40.5,-113.25,0,0,0
40.25,-113.25,0,0,0
40,-113.25,0,0,0
39.75,-113.25,0,0,0
39.5,-113.25,14.233277590712447,0,14.233277590712447
39.25,-113.25,0,0,0
39,-113.25,0,0,0
38.75,-113.25,0,0,0
38.5,-113.25,0.22239340210600758,0,0.22239340210600758
38.25,-113.25,0,0,0
38,-113.25,0,0,0
37.75,-113.25,0,0,0
37.5,-113.25,143.8899049050002,142.33313622751137,1.7791642028438994
37.25,-113.25,0,0,0
37,-113.25,0,0,0
36.75,-113.25,0,0,0
36.5,-113.25,0,0,0
36.25,-113.25,0,0,0
36,-113.25,0,0,0
35.75,-113.25,0,0,0
35.5,-113.25,0,0,0
35.25,-113.25,0,0,0
35,-113.25,0,0,0
34.75,-113.25,0,0,0
34.5,-113.25,0,0,0
34.25,-113.25,0,0,0
34,-113.25,0,0,0
33.75,-113.25,0,0,0
33.5,-113.25,0,0,0
33.25,-113.25,0,0,0
33,-113.25,0,0,0
32.75,-113.25,0,0,0
32.5,-113.25,0,0,0
32.25,-113.25,0,0,0
32,-113.25,0,0,0
31.75,-113.25,0,0,0
31.5,-113.25,0,0,0
31.25,-113.25,0,0,0
31,-113.25,0,0,0
30.75,-113.25,0,0,0
30.5,-113.25,0,0,0
30.25,-113.25,0,0,0
48.75,-113,0,0,0
48.5,-113,66.05186988108827,66.05186988108827,0
48.25,-113,17321.815282670053,8474.763955637705,9733.95815924388
48,-113,49507.30687598371,18911.34198912574,37665.89564283279
47.75,-113,56641.56741258645,32274.09325494151,30121.30092646965
47.5,-113,56541.97607779702,42487.76718140544,17756.62949465293
47.25,-113,61056.26729974597,47009.31602802658,25648.218063290842
47,-113,53948.17089628371,51227.62223141891,16805.22029432747
46.75,-113,55122.519444962454,54973.51381660363,1181.814789699426
46.5,-113,57533.32230791302,47919.230605666875,19425.002075704193
46.25,-113,44169.55126869784,33499.561183759564,16269.855655381874
46,-113,50300.979811781806,42748.17127957952,10531.587645900898
45.75,-113,69372.26979681606,62041.51778337594,9741.273539808417
45.5,-113,44650.79835983771,34431.44977148129,11749.882352258586
45.25,-113,18740.764358207045,17724.420157359742,1159.7888418860057
45,-113,7254.505735414951,7238.270943303203,52.26268693508621
44.75,-113,35762.50077400138,35671.09630017515,321.58362324295126
44.5,-113,16066.71320517379,15957.961990438502,477.7047223951225
48.75,-126.5,0,0,0
44.25,-113,14628.531062693348,14623.860750086806,201.49062959393336
44,-113,24134.22039383862,24125.76941360479,337.37202669971595
43.75,-113,3620.8061630554607,3620.8061630554607,11.78691275977761
43.5,-113,98.29888012102634,98.29888012102634,0
43.25,-113,0,0,0
43,-113,0,0,0
42.75,-113,0,0,0
42.5,-113,6885.783093540493,6885.783093540493,0
42.25,-113,1683.7619513651025,1683.7619513651025,0
42,-113,471.03049459835063,471.03049459835063,0
48.5,-126.5,0,0,0
41.75,-113,0,0,0
41.5,-113,0,0,0
41.25,-113,0,0,0
41,-113,0,0,0
40.75,-113,0,0,0
40.5,-113,0,0,0
40.25,-113,0,0,0
40,-113,0,0,0
39.75,-113,0,0,0
39.5,-113,0,0,0
48.25,-126.5,0,0,0
39.25,-113,0,0,0
39,-113,0,0,0
38.75,-113,0,0,0
38.5,-113,0,0,0
38.25,-113,0.22239512704799547,0,0.22239512704799547
38,-113,0,0,0
37.75,-113,4269.554030738422,3035.479891944414,1874.129170592389
37.5,-113,4696.298745622009,1727.7806958723934,3329.9086573944364
37.25,-113,4.892703373073912,4.670307765206907,0.22239560786699583
37,-113,0,0,0
48,-126.5,0,0,0
36.75,-113,0,0,0
36.5,-113,0,0,0
36.25,-113,0,0,0
36,-113,0,0,0
35.75,-113,0,0,0
35.5,-113,0,0,0
35.25,-113,0,0,0
35,-113,0,0,0
34.75,-113,0,0,0
34.5,-113,0,0,0
47.75,-126.5,0,0,0
34.25,-113,0,0,0
34,-113,0,0,0
33.75,-113,0,0,0
33.5,-113,0,0,0
33.25,-113,0,0,0
33,-113,0,0,0
32.75,-113,0,0,0
32.5,-113,0,0,0
32.25,-113,0,0,0
32,-113,0,0,0
47.5,-126.5,0,0,0
31.75,-113,0,0,0
31.5,-113,0,0,0
31.25,-113,0,0,0
31,-113,0,0,0
30.75,-113,0,0,0
30.5,-113,0,0,0
30.25,-113,0,0,0
48.75,-112.75,0,0,0
48.5,-112.75,0,0,0
47.25,-126.5,0,0,0
48.25,-112.75,2983.6364245108666,2860.430209604853,210.60701356676952
48,-112.75,34989.879713027294,28284.6647958599,9820.526710191554
47.75,-112.75,43482.02930874268,37573.21300783795,8744.131857389104
47.5,-112.75,49144.64285726559,43740.66475623032,7347.711118980535
47.25,-112.75,56991.819936384476,43429.783905866905,27867.535483848904
47,-112.75,72053.08612541237,65425.27058741378,16829.74098510305
46.75,-112.75,70621.53410400907,68512.33322653046,10062.96091355413
46.5,-112.75,17693.220163018777,17660.528248139442,964.9674738849418
46.25,-112.75,15250.062044310658,15249.617254540979,198.153842406241
46,-112.75,53232.165718949414,52675.06707162069,1710.8821931737566
47,-126.5,0,0,0
45.75,-112.75,44098.96700045295,43539.42067221244,1111.7536148149134
45.5,-112.75,28108.128354408593,28046.079996883524,207.93983615036305
45.25,-112.75,3665.504916863896,3663.7257614619584,2.223944252435319
45,-112.75,13031.26484600581,13025.927353791394,20.237991313020913
44.75,-112.75,12736.57960105382,12736.57960105382,6.67185940338073
44.5,-112.75,28078.45039635664,28008.173652265257,510.39597370114774
44.25,-112.75,28992.58643070045,28967.45574173749,557.9902531709236
44,-112.75,2078.957933550718,2078.957933550718,5.782296349199679
43.75,-112.75,0,0,0
43.5,-112.75,0,0,0
46.75,-126.5,0,0,0
43.25,-112.75,0,0,0
43,-112.75,0,0,0
42.75,-112.75,1854.1025467672644,1854.1025467672644,0
42.5,-112.75,13102.965218035835,13102.965218035835,0
42.25,-112.75,795.9574019878128,795.9574019878128,0
42,-112.75,0,0,0
41.75,-112.75,0,0,0
41.5,-112.75,0,0,0
41.25,-112.75,0,0,0
41,-112.75,0,0,0
46.5,-126.5,0,0,0
40.75,-112.75,0,0,0
40.5,-112.75,4.892714433450204,1.7791688848909928,3.113545548559226
40.25,-112.75,0,0,0
40,-112.75,0.22239468084944886,0.22239468084944886,0
39.75,-112.75,0,0,0
39.5,-112.75,0,0,0
39.25,-112.75,0,0,0
39,-112.75,0,0,0
38.75,-112.75,0,0,0
38.5,-112.75,2.223950557065782,0.8895802228263128,1.334370334239469
46.25,-126.5,0,0,0
38.25,-112.75,1.5567681965308393,1.5567681965308393,0
38,-112.75,311.79807391214405,302.2350802044258,36.91760361584462
37.75,-112.75,16433.2683841715,5924.623365916856,12648.092344835713
37.5,-112.75,10431.623287500384,825.527344970823,10000.845683187761
37.25,-112.75,0.4447905652347504,0.4447905652347504,0
37,-112.75,0,0,0
36.75,-112.75,0,0,0
36.5,-112.75,0,0,0
36.25,-112.75,0,0,0
36,-112.75,0,0,0
46,-126.5,0,0,0
35.75,-112.75,0,0,0
35.5,-112.75,0,0,0
35.25,-112.75,0,0,0
35,-112.75,0,0,0
34.75,-112.75,0,0,0
34.5,-112.75,0,0,0
34.25,-112.75,0,0,0
34,-112.75,0,0,0
33.75,-112.75,0,0,0
33.5,-112.75,0,0,0
45.75,-126.5,0,0,0
33.25,-112.75,0,0,0
33,-112.75,0,0,0
32.75,-112.75,0,0,0
32.5,-112.75,0,0,0
32.25,-112.75,0,0,0
32,-112.75,0,0,0
31.75,-112.75,0,0,0
31.5,-112.75,0,0,0
31.25,-112.75,0,0,0
31,-112.75,0,0,0
45.5,-126.5,0,0,0
30.75,-112.75,0,0,0
30.5,-112.75,0,0,0
30.25,-112.75,0,0,0
48.75,-112.5,0,0,0
48.5,-112.5,0,0,0
48.25,-112.5,0,0,0
48,-112.5,68.72047086264001,68.72047086264001,0
47.75,-112.5,13.343569726068802,13.343569726068802,0
47.5,-112.5,296.67401958677624,296.67401958677624,0.2223943175313171
45.25,-126.5,0,0,0
47.25,-112.5,37580.63191232703,35299.52018068424,5424.451228088181
47,-112.5,88187.6983556581,87453.12519649499,7105.54418264031
46.75,-112.5,82398.24507482069,79939.68138272894,12535.894906904317
46.5,-112.5,61202.46562498423,60249.72499649829,2879.3494204030917
46.25,-112.5,86810.8078850505,83485.12036394613,6333.12849662245
46,-112.5,52467.16890579917,52265.01113684821,559.1030045574279
45.75,-112.5,66454.80317521105,66279.11272082457,551.9793769460032
45.5,-112.5,2436.1329337088714,2436.1329337088714,6.449502928387532
45.25,-112.5,2138.551852536506,2138.551852536506,0
45,-112.5,16094.514136447386,16008.44721593168,144.11205295662472
45,-126.5,0,0,0
44.75,-112.5,1196.2585184736697,1191.143451374787,5.1150670988835145
44.5,-112.5,16184.661734920777,15831.496554567157,1099.3044625238917
44.25,-112.5,453.021792957975,452.13220671750815,2.446362161285089
44,-112.5,0.2223938573302915,0.2223938573302915,0
43.75,-112.5,0,0,0
43.5,-112.5,0,0,0
43.25,-112.5,0.22239619494521504,0.22239619494521504,0
43,-112.5,1.334359178158407,1.334359178158407,0
42.75,-112.5,5182.696722362692,5176.914448298962,191.70462472865765
42.5,-112.5,516.8451621144662,516.8451621144662,2.2239464806990856
44.75,-126.5,0,0,0
42.25,-112.5,1683.9764115598487,1683.9764115598487,0
42,-112.5,35.80549022553319,35.80549022553319,0
41.75,-112.5,0,0,0
41.5,-112.5,0.2223956222446872,0.2223956222446872,0
41.25,-112.5,0,0,0
41,-112.5,0,0,0
40.75,-112.5,1.7791590022018429,1.7791590022018429,0
40.5,-112.5,21.12763050807942,14.455747189739256,6.671883318341196
40.25,-112.5,9.785356202739633,9.340567284433286,0.44478891830634687
40,-112.5,7.116705444958114,5.5599261288735295,1.5567793160845864
44.5,-126.5,0,0,0
39.75,-112.5,0,0,0
39.5,-112.5,0,0,0
39.25,-112.5,0,0,0
39,-112.5,0,0,0
38.75,-112.5,19.793094700902994,19.125911733456793,0.6671829674461914
38.5,-112.5,3906.7790850878387,1887.2276038057378,2462.7808725600726
38.25,-112.5,10552.075424719778,1665.3095196809415,9385.825007891934
38,-112.5,1356.1659448760743,1038.8079909013034,491.49339753626225
37.75,-112.5,1538.3092902642593,891.3609419371363,931.1697265196591
37.5,-112.5,2281.542303894313,1449.5655265409011,999.6620193006063
44.25,-126.5,0,0,0
37.25,-112.5,0,0,0
37,-112.5,0,0,0
36.75,-112.5,0,0,0
36.5,-112.5,0,0,0
36.25,-112.5,0,0,0
36,-112.5,0,0,0
35.75,-112.5,0,0,0
35.5,-112.5,0,0,0
35.25,-112.5,0.667185788608982,0.667185788608982,0
35,-112.5,0,0,0
44,-126.5,0,0,0
34.75,-112.5,0,0,0
34.5,-112.5,0,0,0
34.25,-112.5,0,0,0
34,-112.5,0,0,0
33.75,-112.5,0,0,0
33.5,-112.5,0,0,0
33.25,-112.5,0,0,0
33,-112.5,0,0,0
32.75,-112.5,0,0,0
32.5,-112.5,0,0,0
43.75,-126.5,0,0,0
32.25,-112.5,0,0,0
32,-112.5,0,0,0
31.75,-112.5,0,0,0
31.5,-112.5,0,0,0
31.25,-112.5,0,0,0
31,-112.5,0,0,0
30.75,-112.5,0,0,0
30.5,-112.5,0,0,0
30.25,-112.5,0,0,0
43.5,-126.5,0,0,0
48.75,-112.25,0,0,0
48.5,-112.25,0,0,0
48.25,-112.25,0,0,0
48,-112.25,0,0,0
47.75,-112.25,0,0,0
47.5,-112.25,0,0,0
47.25,-112.25,5391.935340918806,5391.935340918806,10.230110360167684
47,-112.25,63193.41493007065,63177.84720112265,372.7359102397281
46.75,-112.25,34128.50696080864,34086.91910475801,1199.5983718556845
46.5,-112.25,79275.93720889412,77404.93035060949,3828.525266298548
43.25,-126.5,0,0,0
46.25,-112.25,87783.1916106402,86499.08785997242,2175.4594542833806
46,-112.25,59294.29878898262,58624.00013379565,893.138486805245
45.75,-112.25,14323.585380229923,14296.008375181522,96.07472726546118
45.5,-112.25,13341.887285139057,13071.233250834246,798.6184364737696
45.25,-112.25,31969.304159954514,31943.506321467175,537.7514953653574
45,-112.25,1498.5034018300835,1227.625226788672,639.3881389524333
44.75,-112.25,18875.042383323547,17433.2606441035,4043.7941329999567
44.5,-112.25,30308.05663233467,28906.297893314957,6990.779660851239
44.25,-112.25,4442.349664045125,4196.380265875712,962.5276268329053
44,-112.25,0,0,0
43,-126.5,0,0,0
43.75,-112.25,0.2223938646417153,0.2223938646417153,0
43.5,-112.25,0,0,0
43.25,-112.25,0.44478671056894803,0.44478671056894803,0
43,-112.25,5897.73892681996,5245.449312869095,2411.6701580917756
42.75,-112.25,14279.012972084633,13870.920444847656,3733.1014507898303
42.5,-112.25,3497.150325663555,3441.106962734,1446.0077213013988
42.25,-112.25,7663.071211452398,7533.414813150841,3785.16620770583
42,-112.25,700.1006979000413,698.0991393609362,52.930103589647345
41.75,-112.25,1.1119762317837534,1.1119762317837534,0
41.5,-112.25,0,0,0
42.75,-126.5,0,0,0
41.25,-112.25,0,0,0
41,-112.25,0,0,0
40.75,-112.25,6.449471188689207,0.8895822329226503,5.5598889557665565
40.5,-112.25,60.26906937502952,26.02022552353658,34.24884385149293
40.25,-112.25,5.115111543315631,2.0015653865148146,3.1135461568008167
40,-112.25,2.0015521276450365,2.0015521276450365,0
39.75,-112.25,0,0,0
39.5,-112.25,1.5567576941055887,1.5567576941055887,0
39.25,-112.25,16.902034382705143,11.119759462306302,5.782274920399272
39,-112.25,3294.8053857695236,2466.822905093176,960.753241074878
42.5,-126.5,0,0,0
38.75,-112.25,1636.5924927815254,1016.1151106833496,702.54051973051
38.5,-112.25,4527.087218380546,3031.476020521968,2043.1494534909673
38.25,-112.25,4652.499162647869,1298.5632223088398,3615.027432544993
38,-112.25,5914.609146862935,3333.2642185817476,3427.559923724444
37.75,-112.25,155.67658203809273,126.32042656805214,30.023340821632246
37.5,-112.25,4509.271822893128,1179.1358850354793,3690.1927084861713
37.25,-112.25,0,0,0
37,-112.25,0,0,0
36.75,-112.25,0,0,0
36.5,-112.25,0.22239361994895723,0.22239361994895723,0
42.25,-126.5,0,0,0
36.25,-112.25,1.77916004291182,1.77916004291182,0
36,-112.25,0,0,0
35.75,-112.25,0,0,0
35.5,-112.25,0,0,0
35.25,-112.25,1028.3542289124834,1028.3542289124834,2.6687393483887996
35,-112.25,0,0,0
34.75,-112.25,0,0,0
34.5,-112.25,0,0,0
34.25,-112.25,0,0,0
34,-112.25,0,0,0
42,-126.5,0,0,0
33.75,-112.25,0,0,0
33.5,-112.25,0,0,0
33.25,-112.25,0,0,0
33,-112.25,0,0,0
32.75,-112.25,0,0,0
32.5,-112.25,0,0,0
32.25,-112.25,0,0,0
32,-112.25,0,0,0
31.75,-112.25,0,0,0
31.5,-112.25,0,0,0
41.75,-126.5,0,0,0
31.25,-112.25,0,0,0
31,-112.25,0,0,0
30.75,-112.25,0,0,0
30.5,-112.25,0,0,0
30.25,-112.25,0,0,0
48.75,-112,0,0,0
48.5,-112,0,0,0
48.25,-112,0,0,0
48,-112,0,0,0
41.5,-126.5,0,0,0
47.75,-112,0,0,0
47.5,-112,0,0,0
47.25,-112,5529.180637423074,5528.735847732984,10.452557716952946
47,-112,19086.605359293044,19085.048594352258,142.11039959670754
46.75,-112,3508.5087128924424,3507.619131575774,25.575462853867492
46.5,-112,37713.12613193372,37682.65815684223,81.84098418752114
46.25,-112,53936.673627852346,52542.26004236858,1926.1588618620929
46,-112,24328.05667590977,24272.457822539895,170.57728213859272
45.75,-112,42178.95899164986,40461.18131155458,4685.414314376814
45.5,-112,59810.09369254976,53517.44299357304,14899.982736527307
41.25,-126.5,0,0,0
45.25,-112,45325.097870668906,44220.90408189208,6061.167677607944
45,-112,47412.7095875103,43654.46641084637,10245.48818898932
44.75,-112,24020.69540999163,15712.896080901975,15830.98799234186
44.5,-112,65531.391485284665,56416.97219388834,34713.65461762322
44.25,-112,81.17461272981765,81.17461272981765,3.3359429888966536
44,-112,0,0,0
43.75,-112,1.5567620626121335,1.5567620626121335,0
43.5,-112,0.44478917434162524,0.44478917434162524,0
43.25,-112,5385.5032783222205,5385.5032783222205,0
43,-112,5482.053291536046,5170.921747728381,1103.0825284388966
41,-126.5,0,0,0
42.75,-112,22146.226865383305,21969.423555936966,4085.8244039608185
42.5,-112,29923.152707028974,28811.84840322351,9593.867592928447
42.25,-112,5960.219296867638,5819.664871657927,2387.6460586257826
42,-112,967.6378134863065,966.970630438627,109.19562547041456
41.75,-112,3539.8706541257748,3149.343992779741,2164.3539112868098
41.5,-112,7616.38287501378,6722.797264834625,4112.3174509264945
41.25,-112,6666.992412089291,6318.052819902755,3777.6213593885163
41,-112,1208.045014540955,1181.3577167234068,482.3729080521587
40.75,-112,0,0,0
40.5,-112,0,0,0
40.75,-126.5,0,0,0
40.25,-112,2.0015653865148146,2.0015653865148146,0
40,-112,0,0,0
39.75,-112,0,0,0
39.5,-112,0,0,0
39.25,-112,394.9726691219233,295.5623182787361,133.21431802028803
39,-112,1881.0246707275498,1494.9453578423415,455.4668391641057
38.75,-112,4337.591810788623,1362.8364754159516,3428.441107214802
38.5,-112,11419.986110532791,3180.0269015483573,9028.349681464246
38.25,-112,801.5144136360062,537.7530111464657,304.45983137283423
38,-112,2417.4394219364663,445.6806441178172,2069.6128114572853
40.5,-126.5,0,0,0
37.75,-112,2947.4024882155013,904.2585465241239,2424.1067774503117
37.5,-112,0,0,0
37.25,-112,0,0,0
37,-112,0,0,0
36.75,-112,0,0,0
36.5,-112,2.2239426419467003,2.2239426419467003,0
36.25,-112,22.23946842548935,22.23946842548935,0
36,-112,0,0,0
35.75,-112,0,0,0
35.5,-112,203.9357732939471,203.9357732939471,9.562964287502421
40.25,-126.5,0,0,0
35.25,-112,1262.091316842202,1262.091316842202,0.889579782796267
35,-112,80.50729702829376,80.50729702829376,0
34.75,-112,0.22239438396731487,0.22239438396731487,0
34.5,-112,0,0,0
34.25,-112,0,0,0
34,-112,0,0,0
33.75,-112,0,0,0
33.5,-112,0,0,0
33.25,-112,0,0,0
33,-112,0,0,0
40,-126.5,0,0,0
32.75,-112,0,0,0
32.5,-112,0,0,0
32.25,-112,0,0,0
32,-112,0,0,0
31.75,-112,0,0,0
31.5,-112,0,0,0
31.25,-112,0,0,0
31,-112,0,0,0
30.75,-112,0,0,0
30.5,-112,0,0,0
39.75,-126.5,0,0,0
30.25,-112,0,0,0
48.75,-111.75,0,0,0
48.5,-111.75,0,0,0
48.25,-111.75,0,0,0
48,-111.75,0,0,0
47.75,-111.75,0,0,0
47.5,-111.75,0,0,0
47.25,-111.75,11411.379994285162,11407.599256043794,159.68059160602468
47,-111.75,56361.14833548773,56324.230892639025,1202.2632291554896
46.75,-111.75,39899.259345279475,39888.584315188156,751.4776391408283
46.5,-111.75,29619.197243185572,29074.107761472133,1704.2108112486633
46.25,-111.75,39993.60338979633,39413.15761595408,1488.031675393991
46,-111.75,1528.5185641080484,1528.5185641080484,24.685808324747438
45.75,-111.75,2862.439112799832,2861.104746031376,151.22823375836276
45.5,-111.75,19053.101558614606,18374.341348544807,3343.9837872247276
45.25,-111.75,7408.996905327786,6975.109678484188,1037.01493530072
45,-111.75,49799.51579727559,43411.364209166546,16059.115653312934
44.75,-111.75,43647.68570839486,36068.28064158237,20526.063497154413
44.5,-111.75,44103.76519279404,39195.2664556013,17798.339628359852
44.25,-111.75,6033.801911069858,6012.674374983776,52.04045730678292
44,-111.75,0.6671837280774037,0.6671837280774037,0
43.75,-111.75,876.687900180066,876.687900180066,0
43.5,-111.75,97.40867307692213,97.40867307692213,0
43.25,-111.75,9112.7755816032,9111.441223601212,20.68254903087398
43,-111.75,3991.5321235089186,3991.5321235089186,0
42.75,-111.75,2814.6019031333567,2814.6019031333567,11.342027264522862
42.5,-111.75,13499.504165076441,12872.789128220013,5216.101658775989
42.25,-111.75,12598.223178716393,12336.909235858897,3906.14305731844
42,-111.75,23877.815881838393,17543.742952506516,17263.07864869646
41.75,-111.75,28382.39340516146,24889.02521152493,15072.100154006408
41.5,-111.75,27576.34714992918,25130.22149929198,12115.427499751551
41.25,-111.75,11202.623676772924,10203.187653438656,5209.34343804675
41,-111.75,22195.41501350065,19537.356054347903,13175.761632781381
40.75,-111.75,29332.240004544914,26580.535537433687,21035.53856996547
40.5,-111.75,24635.48436075372,19567.52179214171,19066.685751044904
40.25,-111.75,326.9178617753709,307.12487558625,223.2826756615453
40,-111.75,9432.705295946365,7738.93711718635,6270.678514747576
39.75,-111.75,12786.95274658757,11572.240050240605,4923.344868496709
39.5,-111.75,2735.0297438186453,2595.3648650482564,195.70874732154883
39.25,-111.75,237.29531036348115,152.7852654355306,86.51159862361152
39,-111.75,1424.2191908816208,562.659986403889,1058.1566068417787
38.75,-111.75,3474.461315550326,199.042621610289,3341.247315165347
38.5,-111.75,6987.409473361741,1070.606613984005,6506.3703985700095
38.25,-111.75,177.46947026463113,2.668713838565876,175.24554206582582
38,-111.75,7378.51461869101,160.3493094636715,7242.629142848709
37.75,-111.75,1260.9784581683919,490.38051150993084,959.8559127786214
37.5,-111.75,151.67330319530552,97.18655937881023,88.73555421543529
37.25,-111.75,0,0,0
37,-111.75,0,0,0
36.75,-111.75,0,0,0
36.5,-111.75,0,0,0
36.25,-111.75,0,0,0
36,-111.75,0,0,0
35.75,-111.75,0,0,0
35.5,-111.75,3752.224210294424,3741.104532098911,112.08635621078542
35.25,-111.75,10479.961864394694,10401.233716781098,1444.9061441965137
35,-111.75,286.8869728668338,286.8869728668338,0
34.75,-111.75,5.115136092996873,5.115136092996873,0
34.5,-111.75,0,0,0
48,-128,0,0,0
34.25,-111.75,0,0,0
34,-111.75,0,0,0
33.75,-111.75,0,0,0
33.5,-111.75,0,0,0
33.25,-111.75,0,0,0
33,-111.75,0,0,0
32.75,-111.75,0,0,0
32.5,-111.75,0,0,0
32.25,-111.75,0,0,0
32,-111.75,0,0,0
31.75,-111.75,0,0,0
31.5,-111.75,0,0,0
31.25,-111.75,0,0,0
31,-111.75,0,0,0
30.75,-111.75,0,0,0
30.5,-111.75,0,0,0
30.25,-111.75,0,0,0
48.75,-111.5,0,0,0
48.5,-111.5,0,0,0
48.25,-111.5,0,0,0
48,-111.5,0,0,0
47.75,-111.5,0,0,0
47.5,-111.5,0,0,0
47.25,-111.5,123.20800902058508,123.20800902058508,0.22239712819600282
47,-111.5,11698.119258274,11653.862956447103,223.50544389964725
46.75,-111.5,61822.77519152488,61730.25842090904,1745.8092532095977
46.5,-111.5,15089.23452964965,14862.614682847094,2053.14467682244
46.25,-111.5,299.344017901692,299.344017901692,0
46,-111.5,98.52067385927063,98.52067385927063,0
45.75,-111.5,146.55721799766596,146.55721799766596,0.44478670105513024
45.5,-111.5,39449.856444244,35621.761899157165,5349.947271051469
45.25,-111.5,52617.63143491884,37026.89264764622,18424.2661593005
45,-111.5,40760.4050426134,21021.59433125057,22627.075425558833
44.75,-111.5,41967.26134532018,37088.1385476616,8977.639322479876
44.5,-111.5,57099.52323006511,51297.18722065345,18098.217699267887
44.25,-111.5,87529.62156360381,87245.84677603857,1471.3589298839674
44,-111.5,806.8449143942962,806.8449143942962,0
43.75,-111.5,38572.96941307471,37714.07739740795,5182.485924671966
43.5,-111.5,31972.455348629188,31639.97650644784,4025.5515199494894
43.25,-111.5,25046.544361963057,23673.25662568493,6098.731917725796
43,-111.5,9338.15698754827,8961.864110296325,1882.3539675297934
42.75,-111.5,11374.159864721076,10904.017248695343,2569.5495674367994
42.5,-111.5,38130.40999801283,29104.035711244254,19066.650571058122
42.25,-111.5,33738.483753304776,19510.04042469972,22935.550554437585
42,-111.5,35921.30391512541,22702.344136700834,20062.955609801884
41.75,-111.5,26767.75597168018,23241.00665754257,9105.542765085855
41.5,-111.5,23266.471199416137,16900.589252771802,11899.555597999944
41.25,-111.5,19752.630325419002,18452.734760870542,6923.584040295281
41,-111.5,6609.1398619720285,6553.541067790284,740.7983336775301
40.75,-111.5,15816.056344948489,12263.520607302002,10268.193786332633
40.5,-111.5,18090.4231721235,12138.045907643165,13590.501574159907
40.25,-111.5,18516.37188749882,15897.196412240331,10294.780737854848
40,-111.5,12902.71138994819,11460.032713239749,5043.704286892386
39.75,-111.5,5391.762462300226,5022.585524195194,1580.3441699845505
39.5,-111.5,670.5177782469058,313.5754783841245,377.84733175505494
39.25,-111.5,3470.9165031329317,640.9419723219783,3081.5031118991456
39,-111.5,4918.701048155252,1595.681151173927,3890.793273838041
38.75,-111.5,5148.221535477134,1173.133552189809,4250.190581213162
38.5,-111.5,1480.9308782349945,183.03140303159688,1338.8202263064513
38.25,-111.5,142.7776715648126,61.82584531934276,95.18511437654223
38,-111.5,1058.1563735192467,55.59880062627369,1025.6866739535026
37.75,-111.5,0,0,0
37.5,-111.5,0,0,0
37.25,-111.5,0,0,0
37,-111.5,0,0,0
36.75,-111.5,0,0,0
36.5,-111.5,0,0,0
36.25,-111.5,0,0,0
36,-111.5,0,0,0
35.75,-111.5,0,0,0
35.5,-111.5,51.59530682718603,51.59530682718603,0
35.25,-111.5,1500.9648946411382,1500.9648946411382,1.1119905872285811
35,-111.5,572.2188219369344,572.2188219369344,0.6671809039295786
34.75,-111.5,324.02999549195744,324.02999549195744,0.22239532978171472
34.5,-111.5,607.1412882160878,607.1412882160878,0
34.25,-111.5,0,0,0
34,-111.5,0,0,0
33.75,-111.5,0,0,0
33.5,-111.5,0,0,0
33.25,-111.5,0,0,0
33,-111.5,0,0,0
32.75,-111.5,0,0,0
32.5,-111.5,0,0,0
32.25,-111.5,0,0,0
32,-111.5,0,0,0
31.75,-111.5,0,0,0
31.5,-111.5,0,0,0
31.25,-111.5,0,0,0
31,-111.5,0,0,0
30.75,-111.5,0,0,0
30.5,-111.5,0,0,0
30.25,-111.5,0,0,0
48.75,-111.25,545.31058272891,545.31058272891,0
48.5,-111.25,0,0,0
48.25,-111.25,0,0,0
48,-111.25,0,0,0
47.75,-111.25,0,0,0
47.5,-111.25,0,0,0
47.25,-111.25,4794.1410659594485,4792.139522628113,27.13203182479247
47,-111.25,63632.53890984649,63565.59778937777,2142.3382507472306
46.75,-111.25,29353.514705707887,29350.401171099547,372.7345716789887
46.5,-111.25,57214.88341669869,52037.124278568655,21773.631396691
46.25,-111.25,27788.68565246322,27701.506857599838,1097.5187567618423
46,-111.25,11908.364894042243,11889.016525428684,807.0716057311344
45.75,-111.25,82.7308773945394,82.50848256283344,1.111974158528768
45.5,-111.25,45263.94593133994,40640.98671160227,6182.182151838512
45.25,-111.25,70532.28598567692,50168.039643621734,24945.801458391463
45,-111.25,55591.13307006251,23123.274644658435,37508.43606809541
44.75,-111.25,45617.57739988741,31550.675071018042,18828.592801319595
44.5,-111.25,33235.11769143663,29853.382974181783,5506.71664697783
44.25,-111.25,80134.37333441505,79451.17110173617,1630.1667856563392
44,-111.25,20350.503839193334,20347.612700361882,4.225510599793171
43.75,-111.25,29872.484824883875,26325.95845167305,9657.262258124207
43.5,-111.25,59575.03056264691,52036.27468401295,23174.92462944534
43.25,-111.25,65746.46242857602,60262.438422127874,21920.083627541786
43,-111.25,57804.899041442135,46611.98289856453,27064.5775382708
42.75,-111.25,53787.125039187056,39720.47582435328,28862.083895146563
42.5,-111.25,44686.50526817132,38506.399885820785,16783.18157488438
42.25,-111.25,2387.86470378475,2329.8193756960986,298.45528848646137
42,-111.25,1.3343702713825438,1.3343702713825438,0
41.75,-111.25,799.2872694963596,796.3961358003517,20.90512057113382
41.5,-111.25,313.132549877016,313.132549877016,0
41.25,-111.25,5527.417330703486,5507.401737247163,161.90391151332358
41,-111.25,4683.16876111569,4599.326296354521,274.2115624682136
40.75,-111.25,21591.684408842368,14779.051734065368,12603.136933359743
40.5,-111.25,20464.445306237325,13393.138573238122,10745.512876409717
40.25,-111.25,22830.007598274635,15943.086890118411,13847.009527946708
40,-111.25,12424.61798234023,10520.682661903938,5885.0527332537595
39.75,-111.25,4145.66655115275,1032.1355326377281,3321.0256213917723
39.5,-111.25,7249.609119244108,3294.77143081175,4804.606276831401
39.25,-111.25,6028.920244384736,1929.9483522361859,4846.665641885605
39,-111.25,2311.7951781791767,783.7196929199997,1860.3334935515895
38.75,-111.25,0,0,0
38.5,-111.25,0,0,0
38.25,-111.25,65.38436115676585,58.49009178309342,12.23176824361276
38,-111.25,53.152531908262496,47.37024810234188,5.7822838059197705
37.75,-111.25,0,0,0
37.5,-111.25,0,0,0
37.25,-111.25,0,0,0
37,-111.25,0,0,0
36.75,-111.25,0,0,0
36.5,-111.25,0,0,0
36.25,-111.25,0.2223946842549058,0,0.2223946842549058
36,-111.25,0,0,0
35.75,-111.25,0,0,0
35.5,-111.25,0,0,0
35.25,-111.25,0,0,0
35,-111.25,0,0,0
34.75,-111.25,21.12758628022198,21.12758628022198,0
34.5,-111.25,3462.6873302105687,3461.1305664783013,50.26122907049361
34.25,-111.25,1.1119747002061813,1.1119747002061813,0
34,-111.25,0,0,0
33.75,-111.25,0,0,0
33.5,-111.25,0,0,0
33.25,-111.25,0,0,0
33,-111.25,0,0,0
32.75,-111.25,0,0,0
32.5,-111.25,0,0,0
32.25,-111.25,0,0,0
32,-111.25,0,0,0
31.75,-111.25,0,0,0
31.5,-111.25,0,0,0
31.25,-111.25,0,0,0
31,-111.25,0,0,0
30.75,-111.25,0,0,0
30.5,-111.25,0,0,0
30.25,-111.25,0,0,0
48.75,-111,85.62237076350634,85.62237076350634,0
48.5,-111,0,0,0
48.25,-111,0,0,0
48,-111,0,0,0
47.75,-111,0,0,0
47.5,-111,0,0,0
47.25,-111,14346.567247789808,14336.337014901352,680.3104870791501
47,-111,99229.19370402725,96864.92060207535,11956.581204048583
46.75,-111,38353.94603093877,38322.14360669638,612.0298707353257
46.5,-111,6579.781567316436,6495.493822639463,351.8290556173394
46.25,-111,26621.290179133928,26613.283976729195,282.8858182991093
46,-111,48979.944427627,47025.078934912985,7853.933432900219
45.75,-111,31132.79330325187,30533.666614495796,5605.4150668509255
45.5,-111,66052.14795487022,50725.80966882059,18214.134885401727
45.25,-111,62777.12685085395,35661.90757242898,31471.517230622394
45,-111,44062.78255217743,23213.973564502827,25545.11179622028
44.75,-111,16221.710013401753,14530.841212152978,2092.2916851439454
44.5,-111,8848.004352197198,4150.122136894612,5083.515985485069
44.25,-111,21041.725712839256,12390.319240698162,9846.782163968051
44,-111,83542.44284153852,63711.10383986446,24778.999101597023
43.75,-111,30091.25295799671,19316.339569813263,14196.420972852244
43.5,-111,61806.32260732016,32902.49505045702,40210.84939831436
43.25,-111,60272.76476484309,46315.713468754504,24499.675609978032
43,-111,40299.07945061753,32414.733187085716,13588.55469502599
42.75,-111,25025.90454302924,23600.573986316893,6340.041115736171
42.5,-111,33338.97138116961,30719.178953245006,6899.97282417563
42.25,-111,9593.239103149159,9407.094325484652,455.91014840170106
42,-111,14.010953622362909,14.010953622362909,0
41.75,-111,105.41485381867025,105.41485381867025,0
41.5,-111,31.802722134226524,31.802722134226524,0
41.25,-111,4.447889014708522,4.447889014708522,0
41,-111,4796.389384377097,1381.5167086637234,3753.135218192046
40.75,-111,37818.58707268238,12785.743038239012,28031.403346067444
40.5,-111,37832.295935772796,23010.107981134413,18761.24978773984
40.25,-111,14077.253216516003,11436.517258145896,4599.604269076178
40,-111,13524.710121178347,9058.13535099802,6449.000955272297
39.75,-111,4699.207887230159,3177.5807994673246,1751.58359298744
39.5,-111,1501.8331807825152,948.5145144435718,721.226862916882
39.25,-111,445.4575640599902,444.1231929245133,3.1135326494457636
39,-111,0,0,0
38.75,-111,0,0,0
38.5,-111,0,0,0
38.25,-111,0,0,0
38,-111,0,0,0
37.75,-111,0,0,0
37.5,-111,0,0,0
37.25,-111,0,0,0
37,-111,0,0,0
36.75,-111,0,0,0
36.5,-111,0,0,0
36.25,-111,0,0,0
36,-111,0,0,0
35.75,-111,0,0,0
35.5,-111,0,0,0
35.25,-111,0,0,0
35,-111,0,0,0
34.75,-111,0.4447900290187078,0.4447900290187078,0
34.5,-111,3393.532134638983,3391.308180163169,50.261371153312126
34.25,-111,1492.4882358827072,1492.0434472563074,43.36689107392679
34,-111,0,0,0
33.75,-111,0,0,0
33.5,-111,0,0,0
33.25,-111,0,0,0
33,-111,0,0,0
32.75,-111,0,0,0
32.5,-111,0,0,0
32.25,-111,0,0,0
32,-111,0,0,0
31.75,-111,0,0,0
31.5,-111,0,0,0
31.25,-111,0,0,0
31,-111,0,0,0
30.75,-111,0,0,0
30.5,-111,0,0,0
30.25,-111,0,0,0
48.75,-110.75,0,0,0
48.5,-110.75,0,0,0
48.25,-110.75,0,0,0
48,-110.75,0,0,0
47.75,-110.75,0,0,0
47.5,-110.75,4996.310737658562,4996.310737658562,0
47.25,-110.75,6456.756393190178,6442.967983574297,168.35203353580303
47,-110.75,78139.90217707862,75164.23691887937,9359.779376425291
46.75,-110.75,62804.44095593453,59473.181320385935,7806.96563497566
46.5,-110.75,39785.548479422665,37181.31938282501,4022.4331059062974
46.25,-110.75,2601.5753630395207,2600.9081783849474,3.780713042543322
46,-110.75,14702.26462339171,14699.595891819994,956.7402684934167
45.75,-110.75,50894.5595346522,50700.85299117695,3782.0591025720014
45.5,-110.75,30234.896967356013,27992.927461225798,2918.9415502390475
45.25,-110.75,31322.98772688189,24144.13122630499,8754.29080820035
45,-110.75,27613.65211160675,23449.942865500772,4711.027291970015
44.75,-110.75,8112.705537755641,6942.024270430724,1336.3646913669133
44.5,-110.75,7430.269459516713,2586.249731958087,4888.943835036091
44.25,-110.75,11314.406637341173,1492.7232894316214,10195.086566466707
44,-110.75,31065.82494704207,7164.383385012122,25155.29205169926
43.75,-110.75,17056.299675912986,12298.558826463777,5616.193599361488
43.5,-110.75,26056.472382344375,20703.69137648376,7622.970399180774
43.25,-110.75,58262.53839266195,52671.533746502624,11735.32749278177
43,-110.75,56489.924621701626,36329.05780465358,27366.942805774226
42.75,-110.75,60284.082322523034,27225.356394743987,42467.50842240759
42.5,-110.75,57741.17178557509,26980.11422407338,38033.83028196441
42.25,-110.75,36261.65036342583,25924.244462213002,14427.266374585415
42,-110.75,4853.963875349137,4609.553250451829,463.46837332665643
41.75,-110.75,124.09751466819614,124.09751466819614,0
41.5,-110.75,12.23164526102154,12.23164526102154,0
41.25,-110.75,11.564600888272855,11.564600888272855,0
41,-110.75,10437.830878250716,3500.0337146186107,7052.552367390098
40.75,-110.75,23436.89752223728,1413.543997678393,22078.72993353013
40.5,-110.75,23094.501710327466,15965.59438467993,8408.129753884186
40.25,-110.75,2004.663654806701,1759.8073552790684,456.13103572315873
40,-110.75,5651.108917387058,4801.3298078500275,1059.9443172084489
39.75,-110.75,3881.461204724465,3412.2076012196994,731.9021844237798
39.5,-110.75,0,0,0
39.25,-110.75,0,0,0
39,-110.75,0,0,0
38.75,-110.75,0,0,0
38.5,-110.75,0,0,0
38.25,-110.75,7.561445526006907,0,7.561445526006907
38,-110.75,36.02818245332031,10.007828459255817,26.02035399406384
37.75,-110.75,0,0,0
37.5,-110.75,0,0,0
37.25,-110.75,0,0,0
37,-110.75,0,0,0
36.75,-110.75,0,0,0
36.5,-110.75,0,0,0
36.25,-110.75,0,0,0
36,-110.75,0,0,0
35.75,-110.75,0,0,0
35.5,-110.75,0,0,0
35.25,-110.75,0,0,0
35,-110.75,0,0,0
34.75,-110.75,0,0,0
34.5,-110.75,539.7499367488481,539.7499367488481,0
34.25,-110.75,857.1149306548922,856.8925344611578,1.1119809686752629
34,-110.75,0.2223942824782865,0.2223942824782865,0
33.75,-110.75,0,0,0
33.5,-110.75,0,0,0
33.25,-110.75,0,0,0
33,-110.75,0,0,0
32.75,-110.75,0,0,0
32.5,-110.75,0,0,0
32.25,-110.75,0,0,0
32,-110.75,0,0,0
31.75,-110.75,0,0,0
31.5,-110.75,0,0,0
31.25,-110.75,0,0,0
31,-110.75,0,0,0
30.75,-110.75,0,0,0
30.5,-110.75,0,0,0
30.25,-110.75,0,0,0
48.75,-110.5,0,0,0
48.5,-110.5,0,0,0
48.25,-110.5,0,0,0
48,-110.5,0,0,0
47.75,-110.5,0,0,0
47.5,-110.5,18043.01661945095,18043.01661945095,0
47.25,-110.5,4305.170973923756,4299.166241188145,498.3928170556432
47,-110.5,81415.85764211173,78229.12724448656,15479.516774785825
46.75,-110.5,81999.85423405284,80046.14770022576,9131.381932718976
46.5,-110.5,25679.024103766187,25673.686585223822,45.591304215753965
46.25,-110.5,52821.98742043268,51112.43506856767,6493.0519663133755
46,-110.5,26150.14974177833,24441.736747745545,4154.05445398838
45.75,-110.5,2304.4475721252734,2304.4475721252734,0.8895763644567732
45.5,-110.5,36714.068152657186,32804.56387570998,5049.730025164364
45.25,-110.5,23416.672520054097,15241.931736704903,8563.940020796877
45,-110.5,20801.35332196109,17426.051135915386,3635.28296324051
44.75,-110.5,8707.888497979093,6781.50029290962,2070.055577555593
44.5,-110.5,1410.8309769883695,380.50627390086584,1051.8963620988284
48.75,-126.25,0,0,0
44.25,-110.5,10258.897629733481,2436.3464097147225,8129.4574770161435
44,-110.5,28768.574079460115,10614.99602505187,20305.488834596857
43.75,-110.5,40655.53458052812,19055.787628248887,24626.30018601713
43.5,-110.5,36138.694154242636,14384.666317302721,23944.6426054222
43.25,-110.5,49001.863536464494,39386.211339720816,14948.43948600324
43,-110.5,41555.749709892836,10839.392698520698,34269.293772791316
42.75,-110.5,34803.89727415517,4942.502127982974,31283.832313674837
42.5,-110.5,22710.711569305666,10463.544807225557,13521.722550517836
42.25,-110.5,19526.604804162253,17209.43287415585,3014.169418118586
42,-110.5,5175.807986730518,5067.946221012108,187.7017118893378
48.5,-126.25,0,0,0
41.75,-110.5,0.2223900465127878,0.2223900465127878,0
41.5,-110.5,0,0,0
41.25,-110.5,259.0863287316913,259.0863287316913,0
41,-110.5,11457.700718351169,3418.695538393491,8082.595104855229
40.75,-110.5,16921.647770544194,1255.1851123940548,15674.468799901766
40.5,-110.5,20807.380532042996,16799.31490555612,4528.255699750174
40.25,-110.5,14.900292495262947,14.900292495262947,0
40,-110.5,2748.8525267375153,2707.9310975368962,79.84126675556304
39.75,-110.5,10558.31662989428,10075.05725596303,1023.8960688354799
39.5,-110.5,1047.7153065856007,1047.4929089403893,0.8895905808410949
48.25,-126.25,0,0,0
39.25,-110.5,0,0,0
39,-110.5,0,0,0
38.75,-110.5,0,0,0
38.5,-110.5,0,0,0
38.25,-110.5,0,0,0
38,-110.5,0,0,0
37.75,-110.5,0,0,0
37.5,-110.5,0,0,0
37.25,-110.5,0,0,0
37,-110.5,0,0,0
48,-126.25,0,0,0
36.75,-110.5,0,0,0
36.5,-110.5,0,0,0
36.25,-110.5,0,0,0
36,-110.5,0,0,0
35.75,-110.5,0,0,0
35.5,-110.5,0,0,0
35.25,-110.5,0,0,0
35,-110.5,0,0,0
34.75,-110.5,0,0,0
34.5,-110.5,1.3343594831936154,1.3343594831936154,0
47.75,-126.25,0,0,0
34.25,-110.5,242.85903940470186,242.85903940470186,0
34,-110.5,23.128745371638523,23.128745371638523,0
33.75,-110.5,0,0,0
33.5,-110.5,0,0,0
33.25,-110.5,0,0,0
33,-110.5,0,0,0
32.75,-110.5,0,0,0
32.5,-110.5,0,0,0
32.25,-110.5,0,0,0
32,-110.5,0,0,0
47.5,-126.25,0,0,0
31.75,-110.5,0,0,0
31.5,-110.5,0,0,0
31.25,-110.5,0,0,0
31,-110.5,0,0,0
30.75,-110.5,0,0,0
30.5,-110.5,0,0,0
30.25,-110.5,0,0,0
48.75,-110.25,0,0,0
48.5,-110.25,0,0,0
47.25,-126.25,0,0,0
48.25,-110.25,0,0,0
48,-110.25,0,0,0
47.75,-110.25,0,0,0
47.5,-110.25,183.69833785156712,183.69833785156712,0
47.25,-110.25,0,0,0
47,-110.25,12905.18052676846,12876.713870888083,420.77275723178303
46.75,-110.25,70455.06267450796,68616.96527896682,8652.735071786641
46.5,-110.25,2471.900731050406,2461.44824932666,48.704116968064596
46.25,-110.25,29439.62179756402,27805.68108861821,5996.231032339353
46,-110.25,27761.971394549204,25980.367696445002,4527.0658942213795
47,-126.25,0,0,0
45.75,-110.25,4747.676962166948,4747.009778782721,3.3359169211403548
45.5,-110.25,42340.623949207205,36610.59319005028,6141.907994396873
45.25,-110.25,27998.438589339003,11835.425591544088,16690.75671098843
45,-110.25,16773.264114261707,9237.182283261405,8210.828696232364
44.75,-110.25,16734.55276700962,10536.62791865962,6473.694585762653
44.5,-110.25,7839.008811950889,507.0625309591465,7352.851490601459
44.25,-110.25,19433.330087099814,641.6099116669692,18881.345407461296
44,-110.25,28171.92395941049,3209.83128877973,25812.754672957588
43.75,-110.25,53468.77219705691,9215.586621503106,46242.282702411314
43.5,-110.25,26871.04838950066,7456.668113250184,20829.477034418265
46.75,-126.25,0,0,0
43.25,-110.25,22548.642237182772,15190.476963887311,7965.971163760212
43,-110.25,4361.387638895518,4280.658266965525,116.31256616910665
42.75,-110.25,11.119687390652432,11.119687390652432,0
42.5,-110.25,62.715389662001705,62.715389662001705,0
42.25,-110.25,403.42361507104283,403.42361507104283,1.3343669737741235
42,-110.25,0,0,0
41.75,-110.25,0,0,0
41.5,-110.25,0.889585251738793,0.889585251738793,0
41.25,-110.25,13.566019522608787,13.566019522608787,0
41,-110.25,11168.053013630222,6480.170633673007,4705.229257211191
46.5,-126.25,0,0,0
40.75,-110.25,16087.13099689078,4714.096932939232,11376.369981958473
40.5,-110.25,12169.718951408728,12003.589310928794,231.29160120365202
40.25,-110.25,0,0,0
40,-110.25,2.8911440235219814,2.8911440235219814,0
39.75,-110.25,3855.241922425627,3515.642590695379,472.8147866787925
39.5,-110.25,17800.661498049558,17241.117460255176,772.1529806127843
39.25,-110.25,37.13982918414668,37.13982918414668,0
39,-110.25,0,0,0
38.75,-110.25,0,0,0
38.5,-110.25,0,0,0
46.25,-126.25,0,0,0
38.25,-110.25,0,0,0
38,-110.25,0,0,0
37.75,-110.25,0,0,0
37.5,-110.25,0,0,0
37.25,-110.25,0,0,0
37,-110.25,0,0,0
36.75,-110.25,0,0,0
36.5,-110.25,0,0,0
36.25,-110.25,0,0,0
36,-110.25,0,0,0
46,-126.25,0,0,0
35.75,-110.25,0,0,0
35.5,-110.25,0,0,0
35.25,-110.25,0,0,0
35,-110.25,0,0,0
34.75,-110.25,0,0,0
34.5,-110.25,1.5567659326664716,1.5567659326664716,0
34.25,-110.25,6.449489618316523,6.449489618316523,0
34,-110.25,43.367006962838964,43.367006962838964,0
33.75,-110.25,0,0,0
33.5,-110.25,0,0,0
45.75,-126.25,0,0,0
33.25,-110.25,0,0,0
33,-110.25,0,0,0
32.75,-110.25,0,0,0
32.5,-110.25,0,0,0
32.25,-110.25,0,0,0
32,-110.25,0,0,0
31.75,-110.25,0,0,0
31.5,-110.25,0,0,0
31.25,-110.25,0,0,0
31,-110.25,0,0,0
45.5,-126.25,0,0,0
30.75,-110.25,0,0,0
30.5,-110.25,0,0,0
30.25,-110.25,0,0,0
48.75,-110,0,0,0
48.5,-110,0,0,0
48.25,-110,0,0,0
48,-110,0,0,0
47.75,-110,0,0,0
47.5,-110,0,0,0
45.25,-126.25,0,0,0
47.25,-110,0,0,0
47,-110,50.483061239087405,50.483061239087405,0
46.75,-110,30115.714553326885,30012.967737068335,1249.1966816529696
46.5,-110,136.77368183014778,136.77368183014778,0
46.25,-110,695.4217952551671,695.4217952551671,9.562883657170506
46,-110,127.65560782910127,127.65560782910127,0
45.75,-110,2239.964474578073,2239.964474578073,0.6671856060101496
45.5,-110,48771.68717425895,38259.56417843644,10994.050949870702
45.25,-110,22683.676510346264,15389.548034152518,8043.823795824523
45,-110,23277.025942609438,7430.901140022059,17138.24270949568
45,-126.25,0,0,0
44.75,-110,21413.157556270093,11183.279232223067,11214.414321363403
44.5,-110,35653.06159423827,19074.953952192427,19089.854522494355
44.25,-110,22355.45207219839,2311.137552693324,20586.515573533816
44,-110,18995.96302382509,609.3581844769224,18477.341386525757
43.75,-110,27656.011550555068,1659.0715786831288,26134.15809037687
43.5,-110,15286.069554598633,1336.5914688965854,14216.573984894143
43.25,-110,16012.76636719273,6223.233260925433,10359.082489150791
43,-110,1643.2920624928404,1466.7087768494112,195.4870378848582
42.75,-110,9.562946297099687,9.562946297099687,0
42.5,-110,13.343594709293434,13.343594709293434,0
44.75,-126.25,0,0,0
42.25,-110,0,0,0
42,-110,1.1119717461345748,1.1119717461345748,0
41.75,-110,0,0,0
41.5,-110,0.6671899748439396,0.6671899748439396,0
41.25,-110,8.00621261178756,8.00621261178756,0
41,-110,9465.495983725308,9219.306799617789,275.98986221989327
40.75,-110,14482.799049233496,5303.754422169805,9254.437647405663
40.5,-110,6731.413391506274,6720.738492510898,87.17834179564078
40.25,-110,0,0,0
40,-110,0,0,0
44.5,-126.25,0,0,0
39.75,-110,10.67485041357582,10.67485041357582,0
39.5,-110,2100.9652093665713,2100.520419441865,2.223949623548824
39.25,-110,1395.9913839348103,1395.9913839348103,2.8911722146172636
39,-110,0.2223922545133844,0.2223922545133844,0
38.75,-110,0,0,0
38.5,-110,0,0,0
38.25,-110,0,0,0
38,-110,0,0,0
37.75,-110,8.895909456272427,8.895909456272427,0
37.5,-110,0,0,0
44.25,-126.25,0,0,0
37.25,-110,0,0,0
37,-110,0,0,0
36.75,-110,0,0,0
36.5,-110,0,0,0
36.25,-110,0,0,0
36,-110,0,0,0
35.75,-110,0,0,0
35.5,-110,0,0,0
35.25,-110,0,0,0
35,-110,0,0,0
44,-126.25,0,0,0
34.75,-110,0,0,0
34.5,-110,0.22239167552409525,0.22239167552409525,0
34.25,-110,36.028234160034735,36.028234160034735,0
34,-110,221.06115933353323,221.06115933353323,0
33.75,-110,0.8895720392833271,0.8895720392833271,0
33.5,-110,72.7237268622011,72.7237268622011,0
33.25,-110,0,0,0
33,-110,0,0,0
32.75,-110,0,0,0
32.5,-110,0,0,0
43.75,-126.25,0,0,0
32.25,-110,0,0,0
32,-110,0,0,0
31.75,-110,0,0,0
31.5,-110,0,0,0
31.25,-110,0,0,0
31,-110,0,0,0
30.75,-110,0,0,0
30.5,-110,0,0,0
30.25,-110,0,0,0
43.5,-126.25,0,0,0
48.75,-109.75,0,0,0
48.5,-109.75,0,0,0
48.25,-109.75,2135.648523000736,2135.648523000736,0
48,-109.75,260.86638645399677,260.86638645399677,0
47.75,-109.75,0.22239705407370708,0.22239705407370708,0
47.5,-109.75,4.0030977155636975,4.0030977155636975,0
47.25,-109.75,3.5582931674340528,3.5582931674340528,0
47,-109.75,0,0,0
46.75,-109.75,2381.405147539979,2380.070777827131,158.78999582961836
46.5,-109.75,0,0,0
43.25,-126.25,0,0,0
46.25,-109.75,142.77823566272235,142.77823566272235,0
46,-109.75,0,0,0
45.75,-109.75,171.46498776203356,171.46498776203356,0
45.5,-109.75,10160.00236725234,10069.486629500145,173.02516946244424
45.25,-109.75,32811.129767691295,23165.009888178258,11087.233376521557
45,-109.75,18273.674054767387,6465.217340645292,12856.599857683055
44.75,-109.75,25406.022863538787,16200.10087317382,10530.966277425772
44.5,-109.75,26479.969816756195,21288.85670943333,5946.139626017167
44.25,-109.75,25453.34350093466,13129.985294594875,13601.240546872972
44,-109.75,20058.248489999547,7451.648988323956,12927.296625807508
43,-126.25,0,0,0
43.75,-109.75,13764.557016654602,4711.168885670603,9163.250169764256
43.5,-109.75,16054.468581630113,5824.301177247363,10471.465918159996
43.25,-109.75,7138.016880115428,4028.2558496239617,3246.31207624143
43,-109.75,11445.261651252482,8623.532290318783,2972.289794205449
42.75,-109.75,281.7742168895975,281.7742168895975,0
42.5,-109.75,0,0,0
42.25,-109.75,0,0,0
42,-109.75,0.6671872237148686,0.6671872237148686,0
41.75,-109.75,1.3343777181283374,1.3343777181283374,0
41.5,-109.75,0,0,0
42.75,-126.25,0,0,0
41.25,-109.75,0,0,0
41,-109.75,3914.816262493162,3914.816262493162,10.007767528954844
40.75,-109.75,21202.89951649135,17114.213680423654,4142.060032459111
40.5,-109.75,4318.08251870209,4314.746546422501,74.05858460691148
40.25,-109.75,0,0,0
40,-109.75,0,0,0
39.75,-109.75,0,0,0
39.5,-109.75,466.80772988965117,466.5853345919424,0.22239529770826644
39.25,-109.75,13852.829815015997,13830.145778394835,140.3296775288973
39,-109.75,25.35336238264117,25.35336238264117,0
42.5,-126.25,0,0,0
38.75,-109.75,0,0,0
38.5,-109.75,0,0,0
38.25,-109.75,0,0,0
38,-109.75,0.6671846220427433,0.6671846220427433,0
37.75,-109.75,20.682532765877113,20.682532765877113,0
37.5,-109.75,0,0,0
37.25,-109.75,0,0,0
37,-109.75,0,0,0
36.75,-109.75,0,0,0
36.5,-109.75,0,0,0
42.25,-126.25,0,0,0
36.25,-109.75,0,0,0
36,-109.75,0,0,0
35.75,-109.75,0,0,0
35.5,-109.75,0,0,0
35.25,-109.75,0,0,0
35,-109.75,0,0,0
34.75,-109.75,0,0,0
34.5,-109.75,0,0,0
34.25,-109.75,3268.0706154097697,3267.4034352909416,19.34822344611367
34,-109.75,45949.427940283706,45923.18523056855,2677.8683701688533
42,-126.25,0,0,0
33.75,-109.75,25848.80688797062,25843.247000402163,1184.2560520906457
33.5,-109.75,1429.7685246506321,1429.7685246506321,0
33.25,-109.75,6.2270596217855685,6.2270596217855685,0
33,-109.75,0,0,0
32.75,-109.75,0,0,0
32.5,-109.75,0,0,0
32.25,-109.75,0,0,0
32,-109.75,0,0,0
31.75,-109.75,0,0,0
31.5,-109.75,0,0,0
41.75,-126.25,0,0,0
31.25,-109.75,0,0,0
31,-109.75,0,0,0
30.75,-109.75,0,0,0
30.5,-109.75,0,0,0
30.25,-109.75,0,0,0
48.75,-109.5,0,0,0
48.5,-109.5,0,0,0
48.25,-109.5,792.1794678185231,792.1794678185231,0
48,-109.5,64.93950758476306,64.93950758476306,0
41.5,-126.25,0,0,0
47.75,-109.5,0.8895820703210684,0.8895820703210684,0
47.5,-109.5,33.13749385428271,33.13749385428271,0
47.25,-109.5,12637.994767810911,12603.969055143301,1898.3234204623388
47,-109.5,8644.72888575511,8473.92487792749,710.348959637299
46.75,-109.5,50824.21884906569,49609.74472186151,13689.465184798424
46.5,-109.5,0,0,0
46.25,-109.5,0,0,0
46,-109.5,0,0,0
45.75,-109.5,0,0,0
45.5,-109.5,215.94464392281674,215.94464392281674,0
41.25,-126.25,0,0,0
45.25,-109.5,27419.412106557495,22945.029125059846,5703.78748081271
45,-109.5,12052.43827086439,6434.209060476037,5755.449043450252
44.75,-109.5,41107.05280106823,35201.25815382803,7238.5792277835535
44.5,-109.5,17611.03927664741,15811.148628478459,2017.621149164572
44.25,-109.5,14702.882842581339,12847.870124728417,1959.9840645530805
44,-109.5,6556.827501070471,1920.5902485922302,4706.735991339262
43.75,-109.5,13283.192144242143,7322.001342011886,6047.700901915662
43.5,-109.5,3426.4114403296126,3131.740501247589,304.2338450295917
43.25,-109.5,5263.845129049819,4029.7804612946334,1249.1874641882976
43,-109.5,1810.77433877321,528.4205144835615,1301.257756836413
41,-126.25,0,0,0
42.75,-109.5,5313.439835588505,3766.4664764576755,1559.205034627115
42.5,-109.5,3.3358881555602875,3.3358881555602875,0
42.25,-109.5,0.8895933544254091,0.8895933544254091,0
42,-109.5,0.44478939445625,0.44478939445625,0
41.75,-109.5,0.2223959396876511,0.2223959396876511,0
41.5,-109.5,1.3343695893537892,1.3343695893537892,0
41.25,-109.5,0.22239754710180276,0.22239754710180276,0
41,-109.5,1142.6558518016209,1142.6558518016209,3.558289923866468
40.75,-109.5,31284.666072964006,31131.882201203804,749.4638250829133
40.5,-109.5,249.3087097598321,248.8639127754262,2.446383414235641
40.75,-126.25,0,0,0
40.25,-109.5,0,0,0
40,-109.5,0,0,0
39.75,-109.5,0,0,0
39.5,-109.5,900.6941648534089,900.6941648534089,0
39.25,-109.5,811.9709363129291,811.3037457325574,0.8895874404962261
39,-109.5,0,0,0
38.75,-109.5,0,0,0
38.5,-109.5,0,0,0
38.25,-109.5,0,0,0
38,-109.5,108.08646317235383,107.64166291238608,0.44480025996853806
40.5,-126.25,0,0,0
37.75,-109.5,285.3295749974237,240.1838978933886,45.14567710403509
37.5,-109.5,0,0,0
37.25,-109.5,0,0,0
37,-109.5,0,0,0
36.75,-109.5,0,0,0
36.5,-109.5,0,0,0
36.25,-109.5,0,0,0
36,-109.5,0,0,0
35.75,-109.5,0,0,0
35.5,-109.5,0,0,0
40.25,-126.25,0,0,0
35.25,-109.5,0,0,0
35,-109.5,0,0,0
34.75,-109.5,0,0,0
34.5,-109.5,0,0,0
34.25,-109.5,5307.425325018494,5306.980537645782,10.674896945354615
34,-109.5,54450.89169466593,54405.96741832442,2790.4202735421736
33.75,-109.5,31079.46667021635,31068.5693974661,1055.701096840908
33.5,-109.5,6892.69333549434,6890.914174177781,26.465024583738334
33.25,-109.5,47.81545505083242,47.81545505083242,0
33,-109.5,0,0,0
40,-126.25,0,0,0
32.75,-109.5,0,0,0
32.5,-109.5,0,0,0
32.25,-109.5,0,0,0
32,-109.5,0,0,0
31.75,-109.5,0,0,0
31.5,-109.5,0,0,0
31.25,-109.5,0,0,0
31,-109.5,0,0,0
30.75,-109.5,0,0,0
30.5,-109.5,0,0,0
39.75,-126.25,0,0,0
30.25,-109.5,0,0,0
48.75,-109.25,0,0,0
48.5,-109.25,0,0,0
48.25,-109.25,62.715514355068166,62.715514355068166,0
48,-109.25,48.25983954073125,48.25983954073125,0
47.75,-109.25,1.5567578677564033,1.5567578677564033,0
47.5,-109.25,0,0,0
47.25,-109.25,29361.162944610558,29114.970587430133,10991.032054397005
47,-109.25,23703.92980373592,23606.07617411025,3539.8550517058206
39.5,-126.25,0,0,0
46.75,-109.25,62398.45286774079,59529.993049339464,26328.982864078924
46.5,-109.25,0,0,0
46.25,-109.25,1.1119688200855093,1.1119688200855093,0
46,-109.25,2.00156876387093,2.00156876387093,0
45.75,-109.25,0,0,0
45.5,-109.25,0,0,0
45.25,-109.25,11073.222550856206,10740.965827934804,600.4639570868575
45,-109.25,16582.25393715997,15837.006586721047,1356.1678134814117
44.75,-109.25,8906.516661539365,8822.450957932155,95.63029775424306
44.5,-109.25,9307.473423245061,9209.397014565446,175.02524632849617
39.25,-126.25,0,0,0
44.25,-109.25,3889.9129861237257,2118.7582767595222,1847.2138392741272
44,-109.25,12277.51496408039,10029.772984187615,2512.613919939509
43.75,-109.25,5389.074143446551,3868.559950695482,1549.4255347223611
43.5,-109.25,1513.612708953986,1422.8760082115273,98.96527409411074
43.25,-109.25,6925.5846378523365,6758.566428320624,174.13483097647457
43,-109.25,5898.628513746599,3984.0150509088867,1920.3957778607992
42.75,-109.25,4362.037876077045,1220.498820429838,3155.5498839429583
42.5,-109.25,2104.510597831229,2040.9060294089845,66.2732915728306
42.25,-109.25,1.11197771850288,1.11197771850288,0
42,-109.25,1.3343702713825438,1.3343702713825438,0
39,-126.25,0,0,0
41.75,-109.25,0,0,0
41.5,-109.25,2.6687391787075754,2.6687391787075754,0
41.25,-109.25,95.62990968803763,95.62990968803763,0
41,-109.25,533.969996378235,533.969996378235,17.569191884164706
40.75,-109.25,11998.648310849198,11990.864490214557,987.655641097296
40.5,-109.25,45.36887597047456,45.36887597047456,0
40.25,-109.25,0,0,0
40,-109.25,0,0,0
39.75,-109.25,96.74258864121167,96.74258864121167,0
39.5,-109.25,2945.8259031230223,2945.3811158811277,0.44478724190291846
39.25,-109.25,0.6671855677383783,0.6671855677383783,0
39,-109.25,0,0,0
38.75,-109.25,0,0,0
38.5,-109.25,336.70561362652853,96.51931064327141,240.18630298325706
38.25,-109.25,0,0,0
38,-109.25,0,0,0
37.75,-109.25,0,0,0
37.5,-109.25,0,0,0
37.25,-109.25,0,0,0
37,-109.25,0,0,0
36.75,-109.25,1.111967602817752,1.111967602817752,0
36.5,-109.25,2.0015570751321357,2.0015570751321357,0
36.25,-109.25,0.44478872629352356,0.44478872629352356,0
36,-109.25,0,0,0
35.75,-109.25,0,0,0
35.5,-109.25,0,0,0
35.25,-109.25,0,0,0
35,-109.25,0,0,0
34.75,-109.25,0,0,0
34.5,-109.25,0,0,0
34.25,-109.25,0.2223958803102737,0.2223958803102737,0
34,-109.25,9060.775124431235,9046.097122413361,115.64486438329607
33.75,-109.25,17472.231313429922,17460.666779695704,58.934643068820996
33.5,-109.25,6843.998356890163,6832.8785831251525,71.38894757138293
33.25,-109.25,61.15862128539364,61.15862128539364,0
33,-109.25,0,0,0
32.75,-109.25,0,0,0
32.5,-109.25,0,0,0
32.25,-109.25,0,0,0
32,-109.25,0,0,0
31.75,-109.25,0,0,0
31.5,-109.25,0,0,0
31.25,-109.25,0,0,0
31,-109.25,0,0,0
30.75,-109.25,0,0,0
30.5,-109.25,0,0,0
30.25,-109.25,0,0,0
48.75,-109,0,0,0
48.5,-109,0,0,0
48.25,-109,25.352991849445914,25.352991849445914,0
48,-109,1.111975939828747,1.111975939828747,0
47.75,-109,0,0,0
47.5,-109,0,0,0
47.25,-109,4757.264409824703,4725.684233760237,844.4361163154784
47,-109,15270.255291066098,15254.020511982104,1010.7817936573633
46.75,-109,36915.08106009616,36861.26120795902,6113.223535315352
46.5,-109,0,0,0
46.25,-109,0,0,0
46,-109,0,0,0
45.75,-109,0,0,0
45.5,-109,0,0,0
45.25,-109,0.4447888504870652,0.4447888504870652,0
45,-109,1.779161147612646,1.779161147612646,0
44.75,-109,213.4991515453006,213.2767565957735,0.6671848485790641
44.5,-109,21.79479299736564,21.79479299736564,0
44.25,-109,21.794756799820874,21.794756799820874,0
44,-109,15449.331370651213,14931.59596109747,879.1271795385535
43.75,-109,18238.831280051025,16251.954901809277,2300.6756360991512
43.5,-109,924.0480288461544,923.158451923077,1.3343653846153853
43.25,-109,1.334366520892521,1.334366520892521,0
43,-109,6950.9545996471,6818.184806142404,150.56139062425547
42.75,-109,10269.03130526752,7831.151041740878,2475.909594402672
42.5,-109,4074.498773040969,3388.6325967373655,688.7573112880233
42.25,-109,14.233314796836066,14.233314796836066,0
42,-109,0,0,0
41.75,-109,0,0,0
41.5,-109,4.6702863105719725,4.6702863105719725,0
41.25,-109,3.7807290570894656,3.7807290570894656,0
41,-109,2327.3547638385685,2260.191730997735,485.7088202793531
40.75,-109,1821.642017467352,1805.4071417165114,317.3584615951555
40.5,-109,277.10555382177125,277.10555382177125,1.3343766636682395
40.25,-109,0,0,0
40,-109,8.228628185326432,8.228628185326432,0
39.75,-109,2349.3815485423256,2326.0300659034733,37.584767294931176
39.5,-109,4736.78316052645,4733.447241121412,10.452547469117928
39.25,-109,0,0,0
39,-109,0,0,0
38.75,-109,2.2239432248206383,2.2239432248206383,0
38.5,-109,0.8895788999379876,0.8895788999379876,0
38.25,-109,0,0,0
38,-109,0,0,0
37.75,-109,0,0,0
37.5,-109,0,0,0
37.25,-109,0,0,0
37,-109,0,0,0
36.75,-109,0,0,0
36.5,-109,0,0,0
36.25,-109,18.236416770864874,18.236416770864874,0
36,-109,3.335924174709067,3.335924174709067,0
35.75,-109,0,0,0
35.5,-109,0,0,0
35.25,-109,0,0,0
35,-109,0,0,0
34.75,-109,0,0,0
34.5,-109,0,0,0
34.25,-109,9.56298242177316,9.56298242177316,0
34,-109,5178.924765995963,5178.924765995963,38.029636062407256
33.75,-109,5019.653724897847,5018.54175517456,7.561394118405346
33.5,-109,3561.451093593246,3561.451093593246,0
33.25,-109,676.5246063348676,676.5246063348676,0
33,-109,84.28786862013496,84.28786862013496,0
32.75,-109,0,0,0
32.5,-109,0,0,0
32.25,-109,0,0,0
32,-109,0,0,0
31.75,-109,0,0,0
31.5,-109,0,0,0
31.25,-109,0,0,0
31,-109,0,0,0
30.75,-109,0,0,0
30.5,-109,0,0,0
30.25,-109,0,0,0
48.75,-108.75,0,0,0
48.5,-108.75,0,0,0
48.25,-108.75,0,0,0
48,-108.75,2152.118233944556,2152.118233944556,0
47.75,-108.75,35.80561648709559,35.80561648709559,0
47.5,-108.75,0,0,0
47.25,-108.75,0,0,0
47,-108.75,62.71549442576627,62.71549442576627,0
46.75,-108.75,301.78995005713114,301.78995005713114,0
46.5,-108.75,0,0,0
46.25,-108.75,0,0,0
46,-108.75,0,0,0
45.75,-108.75,0,0,0
45.5,-108.75,0,0,0
45.25,-108.75,3265.655910251521,3265.655910251521,12.231753954224576
45,-108.75,0.2223944124897285,0.2223944124897285,0
44.75,-108.75,2.8911343438426123,2.8911343438426123,0
44.5,-108.75,0,0,0
44.25,-108.75,7.56144623667254,7.56144623667254,0
44,-108.75,2448.802503886064,2448.802503886064,0
43.75,-108.75,1596.7905175992776,1596.3457291542659,0.4447884450137258
43.5,-108.75,657.8410803828837,657.1738987597772,1.1119693718439558
43.25,-108.75,0,0,0
43,-108.75,0,0,0
42.75,-108.75,9299.616958550449,9287.162908672914,42.699599580104184
42.5,-108.75,7063.0093503929265,6937.801558451395,180.5838846474715
42.25,-108.75,26.24267415666685,26.24267415666685,0
42,-108.75,0,0,0
41.75,-108.75,0.2223959396876511,0.2223959396876511,0
41.5,-108.75,0,0,0
41.25,-108.75,2.668741665712701,2.668741665712701,0
41,-108.75,195.48445651353097,179.2496836745234,29.5784217477809
40.75,-108.75,86.73413453344455,86.28934409993836,2.6687426010290607
40.5,-108.75,95.1853897261177,94.74059818534116,6.2270815708675675
40.25,-108.75,0,0,0
40,-108.75,335.15031103443215,335.15031103443215,0.22239569411707474
39.75,-108.75,2498.82725599864,2433.220808818182,85.84436817510475
39.5,-108.75,3941.037356880812,3777.578045481488,212.8306952505469
39.25,-108.75,0,0,0
39,-108.75,21.794702016503948,21.794702016503948,0
38.75,-108.75,66.27350809965407,66.27350809965407,0
38.5,-108.75,67.38530104571866,67.38530104571866,0
38.25,-108.75,0,0,0
38,-108.75,0,0,0
37.75,-108.75,0,0,0
37.5,-108.75,0,0,0
37.25,-108.75,0,0,0
37,-108.75,0,0,0
36.75,-108.75,0,0,0
36.5,-108.75,0,0,0
36.25,-108.75,0,0,0
36,-108.75,8.895836212058398,8.895836212058398,0
35.75,-108.75,0,0,0
35.5,-108.75,0,0,0
35.25,-108.75,0,0,0
35,-108.75,0,0,0
34.75,-108.75,0,0,0
34.5,-108.75,0,0,0
34.25,-108.75,15.122791985050181,15.122791985050181,0
34,-108.75,1682.6445991121902,1682.6445991121902,0.44479106505741073
33.75,-108.75,845.5441471131406,845.5441471131406,0
33.5,-108.75,17085.460774410098,17078.344149030494,174.13492725497005
33.25,-108.75,23283.740431745253,23270.39667678172,411.6548406242945
33,-108.75,0,0,0
32.75,-108.75,0,0,0
32.5,-108.75,0,0,0
32.25,-108.75,0,0,0
32,-108.75,0,0,0
31.75,-108.75,0,0,0
31.5,-108.75,0,0,0
31.25,-108.75,0,0,0
31,-108.75,0,0,0
30.75,-108.75,0,0,0
30.5,-108.75,0,0,0
30.25,-108.75,0,0,0
48.75,-108.5,0,0,0
48.5,-108.5,0,0,0
48.25,-108.5,0,0,0
48,-108.5,8651.632616652294,8651.632616652294,0
47.75,-108.5,0,0,0
47.5,-108.5,0,0,0
47.25,-108.5,0,0,0
47,-108.5,0,0,0
46.75,-108.5,0,0,0
46.5,-108.5,0,0,0
46.25,-108.5,12.231677569575343,12.231677569575343,0
46,-108.5,0,0,0
45.75,-108.5,0,0,0
45.5,-108.5,89.84794980397247,89.84794980397247,0
45.25,-108.5,54259.34708206653,54159.936773982685,650.2812994120891
45,-108.5,2967.418399074445,2967.1960039309956,0.6671854303547423
44.75,-108.5,0.444788443381175,0.444788443381175,0
44.5,-108.5,0.6671875407357196,0.6671875407357196,0
44.25,-108.5,0,0,0
44,-108.5,0,0,0
43.75,-108.5,0,0,0
43.5,-108.5,21.127418065033908,21.127418065033908,0
43.25,-108.5,0,0,0
43,-108.5,0,0,0
42.75,-108.5,0,0,0
42.5,-108.5,91.84841024896956,91.84841024896956,1.7791459612391265
42.25,-108.5,0,0,0
42,-108.5,0,0,0
41.75,-108.5,0,0,0
41.5,-108.5,0,0,0
41.25,-108.5,0,0,0
41,-108.5,0,0,0
40.75,-108.5,0,0,0
40.5,-108.5,1.77915799779709,1.77915799779709,0
40.25,-108.5,0.8895873281041842,0.8895873281041842,0
40,-108.5,967.415392465966,966.7482094366784,0.6671830292868725
39.75,-108.5,767.9336725119998,741.2461426245287,32.91462019454818
39.5,-108.5,10039.100719424467,10003.07284417698,46.48040695508867
39.25,-108.5,189.92549161619178,189.92549161619178,0
39,-108.5,1.5567667608012774,1.5567667608012774,0
38.75,-108.5,8.673417404189223,8.673417404189223,0
38.5,-108.5,43.811695669889595,43.3669068813627,0.44478878852679926
38.25,-108.5,0,0,0
38,-108.5,2.4463472275560485,2.4463472275560485,0
37.75,-108.5,16.234819655430233,16.234819655430233,0
37.5,-108.5,0.8895781856171097,0.8895781856171097,0
37.25,-108.5,0,0,0
37,-108.5,0,0,0
36.75,-108.5,0,0,0
36.5,-108.5,0,0,0
36.25,-108.5,0,0,0
36,-108.5,0,0,0
35.75,-108.5,0,0,0
35.5,-108.5,0,0,0
35.25,-108.5,0.2223952628696607,0.2223952628696607,0
35,-108.5,0,0,0
34.75,-108.5,0,0,0
34.5,-108.5,0,0,0
34.25,-108.5,967.8641430725652,967.8641430725652,0.4447905069267302
34,-108.5,1575.6701338047371,1575.6701338047371,0
33.75,-108.5,6954.7326718800105,6954.287882121008,1.334369277029934
33.5,-108.5,7577.215065151352,7575.435906320646,8.006214738206953
33.25,-108.5,22715.042426285923,22699.02994263932,87.40147323748492
33,-108.5,728.1226434362173,728.1226434362173,0.6671862951461974
32.75,-108.5,2.44634447441818,2.44634447441818,0
32.5,-108.5,138.32993975570577,138.32993975570577,0
32.25,-108.5,0,0,0
32,-108.5,0,0,0
31.75,-108.5,0,0,0
31.5,-108.5,0,0,0
47.75,-128,0,0,0
31.25,-108.5,0,0,0
31,-108.5,0,0,0
30.75,-108.5,0,0,0
30.5,-108.5,0,0,0
30.25,-108.5,0,0,0
48.75,-108.25,0,0,0
48.5,-108.25,0,0,0
48.25,-108.25,0,0,0
48,-108.25,0.44478497264108524,0.44478497264108524,0
47.75,-108.25,0,0,0
47.5,-108.25,0,0,0
47.25,-108.25,0,0,0
47,-108.25,0,0,0
46.75,-108.25,0,0,0
46.5,-108.25,3.335909681556607,3.335909681556607,0
46.25,-108.25,92.07101830307984,92.07101830307984,0
46,-108.25,0,0,0
45.75,-108.25,0.44478744164052497,0.44478744164052497,0
45.5,-108.25,12.898920324847449,12.898920324847449,0
45.25,-108.25,11603.804748904875,11576.449873404355,125.20971468938548
45,-108.25,3972.4416371539596,3972.4416371539596,0
44.75,-108.25,0.6671826650717625,0.6671826650717625,0
44.5,-108.25,0,0,0
44.25,-108.25,0,0,0
44,-108.25,0,0,0
43.75,-108.25,0,0,0
43.5,-108.25,27.799367946691248,27.799367946691248,0
43.25,-108.25,0,0,0
43,-108.25,0,0,0
42.75,-108.25,0.22239339569466154,0.22239339569466154,0
42.5,-108.25,0.667186048602164,0.667186048602164,0
42.25,-108.25,0,0,0
42,-108.25,0,0,0
41.75,-108.25,0,0,0
41.5,-108.25,0,0,0
41.25,-108.25,0,0,0
41,-108.25,0,0,0
40.75,-108.25,0,0,0
40.5,-108.25,0,0,0
40.25,-108.25,5.337458884211227,5.337458884211227,0
40,-108.25,6.227155093858214,6.227155093858214,0
39.75,-108.25,50.48322314212052,49.81604398165236,0.8895722139580919
39.5,-108.25,1843.6514578508036,1837.202013667729,82.95319587193542
39.25,-108.25,13.343771506192281,13.343771506192281,0
39,-108.25,7261.237581139053,3796.5263934954064,4337.1716786332
38.75,-108.25,7.783754827234249,6.67178985191507,2.001536955574528
38.5,-108.25,82.28617061143287,82.28617061143287,0
38.25,-108.25,55.154154989380906,54.0421760581424,1.1119789312375232
38,-108.25,7574.81416271674,1371.0724989180474,6372.762766666118
37.75,-108.25,20310.78166192144,3999.5302361597282,16744.919350612225
37.5,-108.25,15282.420587035593,11197.663992276159,6899.851546382682
37.25,-108.25,531.7463430685758,468.1413852611264,279.7728563698325
37,-108.25,0,0,0
36.75,-108.25,0,0,0
36.5,-108.25,0,0,0
36.25,-108.25,0,0,0
36,-108.25,0,0,0
35.75,-108.25,0,0,0
35.5,-108.25,0,0,0
35.25,-108.25,1.779157028235012,1.779157028235012,0
35,-108.25,7.116748093252874,7.116748093252874,0
34.75,-108.25,0,0,0
34.5,-108.25,0,0,0
34.25,-108.25,311.7955088672671,311.7955088672671,6.227014442427595
34,-108.25,2808.3989455283368,2808.3989455283368,0
33.75,-108.25,83.62106053727459,83.62106053727459,0
33.5,-108.25,3850.3274841871917,3848.7707180352086,4.225508126815483
33.25,-108.25,495.2736349184461,495.2736349184461,0
33,-108.25,3466.255198716205,3466.0328032844923,10.897376154054566
32.75,-108.25,95.18451202429652,95.18451202429652,0
32.5,-108.25,0,0,0
32.25,-108.25,0,0,0
32,-108.25,0,0,0
31.75,-108.25,0,0,0
31.5,-108.25,0,0,0
31.25,-108.25,0,0,0
31,-108.25,0,0,0
30.75,-108.25,0,0,0
30.5,-108.25,0,0,0
30.25,-108.25,0,0,0
48.75,-108,0,0,0
48.5,-108,0,0,0
48.25,-108,0,0,0
48,-108,0,0,0
47.75,-108,0,0,0
47.5,-108,0,0,0
47.25,-108,0,0,0
47,-108,0,0,0
46.75,-108,0,0,0
46.5,-108,0,0,0
46.25,-108,0,0,0
46,-108,0,0,0
45.75,-108,0,0,0
45.5,-108,0,0,0
45.25,-108,16563.659720800915,16560.76860281648,12.45404670262562
45,-108,35599.68019286839,32640.71280924511,4372.51091540153
44.75,-108,10483.697920672344,9096.398225526944,1511.6184719306261
44.5,-108,0,0,0
48.75,-126,0,0,0
44.25,-108,0,0,0
44,-108,0,0,0
43.75,-108,0,0,0
43.5,-108,14.455624999999076,14.455624999999076,0
43.25,-108,0,0,0
43,-108,0,0,0
42.75,-108,1.1119704996627535,1.1119704996627535,0
42.5,-108,4.447899976028567,4.447899976028567,0
42.25,-108,0,0,0
42,-108,0,0,0
48.5,-126,0,0,0
41.75,-108,0,0,0
41.5,-108,0,0,0
41.25,-108,0,0,0
41,-108,0,0,0
40.75,-108,0.22239487527523,0.22239487527523,0
40.5,-108,1.5567680111614541,1.5567680111614541,0
40.25,-108,386.3038860478767,372.5152614451316,26.020469008405513
40,-108,417.20988678041846,415.8755268013755,1.3343599790418477
39.75,-108,3539.8891572464086,3346.181583208486,827.3159304489943
39.5,-108,6887.964841700193,3076.8111063193205,4846.839266434645
48.25,-126,0,0,0
39.25,-108,6849.823291820934,3141.5780461124173,4957.226012165213
39,-108,29986.084250592605,1540.3025929824607,29205.258029980174
38.75,-108,0,0,0
38.5,-108,0,0,0
38.25,-108,1188.257163817443,1147.558855567659,142.1104861836691
38,-108,24838.540651120973,10013.833156331373,15581.966514873304
37.75,-108,47352.52103909569,6933.602361607754,40808.1095596386
37.5,-108,49370.254934471166,33642.067823667865,22734.94968981652
37.25,-108,4484.620550012729,4158.810031502007,1583.906152104672
37,-108,0,0,0
48,-126,0,0,0
36.75,-108,0,0,0
36.5,-108,0,0,0
36.25,-108,0,0,0
36,-108,0,0,0
35.75,-108,0,0,0
35.5,-108,0,0,0
35.25,-108,0.6671819825781383,0.6671819825781383,0
35,-108,0,0,0
34.75,-108,0,0,0
34.5,-108,0,0,0
47.75,-126,0,0,0
34.25,-108,0,0,0
34,-108,144.11291260908015,144.11291260908015,0
33.75,-108,213.27549409052972,213.27549409052972,0
33.5,-108,5.5599024191227215,5.5599024191227215,0
33.25,-108,5967.2939635690855,5967.2939635690855,0
33,-108,4188.589741380988,4188.589741380988,0.6671853681715494
32.75,-108,111.42002543845197,111.42002543845197,0
32.5,-108,0,0,0
32.25,-108,0,0,0
32,-108,0,0,0
47.5,-126,0,0,0
31.75,-108,0,0,0
31.5,-108,0,0,0
31.25,-108,0,0,0
31,-108,0,0,0
30.75,-108,0,0,0
30.5,-108,0,0,0
30.25,-108,0,0,0
48.75,-107.75,0,0,0
48.5,-107.75,0,0,0
47.25,-126,0,0,0
48.25,-107.75,0,0,0
48,-107.75,0,0,0
47.75,-107.75,0,0,0
47.5,-107.75,0,0,0
47.25,-107.75,0,0,0
47,-107.75,0,0,0
46.75,-107.75,0,0,0
46.5,-107.75,0,0,0
46.25,-107.75,0,0,0
46,-107.75,0,0,0
47,-126,0,0,0
45.75,-107.75,0,0,0
45.5,-107.75,0,0,0
45.25,-107.75,829.0918909997198,829.0918909997198,0.6671876805255257
45,-107.75,44661.172520669614,40068.9578439476,6048.450896547419
44.75,-107.75,26325.514282161075,17941.46079932978,8957.164329942798
44.5,-107.75,2914.0575303359415,2914.0575303359415,0.4447924185813849
44.25,-107.75,0,0,0
44,-107.75,0,0,0
43.75,-107.75,0,0,0
43.5,-107.75,8.45098076923077,8.45098076923077,0
46.75,-126,0,0,0
43.25,-107.75,0,0,0
43,-107.75,0,0,0
42.75,-107.75,0,0,0
42.5,-107.75,1.1119714866974717,1.1119714866974717,0
42.25,-107.75,172.35708787583698,172.35708787583698,0
42,-107.75,0,0,0
41.75,-107.75,0,0,0
41.5,-107.75,0,0,0
41.25,-107.75,0,0,0
41,-107.75,7.339018210512037,7.339018210512037,0
46.5,-126,0,0,0
40.75,-107.75,0,0,0
40.5,-107.75,0,0,0
40.25,-107.75,1752.6934040776055,1346.1557130924655,538.6402010754916
40,-107.75,6476.627076480071,4551.786497298183,3138.6799646440295
39.75,-107.75,24848.7558541081,18362.63300333835,13399.464696784891
39.5,-107.75,3883.0394639025435,1850.11485109996,2668.755645293845
39.25,-107.75,17326.208196659667,1876.9984748653299,16253.828262323144
39,-107.75,40965.8954889988,423.8878883075731,40805.10275906892
38.75,-107.75,1.1119682938548456,1.1119682938548456,0
38.5,-107.75,519.0716038367167,489.0481820209674,100.52286415346853
46.25,-126,0,0,0
38.25,-107.75,2711.655746524252,1771.1495419764722,1317.68722202544
38,-107.75,36361.05583898803,13625.304727496163,24367.91432428685
37.75,-107.75,32591.385219077176,10750.595791726837,22579.14230340613
37.5,-107.75,47850.84363101205,28723.938868338762,25771.860664769985
37.25,-107.75,3357.0518814806164,3289.443814440535,945.8457536891062
37,-107.75,0,0,0
36.75,-107.75,0,0,0
36.5,-107.75,0,0,0
36.25,-107.75,0,0,0
36,-107.75,0,0,0
46,-126,0,0,0
35.75,-107.75,0,0,0
35.5,-107.75,0,0,0
35.25,-107.75,1.5567735007080914,1.5567735007080914,0
35,-107.75,0,0,0
34.75,-107.75,0,0,0
34.5,-107.75,0,0,0
34.25,-107.75,0,0,0
34,-107.75,0.44479106505741073,0.44479106505741073,0
33.75,-107.75,301.5678791615289,301.5678791615289,0
33.5,-107.75,151.44983743710876,151.44983743710876,0
45.75,-126,0,0,0
33.25,-107.75,6737.697285503505,6737.474889897296,0.6671868186067631
33,-107.75,12555.264321312014,12546.14615928608,45.14602173813232
32.75,-107.75,704.7744860323277,704.7744860323277,0.8895859716406779
32.5,-107.75,0,0,0
32.25,-107.75,0,0,0
32,-107.75,0,0,0
31.75,-107.75,0,0,0
31.5,-107.75,0,0,0
31.25,-107.75,0,0,0
31,-107.75,0,0,0
45.5,-126,0,0,0
30.75,-107.75,0,0,0
30.5,-107.75,0,0,0
30.25,-107.75,0,0,0
48.75,-107.5,0,0,0
48.5,-107.5,0,0,0
48.25,-107.5,0,0,0
48,-107.5,0,0,0
47.75,-107.5,0,0,0
47.5,-107.5,0,0,0
45.25,-126,0,0,0
47.25,-107.5,0,0,0
47,-107.5,0,0,0
46.75,-107.5,0,0,0
46.5,-107.5,0,0,0
46.25,-107.5,0,0,0
46,-107.5,0,0,0
45.75,-107.5,0,0,0
45.5,-107.5,0,0,0
45.25,-107.5,0,0,0
45,-107.5,17490.459708232902,17359.9139735644,271.9888134573763
45,-126,0,0,0
44.75,-107.5,23861.382273625823,20577.503822539922,3549.862375472911
44.5,-107.5,21989.57592881359,16090.313306056692,6299.352099434097
44.25,-107.5,7569.909547591923,7545.2236095290955,41.81041761993231
44,-107.5,2.4463442891282754,2.4463442891282754,0
43.75,-107.5,0,0,0
43.5,-107.5,247.5251755211143,245.07883506223527,5.782259266441139
43.25,-107.5,8.673368542521558,8.673368542521558,0
43,-107.5,0.22239567105622987,0.22239567105622987,0
42.75,-107.5,2.001556406679721,2.001556406679721,0
42.5,-107.5,0.2223939466101871,0.2223939466101871,0
44.75,-126,0,0,0
42.25,-107.5,25.79780201827196,25.79780201827196,0
42,-107.5,0,0,0
41.75,-107.5,0.22239559302166031,0.22239559302166031,0
41.5,-107.5,1.779159452471722,1.779159452471722,0
41.25,-107.5,5.782273609044189,5.782273609044189,0
41,-107.5,1161.566427681951,1017.0100083839864,654.5069876829369
40.75,-107.5,8375.861514083212,632.9377587244649,8171.92478718569
40.5,-107.5,2.446349731825148,2.446349731825148,0
40.25,-107.5,10912.27882543021,3872.794820674626,8033.591782889023
40,-107.5,54371.686844479205,14894.996856234291,45542.77336638079
44.5,-126,0,0,0
39.75,-107.5,43871.36482167505,13100.829120360286,36216.093212028776
39.5,-107.5,7253.612216493841,3392.1801305549607,5535.6163134887165
39.25,-107.5,24062.937081241624,3437.78483536661,22394.52837151714
39,-107.5,10516.658149605591,2882.473487502919,9066.414371192936
38.75,-107.5,10463.446092000158,6138.75964372209,5008.550010370795
38.5,-107.5,13010.681203407798,9748.837174718974,5122.164837305578
38.25,-107.5,38258.41571803111,17725.44149532927,21891.59410796143
38,-107.5,19340.792613523023,5102.405594508885,14386.502005107664
37.75,-107.5,12495.696054516302,1135.1030071413543,11415.524560455657
37.5,-107.5,46053.24027485131,35698.77258881456,20001.4983199615
44.25,-126,0,0,0
37.25,-107.5,14804.67487170338,12582.49470799263,7881.711869686608
37,-107.5,0.6671822202526555,0.6671822202526555,0
36.75,-107.5,0,0,0
36.5,-107.5,0,0,0
36.25,-107.5,0,0,0
36,-107.5,0,0,0
35.75,-107.5,0,0,0
35.5,-107.5,0,0,0
35.25,-107.5,9.118179769704476,9.118179769704476,0
35,-107.5,0,0,0
44,-126,0,0,0
34.75,-107.5,0,0,0
34.5,-107.5,0.6671844566879723,0.6671844566879723,0
34.25,-107.5,15.567645802886533,15.567645802886533,0
34,-107.5,2635.3833571751743,2635.3833571751743,2.668742640177398
33.75,-107.5,9843.850758461047,9843.850758461047,4.003102221998029
33.5,-107.5,2593.1312420010095,2593.1312420010095,4.892700456605696
33.25,-107.5,0,0,0
33,-107.5,0,0,0
32.75,-107.5,0,0,0
32.5,-107.5,0,0,0
43.75,-126,0,0,0
32.25,-107.5,0,0,0
32,-107.5,0,0,0
31.75,-107.5,0,0,0
31.5,-107.5,0,0,0
31.25,-107.5,0,0,0
31,-107.5,0,0,0
30.75,-107.5,0,0,0
30.5,-107.5,0,0,0
30.25,-107.5,0,0,0
43.5,-126,0,0,0
48.75,-107.25,0,0,0
48.5,-107.25,0,0,0
48.25,-107.25,0,0,0
48,-107.25,0,0,0
47.75,-107.25,0,0,0
47.5,-107.25,0,0,0
47.25,-107.25,0,0,0
47,-107.25,0,0,0
46.75,-107.25,0,0,0
46.5,-107.25,0,0,0
43.25,-126,0,0,0
46.25,-107.25,0,0,0
46,-107.25,0,0,0
45.75,-107.25,1.111977861511232,1.111977861511232,0
45.5,-107.25,52.040644193390065,52.040644193390065,0
45.25,-107.25,525.5145573861406,525.5145573861406,0
45,-107.25,129.21221538385592,129.21221538385592,0
44.75,-107.25,26288.45311362207,25404.86930396581,942.9638441838957
44.5,-107.25,14128.600960371203,7050.067354710043,7203.7406313292195
44.25,-107.25,16076.96907203119,12202.617457646642,4165.912085451475
44,-107.25,15090.779027718036,15089.889437914611,6.227128623920223
43,-126,0,0,0
43.75,-107.25,3587.8744448449424,3587.6520513381633,4.447870135554379
43.5,-107.25,6275.287953064178,6269.505712330586,42.25483613006921
43.25,-107.25,147.22557610232698,147.22557610232698,0.8895805202557544
43,-107.25,0,0,0
42.75,-107.25,0.44478327023890435,0.44478327023890435,0
42.5,-107.25,0,0,0
42.25,-107.25,604.700132741625,604.700132741625,0
42,-107.25,0.22239260923720114,0.22239260923720114,0
41.75,-107.25,0,0,0
41.5,-107.25,132.77080499394273,120.53898878847131,44.03453833969937
42.75,-126,0,0,0
41.25,-107.25,27705.76399773526,15914.596133200024,15916.59768944933
41,-107.25,8994.898278676013,6774.084002582993,4540.148552617586
40.75,-107.25,25207.20215209623,1842.769595499275,24190.85445098213
40.5,-107.25,295.3451976459032,153.4549596202366,160.12691438633271
40.25,-107.25,26230.4169364525,4373.36704131839,22739.729467317848
40,-107.25,46396.20071349269,829.3097648875925,45767.49095073136
39.75,-107.25,44187.03310189954,5333.535132746572,40057.11285275002
39.5,-107.25,11972.578637453438,8991.832441153845,5959.268453036169
39.25,-107.25,37131.48901150089,15924.710278070714,29479.15043710577
39,-107.25,25875.58135767064,10860.498500378082,19892.010236061236
42.5,-126,0,0,0
38.75,-107.25,37443.97774216364,11832.151074541962,27538.44593267731
38.5,-107.25,18385.180531183963,16642.51360675725,2594.4298545638353
38.25,-107.25,25443.781695307152,23666.399839939495,1872.566969744129
38,-107.25,17203.36177793011,14012.175308561735,3204.975134857281
37.75,-107.25,16865.679188147504,11358.318936353766,5520.259092635509
37.5,-107.25,53759.79961058376,44644.527711790884,20077.527795425907
37.25,-107.25,32302.73964707332,31254.366751588273,13479.842584034357
37,-107.25,0.4447933339747461,0.4447933339747461,0
36.75,-107.25,0,0,0
36.5,-107.25,0,0,0
42.25,-126,0,0,0
36.25,-107.25,0,0,0
36,-107.25,0,0,0
35.75,-107.25,0,0,0
35.5,-107.25,0,0,0
35.25,-107.25,0,0,0
35,-107.25,0,0,0
34.75,-107.25,0,0,0
34.5,-107.25,0,0,0
34.25,-107.25,0,0,0
34,-107.25,9028.121270033093,9028.121270033093,45.81335094535822
42,-126,0,0,0
33.75,-107.25,7.561457688201123,7.561457688201123,0
33.5,-107.25,2.6687307885765352,2.6687307885765352,0
33.25,-107.25,0,0,0
33,-107.25,0,0,0
32.75,-107.25,0,0,0
32.5,-107.25,0,0,0
32.25,-107.25,0,0,0
32,-107.25,0,0,0
31.75,-107.25,0,0,0
31.5,-107.25,0,0,0
41.75,-126,0,0,0
31.25,-107.25,0,0,0
31,-107.25,0,0,0
30.75,-107.25,0,0,0
30.5,-107.25,0,0,0
30.25,-107.25,0,0,0
48.75,-107,0,0,0
48.5,-107,0,0,0
48.25,-107,0,0,0
48,-107,0,0,0
41.5,-126,0,0,0
47.75,-107,0,0,0
47.5,-107,0,0,0
47.25,-107,0,0,0
47,-107,0,0,0
46.75,-107,0,0,0
46.5,-107,0,0,0
46.25,-107,0,0,0
46,-107,3.3359367813689,3.3359367813689,0
45.75,-107,48.926211261203065,48.926211261203065,0
45.5,-107,449.237514878042,449.237514878042,0
41.25,-126,0,0,0
45.25,-107,150.56351095295375,150.56351095295375,0
45,-107,1.1119738898502711,1.1119738898502711,0
44.75,-107,872.2329920423626,872.2329920423626,6.004663637211571
44.5,-107,36539.399494228564,33416.982154612284,3269.8648250982505
44.25,-107,16975.9742268376,15316.006302125534,1682.652373843907
44,-107,25109.196639752598,24879.6858081414,251.52785906221368
43.75,-107,15234.620633722701,15232.619063174312,22.46206948710969
43.5,-107,4681.361046786482,4681.138654337704,9.340482848695125
43.25,-107,0,0,0
43,-107,0,0,0
41,-126,0,0,0
42.75,-107,0.22239515629774675,0.22239515629774675,0
42.5,-107,0,0,0
42.25,-107,16.456908306051478,16.456908306051478,0
42,-107,0,0,0
41.75,-107,0,0,0
41.5,-107,0.6671816866152785,0.6671816866152785,0
41.25,-107,41093.02969353555,8296.087086599307,34280.29294115275
41,-107,52316.07744838908,12099.79981659719,44163.84677388283
40.75,-107,40192.37554758139,8883.799328392246,35102.86101220229
40.5,-107,5783.331229873715,4786.120799773587,2194.129817878636
40.75,-126,0,0,0
40.25,-107,17098.69201140136,8395.77958875712,9679.910640795051
40,-107,26114.314363168272,4215.243173793195,22375.215308563158
39.75,-107,5579.405369086894,3749.7749493054052,2003.7644441754182
39.5,-107,30151.69221350473,16762.059967338184,17694.125687427335
39.25,-107,28502.569415936654,12717.427392526035,18882.435170020035
39,-107,23002.7856575996,1383.0760693461589,21956.4159990896
38.75,-107,27406.51895523151,9444.112743561962,18265.971743976745
38.5,-107,7886.409709612806,7702.710027704783,213.50084095847015
38.25,-107,22709.41315086276,22645.80757893056,64.27276324623169
38,-107,11560.547828540113,10529.543466862033,1031.6715344746863
40.5,-126,0,0,0
37.75,-107,25026.527807016704,18441.74654592946,6590.118830334287
37.5,-107,35680.758630555894,15484.220293397804,23380.78345257446
37.25,-107,3556.503749029293,3175.100301706548,1297.438898939274
37,-107,11.119736090216794,11.119736090216794,0
36.75,-107,8.451101139791577,8.451101139791577,0
36.5,-107,1.1119842060742307,1.1119842060742307,0
36.25,-107,4160.247255626996,4138.897828324902,112.52927307142981
36,-107,5125.417184245636,5078.268505817282,184.3691246090267
35.75,-107,861.5608879756529,860.671305231227,81.6192168009961
35.5,-107,0,0,0
40.25,-126,0,0,0
35.25,-107,0,0,0
35,-107,0,0,0
34.75,-107,0,0,0
34.5,-107,0,0,0
34.25,-107,0,0,0
34,-107,39.8091919069843,39.8091919069843,0
33.75,-107,0,0,0
33.5,-107,0,0,0
33.25,-107,0,0,0
33,-107,0,0,0
40,-126,0,0,0
32.75,-107,0,0,0
32.5,-107,0,0,0
32.25,-107,0,0,0
32,-107,0,0,0
31.75,-107,0,0,0
31.5,-107,0,0,0
31.25,-107,0,0,0
31,-107,0,0,0
30.75,-107,0,0,0
30.5,-107,0,0,0
39.75,-126,0,0,0
30.25,-107,0,0,0
48.75,-106.75,0,0,0
48.5,-106.75,0,0,0
48.25,-106.75,0,0,0
48,-106.75,0,0,0
47.75,-106.75,0,0,0
47.5,-106.75,0,0,0
47.25,-106.75,0,0,0
47,-106.75,0,0,0
39.5,-126,0,0,0
46.75,-106.75,0,0,0
46.5,-106.75,0,0,0
46.25,-106.75,0,0,0
46,-106.75,0,0,0
45.75,-106.75,3.335911366712903,3.335911366712903,0
45.5,-106.75,8.451058793105167,8.451058793105167,0
45.25,-106.75,0.4447859139958873,0.4447859139958873,0
45,-106.75,0,0,0
44.75,-106.75,0,0,0
44.5,-106.75,71.61134602004421,71.61134602004421,0
39.25,-126,0,0,0
44.25,-106.75,15148.047741204779,15148.047741204779,0.6671875152116977
44,-106.75,14118.765285677362,14118.765285677362,2.446348241985527
43.75,-106.75,722.3422464884038,722.3422464884038,0
43.5,-106.75,0.22239387436879168,0.22239387436879168,0
43.25,-106.75,0,0,0
43,-106.75,0,0,0
42.75,-106.75,0,0,0
42.5,-106.75,0.22239359588198546,0.22239359588198546,0
42.25,-106.75,190.1493846787039,190.1493846787039,0
42,-106.75,9.340562667530428,9.340562667530428,0
39,-126,0,0,0
41.75,-106.75,26.242679976555554,26.242679976555554,6.671867790649824
41.5,-106.75,272.4346372497412,268.209120427092,20.46039724650983
41.25,-106.75,4348.263027379736,3385.515960812287,1328.8088987619644
41,-106.75,65672.20368155642,8070.2512976685075,58132.363245465865
40.75,-106.75,44997.51569236814,6470.821162279351,41169.42094854374
40.5,-106.75,54205.633095550285,9075.5265979987,48859.01637964921
40.25,-106.75,57158.750892435215,15388.654968219913,43199.20925358571
40,-106.75,16910.523789274113,11944.205543945764,5184.710816951376
39.75,-106.75,7724.892852008511,4226.173567488625,3845.655598011543
39.5,-106.75,52621.1737860506,19516.96653628206,37354.40378427114
38.75,-126,0,0,0
39.25,-106.75,71045.9312528268,25663.215739484385,47449.20540156364
39,-106.75,45848.90353127202,2743.488363108745,43366.50914824512
38.75,-106.75,44426.33665892718,19490.522087394504,25059.020290797984
38.5,-106.75,4227.939829341492,4018.8890987338846,210.60749136743857
38.25,-106.75,17712.961042887513,17456.093529082213,257.3123060369737
38,-106.75,10747.295784300833,8974.130977508696,1774.0543915440762
37.75,-106.75,28472.357274298418,27943.724080720498,534.8602568594489
37.5,-106.75,66789.82417476,25304.38527047272,43781.4503080573
37.25,-106.75,53386.79909618728,23926.583883469586,35411.949061818974
37,-106.75,9844.288010227505,4818.174624230855,6046.681276631103
38.5,-126,0,0,0
36.75,-106.75,6.6718734788237795,6.6718734788237795,0
36.5,-106.75,373.62128151424787,373.3988878942998,0.22239361994895723
36.25,-106.75,26845.968282501886,26308.661949542562,1002.1118941700857
36,-106.75,80897.82395546064,77484.2888582467,6910.245784131408
35.75,-106.75,15022.426916570166,15008.860740785389,555.7684145275786
35.5,-106.75,0,0,0
35.25,-106.75,0,0,0
35,-106.75,0,0,0
34.75,-106.75,0,0,0
34.5,-106.75,0,0,0
34.25,-106.75,0,0,0
34,-106.75,0,0,0
33.75,-106.75,0,0,0
33.5,-106.75,0,0,0
33.25,-106.75,0,0,0
33,-106.75,0,0,0
32.75,-106.75,0,0,0
32.5,-106.75,0,0,0
32.25,-106.75,0,0,0
32,-106.75,0,0,0
31.75,-106.75,0,0,0
31.5,-106.75,0,0,0
31.25,-106.75,0,0,0
31,-106.75,0,0,0
30.75,-106.75,0,0,0
30.5,-106.75,0,0,0
30.25,-106.75,0,0,0
48.75,-106.5,0,0,0
48.5,-106.5,0,0,0
48.25,-106.5,0,0,0
48,-106.5,0,0,0
47.75,-106.5,0,0,0
47.5,-106.5,0,0,0
47.25,-106.5,0,0,0
47,-106.5,0,0,0
46.75,-106.5,0,0,0
46.5,-106.5,0,0,0
46.25,-106.5,0,0,0
46,-106.5,0,0,0
45.75,-106.5,0.8895734021102619,0.8895734021102619,0
45.5,-106.5,0.4447925680581671,0.4447925680581671,0
45.25,-106.5,0,0,0
45,-106.5,0,0,0
44.75,-106.5,0,0,0
44.5,-106.5,0,0,0
44.25,-106.5,0,0,0
44,-106.5,0,0,0
43.75,-106.5,0,0,0
43.5,-106.5,0,0,0
43.25,-106.5,0,0,0
43,-106.5,0,0,0
42.75,-106.5,426.77495349002896,418.9911476681676,48.92677945169697
42.5,-106.5,21.572178800551686,21.572178800551686,0
42.25,-106.5,1008.7925250322824,1008.7925250322824,0
42,-106.5,29.133477397517296,29.133477397517296,0
41.75,-106.5,4822.885865888528,3708.9028675377167,1305.9109934749335
41.5,-106.5,29600.71942557759,13418.844543204357,17170.863607283427
41.25,-106.5,26750.437245522997,13060.862121455883,14420.367811219878
41,-106.5,14651.326501833217,12340.428904982147,2556.8655250694637
40.75,-106.5,10641.6274613372,1045.2591236841133,9721.354641378712
40.5,-106.5,14685.659835576558,1738.2426821768586,13554.111886892324
40.25,-106.5,20102.802516198717,3513.631482359321,16886.06944696363
40,-106.5,20100.598152926475,16023.189304530202,4173.261538134423
39.75,-106.5,42993.193069164525,8662.510478727025,34806.163255979365
39.5,-106.5,47444.33535695336,10865.534291461585,37433.01882780839
39.25,-106.5,29833.600877515968,4434.075307093001,25520.285069457423
39,-106.5,12194.876003803327,2648.7393442991206,9575.270568329011
38.75,-106.5,23940.339750295137,4311.787558326401,19630.776138512043
38.5,-106.5,29509.59994170589,26943.160998851996,2574.445164859351
38.25,-106.5,41487.87243754664,41047.7518288417,441.8997723581095
38,-106.5,35567.71727233654,35428.275274401385,148.56021470593757
37.75,-106.5,18016.30801187723,17984.060577465196,37.807336896915096
37.5,-106.5,35561.006008504344,18569.89013020624,17030.479597496247
37.25,-106.5,46928.32877042881,15367.379181748387,31669.4775342767
37,-106.5,48782.8601868548,18548.966970219564,33040.97985530339
36.75,-106.5,29593.446214606836,22162.05874326858,10035.875835152096
36.5,-106.5,4068.8724162054677,3839.1421360382,655.8321357340357
36.25,-106.5,3226.766405082483,3223.2080438941694,104.08206475832911
36,-106.5,66081.9262102776,64031.898459607495,3338.800891821322
35.75,-106.5,18318.43141334505,17939.02600607817,2087.174529425432
35.5,-106.5,0,0,0
35.25,-106.5,9495.610538745885,9494.276167168668,237.51814074479714
35,-106.5,877.5690256276085,877.5690256276085,10.230150830935123
34.75,-106.5,4590.475017153296,4589.363037351638,69.83233154334174
34.5,-106.5,2287.798137633622,2287.1309465757045,26.465245297792507
34.25,-106.5,0,0,0
34,-106.5,0,0,0
33.75,-106.5,0,0,0
33.5,-106.5,0,0,0
33.25,-106.5,1.111973383193403,1.111973383193403,0
33,-106.5,0,0,0
32.75,-106.5,7.116648331398198,7.116648331398198,0
32.5,-106.5,0,0,0
32.25,-106.5,143.00161641940264,143.00161641940264,1.1119876859984739
32,-106.5,0,0,0
31.75,-106.5,0,0,0
31.5,-106.5,0,0,0
31.25,-106.5,0,0,0
31,-106.5,0,0,0
30.75,-106.5,0,0,0
30.5,-106.5,0,0,0
30.25,-106.5,0,0,0
48.75,-106.25,0,0,0
48.5,-106.25,0,0,0
48.25,-106.25,0,0,0
48,-106.25,0,0,0
47.75,-106.25,0,0,0
47.5,-106.25,0,0,0
47.25,-106.25,0,0,0
47,-106.25,0,0,0
46.75,-106.25,0,0,0
46.5,-106.25,0,0,0
46.25,-106.25,0,0,0
46,-106.25,0,0,0
45.75,-106.25,0,0,0
45.5,-106.25,0.6671855340438336,0.6671855340438336,0
45.25,-106.25,0.22239589350850902,0.22239589350850902,0
45,-106.25,0,0,0
44.75,-106.25,0,0,0
44.5,-106.25,0,0,0
44.25,-106.25,0,0,0
44,-106.25,0,0,0
43.75,-106.25,0,0,0
43.5,-106.25,0,0,0
43.25,-106.25,0,0,0
43,-106.25,0,0,0
42.75,-106.25,13181.965485302077,13076.105893734182,792.8349662595438
42.5,-106.25,3775.6177578715774,3770.7250447495276,42.47764574150033
42.25,-106.25,0.667182438822091,0.667182438822091,0
42,-106.25,23.796269839654773,23.796269839654773,0
41.75,-106.25,3.78073097469007,3.78073097469007,0
41.5,-106.25,34617.880162985704,6660.081699361627,28175.746173423864
41.25,-106.25,31852.346657797443,4133.855260430367,27757.63269959619
41,-106.25,20776.634220694086,14928.52164049478,5923.727056821801
40.75,-106.25,1534.971786025221,449.90552349014905,1086.6230290523335
40.5,-106.25,12599.590700620181,1977.5401650353895,10658.745781562173
40.25,-106.25,40822.69119606135,11044.60413370524,29880.833772310874
40,-106.25,5957.09106261998,5411.776820644908,599.8011870337517
39.75,-106.25,27158.260197271815,7389.532264752264,20135.680357861667
39.5,-106.25,42827.73852858242,6070.687825142881,36920.28786736427
39.25,-106.25,6803.079061408721,1256.089916274485,5550.769869032379
39,-106.25,18216.227211471036,13164.948735917204,5052.612851059245
38.75,-106.25,18039.01684388959,12403.116743315719,5643.906272289658
38.5,-106.25,30121.98633661188,24650.41705454946,5478.463508284576
38.25,-106.25,25448.455891833742,24310.005113088235,1141.564338210775
38,-106.25,14764.350896057882,14756.789470341393,8.895794960569901
37.75,-106.25,382.74086979820004,382.74086979820004,24.240996402093955
37.5,-106.25,12096.519666045519,12046.035955864012,66.05137411412453
37.25,-106.25,16093.189836041152,15827.64986859597,296.6753070115785
37,-106.25,32497.778766286567,26761.346036554252,6325.777024288845
36.75,-106.25,51261.264888498845,46600.725323634615,5678.892812979974
36.5,-106.25,42093.51293092837,41089.62376828468,2594.010454823951
36.25,-106.25,46.25809432502031,45.3685155879995,1.7791574740392557
36,-106.25,3323.2476628451823,3287.442076703298,218.16944102597319
35.75,-106.25,8.006244699825373,8.006244699825373,0
35.5,-106.25,0,0,0
35.25,-106.25,537.9718391812743,537.9718391812743,0
35,-106.25,51.37329482924801,51.37329482924801,0
34.75,-106.25,91.18234373493745,91.18234373493745,0
34.5,-106.25,0,0,0
34.25,-106.25,0,0,0
34,-106.25,0.22239584504350624,0.22239584504350624,0
33.75,-106.25,0.22239487950498849,0.22239487950498849,0
33.5,-106.25,0,0,0
33.25,-106.25,0,0,0
33,-106.25,0,0,0
32.75,-106.25,0,0,0
32.5,-106.25,0,0,0
32.25,-106.25,0,0,0
32,-106.25,0,0,0
31.75,-106.25,0,0,0
31.5,-106.25,0,0,0
31.25,-106.25,0,0,0
31,-106.25,0,0,0
30.75,-106.25,0,0,0
30.5,-106.25,0,0,0
30.25,-106.25,0,0,0
48.75,-106,0,0,0
48.5,-106,0,0,0
48.25,-106,0,0,0
48,-106,0,0,0
47.75,-106,0,0,0
47.5,-106,0,0,0
47.25,-106,0,0,0
47,-106,0,0,0
46.75,-106,0,0,0
46.5,-106,0,0,0
46.25,-106,0,0,0
46,-106,0,0,0
45.75,-106,0.667183384228071,0.667183384228071,0
45.5,-106,0.22239628402908354,0.22239628402908354,0
45.25,-106,0,0,0
45,-106,0,0,0
44.75,-106,0,0,0
44.5,-106,0,0,0
44.25,-106,0,0,0
44,-106,0,0,0
43.75,-106,0,0,0
43.5,-106,0,0,0
43.25,-106,0,0,0
43,-106,0,0,0
42.75,-106,3450.894712509007,3450.894712509007,26.687334246379272
42.5,-106,29681.983667985063,29667.083297061065,166.12801612384365
42.25,-106,55.59888592514336,55.59888592514336,0
42,-106,0,0,0
41.75,-106,0.22239559302166031,0.22239559302166031,0
41.5,-106,1021.0151307872082,908.9280852814896,148.55981428138864
41.25,-106,4541.975919904218,4260.8684644491395,310.90840405552984
41,-106,11850.75351812038,8342.697406970734,3522.7341701921086
40.75,-106,34047.4778701953,6941.198425847308,27193.681032934073
40.5,-106,39622.89996955697,2878.4508422303866,36967.51072006075
40.25,-106,37034.18765947332,14498.049479777954,22598.854086326668
40,-106,24430.72287535445,13142.413664798141,11353.693246726025
39.75,-106,40077.81606047074,6251.970285178146,33905.463211337585
39.5,-106,25535.872873458582,5123.542868603038,20432.567976946935
39.25,-106,5792.042902371253,2022.6781676035337,3770.0319183304287
39,-106,9196.919461127603,8285.767479886623,911.5967710780587
38.75,-106,9280.973714879183,9279.639346953147,1.7791572347127789
38.5,-106,23615.17114925334,23574.472975103068,157.90001992701417
38.25,-106,15428.485275134339,15370.88476649628,66.05154851550805
38,-106,0.22239553099691392,0.22239553099691392,0
37.75,-106,0,0,0
37.5,-106,0,0,0
37.25,-106,0,0,0
37,-106,46.25796727084985,46.25796727084985,1.7791525873404175
36.75,-106,8438.140784451058,8436.361618190034,160.56975505702502
36.5,-106,4904.898392383564,4903.564028731128,74.50197059390108
36.25,-106,0,0,0
36,-106,1.3343735111615203,1.3343735111615203,0
35.75,-106,223.5073438253316,223.5073438253316,2.223953669903799
35.5,-106,1.5567616281980658,1.5567616281980658,0
35.25,-106,0.2223952628696607,0.2223952628696607,0
35,-106,0,0,0
34.75,-106,0,0,0
34.5,-106,0.2223945045548022,0.2223945045548022,0
34.25,-106,0,0,0
34,-106,0,0,0
33.75,-106,0,0,0
33.5,-106,23.129129431225884,23.129129431225884,0
33.25,-106,323.36276088834387,323.36276088834387,0
33,-106,1.1119756136192493,1.1119756136192493,0
32.75,-106,193.03935345227637,193.03935345227637,0
32.5,-106,0,0,0
32.25,-106,0,0,0
32,-106,0,0,0
31.75,-106,0,0,0
31.5,-106,0,0,0
31.25,-106,0,0,0
31,-106,0,0,0
30.75,-106,0,0,0
30.5,-106,0,0,0
30.25,-106,0,0,0
48.75,-105.75,0,0,0
48.5,-105.75,0,0,0
48.25,-105.75,0,0,0
48,-105.75,0,0,0
47.75,-105.75,0,0,0
47.5,-105.75,0,0,0
47.25,-105.75,0,0,0
47,-105.75,0,0,0
46.75,-105.75,0,0,0
46.5,-105.75,0,0,0
46.25,-105.75,0,0,0
46,-105.75,0,0,0
45.75,-105.75,0,0,0
45.5,-105.75,0,0,0
45.25,-105.75,0,0,0
45,-105.75,0,0,0
44.75,-105.75,0,0,0
44.5,-105.75,0,0,0
44.25,-105.75,0,0,0
44,-105.75,0,0,0
43.75,-105.75,0,0,0
43.5,-105.75,0,0,0
43.25,-105.75,0,0,0
43,-105.75,0,0,0
42.75,-105.75,490.3789903512738,490.3789903512738,0
42.5,-105.75,29408.133892876307,29347.64254860126,345.82367774870767
42.25,-105.75,8382.061707488725,8381.39452295377,8.89579379940432
42,-105.75,3.3359308985071845,3.3359308985071845,0
41.75,-105.75,0,0,0
41.5,-105.75,0.889582488978746,0.889582488978746,0
41.25,-105.75,3.113531943331487,3.113531943331487,0
41,-105.75,8110.517200298989,7502.934513874434,626.0414576446208
40.75,-105.75,40487.14727265745,20797.892011822914,19808.90352001841
40.5,-105.75,50799.49718973927,4923.849888935809,45996.85318108665
40.25,-105.75,32013.210392504418,10716.364745171617,21339.54564382717
40,-105.75,36116.39353753075,11859.695180181276,24362.781103443216
39.75,-105.75,41003.041612314555,13050.60740843869,28006.031497516666
39.5,-105.75,22564.279175355958,10243.672574645143,12329.502345548884
39.25,-105.75,9790.977630588415,9772.296378550485,18.681252037919055
39,-105.75,1049.2592256516912,1049.2592256516912,0
38.75,-105.75,8465.8973067264,8464.7853334547,1.3343679260345798
38.5,-105.75,18599.760429353428,18571.071509830406,117.86920424178334
38.25,-105.75,22311.157001766533,19981.119802473204,3097.746315639712
38,-105.75,8106.761895899516,6775.947038413982,1482.7110051564289
37.75,-105.75,0,0,0
37.5,-105.75,0,0,0
37.25,-105.75,0,0,0
37,-105.75,67.8304890297392,67.8304890297392,0
36.75,-105.75,189.48065614360883,187.70149505305912,4.670297862694583
36.5,-105.75,0,0,0
36.25,-105.75,10688.77961422563,10595.818233535143,1909.0442388688152
36,-105.75,53821.500771493884,45232.17556955254,13782.462087409112
35.75,-105.75,68539.87840593253,64355.04677081226,16253.168175471934
35.5,-105.75,311.3527710305637,310.68558652121334,8.451003785115308
35.25,-105.75,0.44478989139813274,0.44478989139813274,0
35,-105.75,0.889579597982662,0.889579597982662,0
34.75,-105.75,0,0,0
34.5,-105.75,0,0,0
34.25,-105.75,70.05440611298813,70.05440611298813,0
34,-105.75,1.111979225217528,1.111979225217528,0
33.75,-105.75,1684.6317703188356,1684.6317703188356,45.14590750821421
33.5,-105.75,21206.07575630553,21204.074197027836,425.887335199995
33.25,-105.75,36713.0155209407,36712.57073034803,80.50709727756514
33,-105.75,84828.17166055796,84824.16854834906,120.31576139360126
32.75,-105.75,79817.43776186569,79788.97124742292,653.6178589638436
32.5,-105.75,2.223950942421178,2.223950942421178,0
32.25,-105.75,0,0,0
32,-105.75,0,0,0
31.75,-105.75,0,0,0
31.5,-105.75,0,0,0
31.25,-105.75,0,0,0
31,-105.75,0,0,0
30.75,-105.75,0,0,0
30.5,-105.75,0,0,0
30.25,-105.75,0,0,0
48.75,-105.5,0,0,0
48.5,-105.5,0,0,0
48.25,-105.5,0,0,0
48,-105.5,0,0,0
47.75,-105.5,0,0,0
47.5,-105.5,0,0,0
47.25,-105.5,0,0,0
47,-105.5,0,0,0
46.75,-105.5,0,0,0
46.5,-105.5,0,0,0
46.25,-105.5,0,0,0
46,-105.5,0,0,0
45.75,-105.5,0,0,0
45.5,-105.5,0,0,0
45.25,-105.5,0,0,0
45,-105.5,0,0,0
44.75,-105.5,0,0,0
44.5,-105.5,0,0,0
48.75,-125.75,0,0,0
44.25,-105.5,0,0,0
44,-105.5,0,0,0
43.75,-105.5,0,0,0
43.5,-105.5,0,0,0
43.25,-105.5,0,0,0
43,-105.5,0,0,0
42.75,-105.5,0,0,0
42.5,-105.5,10248.390172357505,10248.167777709445,11.786916347705136
42.25,-105.5,19785.89541786511,19765.212599810566,89.62554490316144
42,-105.5,890.2417938707324,890.0194002175056,2.0015428790498575
48.5,-125.75,0,0,0
41.75,-105.5,16.902091416261523,16.902091416261523,0
41.5,-105.5,190.37035702750447,189.9255664737013,1.1119763845064472
41.25,-105.5,4254.654564186978,4227.52227330669,36.917707263343885
41,-105.5,9139.926541821871,9139.704148358884,14.010788168153637
40.75,-105.5,13160.92434497414,13130.011362380083,60.71398739697012
40.5,-105.5,46328.52643044441,44250.24113554385,2406.0961589651133
40.25,-105.5,46110.88111006612,34008.768041166455,13249.008287238084
40,-105.5,57817.89995580526,44562.91432138249,17129.112742216912
39.75,-105.5,68378.03385819032,63533.82438352645,6589.566005614277
39.5,-105.5,47037.63690429516,43662.33329161407,3752.487175118073
48.25,-125.75,0,0,0
39.25,-105.5,50912.32577226023,50405.93573087869,1134.8741243610207
39,-105.5,20944.705776303043,20942.92659830619,3.558355993722976
38.75,-105.5,19779.63298097751,19773.405977115715,36.02766520034079
38.5,-105.5,11990.39376671118,11985.723484431646,434.1138576021554
38.25,-105.5,3570.7867439899355,3516.0773805730423,219.72703681253404
38,-105.5,22763.173047608845,17837.979793682833,5504.536179351748
37.75,-105.5,23086.957549482104,20125.55724769424,4815.722599497997
37.5,-105.5,8590.65653850443,6719.428825058832,2006.2212031129843
37.25,-105.5,0,0,0
37,-105.5,10208.570033513468,10144.520447001642,281.99609617007764
48,-125.75,0,0,0
36.75,-105.5,59695.0690077565,45572.87524956484,15612.02960049282
36.5,-105.5,60138.79313211717,49094.50357183199,15262.651743476983
36.25,-105.5,88846.45396515075,80996.14400563682,18429.402694835604
36,-105.5,90643.53297886431,58698.84601323077,37623.15430918844
35.75,-105.5,77515.68270977488,72087.69456489607,14099.825803470736
35.5,-105.5,9193.095902050905,9157.957668687963,1868.3310030512553
35.25,-105.5,1.3343772863212204,1.3343772863212204,0
35,-105.5,1.3343693969739927,1.3343693969739927,0
34.75,-105.5,0,0,0
34.5,-105.5,0,0,0
47.75,-125.75,0,0,0
34.25,-105.5,0,0,0
34,-105.5,0.4447885649565714,0.4447885649565714,0
33.75,-105.5,944.7413906890395,944.7413906890395,0
33.5,-105.5,3946.3691120726803,3946.3691120726803,1.7791464016106713
33.25,-105.5,15830.564040688885,15830.564040688885,0.2223956062022549
33,-105.5,27319.57553737929,27319.57553737929,0
32.75,-105.5,22929.427902807216,22929.427902807216,0
32.5,-105.5,45.368661913446644,45.368661913446644,0
32.25,-105.5,0,0,0
32,-105.5,0,0,0
47.5,-125.75,0,0,0
31.75,-105.5,0,0,0
31.5,-105.5,0,0,0
31.25,-105.5,0,0,0
31,-105.5,0,0,0
30.75,-105.5,0,0,0
30.5,-105.5,0,0,0
30.25,-105.5,0,0,0
48.75,-105.25,0,0,0
48.5,-105.25,0,0,0
47.25,-125.75,0,0,0
48.25,-105.25,0,0,0
48,-105.25,0,0,0
47.75,-105.25,0,0,0
47.5,-105.25,0,0,0
47.25,-105.25,0,0,0
47,-105.25,0,0,0
46.75,-105.25,0,0,0
46.5,-105.25,0,0,0
46.25,-105.25,0,0,0
46,-105.25,0,0,0
47,-125.75,0,0,0
45.75,-105.25,0,0,0
45.5,-105.25,0,0,0
45.25,-105.25,0,0,0
45,-105.25,0,0,0
44.75,-105.25,0,0,0
44.5,-105.25,0,0,0
44.25,-105.25,0,0,0
44,-105.25,0,0,0
43.75,-105.25,0,0,0
43.5,-105.25,0,0,0
46.75,-125.75,0,0,0
43.25,-105.25,0,0,0
43,-105.25,0,0,0
42.75,-105.25,0,0,0
42.5,-105.25,987.8739108424503,987.8739108424503,0
42.25,-105.25,763.9250924856855,763.7026979900564,0.22239449562902033
42,-105.25,1083.7344470541843,1074.3938259221766,12.676557250582503
41.75,-105.25,47.14771873489931,47.14771873489931,0
41.5,-105.25,40.69852526704909,40.69852526704909,0.4447926258693965
41.25,-105.25,773.2667014218154,773.0443066270442,1.3343687686312606
41,-105.25,74.72431872613001,74.72431872613001,0
46.5,-125.75,0,0,0
40.75,-105.25,225.28670048766114,224.8419093711996,1.556768907614631
40.5,-105.25,8809.750175162691,8799.075194514728,263.76098017678413
40.25,-105.25,7241.218776102478,7239.217210715959,295.56448874202033
40,-105.25,9571.673742385512,9564.557090981982,1297.4545090052527
39.75,-105.25,11629.260749226334,11616.361835006772,786.3889772477921
39.5,-105.25,22383.35202392154,22242.131435774965,4001.5465236561495
39.25,-105.25,13764.524418225503,13742.062436608485,1322.588165113215
39,-105.25,35811.41777496939,35640.39582653272,192.5942878362711
38.75,-105.25,25413.888807315398,25034.2616988385,625.3728348195638
38.5,-105.25,6153.856980977199,6142.514900603157,810.1803686783971
46.25,-125.75,0,0,0
38.25,-105.25,32588.244242226578,32494.615199928863,6169.731333550707
38,-105.25,27220.505601016263,18242.85606629049,11018.57030811497
37.75,-105.25,11272.936309501898,10893.976703445544,2104.9604878659243
37.5,-105.25,44508.5918943784,43011.198427941985,5129.567845441186
37.25,-105.25,42986.31031497294,20531.85717189766,22729.999286312814
37,-105.25,50066.83069990912,31950.47743476934,18334.52344133805
36.75,-105.25,68220.39938971671,64458.81898562206,3835.4153747793234
36.5,-105.25,84080.05406583735,80652.73109607639,5252.070550507749
36.25,-105.25,84304.48732861278,78872.05237631832,9533.615324639326
36,-105.25,19631.108956865202,19605.53342775551,1741.3599385104337
46,-125.75,0,0,0
35.75,-105.25,1381.7404324499614,1380.8508522584596,44.25661452720652
35.5,-105.25,0.6671845093512084,0.6671845093512084,0
35.25,-105.25,2.0015602203704264,2.0015602203704264,0
35,-105.25,2.0015569413992873,2.0015569413992873,0
34.75,-105.25,0,0,0
34.5,-105.25,0,0,0
34.25,-105.25,0,0,0
34,-105.25,0,0,0
33.75,-105.25,73.83499653907401,73.83499653907401,0
33.5,-105.25,5464.003895378087,5464.003895378087,11.342105851450286
45.75,-125.75,0,0,0
33.25,-105.25,3.3359573323821916,3.3359573323821916,0
33,-105.25,0.6671816602987152,0.6671816602987152,0
32.75,-105.25,2.2239556849340683,2.2239556849340683,0
32.5,-105.25,0.22239601612782814,0.22239601612782814,0
32.25,-105.25,0,0,0
32,-105.25,0,0,0
31.75,-105.25,0,0,0
31.5,-105.25,0,0,0
31.25,-105.25,0,0,0
31,-105.25,0,0,0
45.5,-125.75,0,0,0
30.75,-105.25,0,0,0
30.5,-105.25,0,0,0
30.25,-105.25,0,0,0
48.75,-105,0,0,0
48.5,-105,0,0,0
48.25,-105,0,0,0
48,-105,0,0,0
47.75,-105,0,0,0
47.5,-105,0,0,0
47.5,-128,0,0,0
45.25,-125.75,0,0,0
47.25,-105,0,0,0
47,-105,0,0,0
46.75,-105,0,0,0
46.5,-105,0,0,0
46.25,-105,0,0,0
46,-105,0,0,0
45.75,-105,0,0,0
45.5,-105,0,0,0
45.25,-105,0,0,0
45,-105,1.5567608874281007,1.5567608874281007,0
45,-125.75,0,0,0
44.75,-105,0,0,0
44.5,-105,0,0,0
44.25,-105,0,0,0
44,-105,0,0,0
43.75,-105,0,0,0
43.5,-105,0,0,0
43.25,-105,0,0,0
43,-105,0,0,0
42.75,-105,0,0,0
42.5,-105,0,0,0
44.75,-125.75,0,0,0
42.25,-105,0,0,0
42,-105,0,0,0
41.75,-105,10.230245119052256,10.230245119052256,0
41.5,-105,0,0,0
41.25,-105,0,0,0
41,-105,0,0,0
40.75,-105,0,0,0
40.5,-105,0,0,0
40.25,-105,0,0,0
40,-105,0,0,0
44.5,-125.75,0,0,0
39.75,-105,0,0,0
39.5,-105,1813.6227136330028,1794.7192273474311,222.17156234449752
39.25,-105,42470.523078541344,42197.199801655894,8674.28892728885
39,-105,58503.91486532623,56772.562647116916,3837.4415575081252
38.75,-105,61483.67092789542,55849.07996555995,7281.423377716364
38.5,-105,6551.05218780114,6550.829794068305,441.00677219029996
38.25,-105,1034.1419386965686,1033.4747503490225,310.4649777248198
38,-105,41859.447410711684,29538.086006321806,22507.506469528184
37.75,-105,7444.497990513463,6741.28048898978,2531.538526199873
37.5,-105,18567.22140348091,17721.457425454875,5678.1608958614
44.25,-125.75,0,0,0
37.25,-105,45889.77691409955,36935.462554550606,13291.028712955276
37,-105,29611.23975650007,29497.151929457377,1983.7493513081665
36.75,-105,7168.9488868772,7168.28169759038,18.23650717307058
36.5,-105,27930.940428736947,27849.54412804165,1453.7913050405557
36.25,-105,23979.741453370872,23871.879875769333,1287.6670810574321
36,-105,82.95343387731441,82.95343387731441,0
35.75,-105,15.122928355167806,15.122928355167806,0
35.5,-105,3.3359130026778976,3.3359130026778976,0
35.25,-105,0,0,0
35,-105,0.22239521571103105,0.22239521571103105,0
44,-125.75,0,0,0
34.75,-105,0,0,0
34.5,-105,0,0,0
34.25,-105,0,0,0
34,-105,0,0,0
33.75,-105,0,0,0
33.5,-105,0,0,0
33.25,-105,0,0,0
33,-105,0,0,0
32.75,-105,0,0,0
32.5,-105,1.1119723982794523,1.1119723982794523,0
43.75,-125.75,0,0,0
32.25,-105,0,0,0
32,-105,0,0,0
31.75,-105,0,0,0
31.5,-105,0,0,0
31.25,-105,0,0,0
31,-105,0,0,0
30.75,-105,0,0,0
30.5,-105,0,0,0
30.25,-105,0,0,0
43.5,-125.75,0,0,0
48.75,-104.75,0,0,0
48.5,-104.75,0,0,0
48.25,-104.75,0,0,0
48,-104.75,0,0,0
47.75,-104.75,0,0,0
47.5,-104.75,0,0,0
47.25,-104.75,0,0,0
47,-104.75,0,0,0
46.75,-104.75,0,0,0
46.5,-104.75,0,0,0
43.25,-125.75,0,0,0
46.25,-104.75,0,0,0
46,-104.75,0,0,0
45.75,-104.75,0.44478744164052497,0.44478744164052497,0
45.5,-104.75,0,0,0
45.25,-104.75,0,0,0
45,-104.75,0,0,0
44.75,-104.75,9.118178009922898,9.118178009922898,0
44.5,-104.75,0,0,0
44.25,-104.75,0,0,0
44,-104.75,0,0,0
43,-125.75,0,0,0
43.75,-104.75,0,0,0
43.5,-104.75,0,0,0
43.25,-104.75,0,0,0
43,-104.75,0,0,0
42.75,-104.75,0,0,0
42.5,-104.75,0,0,0
42.25,-104.75,0,0,0
42,-104.75,0,0,0
41.75,-104.75,0,0,0
41.5,-104.75,0,0,0
42.75,-125.75,0,0,0
41.25,-104.75,0,0,0
41,-104.75,0,0,0
40.75,-104.75,0,0,0
40.5,-104.75,0,0,0
40.25,-104.75,0,0,0
40,-104.75,0,0,0
39.75,-104.75,0,0,0
39.5,-104.75,0,0,0
39.25,-104.75,217.50216826193426,217.50216826193426,0
39,-104.75,594.9037347156957,594.9037347156957,0
42.5,-125.75,0,0,0
38.75,-104.75,2288.222012982171,2287.110038051186,200.60027754980288
38.5,-104.75,0,0,0
38.25,-104.75,0,0,0
38,-104.75,0,0,0
37.75,-104.75,0,0,0
37.5,-104.75,898.6976806630946,866.8952138640797,366.061960497762
37.25,-104.75,1116.4243187392233,1093.5176046296335,182.58652702886445
37,-104.75,5506.72373398485,5489.154525350919,58.7122921437736
36.75,-104.75,2690.750934677893,2682.522338547383,54.48665005339887
36.5,-104.75,5.5598646579731374,5.5598646579731374,0
42.25,-125.75,0,0,0
36.25,-104.75,0.22239404203954494,0.22239404203954494,0
36,-104.75,5.7822852150332515,5.7822852150332515,0
35.75,-104.75,3.558346295350326,3.558346295350326,0
35.5,-104.75,0.8895780732560391,0.8895780732560391,0
35.25,-104.75,0,0,0
35,-104.75,0,0,0
34.75,-104.75,0,0,0
34.5,-104.75,0,0,0
34.25,-104.75,0,0,0
34,-104.75,0,0,0
42,-125.75,0,0,0
33.75,-104.75,0,0,0
33.5,-104.75,0,0,0
33.25,-104.75,0,0,0
33,-104.75,0,0,0
32.75,-104.75,0,0,0
32.5,-104.75,0,0,0
32.25,-104.75,0.6671852564332232,0.6671852564332232,0
32,-104.75,70.94403016868178,70.94403016868178,0
31.75,-104.75,0,0,0
31.5,-104.75,0,0,0
41.75,-125.75,0,0,0
31.25,-104.75,0,0,0
31,-104.75,0,0,0
30.75,-104.75,0,0,0
30.5,-104.75,0,0,0
30.25,-104.75,0,0,0
48.75,-104.5,0,0,0
48.5,-104.5,0,0,0
48.25,-104.5,0,0,0
48,-104.5,0,0,0
41.5,-125.75,0,0,0
47.75,-104.5,0,0,0
47.5,-104.5,0,0,0
47.25,-104.5,0,0,0
47,-104.5,0,0,0
46.75,-104.5,0,0,0
46.5,-104.5,0,0,0
46.25,-104.5,0,0,0
46,-104.5,0,0,0
45.75,-104.5,0,0,0
45.5,-104.5,0,0,0
41.25,-125.75,0,0,0
45.25,-104.5,0,0,0
45,-104.5,0,0,0
44.75,-104.5,0,0,0
44.5,-104.5,0,0,0
44.25,-104.5,0,0,0
44,-104.5,0,0,0
43.75,-104.5,0,0,0
43.5,-104.5,0,0,0
43.25,-104.5,0,0,0
43,-104.5,0,0,0
41,-125.75,0,0,0
42.75,-104.5,2.891123299123158,2.891123299123158,0
42.5,-104.5,3.7807030547714064,3.7807030547714064,0
42.25,-104.5,0,0,0
42,-104.5,0,0,0
41.75,-104.5,0.22239455303017383,0.22239455303017383,0
41.5,-104.5,0,0,0
41.25,-104.5,0,0,0
41,-104.5,0,0,0
40.75,-104.5,0,0,0
40.5,-104.5,0,0,0
40.75,-125.75,0,0,0
40.25,-104.5,0,0,0
40,-104.5,0,0,0
39.75,-104.5,0,0,0
39.5,-104.5,0,0,0
39.25,-104.5,69.8322992846043,69.8322992846043,0
39,-104.5,269.9894524687277,269.9894524687277,0
38.75,-104.5,0,0,0
38.5,-104.5,0,0,0
38.25,-104.5,0,0,0
38,-104.5,0,0,0
40.5,-125.75,0,0,0
37.75,-104.5,0,0,0
37.5,-104.5,0,0,0
37.25,-104.5,1.7791596589496521,1.7791596589496521,0
37,-104.5,7223.401623930378,7170.693921194186,1989.7713771337742
36.75,-104.5,1195.5979901249925,1194.2636173681558,2.446350054199208
36.5,-104.5,0,0,0
36.25,-104.5,0,0,0
36,-104.5,0,0,0
35.75,-104.5,0,0,0
35.5,-104.5,0,0,0
40.25,-125.75,0,0,0
35.25,-104.5,0,0,0
35,-104.5,0,0,0
34.75,-104.5,0,0,0
34.5,-104.5,0,0,0
34.25,-104.5,0,0,0
34,-104.5,0,0,0
33.75,-104.5,0,0,0
33.5,-104.5,0,0,0
33.25,-104.5,0,0,0
33,-104.5,0,0,0
40,-125.75,0,0,0
32.75,-104.5,0,0,0
32.5,-104.5,0,0,0
32.25,-104.5,0,0,0
32,-104.5,0,0,0
31.75,-104.5,0,0,0
31.5,-104.5,0,0,0
31.25,-104.5,0,0,0
31,-104.5,0,0,0
30.75,-104.5,0,0,0
30.5,-104.5,0,0,0
39.75,-125.75,0,0,0
30.25,-104.5,0,0,0
48.75,-104.25,0,0,0
48.5,-104.25,0,0,0
48.25,-104.25,0,0,0
48,-104.25,0,0,0
47.75,-104.25,0,0,0
47.5,-104.25,0,0,0
47.25,-104.25,0,0,0
47,-104.25,0,0,0
39.5,-125.75,0,0,0
46.75,-104.25,0,0,0
46.5,-104.25,0,0,0
46.25,-104.25,0,0,0
46,-104.25,0,0,0
45.75,-104.25,0,0,0
45.5,-104.25,0,0,0
45.25,-104.25,0,0,0
45,-104.25,0,0,0
44.75,-104.25,0,0,0
44.5,-104.25,0,0,0
39.25,-125.75,0,0,0
44.25,-104.25,0,0,0
44,-104.25,0,0,0
43.75,-104.25,0,0,0
43.5,-104.25,0,0,0
43.25,-104.25,0,0,0
43,-104.25,0.22239354988443283,0.22239354988443283,0
42.75,-104.25,0.6671801870839845,0.6671801870839845,0
42.5,-104.25,0,0,0
42.25,-104.25,0,0,0
42,-104.25,0,0,0
39,-125.75,0,0,0
41.75,-104.25,0,0,0
41.5,-104.25,0,0,0
41.25,-104.25,0,0,0
41,-104.25,0,0,0
40.75,-104.25,0,0,0
40.5,-104.25,0,0,0
40.25,-104.25,0,0,0
40,-104.25,0,0,0
39.75,-104.25,0,0,0
39.5,-104.25,0,0,0
38.75,-125.75,0,0,0
39.25,-104.25,0,0,0
39,-104.25,0,0,0
38.75,-104.25,0,0,0
38.5,-104.25,0,0,0
38.25,-104.25,0,0,0
38,-104.25,0,0,0
37.75,-104.25,0,0,0
37.5,-104.25,0,0,0
37.25,-104.25,0,0,0
37,-104.25,2410.282372766227,2343.3424397340546,1048.5773563012299
38.5,-125.75,0,0,0
36.75,-104.25,13.121370241208954,13.121370241208954,0
36.5,-104.25,261.98272001205163,261.98272001205163,0
36.25,-104.25,0,0,0
36,-104.25,0,0,0
35.75,-104.25,0,0,0
35.5,-104.25,0,0,0
35.25,-104.25,0,0,0
35,-104.25,0,0,0
34.75,-104.25,0,0,0
34.5,-104.25,0,0,0
38.25,-125.75,0,0,0
34.25,-104.25,0,0,0
34,-104.25,0,0,0
33.75,-104.25,0,0,0
33.5,-104.25,0,0,0
33.25,-104.25,0,0,0
33,-104.25,0,0,0
32.75,-104.25,0,0,0
32.5,-104.25,0,0,0
32.25,-104.25,0,0,0
32,-104.25,0,0,0
38,-125.75,0,0,0
31.75,-104.25,0,0,0
31.5,-104.25,0,0,0
31.25,-104.25,0,0,0
31,-104.25,0,0,0
30.75,-104.25,0,0,0
30.5,-104.25,0,0,0
30.25,-104.25,0,0,0
48.75,-104,0,0,0
48.5,-104,0,0,0
48.25,-104,0,0,0
48,-104,0,0,0
47.75,-104,0,0,0
47.5,-104,0,0,0
47.25,-104,0,0,0
47,-104,0,0,0
46.75,-104,0,0,0
46.5,-104,0,0,0
46.25,-104,0,0,0
46,-104,0,0,0
45.75,-104,0,0,0
45.5,-104,0,0,0
45.25,-104,0,0,0
45,-104,0,0,0
44.75,-104,0,0,0
44.5,-104,0,0,0
44.25,-104,0,0,0
44,-104,0,0,0
43.75,-104,0,0,0
43.5,-104,0,0,0
43.25,-104,0,0,0
43,-104,0,0,0
42.75,-104,63.82740985745219,63.82740985745219,0
42.5,-104,0,0,0
42.25,-104,0,0,0
42,-104,0,0,0
41.75,-104,0,0,0
41.5,-104,0,0,0
41.25,-104,0,0,0
41,-104,0,0,0
40.75,-104,0,0,0
40.5,-104,0,0,0
40.25,-104,0,0,0
40,-104,0,0,0
39.75,-104,0,0,0
39.5,-104,0,0,0
39.25,-104,0,0,0
39,-104,0,0,0
38.75,-104,0,0,0
38.5,-104,0,0,0
38.25,-104,0,0,0
38,-104,0,0,0
37.75,-104,0,0,0
37.5,-104,0,0,0
37.25,-104,0,0,0
37,-104,538.2007186746071,538.2007186746071,0
36.75,-104,155.00963525244063,155.00963525244063,0
36.5,-104,0,0,0
36.25,-104,0,0,0
36,-104,0,0,0
35.75,-104,0,0,0
35.5,-104,0,0,0
35.25,-104,0,0,0
35,-104,0,0,0
34.75,-104,0,0,0
34.5,-104,0,0,0
34.25,-104,0,0,0
34,-104,0,0,0
33.75,-104,0,0,0
33.5,-104,0,0,0
33.25,-104,0,0,0
33,-104,0,0,0
32.75,-104,0,0,0
32.5,-104,0,0,0
32.25,-104,0,0,0
32,-104,0,0,0
31.75,-104,0,0,0
31.5,-104,0,0,0
31.25,-104,0,0,0
31,-104,0,0,0
30.75,-104,0,0,0
30.5,-104,0,0,0
30.25,-104,0,0,0
48.75,-103.75,0,0,0
48.5,-103.75,0,0,0
48.25,-103.75,0,0,0
48,-103.75,0,0,0
47.75,-103.75,0,0,0
47.5,-103.75,0,0,0
47.25,-103.75,0,0,0
47,-103.75,0,0,0
46.75,-103.75,0,0,0
46.5,-103.75,0,0,0
46.25,-103.75,0,0,0
46,-103.75,0,0,0
45.75,-103.75,0,0,0
45.5,-103.75,0,0,0
45.25,-103.75,0,0,0
45,-103.75,0,0,0
44.75,-103.75,0,0,0
44.5,-103.75,0,0,0
44.25,-103.75,0,0,0
44,-103.75,0,0,0
43.75,-103.75,0,0,0
43.5,-103.75,0,0,0
43.25,-103.75,0,0,0
43,-103.75,0,0,0
42.75,-103.75,0.22239445205316719,0.22239445205316719,0
42.5,-103.75,0,0,0
42.25,-103.75,0,0,0
42,-103.75,0,0,0
41.75,-103.75,0,0,0
41.5,-103.75,0,0,0
41.25,-103.75,0,0,0
41,-103.75,0,0,0
40.75,-103.75,0,0,0
40.5,-103.75,0,0,0
40.25,-103.75,0,0,0
40,-103.75,0,0,0
39.75,-103.75,0,0,0
39.5,-103.75,0.22239395630079778,0.22239395630079778,0
39.25,-103.75,0,0,0
39,-103.75,0,0,0
38.75,-103.75,0,0,0
38.5,-103.75,0,0,0
38.25,-103.75,0,0,0
38,-103.75,0,0,0
37.75,-103.75,0,0,0
37.5,-103.75,0,0,0
37.25,-103.75,1.5567647015809456,1.5567647015809456,0
37,-103.75,0.6671861105847026,0.6671861105847026,0
36.75,-103.75,33.35927044781812,33.35927044781812,0
36.5,-103.75,0,0,0
36.25,-103.75,0,0,0
36,-103.75,0,0,0
35.75,-103.75,0,0,0
35.5,-103.75,0,0,0
35.25,-103.75,0,0,0
35,-103.75,0,0,0
34.75,-103.75,0,0,0
34.5,-103.75,0,0,0
34.25,-103.75,0,0,0
34,-103.75,0,0,0
33.75,-103.75,0,0,0
33.5,-103.75,0,0,0
33.25,-103.75,0,0,0
33,-103.75,0,0,0
32.75,-103.75,0,0,0
32.5,-103.75,0,0,0
32.25,-103.75,0,0,0
32,-103.75,0,0,0
31.75,-103.75,0,0,0
31.5,-103.75,0,0,0
31.25,-103.75,0,0,0
31,-103.75,0,0,0
30.75,-103.75,0,0,0
30.5,-103.75,0,0,0
30.25,-103.75,0,0,0
48.75,-103.5,0,0,0
48.5,-103.5,0,0,0
48.25,-103.5,0,0,0
48,-103.5,0,0,0
47.75,-103.5,0,0,0
47.5,-103.5,0,0,0
47.25,-103.5,0,0,0
47,-103.5,0,0,0
46.75,-103.5,0,0,0
46.5,-103.5,0,0,0
46.25,-103.5,0,0,0
46,-103.5,0,0,0
45.75,-103.5,0,0,0
45.5,-103.5,0,0,0
45.25,-103.5,0,0,0
45,-103.5,0,0,0
44.75,-103.5,0,0,0
44.5,-103.5,4.003138290071865,4.003138290071865,0
44.25,-103.5,0.22239547754919262,0.22239547754919262,0
44,-103.5,0,0,0
43.75,-103.5,0,0,0
43.5,-103.5,0,0,0
43.25,-103.5,0,0,0
43,-103.5,0,0,0
42.75,-103.5,3.3359167807975147,3.3359167807975147,0
42.5,-103.5,3.1135152525426197,3.1135152525426197,0
42.25,-103.5,0,0,0
42,-103.5,0,0,0
41.75,-103.5,0,0,0
41.5,-103.5,0.22239527690128968,0.22239527690128968,0
41.25,-103.5,0,0,0
41,-103.5,0,0,0
40.75,-103.5,0,0,0
40.5,-103.5,0,0,0
40.25,-103.5,0,0,0
40,-103.5,0,0,0
39.75,-103.5,0,0,0
39.5,-103.5,0,0,0
39.25,-103.5,0,0,0
39,-103.5,0,0,0
38.75,-103.5,0,0,0
38.5,-103.5,0,0,0
38.25,-103.5,0,0,0
38,-103.5,0,0,0
37.75,-103.5,0,0,0
37.5,-103.5,0,0,0
37.25,-103.5,0,0,0
37,-103.5,0,0,0
36.75,-103.5,0,0,0
36.5,-103.5,0,0,0
36.25,-103.5,0,0,0
36,-103.5,0,0,0
35.75,-103.5,0,0,0
35.5,-103.5,0,0,0
35.25,-103.5,0,0,0
35,-103.5,0,0,0
34.75,-103.5,0,0,0
34.5,-103.5,0,0,0
34.25,-103.5,0,0,0
34,-103.5,0,0,0
33.75,-103.5,0,0,0
33.5,-103.5,0,0,0
33.25,-103.5,0,0,0
33,-103.5,0,0,0
32.75,-103.5,0,0,0
32.5,-103.5,0,0,0
32.25,-103.5,0,0,0
32,-103.5,0,0,0
31.75,-103.5,0,0,0
31.5,-103.5,0,0,0
31.25,-103.5,0,0,0
31,-103.5,0,0,0
30.75,-103.5,0,0,0
30.5,-103.5,0,0,0
30.25,-103.5,0,0,0
48.75,-103.25,0,0,0
48.5,-103.25,0,0,0
48.25,-103.25,0,0,0
48,-103.25,0,0,0
47.75,-103.25,0,0,0
47.5,-103.25,0,0,0
47.25,-103.25,0,0,0
47,-103.25,0,0,0
46.75,-103.25,0,0,0
46.5,-103.25,0,0,0
46.25,-103.25,0,0,0
46,-103.25,0,0,0
45.75,-103.25,0,0,0
45.5,-103.25,0,0,0
45.25,-103.25,0,0,0
45,-103.25,0,0,0
44.75,-103.25,0,0,0
44.5,-103.25,0,0,0
44.25,-103.25,1.3343685350597505,1.3343685350597505,0
44,-103.25,2.6687521611690808,2.6687521611690808,0
43.75,-103.25,0.2223938646417153,0.2223938646417153,0
43.5,-103.25,21.350017227700892,21.350017227700892,0
43.25,-103.25,0,0,0
43,-103.25,0,0,0
42.75,-103.25,0,0,0
42.5,-103.25,0.6671818398305613,0.6671818398305613,0
42.25,-103.25,0,0,0
42,-103.25,0,0,0
41.75,-103.25,0,0,0
41.5,-103.25,0,0,0
41.25,-103.25,0,0,0
41,-103.25,0,0,0
40.75,-103.25,0,0,0
40.5,-103.25,0,0,0
40.25,-103.25,0,0,0
40,-103.25,0,0,0
39.75,-103.25,0,0,0
39.5,-103.25,0,0,0
39.25,-103.25,0,0,0
39,-103.25,0,0,0
38.75,-103.25,0,0,0
38.5,-103.25,0,0,0
38.25,-103.25,0,0,0
38,-103.25,0,0,0
37.75,-103.25,0,0,0
37.5,-103.25,0,0,0
37.25,-103.25,0,0,0
37,-103.25,0,0,0
36.75,-103.25,0,0,0
36.5,-103.25,0,0,0
36.25,-103.25,0,0,0
36,-103.25,0,0,0
35.75,-103.25,0,0,0
35.5,-103.25,0,0,0
35.25,-103.25,0,0,0
35,-103.25,0,0,0
34.75,-103.25,0,0,0
34.5,-103.25,0,0,0
34.25,-103.25,0,0,0
34,-103.25,0,0,0
33.75,-103.25,0,0,0
33.5,-103.25,0,0,0
33.25,-103.25,0,0,0
33,-103.25,0,0,0
32.75,-103.25,0,0,0
32.5,-103.25,0,0,0
32.25,-103.25,0,0,0
32,-103.25,0,0,0
31.75,-103.25,0,0,0
31.5,-103.25,0,0,0
31.25,-103.25,0,0,0
31,-103.25,0,0,0
30.75,-103.25,0,0,0
30.5,-103.25,0,0,0
30.25,-103.25,0,0,0
48.75,-103,0,0,0
48.5,-103,0,0,0
48.25,-103,0,0,0
48,-103,0,0,0
47.75,-103,0,0,0
47.5,-103,0,0,0
47.25,-103,0,0,0
47,-103,0,0,0
46.75,-103,0,0,0
46.5,-103,0,0,0
46.25,-103,0,0,0
46,-103,0,0,0
45.75,-103,0,0,0
45.5,-103,0,0,0
45.25,-103,0,0,0
45,-103,0,0,0
44.75,-103,0,0,0
44.5,-103,0,0,0
48.75,-125.5,0,0,0
44.25,-103,0,0,0
44,-103,0,0,0
43.75,-103,0,0,0
43.5,-103,0,0,0
43.25,-103,0,0,0
43,-103,0,0,0
42.75,-103,0,0,0
42.5,-103,0,0,0
42.25,-103,0,0,0
42,-103,0,0,0
48.5,-125.5,0,0,0
41.75,-103,0,0,0
41.5,-103,0,0,0
41.25,-103,0,0,0
41,-103,0,0,0
40.75,-103,0,0,0
40.5,-103,0,0,0
40.25,-103,0,0,0
40,-103,0,0,0
39.75,-103,0,0,0
39.5,-103,0,0,0
48.25,-125.5,0,0,0
39.25,-103,0,0,0
39,-103,0,0,0
38.75,-103,0,0,0
38.5,-103,0,0,0
38.25,-103,0,0,0
38,-103,0,0,0
37.75,-103,0,0,0
37.5,-103,0,0,0
37.25,-103,0,0,0
37,-103,0,0,0
48,-125.5,0,0,0
36.75,-103,0,0,0
36.5,-103,0,0,0
36.25,-103,0,0,0
36,-103,0,0,0
35.75,-103,0,0,0
35.5,-103,0,0,0
35.25,-103,0,0,0
35,-103,0,0,0
34.75,-103,0,0,0
34.5,-103,0,0,0
47.75,-125.5,0,0,0
34.25,-103,0,0,0
34,-103,0,0,0
33.75,-103,0,0,0
33.5,-103,0,0,0
33.25,-103,0,0,0
33,-103,0,0,0
32.75,-103,0,0,0
32.5,-103,0,0,0
32.25,-103,0,0,0
32,-103,0,0,0
47.5,-125.5,0,0,0
31.75,-103,0,0,0
31.5,-103,0,0,0
31.25,-103,0,0,0
31,-103,0,0,0
30.75,-103,0,0,0
30.5,-103,0,0,0
30.25,-103,0,0,0
48.75,-102.75,0,0,0
48.5,-102.75,0,0,0
47.25,-125.5,0,0,0
48.25,-102.75,0,0,0
48,-102.75,0,0,0
47.75,-102.75,0,0,0
47.5,-102.75,0,0,0
47.25,-102.75,0,0,0
47,-102.75,0,0,0
46.75,-102.75,0,0,0
46.5,-102.75,0,0,0
46.25,-102.75,0,0,0
46,-102.75,0,0,0
47,-125.5,0,0,0
45.75,-102.75,0,0,0
45.5,-102.75,0,0,0
45.25,-102.75,0,0,0
45,-102.75,0,0,0
44.75,-102.75,0,0,0
44.5,-102.75,0,0,0
44.25,-102.75,0,0,0
44,-102.75,0,0,0
43.75,-102.75,0,0,0
43.5,-102.75,0,0,0
46.75,-125.5,0,0,0
43.25,-102.75,0,0,0
43,-102.75,0,0,0
42.75,-102.75,1.111968739065243,1.111968739065243,0
42.5,-102.75,0,0,0
42.25,-102.75,0,0,0
42,-102.75,0,0,0
41.75,-102.75,0,0,0
41.5,-102.75,0,0,0
41.25,-102.75,0,0,0
41,-102.75,0,0,0
46.5,-125.5,0,0,0
40.75,-102.75,0,0,0
40.5,-102.75,0,0,0
40.25,-102.75,0,0,0
40,-102.75,0,0,0
39.75,-102.75,0,0,0
39.5,-102.75,0,0,0
39.25,-102.75,0,0,0
39,-102.75,0,0,0
38.75,-102.75,0,0,0
38.5,-102.75,0,0,0
46.25,-125.5,0,0,0
38.25,-102.75,0,0,0
38,-102.75,0,0,0
37.75,-102.75,0,0,0
37.5,-102.75,0,0,0
37.25,-102.75,0,0,0
37,-102.75,0,0,0
36.75,-102.75,0,0,0
36.5,-102.75,0,0,0
36.25,-102.75,0,0,0
36,-102.75,0,0,0
46,-125.5,0,0,0
35.75,-102.75,0,0,0
35.5,-102.75,0,0,0
35.25,-102.75,0,0,0
35,-102.75,0,0,0
34.75,-102.75,0,0,0
34.5,-102.75,0,0,0
34.25,-102.75,0,0,0
34,-102.75,0,0,0
33.75,-102.75,0,0,0
33.5,-102.75,0,0,0
45.75,-125.5,0,0,0
33.25,-102.75,0,0,0
33,-102.75,0,0,0
32.75,-102.75,0,0,0
32.5,-102.75,0,0,0
32.25,-102.75,0,0,0
32,-102.75,0,0,0
31.75,-102.75,0,0,0
31.5,-102.75,0,0,0
31.25,-102.75,0,0,0
31,-102.75,0,0,0
45.5,-125.5,0,0,0
30.75,-102.75,0,0,0
30.5,-102.75,0,0,0
30.25,-102.75,0,0,0
48.75,-102.5,0,0,0
48.5,-102.5,0,0,0
48.25,-102.5,0,0,0
48,-102.5,0,0,0
47.75,-102.5,0,0,0
47.5,-102.5,0,0,0
45.25,-125.5,0,0,0
47.25,-102.5,0,0,0
47,-102.5,0,0,0
46.75,-102.5,0,0,0
46.5,-102.5,0,0,0
46.25,-102.5,0,0,0
46,-102.5,0,0,0
45.75,-102.5,0,0,0
45.5,-102.5,0,0,0
45.25,-102.5,0,0,0
45,-102.5,0,0,0
45,-125.5,0,0,0
44.75,-102.5,0,0,0
44.5,-102.5,0,0,0
44.25,-102.5,0,0,0
44,-102.5,0,0,0
43.75,-102.5,0,0,0
43.5,-102.5,0,0,0
43.25,-102.5,0,0,0
43,-102.5,0.8895784418610941,0.8895784418610941,0
42.75,-102.5,0,0,0
42.5,-102.5,0,0,0
44.75,-125.5,0,0,0
42.25,-102.5,0,0,0
42,-102.5,0,0,0
41.75,-102.5,0,0,0
41.5,-102.5,0,0,0
41.25,-102.5,0,0,0
41,-102.5,0,0,0
40.75,-102.5,0,0,0
40.5,-102.5,0,0,0
40.25,-102.5,0,0,0
40,-102.5,0,0,0
44.5,-125.5,0,0,0
39.75,-102.5,0,0,0
39.5,-102.5,0,0,0
39.25,-102.5,0,0,0
39,-102.5,0,0,0
38.75,-102.5,0,0,0
38.5,-102.5,0,0,0
38.25,-102.5,0,0,0
38,-102.5,0,0,0
37.75,-102.5,0,0,0
37.5,-102.5,0,0,0
44.25,-125.5,0,0,0
37.25,-102.5,0,0,0
37,-102.5,0,0,0
36.75,-102.5,0,0,0
36.5,-102.5,0,0,0
36.25,-102.5,0,0,0
36,-102.5,0,0,0
35.75,-102.5,0,0,0
35.5,-102.5,0,0,0
35.25,-102.5,0,0,0
35,-102.5,0,0,0
44,-125.5,0,0,0
34.75,-102.5,0,0,0
34.5,-102.5,0,0,0
34.25,-102.5,0,0,0
34,-102.5,0,0,0
33.75,-102.5,0,0,0
33.5,-102.5,0,0,0
33.25,-102.5,0,0,0
33,-102.5,0,0,0
32.75,-102.5,0,0,0
32.5,-102.5,0,0,0
43.75,-125.5,0,0,0
32.25,-102.5,0,0,0
32,-102.5,0,0,0
31.75,-102.5,0,0,0
31.5,-102.5,0,0,0
31.25,-102.5,0,0,0
31,-102.5,0,0,0
30.75,-102.5,0,0,0
30.5,-102.5,0,0,0
30.25,-102.5,0,0,0
43.5,-125.5,0,0,0
48.75,-102.25,0,0,0
48.5,-102.25,0,0,0
48.25,-102.25,0,0,0
48,-102.25,0,0,0
47.75,-102.25,0,0,0
47.5,-102.25,0,0,0
47.25,-102.25,0,0,0
47,-102.25,0,0,0
46.75,-102.25,0,0,0
46.5,-102.25,0,0,0
43.25,-125.5,0,0,0
46.25,-102.25,0,0,0
46,-102.25,0,0,0
45.75,-102.25,0,0,0
45.5,-102.25,0,0,0
45.25,-102.25,0,0,0
45,-102.25,0,0,0
44.75,-102.25,0,0,0
44.5,-102.25,0,0,0
44.25,-102.25,0,0,0
44,-102.25,0,0,0
43,-125.5,0,0,0
43.75,-102.25,0,0,0
43.5,-102.25,0,0,0
43.25,-102.25,0.44478884029750704,0.44478884029750704,0
43,-102.25,0,0,0
42.75,-102.25,0,0,0
42.5,-102.25,0,0,0
42.25,-102.25,0,0,0
42,-102.25,0,0,0
41.75,-102.25,0,0,0
41.5,-102.25,0,0,0
42.75,-125.5,0,0,0
41.25,-102.25,0,0,0
41,-102.25,0,0,0
40.75,-102.25,0,0,0
40.5,-102.25,0,0,0
40.25,-102.25,0,0,0
40,-102.25,0,0,0
39.75,-102.25,0,0,0
39.5,-102.25,0,0,0
39.25,-102.25,0,0,0
39,-102.25,0,0,0
42.5,-125.5,0,0,0
38.75,-102.25,0,0,0
38.5,-102.25,0,0,0
38.25,-102.25,0,0,0
38,-102.25,0,0,0
37.75,-102.25,0,0,0
37.5,-102.25,0,0,0
37.25,-102.25,0,0,0
37,-102.25,0,0,0
36.75,-102.25,0,0,0
36.5,-102.25,0,0,0
42.25,-125.5,0,0,0
36.25,-102.25,0,0,0
36,-102.25,0,0,0
35.75,-102.25,0,0,0
35.5,-102.25,0,0,0
35.25,-102.25,0,0,0
35,-102.25,0,0,0
34.75,-102.25,0,0,0
34.5,-102.25,0,0,0
34.25,-102.25,0,0,0
34,-102.25,0,0,0
42,-125.5,0,0,0
33.75,-102.25,0,0,0
33.5,-102.25,0,0,0
33.25,-102.25,0,0,0
33,-102.25,0,0,0
32.75,-102.25,0,0,0
32.5,-102.25,0,0,0
32.25,-102.25,0,0,0
32,-102.25,0,0,0
31.75,-102.25,0,0,0
31.5,-102.25,0,0,0
41.75,-125.5,0,0,0
31.25,-102.25,0,0,0
31,-102.25,0,0,0
30.75,-102.25,0,0,0
30.5,-102.25,0,0,0
30.25,-102.25,0,0,0
48.75,-102,0,0,0
48.5,-102,0,0,0
48.25,-102,0,0,0
48,-102,0,0,0
41.5,-125.5,0,0,0
47.75,-102,0,0,0
47.5,-102,0,0,0
47.25,-102,0,0,0
47,-102,0,0,0
46.75,-102,0,0,0
46.5,-102,0,0,0
46.25,-102,0,0,0
46,-102,0,0,0
45.75,-102,0,0,0
45.5,-102,0,0,0
41.25,-125.5,0,0,0
45.25,-102,0,0,0
45,-102,0,0,0
44.75,-102,0,0,0
44.5,-102,0,0,0
44.25,-102,0,0,0
44,-102,0,0,0
43.75,-102,0,0,0
43.5,-102,0,0,0
43.25,-102,0,0,0
43,-102,0,0,0
41,-125.5,0,0,0
42.75,-102,0,0,0
42.5,-102,0,0,0
42.25,-102,0,0,0
42,-102,0,0,0
41.75,-102,0,0,0
41.5,-102,0,0,0
41.25,-102,0,0,0
41,-102,0,0,0
40.75,-102,0,0,0
40.5,-102,0,0,0
40.75,-125.5,0,0,0
40.25,-102,0,0,0
40,-102,0,0,0
39.75,-102,0,0,0
39.5,-102,0,0,0
39.25,-102,0,0,0
39,-102,0,0,0
38.75,-102,0,0,0
38.5,-102,0,0,0
38.25,-102,0,0,0
38,-102,0,0,0
40.5,-125.5,0,0,0
37.75,-102,0,0,0
37.5,-102,0,0,0
37.25,-102,0,0,0
37,-102,0,0,0
36.75,-102,0,0,0
36.5,-102,0,0,0
36.25,-102,0,0,0
36,-102,0,0,0
35.75,-102,0,0,0
35.5,-102,0,0,0
40.25,-125.5,0,0,0
35.25,-102,0,0,0
35,-102,0,0,0
34.75,-102,0,0,0
34.5,-102,0,0,0
34.25,-102,0,0,0
34,-102,0,0,0
33.75,-102,0,0,0
33.5,-102,0,0,0
33.25,-102,0,0,0
33,-102,0,0,0
40,-125.5,0,0,0
32.75,-102,0,0,0
32.5,-102,0,0,0
32.25,-102,0,0,0
32,-102,0,0,0
31.75,-102,0,0,0
31.5,-102,0,0,0
31.25,-102,0,0,0
31,-102,0,0,0
30.75,-102,0,0,0
30.5,-102,0,0,0
39.75,-125.5,0,0,0
30.25,-102,0,0,0
48.75,-101.75,0,0,0
48.5,-101.75,0,0,0
48.25,-101.75,0,0,0
48,-101.75,0,0,0
47.75,-101.75,0,0,0
47.5,-101.75,0,0,0
47.25,-101.75,0,0,0
47,-101.75,0,0,0
39.5,-125.5,0,0,0
46.75,-101.75,0,0,0
46.5,-101.75,0,0,0
46.25,-101.75,0,0,0
46,-101.75,0,0,0
45.75,-101.75,0,0,0
45.5,-101.75,0,0,0
45.25,-101.75,0,0,0
45,-101.75,0,0,0
44.75,-101.75,0,0,0
44.5,-101.75,0,0,0
47.25,-128,0,0,0
48.25,-127.75,0,0,0
39.25,-125.5,0,0,0
44.25,-101.75,0,0,0
44,-101.75,0,0,0
43.75,-101.75,0,0,0
43.5,-101.75,0,0,0
43.25,-101.75,0,0,0
43,-101.75,0,0,0
42.75,-101.75,0,0,0
42.5,-101.75,0,0,0
42.25,-101.75,0,0,0
42,-101.75,0,0,0
39,-125.5,0,0,0
41.75,-101.75,0,0,0
41.5,-101.75,0,0,0
41.25,-101.75,0,0,0
41,-101.75,0,0,0
40.75,-101.75,0,0,0
40.5,-101.75,0,0,0
40.25,-101.75,0,0,0
40,-101.75,0,0,0
39.75,-101.75,0,0,0
39.5,-101.75,0,0,0
38.75,-125.5,0,0,0
39.25,-101.75,0,0,0
39,-101.75,0,0,0
38.75,-101.75,0,0,0
38.5,-101.75,0,0,0
38.25,-101.75,0,0,0
38,-101.75,0,0,0
37.75,-101.75,0,0,0
37.5,-101.75,0,0,0
37.25,-101.75,0,0,0
37,-101.75,0,0,0
38.5,-125.5,0,0,0
36.75,-101.75,0,0,0
36.5,-101.75,0,0,0
36.25,-101.75,0,0,0
36,-101.75,0,0,0
35.75,-101.75,0,0,0
35.5,-101.75,0,0,0
35.25,-101.75,0,0,0
35,-101.75,0,0,0
34.75,-101.75,0,0,0
34.5,-101.75,0,0,0
38.25,-125.5,0,0,0
34.25,-101.75,0,0,0
34,-101.75,0,0,0
33.75,-101.75,0,0,0
33.5,-101.75,0,0,0
33.25,-101.75,0,0,0
33,-101.75,0,0,0
32.75,-101.75,0,0,0
32.5,-101.75,0,0,0
32.25,-101.75,0,0,0
32,-101.75,0,0,0
38,-125.5,0,0,0
31.75,-101.75,0,0,0
31.5,-101.75,0,0,0
31.25,-101.75,0,0,0
31,-101.75,0,0,0
30.75,-101.75,0,0,0
30.5,-101.75,0,0,0
30.25,-101.75,0,0,0
48.75,-101.5,0,0,0
48.5,-101.5,0,0,0
37.75,-125.5,0,0,0
48.25,-101.5,0,0,0
48,-101.5,0,0,0
47.75,-101.5,0,0,0
47.5,-101.5,0,0,0
47.25,-101.5,0,0,0
47,-101.5,0,0,0
46.75,-101.5,0,0,0
46.5,-101.5,0,0,0
46.25,-101.5,0,0,0
46,-101.5,0,0,0
37.5,-125.5,0,0,0
45.75,-101.5,0,0,0
45.5,-101.5,0,0,0
45.25,-101.5,0,0,0
45,-101.5,0,0,0
44.75,-101.5,0,0,0
44.5,-101.5,0,0,0
44.25,-101.5,0,0,0
44,-101.5,0,0,0
43.75,-101.5,0,0,0
43.5,-101.5,0,0,0
37.25,-125.5,0,0,0
43.25,-101.5,0,0,0
43,-101.5,0,0,0
42.75,-101.5,0,0,0
42.5,-101.5,0,0,0
42.25,-101.5,0,0,0
42,-101.5,0,0,0
41.75,-101.5,0,0,0
41.5,-101.5,0,0,0
41.25,-101.5,0,0,0
41,-101.5,0,0,0
40.75,-101.5,0,0,0
40.5,-101.5,0,0,0
40.25,-101.5,0,0,0
40,-101.5,0,0,0
39.75,-101.5,0,0,0
39.5,-101.5,0,0,0
39.25,-101.5,0,0,0
39,-101.5,0,0,0
38.75,-101.5,0,0,0
38.5,-101.5,0,0,0
48,-127.75,0,0,0
38.25,-101.5,0,0,0
38,-101.5,0,0,0
37.75,-101.5,0,0,0
37.5,-101.5,0,0,0
37.25,-101.5,0,0,0
37,-101.5,0,0,0
36.75,-101.5,0,0,0
36.5,-101.5,0,0,0
36.25,-101.5,0,0,0
36,-101.5,0,0,0
35.75,-101.5,0,0,0
35.5,-101.5,0,0,0
35.25,-101.5,0,0,0
35,-101.5,0,0,0
34.75,-101.5,0,0,0
34.5,-101.5,0,0,0
34.25,-101.5,0,0,0
34,-101.5,0,0,0
33.75,-101.5,0,0,0
33.5,-101.5,0,0,0
33.25,-101.5,0,0,0
33,-101.5,0,0,0
32.75,-101.5,0,0,0
32.5,-101.5,0,0,0
32.25,-101.5,0,0,0
32,-101.5,0,0,0
31.75,-101.5,0,0,0
31.5,-101.5,0,0,0
31.25,-101.5,0,0,0
31,-101.5,0,0,0
30.75,-101.5,0,0,0
30.5,-101.5,0,0,0
30.25,-101.5,0,0,0
48.75,-101.25,0,0,0
48.5,-101.25,0,0,0
48.25,-101.25,0,0,0
48,-101.25,0,0,0
47.75,-101.25,0,0,0
47.5,-101.25,0,0,0
47.25,-101.25,0,0,0
47,-101.25,0,0,0
46.75,-101.25,0,0,0
46.5,-101.25,0,0,0
46.25,-101.25,0,0,0
46,-101.25,0,0,0
45.75,-101.25,0,0,0
45.5,-101.25,0,0,0
45.25,-101.25,0,0,0
45,-101.25,0,0,0
44.75,-101.25,0,0,0
44.5,-101.25,0,0,0
44.25,-101.25,0,0,0
44,-101.25,0,0,0
43.75,-101.25,0,0,0
43.5,-101.25,0,0,0
43.25,-101.25,0,0,0
43,-101.25,0,0,0
42.75,-101.25,0,0,0
42.5,-101.25,0,0,0
42.25,-101.25,0,0,0
42,-101.25,0,0,0
41.75,-101.25,0,0,0
41.5,-101.25,0,0,0
41.25,-101.25,0,0,0
41,-101.25,0,0,0
40.75,-101.25,0,0,0
40.5,-101.25,0,0,0
40.25,-101.25,0,0,0
40,-101.25,0,0,0
39.75,-101.25,0,0,0
39.5,-101.25,0,0,0
39.25,-101.25,0,0,0
39,-101.25,0,0,0
38.75,-101.25,0,0,0
38.5,-101.25,0,0,0
38.25,-101.25,0,0,0
38,-101.25,0,0,0
37.75,-101.25,0,0,0
37.5,-101.25,0,0,0
37.25,-101.25,0,0,0
37,-101.25,0,0,0
36.75,-101.25,0,0,0
36.5,-101.25,0,0,0
36.25,-101.25,0,0,0
36,-101.25,0,0,0
35.75,-101.25,0,0,0
35.5,-101.25,0,0,0
35.25,-101.25,0,0,0
35,-101.25,0,0,0
34.75,-101.25,0,0,0
34.5,-101.25,0,0,0
34.25,-101.25,0,0,0
34,-101.25,0,0,0
33.75,-101.25,0,0,0
33.5,-101.25,0,0,0
33.25,-101.25,0,0,0
33,-101.25,0,0,0
32.75,-101.25,0,0,0
32.5,-101.25,0,0,0
47.75,-127.75,0,0,0
32.25,-101.25,0,0,0
32,-101.25,0,0,0
31.75,-101.25,0,0,0
31.5,-101.25,0,0,0
31.25,-101.25,0,0,0
31,-101.25,0,0,0
30.75,-101.25,0,0,0
30.5,-101.25,0,0,0
30.25,-101.25,0,0,0
48.75,-101,0,0,0
48.5,-101,0,0,0
48.25,-101,0,0,0
48,-101,0,0,0
47.75,-101,0,0,0
47.5,-101,0,0,0
47.25,-101,0,0,0
47,-101,0,0,0
46.75,-101,0,0,0
46.5,-101,0,0,0
46.25,-101,0,0,0
46,-101,0,0,0
45.75,-101,0,0,0
45.5,-101,0,0,0
45.25,-101,0,0,0
45,-101,0,0,0
44.75,-101,0,0,0
44.5,-101,0,0,0
44.25,-101,0,0,0
44,-101,0,0,0
43.75,-101,0,0,0
43.5,-101,0,0,0
43.25,-101,0,0,0
43,-101,0,0,0
42.75,-101,0,0,0
42.5,-101,0,0,0
42.25,-101,0,0,0
42,-101,0,0,0
41.75,-101,0,0,0
41.5,-101,0,0,0
41.25,-101,0,0,0
41,-101,0,0,0
40.75,-101,0,0,0
40.5,-101,0,0,0
40.25,-101,0,0,0
40,-101,0,0,0
39.75,-101,0,0,0
39.5,-101,0,0,0
39.25,-101,0,0,0
39,-101,0,0,0
38.75,-101,0,0,0
38.5,-101,0,0,0
38.25,-101,0,0,0
38,-101,0,0,0
37.75,-101,0,0,0
37.5,-101,0,0,0
37.25,-101,0,0,0
37,-101,0,0,0
36.75,-101,0,0,0
36.5,-101,0,0,0
36.25,-101,0,0,0
36,-101,0,0,0
35.75,-101,0,0,0
35.5,-101,0,0,0
35.25,-101,0,0,0
35,-101,0,0,0
34.75,-101,0,0,0
34.5,-101,0,0,0
34.25,-101,0,0,0
34,-101,0,0,0
33.75,-101,0,0,0
33.5,-101,0,0,0
33.25,-101,0,0,0
33,-101,0,0,0
32.75,-101,0,0,0
32.5,-101,0,0,0
32.25,-101,0,0,0
32,-101,0,0,0
31.75,-101,0,0,0
31.5,-101,0,0,0
31.25,-101,0,0,0
31,-101,0,0,0
30.75,-101,0,0,0
30.5,-101,0,0,0
30.25,-101,0,0,0
48.75,-100.75,0,0,0
48.5,-100.75,0,0,0
48.25,-100.75,0,0,0
48,-100.75,0,0,0
47.75,-100.75,0,0,0
47.5,-100.75,0,0,0
47.25,-100.75,0,0,0
47,-100.75,0,0,0
46.75,-100.75,0,0,0
46.5,-100.75,0,0,0
46.25,-100.75,0,0,0
46,-100.75,0,0,0
45.75,-100.75,0,0,0
45.5,-100.75,0,0,0
47.5,-127.75,0,0,0
45.25,-100.75,0,0,0
45,-100.75,0,0,0
44.75,-100.75,0,0,0
44.5,-100.75,0,0,0
44.25,-100.75,0,0,0
44,-100.75,0,0,0
43.75,-100.75,0,0,0
43.5,-100.75,0,0,0
43.25,-100.75,0,0,0
43,-100.75,0,0,0
42.75,-100.75,0,0,0
42.5,-100.75,0,0,0
42.25,-100.75,0,0,0
42,-100.75,0,0,0
41.75,-100.75,0,0,0
41.5,-100.75,0,0,0
41.25,-100.75,0,0,0
41,-100.75,0,0,0
40.75,-100.75,0,0,0
40.5,-100.75,0,0,0
40.25,-100.75,0,0,0
40,-100.75,0,0,0
39.75,-100.75,0,0,0
39.5,-100.75,0,0,0
39.25,-100.75,0,0,0
39,-100.75,0,0,0
38.75,-100.75,0,0,0
38.5,-100.75,0,0,0
38.25,-100.75,0,0,0
38,-100.75,0,0,0
37.75,-100.75,0,0,0
37.5,-100.75,0,0,0
37.25,-100.75,0,0,0
37,-100.75,0,0,0
36.75,-100.75,0,0,0
36.5,-100.75,0,0,0
36.25,-100.75,0,0,0
36,-100.75,0,0,0
35.75,-100.75,0,0,0
35.5,-100.75,0,0,0
35.25,-100.75,0,0,0
35,-100.75,0,0,0
34.75,-100.75,0,0,0
34.5,-100.75,0,0,0
34.25,-100.75,0,0,0
34,-100.75,0,0,0
33.75,-100.75,0,0,0
33.5,-100.75,0,0,0
33.25,-100.75,0,0,0
33,-100.75,0,0,0
32.75,-100.75,0,0,0
32.5,-100.75,0,0,0
32.25,-100.75,0,0,0
32,-100.75,0,0,0
31.75,-100.75,0,0,0
31.5,-100.75,0,0,0
31.25,-100.75,0,0,0
31,-100.75,0,0,0
30.75,-100.75,0,0,0
30.5,-100.75,0,0,0
30.25,-100.75,0,0,0
48.75,-100.5,0,0,0
48.5,-100.5,0,0,0
48.25,-100.5,0,0,0
48,-100.5,0,0,0
47.75,-100.5,0,0,0
47.5,-100.5,0,0,0
47.25,-100.5,0,0,0
47,-100.5,0,0,0
46.75,-100.5,0,0,0
46.5,-100.5,0,0,0
46.25,-100.5,0,0,0
46,-100.5,0,0,0
45.75,-100.5,0,0,0
45.5,-100.5,0,0,0
45.25,-100.5,0,0,0
45,-100.5,0,0,0
44.75,-100.5,0,0,0
44.5,-100.5,0,0,0
44.25,-100.5,0,0,0
44,-100.5,0,0,0
43.75,-100.5,0,0,0
43.5,-100.5,0,0,0
43.25,-100.5,0,0,0
43,-100.5,0,0,0
42.75,-100.5,0,0,0
42.5,-100.5,0,0,0
42.25,-100.5,0,0,0
42,-100.5,0,0,0
48.5,-125.25,0,0,0
41.75,-100.5,0,0,0
41.5,-100.5,0,0,0
41.25,-100.5,0,0,0
41,-100.5,0,0,0
40.75,-100.5,0,0,0
40.5,-100.5,0,0,0
40.25,-100.5,0,0,0
40,-100.5,0,0,0
39.75,-100.5,0,0,0
39.5,-100.5,0,0,0
47.25,-127.75,0,0,0
48.25,-125.25,0,0,0
39.25,-100.5,0,0,0
39,-100.5,0,0,0
38.75,-100.5,0,0,0
38.5,-100.5,0,0,0
38.25,-100.5,0,0,0
38,-100.5,0,0,0
37.75,-100.5,0,0,0
37.5,-100.5,0,0,0
37.25,-100.5,0,0,0
37,-100.5,0,0,0
48,-125.25,0,0,0
36.75,-100.5,0,0,0
36.5,-100.5,0,0,0
36.25,-100.5,0,0,0
36,-100.5,0,0,0
35.75,-100.5,0,0,0
35.5,-100.5,0,0,0
35.25,-100.5,0,0,0
35,-100.5,0,0,0
34.75,-100.5,0,0,0
34.5,-100.5,0,0,0
47.75,-125.25,0,0,0
34.25,-100.5,0,0,0
34,-100.5,0,0,0
33.75,-100.5,0,0,0
33.5,-100.5,0,0,0
33.25,-100.5,0,0,0
33,-100.5,0,0,0
32.75,-100.5,0,0,0
32.5,-100.5,0,0,0
32.25,-100.5,0,0,0
32,-100.5,0,0,0
47.5,-125.25,0,0,0
31.75,-100.5,0,0,0
31.5,-100.5,0,0,0
31.25,-100.5,0,0,0
31,-100.5,0,0,0
30.75,-100.5,0,0,0
30.5,-100.5,0,0,0
30.25,-100.5,0,0,0
48.75,-100.25,0,0,0
48.5,-100.25,0,0,0
47.25,-125.25,0,0,0
48.25,-100.25,0,0,0
48,-100.25,0,0,0
47.75,-100.25,0,0,0
47.5,-100.25,0,0,0
47.25,-100.25,0,0,0
47,-100.25,0,0,0
46.75,-100.25,0,0,0
46.5,-100.25,0,0,0
46.25,-100.25,0,0,0
46,-100.25,0,0,0
47,-125.25,0,0,0
45.75,-100.25,0,0,0
45.5,-100.25,0,0,0
45.25,-100.25,0,0,0
45,-100.25,0,0,0
44.75,-100.25,0,0,0
44.5,-100.25,0,0,0
44.25,-100.25,0,0,0
44,-100.25,0,0,0
43.75,-100.25,0,0,0
43.5,-100.25,0,0,0
46.75,-125.25,0,0,0
43.25,-100.25,0,0,0
43,-100.25,0,0,0
42.75,-100.25,0,0,0
42.5,-100.25,0,0,0
42.25,-100.25,0,0,0
42,-100.25,0,0,0
41.75,-100.25,0,0,0
41.5,-100.25,0,0,0
41.25,-100.25,0,0,0
41,-100.25,0,0,0
46.5,-125.25,0,0,0
40.75,-100.25,0,0,0
40.5,-100.25,0,0,0
40.25,-100.25,0,0,0
40,-100.25,0,0,0
39.75,-100.25,0,0,0
39.5,-100.25,0,0,0
39.25,-100.25,0,0,0
39,-100.25,0,0,0
38.75,-100.25,0,0,0
38.5,-100.25,0,0,0
46.25,-125.25,0,0,0
38.25,-100.25,0,0,0
38,-100.25,0,0,0
37.75,-100.25,0,0,0
37.5,-100.25,0,0,0
37.25,-100.25,0,0,0
37,-100.25,0,0,0
36.75,-100.25,0,0,0
36.5,-100.25,0,0,0
36.25,-100.25,0,0,0
36,-100.25,0,0,0
46,-125.25,0,0,0
35.75,-100.25,0,0,0
35.5,-100.25,0,0,0
35.25,-100.25,0,0,0
35,-100.25,0,0,0
34.75,-100.25,0,0,0
34.5,-100.25,0,0,0
34.25,-100.25,0,0,0
34,-100.25,0,0,0
33.75,-100.25,0,0,0
33.5,-100.25,0,0,0
47,-127.75,0,0,0
45.75,-125.25,0,0,0
33.25,-100.25,0,0,0
33,-100.25,0,0,0
32.75,-100.25,0,0,0
32.5,-100.25,0,0,0
32.25,-100.25,0,0,0
32,-100.25,0,0,0
31.75,-100.25,0,0,0
31.5,-100.25,0,0,0
31.25,-100.25,0,0,0
31,-100.25,0,0,0
45.5,-125.25,0,0,0
30.75,-100.25,0,0,0
30.5,-100.25,0,0,0
30.25,-100.25,0,0,0
48.75,-100,0,0,0
48.5,-100,0,0,0
48.25,-100,0,0,0
48,-100,0,0,0
47.75,-100,0,0,0
47.5,-100,0,0,0
45.25,-125.25,0,0,0
47.25,-100,0,0,0
47,-100,0,0,0
46.75,-100,0,0,0
46.5,-100,0,0,0
46.25,-100,0,0,0
46,-100,0,0,0
45.75,-100,0,0,0
45.5,-100,0,0,0
45.25,-100,0,0,0
45,-100,0,0,0
45,-125.25,0,0,0
44.75,-100,0,0,0
44.5,-100,0,0,0
44.25,-100,0,0,0
44,-100,0,0,0
43.75,-100,0,0,0
43.5,-100,0,0,0
43.25,-100,0,0,0
43,-100,0,0,0
42.75,-100,0,0,0
42.5,-100,0,0,0
44.75,-125.25,0,0,0
42.25,-100,0,0,0
42,-100,0,0,0
41.75,-100,0,0,0
41.5,-100,0,0,0
41.25,-100,0,0,0
41,-100,0,0,0
40.75,-100,0,0,0
40.5,-100,0,0,0
40.25,-100,0,0,0
40,-100,0,0,0
44.5,-125.25,0,0,0
39.75,-100,0,0,0
39.5,-100,0,0,0
39.25,-100,0,0,0
39,-100,0,0,0
38.75,-100,0,0,0
38.5,-100,0,0,0
38.25,-100,0,0,0
38,-100,0,0,0
37.75,-100,0,0,0
37.5,-100,0,0,0
44.25,-125.25,0,0,0
37.25,-100,0,0,0
37,-100,0,0,0
36.75,-100,0,0,0
36.5,-100,0,0,0
36.25,-100,0,0,0
36,-100,0,0,0
35.75,-100,0,0,0
35.5,-100,0,0,0
35.25,-100,0,0,0
35,-100,0,0,0
44,-125.25,0,0,0
34.75,-100,0,0,0
34.5,-100,0,0,0
34.25,-100,0,0,0
34,-100,0,0,0
33.75,-100,0,0,0
33.5,-100,0,0,0
33.25,-100,0,0,0
33,-100,0,0,0
32.75,-100,0,0,0
32.5,-100,0,0,0
43.75,-125.25,0,0,0
32.25,-100,0,0,0
32,-100,0,0,0
31.75,-100,0,0,0
31.5,-100,0,0,0
31.25,-100,0,0,0
31,-100,0,0,0
30.75,-100,0,0,0
30.5,-100,0,0,0
30.25,-100,0,0,0
43.5,-125.25,0,0,0
46.75,-127.75,0,0,0
43.25,-125.25,0,0,0
43,-125.25,0,0,0
42.75,-125.25,0,0,0
42.5,-125.25,0,0,0
42.25,-125.25,0,0,0
42,-125.25,0,0,0
41.75,-125.25,0,0,0
41.5,-125.25,0,0,0
41.25,-125.25,0,0,0
41,-125.25,0,0,0
46.5,-127.75,0,0,0
40.75,-125.25,0,0,0
40.5,-125.25,0,0,0
40.25,-125.25,0,0,0
40,-125.25,0,0,0
39.75,-125.25,0,0,0
39.5,-125.25,0,0,0
39.25,-125.25,0,0,0
39,-125.25,0,0,0
38.75,-125.25,0,0,0
38.5,-125.25,0,0,0
46.25,-127.75,0,0,0
38.25,-125.25,0,0,0
38,-125.25,0,0,0
37.75,-125.25,0,0,0
37.5,-125.25,0,0,0
37.25,-125.25,0,0,0
37,-125.25,0,0,0
36.75,-125.25,0,0,0
46,-127.75,0,0,0
47,-128,0,0,0
45.75,-127.75,0,0,0
45.5,-127.75,0,0,0
48.5,-125,0,0,0
48.25,-125,0,0,0
48,-125,0,0,0
47.75,-125,0,0,0
47.5,-125,0,0,0
45.25,-127.75,0,0,0
47.25,-125,0,0,0
47,-125,0,0,0
46.75,-125,0,0,0
46.5,-125,0,0,0
46.25,-125,0,0,0
46,-125,0,0,0
45.75,-125,0,0,0
45.5,-125,0,0,0
45.25,-125,0,0,0
45,-125,0,0,0
45,-127.75,0,0,0
44.75,-125,0,0,0
44.5,-125,0,0,0
44.25,-125,0,0,0
44,-125,0,0,0
43.75,-125,0,0,0
43.5,-125,0,0,0
43.25,-125,0,0,0
43,-125,0,0,0
42.75,-125,0,0,0
42.5,-125,0,0,0
44.75,-127.75,0,0,0
42.25,-125,0,0,0
42,-125,0,0,0
41.75,-125,0,0,0
41.5,-125,0,0,0
41.25,-125,0,0,0
41,-125,0,0,0
40.75,-125,0,0,0
40.5,-125,0,0,0
40.25,-125,0,0,0
40,-125,0,0,0
44.5,-127.75,0,0,0
39.75,-125,0,0,0
39.5,-125,0,0,0
39.25,-125,0,0,0
39,-125,0,0,0
38.75,-125,0,0,0
38.5,-125,0,0,0
38.25,-125,0,0,0
38,-125,0,0,0
37.75,-125,0,0,0
37.5,-125,0,0,0
44.25,-127.75,0,0,0
37.25,-125,0,0,0
37,-125,0,0,0
36.75,-125,0,0,0
36.5,-125,0,0,0
36.25,-125,0,0,0
36,-125,0,0,0
44,-127.75,0,0,0
43.75,-127.75,0,0,0
43.5,-127.75,0,0,0
48.25,-124.75,19628.262312977313,19628.039919087616,0.2223938897220386
48,-124.75,11729.607715802984,11729.38531984312,0.22239595987643584
47.75,-124.75,0,0,0
47.5,-124.75,0,0,0
47.25,-124.75,0,0,0
47,-124.75,0,0,0
46.75,-124.75,0,0,0
46.5,-124.75,0,0,0
49,-117.75,89932.5688073394,82559.55456301298,10134.101883148243
49,-117.5,97167.63996138994,88130.20028957527,13980.737210424742
49,-117.25,109213.26029693488,81556.33381226058,36745.4920977011
49,-117,108772.22288580984,12399.372909698992,102437.43430482558
49,-116.75,115903.2937365011,58268.32253419731,76062.47900167985
49,-116.5,49467.176993275694,37243.74399615751,14426.669068203597
49,-116.25,100370.08691453407,69937.43964268472,37896.68638338962
49,-116,86832.7629987908,68536.1850060459,23189.848851269664
49,-115.75,85231.7154255319,73745.94414893618,14676.263297872336
49,-115.5,75732.6895219701,53674.33003380011,26306.18662481888
49,-115.25,85520.45182166825,81845.39189837006,4337.775647171623
49,-115,80989.21545105564,58344.799664107435,26142.08853166989
49,-114.75,40800.42209358416,22249.264351181875,21067.082730342554
49,-114.5,67491.00314617618,64996.96878025172,3163.165537270091
49,-114.25,38023.65597878499,16663.753616200527,23389.85053037604
49,-114,27768.190476190484,13405.333333333376,15918.833333333376
49,-113.75,10955.368532955348,7511.404441294587,3711.168202220651
49,-113.5,832.0879640576974,832.0879640576974,0
49,-113.25,29.78080568720382,29.78080568720382,0
49,-113,0,0,0
49,-112.75,0,0,0
49,-112.5,0,0,0
49,-112.25,0,0,0
49,-112,0,0,0
49,-111.75,0,0,0
49,-111.5,0,0,0
49,-111.25,0,0,0
49,-111,0,0,0
49,-110.75,0,0,0
49,-110.5,0,0,0
49,-110.25,0,0,0
49,-110,0,0,0
49,-109.75,0,0,0
49,-109.5,0,0,0
49,-109.25,0,0,0
49,-109,0,0,0
49,-108.75,0,0,0
49,-108.5,0,0,0
49,-108.25,0,0,0
49,-108,0,0,0
49,-107.75,0,0,0
49,-107.5,151.01538091804878,151.01538091804878,0
49,-107.25,0,0,0
49,-107,0,0,0
49,-106.75,0,0,0
49,-106.5,0,0,0
49,-106.25,0,0,0
49,-106,60.33365338454072,60.33365338454072,0
49,-105.75,0,0,0
49,-105.5,0,0,0
49,-105.25,0,0,0
49,-105,0,0,0
49,-104.75,0,0,0
49,-104.5,0,0,0
49,-104.25,0,0,0
49,-104,0,0,0
49,-103.75,0,0,0
49,-103.5,0,0,0
49,-103.25,0,0,0
49,-103,0,0,0
49,-102.75,0,0,0
49,-102.5,0,0,0
49,-102.25,0,0,0
49,-102,0,0,0
49,-101.75,0,0,0
49,-101.5,0,0,0
49,-101.25,0,0,0
49,-125.5,56998.812237026614,27122.357117812047,43955.40410238434
49,-101,0,0,0
49,-100.75,0,0,0
49,-100.5,0,0,0
49,-100.25,0,0,0
49,-100,0,0,0
49,-125.25,102247.7787456446,47100.7567508711,88591.02243031353
48.75,-125.25,26729.523809523853,4900.412698412693,22051.857142857196
49,-125,115256.34715025907,83925.96965210953,78493.38638045895
48.75,-125,67703.70120834859,31377.70578542659,51980.164042475284
49,-124.75,122593.70770016596,104507.16383603631,63535.6052866812
48.75,-124.75,94438.58986886094,36859.6284391875,78655.52429930569
48.5,-124.75,47439.84951456307,0,47439.84951456307
49,-124.5,115276.76112613722,92286.30132776001,51388.62183427589
48.75,-124.5,119454.68973951331,86447.87929558515,66816.78146019318
48.5,-124.5,75603.78630136981,33182.21369863018,59757.789041095835
49,-124.25,97656.11227379045,78192.96442201157,34222.95949772254
48.75,-124.25,115155.41013768739,104844.82283416597,40888.4036797855
48.5,-124.25,116819.28049523031,96675.36046275626,64913.91110209048
49,-124,117411.9884478309,110446.34693375943,19568.66474130519
48.75,-124,119039.96852507011,112769.03049896302,21077.747468586043
48.5,-124,121772.90247613778,110747.32826117033,32620.249827085336
49,-123.75,113099.26261743497,110655.50578981862,7962.803146165611
48.75,-123.75,114601.10980103166,113778.9848931466,2419.839351510684
48.5,-123.75,120095.85512237117,118862.74197515685,4776.3623170581695
48.25,-123.75,117581.9248554913,117581.9248554913,0
49,-123.5,121136.9933677229,121136.9933677229,0
48.75,-123.5,114445.52960128878,114420.09726137738,661.2408376963353
48.5,-123.5,105699.36586433256,105699.36586433256,333.2612691466083
48.25,-123.5,116818.6227347611,116818.6227347611,0
49,-123.25,56891.83673469385,56891.83673469385,0
48.75,-123.25,122643.48496880312,122643.48496880312,644.737946681793
48.5,-123.25,71984.22213740459,71984.22213740459,0
49,-123,36110.98253275113,36110.98253275113,0
48.75,-123,119778.44516129038,119778.44516129038,1629.6387096774179
49,-122.75,55776.53597413102,55776.53597413102,0
49,-122.5,52569.53277886499,52569.53277886499,0
49,-122.25,45050.9794319295,43820.07835455439,3415.750489715964
49,-122,74107.4345613185,60278.920261754705,32256.38027144931
49,-121.75,110151.49077141509,59447.30832938952,77409.37647893987
49,-121.5,103263.15915627999,46570.84132310637,81152.55273250242
49,-121.25,110770.06642512079,44927.29468599034,93224.13647343
49,-121,118136.31655022888,71723.45820284272,83016.34545892556
49,-120.75,102160.05291005292,36723.21428571426,81879.16666666661
49,-120.5,70718.7108055958,29736.4146164978,43619.470574047315
49,-120.25,46624.789207419955,20678.39677186224,26158.323295591385
49,-120,43098.91930835741,18440.784101825117,24929.767050912622
49,-119.75,53054.05454108598,46833.715761653075,6703.471888515138
49,-119.5,39211.083714216926,39211.083714216926,0
49,-119.25,64029.948354552005,63969.57122267601,60.377131876050335
49,-119,80109.50864968768,80109.50864968768,0
49,-118.75,83057.93650793652,82725.46296296293,513.8227513227515
49,-118.5,79895.33541716759,79502.50661216637,785.6576100024042
49,-118.25,90661.2199519231,88274.6033653846,4652.391826923081
49,-118,108283.15282791818,79911.7569193743,41891.66666666662
