id,left,top,right,bottom,row_index,col_index,_count,_sum,_mean
"1",-129.125,55.125,-128.875,54.875,"0","0",6858,6735.95557812229,0.98220407963288
"2",-129.125,54.875,-128.875,54.625,"1","0",6906,8269.62517492473,1.19745513682663
"3",-129.125,54.625,-128.875,54.375,"2","0",6960,10286.5087856948,1.47794666461133
"4",-129.125,54.375,-128.875,54.125,"3","0",7011,4941.05360206962,0.704757324500017
"5",-129.125,54.125,-128.875,53.875,"4","0",7007,5333.84426647425,0.761216535817646
"6",-129.125,53.875,-128.875,53.625,"5","0",5220,3841.18909359723,0.735859979616328
"7",-129.125,53.625,-128.875,53.375,"6","0",5309,205.086007714272,0.0386298752522644
"8",-129.125,53.375,-128.875,53.125,"7","0",5269,6.1175724864006,0.00116105000690845
"9",-129.125,53.125,-128.875,52.875,"8","0",6677,0,0
"10",-129.125,52.875,-128.875,52.625,"9","0",6004,0,0
"11",-129.125,52.625,-128.875,52.375,"10","0",2823,0,0
"12",-129.125,52.375,-128.875,52.125,"11","0",0,0,
"13",-129.125,52.125,-128.875,51.875,"12","0",0,0,
"14",-129.125,51.875,-128.875,51.625,"13","0",0,0,
"15",-129.125,51.625,-128.875,51.375,"14","0",0,0,
"16",-129.125,51.375,-128.875,51.125,"15","0",0,0,
"17",-129.125,51.125,-128.875,50.875,"16","0",0,0,
"18",-129.125,50.875,-128.875,50.625,"17","0",0,0,
"19",-129.125,50.625,-128.875,50.375,"18","0",0,0,
"20",-129.125,50.375,-128.875,50.125,"19","0",0,0,
"21",-129.125,50.125,-128.875,49.875,"20","0",0,0,
"22",-129.125,49.875,-128.875,49.625,"21","0",0,0,
"23",-129.125,49.625,-128.875,49.375,"22","0",0,0,
"24",-129.125,49.375,-128.875,49.125,"23","0",0,0,
"25",-129.125,49.125,-128.875,48.875,"24","0",0,0,
"26",-129.125,48.875,-128.875,48.625,"25","0",0,0,
"27",-129.125,48.625,-128.875,48.375,"26","0",0,0,
"28",-129.125,48.375,-128.875,48.125,"27","0",0,0,
"29",-129.125,48.125,-128.875,47.875,"28","0",0,0,
"30",-129.125,47.875,-128.875,47.625,"29","0",0,0,
"31",-129.125,47.625,-128.875,47.375,"30","0",0,0,
"32",-129.125,47.375,-128.875,47.125,"31","0",0,0,
"33",-128.875,55.125,-128.625,54.875,"0","1",6857,2870.3518971391,0.418601705868325
"34",-128.875,54.875,-128.625,54.625,"1","1",6910,25790.3376632743,3.73232093535083
"35",-128.875,54.625,-128.625,54.375,"2","1",6958,45612.5429455787,6.55541002379688
"36",-128.875,54.375,-128.625,54.125,"3","1",7010,30957.3112111781,4.41616422413382
"37",-128.875,54.125,-128.625,53.875,"4","1",6227,56838.141617246,9.12769256740741
"38",-128.875,53.875,-128.625,53.625,"5","1",4847,17684.4340496808,3.64853188563665
"39",-128.875,53.625,-128.625,53.375,"6","1",5765,1704.99058184028,0.295748583146622
"40",-128.875,53.375,-128.625,53.125,"7","1",6537,88.9390522837639,0.0136054845164087
"41",-128.875,53.125,-128.625,52.875,"8","1",6968,0.814276933670044,0.000116859491054828
"42",-128.875,52.875,-128.625,52.625,"9","1",6140,26.403018951416,0.00430016595299935
"43",-128.875,52.625,-128.625,52.375,"10","1",3977,0,0
"44",-128.875,52.375,-128.625,52.125,"11","1",1104,0,0
"45",-128.875,52.125,-128.625,51.875,"12","1",0,0,
"46",-128.875,51.875,-128.625,51.625,"13","1",0,0,
"47",-128.875,51.625,-128.625,51.375,"14","1",0,0,
"48",-128.875,51.375,-128.625,51.125,"15","1",0,0,
"49",-128.875,51.125,-128.625,50.875,"16","1",0,0,
"50",-128.875,50.875,-128.625,50.625,"17","1",192,0.112152092158794,0.000584125479993721
"51",-128.875,50.625,-128.625,50.375,"18","1",0,0,
"52",-128.875,50.375,-128.625,50.125,"19","1",0,0,
"53",-128.875,50.125,-128.625,49.875,"20","1",0,0,
"54",-128.875,49.875,-128.625,49.625,"21","1",0,0,
"55",-128.875,49.625,-128.625,49.375,"22","1",0,0,
"56",-128.875,49.375,-128.625,49.125,"23","1",0,0,
"57",-128.875,49.125,-128.625,48.875,"24","1",0,0,
"58",-128.875,48.875,-128.625,48.625,"25","1",0,0,
"59",-128.875,48.625,-128.625,48.375,"26","1",0,0,
"60",-128.875,48.375,-128.625,48.125,"27","1",0,0,
"61",-128.875,48.125,-128.625,47.875,"28","1",0,0,
"62",-128.875,47.875,-128.625,47.625,"29","1",0,0,
"63",-128.875,47.625,-128.625,47.375,"30","1",0,0,
"64",-128.875,47.375,-128.625,47.125,"31","1",0,0,
"65",-128.625,55.125,-128.375,54.875,"0","2",6854,10591.7929150984,1.5453447497955
"66",-128.625,54.875,-128.375,54.625,"1","2",6907,27482.4189537391,3.97892268043132
"67",-128.625,54.625,-128.375,54.375,"2","2",6960,83157.4599802904,11.9479109167084
"68",-128.625,54.375,-128.375,54.125,"3","2",7011,77951.632777825,11.1184756493831
"69",-128.625,54.125,-128.375,53.875,"4","2",7046,33355.6809417233,4.73398821199592
"70",-128.625,53.875,-128.375,53.625,"5","2",6877,26964.5303812698,3.92097286335172
"71",-128.625,53.625,-128.375,53.375,"6","2",6427,5164.51197212934,0.803564955987139
"72",-128.625,53.375,-128.375,53.125,"7","2",6961,280.286371827126,0.0402652451985527
"73",-128.625,53.125,-128.375,52.875,"8","2",6449,16.0055047869682,0.0024818583946299
"74",-128.625,52.875,-128.375,52.625,"9","2",5176,0,0
"75",-128.625,52.625,-128.375,52.375,"10","2",4460,8.80100631713867,0.00197331980204903
"76",-128.625,52.375,-128.375,52.125,"11","2",1670,0,0
"77",-128.625,52.125,-128.375,51.875,"12","2",478,0,0
"78",-128.625,51.875,-128.375,51.625,"13","2",0,0,
"79",-128.625,51.625,-128.375,51.375,"14","2",0,0,
"80",-128.625,51.375,-128.375,51.125,"15","2",0,0,
"81",-128.625,51.125,-128.375,50.875,"16","2",0,0,
"82",-128.625,50.875,-128.375,50.625,"17","2",395,0.534086614847183,0.00135211801227135
"83",-128.625,50.625,-128.375,50.375,"18","2",0,0,
"84",-128.625,50.375,-128.375,50.125,"19","2",0,0,
"85",-128.625,50.125,-128.375,49.875,"20","2",0,0,
"86",-128.625,49.875,-128.375,49.625,"21","2",0,0,
"87",-128.625,49.625,-128.375,49.375,"22","2",0,0,
"88",-128.625,49.375,-128.375,49.125,"23","2",0,0,
"89",-128.625,49.125,-128.375,48.875,"24","2",0,0,
"90",-128.625,48.875,-128.375,48.625,"25","2",0,0,
"91",-128.625,48.625,-128.375,48.375,"26","2",0,0,
"92",-128.625,48.375,-128.375,48.125,"27","2",0,0,
"93",-128.625,48.125,-128.375,47.875,"28","2",0,0,
"94",-128.625,47.875,-128.375,47.625,"29","2",0,0,
"95",-128.625,47.625,-128.375,47.375,"30","2",0,0,
"96",-128.625,47.375,-128.375,47.125,"31","2",0,0,
"97",-128.375,55.125,-128.125,54.875,"0","3",6858,18806.6677884981,2.74229626545612
"98",-128.375,54.875,-128.125,54.625,"1","3",6909,35330.8866751594,5.11374825230271
"99",-128.375,54.625,-128.125,54.375,"2","3",6957,48422.7605320886,6.96029330632292
"100",-128.375,54.375,-128.125,54.125,"3","3",7010,41586.1040015779,5.93239714715805
"101",-128.375,54.125,-128.125,53.875,"4","3",7062,21899.5962400921,3.10104732938149
"102",-128.375,53.875,-128.125,53.625,"5","3",7114,16727.5517978296,2.35135673289704
"103",-128.375,53.625,-128.125,53.375,"6","3",6458,11117.0266965106,1.72143491739093
"104",-128.375,53.375,-128.125,53.125,"7","3",7217,1338.25834903121,0.185431391025524
"105",-128.375,53.125,-128.125,52.875,"8","3",7172,123.168946474791,0.0171735842825977
"106",-128.375,52.875,-128.125,52.625,"9","3",5755,18.694752395153,0.00324843655867125
"107",-128.375,52.625,-128.125,52.375,"10","3",5517,139.385329842567,0.0252646963644313
"108",-128.375,52.375,-128.125,52.125,"11","3",4799,145.801596641541,0.0303816621466015
"109",-128.375,52.125,-128.125,51.875,"12","3",3527,0,0
"110",-128.375,51.875,-128.125,51.625,"13","3",764,0,0
"111",-128.375,51.625,-128.125,51.375,"14","3",109,0,0
"112",-128.375,51.375,-128.125,51.125,"15","3",0,0,
"113",-128.375,51.125,-128.125,50.875,"16","3",0,0,
"114",-128.375,50.875,-128.125,50.625,"17","3",5494,5206.44624825567,0.94766040193951
"115",-128.375,50.625,-128.125,50.375,"18","3",1693,4404.75653598458,2.60174632958333
"116",-128.375,50.375,-128.125,50.125,"19","3",0,0,
"117",-128.375,50.125,-128.125,49.875,"20","3",0,0,
"118",-128.375,49.875,-128.125,49.625,"21","3",0,0,
"119",-128.375,49.625,-128.125,49.375,"22","3",0,0,
"120",-128.375,49.375,-128.125,49.125,"23","3",0,0,
"121",-128.375,49.125,-128.125,48.875,"24","3",0,0,
"122",-128.375,48.875,-128.125,48.625,"25","3",0,0,
"123",-128.375,48.625,-128.125,48.375,"26","3",0,0,
"124",-128.375,48.375,-128.125,48.125,"27","3",0,0,
"125",-128.375,48.125,-128.125,47.875,"28","3",0,0,
"126",-128.375,47.875,-128.125,47.625,"29","3",0,0,
"127",-128.375,47.625,-128.125,47.375,"30","3",0,0,
"128",-128.375,47.375,-128.125,47.125,"31","3",0,0,
"129",-128.125,55.125,-127.875,54.875,"0","4",6854,7965.70569998026,1.16219808870444
"130",-128.125,54.875,-127.875,54.625,"1","4",6910,5811.86802752316,0.841080756515653
"131",-128.125,54.625,-127.875,54.375,"2","4",6958,34271.0681038518,4.92541938830867
"132",-128.125,54.375,-127.875,54.125,"3","4",7010,28912.9933529645,4.12453542838296
"133",-128.125,54.125,-127.875,53.875,"4","4",7064,2219.93972551078,0.314261003045127
"134",-128.125,53.875,-127.875,53.625,"5","4",7112,6784.11770519614,0.953897315128816
"135",-128.125,53.625,-127.875,53.375,"6","4",6930,22204.5320469439,3.20411717849118
"136",-128.125,53.375,-127.875,53.125,"7","4",6679,11775.4668855295,1.76305837483597
"137",-128.125,53.125,-127.875,52.875,"8","4",7137,416.949168026447,0.0584207885703303
"138",-128.125,52.875,-127.875,52.625,"9","4",6897,186.480804562569,0.0270379591942248
"139",-128.125,52.625,-127.875,52.375,"10","4",6001,450.634609639645,0.0750932527311522
"140",-128.125,52.375,-127.875,52.125,"11","4",5564,562.801446318626,0.101150511559782
"141",-128.125,52.125,-127.875,51.875,"12","4",4983,92.8770482540131,0.0186387815079296
"142",-128.125,51.875,-127.875,51.625,"13","4",3003,0,0
"143",-128.125,51.625,-127.875,51.375,"14","4",4422,327.532402038574,0.074068838091039
"144",-128.125,51.375,-127.875,51.125,"15","4",0,0,
"145",-128.125,51.125,-127.875,50.875,"16","4",450,1995.24287607521,4.43387305794491
"146",-128.125,50.875,-127.875,50.625,"17","4",7409,24878.9687309302,3.35793882182889
"147",-128.125,50.625,-127.875,50.375,"18","4",5301,23587.4471952692,4.44962218360105
"148",-128.125,50.375,-127.875,50.125,"19","4",670,1533.95845928788,2.28949023774311
"149",-128.125,50.125,-127.875,49.875,"20","4",100,41.953993678093,0.41953993678093
"150",-128.125,49.875,-127.875,49.625,"21","4",0,0,
"151",-128.125,49.625,-127.875,49.375,"22","4",0,0,
"152",-128.125,49.375,-127.875,49.125,"23","4",0,0,
"153",-128.125,49.125,-127.875,48.875,"24","4",0,0,
"154",-128.125,48.875,-127.875,48.625,"25","4",0,0,
"155",-128.125,48.625,-127.875,48.375,"26","4",0,0,
"156",-128.125,48.375,-127.875,48.125,"27","4",0,0,
"157",-128.125,48.125,-127.875,47.875,"28","4",0,0,
"158",-128.125,47.875,-127.875,47.625,"29","4",0,0,
"159",-128.125,47.625,-127.875,47.375,"30","4",0,0,
"160",-128.125,47.375,-127.875,47.125,"31","4",0,0,
"161",-127.875,55.125,-127.625,54.875,"0","5",6857,17202.6207360625,2.50876779000474
"162",-127.875,54.875,-127.625,54.625,"1","5",6908,3080.87581907213,0.445986655916637
"163",-127.875,54.625,-127.625,54.375,"2","5",6960,6350.69694486633,0.912456457595737
"164",-127.875,54.375,-127.625,54.125,"3","5",7010,1276.00168816373,0.182025918425639
"165",-127.875,54.125,-127.625,53.875,"4","5",7062,747.083372090012,0.105789205903428
"166",-127.875,53.875,-127.625,53.625,"5","5",7114,940.038910061121,0.132139290140725
"167",-127.875,53.625,-127.625,53.375,"6","5",7166,4147.40374991298,0.578761338251881
"168",-127.875,53.375,-127.625,53.125,"7","5",7195,27387.8941982538,3.8065176092083
"169",-127.875,53.125,-127.625,52.875,"8","5",7270,6605.67505048215,0.908621052335922
"170",-127.875,52.875,-127.625,52.625,"9","5",7287,800.24536088109,0.109818218866624
"171",-127.875,52.625,-127.625,52.375,"10","5",7115,1307.59117877483,0.18377950509836
"172",-127.875,52.375,-127.625,52.125,"11","5",6093,2923.13377709687,0.479752794534198
"173",-127.875,52.125,-127.625,51.875,"12","5",5940,2137.81574490666,0.359901640556677
"174",-127.875,51.875,-127.625,51.625,"13","5",7233,5462.74272730201,0.755252692838658
"175",-127.875,51.625,-127.625,51.375,"14","5",3010,612.194266229868,0.203386799411916
"176",-127.875,51.375,-127.625,51.125,"15","5",3360,1602.18939132988,0.476842080752942
"177",-127.875,51.125,-127.625,50.875,"16","5",1010,4882.38357559592,4.83404314415437
"178",-127.875,50.875,-127.625,50.625,"17","5",6945,24718.3150457665,3.55915263437963
"179",-127.875,50.625,-127.625,50.375,"18","5",6469,88367.2608464174,13.6601114308885
"180",-127.875,50.375,-127.625,50.125,"19","5",6364,25418.770079568,3.99414991822251
"181",-127.875,50.125,-127.625,49.875,"20","5",608,280.819905996323,0.461874845388689
"182",-127.875,49.875,-127.625,49.625,"21","5",0,0,
"183",-127.875,49.625,-127.625,49.375,"22","5",0,0,
"184",-127.875,49.375,-127.625,49.125,"23","5",0,0,
"185",-127.875,49.125,-127.625,48.875,"24","5",0,0,
"186",-127.875,48.875,-127.625,48.625,"25","5",0,0,
"187",-127.875,48.625,-127.625,48.375,"26","5",0,0,
"188",-127.875,48.375,-127.625,48.125,"27","5",0,0,
"189",-127.875,48.125,-127.625,47.875,"28","5",0,0,
"190",-127.875,47.875,-127.625,47.625,"29","5",0,0,
"191",-127.875,47.625,-127.625,47.375,"30","5",0,0,
"192",-127.875,47.375,-127.625,47.125,"31","5",0,0,
"193",-127.625,55.125,-127.375,54.875,"0","6",6856,5216.46937297471,0.760861927213347
"194",-127.625,54.875,-127.375,54.625,"1","6",6907,2550.08171517402,0.369202506902276
"195",-127.625,54.625,-127.375,54.375,"2","6",6958,1971.83813002147,0.283391510494606
"196",-127.625,54.375,-127.375,54.125,"3","6",7011,3198.50457483623,0.456212319902472
"197",-127.625,54.125,-127.375,53.875,"4","6",7062,2931.67461778224,0.415133760660186
"198",-127.625,53.875,-127.375,53.625,"5","6",7114,737.452452503145,0.103662138389534
"199",-127.625,53.625,-127.375,53.375,"6","6",7165,883.865753874183,0.123358793283208
"200",-127.625,53.375,-127.375,53.125,"7","6",7216,12971.8419467658,1.79764993719038
"201",-127.625,53.125,-127.375,52.875,"8","6",7270,25012.3590722829,3.44048955602241
"202",-127.625,52.875,-127.375,52.625,"9","6",7322,2003.46835395694,0.273623102151999
"203",-127.625,52.625,-127.375,52.375,"10","6",6572,7077.87057328969,1.07697361127354
"204",-127.625,52.375,-127.375,52.125,"11","6",5383,12868.7056296319,2.39061965997248
"205",-127.625,52.125,-127.375,51.875,"12","6",6859,14487.7203795686,2.11222049563619
"206",-127.625,51.875,-127.375,51.625,"13","6",6387,12770.2608888783,1.99941457474217
"207",-127.625,51.625,-127.375,51.375,"14","6",6151,20908.9144980386,3.39927076866178
"208",-127.625,51.375,-127.375,51.125,"15","6",6114,15263.8668320812,2.49654347924129
"209",-127.625,51.125,-127.375,50.875,"16","6",3693,5015.82280361652,1.35819734731019
"210",-127.625,50.875,-127.375,50.625,"17","6",4220,37475.1220221072,8.88036066874579
"211",-127.625,50.625,-127.375,50.375,"18","6",6693,193212.211001914,28.8678038251776
"212",-127.625,50.375,-127.375,50.125,"19","6",7568,45945.131980285,6.07097409887487
"213",-127.625,50.125,-127.375,49.875,"20","6",1270,11323.6253108382,8.91624040223482
"214",-127.625,49.875,-127.375,49.625,"21","6",0,0,
"215",-127.625,49.625,-127.375,49.375,"22","6",0,0,
"216",-127.625,49.375,-127.375,49.125,"23","6",0,0,
"217",-127.625,49.125,-127.375,48.875,"24","6",0,0,
"218",-127.625,48.875,-127.375,48.625,"25","6",0,0,
"219",-127.625,48.625,-127.375,48.375,"26","6",0,0,
"220",-127.625,48.375,-127.375,48.125,"27","6",0,0,
"221",-127.625,48.125,-127.375,47.875,"28","6",0,0,
"222",-127.625,47.875,-127.375,47.625,"29","6",0,0,
"223",-127.625,47.625,-127.375,47.375,"30","6",0,0,
"224",-127.625,47.375,-127.375,47.125,"31","6",0,0,
"225",-127.375,55.125,-127.125,54.875,"0","7",6861,8723.17703602463,1.27141481358762
"226",-127.375,54.875,-127.125,54.625,"1","7",6907,10109.8451136686,1.46371002080043
"227",-127.375,54.625,-127.125,54.375,"2","7",6959,3031.46863979101,0.435618427905017
"228",-127.375,54.375,-127.125,54.125,"3","7",7009,5849.95409615431,0.834634626359582
"229",-127.375,54.125,-127.125,53.875,"4","7",7061,4893.66051173955,0.693054880574926
"230",-127.375,53.875,-127.125,53.625,"5","7",7115,2146.80798001587,0.301729863670537
"231",-127.375,53.625,-127.125,53.375,"6","7",7166,1171.56968231872,0.163490047769846
"232",-127.375,53.375,-127.125,53.125,"7","7",7216,10064.2672309242,1.39471552534981
"233",-127.375,53.125,-127.125,52.875,"8","7",7269,14002.251081571,1.9262967508008
"234",-127.375,52.875,-127.125,52.625,"9","7",7323,6711.58941060305,0.91650818115568
"235",-127.375,52.625,-127.125,52.375,"10","7",5839,34075.51623559,5.8358479595119
"236",-127.375,52.375,-127.125,52.125,"11","7",6161,22593.2686865479,3.66714310770133
"237",-127.375,52.125,-127.125,51.875,"12","7",7479,28358.274993496,3.79172014888301
"238",-127.375,51.875,-127.125,51.625,"13","7",7077,31733.1182117537,4.4839788344996
"239",-127.375,51.625,-127.125,51.375,"14","7",7443,25454.5108814314,3.41992622348937
"240",-127.375,51.375,-127.125,51.125,"15","7",6778,48931.227216538,7.21912469999086
"241",-127.375,51.125,-127.125,50.875,"16","7",6179,29898.3059710041,4.83869654814761
"242",-127.375,50.875,-127.125,50.625,"17","7",851,9125.22379758954,10.7229421828314
"243",-127.375,50.625,-127.125,50.375,"18","7",7665,142399.696036104,18.5779120725511
"244",-127.375,50.375,-127.125,50.125,"19","7",7713,72503.5971282236,9.40018113940407
"245",-127.375,50.125,-127.125,49.875,"20","7",3990,49307.4546193704,12.3577580499675
"246",-127.375,49.875,-127.125,49.625,"21","7",81,880.318039417267,10.868123943423
"247",-127.375,49.625,-127.125,49.375,"22","7",0,0,
"248",-127.375,49.375,-127.125,49.125,"23","7",0,0,
"249",-127.375,49.125,-127.125,48.875,"24","7",0,0,
"250",-127.375,48.875,-127.125,48.625,"25","7",0,0,
"251",-127.375,48.625,-127.125,48.375,"26","7",0,0,
"252",-127.375,48.375,-127.125,48.125,"27","7",0,0,
"253",-127.375,48.125,-127.125,47.875,"28","7",0,0,
"254",-127.375,47.875,-127.125,47.625,"29","7",0,0,
"255",-127.375,47.625,-127.125,47.375,"30","7",0,0,
"256",-127.375,47.375,-127.125,47.125,"31","7",0,0,
"257",-127.125,55.125,-126.875,54.875,"0","8",6856,1155.53588574659,0.168543740628149
"258",-127.125,54.875,-126.875,54.625,"1","8",6909,4886.22872042842,0.707226620412277
"259",-127.125,54.625,-126.875,54.375,"2","8",6959,7600.87890542299,1.09223723314025
"260",-127.125,54.375,-126.875,54.125,"3","8",7009,5516.37021787465,0.787040978438386
"261",-127.125,54.125,-126.875,53.875,"4","8",7061,4429.62079667114,0.627336184204948
"262",-127.125,53.875,-126.875,53.625,"5","8",7115,2472.230276905,0.347467361476458
"263",-127.125,53.625,-126.875,53.375,"6","8",7165,3013.55867260695,0.420594371612972
"264",-127.125,53.375,-126.875,53.125,"7","8",7218,3374.80449453369,0.467553961559114
"265",-127.125,53.125,-126.875,52.875,"8","8",7262,16603.9892827943,2.28642099735531
"266",-127.125,52.875,-126.875,52.625,"9","8",6056,47876.8134197295,7.90568253298043
"267",-127.125,52.625,-126.875,52.375,"10","8",7223,28154.080073256,3.89783747379981
"268",-127.125,52.375,-126.875,52.125,"11","8",5987,56981.6331851706,9.51756024472534
"269",-127.125,52.125,-126.875,51.875,"12","8",7482,4830.61337471008,0.645631298410864
"270",-127.125,51.875,-126.875,51.625,"13","8",7536,32386.5354143232,4.29757635540382
"271",-127.125,51.625,-126.875,51.375,"14","8",7576,23921.3847912736,3.15752175175206
"272",-127.125,51.375,-126.875,51.125,"15","8",7368,30385.3003384024,4.12395498621096
"273",-127.125,51.125,-126.875,50.875,"16","8",6203,66388.7887410857,10.7026904306119
"274",-127.125,50.875,-126.875,50.625,"17","8",2339,39918.7567246854,17.066591160618
"275",-127.125,50.625,-126.875,50.375,"18","8",6467,166224.620703921,25.7035133298161
"276",-127.125,50.375,-126.875,50.125,"19","8",7825,167193.083456397,21.3665282372392
"277",-127.125,50.125,-126.875,49.875,"20","8",7445,91022.7419966534,12.226023102304
"278",-127.125,49.875,-126.875,49.625,"21","8",1691,11397.4688155055,6.74007617711739
"279",-127.125,49.625,-126.875,49.375,"22","8",0,0,
"280",-127.125,49.375,-126.875,49.125,"23","8",0,0,
"281",-127.125,49.125,-126.875,48.875,"24","8",0,0,
"282",-127.125,48.875,-126.875,48.625,"25","8",0,0,
"283",-127.125,48.625,-126.875,48.375,"26","8",0,0,
"284",-127.125,48.375,-126.875,48.125,"27","8",0,0,
"285",-127.125,48.125,-126.875,47.875,"28","8",0,0,
"286",-127.125,47.875,-126.875,47.625,"29","8",0,0,
"287",-127.125,47.625,-126.875,47.375,"30","8",0,0,
"288",-127.125,47.375,-126.875,47.125,"31","8",0,0,
"289",-126.875,55.125,-126.625,54.875,"0","9",6855,3181.77699341998,0.464154193059077
"290",-126.875,54.875,-126.625,54.625,"1","9",6908,5416.96736724209,0.78415856503215
"291",-126.875,54.625,-126.625,54.375,"2","9",6961,11913.3301071925,1.71143946375413
"292",-126.875,54.375,-126.625,54.125,"3","9",7009,13649.3128066873,1.94739803205697
"293",-126.875,54.125,-126.625,53.875,"4","9",7060,7299.8275855463,1.0339699129669
"294",-126.875,53.875,-126.625,53.625,"5","9",7115,5543.37444196641,0.779110954598231
"295",-126.875,53.625,-126.625,53.375,"6","9",7168,5000.50064646825,0.697614487509522
"296",-126.875,53.375,-126.625,53.125,"7","9",7214,6419.87869582698,0.88991941999265
"297",-126.875,53.125,-126.625,52.875,"8","9",7273,24423.9205269292,3.35816314133496
"298",-126.875,52.875,-126.625,52.625,"9","9",7320,60383.597427845,8.24912533167281
"299",-126.875,52.625,-126.625,52.375,"10","9",7190,86829.2533782423,12.076391290437
"300",-126.875,52.375,-126.625,52.125,"11","9",7135,65134.4890685789,9.12887022685059
"301",-126.875,52.125,-126.625,51.875,"12","9",6940,71597.2565982789,10.3166075790027
"302",-126.875,51.875,-126.625,51.625,"13","9",7537,72917.8716749512,9.67465459399644
"303",-126.875,51.625,-126.625,51.375,"14","9",7588,21790.9470761269,2.87176424303202
"304",-126.875,51.375,-126.625,51.125,"15","9",7419,30328.0461242013,4.08788868098144
"305",-126.875,51.125,-126.625,50.875,"16","9",6264,70847.6395133883,11.310287278638
"306",-126.875,50.875,-126.625,50.625,"17","9",3080,45873.6705455631,14.8940488784296
"307",-126.875,50.625,-126.625,50.375,"18","9",5518,94275.777608905,17.0851354854848
"308",-126.875,50.375,-126.625,50.125,"19","9",7858,202902.345751598,25.8211180645964
"309",-126.875,50.125,-126.625,49.875,"20","9",7489,110860.806010246,14.8031520910998
"310",-126.875,49.875,-126.625,49.625,"21","9",7093,92638.2414182499,13.0605162016425
"311",-126.875,49.625,-126.625,49.375,"22","9",661,4151.62740677595,6.28082814943412
"312",-126.875,49.375,-126.625,49.125,"23","9",0,0,
"313",-126.875,49.125,-126.625,48.875,"24","9",0,0,
"314",-126.875,48.875,-126.625,48.625,"25","9",0,0,
"315",-126.875,48.625,-126.625,48.375,"26","9",0,0,
"316",-126.875,48.375,-126.625,48.125,"27","9",0,0,
"317",-126.875,48.125,-126.625,47.875,"28","9",0,0,
"318",-126.875,47.875,-126.625,47.625,"29","9",0,0,
"319",-126.875,47.625,-126.625,47.375,"30","9",0,0,
"320",-126.875,47.375,-126.625,47.125,"31","9",0,0,
"321",-126.625,55.125,-126.375,54.875,"0","10",6856,5982.78121355083,0.872634366037169
"322",-126.625,54.875,-126.375,54.625,"1","10",6905,3826.91028434038,0.554223067971091
"323",-126.625,54.625,-126.375,54.375,"2","10",6960,11878.8475293582,1.70673096686181
"324",-126.625,54.375,-126.375,54.125,"3","10",7010,5368.62628088333,0.765852536502614
"325",-126.625,54.125,-126.375,53.875,"4","10",7064,9657.46720323805,1.36713861880493
"326",-126.625,53.875,-126.375,53.625,"5","10",7113,5010.44734917581,0.704407050355098
"327",-126.625,53.625,-126.375,53.375,"6","10",7165,1062.84033219516,0.148337799329402
"328",-126.625,53.375,-126.375,53.125,"7","10",7218,2212.35928508639,0.306505858282958
"329",-126.625,53.125,-126.375,52.875,"8","10",7270,4774.73199448735,0.65677193871903
"330",-126.625,52.875,-126.375,52.625,"9","10",7322,30918.7446231246,4.22271846805854
"331",-126.625,52.625,-126.375,52.375,"10","10",7375,112083.373155859,15.1977455126589
"332",-126.625,52.375,-126.375,52.125,"11","10",7428,61853.3001603261,8.32704633283873
"333",-126.625,52.125,-126.375,51.875,"12","10",7481,80695.3743756618,10.7867095810268
"334",-126.625,51.875,-126.375,51.625,"13","10",7535,75226.3396438733,9.98358853933288
"335",-126.625,51.625,-126.375,51.375,"14","10",7588,36385.4269781709,4.7951274351833
"336",-126.625,51.375,-126.375,51.125,"15","10",7644,27640.486280147,3.61597151754932
"337",-126.625,51.125,-126.375,50.875,"16","10",6400,68491.7350526303,10.7018336019735
"338",-126.625,50.875,-126.375,50.625,"17","10",4972,99631.4622375816,20.0385080928362
"339",-126.625,50.625,-126.375,50.375,"18","10",6029,142613.891141426,23.6546510435273
"340",-126.625,50.375,-126.375,50.125,"19","10",7859,243316.654343858,30.960256310454
"341",-126.625,50.125,-126.375,49.875,"20","10",7915,145205.11018556,18.3455603519343
"342",-126.625,49.875,-126.375,49.625,"21","10",6368,100612.937104911,15.7997702740123
"343",-126.625,49.625,-126.375,49.375,"22","10",4993,46640.2992339581,9.34113743920651
"344",-126.625,49.375,-126.375,49.125,"23","10",0,0,
"345",-126.625,49.125,-126.375,48.875,"24","10",0,0,
"346",-126.625,48.875,-126.375,48.625,"25","10",0,0,
"347",-126.625,48.625,-126.375,48.375,"26","10",0,0,
"348",-126.625,48.375,-126.375,48.125,"27","10",0,0,
"349",-126.625,48.125,-126.375,47.875,"28","10",0,0,
"350",-126.625,47.875,-126.375,47.625,"29","10",0,0,
"351",-126.625,47.625,-126.375,47.375,"30","10",0,0,
"352",-126.625,47.375,-126.375,47.125,"31","10",0,0,
"353",-126.375,55.125,-126.125,54.875,"0","11",6856,5841.5629047174,0.852036596370683
"354",-126.375,54.875,-126.125,54.625,"1","11",6909,16930.5525274239,2.45050695142914
"355",-126.375,54.625,-126.125,54.375,"2","11",6960,11595.9424335025,1.6660836829745
"356",-126.375,54.375,-126.125,54.125,"3","11",7011,9323.86935021728,1.32989150623553
"357",-126.375,54.125,-126.125,53.875,"4","11",7060,9478.26700965874,1.342530737912
"358",-126.375,53.875,-126.125,53.625,"5","11",7114,7100.81742532551,0.998146953236648
"359",-126.375,53.625,-126.125,53.375,"6","11",7166,382.465699460357,0.0533722717639349
"360",-126.375,53.375,-126.125,53.125,"7","11",7216,2581.39914090559,0.35773269691042
"361",-126.375,53.125,-126.125,52.875,"8","11",7270,2232.84978582337,0.307132020058236
"362",-126.375,52.875,-126.125,52.625,"9","11",7323,43812.1088168137,5.98280879650603
"363",-126.375,52.625,-126.125,52.375,"10","11",7375,117062.173948362,15.8728371455407
"364",-126.375,52.375,-126.125,52.125,"11","11",7427,13545.8298840467,1.82386291693102
"365",-126.375,52.125,-126.125,51.875,"12","11",7484,25091.466420359,3.35268124269895
"366",-126.375,51.875,-126.125,51.625,"13","11",7534,59430.6208450608,7.88832238453156
"367",-126.375,51.625,-126.125,51.375,"14","11",7588,7735.84104721248,1.01948353284297
"368",-126.375,51.375,-126.125,51.125,"15","11",7640,17365.4611994419,2.2729661255814
"369",-126.375,51.125,-126.125,50.875,"16","11",7261,59882.6727288626,8.24716605548308
"370",-126.375,50.875,-126.125,50.625,"17","11",5665,91698.9973791838,16.1869368718771
"371",-126.375,50.625,-126.125,50.375,"18","11",5981,189667.341147948,31.7116437298024
"372",-126.375,50.375,-126.125,50.125,"19","11",7861,123053.491078008,15.6536688815682
"373",-126.375,50.125,-126.125,49.875,"20","11",7914,160877.856871609,20.3282609137742
"374",-126.375,49.875,-126.125,49.625,"21","11",7508,149693.582419798,19.9378772535692
"375",-126.375,49.625,-126.125,49.375,"22","11",7280,92413.6353223547,12.6941806761476
"376",-126.375,49.375,-126.125,49.125,"23","11",1581,6346.82934442163,4.01443981304341
"377",-126.375,49.125,-126.125,48.875,"24","11",0,0,
"378",-126.375,48.875,-126.125,48.625,"25","11",0,0,
"379",-126.375,48.625,-126.125,48.375,"26","11",0,0,
"380",-126.375,48.375,-126.125,48.125,"27","11",0,0,
"381",-126.375,48.125,-126.125,47.875,"28","11",0,0,
"382",-126.375,47.875,-126.125,47.625,"29","11",0,0,
"383",-126.375,47.625,-126.125,47.375,"30","11",0,0,
"384",-126.375,47.375,-126.125,47.125,"31","11",0,0,
"385",-126.125,55.125,-125.875,54.875,"0","12",6855,3263.60310370475,0.476090897695806
"386",-126.125,54.875,-125.875,54.625,"1","12",6910,18345.9170327522,2.65498075727239
"387",-126.125,54.625,-125.875,54.375,"2","12",6959,2965.85504887626,0.426189833147903
"388",-126.125,54.375,-125.875,54.125,"3","12",7008,8573.55802699178,1.2233958371849
"389",-126.125,54.125,-125.875,53.875,"4","12",7061,7467.17732936982,1.05752405174477
"390",-126.125,53.875,-125.875,53.625,"5","12",7115,4131.14805696532,0.580625166123025
"391",-126.125,53.625,-125.875,53.375,"6","12",7163,999.661547586322,0.139559060112568
"392",-126.125,53.375,-125.875,53.125,"7","12",7219,2807.47223915532,0.388900434846284
"393",-126.125,53.125,-125.875,52.875,"8","12",7272,5916.65268711746,0.813621106589309
"394",-126.125,52.875,-125.875,52.625,"9","12",7321,4109.16568248719,0.561284753788716
"395",-126.125,52.625,-125.875,52.375,"10","12",7376,58331.5879236311,7.90829554279163
"396",-126.125,52.375,-125.875,52.125,"11","12",7429,146234.171060491,19.6842335523612
"397",-126.125,52.125,-125.875,51.875,"12","12",7480,27456.2522465363,3.67062195809309
"398",-126.125,51.875,-125.875,51.625,"13","12",7536,12200.9320508596,1.6190196458147
"399",-126.125,51.625,-125.875,51.375,"14","12",7589,4.60429593920708,0.000606706540941768
"400",-126.125,51.375,-125.875,51.125,"15","12",7642,9580.90098440275,1.2537164334471
"401",-126.125,51.125,-125.875,50.875,"16","12",7696,32029.672440324,4.16185972457432
"402",-126.125,50.875,-125.875,50.625,"17","12",6551,76565.9685509503,11.6876764693864
"403",-126.125,50.625,-125.875,50.375,"18","12",5800,197297.536934175,34.0168167127887
"404",-126.125,50.375,-125.875,50.125,"19","12",7861,274319.677053016,34.8962825407729
"405",-126.125,50.125,-125.875,49.875,"20","12",7913,131354.095055249,16.5997845387651
"406",-126.125,49.875,-125.875,49.625,"21","12",7832,227287.555248901,29.0203722227913
"407",-126.125,49.625,-125.875,49.375,"22","12",7597,159390.520587966,20.9807187821464
"408",-126.125,49.375,-125.875,49.125,"23","12",4023,54576.5784906745,13.5661393215696
"409",-126.125,49.125,-125.875,48.875,"24","12",49,12.1535172462463,0.248030964209109
"410",-126.125,48.875,-125.875,48.625,"25","12",0,0,
"411",-126.125,48.625,-125.875,48.375,"26","12",0,0,
"412",-126.125,48.375,-125.875,48.125,"27","12",0,0,
"413",-126.125,48.125,-125.875,47.875,"28","12",0,0,
"414",-126.125,47.875,-125.875,47.625,"29","12",0,0,
"415",-126.125,47.625,-125.875,47.375,"30","12",0,0,
"416",-126.125,47.375,-125.875,47.125,"31","12",0,0,
"417",-125.875,55.125,-125.625,54.875,"0","13",6858,1038.87697812915,0.15148395714919
"418",-125.875,54.875,-125.625,54.625,"1","13",6907,9050.10666308179,1.31028039135396
"419",-125.875,54.625,-125.625,54.375,"2","13",6958,10523.242781518,1.51239476595545
"420",-125.875,54.375,-125.625,54.125,"3","13",7011,10497.2594558746,1.49725566336822
"421",-125.875,54.125,-125.625,53.875,"4","13",7063,8714.11285892501,1.23376934148733
"422",-125.875,53.875,-125.625,53.625,"5","13",7113,5095.36527529359,0.716345462574664
"423",-125.875,53.625,-125.625,53.375,"6","13",7166,6129.48868662119,0.85535705925498
"424",-125.875,53.375,-125.625,53.125,"7","13",7218,1368.80910709873,0.189638280285221
"425",-125.875,53.125,-125.625,52.875,"8","13",7268,2432.58718857169,0.334698292318615
"426",-125.875,52.875,-125.625,52.625,"9","13",7323,1279.95482822508,0.174785583534764
"427",-125.875,52.625,-125.625,52.375,"10","13",7375,54062.5191512331,7.33051107135365
"428",-125.875,52.375,-125.625,52.125,"11","13",7428,134450.351390444,18.1004781085681
"429",-125.875,52.125,-125.625,51.875,"12","13",7482,66403.1614645943,8.87505499393134
"430",-125.875,51.875,-125.625,51.625,"13","13",7533,50328.7810893431,6.68110727324348
"431",-125.875,51.625,-125.625,51.375,"14","13",7589,37310.9835028537,4.91645585753771
"432",-125.875,51.375,-125.625,51.125,"15","13",7643,62865.7702778205,8.22527414337571
"433",-125.875,51.125,-125.625,50.875,"16","13",7578,30712.0937126689,4.05279674223659
"434",-125.875,50.875,-125.625,50.625,"17","13",6304,82203.3409759291,13.0398700786689
"435",-125.875,50.625,-125.625,50.375,"18","13",6413,262021.765948661,40.8579083032373
"436",-125.875,50.375,-125.625,50.125,"19","13",7584,524488.954618528,69.1572988684769
"437",-125.875,50.125,-125.625,49.875,"20","13",7917,467905.095615804,59.10131307513
"438",-125.875,49.875,-125.625,49.625,"21","13",7970,160529.509676822,20.1417201602035
"439",-125.875,49.625,-125.625,49.375,"22","13",8026,142427.990078211,17.7458248290818
"440",-125.875,49.375,-125.625,49.125,"23","13",6323,115405.54306592,18.2517069533324
"441",-125.875,49.125,-125.625,48.875,"24","13",2187,15660.2050006092,7.16058756315005
"442",-125.875,48.875,-125.625,48.625,"25","13",0,0,
"443",-125.875,48.625,-125.625,48.375,"26","13",0,0,
"444",-125.875,48.375,-125.625,48.125,"27","13",0,0,
"445",-125.875,48.125,-125.625,47.875,"28","13",0,0,
"446",-125.875,47.875,-125.625,47.625,"29","13",0,0,
"447",-125.875,47.625,-125.625,47.375,"30","13",0,0,
"448",-125.875,47.375,-125.625,47.125,"31","13",0,0,
"449",-125.625,55.125,-125.375,54.875,"0","14",6858,5463.75473614037,0.796697978439832
"450",-125.625,54.875,-125.375,54.625,"1","14",6910,5195.31363807246,0.751854361515552
"451",-125.625,54.625,-125.375,54.375,"2","14",6956,13122.4589880239,1.88649496665094
"452",-125.625,54.375,-125.375,54.125,"3","14",7012,19499.6980935,2.78090389239874
"453",-125.625,54.125,-125.375,53.875,"4","14",7060,16382.2422364354,2.3204309116764
"454",-125.625,53.875,-125.375,53.625,"5","14",7114,9215.5043887943,1.29540404678019
"455",-125.625,53.625,-125.375,53.375,"6","14",7167,10783.7270472534,1.50463611654157
"456",-125.625,53.375,-125.375,53.125,"7","14",7216,3006.36778645404,0.416625247568464
"457",-125.625,53.125,-125.375,52.875,"8","14",7270,1524.64292546548,0.209717046143807
"458",-125.625,52.875,-125.375,52.625,"9","14",7323,3282.84621649608,0.448292532636362
"459",-125.625,52.625,-125.375,52.375,"10","14",7378,7819.33309992775,1.0598174437419
"460",-125.625,52.375,-125.375,52.125,"11","14",7426,7211.27999597881,0.971085375165474
"461",-125.625,52.125,-125.375,51.875,"12","14",7482,4010.64889539033,0.536039681287133
"462",-125.625,51.875,-125.375,51.625,"13","14",7534,134682.495510302,17.8766253663793
"463",-125.625,51.625,-125.375,51.375,"14","14",7587,79315.2349133817,10.4540971284278
"464",-125.625,51.375,-125.375,51.125,"15","14",7644,56308.364503067,7.36634805115999
"465",-125.625,51.125,-125.375,50.875,"16","14",6181,75376.7446711287,12.1949109644279
"466",-125.625,50.875,-125.375,50.625,"17","14",7196,96193.7779306583,13.367673420047
"467",-125.625,50.625,-125.375,50.375,"18","14",6476,323786.091744833,49.9978523386091
"468",-125.625,50.375,-125.375,50.125,"19","14",6705,842743.527058005,125.68881835317
"469",-125.625,50.125,-125.375,49.875,"20","14",7908,1370491.38006565,173.304423377042
"470",-125.625,49.875,-125.375,49.625,"21","14",7970,290272.276536796,36.4206118615805
"471",-125.625,49.625,-125.375,49.375,"22","14",8026,208831.25741829,26.0193443082843
"472",-125.625,49.375,-125.375,49.125,"23","14",8029,177639.236100562,22.1247024661305
"473",-125.625,49.125,-125.375,48.875,"24","14",5704,81449.2600712627,14.2793232944009
"474",-125.625,48.875,-125.375,48.625,"25","14",0,0,
"475",-125.625,48.625,-125.375,48.375,"26","14",0,0,
"476",-125.625,48.375,-125.375,48.125,"27","14",0,0,
"477",-125.625,48.125,-125.375,47.875,"28","14",0,0,
"478",-125.625,47.875,-125.375,47.625,"29","14",0,0,
"479",-125.625,47.625,-125.375,47.375,"30","14",0,0,
"480",-125.625,47.375,-125.375,47.125,"31","14",0,0,
"481",-125.375,55.125,-125.125,54.875,"0","15",6860,5867.84237784147,0.855370609014792
"482",-125.375,54.875,-125.125,54.625,"1","15",6902,13194.8225916326,1.91173900197517
"483",-125.375,54.625,-125.125,54.375,"2","15",6962,16105.4515926428,2.31333691362293
"484",-125.375,54.375,-125.125,54.125,"3","15",7010,17330.2935642265,2.47222447421205
"485",-125.375,54.125,-125.125,53.875,"4","15",7061,22832.0033633783,3.23353680263112
"486",-125.375,53.875,-125.125,53.625,"5","15",7117,11116.0242239498,1.56189746015874
"487",-125.375,53.625,-125.125,53.375,"6","15",7160,8843.92739765346,1.23518539073372
"488",-125.375,53.375,-125.125,53.125,"7","15",7221,7440.1723924242,1.03035208314973
"489",-125.375,53.125,-125.125,52.875,"8","15",7268,3817.21950766444,0.52520906819819
"490",-125.375,52.875,-125.125,52.625,"9","15",7324,342.837878674269,0.0468101964328603
"491",-125.375,52.625,-125.125,52.375,"10","15",7375,3551.98641875386,0.481625277119168
"492",-125.375,52.375,-125.125,52.125,"11","15",7428,2066.9106759131,0.278259380171391
"493",-125.375,52.125,-125.125,51.875,"12","15",7481,79667.7601822242,10.6493463684299
"494",-125.375,51.875,-125.125,51.625,"13","15",7534,80855.3338933885,10.7320591841503
"495",-125.375,51.625,-125.125,51.375,"14","15",7591,3043.13197526429,0.400886836420009
"496",-125.375,51.375,-125.125,51.125,"15","15",7639,7352.94239192549,0.962553003262926
"497",-125.375,51.125,-125.125,50.875,"16","15",7700,6693.53969618306,0.869290869634163
"498",-125.375,50.875,-125.125,50.625,"17","15",7747,54340.9523454942,7.01445105789263
"499",-125.375,50.625,-125.125,50.375,"18","15",6617,236190.414180867,35.6944860481891
"500",-125.375,50.375,-125.125,50.125,"19","15",6022,788749.783755705,130.97804446292
"501",-125.375,50.125,-125.125,49.875,"20","15",5384,532042.87051931,98.8192552970487
"502",-125.375,49.875,-125.125,49.625,"21","15",7972,760797.131967649,95.4336593035184
"503",-125.375,49.625,-125.125,49.375,"22","15",8023,486680.817353856,60.6607026491158
"504",-125.375,49.375,-125.125,49.125,"23","15",8083,259434.802795082,32.0963507107611
"505",-125.375,49.125,-125.125,48.875,"24","15",4592,102215.70939482,22.2595185964329
"506",-125.375,48.875,-125.125,48.625,"25","15",567,1702.3196746707,3.00232746855502
"507",-125.375,48.625,-125.125,48.375,"26","15",0,0,
"508",-125.375,48.375,-125.125,48.125,"27","15",0,0,
"509",-125.375,48.125,-125.125,47.875,"28","15",0,0,
"510",-125.375,47.875,-125.125,47.625,"29","15",0,0,
"511",-125.375,47.625,-125.125,47.375,"30","15",0,0,
"512",-125.375,47.375,-125.125,47.125,"31","15",0,0,
"513",-125.125,55.125,-124.875,54.875,"0","16",6858,5722.63594324142,0.834446769209889
"514",-125.125,54.875,-124.875,54.625,"1","16",6908,13342.131126713,1.93140288458498
"515",-125.125,54.625,-124.875,54.375,"2","16",6962,10902.5703972094,1.56601126073102
"516",-125.125,54.375,-124.875,54.125,"3","16",7008,13665.5044096243,1.94998635982081
"517",-125.125,54.125,-124.875,53.875,"4","16",7065,18411.1383455805,2.60596438012464
"518",-125.125,53.875,-124.875,53.625,"5","16",7107,18364.7671159487,2.58403927338521
"519",-125.125,53.625,-124.875,53.375,"6","16",7174,11600.3782048337,1.61700281639723
"520",-125.125,53.375,-124.875,53.125,"7","16",7213,8686.07941307127,1.20422562221978
"521",-125.125,53.125,-124.875,52.875,"8","16",7270,8741.33119588345,1.202383933409
"522",-125.125,52.875,-124.875,52.625,"9","16",7323,63.443799585104,0.00866363506556111
"523",-125.125,52.625,-124.875,52.375,"10","16",7377,1141.09104628116,0.154682261933192
"524",-125.125,52.375,-124.875,52.125,"11","16",7427,3030.65994681418,0.408059774715791
"525",-125.125,52.125,-124.875,51.875,"12","16",7481,96262.9408895629,12.8676568492933
"526",-125.125,51.875,-124.875,51.625,"13","16",7533,59945.3196344646,7.95769542472648
"527",-125.125,51.625,-124.875,51.375,"14","16",7589,101798.144674714,13.4139075866008
"528",-125.125,51.375,-124.875,51.125,"15","16",7644,137957.326727982,18.0477926122425
"529",-125.125,51.125,-124.875,50.875,"16","16",7678,106698.498267513,13.8966525485169
"530",-125.125,50.875,-124.875,50.625,"17","16",6342,77990.2980741281,12.2974295291908
"531",-125.125,50.625,-124.875,50.375,"18","16",5489,202001.871109493,36.8012153597182
"532",-125.125,50.375,-124.875,50.125,"19","16",4455,516853.978026554,116.016605617633
"533",-125.125,50.125,-124.875,49.875,"20","16",1579,226615.619554937,143.518441770068
"534",-125.125,49.875,-124.875,49.625,"21","16",4948,385045.862383574,77.8184847177798
"535",-125.125,49.625,-124.875,49.375,"22","16",7916,989002.354682207,124.937134244847
"536",-125.125,49.375,-124.875,49.125,"23","16",8082,629850.495203555,77.9325037371387
"537",-125.125,49.125,-124.875,48.875,"24","16",6755,266553.538973369,39.4601834157467
"538",-125.125,48.875,-124.875,48.625,"25","16",5462,83745.2908226028,15.3323491070309
"539",-125.125,48.625,-124.875,48.375,"26","16",0,0,
"540",-125.125,48.375,-124.875,48.125,"27","16",0,0,
"541",-125.125,48.125,-124.875,47.875,"28","16",0,0,
"542",-125.125,47.875,-124.875,47.625,"29","16",0,0,
"543",-125.125,47.625,-124.875,47.375,"30","16",0,0,
"544",-125.125,47.375,-124.875,47.125,"31","16",0,0,
"545",-124.875,55.125,-124.625,54.875,"0","17",6866,3691.05591365322,0.537584607290012
"546",-124.875,54.875,-124.625,54.625,"1","17",6904,9658.96249013767,1.39903859938263
"547",-124.875,54.625,-124.625,54.375,"2","17",6958,9102.71480327658,1.30823725255484
"548",-124.875,54.375,-124.625,54.125,"3","17",7007,14428.0926241223,2.05909699216816
"549",-124.875,54.125,-124.625,53.875,"4","17",7069,18432.2769431248,2.60748011644148
"550",-124.875,53.875,-124.625,53.625,"5","17",7113,22953.3572124634,3.22695869709875
"551",-124.875,53.625,-124.625,53.375,"6","17",7162,16462.0869617388,2.2985321085924
"552",-124.875,53.375,-124.625,53.125,"7","17",7212,4027.27074754611,0.55841247192819
"553",-124.875,53.125,-124.625,52.875,"8","17",7279,5514.0774070099,0.757532271879365
"554",-124.875,52.875,-124.625,52.625,"9","17",7316,97.6860716491938,0.0133523881423174
"555",-124.875,52.625,-124.625,52.375,"10","17",7370,379.002580448985,0.05142504483704
"556",-124.875,52.375,-124.625,52.125,"11","17",7430,2367.11864961684,0.318589320271445
"557",-124.875,52.125,-124.625,51.875,"12","17",7482,67482.1208922341,9.0192623486012
"558",-124.875,51.875,-124.625,51.625,"13","17",7545,166289.137100778,22.039647064384
"559",-124.875,51.625,-124.625,51.375,"14","17",7576,32764.6110898536,4.32479027057201
"560",-124.875,51.375,-124.625,51.125,"15","17",7651,59303.9323642207,7.75113480123131
"561",-124.875,51.125,-124.625,50.875,"16","17",7306,77347.6410024427,10.5868657271342
"562",-124.875,50.875,-124.625,50.625,"17","17",7192,91085.0852295179,12.6647782577194
"563",-124.875,50.625,-124.625,50.375,"18","17",7437,139249.665022865,18.7239027864549
"564",-124.875,50.375,-124.625,50.125,"19","17",5010,464986.517984852,92.8116802364974
"565",-124.875,50.125,-124.625,49.875,"20","17",3428,476917.120712876,139.124014210291
"566",-124.875,49.875,-124.625,49.625,"21","17",230,35634.5042765141,154.932627289192
"567",-124.875,49.625,-124.625,49.375,"22","17",4364,679110.555045977,155.616534153524
"568",-124.875,49.375,-124.625,49.125,"23","17",7834,949454.505887762,121.196643590473
"569",-124.875,49.125,-124.625,48.875,"24","17",7831,484235.495032161,61.8357163877106
"570",-124.875,48.875,-124.625,48.625,"25","17",7778,139031.93436566,17.875023703479
"571",-124.875,48.625,-124.625,48.375,"26","17",618,2135.13297766447,3.45490773084866
"572",-124.875,48.375,-124.625,48.125,"27","17",0,0,
"573",-124.875,48.125,-124.625,47.875,"28","17",0,0,
"574",-124.875,47.875,-124.625,47.625,"29","17",0,0,
"575",-124.875,47.625,-124.625,47.375,"30","17",0,0,
"576",-124.875,47.375,-124.625,47.125,"31","17",0,0,
"577",-124.625,55.125,-124.375,54.875,"0","18",6842,4807.50095853396,0.702645565409815
"578",-124.625,54.875,-124.375,54.625,"1","18",6904,12281.9140099585,1.7789562586846
"579",-124.625,54.625,-124.375,54.375,"2","18",6970,19442.4002723154,2.78944049818011
"580",-124.625,54.375,-124.375,54.125,"3","18",6989,15534.3620759565,2.22268737672865
"581",-124.625,54.125,-124.375,53.875,"4","18",7072,16174.2456672601,2.28708224932977
"582",-124.625,53.875,-124.375,53.625,"5","18",7105,16315.5017842753,2.29634085633713
"583",-124.625,53.625,-124.375,53.375,"6","18",7172,9823.24260622449,1.36966572869834
"584",-124.625,53.375,-124.375,53.125,"7","18",7232,12667.028017207,1.75152489175982
"585",-124.625,53.125,-124.375,52.875,"8","18",7262,10137.1514304802,1.39591729970809
"586",-124.625,52.875,-124.375,52.625,"9","18",7331,168.960072914138,0.023047343188397
"587",-124.625,52.625,-124.375,52.375,"10","18",7360,5661.87223885953,0.769276119410263
"588",-124.625,52.375,-124.375,52.125,"11","18",7421,9972.65731658041,1.34384278622563
"589",-124.625,52.125,-124.375,51.875,"12","18",7502,80725.2865336612,10.7605020706027
"590",-124.625,51.875,-124.375,51.625,"13","18",7528,175328.719146829,23.2902124265182
"591",-124.625,51.625,-124.375,51.375,"14","18",7594,207568.019999242,27.3331603896816
"592",-124.625,51.375,-124.375,51.125,"15","18",7626,16061.1621089671,2.1061057053458
"593",-124.625,51.125,-124.375,50.875,"16","18",7694,47571.8277950585,6.18297735833877
"594",-124.625,50.875,-124.375,50.625,"17","18",7747,53241.2959844787,6.87250496766215
"595",-124.625,50.625,-124.375,50.375,"18","18",7050,109148.930689009,15.4821178282282
"596",-124.625,50.375,-124.375,50.125,"19","18",7667,239841.641121481,31.2823322187923
"597",-124.625,50.125,-124.375,49.875,"20","18",7837,733482.205697007,93.5922171362776
"598",-124.625,49.875,-124.375,49.625,"21","18",4311,704963.00118646,163.526560238103
"599",-124.625,49.625,-124.375,49.375,"22","18",333,51944.4971294999,155.989480869369
"600",-124.625,49.375,-124.375,49.125,"23","18",7799,695749.477223601,89.2100881168869
"601",-124.625,49.125,-124.375,48.875,"24","18",8134,407589.89548225,50.1094044113904
"602",-124.625,48.875,-124.375,48.625,"25","18",8177,344472.71449399,42.1270287995585
"603",-124.625,48.625,-124.375,48.375,"26","18",2555,41785.2307642996,16.3542977551075
"604",-124.625,48.375,-124.375,48.125,"27","18",0,0,
"605",-124.625,48.125,-124.375,47.875,"28","18",0,0,
"606",-124.625,47.875,-124.375,47.625,"29","18",0,0,
"607",-124.625,47.625,-124.375,47.375,"30","18",0,0,
"608",-124.625,47.375,-124.375,47.125,"31","18",0,0,
"609",-124.375,55.125,-124.125,54.875,"0","19",6865,2660.00786838308,0.387473833704746
"610",-124.375,54.875,-124.125,54.625,"1","19",6904,9909.98007741943,1.43539688259262
"611",-124.375,54.625,-124.125,54.375,"2","19",6957,20801.7799771912,2.99005030576272
"612",-124.375,54.375,-124.125,54.125,"3","19",7014,26154.7558240108,3.72893581750938
"613",-124.375,54.125,-124.125,53.875,"4","19",7059,8950.91915547475,1.26801517997942
"614",-124.375,53.875,-124.125,53.625,"5","19",7129,12065.9997679181,1.69252346302681
"615",-124.375,53.625,-124.125,53.375,"6","19",7146,9873.87811353803,1.38173497250742
"616",-124.375,53.375,-124.125,53.125,"7","19",7224,12722.4251054972,1.76113304339663
"617",-124.375,53.125,-124.125,52.875,"8","19",7271,2177.39890140295,0.299463471517391
"618",-124.375,52.875,-124.125,52.625,"9","19",7319,1698.50152121484,0.232067430142758
"619",-124.375,52.625,-124.125,52.375,"10","19",7370,13972.8266862668,1.8959059275803
"620",-124.375,52.375,-124.125,52.125,"11","19",7425,16921.9478075206,2.27905020976709
"621",-124.375,52.125,-124.125,51.875,"12","19",7493,49788.9075549357,6.64472274855674
"622",-124.375,51.875,-124.125,51.625,"13","19",7531,66009.6140711186,8.76505299045527
"623",-124.375,51.625,-124.125,51.375,"14","19",7595,88652.2391123185,11.6724475460591
"624",-124.375,51.375,-124.125,51.125,"15","19",7630,20720.9705635142,2.71572353388128
"625",-124.375,51.125,-124.125,50.875,"16","19",7708,74177.1401691623,9.62339649314508
"626",-124.375,50.875,-124.125,50.625,"17","19",7738,33906.188978645,4.3817768129549
"627",-124.375,50.625,-124.125,50.375,"18","19",7791,146794.590440588,18.8415595482721
"628",-124.375,50.375,-124.125,50.125,"19","19",7858,122441.285282317,15.5817364828603
"629",-124.375,50.125,-124.125,49.875,"20","19",7919,506464.674468026,63.9556351140328
"630",-124.375,49.875,-124.125,49.625,"21","19",4682,549349.033931732,117.332130271622
"631",-124.375,49.625,-124.125,49.375,"22","19",2838,489189.614679575,172.371252529801
"632",-124.375,49.375,-124.125,49.125,"23","19",6109,908574.456119388,148.727198579045
"633",-124.375,49.125,-124.125,48.875,"24","19",8123,471715.926487073,58.0716393557889
"634",-124.375,48.875,-124.125,48.625,"25","19",8207,489458.548380107,59.6391554014995
"635",-124.375,48.625,-124.125,48.375,"26","19",4927,246237.219597172,49.9771097213663
"636",-124.375,48.375,-124.125,48.125,"27","19",0,0,
"637",-124.375,48.125,-124.125,47.875,"28","19",0,0,
"638",-124.375,47.875,-124.125,47.625,"29","19",0,0,
"639",-124.375,47.625,-124.125,47.375,"30","19",0,0,
"640",-124.375,47.375,-124.125,47.125,"31","19",0,0,
"641",-124.125,55.125,-123.875,54.875,"0","20",6856,3433.6161836395,0.500819163307979
"642",-124.125,54.875,-123.875,54.625,"1","20",6913,5921.67786985449,0.856600299414797
"643",-124.125,54.625,-123.875,54.375,"2","20",6955,18080.7213854752,2.59967237749464
"644",-124.125,54.375,-123.875,54.125,"3","20",7013,36915.5457930528,5.26387363368783
"645",-124.125,54.125,-123.875,53.875,"4","20",7060,13237.309569791,1.87497302688257
"646",-124.125,53.875,-123.875,53.625,"5","20",7115,22275.3573770858,3.13075999677946
"647",-124.125,53.625,-123.875,53.375,"6","20",7168,17250.8353753407,2.40664556017587
"648",-124.125,53.375,-123.875,53.125,"7","20",7213,34261.2120976485,4.7499254259876
"649",-124.125,53.125,-123.875,52.875,"8","20",7272,13282.3715691976,1.82650874163884
"650",-124.125,52.875,-123.875,52.625,"9","20",7321,5805.09871341661,0.792937947468461
"651",-124.125,52.625,-123.875,52.375,"10","20",7376,12339.601282306,1.67293943632131
"652",-124.125,52.375,-123.875,52.125,"11","20",7430,49035.9867684767,6.59972904017183
"653",-124.125,52.125,-123.875,51.875,"12","20",7476,24612.1450967938,3.29215423980655
"654",-124.125,51.875,-123.875,51.625,"13","20",7539,40546.9951669425,5.37829886814465
"655",-124.125,51.625,-123.875,51.375,"14","20",7586,55123.9905284345,7.26654238444958
"656",-124.125,51.375,-123.875,51.125,"15","20",7645,53379.6082052216,6.98229015110812
"657",-124.125,51.125,-123.875,50.875,"16","20",7698,28497.3825250175,3.70192030722493
"658",-124.125,50.875,-123.875,50.625,"17","20",7746,55815.7138371244,7.20574668695125
"659",-124.125,50.625,-123.875,50.375,"18","20",7808,80364.7669427022,10.2926187170469
"660",-124.125,50.375,-123.875,50.125,"19","20",7550,103664.733861785,13.7304283260643
"661",-124.125,50.125,-123.875,49.875,"20","20",6805,239822.682476401,35.2421282110803
"662",-124.125,49.875,-123.875,49.625,"21","20",5464,557850.747267425,102.095671169002
"663",-124.125,49.625,-123.875,49.375,"22","20",2228,280305.488687068,125.81036296547
"664",-124.125,49.375,-123.875,49.125,"23","20",3067,306590.280346289,99.9642257405573
"665",-124.125,49.125,-123.875,48.875,"24","20",8137,1021522.03349042,125.540375259976
"666",-124.125,48.875,-123.875,48.625,"25","20",8197,823538.475711342,100.468278115328
"667",-124.125,48.625,-123.875,48.375,"26","20",7229,655861.030141845,90.7263840284749
"668",-124.125,48.375,-123.875,48.125,"27","20",0,0,
"669",-124.125,48.125,-123.875,47.875,"28","20",0,0,
"670",-124.125,47.875,-123.875,47.625,"29","20",0,0,
"671",-124.125,47.625,-123.875,47.375,"30","20",0,0,
"672",-124.125,47.375,-123.875,47.125,"31","20",0,0,
"673",-123.875,55.125,-123.625,54.875,"0","21",6856,7433.75706470013,1.08427028364938
"674",-123.875,54.875,-123.625,54.625,"1","21",6907,5646.02506653592,0.817435220288971
"675",-123.875,54.625,-123.625,54.375,"2","21",6960,13770.5352311004,1.97852517688224
"676",-123.875,54.375,-123.625,54.125,"3","21",7008,33590.7337951902,4.79319831552372
"677",-123.875,54.125,-123.625,53.875,"4","21",7063,24906.132014893,3.52628231840478
"678",-123.875,53.875,-123.625,53.625,"5","21",7110,31250.0749015287,4.39522853748645
"679",-123.875,53.625,-123.625,53.375,"6","21",7167,54623.6270829849,7.62154696288334
"680",-123.875,53.375,-123.625,53.125,"7","21",7221,83226.3329892233,11.5255965917772
"681",-123.875,53.125,-123.625,52.875,"8","21",7267,31143.0097293872,4.28553869951661
"682",-123.875,52.875,-123.625,52.625,"9","21",7326,8027.48419494182,1.09575268836225
"683",-123.875,52.625,-123.625,52.375,"10","21",7373,11928.6313389642,1.61788028468252
"684",-123.875,52.375,-123.625,52.125,"11","21",7428,56755.7643864006,7.6407868048466
"685",-123.875,52.125,-123.625,51.875,"12","21",7485,104446.23231639,13.9540724537595
"686",-123.875,51.875,-123.625,51.625,"13","21",7534,74038.8071221411,9.82729056572088
"687",-123.875,51.625,-123.625,51.375,"14","21",7586,68049.3571041245,8.9703871742848
"688",-123.875,51.375,-123.625,51.125,"15","21",7644,25676.2039330117,3.35900103780897
"689",-123.875,51.125,-123.625,50.875,"16","21",7693,1814.2970684953,0.235837393538971
"690",-123.875,50.875,-123.625,50.625,"17","21",7754,13342.2018626416,1.72068633771494
"691",-123.875,50.625,-123.625,50.375,"18","21",7804,13242.1109769493,1.69683636301247
"692",-123.875,50.375,-123.625,50.125,"19","21",7633,81781.8165290691,10.7142429620161
"693",-123.875,50.125,-123.625,49.875,"20","21",7213,178201.899104349,24.7056563294537
"694",-123.875,49.875,-123.625,49.625,"21","21",7107,240939.135059128,33.9016652679228
"695",-123.875,49.625,-123.625,49.375,"22","21",4925,398718.150220234,80.9580000447176
"696",-123.875,49.375,-123.625,49.125,"23","21",1022,174782.852096677,171.020403225711
"697",-123.875,49.125,-123.625,48.875,"24","21",4577,624236.059888542,136.385418371978
"698",-123.875,48.875,-123.625,48.625,"25","21",8142,1228452.53413528,150.878473855967
"699",-123.875,48.625,-123.625,48.375,"26","21",8131,1544979.9870131,190.011067152023
"700",-123.875,48.375,-123.625,48.125,"27","21",692,129278.181390941,186.818181200782
"701",-123.875,48.125,-123.625,47.875,"28","21",0,0,
"702",-123.875,47.875,-123.625,47.625,"29","21",0,0,
"703",-123.875,47.625,-123.625,47.375,"30","21",0,0,
"704",-123.875,47.375,-123.625,47.125,"31","21",0,0,
"705",-123.625,55.125,-123.375,54.875,"0","22",6858,8609.69292455539,1.25542329025305
"706",-123.625,54.875,-123.375,54.625,"1","22",6910,3426.31553407758,0.495848847189231
"707",-123.625,54.625,-123.375,54.375,"2","22",6959,14223.6920393817,2.04392758146023
"708",-123.625,54.375,-123.375,54.125,"3","22",7011,21137.6884664781,3.01493203059166
"709",-123.625,54.125,-123.375,53.875,"4","22",7064,64216.345226109,9.0906490976938
"710",-123.625,53.875,-123.375,53.625,"5","22",7116,36920.0669055395,5.18831744035125
"711",-123.625,53.625,-123.375,53.375,"6","22",7164,71489.9733083434,9.97905825074587
"712",-123.625,53.375,-123.375,53.125,"7","22",7218,56309.645190062,7.80128085204517
"713",-123.625,53.125,-123.375,52.875,"8","22",7272,59350.2264935263,8.16147229008887
"714",-123.625,52.875,-123.375,52.625,"9","22",7321,29683.8363161115,4.05461498649249
"715",-123.625,52.625,-123.375,52.375,"10","22",7378,16127.1069893539,2.18583721731552
"716",-123.625,52.375,-123.375,52.125,"11","22",7430,46580.7240143493,6.26927644876841
"717",-123.625,52.125,-123.375,51.875,"12","22",7480,146337.380652837,19.5638209428927
"718",-123.625,51.875,-123.375,51.625,"13","22",7534,32040.8067491502,4.25282807926071
"719",-123.625,51.625,-123.375,51.375,"14","22",7593,20197.5993455462,2.66002888786332
"720",-123.625,51.375,-123.375,51.125,"15","22",7640,31078.4002893269,4.06785344101138
"721",-123.625,51.125,-123.375,50.875,"16","22",7698,16089.9203906795,2.09014294500903
"722",-123.625,50.875,-123.375,50.625,"17","22",7752,39727.1710420242,5.12476406630859
"723",-123.625,50.625,-123.375,50.375,"18","22",7805,86618.2759563262,11.0977932038855
"724",-123.625,50.375,-123.375,50.125,"19","22",7862,107375.793840174,13.657567265349
"725",-123.625,50.125,-123.375,49.875,"20","22",7913,27210.9522612058,3.43876560864473
"726",-123.625,49.875,-123.375,49.625,"21","22",7822,172615.009631954,22.067886682684
"727",-123.625,49.625,-123.375,49.375,"22","22",6129,341775.604402602,55.7636815798012
"728",-123.625,49.375,-123.375,49.125,"23","22",288,43561.8281745166,151.256347828182
"729",-123.625,49.125,-123.375,48.875,"24","22",1357,282288.548473477,208.023985610521
"730",-123.625,48.875,-123.375,48.625,"25","22",4966,794964.007777691,160.08135476796
"731",-123.625,48.625,-123.375,48.375,"26","22",6855,1164947.38748898,169.941267321514
"732",-123.625,48.375,-123.375,48.125,"27","22",607,116630.553347707,192.142592006107
"733",-123.625,48.125,-123.375,47.875,"28","22",0,0,
"734",-123.625,47.875,-123.375,47.625,"29","22",0,0,
"735",-123.625,47.625,-123.375,47.375,"30","22",0,0,
"736",-123.625,47.375,-123.375,47.125,"31","22",0,0,
"737",-123.375,55.125,-123.125,54.875,"0","23",6855,7068.92798864096,1.03120758404682
"738",-123.375,54.875,-123.125,54.625,"1","23",6905,11028.7122986484,1.59720670509029
"739",-123.375,54.625,-123.125,54.375,"2","23",6962,8246.4843910113,1.18449933797922
"740",-123.375,54.375,-123.125,54.125,"3","23",7008,35250.5021251738,5.03003740370631
"741",-123.375,54.125,-123.125,53.875,"4","23",7059,82885.9348321296,11.7418805542045
"742",-123.375,53.875,-123.125,53.625,"5","23",7113,97581.0183531642,13.7186866797644
"743",-123.375,53.625,-123.125,53.375,"6","23",7166,98524.8278353848,13.7489293658086
"744",-123.375,53.375,-123.125,53.125,"7","23",7216,69904.624439586,9.68744795448807
"745",-123.375,53.125,-123.125,52.875,"8","23",7268,27849.4197652973,3.83178587854944
"746",-123.375,52.875,-123.125,52.625,"9","23",7324,12688.9529650435,1.73251678932871
"747",-123.375,52.625,-123.125,52.375,"10","23",7373,12324.2621497959,1.67153969209221
"748",-123.375,52.375,-123.125,52.125,"11","23",7426,40570.5975194313,5.46331773760184
"749",-123.375,52.125,-123.125,51.875,"12","23",7480,343781.954548575,45.9601543514138
"750",-123.375,51.875,-123.125,51.625,"13","23",7536,62255.7993778596,8.26111987498136
"751",-123.375,51.625,-123.125,51.375,"14","23",7587,21249.7754467223,2.80081395106396
"752",-123.375,51.375,-123.125,51.125,"15","23",7640,2590.75715069473,0.339104339096169
"753",-123.375,51.125,-123.125,50.875,"16","23",7697,3764.80858310871,0.489126748487555
"754",-123.375,50.875,-123.125,50.625,"17","23",7749,51995.8086049436,6.71000240094768
"755",-123.375,50.625,-123.125,50.375,"18","23",7805,84686.3376135137,10.8502674713022
"756",-123.375,50.375,-123.125,50.125,"19","23",7858,37235.0427196845,4.73848851103137
"757",-123.375,50.125,-123.125,49.875,"20","23",7915,232976.671523068,29.4348289984925
"758",-123.375,49.875,-123.125,49.625,"21","23",7548,214558.665364668,28.4258963122241
"759",-123.375,49.625,-123.125,49.375,"22","23",5427,224332.042430934,41.3362893736749
"760",-123.375,49.375,-123.125,49.125,"23","23",2871,105889.70363082,36.8825160678579
"761",-123.375,49.125,-123.125,48.875,"24","23",539,45474.8937668204,84.3690051332476
"762",-123.375,48.875,-123.125,48.625,"25","23",1763,371808.123765945,210.89513543162
"763",-123.375,48.625,-123.125,48.375,"26","23",1310,71462.5351882428,54.5515535788113
"764",-123.375,48.375,-123.125,48.125,"27","23",0,0,
"765",-123.375,48.125,-123.125,47.875,"28","23",0,0,
"766",-123.375,47.875,-123.125,47.625,"29","23",0,0,
"767",-123.375,47.625,-123.125,47.375,"30","23",0,0,
"768",-123.375,47.375,-123.125,47.125,"31","23",0,0,
"769",-123.125,55.125,-122.875,54.875,"0","24",6857,14158.1407640278,2.06477187750151
"770",-123.125,54.875,-122.875,54.625,"1","24",6908,7660.55189281143,1.10893918540988
"771",-123.125,54.625,-122.875,54.375,"2","24",6959,14776.3799474975,2.12334817466554
"772",-123.125,54.375,-122.875,54.125,"3","24",7010,25252.1660213042,3.60230613713327
"773",-123.125,54.125,-122.875,53.875,"4","24",7063,69845.4738368075,9.88892451321075
"774",-123.125,53.875,-122.875,53.625,"5","24",7113,97514.4001742154,13.7093209861121
"775",-123.125,53.625,-122.875,53.375,"6","24",7165,119908.447348874,16.7353031889566
"776",-123.125,53.375,-122.875,53.125,"7","24",7219,136911.855187653,18.9654876281552
"777",-123.125,53.125,-122.875,52.875,"8","24",7271,77217.4947243929,10.6199277574464
"778",-123.125,52.875,-122.875,52.625,"9","24",7321,40523.0274980031,5.53517654664706
"779",-123.125,52.625,-122.875,52.375,"10","24",7374,16688.6649565659,2.26317669603552
"780",-123.125,52.375,-122.875,52.125,"11","24",7428,21021.4915941898,2.83003387105409
"781",-123.125,52.125,-122.875,51.875,"12","24",7484,215837.448968221,28.839851545727
"782",-123.125,51.875,-122.875,51.625,"13","24",7534,157576.291280232,20.91535589066
"783",-123.125,51.625,-122.875,51.375,"14","24",7585,26940.9131177533,3.55186725349418
"784",-123.125,51.375,-122.875,51.125,"15","24",7646,12703.8216693252,1.66149904124055
"785",-123.125,51.125,-122.875,50.875,"16","24",7696,47943.8718428556,6.22971307729413
"786",-123.125,50.875,-122.875,50.625,"17","24",7747,92114.8397127017,11.8903885004133
"787",-123.125,50.625,-122.875,50.375,"18","24",7808,166996.491008269,21.3878702623295
"788",-123.125,50.375,-122.875,50.125,"19","24",7860,141112.298640726,17.9532186565809
"789",-123.125,50.125,-122.875,49.875,"20","24",7913,76626.9979451261,9.68368481550943
"790",-123.125,49.875,-122.875,49.625,"21","24",7973,165942.185679127,20.8130171427476
"791",-123.125,49.625,-122.875,49.375,"22","24",7951,185805.65367575,23.3688408597346
"792",-123.125,49.375,-122.875,49.125,"23","24",7451,161994.462925836,21.7413049155599
"793",-123.125,49.125,-122.875,48.875,"24","24",2290,48432.2227318883,21.1494422409993
"794",-123.125,48.875,-122.875,48.625,"25","24",155,29404.3077917099,189.705211559419
"795",-123.125,48.625,-122.875,48.375,"26","24",0,0,
"796",-123.125,48.375,-122.875,48.125,"27","24",0,0,
"797",-123.125,48.125,-122.875,47.875,"28","24",0,0,
"798",-123.125,47.875,-122.875,47.625,"29","24",0,0,
"799",-123.125,47.625,-122.875,47.375,"30","24",0,0,
"800",-123.125,47.375,-122.875,47.125,"31","24",0,0,
"801",-122.875,55.125,-122.625,54.875,"0","25",6857,13367.4079378005,1.94945427122656
"802",-122.875,54.875,-122.625,54.625,"1","25",6907,19149.2622237708,2.77244277164773
"803",-122.875,54.625,-122.625,54.375,"2","25",6959,9512.906190129,1.36699327347737
"804",-122.875,54.375,-122.625,54.125,"3","25",7011,17752.3964672778,2.53207765900411
"805",-122.875,54.125,-122.625,53.875,"4","25",7063,37923.2820887603,5.3692881337619
"806",-122.875,53.875,-122.625,53.625,"5","25",7114,66587.3663171865,9.36004586971978
"807",-122.875,53.625,-122.625,53.375,"6","25",7165,146161.198830884,20.3993299135916
"808",-122.875,53.375,-122.625,53.125,"7","25",7216,201978.258812863,27.9903352013392
"809",-122.875,53.125,-122.625,52.875,"8","25",7271,121934.131709643,16.7699259674932
"810",-122.875,52.875,-122.625,52.625,"9","25",7323,73971.0694985315,10.1011975281349
"811",-122.875,52.625,-122.625,52.375,"10","25",7375,118008.033326388,16.001089264595
"812",-122.875,52.375,-122.625,52.125,"11","25",7428,65419.5019464865,8.80714888886464
"813",-122.875,52.125,-122.625,51.875,"12","25",7480,122737.812816535,16.4087985048843
"814",-122.875,51.875,-122.625,51.625,"13","25",7536,343901.787750103,45.6345259753321
"815",-122.875,51.625,-122.625,51.375,"14","25",7589,71152.2048697965,9.37570231516623
"816",-122.875,51.375,-122.625,51.125,"15","25",7640,52755.3438508976,6.90514971870388
"817",-122.875,51.125,-122.625,50.875,"16","25",7697,218150.101670347,28.3422244602244
"818",-122.875,50.875,-122.625,50.625,"17","25",7750,109365.629002551,14.1116940648452
"819",-122.875,50.625,-122.625,50.375,"18","25",7806,203655.11274345,26.0895609458686
"820",-122.875,50.375,-122.625,50.125,"19","25",7859,265610.021773268,33.7969234983163
"821",-122.875,50.125,-122.625,49.875,"20","25",7915,22554.4383423682,2.84958159726699
"822",-122.875,49.875,-122.625,49.625,"21","25",7971,99461.960845517,12.4779777751245
"823",-122.875,49.625,-122.625,49.375,"22","25",7894,116103.177479938,14.707775206478
"824",-122.875,49.375,-122.625,49.125,"23","25",8038,184926.181572989,23.0064918602872
"825",-122.875,49.125,-122.625,48.875,"24","25",3711,96701.8660521507,26.0581692406766
"826",-122.875,48.875,-122.625,48.625,"25","25",0,0,
"827",-122.875,48.625,-122.625,48.375,"26","25",0,0,
"828",-122.875,48.375,-122.625,48.125,"27","25",0,0,
"829",-122.875,48.125,-122.625,47.875,"28","25",0,0,
"830",-122.875,47.875,-122.625,47.625,"29","25",0,0,
"831",-122.875,47.625,-122.625,47.375,"30","25",0,0,
"832",-122.875,47.375,-122.625,47.125,"31","25",0,0,
"833",-122.625,55.125,-122.375,54.875,"0","26",6857,9735.32720038481,1.41976479515602
"834",-122.625,54.875,-122.375,54.625,"1","26",6911,29791.0537510868,4.31067193620125
"835",-122.625,54.625,-122.375,54.375,"2","26",6957,27927.4118287209,4.01428946797771
"836",-122.625,54.375,-122.375,54.125,"3","26",7010,24237.9325283635,3.4576223292958
"837",-122.625,54.125,-122.375,53.875,"4","26",7059,41932.1709911823,5.94024238435789
"838",-122.625,53.875,-122.375,53.625,"5","26",7116,88558.6559839863,12.4450050567715
"839",-122.625,53.625,-122.375,53.375,"6","26",7168,144509.909448484,20.1604226351122
"840",-122.625,53.375,-122.375,53.125,"7","26",7214,130365.169066246,18.0711351630504
"841",-122.625,53.125,-122.375,52.875,"8","26",7271,76087.6042464674,10.4645309099804
"842",-122.625,52.875,-122.375,52.625,"9","26",7323,198814.927637957,27.1493824440744
"843",-122.625,52.625,-122.375,52.375,"10","26",7376,345956.397429377,46.902982297909
"844",-122.625,52.375,-122.375,52.125,"11","26",7428,308933.921589635,41.5904579415233
"845",-122.625,52.125,-122.375,51.875,"12","26",7480,317928.57304208,42.5038199254117
"846",-122.625,51.875,-122.375,51.625,"13","26",7537,310788.201650564,41.2350008823887
"847",-122.625,51.625,-122.375,51.375,"14","26",7584,367790.283989396,48.4955543234963
"848",-122.625,51.375,-122.375,51.125,"15","26",7643,57276.8368928432,7.49402549952156
"849",-122.625,51.125,-122.375,50.875,"16","26",7700,90825.0899091568,11.7954662219684
"850",-122.625,50.875,-122.375,50.625,"17","26",7748,170772.938706268,22.0409058732922
"851",-122.625,50.625,-122.375,50.375,"18","26",7804,238808.084591565,30.6007284202415
"852",-122.625,50.375,-122.375,50.125,"19","26",7859,301250.215334211,38.3318762354257
"853",-122.625,50.125,-122.375,49.875,"20","26",7917,360117.542743534,45.4866164890153
"854",-122.625,49.875,-122.375,49.625,"21","26",7970,54403.1906773485,6.82599632087183
"855",-122.625,49.625,-122.375,49.375,"22","26",8023,158091.046739914,19.7047297444738
"856",-122.625,49.375,-122.375,49.125,"23","26",8082,368480.306696028,45.5927130284617
"857",-122.625,49.125,-122.375,48.875,"24","26",4088,78540.1691137552,19.2123701354587
"858",-122.625,48.875,-122.375,48.625,"25","26",0,0,
"859",-122.625,48.625,-122.375,48.375,"26","26",0,0,
"860",-122.625,48.375,-122.375,48.125,"27","26",0,0,
"861",-122.625,48.125,-122.375,47.875,"28","26",0,0,
"862",-122.625,47.875,-122.375,47.625,"29","26",0,0,
"863",-122.625,47.625,-122.375,47.375,"30","26",0,0,
"864",-122.625,47.375,-122.375,47.125,"31","26",0,0,
"865",-122.375,55.125,-122.125,54.875,"0","27",6856,10626.5465441421,1.54996303152597
"866",-122.375,54.875,-122.125,54.625,"1","27",6907,15862.2808298543,2.29655144488987
"867",-122.375,54.625,-122.125,54.375,"2","27",6961,13512.1772709312,1.94112588290924
"868",-122.375,54.375,-122.125,54.125,"3","27",7012,11700.550091383,1.66864661885098
"869",-122.375,54.125,-122.125,53.875,"4","27",7060,32034.8392534629,4.53751264213355
"870",-122.375,53.875,-122.125,53.625,"5","27",7111,73094.4199079387,10.2790634099197
"871",-122.375,53.625,-122.125,53.375,"6","27",7168,27411.097760302,3.82409287950642
"872",-122.375,53.375,-122.125,53.125,"7","27",7218,112037.779094581,15.5219976578805
"873",-122.375,53.125,-122.125,52.875,"8","27",7270,144041.033577299,19.8130720188857
"874",-122.375,52.875,-122.125,52.625,"9","27",7320,233944.579556126,31.9596420158642
"875",-122.375,52.625,-122.125,52.375,"10","27",7376,235821.997746519,31.9715289786495
"876",-122.375,52.375,-122.125,52.125,"11","27",7430,515155.321843937,69.334498229332
"877",-122.375,52.125,-122.125,51.875,"12","27",7482,508344.378828607,67.9423120594236
"878",-122.375,51.875,-122.125,51.625,"13","27",7532,300937.594995281,39.9545399621988
"879",-122.375,51.625,-122.125,51.375,"14","27",7588,320837.04836195,42.2821624093239
"880",-122.375,51.375,-122.125,51.125,"15","27",7645,219864.246393708,28.7592212418192
"881",-122.375,51.125,-122.125,50.875,"16","27",7697,242081.411735961,31.4513981727896
"882",-122.375,50.875,-122.125,50.625,"17","27",7749,354995.154034471,45.8117375189665
"883",-122.375,50.625,-122.125,50.375,"18","27",7802,58424.9865089189,7.48846276710061
"884",-122.375,50.375,-122.125,50.125,"19","27",7863,20160.6114948364,2.56398467440371
"885",-122.375,50.125,-122.125,49.875,"20","27",7917,146626.167858385,18.5204203433604
"886",-122.375,49.875,-122.125,49.625,"21","27",7968,332568.26974085,41.7379856602472
"887",-122.375,49.625,-122.125,49.375,"22","27",8022,156910.875794504,19.5600692837826
"888",-122.375,49.375,-122.125,49.125,"23","27",8086,388801.685389526,48.0833150370426
"889",-122.375,49.125,-122.125,48.875,"24","27",4084,72069.9031701684,17.6468910798649
"890",-122.375,48.875,-122.125,48.625,"25","27",0,0,
"891",-122.375,48.625,-122.125,48.375,"26","27",0,0,
"892",-122.375,48.375,-122.125,48.125,"27","27",0,0,
"893",-122.375,48.125,-122.125,47.875,"28","27",0,0,
"894",-122.375,47.875,-122.125,47.625,"29","27",0,0,
"895",-122.375,47.625,-122.125,47.375,"30","27",0,0,
"896",-122.375,47.375,-122.125,47.125,"31","27",0,0,
"897",-122.125,55.125,-121.875,54.875,"0","28",6859,9918.1118701417,1.44599968947976
"898",-122.125,54.875,-121.875,54.625,"1","28",6907,11175.5653949492,1.61800570362664
"899",-122.125,54.625,-121.875,54.375,"2","28",6956,18010.0274618948,2.58913563281984
"900",-122.125,54.375,-121.875,54.125,"3","28",7010,6661.54565653484,0.95029181976246
"901",-122.125,54.125,-121.875,53.875,"4","28",7063,61134.7350337524,8.6556328803274
"902",-122.125,53.875,-121.875,53.625,"5","28",7118,59342.5180779705,8.33696516970645
"903",-122.125,53.625,-121.875,53.375,"6","28",7162,28873.6247367505,4.03150303501124
"904",-122.125,53.375,-121.875,53.125,"7","28",7217,47357.2569092344,6.56190340989808
"905",-122.125,53.125,-121.875,52.875,"8","28",7271,76486.1853251597,10.519348827556
"906",-122.125,52.875,-121.875,52.625,"9","28",7324,202136.764076844,27.5992304856423
"907",-122.125,52.625,-121.875,52.375,"10","28",7374,221457.603447726,30.0322217856965
"908",-122.125,52.375,-121.875,52.125,"11","28",7425,302131.995266575,40.6911778136802
"909",-122.125,52.125,-121.875,51.875,"12","28",7482,497613.916638076,66.5081417586309
"910",-122.125,51.875,-121.875,51.625,"13","28",7538,386560.221504435,51.2815364160832
"911",-122.125,51.625,-121.875,51.375,"14","28",7589,363386.113980436,47.8832670945363
"912",-122.125,51.375,-121.875,51.125,"15","28",7638,284688.822499205,37.272692131344
"913",-122.125,51.125,-121.875,50.875,"16","28",7696,345388.917920027,44.8790174012509
"914",-122.125,50.875,-121.875,50.625,"17","28",7752,474986.928122927,61.2728235452692
"915",-122.125,50.625,-121.875,50.375,"18","28",7807,96280.3167431178,12.3325626672368
"916",-122.125,50.375,-121.875,50.125,"19","28",7858,121505.385587344,15.4626349691199
"917",-122.125,50.125,-121.875,49.875,"20","28",7914,143849.200067371,18.1765478983284
"918",-122.125,49.875,-121.875,49.625,"21","28",7971,205374.749180138,25.7652426521312
"919",-122.125,49.625,-121.875,49.375,"22","28",8029,286199.027759213,35.6456629417378
"920",-122.125,49.375,-121.875,49.125,"23","28",8078,391339.382841244,48.4450832930483
"921",-122.125,49.125,-121.875,48.875,"24","28",4126,117183.935685843,28.4013416591961
"922",-122.125,48.875,-121.875,48.625,"25","28",0,0,
"923",-122.125,48.625,-121.875,48.375,"26","28",0,0,
"924",-122.125,48.375,-121.875,48.125,"27","28",0,0,
"925",-122.125,48.125,-121.875,47.875,"28","28",0,0,
"926",-122.125,47.875,-121.875,47.625,"29","28",0,0,
"927",-122.125,47.625,-121.875,47.375,"30","28",0,0,
"928",-122.125,47.375,-121.875,47.125,"31","28",0,0,
"929",-121.875,55.125,-121.625,54.875,"0","29",6855,15643.0537668224,2.28199179676476
"930",-121.875,54.875,-121.625,54.625,"1","29",6911,5038.06134534255,0.728991657552098
"931",-121.875,54.625,-121.625,54.375,"2","29",6957,15504.7454795195,2.22865394272236
"932",-121.875,54.375,-121.625,54.125,"3","29",7010,14954.5391040836,2.13331513610322
"933",-121.875,54.125,-121.625,53.875,"4","29",7064,54022.677507082,7.6476044036073
"934",-121.875,53.875,-121.625,53.625,"5","29",7111,73450.7911493145,10.3291788987926
"935",-121.875,53.625,-121.625,53.375,"6","29",7168,16780.7906160709,2.34107011942953
"936",-121.875,53.375,-121.625,53.125,"7","29",7215,16083.6835647225,2.22920077127131
"937",-121.875,53.125,-121.625,52.875,"8","29",7270,13285.5699654277,1.82745116443298
"938",-121.875,52.875,-121.625,52.625,"9","29",7324,103852.764435188,14.1797876072075
"939",-121.875,52.625,-121.625,52.375,"10","29",7374,225654.129318856,30.6013194085782
"940",-121.875,52.375,-121.625,52.125,"11","29",7430,194172.195723789,26.13353912837
"941",-121.875,52.125,-121.625,51.875,"12","29",7479,379599.22522039,50.7553449953723
"942",-121.875,51.875,-121.625,51.625,"13","29",7535,359761.188460693,47.7453468428258
"943",-121.875,51.625,-121.625,51.375,"14","29",7589,243095.962385789,32.0326739209103
"944",-121.875,51.375,-121.625,51.125,"15","29",7642,164814.336316973,21.5669113212474
"945",-121.875,51.125,-121.625,50.875,"16","29",7698,210298.14144152,27.3185426658249
"946",-121.875,50.875,-121.625,50.625,"17","29",7748,334439.620124917,43.1646386325397
"947",-121.875,50.625,-121.625,50.375,"18","29",7805,383199.888509462,49.096718579047
"948",-121.875,50.375,-121.625,50.125,"19","29",7862,202123.964789872,25.708975424812
"949",-121.875,50.125,-121.625,49.875,"20","29",7912,199925.629967913,25.2686589949334
"950",-121.875,49.875,-121.625,49.625,"21","29",7973,254659.767764363,31.9402693797019
"951",-121.875,49.625,-121.625,49.375,"22","29",8025,407453.347210933,50.7730027677175
"952",-121.875,49.375,-121.625,49.125,"23","29",8080,308777.874459613,38.2150834727244
"953",-121.875,49.125,-121.625,48.875,"24","29",4226,175299.882369623,41.4812783647947
"954",-121.875,48.875,-121.625,48.625,"25","29",0,0,
"955",-121.875,48.625,-121.625,48.375,"26","29",0,0,
"956",-121.875,48.375,-121.625,48.125,"27","29",0,0,
"957",-121.875,48.125,-121.625,47.875,"28","29",0,0,
"958",-121.875,47.875,-121.625,47.625,"29","29",0,0,
"959",-121.875,47.625,-121.625,47.375,"30","29",0,0,
"960",-121.875,47.375,-121.625,47.125,"31","29",0,0,
"961",-121.625,55.125,-121.375,54.875,"0","30",6858,2115.43458574824,0.308462319298373
"962",-121.625,54.875,-121.375,54.625,"1","30",6907,3086.04075745121,0.446799009331288
"963",-121.625,54.625,-121.375,54.375,"2","30",6961,7364.39539914578,1.05795078281077
"964",-121.625,54.375,-121.375,54.125,"3","30",7011,16724.066849038,2.38540391513878
"965",-121.625,54.125,-121.375,53.875,"4","30",7059,53372.0334032048,7.5608490442279
"966",-121.625,53.875,-121.375,53.625,"5","30",7116,27501.6584616508,3.86476369612856
"967",-121.625,53.625,-121.375,53.375,"6","30",7163,10793.3999731578,1.50682674482169
"968",-121.625,53.375,-121.375,53.125,"7","30",7219,26866.5975100733,3.72165085331394
"969",-121.625,53.125,-121.375,52.875,"8","30",7269,8911.37639981881,1.22594255053223
"970",-121.625,52.875,-121.375,52.625,"9","30",7322,53829.5580823645,7.35175608882334
"971",-121.625,52.625,-121.375,52.375,"10","30",7377,207367.865770994,28.1100536493146
"972",-121.625,52.375,-121.375,52.125,"11","30",7425,182793.916292233,24.6187092649473
"973",-121.625,52.125,-121.375,51.875,"12","30",7484,161281.185355082,21.5501316615556
"974",-121.625,51.875,-121.375,51.625,"13","30",7533,367472.053451583,48.7816346012987
"975",-121.625,51.625,-121.375,51.375,"14","30",7588,166580.153005853,21.9531039807398
"976",-121.625,51.375,-121.375,51.125,"15","30",7643,326295.299751312,42.6920449759664
"977",-121.625,51.125,-121.375,50.875,"16","30",7696,524626.142679811,68.1686775831355
"978",-121.625,50.875,-121.375,50.625,"17","30",7751,417104.82628106,53.8130339673667
"979",-121.625,50.625,-121.375,50.375,"18","30",7807,367397.102002116,47.0599592675952
"980",-121.625,50.375,-121.375,50.125,"19","30",7856,423440.433077818,53.9002587930012
"981",-121.625,50.125,-121.375,49.875,"20","30",7919,460363.571416139,58.1340537209419
"982",-121.625,49.875,-121.375,49.625,"21","30",7965,433822.856613981,54.4661464675431
"983",-121.625,49.625,-121.375,49.375,"22","30",8026,422274.633365564,52.6133358292504
"984",-121.625,49.375,-121.375,49.125,"23","30",8084,222560.441996865,27.5309799600278
"985",-121.625,49.125,-121.375,48.875,"24","30",4172,153491.818852849,36.7909441162151
"986",-121.625,48.875,-121.375,48.625,"25","30",0,0,
"987",-121.625,48.625,-121.375,48.375,"26","30",0,0,
"988",-121.625,48.375,-121.375,48.125,"27","30",0,0,
"989",-121.625,48.125,-121.375,47.875,"28","30",0,0,
"990",-121.625,47.875,-121.375,47.625,"29","30",0,0,
"991",-121.625,47.625,-121.375,47.375,"30","30",0,0,
"992",-121.625,47.375,-121.375,47.125,"31","30",0,0,
"993",-121.375,55.125,-121.125,54.875,"0","31",6856,10917.2275457345,1.59236107726582
"994",-121.375,54.875,-121.125,54.625,"1","31",6908,25600.0272760913,3.70585224031431
"995",-121.375,54.625,-121.125,54.375,"2","31",6958,4305.20744900592,0.618742088100879
"996",-121.375,54.375,-121.125,54.125,"3","31",7010,14454.2594821397,2.06194857091865
"997",-121.375,54.125,-121.125,53.875,"4","31",7064,19247.8380308691,2.72477888319212
"998",-121.375,53.875,-121.125,53.625,"5","31",7113,59933.6221804339,8.42592748213608
"999",-121.375,53.625,-121.125,53.375,"6","31",7166,5796.88604079746,0.808943070164312
"1000",-121.375,53.375,-121.125,53.125,"7","31",7217,61419.7244729847,8.5104232330587
"1001",-121.375,53.125,-121.125,52.875,"8","31",7270,63829.6829615235,8.77987385990695
"1002",-121.375,52.875,-121.125,52.625,"9","31",7322,24279.7238038983,3.31599614912569
"1003",-121.375,52.625,-121.125,52.375,"10","31",7374,147216.879950268,19.9643178668658
"1004",-121.375,52.375,-121.125,52.125,"11","31",7431,122738.537417959,16.5170956019324
"1005",-121.375,52.125,-121.125,51.875,"12","31",7480,137914.922475084,18.4378238603054
"1006",-121.375,51.875,-121.125,51.625,"13","31",7537,310011.23876363,41.1319143908227
"1007",-121.375,51.625,-121.125,51.375,"14","31",7587,169920.663763378,22.39629152015
"1008",-121.375,51.375,-121.125,51.125,"15","31",7642,453363.95503743,59.3253016275098
"1009",-121.375,51.125,-121.125,50.875,"16","31",7695,336718.782342757,43.7581263603323
"1010",-121.375,50.875,-121.125,50.625,"17","31",7751,295134.816644304,38.0769986639535
"1011",-121.375,50.625,-121.125,50.375,"18","31",7804,427881.648834718,54.8285044637005
"1012",-121.375,50.375,-121.125,50.125,"19","31",7862,497553.627964355,63.2858850120014
"1013",-121.375,50.125,-121.125,49.875,"20","31",7913,141804.461329868,17.9204424781838
"1014",-121.375,49.875,-121.125,49.625,"21","31",7973,278952.858693628,34.9871890999157
"1015",-121.375,49.625,-121.125,49.375,"22","31",8027,333257.767543271,41.5171007279521
"1016",-121.375,49.375,-121.125,49.125,"23","31",8080,316876.913151167,39.2174397464316
"1017",-121.375,49.125,-121.125,48.875,"24","31",4140,134185.321917791,32.4119135067128
"1018",-121.375,48.875,-121.125,48.625,"25","31",0,0,
"1019",-121.375,48.625,-121.125,48.375,"26","31",0,0,
"1020",-121.375,48.375,-121.125,48.125,"27","31",0,0,
"1021",-121.375,48.125,-121.125,47.875,"28","31",0,0,
"1022",-121.375,47.875,-121.125,47.625,"29","31",0,0,
"1023",-121.375,47.625,-121.125,47.375,"30","31",0,0,
"1024",-121.375,47.375,-121.125,47.125,"31","31",0,0,
"1025",-121.125,55.125,-120.875,54.875,"0","32",6858,5951.8174182605,0.867864890385025
"1026",-121.125,54.875,-120.875,54.625,"1","32",6907,6206.03609406482,0.898513984952197
"1027",-121.125,54.625,-120.875,54.375,"2","32",6960,1902.96702465601,0.273414802393105
"1028",-121.125,54.375,-120.875,54.125,"3","32",7008,8892.41915310733,1.26889542709865
"1029",-121.125,54.125,-120.875,53.875,"4","32",7061,13277.0714463154,1.88033868380051
"1030",-121.125,53.875,-120.875,53.625,"5","32",7116,62804.9476975761,8.82587797886118
"1031",-121.125,53.625,-120.875,53.375,"6","32",7164,7126.54514082894,0.994771795202253
"1032",-121.125,53.375,-120.875,53.125,"7","32",7220,21288.2607284226,2.94851256626351
"1033",-121.125,53.125,-120.875,52.875,"8","32",7269,25879.1651289556,3.56020981276044
"1034",-121.125,52.875,-120.875,52.625,"9","32",7322,47909.1650548121,6.54318014952364
"1035",-121.125,52.625,-120.875,52.375,"10","32",7377,166412.637175558,22.558307872517
"1036",-121.125,52.375,-120.875,52.125,"11","32",7426,96410.889246393,12.9828830119032
"1037",-121.125,52.125,-120.875,51.875,"12","32",7480,155008.853487533,20.7231087550177
"1038",-121.125,51.875,-120.875,51.625,"13","32",7534,271717.497653482,36.0655027413701
"1039",-121.125,51.625,-120.875,51.375,"14","32",7589,174499.88098532,22.993791143144
"1040",-121.125,51.375,-120.875,51.125,"15","32",7644,434229.996800356,56.8066453166347
"1041",-121.125,51.125,-120.875,50.875,"16","32",7695,472945.873580858,61.4614520572915
"1042",-121.125,50.875,-120.875,50.625,"17","32",7750,387360.42083976,49.9819897857755
"1043",-121.125,50.625,-120.875,50.375,"18","32",7805,232344.438251116,29.7686660155178
"1044",-121.125,50.375,-120.875,50.125,"19","32",7861,503603.133522715,64.0634949144785
"1045",-121.125,50.125,-120.875,49.875,"20","32",7915,476965.940843292,60.261015899342
"1046",-121.125,49.875,-120.875,49.625,"21","32",7968,179387.736786641,22.5135211830624
"1047",-121.125,49.625,-120.875,49.375,"22","32",8027,116567.895978801,14.5219753306093
"1048",-121.125,49.375,-120.875,49.125,"23","32",8081,220751.469999652,27.3173456254984
"1049",-121.125,49.125,-120.875,48.875,"24","32",4151,269860.228698052,65.010895855951
"1050",-121.125,48.875,-120.875,48.625,"25","32",0,0,
"1051",-121.125,48.625,-120.875,48.375,"26","32",0,0,
"1052",-121.125,48.375,-120.875,48.125,"27","32",0,0,
"1053",-121.125,48.125,-120.875,47.875,"28","32",0,0,
"1054",-121.125,47.875,-120.875,47.625,"29","32",0,0,
"1055",-121.125,47.625,-120.875,47.375,"30","32",0,0,
"1056",-121.125,47.375,-120.875,47.125,"31","32",0,0,
"1057",-120.875,55.125,-120.625,54.875,"0","33",6858,713.681406002492,0.10406553018409
"1058",-120.875,54.875,-120.625,54.625,"1","33",6907,347.612302958965,0.0503275377094202
"1059",-120.875,54.625,-120.625,54.375,"2","33",6960,2222.59860362671,0.319338879831424
"1060",-120.875,54.375,-120.625,54.125,"3","33",7008,4463.59102467541,0.636927943018751
"1061",-120.875,54.125,-120.625,53.875,"4","33",7065,14677.3031414105,2.07746682822512
"1062",-120.875,53.875,-120.625,53.625,"5","33",7109,51973.4950708374,7.31094318059325
"1063",-120.875,53.625,-120.625,53.375,"6","33",7168,53147.1904545054,7.4145075968897
"1064",-120.875,53.375,-120.625,53.125,"7","33",7213,14494.8013638649,2.00953852264868
"1065",-120.875,53.125,-120.625,52.875,"8","33",7270,22671.7874897644,3.11854023242977
"1066",-120.875,52.875,-120.625,52.625,"9","33",7326,62741.1818452496,8.56417988605646
"1067",-120.875,52.625,-120.625,52.375,"10","33",7372,98086.1400272232,13.3052278930037
"1068",-120.875,52.375,-120.625,52.125,"11","33",7431,88014.3654822409,11.8442155136914
"1069",-120.875,52.125,-120.625,51.875,"12","33",7480,119550.34937082,15.9826670281844
"1070",-120.875,51.875,-120.625,51.625,"13","33",7540,164634.664189795,21.8348360994423
"1071",-120.875,51.625,-120.625,51.375,"14","33",7581,101892.422166783,13.4404989007761
"1072",-120.875,51.375,-120.625,51.125,"15","33",7648,161121.327241054,21.0671191476273
"1073",-120.875,51.125,-120.625,50.875,"16","33",7696,358644.141984336,46.6013698004595
"1074",-120.875,50.875,-120.625,50.625,"17","33",7753,503695.016895187,64.9677565968253
"1075",-120.875,50.625,-120.625,50.375,"18","33",7801,360838.688904868,46.2554401877794
"1076",-120.875,50.375,-120.625,50.125,"19","33",7857,408418.620626028,51.9814968341641
"1077",-120.875,50.125,-120.625,49.875,"20","33",7916,400561.357644197,50.601485301187
"1078",-120.875,49.875,-120.625,49.625,"21","33",7974,363070.476305457,45.5317878486903
"1079",-120.875,49.625,-120.625,49.375,"22","33",8021,268641.685441444,33.4922934099793
"1080",-120.875,49.375,-120.625,49.125,"23","33",8080,93456.1798243619,11.5663588891537
"1081",-120.875,49.125,-120.625,48.875,"24","33",4158,73286.8488224223,17.6255047672973
"1082",-120.875,48.875,-120.625,48.625,"25","33",0,0,
"1083",-120.875,48.625,-120.625,48.375,"26","33",0,0,
"1084",-120.875,48.375,-120.625,48.125,"27","33",0,0,
"1085",-120.875,48.125,-120.625,47.875,"28","33",0,0,
"1086",-120.875,47.875,-120.625,47.625,"29","33",0,0,
"1087",-120.875,47.625,-120.625,47.375,"30","33",0,0,
"1088",-120.875,47.375,-120.625,47.125,"31","33",0,0,
"1089",-120.625,55.125,-120.375,54.875,"0","34",6856,86.6107710301876,0.0126328429157216
"1090",-120.625,54.875,-120.375,54.625,"1","34",6909,640.625170484185,0.0927232841922399
"1091",-120.625,54.625,-120.375,54.375,"2","34",6959,895.529594900087,0.128686534688905
"1092",-120.625,54.375,-120.375,54.125,"3","34",7011,406.826986392029,0.0580269556970516
"1093",-120.625,54.125,-120.375,53.875,"4","34",7060,13847.6425160365,1.96142245269639
"1094",-120.625,53.875,-120.375,53.625,"5","34",7115,27557.4993125089,3.8731552090666
"1095",-120.625,53.625,-120.375,53.375,"6","34",7165,112723.899045927,15.7325748842885
"1096",-120.625,53.375,-120.375,53.125,"7","34",7217,3737.05992773175,0.517813485898816
"1097",-120.625,53.125,-120.375,52.875,"8","34",7270,10030.1795749264,1.37966706670239
"1098",-120.625,52.875,-120.375,52.625,"9","34",7322,31081.2424052693,4.24491155493981
"1099",-120.625,52.625,-120.375,52.375,"10","34",7375,49873.8686146326,6.76255845622137
"1100",-120.625,52.375,-120.375,52.125,"11","34",7429,16335.3173405472,2.19885816941004
"1101",-120.625,52.125,-120.375,51.875,"12","34",7481,147324.144732352,19.6931085058618
"1102",-120.625,51.875,-120.375,51.625,"13","34",7535,79711.1936189421,10.5787914557322
"1103",-120.625,51.625,-120.375,51.375,"14","34",7589,70640.1915971478,9.30823449692289
"1104",-120.625,51.375,-120.375,51.125,"15","34",7641,51111.168893409,6.68906803996976
"1105",-120.625,51.125,-120.375,50.875,"16","34",7696,83241.4145293906,10.8161921166048
"1106",-120.625,50.875,-120.375,50.625,"17","34",7751,333688.169789534,43.0509830718015
"1107",-120.625,50.625,-120.375,50.375,"18","34",7805,338101.90054598,43.3186291538731
"1108",-120.625,50.375,-120.375,50.125,"19","34",7860,275514.306790013,35.0527107875335
"1109",-120.625,50.125,-120.375,49.875,"20","34",7914,232421.534143789,29.3684020904459
"1110",-120.625,49.875,-120.375,49.625,"21","34",7971,378910.485269005,47.53612912671
"1111",-120.625,49.625,-120.375,49.375,"22","34",8026,463165.023911199,57.7080767394965
"1112",-120.625,49.375,-120.375,49.125,"23","34",8080,310663.979001562,38.4485122526685
"1113",-120.625,49.125,-120.375,48.875,"24","34",4146,69448.6298386105,16.7507549055983
"1114",-120.625,48.875,-120.375,48.625,"25","34",0,0,
"1115",-120.625,48.625,-120.375,48.375,"26","34",0,0,
"1116",-120.625,48.375,-120.375,48.125,"27","34",0,0,
"1117",-120.625,48.125,-120.375,47.875,"28","34",0,0,
"1118",-120.625,47.875,-120.375,47.625,"29","34",0,0,
"1119",-120.625,47.625,-120.375,47.375,"30","34",0,0,
"1120",-120.625,47.375,-120.375,47.125,"31","34",0,0,
"1121",-120.375,55.125,-120.125,54.875,"0","35",6862,1.42017149552703,0.000206961745194845
"1122",-120.375,54.875,-120.125,54.625,"1","35",6904,913.749813521281,0.132350784113743
"1123",-120.375,54.625,-120.125,54.375,"2","35",6958,1172.55800759047,0.168519403217947
"1124",-120.375,54.375,-120.125,54.125,"3","35",7012,1216.12985441741,0.173435518313948
"1125",-120.375,54.125,-120.125,53.875,"4","35",7062,1855.05291137751,0.262680956014941
"1126",-120.375,53.875,-120.125,53.625,"5","35",7112,6948.72023704462,0.977041653127758
"1127",-120.375,53.625,-120.125,53.375,"6","35",7167,34954.7318432089,4.87717759776879
"1128",-120.375,53.375,-120.125,53.125,"7","35",7218,57936.4420168521,8.02666140438516
"1129",-120.375,53.125,-120.125,52.875,"8","35",7268,13033.9435992986,1.7933329112959
"1130",-120.375,52.875,-120.125,52.625,"9","35",7324,23075.7922491105,3.15070893625212
"1131",-120.375,52.625,-120.125,52.375,"10","35",7377,73959.9510864336,10.0257490967105
"1132",-120.375,52.375,-120.125,52.125,"11","35",7425,174683.557946088,23.5264051105842
"1133",-120.375,52.125,-120.125,51.875,"12","35",7482,228493.067847693,30.5390360662514
"1134",-120.375,51.875,-120.125,51.625,"13","35",7536,56966.0883175507,7.55919430965376
"1135",-120.375,51.625,-120.125,51.375,"14","35",7586,275479.753567884,36.3142306311473
"1136",-120.375,51.375,-120.125,51.125,"15","35",7643,252767.105273401,33.0717133682326
"1137",-120.375,51.125,-120.125,50.875,"16","35",7698,453901.700791078,58.9635880476848
"1138",-120.375,50.875,-120.125,50.625,"17","35",7748,274965.815387724,35.4886184031653
"1139",-120.375,50.625,-120.125,50.375,"18","35",7804,299973.131967019,38.4383818512326
"1140",-120.375,50.375,-120.125,50.125,"19","35",7862,271766.070990553,34.5670403193275
"1141",-120.375,50.125,-120.125,49.875,"20","35",7916,215832.212854547,27.2653123868806
"1142",-120.375,49.875,-120.125,49.625,"21","35",7967,260207.354952049,32.6606445276828
"1143",-120.375,49.625,-120.125,49.375,"22","35",8028,283814.836729381,35.3531186758073
"1144",-120.375,49.375,-120.125,49.125,"23","35",8083,234121.597742804,28.9646910482252
"1145",-120.375,49.125,-120.125,48.875,"24","35",4151,56815.2015153822,13.6871119044525
"1146",-120.375,48.875,-120.125,48.625,"25","35",0,0,
"1147",-120.375,48.625,-120.125,48.375,"26","35",0,0,
"1148",-120.375,48.375,-120.125,48.125,"27","35",0,0,
"1149",-120.375,48.125,-120.125,47.875,"28","35",0,0,
"1150",-120.375,47.875,-120.125,47.625,"29","35",0,0,
"1151",-120.375,47.625,-120.125,47.375,"30","35",0,0,
"1152",-120.375,47.375,-120.125,47.125,"31","35",0,0,
"1153",-120.125,55.125,-119.875,54.875,"0","36",6854,32.1162300109863,0.00468576451867323
"1154",-120.125,54.875,-119.875,54.625,"1","36",6911,1812.25752919167,0.262227974126996
"1155",-120.125,54.625,-119.875,54.375,"2","36",6958,583.359948351979,0.0838401765380827
"1156",-120.125,54.375,-119.875,54.125,"3","36",7009,1615.57106734999,0.230499510251104
"1157",-120.125,54.125,-119.875,53.875,"4","36",7062,723.595577585511,0.102463265022021
"1158",-120.125,53.875,-119.875,53.625,"5","36",7115,2016.2376883626,0.28337845233487
"1159",-120.125,53.625,-119.875,53.375,"6","36",7163,4425.61497702077,0.617843777330835
"1160",-120.125,53.375,-119.875,53.125,"7","36",7217,91887.0527742244,12.7320289281176
"1161",-120.125,53.125,-119.875,52.875,"8","36",7273,44840.5301934127,6.16534170128045
"1162",-120.125,52.875,-119.875,52.625,"9","36",7321,11429.9281424778,1.56125230740032
"1163",-120.125,52.625,-119.875,52.375,"10","36",7373,44166.3353476468,5.99028012310414
"1164",-120.125,52.375,-119.875,52.125,"11","36",7432,38663.6269637682,5.20231794453285
"1165",-120.125,52.125,-119.875,51.875,"12","36",7481,140163.890615271,18.7359832395764
"1166",-120.125,51.875,-119.875,51.625,"13","36",7531,232689.038780432,30.8974955225644
"1167",-120.125,51.625,-119.875,51.375,"14","36",7592,167042.370363135,22.0024197000968
"1168",-120.125,51.375,-119.875,51.125,"15","36",7642,306351.832811598,40.0879132179531
"1169",-120.125,51.125,-119.875,50.875,"16","36",7694,311475.523673529,40.4829118369546
"1170",-120.125,50.875,-119.875,50.625,"17","36",7753,305238.367377903,39.370355653025
"1171",-120.125,50.625,-119.875,50.375,"18","36",7806,340372.338357969,43.6039377860581
"1172",-120.125,50.375,-119.875,50.125,"19","36",7858,360116.790051497,45.8280465832905
"1173",-120.125,50.125,-119.875,49.875,"20","36",7915,208931.575047455,26.3969140931718
"1174",-120.125,49.875,-119.875,49.625,"21","36",7972,330915.464728701,41.5097171009409
"1175",-120.125,49.625,-119.875,49.375,"22","36",8024,178127.210812201,22.1993034412015
"1176",-120.125,49.375,-119.875,49.125,"23","36",8081,316592.679507028,39.1774136254211
"1177",-120.125,49.125,-119.875,48.875,"24","36",4164,55670.3160670769,13.3694322927658
"1178",-120.125,48.875,-119.875,48.625,"25","36",0,0,
"1179",-120.125,48.625,-119.875,48.375,"26","36",0,0,
"1180",-120.125,48.375,-119.875,48.125,"27","36",0,0,
"1181",-120.125,48.125,-119.875,47.875,"28","36",0,0,
"1182",-120.125,47.875,-119.875,47.625,"29","36",0,0,
"1183",-120.125,47.625,-119.875,47.375,"30","36",0,0,
"1184",-120.125,47.375,-119.875,47.125,"31","36",0,0,
"1185",-119.875,55.125,-119.625,54.875,"0","37",6857,330.841437339783,0.0482487147936098
"1186",-119.875,54.875,-119.625,54.625,"1","37",6908,1572.6359423846,0.227654305498639
"1187",-119.875,54.625,-119.625,54.375,"2","37",6960,2983.01053631678,0.428593467861607
"1188",-119.875,54.375,-119.625,54.125,"3","37",7010,701.219924258068,0.100031372932677
"1189",-119.875,54.125,-119.625,53.875,"4","37",7063,1969.88468043134,0.278901979389967
"1190",-119.875,53.875,-119.625,53.625,"5","37",7112,1487.00624036044,0.209084117036057
"1191",-119.875,53.625,-119.625,53.375,"6","37",7167,3015.08747791499,0.420690313647968
"1192",-119.875,53.375,-119.625,53.125,"7","37",7217,25258.4521293677,3.49985480523316
"1193",-119.875,53.125,-119.625,52.875,"8","37",7270,61228.5463017421,8.4220833977637
"1194",-119.875,52.875,-119.625,52.625,"9","37",7323,4939.42724394519,0.674508704621765
"1195",-119.875,52.625,-119.625,52.375,"10","37",7375,16160.6676319428,2.19127696704309
"1196",-119.875,52.375,-119.625,52.125,"11","37",7428,26470.359469532,3.56359174334034
"1197",-119.875,52.125,-119.625,51.875,"12","37",7481,11365.8483038694,1.51929532199831
"1198",-119.875,51.875,-119.625,51.625,"13","37",7535,135576.527516233,17.9929034527184
"1199",-119.875,51.625,-119.625,51.375,"14","37",7589,165776.976053236,21.8443768682614
"1200",-119.875,51.375,-119.625,51.125,"15","37",7641,261601.071092965,34.2364966749071
"1201",-119.875,51.125,-119.625,50.875,"16","37",7697,321978.446149662,41.8316806742448
"1202",-119.875,50.875,-119.625,50.625,"17","37",7750,371538.076014115,47.9403969050472
"1203",-119.875,50.625,-119.625,50.375,"18","37",7806,471310.036327414,60.3779190785824
"1204",-119.875,50.375,-119.625,50.125,"19","37",7859,173306.446003947,22.0519717526336
"1205",-119.875,50.125,-119.625,49.875,"20","37",7915,236758.087823442,29.9125821634166
"1206",-119.875,49.875,-119.625,49.625,"21","37",7969,509932.539358661,63.9895268363233
"1207",-119.875,49.625,-119.625,49.375,"22","37",8026,434370.6668656,54.1204419219536
"1208",-119.875,49.375,-119.625,49.125,"23","37",8082,383915.143483728,47.502492388484
"1209",-119.875,49.125,-119.625,48.875,"24","37",4162,126615.684345727,30.4218367000785
"1210",-119.875,48.875,-119.625,48.625,"25","37",0,0,
"1211",-119.875,48.625,-119.625,48.375,"26","37",0,0,
"1212",-119.875,48.375,-119.625,48.125,"27","37",0,0,
"1213",-119.875,48.125,-119.625,47.875,"28","37",0,0,
"1214",-119.875,47.875,-119.625,47.625,"29","37",0,0,
"1215",-119.875,47.625,-119.625,47.375,"30","37",0,0,
"1216",-119.875,47.375,-119.625,47.125,"31","37",0,0,
"1217",-119.625,55.125,-119.375,54.875,"0","38",6855,377.417101860046,0.055057199396068
"1218",-119.625,54.875,-119.375,54.625,"1","38",6910,55.7921105623245,0.00807411151408459
"1219",-119.625,54.625,-119.375,54.375,"2","38",6959,67.3993708193302,0.0096852091995014
"1220",-119.625,54.375,-119.375,54.125,"3","38",7008,1127.07995423302,0.1608276190401
"1221",-119.625,54.125,-119.375,53.875,"4","38",7063,1732.70512166247,0.245321410401029
"1222",-119.625,53.875,-119.375,53.625,"5","38",7113,16953.1671370659,2.38340603642147
"1223",-119.625,53.625,-119.375,53.375,"6","38",7167,2674.02243070677,0.373102055351858
"1224",-119.625,53.375,-119.375,53.125,"7","38",7217,17075.6556886602,2.36603238030487
"1225",-119.625,53.125,-119.375,52.875,"8","38",7269,131965.33060438,18.1545371583959
"1226",-119.625,52.875,-119.375,52.625,"9","38",7322,16076.3967476478,2.19562916520729
"1227",-119.625,52.625,-119.375,52.375,"10","38",7373,16458.4248384666,2.23225618316378
"1228",-119.625,52.375,-119.375,52.125,"11","38",7430,11112.5121230381,1.49562747281804
"1229",-119.625,52.125,-119.375,51.875,"12","38",7482,34389.2191290949,4.59626024179295
"1230",-119.625,51.875,-119.375,51.625,"13","38",7535,125481.889480902,16.6532036471004
"1231",-119.625,51.625,-119.375,51.375,"14","38",7589,201788.715758106,26.5896318036771
"1232",-119.625,51.375,-119.375,51.125,"15","38",7642,240341.698739719,31.4501045197224
"1233",-119.625,51.125,-119.375,50.875,"16","38",7695,282550.757049994,36.7187468550999
"1234",-119.625,50.875,-119.375,50.625,"17","38",7751,301391.937820682,38.88426497493
"1235",-119.625,50.625,-119.375,50.375,"18","38",7802,384832.626165541,49.3248687728199
"1236",-119.625,50.375,-119.375,50.125,"19","38",7863,390941.225545713,49.7190926549298
"1237",-119.625,50.125,-119.375,49.875,"20","38",7914,350128.538497098,44.241665213179
"1238",-119.625,49.875,-119.375,49.625,"21","38",7970,272231.044885039,34.1569692452998
"1239",-119.625,49.625,-119.375,49.375,"22","38",8027,229511.758283787,28.5924701985533
"1240",-119.625,49.375,-119.375,49.125,"23","38",8080,265381.171822768,32.8442044335109
"1241",-119.625,49.125,-119.375,48.875,"24","38",4157,104665.214760864,25.1780646526013
"1242",-119.625,48.875,-119.375,48.625,"25","38",0,0,
"1243",-119.625,48.625,-119.375,48.375,"26","38",0,0,
"1244",-119.625,48.375,-119.375,48.125,"27","38",0,0,
"1245",-119.625,48.125,-119.375,47.875,"28","38",0,0,
"1246",-119.625,47.875,-119.375,47.625,"29","38",0,0,
"1247",-119.625,47.625,-119.375,47.375,"30","38",0,0,
"1248",-119.625,47.375,-119.375,47.125,"31","38",0,0,
"1249",-119.375,55.125,-119.125,54.875,"0","39",6860,62.384886264801,0.00909400674414009
"1250",-119.375,54.875,-119.125,54.625,"1","39",6901,7.99375534057617,0.00115834739031679
"1251",-119.375,54.625,-119.125,54.375,"2","39",6960,13.3524904251099,0.00191846126797556
"1252",-119.375,54.375,-119.125,54.125,"3","39",7008,281.168075505644,0.0401210153404172
"1253",-119.375,54.125,-119.125,53.875,"4","39",7068,3630.52882883325,0.513657163106006
"1254",-119.375,53.875,-119.125,53.625,"5","39",7115,7429.6658407636,1.04422569792883
"1255",-119.375,53.625,-119.125,53.375,"6","39",7158,8624.80757161975,1.20491863252581
"1256",-119.375,53.375,-119.125,53.125,"7","39",7223,2487.40234920662,0.344372469778017
"1257",-119.375,53.125,-119.125,52.875,"8","39",7268,83086.0240538316,11.4317589507198
"1258",-119.375,52.875,-119.125,52.625,"9","39",7326,150144.966742488,20.494808455158
"1259",-119.375,52.625,-119.125,52.375,"10","39",7376,70711.2133721504,9.5866612489358
"1260",-119.375,52.375,-119.125,52.125,"11","39",7424,72846.9312302899,9.81235603856275
"1261",-119.375,52.125,-119.125,51.875,"12","39",7482,63799.3146576658,8.52704018413069
"1262",-119.375,51.875,-119.125,51.625,"13","39",7530,147935.116806116,19.6460978494178
"1263",-119.375,51.625,-119.125,51.375,"14","39",7590,203745.287380589,26.8439113808418
"1264",-119.375,51.375,-119.125,51.125,"15","39",7642,118747.703479132,15.5388253702083
"1265",-119.375,51.125,-119.125,50.875,"16","39",7698,250396.040957734,32.5274150373778
"1266",-119.375,50.875,-119.125,50.625,"17","39",7745,345972.134952707,44.6703854038357
"1267",-119.375,50.625,-119.125,50.375,"18","39",7813,325907.357566365,41.7134721062799
"1268",-119.375,50.375,-119.125,50.125,"19","39",7856,246057.665016042,31.3209858727141
"1269",-119.375,50.125,-119.125,49.875,"20","39",7917,228291.077496754,28.8355535552297
"1270",-119.375,49.875,-119.125,49.625,"21","39",7967,228278.808951241,28.6530449292382
"1271",-119.375,49.625,-119.125,49.375,"22","39",8029,234291.030457254,29.1805991352913
"1272",-119.375,49.375,-119.125,49.125,"23","39",8080,119845.637863938,14.8323809237547
"1273",-119.375,49.125,-119.125,48.875,"24","39",4163,131298.842943886,31.5394770463334
"1274",-119.375,48.875,-119.125,48.625,"25","39",0,0,
"1275",-119.375,48.625,-119.125,48.375,"26","39",0,0,
"1276",-119.375,48.375,-119.125,48.125,"27","39",0,0,
"1277",-119.375,48.125,-119.125,47.875,"28","39",0,0,
"1278",-119.375,47.875,-119.125,47.625,"29","39",0,0,
"1279",-119.375,47.625,-119.125,47.375,"30","39",0,0,
"1280",-119.375,47.375,-119.125,47.125,"31","39",0,0,
"1281",-119.125,55.125,-118.875,54.875,"0","40",6854,8.79273796081543,0.00128286226449014
"1282",-119.125,54.875,-118.875,54.625,"1","40",6907,49.2554941177368,0.00713124281420831
"1283",-119.125,54.625,-118.875,54.375,"2","40",6960,36.2957045957446,0.00521490008559549
"1284",-119.125,54.375,-118.875,54.125,"3","40",7012,208.106492236257,0.0296786212544576
"1285",-119.125,54.125,-118.875,53.875,"4","40",7059,2426.35820138454,0.343725485392342
"1286",-119.125,53.875,-118.875,53.625,"5","40",7114,2713.3567975536,0.381410851497554
"1287",-119.125,53.625,-118.875,53.375,"6","40",7169,218.971751423553,0.0305442532324665
"1288",-119.125,53.375,-118.875,53.125,"7","40",7215,533.549080912024,0.0739499765643831
"1289",-119.125,53.125,-118.875,52.875,"8","40",7269,16248.0497665619,2.23525240976227
"1290",-119.125,52.875,-118.875,52.625,"9","40",7325,53953.1006963775,7.3656110165703
"1291",-119.125,52.625,-118.875,52.375,"10","40",7375,40873.6285511609,5.54218692219131
"1292",-119.125,52.375,-118.875,52.125,"11","40",7426,14045.3982112594,1.89138139122804
"1293",-119.125,52.125,-118.875,51.875,"12","40",7483,18829.9173890008,2.51635939983974
"1294",-119.125,51.875,-118.875,51.625,"13","40",7535,38860.8707910609,5.15738165773867
"1295",-119.125,51.625,-118.875,51.375,"14","40",7587,76515.3176582046,10.085055708212
"1296",-119.125,51.375,-118.875,51.125,"15","40",7641,287472.033058548,37.6223050724445
"1297",-119.125,51.125,-118.875,50.875,"16","40",7697,305240.061535701,39.6570172191375
"1298",-119.125,50.875,-118.875,50.625,"17","40",7753,278564.706051406,35.92992468095
"1299",-119.125,50.625,-118.875,50.375,"18","40",7803,374412.935749111,47.9832033511612
"1300",-119.125,50.375,-118.875,50.125,"19","40",7858,376821.660175609,47.9538890526354
"1301",-119.125,50.125,-118.875,49.875,"20","40",7917,133485.260757069,16.8605861762118
"1302",-119.125,49.875,-118.875,49.625,"21","40",7970,173535.416521854,21.7735779826668
"1303",-119.125,49.625,-118.875,49.375,"22","40",8023,360425.966955731,44.9240891132657
"1304",-119.125,49.375,-118.875,49.125,"23","40",8081,536728.598510355,66.4185866242241
"1305",-119.125,49.125,-118.875,48.875,"24","40",4162,197960.030490719,47.563678637847
"1306",-119.125,48.875,-118.875,48.625,"25","40",0,0,
"1307",-119.125,48.625,-118.875,48.375,"26","40",0,0,
"1308",-119.125,48.375,-118.875,48.125,"27","40",0,0,
"1309",-119.125,48.125,-118.875,47.875,"28","40",0,0,
"1310",-119.125,47.875,-118.875,47.625,"29","40",0,0,
"1311",-119.125,47.625,-118.875,47.375,"30","40",0,0,
"1312",-119.125,47.375,-118.875,47.125,"31","40",0,0,
"1313",-118.875,55.125,-118.625,54.875,"0","41",6856,10.6557397842407,0.00155422108871656
"1314",-118.875,54.875,-118.625,54.625,"1","41",6909,81.0743669867516,0.0117346022560069
"1315",-118.875,54.625,-118.625,54.375,"2","41",6958,2.96606165915728,0.000426280778838355
"1316",-118.875,54.375,-118.625,54.125,"3","41",7010,224.106728821993,0.0319695761514968
"1317",-118.875,54.125,-118.625,53.875,"4","41",7063,449.201029613614,0.0635991830119799
"1318",-118.875,53.875,-118.625,53.625,"5","41",7112,80.2343244850636,0.0112815416880011
"1319",-118.875,53.625,-118.625,53.375,"6","41",7165,11.8905242579058,0.00165952885665119
"1320",-118.875,53.375,-118.625,53.125,"7","41",7219,362.689996685833,0.0502410301545689
"1321",-118.875,53.125,-118.625,52.875,"8","41",7269,24415.8021475533,3.35889422858073
"1322",-118.875,52.875,-118.625,52.625,"9","41",7320,9618.70071453415,1.31403015225876
"1323",-118.875,52.625,-118.625,52.375,"10","41",7377,83888.6797556039,11.371652400109
"1324",-118.875,52.375,-118.625,52.125,"11","41",7429,24269.8941417588,3.26691265873722
"1325",-118.875,52.125,-118.625,51.875,"12","41",7479,18778.764079852,2.51086563442332
"1326",-118.875,51.875,-118.625,51.625,"13","41",7536,34130.0063274466,4.5289286527928
"1327",-118.875,51.625,-118.625,51.375,"14","41",7590,40579.5606973302,5.34645068476023
"1328",-118.875,51.375,-118.625,51.125,"15","41",7640,94968.7528260164,12.4304650295833
"1329",-118.875,51.125,-118.625,50.875,"16","41",7697,206747.351939403,26.8607706820063
"1330",-118.875,50.875,-118.625,50.625,"17","41",7752,257111.405892819,33.1671060233255
"1331",-118.875,50.625,-118.625,50.375,"18","41",7803,385256.450457275,49.3728630600122
"1332",-118.875,50.375,-118.625,50.125,"19","41",7861,347697.243340472,44.2306631904938
"1333",-118.875,50.125,-118.625,49.875,"20","41",7915,82599.5884735337,10.435829244919
"1334",-118.875,49.875,-118.625,49.625,"21","41",7970,208908.178976404,26.2118166846178
"1335",-118.875,49.625,-118.625,49.375,"22","41",8027,217285.692307372,27.0693524738223
"1336",-118.875,49.375,-118.625,49.125,"23","41",8080,322282.890493441,39.8864963481982
"1337",-118.875,49.125,-118.625,48.875,"24","41",4158,178070.403913127,42.8259749670819
"1338",-118.875,48.875,-118.625,48.625,"25","41",0,0,
"1339",-118.875,48.625,-118.625,48.375,"26","41",0,0,
"1340",-118.875,48.375,-118.625,48.125,"27","41",0,0,
"1341",-118.875,48.125,-118.625,47.875,"28","41",0,0,
"1342",-118.875,47.875,-118.625,47.625,"29","41",0,0,
"1343",-118.875,47.625,-118.625,47.375,"30","41",0,0,
"1344",-118.875,47.375,-118.625,47.125,"31","41",0,0,
"1345",-118.625,55.125,-118.375,54.875,"0","42",6860,38.8835155665874,0.00566815095722849
"1346",-118.625,54.875,-118.375,54.625,"1","42",6905,16.5925338864326,0.00240297377066367
"1347",-118.625,54.625,-118.375,54.375,"2","42",6960,1.8179614841938,0.000261201362671523
"1348",-118.625,54.375,-118.375,54.125,"3","42",7009,86.6661555171013,0.0123649815261951
"1349",-118.625,54.125,-118.375,53.875,"4","42",7064,18.5257635787129,0.00262255996301146
"1350",-118.625,53.875,-118.375,53.625,"5","42",7111,12.6499699354172,0.00177892981794645
"1351",-118.625,53.625,-118.375,53.375,"6","42",7167,82.138564825058,0.0114606620378203
"1352",-118.625,53.375,-118.375,53.125,"7","42",7216,823.449941386469,0.114114459726506
"1353",-118.625,53.125,-118.375,52.875,"8","42",7272,10332.0467355959,1.42079850599504
"1354",-118.625,52.875,-118.375,52.625,"9","42",7322,21144.0735651515,2.88774563850745
"1355",-118.625,52.625,-118.375,52.375,"10","42",7376,26785.6152718905,3.63145543274004
"1356",-118.625,52.375,-118.375,52.125,"11","42",7426,79787.4266298981,10.7443343159033
"1357",-118.625,52.125,-118.375,51.875,"12","42",7484,53885.595987577,7.20010635857523
"1358",-118.625,51.875,-118.375,51.625,"13","42",7533,72617.3706239015,9.63990052089493
"1359",-118.625,51.625,-118.375,51.375,"14","42",7588,76835.3378449995,10.1259011392988
"1360",-118.625,51.375,-118.375,51.125,"15","42",7643,25101.7197712567,3.28427577800035
"1361",-118.625,51.125,-118.375,50.875,"16","42",7697,133314.530073274,17.3203235121832
"1362",-118.625,50.875,-118.375,50.625,"17","42",7749,144742.750742745,18.6788941466957
"1363",-118.625,50.625,-118.375,50.375,"18","42",7806,214885.721501946,27.5282758777795
"1364",-118.625,50.375,-118.375,50.125,"19","42",7859,338686.96576421,43.0954276325499
"1365",-118.625,50.125,-118.375,49.875,"20","42",7915,85629.1925550438,10.8185966588811
"1366",-118.625,49.875,-118.375,49.625,"21","42",7970,90275.0090098698,11.3268518205608
"1367",-118.625,49.625,-118.375,49.375,"22","42",8026,332461.282331853,41.423035426346
"1368",-118.625,49.375,-118.375,49.125,"23","42",8081,352376.195015838,43.6055185021455
"1369",-118.625,49.125,-118.375,48.875,"24","42",4159,175539.139335014,42.2070544205372
"1370",-118.625,48.875,-118.375,48.625,"25","42",0,0,
"1371",-118.625,48.625,-118.375,48.375,"26","42",0,0,
"1372",-118.625,48.375,-118.375,48.125,"27","42",0,0,
"1373",-118.625,48.125,-118.375,47.875,"28","42",0,0,
"1374",-118.625,47.875,-118.375,47.625,"29","42",0,0,
"1375",-118.625,47.625,-118.375,47.375,"30","42",0,0,
"1376",-118.625,47.375,-118.375,47.125,"31","42",0,0,
"1377",-118.375,55.125,-118.125,54.875,"0","43",6856,13.9324150085449,0.00203214921361507
"1378",-118.375,54.875,-118.125,54.625,"1","43",6910,0,0
"1379",-118.375,54.625,-118.125,54.375,"2","43",6958,34.6644251942635,0.00498195245677831
"1380",-118.375,54.375,-118.125,54.125,"3","43",7011,0,0
"1381",-118.375,54.125,-118.125,53.875,"4","43",7061,1.13673384487629,0.000160987656829952
"1382",-118.375,53.875,-118.125,53.625,"5","43",7115,20.1976155787706,0.00283873725632757
"1383",-118.375,53.625,-118.125,53.375,"6","43",7165,407.770179979503,0.056911399857572
"1384",-118.375,53.375,-118.125,53.125,"7","43",7218,3703.4478561841,0.513085045190371
"1385",-118.375,53.125,-118.125,52.875,"8","43",7269,17496.4764090469,2.40699909327926
"1386",-118.375,52.875,-118.125,52.625,"9","43",7324,6755.69138115272,0.922404612391141
"1387",-118.375,52.625,-118.125,52.375,"10","43",7374,6345.34035703633,0.860501811369179
"1388",-118.375,52.375,-118.125,52.125,"11","43",7428,53338.8744945358,7.18078547314699
"1389",-118.375,52.125,-118.125,51.875,"12","43",7480,59525.6775696371,7.95797828471084
"1390",-118.375,51.875,-118.125,51.625,"13","43",7535,26265.5765835214,3.48580976556356
"1391",-118.375,51.625,-118.125,51.375,"14","43",7588,55405.4596186392,7.30172108838155
"1392",-118.375,51.375,-118.125,51.125,"15","43",7643,107900.758597229,14.1175923848265
"1393",-118.375,51.125,-118.125,50.875,"16","43",7695,110681.545698581,14.3835666924732
"1394",-118.375,50.875,-118.125,50.625,"17","43",7751,60040.1018813513,7.74611042205539
"1395",-118.375,50.625,-118.125,50.375,"18","43",7805,82117.83331744,10.5211830003126
"1396",-118.375,50.375,-118.125,50.125,"19","43",7862,95045.6859700792,12.0892503141795
"1397",-118.375,50.125,-118.125,49.875,"20","43",7913,221357.185721483,27.9738639860335
"1398",-118.375,49.875,-118.125,49.625,"21","43",7971,260827.788803504,32.722091180969
"1399",-118.375,49.625,-118.125,49.375,"22","43",8025,285791.308135714,35.6126240667557
"1400",-118.375,49.375,-118.125,49.125,"23","43",8082,282617.34315925,34.9687383270539
"1401",-118.375,49.125,-118.125,48.875,"24","43",4160,215046.830421787,51.6939496206219
"1402",-118.375,48.875,-118.125,48.625,"25","43",0,0,
"1403",-118.375,48.625,-118.125,48.375,"26","43",0,0,
"1404",-118.375,48.375,-118.125,48.125,"27","43",0,0,
"1405",-118.375,48.125,-118.125,47.875,"28","43",0,0,
"1406",-118.375,47.875,-118.125,47.625,"29","43",0,0,
"1407",-118.375,47.625,-118.125,47.375,"30","43",0,0,
"1408",-118.375,47.375,-118.125,47.125,"31","43",0,0,
"1409",-118.125,55.125,-117.875,54.875,"0","44",6857,0,0
"1410",-118.125,54.875,-117.875,54.625,"1","44",6907,0,0
"1411",-118.125,54.625,-117.875,54.375,"2","44",6959,0,0
"1412",-118.125,54.375,-117.875,54.125,"3","44",7009,2.30172308534384,0.000328395361013531
"1413",-118.125,54.125,-117.875,53.875,"4","44",7063,1.31289553642273,0.000185883553224229
"1414",-118.125,53.875,-117.875,53.625,"5","44",7114,31.849900893867,0.00447707350208983
"1415",-118.125,53.625,-117.875,53.375,"6","44",7164,341.493548333645,0.0476679994882251
"1416",-118.125,53.375,-117.875,53.125,"7","44",7218,21953.3405523617,3.04147139822135
"1417",-118.125,53.125,-117.875,52.875,"8","44",7269,42624.2853662539,5.86384445814471
"1418",-118.125,52.875,-117.875,52.625,"9","44",7322,28799.3472575918,3.93326239519145
"1419",-118.125,52.625,-117.875,52.375,"10","44",7377,8018.90784351435,1.08701475444142
"1420",-118.125,52.375,-117.875,52.125,"11","44",7428,19633.5816842373,2.64318547176055
"1421",-118.125,52.125,-117.875,51.875,"12","44",7479,54669.9411092224,7.30979290135344
"1422",-118.125,51.875,-117.875,51.625,"13","44",7536,10819.017038703,1.43564451150517
"1423",-118.125,51.625,-117.875,51.375,"14","44",7589,19094.8871318381,2.51612691156122
"1424",-118.125,51.375,-117.875,51.125,"15","44",7643,23690.3218972981,3.09961034898575
"1425",-118.125,51.125,-117.875,50.875,"16","44",7696,96106.7155524846,12.4878788399798
"1426",-118.125,50.875,-117.875,50.625,"17","44",7750,190176.16307399,24.5388597514826
"1427",-118.125,50.625,-117.875,50.375,"18","44",7804,188364.991318637,24.1369799229416
"1428",-118.125,50.375,-117.875,50.125,"19","44",7860,371567.24330686,47.2731861713563
"1429",-118.125,50.125,-117.875,49.875,"20","44",7916,339274.416971672,42.8593250343194
"1430",-118.125,49.875,-117.875,49.625,"21","44",7970,196385.924446583,24.6406429669489
"1431",-118.125,49.625,-117.875,49.375,"22","44",8026,310296.908500269,38.6614638051668
"1432",-118.125,49.375,-117.875,49.125,"23","44",8081,213154.088690069,26.3771920170856
"1433",-118.125,49.125,-117.875,48.875,"24","44",4155,172932.152601946,41.6202533338017
"1434",-118.125,48.875,-117.875,48.625,"25","44",0,0,
"1435",-118.125,48.625,-117.875,48.375,"26","44",0,0,
"1436",-118.125,48.375,-117.875,48.125,"27","44",0,0,
"1437",-118.125,48.125,-117.875,47.875,"28","44",0,0,
"1438",-118.125,47.875,-117.875,47.625,"29","44",0,0,
"1439",-118.125,47.625,-117.875,47.375,"30","44",0,0,
"1440",-118.125,47.375,-117.875,47.125,"31","44",0,0,
"1441",-117.875,55.125,-117.625,54.875,"0","45",6857,0.816646695137024,0.000119096790890626
"1442",-117.875,54.875,-117.625,54.625,"1","45",6907,0,0
"1443",-117.875,54.625,-117.625,54.375,"2","45",6960,0.205666907131672,2.95498429786885e-05
"1444",-117.875,54.375,-117.625,54.125,"3","45",7011,0.410952478647232,5.861538705566e-05
"1445",-117.875,54.125,-117.625,53.875,"4","45",7059,2.20975875854492,0.000313041331427245
"1446",-117.875,53.875,-117.625,53.625,"5","45",7113,47.0915420204401,0.00662048952909322
"1447",-117.875,53.625,-117.625,53.375,"6","45",7169,3468.12555937842,0.483766991125459
"1448",-117.875,53.375,-117.625,53.125,"7","45",7217,13206.0463701375,1.82985262160697
"1449",-117.875,53.125,-117.625,52.875,"8","45",7270,4727.04808953777,0.650212942164755
"1450",-117.875,52.875,-117.625,52.625,"9","45",7321,4974.39029808063,0.679468692539357
"1451",-117.875,52.625,-117.625,52.375,"10","45",7376,16743.8543346934,2.27004532737166
"1452",-117.875,52.375,-117.625,52.125,"11","45",7428,5577.59477117844,0.75088782595294
"1453",-117.875,52.125,-117.625,51.875,"12","45",7480,30076.0721065989,4.0208652548929
"1454",-117.875,51.875,-117.625,51.625,"13","45",7538,49287.5697724577,6.53854732985642
"1455",-117.875,51.625,-117.625,51.375,"14","45",7586,11442.093999505,1.50831716313011
"1456",-117.875,51.375,-117.625,51.125,"15","45",7640,41119.19621397,5.38209374528403
"1457",-117.875,51.125,-117.625,50.875,"16","45",7696,16051.8583127111,2.08574042524833
"1458",-117.875,50.875,-117.625,50.625,"17","45",7754,165192.386161964,21.3041509107511
"1459",-117.875,50.625,-117.625,50.375,"18","45",7805,117329.430166766,15.0325983557676
"1460",-117.875,50.375,-117.625,50.125,"19","45",7859,230739.700902402,29.3599314037921
"1461",-117.875,50.125,-117.625,49.875,"20","45",7914,148291.958875116,18.737927580884
"1462",-117.875,49.875,-117.625,49.625,"21","45",7971,86914.4752172641,10.9038358069582
"1463",-117.875,49.625,-117.625,49.375,"22","45",8025,218587.641724521,27.2383354173858
"1464",-117.875,49.375,-117.625,49.125,"23","45",8083,330929.632724706,40.9414366849816
"1465",-117.875,49.125,-117.625,48.875,"24","45",4142,178932.306980105,43.199494683753
"1466",-117.875,48.875,-117.625,48.625,"25","45",0,0,
"1467",-117.875,48.625,-117.625,48.375,"26","45",0,0,
"1468",-117.875,48.375,-117.625,48.125,"27","45",0,0,
"1469",-117.875,48.125,-117.625,47.875,"28","45",0,0,
"1470",-117.875,47.875,-117.625,47.625,"29","45",0,0,
"1471",-117.875,47.625,-117.625,47.375,"30","45",0,0,
"1472",-117.875,47.375,-117.625,47.125,"31","45",0,0,
"1473",-117.625,55.125,-117.375,54.875,"0","46",6857,15.7830014228821,0.00230173566032989
"1474",-117.625,54.875,-117.375,54.625,"1","46",6909,0,0
"1475",-117.625,54.625,-117.375,54.375,"2","46",6958,112.598452202976,0.0161825887040781
"1476",-117.625,54.375,-117.375,54.125,"3","46",7010,6.61280632019043,0.000943338990041431
"1477",-117.625,54.125,-117.375,53.875,"4","46",7064,1.61611510813236,0.000228781866949655
"1478",-117.625,53.875,-117.375,53.625,"5","46",7113,0.683785781264305,9.6131840470168e-05
"1479",-117.625,53.625,-117.375,53.375,"6","46",7164,975.862579315901,0.136217557135106
"1480",-117.625,53.375,-117.375,53.125,"7","46",7217,1170.07961613685,0.162128254972544
"1481",-117.625,53.125,-117.375,52.875,"8","46",7272,657.81213413924,0.090458214265572
"1482",-117.625,52.875,-117.375,52.625,"9","46",7322,639.943958228454,0.087400158184711
"1483",-117.625,52.625,-117.375,52.375,"10","46",7374,3195.26282318775,0.433314730565195
"1484",-117.625,52.375,-117.375,52.125,"11","46",7431,6602.51837333292,0.888510075808494
"1485",-117.625,52.125,-117.375,51.875,"12","46",7480,21950.2345022997,2.93452332918445
"1486",-117.625,51.875,-117.375,51.625,"13","46",7534,97267.8279089089,12.910516048435
"1487",-117.625,51.625,-117.375,51.375,"14","46",7589,91934.6903414819,12.1142034973622
"1488",-117.625,51.375,-117.375,51.125,"15","46",7642,27117.4333034959,3.54847334513162
"1489",-117.625,51.125,-117.375,50.875,"16","46",7697,45603.5303964186,5.92484479620874
"1490",-117.625,50.875,-117.375,50.625,"17","46",7749,71654.6831050217,9.24695871790189
"1491",-117.625,50.625,-117.375,50.375,"18","46",7806,47260.0323378313,6.05432133459279
"1492",-117.625,50.375,-117.375,50.125,"19","46",7861,88656.0682392297,11.2779631394517
"1493",-117.625,50.125,-117.375,49.875,"20","46",7914,191605.436511738,24.2109472468711
"1494",-117.625,49.875,-117.375,49.625,"21","46",7969,262206.473763326,32.9033095449023
"1495",-117.625,49.625,-117.375,49.375,"22","46",8027,350019.302163694,43.6052450683561
"1496",-117.625,49.375,-117.375,49.125,"23","46",8081,309855.500488035,38.3437075223407
"1497",-117.625,49.125,-117.375,48.875,"24","46",4144,199250.460958347,48.081674941686
"1498",-117.625,48.875,-117.375,48.625,"25","46",0,0,
"1499",-117.625,48.625,-117.375,48.375,"26","46",0,0,
"1500",-117.625,48.375,-117.375,48.125,"27","46",0,0,
"1501",-117.625,48.125,-117.375,47.875,"28","46",0,0,
"1502",-117.625,47.875,-117.375,47.625,"29","46",0,0,
"1503",-117.625,47.625,-117.375,47.375,"30","46",0,0,
"1504",-117.625,47.375,-117.375,47.125,"31","46",0,0,
"1505",-117.375,55.125,-117.125,54.875,"0","47",6858,0,0
"1506",-117.375,54.875,-117.125,54.625,"1","47",6908,0,0
"1507",-117.375,54.625,-117.125,54.375,"2","47",6958,1.84855324029922,0.000265673072765051
"1508",-117.375,54.375,-117.125,54.125,"3","47",7010,61.4479292035103,0.0087657530960785
"1509",-117.375,54.125,-117.125,53.875,"4","47",7061,0.0965084880590439,1.36678215633825e-05
"1510",-117.375,53.875,-117.125,53.625,"5","47",7114,26.6562042236328,0.00374700649755873
"1511",-117.375,53.625,-117.125,53.375,"6","47",7165,37.7629191949964,0.00527047022958777
"1512",-117.375,53.375,-117.125,53.125,"7","47",7218,139.423443287611,0.0193160769309519
"1513",-117.375,53.125,-117.125,52.875,"8","47",7270,16.1164383664727,0.00221684159098662
"1514",-117.375,52.875,-117.125,52.625,"9","47",7323,23.9467835463583,0.00327007832122878
"1515",-117.375,52.625,-117.125,52.375,"10","47",7375,166.838734030724,0.0226222012245049
"1516",-117.375,52.375,-117.125,52.125,"11","47",7428,824.564700996503,0.111007633413638
"1517",-117.375,52.125,-117.125,51.875,"12","47",7482,29934.852224241,4.00091582788573
"1518",-117.375,51.875,-117.125,51.625,"13","47",7533,58681.0468040882,7.78986417152372
"1519",-117.375,51.625,-117.125,51.375,"14","47",7589,152220.889990836,20.0580959271098
"1520",-117.375,51.375,-117.125,51.125,"15","47",7643,12196.2630070895,1.59574290292941
"1521",-117.375,51.125,-117.125,50.875,"16","47",7697,10519.9422617666,1.36675877117924
"1522",-117.375,50.875,-117.125,50.625,"17","47",7749,39755.1001608279,5.1303523242777
"1523",-117.375,50.625,-117.125,50.375,"18","47",7805,118290.494610717,15.1557328136728
"1524",-117.375,50.375,-117.125,50.125,"19","47",7861,35223.2421986926,4.4807584529567
"1525",-117.375,50.125,-117.125,49.875,"20","47",7915,123289.939930996,15.5767454113703
"1526",-117.375,49.875,-117.125,49.625,"21","47",7970,72922.8456548396,9.14966695794726
"1527",-117.375,49.625,-117.125,49.375,"22","47",8025,234986.675982654,29.2818287828852
"1528",-117.375,49.375,-117.125,49.125,"23","47",8081,245724.656825863,30.4077040992282
"1529",-117.375,49.125,-117.125,48.875,"24","47",4176,183602.827931777,43.9661944281074
"1530",-117.375,48.875,-117.125,48.625,"25","47",0,0,
"1531",-117.375,48.625,-117.125,48.375,"26","47",0,0,
"1532",-117.375,48.375,-117.125,48.125,"27","47",0,0,
"1533",-117.375,48.125,-117.125,47.875,"28","47",0,0,
"1534",-117.375,47.875,-117.125,47.625,"29","47",0,0,
"1535",-117.375,47.625,-117.125,47.375,"30","47",0,0,
"1536",-117.375,47.375,-117.125,47.125,"31","47",0,0,
"1537",-117.125,55.125,-116.875,54.875,"0","48",6855,0,0
"1538",-117.125,54.875,-116.875,54.625,"1","48",6909,0,0
"1539",-117.125,54.625,-116.875,54.375,"2","48",6958,0,0
"1540",-117.125,54.375,-116.875,54.125,"3","48",7011,4.36112759262323,0.000622040734934137
"1541",-117.125,54.125,-116.875,53.875,"4","48",7062,19.2863242328167,0.00273100031617342
"1542",-117.125,53.875,-116.875,53.625,"5","48",7112,3.89307453483343,0.000547395182063193
"1543",-117.125,53.625,-116.875,53.375,"6","48",7166,2.60292828828096,0.000363233085163405
"1544",-117.125,53.375,-116.875,53.125,"7","48",7218,0.111115396022797,1.53942083711273e-05
"1545",-117.125,53.125,-116.875,52.875,"8","48",7270,0.572830736637115,7.87937739528357e-05
"1546",-117.125,52.875,-116.875,52.625,"9","48",7321,16.6851069442928,0.0022790748455529
"1547",-117.125,52.625,-116.875,52.375,"10","48",7377,299.522925689816,0.0406022672752903
"1548",-117.125,52.375,-116.875,52.125,"11","48",7426,852.512455098331,0.114801030850839
"1549",-117.125,52.125,-116.875,51.875,"12","48",7481,6496.62504509464,0.868416661555225
"1550",-117.125,51.875,-116.875,51.625,"13","48",7536,10785.3691165308,1.43117955367977
"1551",-117.125,51.625,-116.875,51.375,"14","48",7588,135554.834034952,17.8643692718704
"1552",-117.125,51.375,-116.875,51.125,"15","48",7643,143683.807150239,18.7993990776186
"1553",-117.125,51.125,-116.875,50.875,"16","48",7694,21706.6550357454,2.82124448086111
"1554",-117.125,50.875,-116.875,50.625,"17","48",7751,64646.967869116,8.34046805175022
"1555",-117.125,50.625,-116.875,50.375,"18","48",7806,159962.735073425,20.4922796660806
"1556",-117.125,50.375,-116.875,50.125,"19","48",7859,277905.847358473,35.3614769510717
"1557",-117.125,50.125,-116.875,49.875,"20","48",7915,196928.612442423,24.8804311361242
"1558",-117.125,49.875,-116.875,49.625,"21","48",7970,146915.882248756,18.4336113235578
"1559",-117.125,49.625,-116.875,49.375,"22","48",8025,145595.598505799,18.1427537078877
"1560",-117.125,49.375,-116.875,49.125,"23","48",8082,49495.8375239298,6.12420657311677
"1561",-117.125,49.125,-116.875,48.875,"24","48",4186,23892.0401940271,5.70760635308818
"1562",-117.125,48.875,-116.875,48.625,"25","48",0,0,
"1563",-117.125,48.625,-116.875,48.375,"26","48",0,0,
"1564",-117.125,48.375,-116.875,48.125,"27","48",0,0,
"1565",-117.125,48.125,-116.875,47.875,"28","48",0,0,
"1566",-117.125,47.875,-116.875,47.625,"29","48",0,0,
"1567",-117.125,47.625,-116.875,47.375,"30","48",0,0,
"1568",-117.125,47.375,-116.875,47.125,"31","48",0,0,
"1569",-116.875,55.125,-116.625,54.875,"0","49",6859,1.82272362709045,0.000265741890522008
"1570",-116.875,54.875,-116.625,54.625,"1","49",6906,3.45435839891434,0.000500196698365818
"1571",-116.875,54.625,-116.625,54.375,"2","49",6960,0,0
"1572",-116.875,54.375,-116.625,54.125,"3","49",7010,8.64476072788239,0.00123320409812873
"1573",-116.875,54.125,-116.625,53.875,"4","49",7062,13.4101684093475,0.00189891934428597
"1574",-116.875,53.875,-116.625,53.625,"5","49",7114,0,0
"1575",-116.875,53.625,-116.625,53.375,"6","49",7166,0.263123191893101,3.67182796390037e-05
"1576",-116.875,53.375,-116.625,53.125,"7","49",7216,11.5888857841492,0.00160599858427788
"1577",-116.875,53.125,-116.625,52.875,"8","49",7270,43.3358270451427,0.00596091156054232
"1578",-116.875,52.875,-116.625,52.625,"9","49",7324,83.1132405884564,0.011348066710603
"1579",-116.875,52.625,-116.625,52.375,"10","49",7373,113.741883294657,0.0154268117855224
"1580",-116.875,52.375,-116.625,52.125,"11","49",7428,724.045655527152,0.0974751824888465
"1581",-116.875,52.125,-116.625,51.875,"12","49",7483,11875.600300991,1.58701059748643
"1582",-116.875,51.875,-116.625,51.625,"13","49",7534,21711.9413443711,2.88186107570627
"1583",-116.875,51.625,-116.625,51.375,"14","49",7588,22184.9442014783,2.92368795486008
"1584",-116.875,51.375,-116.625,51.125,"15","49",7642,115488.114270959,15.1122892267677
"1585",-116.875,51.125,-116.625,50.875,"16","49",7697,127780.840212513,16.6013823843722
"1586",-116.875,50.875,-116.625,50.625,"17","49",7751,14135.0581249138,1.82364315893612
"1587",-116.875,50.625,-116.625,50.375,"18","49",7804,33145.303717047,4.24721985097988
"1588",-116.875,50.375,-116.625,50.125,"19","49",7860,62300.054190292,7.92621554583868
"1589",-116.875,50.125,-116.625,49.875,"20","49",7917,139754.468687044,17.6524527835094
"1590",-116.875,49.875,-116.625,49.625,"21","49",7967,212350.816312937,26.6537989598264
"1591",-116.875,49.625,-116.625,49.375,"22","49",8028,205452.553276412,25.5919971694584
"1592",-116.875,49.375,-116.625,49.125,"23","49",8082,201217.794667881,24.897029778258
"1593",-116.875,49.125,-116.625,48.875,"24","49",4167,107048.391069159,25.6895586919028
"1594",-116.875,48.875,-116.625,48.625,"25","49",0,0,
"1595",-116.875,48.625,-116.625,48.375,"26","49",0,0,
"1596",-116.875,48.375,-116.625,48.125,"27","49",0,0,
"1597",-116.875,48.125,-116.625,47.875,"28","49",0,0,
"1598",-116.875,47.875,-116.625,47.625,"29","49",0,0,
"1599",-116.875,47.625,-116.625,47.375,"30","49",0,0,
"1600",-116.875,47.375,-116.625,47.125,"31","49",0,0,
"1601",-116.625,55.125,-116.375,54.875,"0","50",6856,0,0
"1602",-116.625,54.875,-116.375,54.625,"1","50",6909,3.53747487068176,0.00051200967877866
"1603",-116.625,54.625,-116.375,54.375,"2","50",6959,0,0
"1604",-116.625,54.375,-116.375,54.125,"3","50",7008,25.5167744159698,0.00364109223972172
"1605",-116.625,54.125,-116.375,53.875,"4","50",7062,5.37371397018433,0.000760933725599593
"1606",-116.625,53.875,-116.375,53.625,"5","50",7113,0,0
"1607",-116.625,53.625,-116.375,53.375,"6","50",7165,3.30265855789185,0.000460943273955596
"1608",-116.625,53.375,-116.375,53.125,"7","50",7219,0.812486946582794,0.000112548406508214
"1609",-116.625,53.125,-116.375,52.875,"8","50",7270,30.7426442354918,0.00422869934463435
"1610",-116.625,52.875,-116.375,52.625,"9","50",7320,134.865275915712,0.0184242180212721
"1611",-116.625,52.625,-116.375,52.375,"10","50",7376,475.52409376204,0.0644691016488666
"1612",-116.625,52.375,-116.375,52.125,"11","50",7430,12735.792919144,1.7141040268027
"1613",-116.625,52.125,-116.375,51.875,"12","50",7480,8503.90306927264,1.13688543706853
"1614",-116.625,51.875,-116.375,51.625,"13","50",7534,1247.05548966303,0.165523691221534
"1615",-116.625,51.625,-116.375,51.375,"14","50",7589,18988.0755824707,2.50205238930962
"1616",-116.625,51.375,-116.375,51.125,"15","50",7642,95910.1722281165,12.5504020188585
"1617",-116.625,51.125,-116.375,50.875,"16","50",7696,290404.584094765,37.7344833802969
"1618",-116.625,50.875,-116.375,50.625,"17","50",7751,95271.8623272199,12.2915575186711
"1619",-116.625,50.625,-116.375,50.375,"18","50",7803,21726.4050202388,2.78436563119811
"1620",-116.625,50.375,-116.375,50.125,"19","50",7860,32113.7040343918,4.08571298147478
"1621",-116.625,50.125,-116.375,49.875,"20","50",7915,24038.5585067449,3.03708888272204
"1622",-116.625,49.875,-116.375,49.625,"21","50",7971,109276.01948493,13.709198279379
"1623",-116.625,49.625,-116.375,49.375,"22","50",8025,42393.9060535105,5.28272972629414
"1624",-116.625,49.375,-116.375,49.125,"23","50",8082,198671.966926364,24.5820300577041
"1625",-116.625,49.125,-116.375,48.875,"24","50",4164,91384.2125938833,21.9462566267731
"1626",-116.625,48.875,-116.375,48.625,"25","50",0,0,
"1627",-116.625,48.625,-116.375,48.375,"26","50",0,0,
"1628",-116.625,48.375,-116.375,48.125,"27","50",0,0,
"1629",-116.625,48.125,-116.375,47.875,"28","50",0,0,
"1630",-116.625,47.875,-116.375,47.625,"29","50",0,0,
"1631",-116.625,47.625,-116.375,47.375,"30","50",0,0,
"1632",-116.625,47.375,-116.375,47.125,"31","50",0,0,
"1633",-116.375,55.125,-116.125,54.875,"0","51",6856,0,0
"1634",-116.375,54.875,-116.125,54.625,"1","51",6907,0,0
"1635",-116.375,54.625,-116.125,54.375,"2","51",6959,0,0
"1636",-116.375,54.375,-116.125,54.125,"3","51",7012,0,0
"1637",-116.375,54.125,-116.125,53.875,"4","51",7062,0,0
"1638",-116.375,53.875,-116.125,53.625,"5","51",7114,0,0
"1639",-116.375,53.625,-116.125,53.375,"6","51",7164,3.75863510370255,0.000524655932956804
"1640",-116.375,53.375,-116.125,53.125,"7","51",7218,22.8588364198804,0.00316692108892774
"1641",-116.375,53.125,-116.125,52.875,"8","51",7271,1.44116257876158,0.000198206928725289
"1642",-116.375,52.875,-116.125,52.625,"9","51",7323,143.380204766989,0.0195794353088883
"1643",-116.375,52.625,-116.125,52.375,"10","51",7373,1841.42010515556,0.249751811359766
"1644",-116.375,52.375,-116.125,52.125,"11","51",7428,10189.6770187672,1.37179281351201
"1645",-116.375,52.125,-116.125,51.875,"12","51",7482,2393.87749617081,0.31995154987581
"1646",-116.375,51.875,-116.125,51.625,"13","51",7536,181.288707843982,0.0240563571979806
"1647",-116.375,51.625,-116.125,51.375,"14","51",7588,3298.46297440305,0.434694646073149
"1648",-116.375,51.375,-116.125,51.125,"15","51",7640,13006.8124404056,1.70246236130963
"1649",-116.375,51.125,-116.125,50.875,"16","51",7697,98616.2083841963,12.8122915920744
"1650",-116.375,50.875,-116.125,50.625,"17","51",7752,330742.526033459,42.66544453476
"1651",-116.375,50.625,-116.125,50.375,"18","51",7805,186771.019550964,23.9296629789832
"1652",-116.375,50.375,-116.125,50.125,"19","51",7860,44161.901188287,5.61856249214847
"1653",-116.375,50.125,-116.125,49.875,"20","51",7914,25173.2045347225,3.18084464679334
"1654",-116.375,49.875,-116.125,49.625,"21","51",7970,86497.2218030822,10.8528509163215
"1655",-116.375,49.625,-116.125,49.375,"22","51",8028,115127.401605332,14.3407326364389
"1656",-116.375,49.375,-116.125,49.125,"23","51",8079,247027.675503697,30.5765163391134
"1657",-116.375,49.125,-116.125,48.875,"24","51",4142,136505.509755909,32.9564243737106
"1658",-116.375,48.875,-116.125,48.625,"25","51",0,0,
"1659",-116.375,48.625,-116.125,48.375,"26","51",0,0,
"1660",-116.375,48.375,-116.125,48.125,"27","51",0,0,
"1661",-116.375,48.125,-116.125,47.875,"28","51",0,0,
"1662",-116.375,47.875,-116.125,47.625,"29","51",0,0,
"1663",-116.375,47.625,-116.125,47.375,"30","51",0,0,
"1664",-116.375,47.375,-116.125,47.125,"31","51",0,0,
"1665",-116.125,55.125,-115.875,54.875,"0","52",6859,0,0
"1666",-116.125,54.875,-115.875,54.625,"1","52",6909,0,0
"1667",-116.125,54.625,-115.875,54.375,"2","52",6959,0,0
"1668",-116.125,54.375,-115.875,54.125,"3","52",7009,0,0
"1669",-116.125,54.125,-115.875,53.875,"4","52",7061,0,0
"1670",-116.125,53.875,-115.875,53.625,"5","52",7114,0,0
"1671",-116.125,53.625,-115.875,53.375,"6","52",7167,0.103541523218155,1.44469824498612e-05
"1672",-116.125,53.375,-115.875,53.125,"7","52",7217,0.800745137035847,0.00011095263087652
"1673",-116.125,53.125,-115.875,52.875,"8","52",7267,0.0925551429390907,1.27363620392309e-05
"1674",-116.125,52.875,-115.875,52.625,"9","52",7323,227.032317996025,0.0310026379893521
"1675",-116.125,52.625,-115.875,52.375,"10","52",7377,1336.01740284264,0.181105788646149
"1676",-116.125,52.375,-115.875,52.125,"11","52",7431,804.360236017033,0.108243875120042
"1677",-116.125,52.125,-115.875,51.875,"12","52",7477,73.0560797471553,0.0097707743409329
"1678",-116.125,51.875,-115.875,51.625,"13","52",7534,119.648786086589,0.0158811768100065
"1679",-116.125,51.625,-115.875,51.375,"14","52",7589,1240.13412660919,0.16341206043078
"1680",-116.125,51.375,-115.875,51.125,"15","52",7644,11372.1549955998,1.48772305018312
"1681",-116.125,51.125,-115.875,50.875,"16","52",7696,118098.720326708,15.3454678179194
"1682",-116.125,50.875,-115.875,50.625,"17","52",7748,218576.289458503,28.2106723617066
"1683",-116.125,50.625,-115.875,50.375,"18","52",7806,310641.549918536,39.7952280192847
"1684",-116.125,50.375,-115.875,50.125,"19","52",7863,243574.971315625,30.9773586818803
"1685",-116.125,50.125,-115.875,49.875,"20","52",7912,144875.504426803,18.3108574856929
"1686",-116.125,49.875,-115.875,49.625,"21","52",7970,185877.030981886,23.3220866978528
"1687",-116.125,49.625,-115.875,49.375,"22","52",8026,234879.067181315,29.2647728857856
"1688",-116.125,49.375,-115.875,49.125,"23","52",8082,196341.20069383,24.293640273921
"1689",-116.125,49.125,-115.875,48.875,"24","52",4135,120976.025317736,29.2565962074331
"1690",-116.125,48.875,-115.875,48.625,"25","52",0,0,
"1691",-116.125,48.625,-115.875,48.375,"26","52",0,0,
"1692",-116.125,48.375,-115.875,48.125,"27","52",0,0,
"1693",-116.125,48.125,-115.875,47.875,"28","52",0,0,
"1694",-116.125,47.875,-115.875,47.625,"29","52",0,0,
"1695",-116.125,47.625,-115.875,47.375,"30","52",0,0,
"1696",-116.125,47.375,-115.875,47.125,"31","52",0,0,
"1697",-115.875,55.125,-115.625,54.875,"0","53",6857,0,0
"1698",-115.875,54.875,-115.625,54.625,"1","53",6910,0,0
"1699",-115.875,54.625,-115.625,54.375,"2","53",6961,0,0
"1700",-115.875,54.375,-115.625,54.125,"3","53",7008,0,0
"1701",-115.875,54.125,-115.625,53.875,"4","53",7061,0,0
"1702",-115.875,53.875,-115.625,53.625,"5","53",7112,0,0
"1703",-115.875,53.625,-115.625,53.375,"6","53",7165,0,0
"1704",-115.875,53.375,-115.625,53.125,"7","53",7218,0.176712572574615,2.44822073392374e-05
"1705",-115.875,53.125,-115.625,52.875,"8","53",7272,14.1581565886736,0.00194694122506513
"1706",-115.875,52.875,-115.625,52.625,"9","53",7323,150.015944540501,0.0204855857627339
"1707",-115.875,52.625,-115.625,52.375,"10","53",7376,52.3981937617064,0.00710387659459142
"1708",-115.875,52.375,-115.625,52.125,"11","53",7425,483.436581460759,0.0651093039004389
"1709",-115.875,52.125,-115.625,51.875,"12","53",7482,487.157739080489,0.0651106307244706
"1710",-115.875,51.875,-115.625,51.625,"13","53",7534,184.030298313126,0.0244266390115644
"1711",-115.875,51.625,-115.625,51.375,"14","53",7587,811.083486158401,0.106904374081772
"1712",-115.875,51.375,-115.625,51.125,"15","53",7643,23506.7543716421,3.07559261698837
"1713",-115.875,51.125,-115.625,50.875,"16","53",7697,20423.6023820788,2.65344970534998
"1714",-115.875,50.875,-115.625,50.625,"17","53",7753,123519.658645743,15.9318533013985
"1715",-115.875,50.625,-115.625,50.375,"18","53",7806,276221.864922789,35.3858397287713
"1716",-115.875,50.375,-115.625,50.125,"19","53",7857,354679.204317121,45.1418104005499
"1717",-115.875,50.125,-115.625,49.875,"20","53",7915,437083.285039864,55.2221459304946
"1718",-115.875,49.875,-115.625,49.625,"21","53",7970,387158.115737468,48.5769279469847
"1719",-115.875,49.625,-115.625,49.375,"22","53",8024,351517.443367109,43.8082556539268
"1720",-115.875,49.375,-115.625,49.125,"23","53",8082,154489.120922166,19.115209220758
"1721",-115.875,49.125,-115.625,48.875,"24","53",4136,146866.553565644,35.5093214617127
"1722",-115.875,48.875,-115.625,48.625,"25","53",0,0,
"1723",-115.875,48.625,-115.625,48.375,"26","53",0,0,
"1724",-115.875,48.375,-115.625,48.125,"27","53",0,0,
"1725",-115.875,48.125,-115.625,47.875,"28","53",0,0,
"1726",-115.875,47.875,-115.625,47.625,"29","53",0,0,
"1727",-115.875,47.625,-115.625,47.375,"30","53",0,0,
"1728",-115.875,47.375,-115.625,47.125,"31","53",0,0,
"1729",-115.625,55.125,-115.375,54.875,"0","54",6861,0,0
"1730",-115.625,54.875,-115.375,54.625,"1","54",6901,0,0
"1731",-115.625,54.625,-115.375,54.375,"2","54",6955,0,0
"1732",-115.625,54.375,-115.375,54.125,"3","54",7019,0,0
"1733",-115.625,54.125,-115.375,53.875,"4","54",7053,0,0
"1734",-115.625,53.875,-115.375,53.625,"5","54",7132,0,0
"1735",-115.625,53.625,-115.375,53.375,"6","54",7146,2.25683236122131,0.000315817570839814
"1736",-115.625,53.375,-115.375,53.125,"7","54",7225,0,0
"1737",-115.625,53.125,-115.375,52.875,"8","54",7261,0.561982914805412,7.73974541806104e-05
"1738",-115.625,52.875,-115.375,52.625,"9","54",7340,0,0
"1739",-115.625,52.625,-115.375,52.375,"10","54",7356,0,0
"1740",-115.625,52.375,-115.375,52.125,"11","54",7437,322.749468311667,0.0433978039951146
"1741",-115.625,52.125,-115.375,51.875,"12","54",7479,614.778873503208,0.0822006783665207
"1742",-115.625,51.875,-115.375,51.625,"13","54",7547,729.275383509696,0.0966311625161913
"1743",-115.625,51.625,-115.375,51.375,"14","54",7592,576.839054752141,0.0759798544194074
"1744",-115.625,51.375,-115.375,51.125,"15","54",7638,40522.6223047376,5.3053970024532
"1745",-115.625,51.125,-115.375,50.875,"16","54",7695,17870.048741566,2.3222935336668
"1746",-115.625,50.875,-115.375,50.625,"17","54",7740,29950.965999186,3.86963385002404
"1747",-115.625,50.625,-115.375,50.375,"18","54",7805,171452.866462282,21.9670552802411
"1748",-115.625,50.375,-115.375,50.125,"19","54",7862,245896.325292912,31.276561344812
"1749",-115.625,50.125,-115.375,49.875,"20","54",7926,85851.2117811696,10.8315937145054
"1750",-115.625,49.875,-115.375,49.625,"21","54",7958,130461.883727551,16.3938029313333
"1751",-115.625,49.625,-115.375,49.375,"22","54",8022,277895.68900007,34.6416964597444
"1752",-115.625,49.375,-115.375,49.125,"23","54",8099,318740.847618676,39.3555806418911
"1753",-115.625,49.125,-115.375,48.875,"24","54",4142,96637.3163960469,23.3310759044053
"1754",-115.625,48.875,-115.375,48.625,"25","54",0,0,
"1755",-115.625,48.625,-115.375,48.375,"26","54",0,0,
"1756",-115.625,48.375,-115.375,48.125,"27","54",0,0,
"1757",-115.625,48.125,-115.375,47.875,"28","54",0,0,
"1758",-115.625,47.875,-115.375,47.625,"29","54",0,0,
"1759",-115.625,47.625,-115.375,47.375,"30","54",0,0,
"1760",-115.625,47.375,-115.375,47.125,"31","54",0,0,
"1761",-115.375,55.125,-115.125,54.875,"0","55",6863,0,0
"1762",-115.375,54.875,-115.125,54.625,"1","55",6901,0,0
"1763",-115.375,54.625,-115.125,54.375,"2","55",6969,0,0
"1764",-115.375,54.375,-115.125,54.125,"3","55",7005,0,0
"1765",-115.375,54.125,-115.125,53.875,"4","55",7066,0,0
"1766",-115.375,53.875,-115.125,53.625,"5","55",7107,0,0
"1767",-115.375,53.625,-115.125,53.375,"6","55",7170,0,0
"1768",-115.375,53.375,-115.125,53.125,"7","55",7213,0,0
"1769",-115.375,53.125,-115.125,52.875,"8","55",7271,0,0
"1770",-115.375,52.875,-115.125,52.625,"9","55",7320,0,0
"1771",-115.375,52.625,-115.125,52.375,"10","55",7378,0.199523508548737,2.70430345010486e-05
"1772",-115.375,52.375,-115.125,52.125,"11","55",7426,0.0916804298758507,1.23458698997914e-05
"1773",-115.375,52.125,-115.125,51.875,"12","55",7484,211.686569206417,0.0282852176919317
"1774",-115.375,51.875,-115.125,51.625,"13","55",7534,461.898963630199,0.0613085961813379
"1775",-115.375,51.625,-115.125,51.375,"14","55",7589,535.208484219387,0.0705242435392525
"1776",-115.375,51.375,-115.125,51.125,"15","55",7637,8843.88639916666,1.15803147822007
"1777",-115.375,51.125,-115.125,50.875,"16","55",7702,52673.5888613948,6.83894947564201
"1778",-115.375,50.875,-115.125,50.625,"17","55",7750,21730.3042488443,2.80391022565733
"1779",-115.375,50.625,-115.125,50.375,"18","55",7810,33171.1168546136,4.24726208125655
"1780",-115.375,50.375,-115.125,50.125,"19","55",7857,108291.584450548,13.7828158903587
"1781",-115.375,50.125,-115.125,49.875,"20","55",7915,54107.1495587314,6.83602647615052
"1782",-115.375,49.875,-115.125,49.625,"21","55",7966,217235.377207854,27.2703210152968
"1783",-115.375,49.625,-115.125,49.375,"22","55",8027,202788.07506429,25.2632459280292
"1784",-115.375,49.375,-115.125,49.125,"23","55",8078,359892.082943186,44.5521271283964
"1785",-115.375,49.125,-115.125,48.875,"24","55",4172,154422.151393786,37.0139384932373
"1786",-115.375,48.875,-115.125,48.625,"25","55",0,0,
"1787",-115.375,48.625,-115.125,48.375,"26","55",0,0,
"1788",-115.375,48.375,-115.125,48.125,"27","55",0,0,
"1789",-115.375,48.125,-115.125,47.875,"28","55",0,0,
"1790",-115.375,47.875,-115.125,47.625,"29","55",0,0,
"1791",-115.375,47.625,-115.125,47.375,"30","55",0,0,
"1792",-115.375,47.375,-115.125,47.125,"31","55",0,0,
"1793",-115.125,55.125,-114.875,54.875,"0","56",6859,0,0
"1794",-115.125,54.875,-114.875,54.625,"1","56",6907,0,0
"1795",-115.125,54.625,-114.875,54.375,"2","56",6957,0,0
"1796",-115.125,54.375,-114.875,54.125,"3","56",7009,0,0
"1797",-115.125,54.125,-114.875,53.875,"4","56",7063,0,0
"1798",-115.125,53.875,-114.875,53.625,"5","56",7116,0,0
"1799",-115.125,53.625,-114.875,53.375,"6","56",7164,0,0
"1800",-115.125,53.375,-114.875,53.125,"7","56",7217,0,0
"1801",-115.125,53.125,-114.875,52.875,"8","56",7271,0,0
"1802",-115.125,52.875,-114.875,52.625,"9","56",7323,0,0
"1803",-115.125,52.625,-114.875,52.375,"10","56",7375,0,0
"1804",-115.125,52.375,-114.875,52.125,"11","56",7426,0,0
"1805",-115.125,52.125,-114.875,51.875,"12","56",7481,0.074171170592308,9.91460641522631e-06
"1806",-115.125,51.875,-114.875,51.625,"13","56",7536,229.95963075757,0.030514812998616
"1807",-115.125,51.625,-114.875,51.375,"14","56",7589,2068.74861716479,0.272598315610066
"1808",-115.125,51.375,-114.875,51.125,"15","56",7642,26659.9813888371,3.48861311029012
"1809",-115.125,51.125,-114.875,50.875,"16","56",7698,42850.6498109438,5.56646529110727
"1810",-115.125,50.875,-114.875,50.625,"17","56",7747,5497.73206525017,0.709659489512091
"1811",-115.125,50.625,-114.875,50.375,"18","56",7806,23605.6201705607,3.02403537926732
"1812",-115.125,50.375,-114.875,50.125,"19","56",7859,69429.1594314361,8.8343503539173
"1813",-115.125,50.125,-114.875,49.875,"20","56",7914,111284.213773922,14.0616898880367
"1814",-115.125,49.875,-114.875,49.625,"21","56",7971,127692.843771964,16.0196767998952
"1815",-115.125,49.625,-114.875,49.375,"22","56",8027,158564.480459852,19.7538906764485
"1816",-115.125,49.375,-114.875,49.125,"23","56",8084,258431.270907274,31.9682423190591
"1817",-115.125,49.125,-114.875,48.875,"24","56",4168,105686.997666694,25.3567652751184
"1818",-115.125,48.875,-114.875,48.625,"25","56",0,0,
"1819",-115.125,48.625,-114.875,48.375,"26","56",0,0,
"1820",-115.125,48.375,-114.875,48.125,"27","56",0,0,
"1821",-115.125,48.125,-114.875,47.875,"28","56",0,0,
"1822",-115.125,47.875,-114.875,47.625,"29","56",0,0,
"1823",-115.125,47.625,-114.875,47.375,"30","56",0,0,
"1824",-115.125,47.375,-114.875,47.125,"31","56",0,0,
"1825",-114.875,55.125,-114.625,54.875,"0","57",6858,0,0
"1826",-114.875,54.875,-114.625,54.625,"1","57",6909,0,0
"1827",-114.875,54.625,-114.625,54.375,"2","57",6960,0,0
"1828",-114.875,54.375,-114.625,54.125,"3","57",7011,0,0
"1829",-114.875,54.125,-114.625,53.875,"4","57",7058,0,0
"1830",-114.875,53.875,-114.625,53.625,"5","57",7113,1.78907436132431,0.000251521771590652
"1831",-114.875,53.625,-114.625,53.375,"6","57",7167,0,0
"1832",-114.875,53.375,-114.625,53.125,"7","57",7218,0,0
"1833",-114.875,53.125,-114.625,52.875,"8","57",7271,2.91728299856186,0.000401221702456589
"1834",-114.875,52.875,-114.625,52.625,"9","57",7321,0,0
"1835",-114.875,52.625,-114.625,52.375,"10","57",7375,0,0
"1836",-114.875,52.375,-114.625,52.125,"11","57",7429,0,0
"1837",-114.875,52.125,-114.625,51.875,"12","57",7481,0,0
"1838",-114.875,51.875,-114.625,51.625,"13","57",7533,14.6107943356037,0.00193957179551357
"1839",-114.875,51.625,-114.625,51.375,"14","57",7589,3663.39033639431,0.482723723335658
"1840",-114.875,51.375,-114.625,51.125,"15","57",7642,9801.66439013928,1.28260460483372
"1841",-114.875,51.125,-114.625,50.875,"16","57",7694,18310.2349007539,2.37980697956251
"1842",-114.875,50.875,-114.625,50.625,"17","57",7754,12882.5860127183,1.66141166013906
"1843",-114.875,50.625,-114.625,50.375,"18","57",7804,20311.8316270551,2.602746236168
"1844",-114.875,50.375,-114.625,50.125,"19","57",7859,14425.4902180964,1.83553762795475
"1845",-114.875,50.125,-114.625,49.875,"20","57",7917,59890.7233048817,7.56482547743864
"1846",-114.875,49.875,-114.625,49.625,"21","57",7970,101357.517928472,12.7173799157431
"1847",-114.875,49.625,-114.625,49.375,"22","57",8025,85851.1096036183,10.6979575830054
"1848",-114.875,49.375,-114.625,49.125,"23","57",8082,73041.0885646595,9.03750167837905
"1849",-114.875,49.125,-114.625,48.875,"24","57",4146,49335.3745581532,11.8995114708522
"1850",-114.875,48.875,-114.625,48.625,"25","57",0,0,
"1851",-114.875,48.625,-114.625,48.375,"26","57",0,0,
"1852",-114.875,48.375,-114.625,48.125,"27","57",0,0,
"1853",-114.875,48.125,-114.625,47.875,"28","57",0,0,
"1854",-114.875,47.875,-114.625,47.625,"29","57",0,0,
"1855",-114.875,47.625,-114.625,47.375,"30","57",0,0,
"1856",-114.875,47.375,-114.625,47.125,"31","57",0,0,
"1857",-114.625,55.125,-114.375,54.875,"0","58",6855,0,0
"1858",-114.625,54.875,-114.375,54.625,"1","58",6908,0,0
"1859",-114.625,54.625,-114.375,54.375,"2","58",6959,0,0
"1860",-114.625,54.375,-114.375,54.125,"3","58",7011,0,0
"1861",-114.625,54.125,-114.375,53.875,"4","58",7062,0,0
"1862",-114.625,53.875,-114.375,53.625,"5","58",7112,2.48193091154099,0.000348977912196426
"1863",-114.625,53.625,-114.375,53.375,"6","58",7166,2.28270053863525,0.000318545986412958
"1864",-114.625,53.375,-114.375,53.125,"7","58",7217,0,0
"1865",-114.625,53.125,-114.375,52.875,"8","58",7271,0,0
"1866",-114.625,52.875,-114.375,52.625,"9","58",7321,0,0
"1867",-114.625,52.625,-114.375,52.375,"10","58",7376,0,0
"1868",-114.625,52.375,-114.375,52.125,"11","58",7429,0,0
"1869",-114.625,52.125,-114.375,51.875,"12","58",7481,0,0
"1870",-114.625,51.875,-114.375,51.625,"13","58",7535,5.3103825673461,0.000704762119090391
"1871",-114.625,51.625,-114.375,51.375,"14","58",7589,285.383688226342,0.0376049134571541
"1872",-114.625,51.375,-114.375,51.125,"15","58",7642,834.231846868992,0.109164073131247
"1873",-114.625,51.125,-114.375,50.875,"16","58",7698,9876.38578512147,1.28298074631352
"1874",-114.625,50.875,-114.375,50.625,"17","58",7747,26435.9604389928,3.41241260345848
"1875",-114.625,50.625,-114.375,50.375,"18","58",7807,34480.5480546858,4.41661945109335
"1876",-114.625,50.375,-114.375,50.125,"19","58",7860,24612.5992486775,3.13137395021342
"1877",-114.625,50.125,-114.375,49.875,"20","58",7915,25075.1756417658,3.16805756686871
"1878",-114.625,49.875,-114.375,49.625,"21","58",7970,50218.338618197,6.30092078020038
"1879",-114.625,49.625,-114.375,49.375,"22","58",8026,105048.382442198,13.088510147296
"1880",-114.625,49.375,-114.375,49.125,"23","58",8080,112080.451345373,13.8713429882888
"1881",-114.625,49.125,-114.375,48.875,"24","58",4132,114238.75079684,27.647325943088
"1882",-114.625,48.875,-114.375,48.625,"25","58",0,0,
"1883",-114.625,48.625,-114.375,48.375,"26","58",0,0,
"1884",-114.625,48.375,-114.375,48.125,"27","58",0,0,
"1885",-114.625,48.125,-114.375,47.875,"28","58",0,0,
"1886",-114.625,47.875,-114.375,47.625,"29","58",0,0,
"1887",-114.625,47.625,-114.375,47.375,"30","58",0,0,
"1888",-114.625,47.375,-114.375,47.125,"31","58",0,0,
"1889",-114.375,55.125,-114.125,54.875,"0","59",6855,0,0
"1890",-114.375,54.875,-114.125,54.625,"1","59",6907,0,0
"1891",-114.375,54.625,-114.125,54.375,"2","59",6959,0,0
"1892",-114.375,54.375,-114.125,54.125,"3","59",7009,0,0
"1893",-114.375,54.125,-114.125,53.875,"4","59",7066,0,0
"1894",-114.375,53.875,-114.125,53.625,"5","59",7112,0.972427666187286,0.000136730549238932
"1895",-114.375,53.625,-114.125,53.375,"6","59",7167,0,0
"1896",-114.375,53.375,-114.125,53.125,"7","59",7218,0,0
"1897",-114.375,53.125,-114.125,52.875,"8","59",7269,0,0
"1898",-114.375,52.875,-114.125,52.625,"9","59",7321,0,0
"1899",-114.375,52.625,-114.125,52.375,"10","59",7376,0,0
"1900",-114.375,52.375,-114.125,52.125,"11","59",7427,0,0
"1901",-114.375,52.125,-114.125,51.875,"12","59",7484,1.60264794528484,0.000214143231598723
"1902",-114.375,51.875,-114.125,51.625,"13","59",7534,19.7448834478855,0.00262077030102011
"1903",-114.375,51.625,-114.125,51.375,"14","59",7587,176.462641514838,0.0232585529873254
"1904",-114.375,51.375,-114.125,51.125,"15","59",7644,495.33639677614,0.0648006798503584
"1905",-114.375,51.125,-114.125,50.875,"16","59",7694,2213.51385666826,0.287693508794939
"1906",-114.375,50.875,-114.125,50.625,"17","59",7753,1635.54831527174,0.210956831584127
"1907",-114.375,50.625,-114.125,50.375,"18","59",7803,1147.85783480108,0.14710468214803
"1908",-114.375,50.375,-114.125,50.125,"19","59",7860,16836.0131496564,2.1419864058087
"1909",-114.375,50.125,-114.125,49.875,"20","59",7918,35255.3737447476,4.45256046283753
"1910",-114.375,49.875,-114.125,49.625,"21","59",7969,17176.342265065,2.15539493851989
"1911",-114.375,49.625,-114.125,49.375,"22","59",8026,67331.3071649517,8.38914866246595
"1912",-114.375,49.375,-114.125,49.125,"23","59",8078,87577.622449405,10.8414981987379
"1913",-114.375,49.125,-114.125,48.875,"24","59",4148,40516.344503819,9.76768189580979
"1914",-114.375,48.875,-114.125,48.625,"25","59",0,0,
"1915",-114.375,48.625,-114.125,48.375,"26","59",0,0,
"1916",-114.375,48.375,-114.125,48.125,"27","59",0,0,
"1917",-114.375,48.125,-114.125,47.875,"28","59",0,0,
"1918",-114.375,47.875,-114.125,47.625,"29","59",0,0,
"1919",-114.375,47.625,-114.125,47.375,"30","59",0,0,
"1920",-114.375,47.375,-114.125,47.125,"31","59",0,0,
"1921",-114.125,55.125,-113.875,54.875,"0","60",6854,0,0
"1922",-114.125,54.875,-113.875,54.625,"1","60",6912,0,0
"1923",-114.125,54.625,-113.875,54.375,"2","60",6957,0,0
"1924",-114.125,54.375,-113.875,54.125,"3","60",7010,0,0
"1925",-114.125,54.125,-113.875,53.875,"4","60",7061,0,0
"1926",-114.125,53.875,-113.875,53.625,"5","60",7113,0,0
"1927",-114.125,53.625,-113.875,53.375,"6","60",7164,0.156779184937477,2.18843083385646e-05
"1928",-114.125,53.375,-113.875,53.125,"7","60",7220,0,0
"1929",-114.125,53.125,-113.875,52.875,"8","60",7272,0,0
"1930",-114.125,52.875,-113.875,52.625,"9","60",7322,0,0
"1931",-114.125,52.625,-113.875,52.375,"10","60",7375,0,0
"1932",-114.125,52.375,-113.875,52.125,"11","60",7426,1.17476332187653,0.000158195976552185
"1933",-114.125,52.125,-113.875,51.875,"12","60",7484,2.64981435239315,0.000354063916674659
"1934",-114.125,51.875,-113.875,51.625,"13","60",7531,52.2786568775773,0.00694179483170592
"1935",-114.125,51.625,-113.875,51.375,"14","60",7590,556.806158989668,0.0733604952555557
"1936",-114.125,51.375,-113.875,51.125,"15","60",7641,447.57928917557,0.0585760095767007
"1937",-114.125,51.125,-113.875,50.875,"16","60",7696,1241.83736379817,0.161361403819929
"1938",-114.125,50.875,-113.875,50.625,"17","60",7750,401.203712819377,0.0517682210089519
"1939",-114.125,50.625,-113.875,50.375,"18","60",7805,140.643688812852,0.0180196910714737
"1940",-114.125,50.375,-113.875,50.125,"19","60",7861,1062.08908195049,0.13510864800286
"1941",-114.125,50.125,-113.875,49.875,"20","60",7912,29272.9064310903,3.69981122738755
"1942",-114.125,49.875,-113.875,49.625,"21","60",7973,26713.5249459457,3.35049855085234
"1943",-114.125,49.625,-113.875,49.375,"22","60",8026,5548.14457869995,0.691271440156984
"1944",-114.125,49.375,-113.875,49.125,"23","60",8083,23695.9731414823,2.93158148478068
"1945",-114.125,49.125,-113.875,48.875,"24","60",4200,34315.2476077061,8.17029704945384
"1946",-114.125,48.875,-113.875,48.625,"25","60",0,0,
"1947",-114.125,48.625,-113.875,48.375,"26","60",0,0,
"1948",-114.125,48.375,-113.875,48.125,"27","60",0,0,
"1949",-114.125,48.125,-113.875,47.875,"28","60",0,0,
"1950",-114.125,47.875,-113.875,47.625,"29","60",0,0,
"1951",-114.125,47.625,-113.875,47.375,"30","60",0,0,
"1952",-114.125,47.375,-113.875,47.125,"31","60",0,0,
"1953",-113.875,55.125,-113.625,54.875,"0","61",6858,0,0
"1954",-113.875,54.875,-113.625,54.625,"1","61",6906,0,0
"1955",-113.875,54.625,-113.625,54.375,"2","61",6961,0,0
"1956",-113.875,54.375,-113.625,54.125,"3","61",7011,0,0
"1957",-113.875,54.125,-113.625,53.875,"4","61",7060,0,0
"1958",-113.875,53.875,-113.625,53.625,"5","61",7115,0,0
"1959",-113.875,53.625,-113.625,53.375,"6","61",7165,0.156779184937477,2.18812540038349e-05
"1960",-113.875,53.375,-113.625,53.125,"7","61",7217,0,0
"1961",-113.875,53.125,-113.625,52.875,"8","61",7271,0,0
"1962",-113.875,52.875,-113.625,52.625,"9","61",7322,0.531861387193203,7.26388127824642e-05
"1963",-113.875,52.625,-113.625,52.375,"10","61",7373,13.1603897511959,0.00178494367980414
"1964",-113.875,52.375,-113.625,52.125,"11","61",7428,9.00174768269062,0.00121186694705043
"1965",-113.875,52.125,-113.625,51.875,"12","61",7483,5.96604336798191,0.000797279616194295
"1966",-113.875,51.875,-113.625,51.625,"13","61",7534,72.7169172912836,0.00965183399141009
"1967",-113.875,51.625,-113.625,51.375,"14","61",7589,377.600081771612,0.049756236891766
"1968",-113.875,51.375,-113.625,51.125,"15","61",7642,130.166319772601,0.0170330175049203
"1969",-113.875,51.125,-113.625,50.875,"16","61",7696,483.804574842099,0.0628644198079651
"1970",-113.875,50.875,-113.625,50.625,"17","61",7751,259.519929205067,0.0334821222042404
"1971",-113.875,50.625,-113.625,50.375,"18","61",7805,43.9038017690182,0.00562508670967561
"1972",-113.875,50.375,-113.625,50.125,"19","61",7861,33.0453653037548,0.00420371012641583
"1973",-113.875,50.125,-113.625,49.875,"20","61",7914,59.68175137043,0.00754128776477508
"1974",-113.875,49.875,-113.625,49.625,"21","61",7970,814.176440634532,0.102155136842476
"1975",-113.875,49.625,-113.625,49.375,"22","61",8024,705.21887001174,0.0878886926734472
"1976",-113.875,49.375,-113.625,49.125,"23","61",8082,1487.44337246637,0.184043970857012
"1977",-113.875,49.125,-113.625,48.875,"24","61",4233,24659.269808857,5.82548306375077
"1978",-113.875,48.875,-113.625,48.625,"25","61",0,0,
"1979",-113.875,48.625,-113.625,48.375,"26","61",0,0,
"1980",-113.875,48.375,-113.625,48.125,"27","61",0,0,
"1981",-113.875,48.125,-113.625,47.875,"28","61",0,0,
"1982",-113.875,47.875,-113.625,47.625,"29","61",0,0,
"1983",-113.875,47.625,-113.625,47.375,"30","61",0,0,
"1984",-113.875,47.375,-113.625,47.125,"31","61",0,0,
"1985",-113.625,55.125,-113.375,54.875,"0","62",6856,0,0
"1986",-113.625,54.875,-113.375,54.625,"1","62",6908,1.86918187141418,0.000270582204894931
"1987",-113.625,54.625,-113.375,54.375,"2","62",6957,0,0
"1988",-113.625,54.375,-113.375,54.125,"3","62",7012,0,0
"1989",-113.625,54.125,-113.375,53.875,"4","62",7061,0,0
"1990",-113.625,53.875,-113.375,53.625,"5","62",7114,0,0
"1991",-113.625,53.625,-113.375,53.375,"6","62",7164,0,0
"1992",-113.625,53.375,-113.375,53.125,"7","62",7217,0.252987757325172,3.50544211341516e-05
"1993",-113.625,53.125,-113.375,52.875,"8","62",7271,0,0
"1994",-113.625,52.875,-113.375,52.625,"9","62",7321,5.92468050122261,0.000809272025846552
"1995",-113.625,52.625,-113.375,52.375,"10","62",7376,10.3479762226343,0.00140292519287342
"1996",-113.625,52.375,-113.375,52.125,"11","62",7431,34.8045700639486,0.00468369937612012
"1997",-113.625,52.125,-113.375,51.875,"12","62",7477,13.1451373249292,0.00175807641098425
"1998",-113.625,51.875,-113.375,51.625,"13","62",7537,60.0728690475225,0.00797039525640474
"1999",-113.625,51.625,-113.375,51.375,"14","62",7588,445.249610778177,0.0586781247730861
"2000",-113.625,51.375,-113.375,51.125,"15","62",7645,385.104580502841,0.0503733918250936
"2001",-113.625,51.125,-113.375,50.875,"16","62",7696,444.050645345356,0.0576988884284507
"2002",-113.625,50.875,-113.375,50.625,"17","62",7749,202.660819614306,0.026153157777043
"2003",-113.625,50.625,-113.375,50.375,"18","62",7805,561.739302173257,0.0719717235327683
"2004",-113.625,50.375,-113.375,50.125,"19","62",7858,111.546534270048,0.0141952830580362
"2005",-113.625,50.125,-113.375,49.875,"20","62",7914,35.5638603419065,0.00449379079377136
"2006",-113.625,49.875,-113.375,49.625,"21","62",7971,481.128387883306,0.0603598529523655
"2007",-113.625,49.625,-113.375,49.375,"22","62",8026,586.160732081393,0.0730327351210307
"2008",-113.625,49.375,-113.375,49.125,"23","62",8081,1366.70919056237,0.16912624558376
"2009",-113.625,49.125,-113.375,48.875,"24","62",4229,7859.26189564168,1.85842087861
"2010",-113.625,48.875,-113.375,48.625,"25","62",0,0,
"2011",-113.625,48.625,-113.375,48.375,"26","62",0,0,
"2012",-113.625,48.375,-113.375,48.125,"27","62",0,0,
"2013",-113.625,48.125,-113.375,47.875,"28","62",0,0,
"2014",-113.625,47.875,-113.375,47.625,"29","62",0,0,
"2015",-113.625,47.625,-113.375,47.375,"30","62",0,0,
"2016",-113.625,47.375,-113.375,47.125,"31","62",0,0,
"2017",-113.375,55.125,-113.125,54.875,"0","63",6855,0,0
"2018",-113.375,54.875,-113.125,54.625,"1","63",6909,0,0
"2019",-113.375,54.625,-113.125,54.375,"2","63",6958,0,0
"2020",-113.375,54.375,-113.125,54.125,"3","63",7010,0,0
"2021",-113.375,54.125,-113.125,53.875,"4","63",7063,0,0
"2022",-113.375,53.875,-113.125,53.625,"5","63",7113,0,0
"2023",-113.375,53.625,-113.125,53.375,"6","63",7166,0,0
"2024",-113.375,53.375,-113.125,53.125,"7","63",7217,0,0
"2025",-113.375,53.125,-113.125,52.875,"8","63",7268,0.111947618424892,1.54028093595064e-05
"2026",-113.375,52.875,-113.125,52.625,"9","63",7323,5.13324332237244,0.000700975463931782
"2027",-113.375,52.625,-113.125,52.375,"10","63",7374,30.3292775005102,0.00411300210204912
"2028",-113.375,52.375,-113.125,52.125,"11","63",7427,124.896034479141,0.0168164850517223
"2029",-113.375,52.125,-113.125,51.875,"12","63",7483,21.5202494263649,0.0028758852634458
"2030",-113.375,51.875,-113.125,51.625,"13","63",7532,34.7666727600154,0.00461586202336901
"2031",-113.375,51.625,-113.125,51.375,"14","63",7589,505.822579540079,0.0666520726762524
"2032",-113.375,51.375,-113.125,51.125,"15","63",7641,518.445024167188,0.067850415412536
"2033",-113.375,51.125,-113.125,50.875,"16","63",7695,2749.87562013383,0.357358755053129
"2034",-113.375,50.875,-113.125,50.625,"17","63",7751,1466.84320442379,0.189245672096992
"2035",-113.375,50.625,-113.125,50.375,"18","63",7804,131.954456537962,0.0169085669577091
"2036",-113.375,50.375,-113.125,50.125,"19","63",7860,57.4774576891214,0.00731265365001544
"2037",-113.375,50.125,-113.125,49.875,"20","63",7915,154.375339212827,0.0195041489845644
"2038",-113.375,49.875,-113.125,49.625,"21","63",7968,349.022383308504,0.0438030099533765
"2039",-113.375,49.625,-113.125,49.375,"22","63",8027,2413.07913980773,0.300620298966952
"2040",-113.375,49.375,-113.125,49.125,"23","63",8080,3064.14323187817,0.379225647509675
"2041",-113.375,49.125,-113.125,48.875,"24","63",4220,918.864092184231,0.217740306204794
"2042",-113.375,48.875,-113.125,48.625,"25","63",0,0,
"2043",-113.375,48.625,-113.125,48.375,"26","63",0,0,
"2044",-113.375,48.375,-113.125,48.125,"27","63",0,0,
"2045",-113.375,48.125,-113.125,47.875,"28","63",0,0,
"2046",-113.375,47.875,-113.125,47.625,"29","63",0,0,
"2047",-113.375,47.625,-113.125,47.375,"30","63",0,0,
"2048",-113.375,47.375,-113.125,47.125,"31","63",0,0,
"2049",-113.125,55.125,-112.875,54.875,"0","64",6858,0,0
"2050",-113.125,54.875,-112.875,54.625,"1","64",6909,77.4098677635193,0.0112042072316572
"2051",-113.125,54.625,-112.875,54.375,"2","64",6960,0,0
"2052",-113.125,54.375,-112.875,54.125,"3","64",7010,0,0
"2053",-113.125,54.125,-112.875,53.875,"4","64",7062,0,0
"2054",-113.125,53.875,-112.875,53.625,"5","64",7115,0,0
"2055",-113.125,53.625,-112.875,53.375,"6","64",7165,0,0
"2056",-113.125,53.375,-112.875,53.125,"7","64",7218,0,0
"2057",-113.125,53.125,-112.875,52.875,"8","64",7270,0,0
"2058",-113.125,52.875,-112.875,52.625,"9","64",7322,0.111947618424892,1.52892131145715e-05
"2059",-113.125,52.625,-112.875,52.375,"10","64",7376,65.5349450856447,0.00888488951811886
"2060",-113.125,52.375,-112.875,52.125,"11","64",7427,317.487582013011,0.0427477557577772
"2061",-113.125,52.125,-112.875,51.875,"12","64",7482,1461.61221092963,0.195350469250151
"2062",-113.125,51.875,-112.875,51.625,"13","64",7536,1622.37813335937,0.215283722579534
"2063",-113.125,51.625,-112.875,51.375,"14","64",7589,2259.51455760747,0.297735479985172
"2064",-113.125,51.375,-112.875,51.125,"15","64",7642,1698.20056453388,0.222219388188155
"2065",-113.125,51.125,-112.875,50.875,"16","64",7697,3941.36083257687,0.512064548860189
"2066",-113.125,50.875,-112.875,50.625,"17","64",7752,2583.24248781055,0.333235615042641
"2067",-113.125,50.625,-112.875,50.375,"18","64",7806,1110.0818374157,0.142208792904906
"2068",-113.125,50.375,-112.875,50.125,"19","64",7859,625.467739662156,0.079586173770474
"2069",-113.125,50.125,-112.875,49.875,"20","64",7917,1445.19705289882,0.182543520638982
"2070",-113.125,49.875,-112.875,49.625,"21","64",7969,1941.68975492241,0.243655383978217
"2071",-113.125,49.625,-112.875,49.375,"22","64",8026,2678.13704370218,0.333682661811884
"2072",-113.125,49.375,-112.875,49.125,"23","64",8083,2415.47980449523,0.298834566930005
"2073",-113.125,49.125,-112.875,48.875,"24","64",4213,1179.45112407499,0.279955168306429
"2074",-113.125,48.875,-112.875,48.625,"25","64",0,0,
"2075",-113.125,48.625,-112.875,48.375,"26","64",0,0,
"2076",-113.125,48.375,-112.875,48.125,"27","64",0,0,
"2077",-113.125,48.125,-112.875,47.875,"28","64",0,0,
"2078",-113.125,47.875,-112.875,47.625,"29","64",0,0,
"2079",-113.125,47.625,-112.875,47.375,"30","64",0,0,
"2080",-113.125,47.375,-112.875,47.125,"31","64",0,0,
"2081",-112.875,55.125,-112.625,54.875,"0","65",6856,0,0
"2082",-112.875,54.875,-112.625,54.625,"1","65",6911,0,0
"2083",-112.875,54.625,-112.625,54.375,"2","65",6959,0,0
"2084",-112.875,54.375,-112.625,54.125,"3","65",7006,0,0
"2085",-112.875,54.125,-112.625,53.875,"4","65",7061,0,0
"2086",-112.875,53.875,-112.625,53.625,"5","65",7118,0,0
"2087",-112.875,53.625,-112.625,53.375,"6","65",7165,0,0
"2088",-112.875,53.375,-112.625,53.125,"7","65",7219,0,0
"2089",-112.875,53.125,-112.625,52.875,"8","65",7271,0.107324093580246,1.47605685023031e-05
"2090",-112.875,52.875,-112.625,52.625,"9","65",7321,1.20297354459763,0.0001643182003275
"2091",-112.875,52.625,-112.625,52.375,"10","65",7378,29.4842239022255,0.00399623528086548
"2092",-112.875,52.375,-112.625,52.125,"11","65",7428,104.732411891222,0.0140996784990875
"2093",-112.875,52.125,-112.625,51.875,"12","65",7477,28.3640096860472,0.0037935013623174
"2094",-112.875,51.875,-112.625,51.625,"13","65",7533,943.789209341165,0.125287297138081
"2095",-112.875,51.625,-112.625,51.375,"14","65",7591,6560.95699231024,0.864307336623665
"2096",-112.875,51.375,-112.625,51.125,"15","65",7641,2996.02922609053,0.392099100391379
"2097",-112.875,51.125,-112.625,50.875,"16","65",7698,5728.36338184774,0.744136578572063
"2098",-112.875,50.875,-112.625,50.625,"17","65",7750,2646.8376227573,0.341527435194491
"2099",-112.875,50.625,-112.625,50.375,"18","65",7803,1593.26890117605,0.204186710390369
"2100",-112.875,50.375,-112.625,50.125,"19","65",7860,2930.9812646606,0.372898379727812
"2101",-112.875,50.125,-112.625,49.875,"20","65",7914,2460.2007086724,0.310866907843367
"2102",-112.875,49.875,-112.625,49.625,"21","65",7972,6658.55805870262,0.835243108216586
"2103",-112.875,49.625,-112.625,49.375,"22","65",8028,5010.16515824897,0.624086342582084
"2104",-112.875,49.375,-112.625,49.125,"23","65",8080,1740.43167223025,0.215399959434436
"2105",-112.875,49.125,-112.625,48.875,"24","65",4205,1109.71787334373,0.263904369403979
"2106",-112.875,48.875,-112.625,48.625,"25","65",0,0,
"2107",-112.875,48.625,-112.625,48.375,"26","65",0,0,
"2108",-112.875,48.375,-112.625,48.125,"27","65",0,0,
"2109",-112.875,48.125,-112.625,47.875,"28","65",0,0,
"2110",-112.875,47.875,-112.625,47.625,"29","65",0,0,
"2111",-112.875,47.625,-112.625,47.375,"30","65",0,0,
"2112",-112.875,47.375,-112.625,47.125,"31","65",0,0,
"2113",-112.625,55.125,-112.375,54.875,"0","66",6857,0,0
"2114",-112.625,54.875,-112.375,54.625,"1","66",6908,0.828980267047882,0.000120002933851749
"2115",-112.625,54.625,-112.375,54.375,"2","66",6959,0,0
"2116",-112.625,54.375,-112.375,54.125,"3","66",7007,0,0
"2117",-112.625,54.125,-112.375,53.875,"4","66",7064,0,0
"2118",-112.625,53.875,-112.375,53.625,"5","66",7112,0,0
"2119",-112.625,53.625,-112.375,53.375,"6","66",7167,0,0
"2120",-112.625,53.375,-112.375,53.125,"7","66",7215,0,0
"2121",-112.625,53.125,-112.375,52.875,"8","66",7271,0,0
"2122",-112.625,52.875,-112.375,52.625,"9","66",7321,7.04202197492123,0.000961893453752387
"2123",-112.625,52.625,-112.375,52.375,"10","66",7376,3.99036237597466,0.000540992729931488
"2124",-112.625,52.375,-112.375,52.125,"11","66",7430,29.8113407120109,0.00401229350094359
"2125",-112.625,52.125,-112.375,51.875,"12","66",7480,47.2225625704741,0.00631317681423451
"2126",-112.625,51.875,-112.375,51.625,"13","66",7535,842.959782722872,0.111872565723009
"2127",-112.625,51.625,-112.375,51.375,"14","66",7588,4802.68766030879,0.632931953124511
"2128",-112.625,51.375,-112.375,51.125,"15","66",7642,2076.0535871273,0.271663646575151
"2129",-112.625,51.125,-112.375,50.875,"16","66",7695,2081.76726949279,0.270535057763845
"2130",-112.625,50.875,-112.375,50.625,"17","66",7752,1676.41383884475,0.216255655165731
"2131",-112.625,50.625,-112.375,50.375,"18","66",7804,691.711697403807,0.0886355327272946
"2132",-112.625,50.375,-112.375,50.125,"19","66",7860,2812.57769723237,0.357834312624983
"2133",-112.625,50.125,-112.375,49.875,"20","66",7916,1690.08675852418,0.2135026223502
"2134",-112.625,49.875,-112.375,49.625,"21","66",7970,8686.53770710784,1.08990435471868
"2135",-112.625,49.625,-112.375,49.375,"22","66",8027,3302.29157907423,0.411397979204463
"2136",-112.625,49.375,-112.375,49.125,"23","66",8080,2899.68092928198,0.358871402138859
"2137",-112.625,49.125,-112.375,48.875,"24","66",4207,316.41300132405,0.0752110770915261
"2138",-112.625,48.875,-112.375,48.625,"25","66",0,0,
"2139",-112.625,48.625,-112.375,48.375,"26","66",0,0,
"2140",-112.625,48.375,-112.375,48.125,"27","66",0,0,
"2141",-112.625,48.125,-112.375,47.875,"28","66",0,0,
"2142",-112.625,47.875,-112.375,47.625,"29","66",0,0,
"2143",-112.625,47.625,-112.375,47.375,"30","66",0,0,
"2144",-112.625,47.375,-112.375,47.125,"31","66",0,0,
"2145",-112.375,55.125,-112.125,54.875,"0","67",6856,3.26317071914673,0.000475958389607166
"2146",-112.375,54.875,-112.125,54.625,"1","67",6908,0.614407360553741,8.89414245155966e-05
"2147",-112.375,54.625,-112.125,54.375,"2","67",6956,0,0
"2148",-112.375,54.375,-112.125,54.125,"3","67",7012,0,0
"2149",-112.375,54.125,-112.125,53.875,"4","67",7064,0,0
"2150",-112.375,53.875,-112.125,53.625,"5","67",7112,0,0
"2151",-112.375,53.625,-112.125,53.375,"6","67",7163,0,0
"2152",-112.375,53.375,-112.125,53.125,"7","67",7221,0,0
"2153",-112.375,53.125,-112.125,52.875,"8","67",7268,0,0
"2154",-112.375,52.875,-112.125,52.625,"9","67",7325,1.20592074841261,0.000164630818895919
"2155",-112.375,52.625,-112.125,52.375,"10","67",7372,44.8692924493225,0.00608644770066773
"2156",-112.375,52.375,-112.125,52.125,"11","67",7428,32.7167593498016,0.00440451795231578
"2157",-112.375,52.125,-112.125,51.875,"12","67",7482,98.3874036292545,0.0131498801963719
"2158",-112.375,51.875,-112.125,51.625,"13","67",7536,516.429148885887,0.06852828408783
"2159",-112.375,51.625,-112.125,51.375,"14","67",7586,1081.17630155128,0.142522581274886
"2160",-112.375,51.375,-112.125,51.125,"15","67",7643,541.618207500665,0.0708646091195428
"2161",-112.375,51.125,-112.125,50.875,"16","67",7696,3158.50686782401,0.410408896546778
"2162",-112.375,50.875,-112.125,50.625,"17","67",7752,5356.60464230785,0.690996470885946
"2163",-112.375,50.625,-112.125,50.375,"18","67",7805,1498.15361814713,0.191947933138646
"2164",-112.375,50.375,-112.125,50.125,"19","67",7859,3193.6182797167,0.406364458546469
"2165",-112.375,50.125,-112.125,49.875,"20","67",7915,1906.37010901514,0.240855351739121
"2166",-112.375,49.875,-112.125,49.625,"21","67",7971,4248.33572091348,0.532973995849139
"2167",-112.375,49.625,-112.125,49.375,"22","67",8027,1498.98140991759,0.186742420570274
"2168",-112.375,49.375,-112.125,49.125,"23","67",8078,754.103276844718,0.0933527205799354
"2169",-112.375,49.125,-112.125,48.875,"24","67",4208,63.3743548593484,0.0150604455464231
"2170",-112.375,48.875,-112.125,48.625,"25","67",0,0,
"2171",-112.375,48.625,-112.125,48.375,"26","67",0,0,
"2172",-112.375,48.375,-112.125,48.125,"27","67",0,0,
"2173",-112.375,48.125,-112.125,47.875,"28","67",0,0,
"2174",-112.375,47.875,-112.125,47.625,"29","67",0,0,
"2175",-112.375,47.625,-112.125,47.375,"30","67",0,0,
"2176",-112.375,47.375,-112.125,47.125,"31","67",0,0,
"2177",-112.125,55.125,-111.875,54.875,"0","68",6857,13.8572416305542,0.00202088983966081
"2178",-112.125,54.875,-111.875,54.625,"1","68",6909,50.1186748147011,0.0072541141720511
"2179",-112.125,54.625,-111.875,54.375,"2","68",6959,0,0
"2180",-112.125,54.375,-111.875,54.125,"3","68",7011,0,0
"2181",-112.125,54.125,-111.875,53.875,"4","68",7059,0,0
"2182",-112.125,53.875,-111.875,53.625,"5","68",7113,0,0
"2183",-112.125,53.625,-111.875,53.375,"6","68",7168,0,0
"2184",-112.125,53.375,-111.875,53.125,"7","68",7220,0,0
"2185",-112.125,53.125,-111.875,52.875,"8","68",7268,0,0
"2186",-112.125,52.875,-111.875,52.625,"9","68",7321,0,0
"2187",-112.125,52.625,-111.875,52.375,"10","68",7376,31.6006222800352,0.0042842492245167
"2188",-112.125,52.375,-111.875,52.125,"11","68",7429,56.7797848584596,0.00764299163527522
"2189",-112.125,52.125,-111.875,51.875,"12","68",7482,2124.52229440492,0.283951121946661
"2190",-112.125,51.875,-111.875,51.625,"13","68",7532,956.330312985112,0.126968974108485
"2191",-112.125,51.625,-111.875,51.375,"14","68",7591,369.871216902102,0.0487249659994865
"2192",-112.125,51.375,-111.875,51.125,"15","68",7642,545.346096586203,0.0713616980615288
"2193",-112.125,51.125,-111.875,50.875,"16","68",7696,8267.59084671841,1.07427115991663
"2194",-112.125,50.875,-111.875,50.625,"17","68",7750,6808.15879909042,0.878472103108442
"2195",-112.125,50.625,-111.875,50.375,"18","68",7805,8624.39610132412,1.1049834851152
"2196",-112.125,50.375,-111.875,50.125,"19","68",7861,5343.28666960821,0.679720985829819
"2197",-112.125,50.125,-111.875,49.875,"20","68",7913,4329.09081098367,0.547085910651292
"2198",-112.125,49.875,-111.875,49.625,"21","68",7971,6228.48595429026,0.781393294980587
"2199",-112.125,49.625,-111.875,49.375,"22","68",8023,521.397099083988,0.0649877974677786
"2200",-112.125,49.375,-111.875,49.125,"23","68",8084,1072.13011387829,0.132623715224924
"2201",-112.125,49.125,-111.875,48.875,"24","68",4208,55.667961668456,0.0132290783432643
"2202",-112.125,48.875,-111.875,48.625,"25","68",0,0,
"2203",-112.125,48.625,-111.875,48.375,"26","68",0,0,
"2204",-112.125,48.375,-111.875,48.125,"27","68",0,0,
"2205",-112.125,48.125,-111.875,47.875,"28","68",0,0,
"2206",-112.125,47.875,-111.875,47.625,"29","68",0,0,
"2207",-112.125,47.625,-111.875,47.375,"30","68",0,0,
"2208",-112.125,47.375,-111.875,47.125,"31","68",0,0,
"2209",-111.875,55.125,-111.625,54.875,"0","69",6856,0,0
"2210",-111.875,54.875,-111.625,54.625,"1","69",6908,0,0
"2211",-111.875,54.625,-111.625,54.375,"2","69",6959,0.972427666187286,0.000139736695816538
"2212",-111.875,54.375,-111.625,54.125,"3","69",7010,0,0
"2213",-111.875,54.125,-111.625,53.875,"4","69",7063,0,0
"2214",-111.875,53.875,-111.625,53.625,"5","69",7114,0,0
"2215",-111.875,53.625,-111.625,53.375,"6","69",7163,0,0
"2216",-111.875,53.375,-111.625,53.125,"7","69",7217,0,0
"2217",-111.875,53.125,-111.625,52.875,"8","69",7271,1.37520444393158,0.00018913553072914
"2218",-111.875,52.875,-111.625,52.625,"9","69",7323,0,0
"2219",-111.875,52.625,-111.625,52.375,"10","69",7375,10.2838017421309,0.00139441379554317
"2220",-111.875,52.375,-111.625,52.125,"11","69",7428,49.8540910672164,0.00671164392396558
"2221",-111.875,52.125,-111.625,51.875,"12","69",7480,124.160449191928,0.0165989905336802
"2222",-111.875,51.875,-111.625,51.625,"13","69",7534,299.340251055197,0.0397319154572865
"2223",-111.875,51.625,-111.625,51.375,"14","69",7589,1328.49176618701,0.175054917141522
"2224",-111.875,51.375,-111.625,51.125,"15","69",7643,3123.68956605811,0.408699406785046
"2225",-111.875,51.125,-111.625,50.875,"16","69",7696,6685.11182579177,0.868647586511405
"2226",-111.875,50.875,-111.625,50.625,"17","69",7751,8415.75864974014,1.08576424328992
"2227",-111.875,50.625,-111.625,50.375,"18","69",7804,9210.78059331607,1.18026404322348
"2228",-111.875,50.375,-111.625,50.125,"19","69",7860,6360.4170960933,0.809213371004236
"2229",-111.875,50.125,-111.625,49.875,"20","69",7915,4639.34250389482,0.586145610094102
"2230",-111.875,49.875,-111.625,49.625,"21","69",7970,6503.698062376,0.816022341577918
"2231",-111.875,49.625,-111.625,49.375,"22","69",8026,434.217155333841,0.054101315142517
"2232",-111.875,49.375,-111.625,49.125,"23","69",8082,596.809058117331,0.0738442289182543
"2233",-111.875,49.125,-111.625,48.875,"24","69",4247,31.2606790799182,0.00736064965385406
"2234",-111.875,48.875,-111.625,48.625,"25","69",0,0,
"2235",-111.875,48.625,-111.625,48.375,"26","69",0,0,
"2236",-111.875,48.375,-111.625,48.125,"27","69",0,0,
"2237",-111.875,48.125,-111.625,47.875,"28","69",0,0,
"2238",-111.875,47.875,-111.625,47.625,"29","69",0,0,
"2239",-111.875,47.625,-111.625,47.375,"30","69",0,0,
"2240",-111.875,47.375,-111.625,47.125,"31","69",0,0,
"2241",-111.625,55.125,-111.375,54.875,"0","70",6858,15.4233581423759,0.00224895860927033
"2242",-111.625,54.875,-111.375,54.625,"1","70",6909,15.8968898653984,0.00230089591335916
"2243",-111.625,54.625,-111.375,54.375,"2","70",6958,2.67815798521042,0.000384903418397588
"2244",-111.625,54.375,-111.375,54.125,"3","70",7010,0,0
"2245",-111.625,54.125,-111.375,53.875,"4","70",7063,0,0
"2246",-111.625,53.875,-111.375,53.625,"5","70",7113,0,0
"2247",-111.625,53.625,-111.375,53.375,"6","70",7166,0,0
"2248",-111.625,53.375,-111.375,53.125,"7","70",7217,0,0
"2249",-111.625,53.125,-111.375,52.875,"8","70",7271,1.00735342502594,0.0001385440001411
"2250",-111.625,52.875,-111.375,52.625,"9","70",7322,1.9735586643219,0.000269538195072644
"2251",-111.625,52.625,-111.375,52.375,"10","70",7374,3.43761657178402,0.000466180712202878
"2252",-111.625,52.375,-111.375,52.125,"11","70",7428,2.13230493664742,0.000287063130943378
"2253",-111.625,52.125,-111.375,51.875,"12","70",7482,53.3472673296928,0.00713008117210543
"2254",-111.625,51.875,-111.375,51.625,"13","70",7535,548.017002261477,0.0727295291654249
"2255",-111.625,51.625,-111.375,51.375,"14","70",7587,1266.39158473257,0.16691598586168
"2256",-111.625,51.375,-111.375,51.125,"15","70",7642,5544.77613868436,0.725566100325093
"2257",-111.625,51.125,-111.375,50.875,"16","70",7698,8209.29865676351,1.06641967481989
"2258",-111.625,50.875,-111.375,50.625,"17","70",7749,2582.56287211226,0.333276922456093
"2259",-111.625,50.625,-111.375,50.375,"18","70",7806,987.286337444559,0.126477880789721
"2260",-111.625,50.375,-111.375,50.125,"19","70",7860,1074.45776921511,0.136699461732202
"2261",-111.625,50.125,-111.375,49.875,"20","70",7916,1835.5123938513,0.231873723326339
"2262",-111.625,49.875,-111.375,49.625,"21","70",7970,12261.3178295603,1.53843385565373
"2263",-111.625,49.625,-111.375,49.375,"22","70",8024,227.005844818195,0.0282908580281898
"2264",-111.625,49.375,-111.375,49.125,"23","70",8081,17.4889558794675,0.00216420689017047
"2265",-111.625,49.125,-111.375,48.875,"24","70",4270,9.15774090681225,0.00214467000159537
"2266",-111.625,48.875,-111.375,48.625,"25","70",0,0,
"2267",-111.625,48.625,-111.375,48.375,"26","70",0,0,
"2268",-111.625,48.375,-111.375,48.125,"27","70",0,0,
"2269",-111.625,48.125,-111.375,47.875,"28","70",0,0,
"2270",-111.625,47.875,-111.375,47.625,"29","70",0,0,
"2271",-111.625,47.625,-111.375,47.375,"30","70",0,0,
"2272",-111.625,47.375,-111.375,47.125,"31","70",0,0,
"2273",-111.375,55.125,-111.125,54.875,"0","71",6855,5.33376067876816,0.000778083250002649
"2274",-111.375,54.875,-111.125,54.625,"1","71",6907,5.23308426141739,0.000757649379096191
"2275",-111.375,54.625,-111.125,54.375,"2","71",6960,0,0
"2276",-111.375,54.375,-111.125,54.125,"3","71",7010,0,0
"2277",-111.375,54.125,-111.125,53.875,"4","71",7063,0.770188331604004,0.000109045495059324
"2278",-111.375,53.875,-111.125,53.625,"5","71",7111,0,0
"2279",-111.375,53.625,-111.125,53.375,"6","71",7166,0,0
"2280",-111.375,53.375,-111.125,53.125,"7","71",7218,0.917863190174103,0.000127163090908022
"2281",-111.375,53.125,-111.125,52.875,"8","71",7268,1.18900310993195,0.000163594263887169
"2282",-111.375,52.875,-111.125,52.625,"9","71",7324,24.3388822078705,0.00332316796939794
"2283",-111.375,52.625,-111.125,52.375,"10","71",7377,1.73326078080572,0.000234954694429405
"2284",-111.375,52.375,-111.125,52.125,"11","71",7428,4.2046642563073,0.000566056038813583
"2285",-111.375,52.125,-111.125,51.875,"12","71",7479,31.3619616627693,0.00419333622981272
"2286",-111.375,51.875,-111.125,51.625,"13","71",7536,623.207524299622,0.0826973891055761
"2287",-111.375,51.625,-111.125,51.375,"14","71",7589,1569.54125154018,0.206817927466094
"2288",-111.375,51.375,-111.125,51.125,"15","71",7642,4290.36600339413,0.561419262417447
"2289",-111.375,51.125,-111.125,50.875,"16","71",7694,7175.65694108733,0.932630223692141
"2290",-111.375,50.875,-111.125,50.625,"17","71",7753,1352.9715191971,0.174509418186135
"2291",-111.375,50.625,-111.125,50.375,"18","71",7805,561.954620533739,0.0719993107666546
"2292",-111.375,50.375,-111.125,50.125,"19","71",7861,63.8157078854274,0.00811801397855583
"2293",-111.375,50.125,-111.125,49.875,"20","71",7912,4157.47461393778,0.525464435533087
"2294",-111.375,49.875,-111.125,49.625,"21","71",7971,1649.403925883,0.206925596020951
"2295",-111.375,49.625,-111.125,49.375,"22","71",8025,1603.7213011639,0.199840660581171
"2296",-111.375,49.375,-111.125,49.125,"23","71",8082,279.625365656335,0.0345985357159533
"2297",-111.375,49.125,-111.125,48.875,"24","71",4253,15.6321336207911,0.003675554578131
"2298",-111.375,48.875,-111.125,48.625,"25","71",0,0,
"2299",-111.375,48.625,-111.125,48.375,"26","71",0,0,
"2300",-111.375,48.375,-111.125,48.125,"27","71",0,0,
"2301",-111.375,48.125,-111.125,47.875,"28","71",0,0,
"2302",-111.375,47.875,-111.125,47.625,"29","71",0,0,
"2303",-111.375,47.625,-111.125,47.375,"30","71",0,0,
"2304",-111.375,47.375,-111.125,47.125,"31","71",0,0,
"2305",-111.125,55.125,-110.875,54.875,"0","72",6859,0,0
"2306",-111.125,54.875,-110.875,54.625,"1","72",6907,11.3890495896339,0.00164891408565715
"2307",-111.125,54.625,-110.875,54.375,"2","72",6962,0,0
"2308",-111.125,54.375,-110.875,54.125,"3","72",7009,6.519227206707,0.000930122300857041
"2309",-111.125,54.125,-110.875,53.875,"4","72",7060,0,0
"2310",-111.125,53.875,-110.875,53.625,"5","72",7114,0,0
"2311",-111.125,53.625,-110.875,53.375,"6","72",7166,0,0
"2312",-111.125,53.375,-110.875,53.125,"7","72",7218,0,0
"2313",-111.125,53.125,-110.875,52.875,"8","72",7270,0,0
"2314",-111.125,52.875,-110.875,52.625,"9","72",7323,0.917863190174103,0.000125339777437403
"2315",-111.125,52.625,-110.875,52.375,"10","72",7372,0.111947618424892,1.51855152502567e-05
"2316",-111.125,52.375,-110.875,52.125,"11","72",7429,12.9937223047018,0.00174905401867032
"2317",-111.125,52.125,-110.875,51.875,"12","72",7482,88.2390792369843,0.0117935150009335
"2318",-111.125,51.875,-110.875,51.625,"13","72",7533,314.348988413811,0.0417295882668008
"2319",-111.125,51.625,-110.875,51.375,"14","72",7589,1809.66401855554,0.238458824424238
"2320",-111.125,51.375,-110.875,51.125,"15","72",7642,3406.62239504809,0.445776288281614
"2321",-111.125,51.125,-110.875,50.875,"16","72",7695,4887.93827900937,0.635209652892705
"2322",-111.125,50.875,-110.875,50.625,"17","72",7749,991.193517732085,0.127912442603186
"2323",-111.125,50.625,-110.875,50.375,"18","72",7804,169.868099033833,0.0217667989535921
"2324",-111.125,50.375,-110.875,50.125,"19","72",7859,11.7160911823157,0.00149078651002872
"2325",-111.125,50.125,-110.875,49.875,"20","72",7915,3260.47233507782,0.411935860401494
"2326",-111.125,49.875,-110.875,49.625,"21","72",7970,6772.35155712813,0.849730433767645
"2327",-111.125,49.625,-110.875,49.375,"22","72",8026,11221.9593079725,1.39820076102323
"2328",-111.125,49.375,-110.875,49.125,"23","72",8081,6202.16964621458,0.767500265587746
"2329",-111.125,49.125,-110.875,48.875,"24","72",4234,129.835464781383,0.030664965701791
"2330",-111.125,48.875,-110.875,48.625,"25","72",0,0,
"2331",-111.125,48.625,-110.875,48.375,"26","72",0,0,
"2332",-111.125,48.375,-110.875,48.125,"27","72",0,0,
"2333",-111.125,48.125,-110.875,47.875,"28","72",0,0,
"2334",-111.125,47.875,-110.875,47.625,"29","72",0,0,
"2335",-111.125,47.625,-110.875,47.375,"30","72",0,0,
"2336",-111.125,47.375,-110.875,47.125,"31","72",0,0,
"2337",-110.875,55.125,-110.625,54.875,"0","73",6860,0,0
"2338",-110.875,54.875,-110.625,54.625,"1","73",6903,0,0
"2339",-110.875,54.625,-110.625,54.375,"2","73",6957,0,0
"2340",-110.875,54.375,-110.625,54.125,"3","73",7018,0.614407360553741,8.75473583006186e-05
"2341",-110.875,54.125,-110.625,53.875,"4","73",7053,0,0
"2342",-110.875,53.875,-110.625,53.625,"5","73",7115,0,0
"2343",-110.875,53.625,-110.625,53.375,"6","73",7172,0,0
"2344",-110.875,53.375,-110.625,53.125,"7","73",7212,0,0
"2345",-110.875,53.125,-110.625,52.875,"8","73",7269,1.1104484796524,0.000152764957993177
"2346",-110.875,52.875,-110.625,52.625,"9","73",7325,1.09182822704315,0.000149055048060499
"2347",-110.875,52.625,-110.625,52.375,"10","73",7381,2.05904710292816,0.000278965872229801
"2348",-110.875,52.375,-110.625,52.125,"11","73",7419,45.2356815629173,0.00609727477596944
"2349",-110.875,52.125,-110.625,51.875,"12","73",7482,116.698839783669,0.0155972787735456
"2350",-110.875,51.875,-110.625,51.625,"13","73",7546,250.624726712704,0.0332129242926986
"2351",-110.875,51.625,-110.625,51.375,"14","73",7578,1613.02538917837,0.21285634589316
"2352",-110.875,51.375,-110.625,51.125,"15","73",7640,4234.94446324307,0.554312102518726
"2353",-110.875,51.125,-110.625,50.875,"16","73",7706,5972.99950845772,0.775110239872531
"2354",-110.875,50.875,-110.625,50.625,"17","73",7747,2396.20981107838,0.309308094885554
"2355",-110.875,50.625,-110.625,50.375,"18","73",7803,612.7602832946,0.0785288072913751
"2356",-110.875,50.375,-110.625,50.125,"19","73",7865,609.912885565776,0.0775477286161191
"2357",-110.875,50.125,-110.625,49.875,"20","73",7919,9198.72703814937,1.16160210104172
"2358",-110.875,49.875,-110.625,49.625,"21","73",7961,4184.81534783391,0.525664533077994
"2359",-110.875,49.625,-110.625,49.375,"22","73",8033,17821.3682181413,2.21851963377833
"2360",-110.875,49.375,-110.625,49.125,"23","73",8085,16989.8959726442,2.101409520426
"2361",-110.875,49.125,-110.625,48.875,"24","73",4213,1948.50401281938,0.462497985478134
"2362",-110.875,48.875,-110.625,48.625,"25","73",0,0,
"2363",-110.875,48.625,-110.625,48.375,"26","73",0,0,
"2364",-110.875,48.375,-110.625,48.125,"27","73",0,0,
"2365",-110.875,48.125,-110.625,47.875,"28","73",0,0,
"2366",-110.875,47.875,-110.625,47.625,"29","73",0,0,
"2367",-110.875,47.625,-110.625,47.375,"30","73",0,0,
"2368",-110.875,47.375,-110.625,47.125,"31","73",0,0,
"2369",-110.625,55.125,-110.375,54.875,"0","74",6847,0,0
"2370",-110.625,54.875,-110.375,54.625,"1","74",6919,1.22881472110748,0.000177600046409522
"2371",-110.625,54.625,-110.375,54.375,"2","74",6963,0,0
"2372",-110.625,54.375,-110.375,54.125,"3","74",7000,1.38459569215775,0.000197799384593964
"2373",-110.625,54.125,-110.375,53.875,"4","74",7063,12.0147484540939,0.00170108289028655
"2374",-110.625,53.875,-110.375,53.625,"5","74",7119,0,0
"2375",-110.625,53.625,-110.375,53.375,"6","74",7161,0,0
"2376",-110.625,53.375,-110.375,53.125,"7","74",7212,1.80830454826355,0.000250735516952794
"2377",-110.625,53.125,-110.375,52.875,"8","74",7284,2.37800621986389,0.000326469826999436
"2378",-110.625,52.875,-110.375,52.625,"9","74",7317,0,0
"2379",-110.625,52.625,-110.375,52.375,"10","74",7368,2.45034730434418,0.000332566137940306
"2380",-110.625,52.375,-110.375,52.125,"11","74",7442,308.07525841461,0.0413968366587759
"2381",-110.625,52.125,-110.375,51.875,"12","74",7481,499.91825864464,0.0668250579661329
"2382",-110.625,51.875,-110.375,51.625,"13","74",7521,871.646539687354,0.115895032533886
"2383",-110.625,51.625,-110.375,51.375,"14","74",7599,1545.86501871503,0.203430059049222
"2384",-110.625,51.375,-110.375,51.125,"15","74",7642,3744.17710521509,0.489947278881849
"2385",-110.625,51.125,-110.375,50.875,"16","74",7691,4498.99969136648,0.584969404676437
"2386",-110.625,50.875,-110.375,50.625,"17","74",7754,1006.74325263826,0.129835343388994
"2387",-110.625,50.625,-110.375,50.375,"18","74",7812,509.630444418872,0.0652368720454265
"2388",-110.625,50.375,-110.375,50.125,"19","74",7846,1862.16748029343,0.237339724737883
"2389",-110.625,50.125,-110.375,49.875,"20","74",7916,797.186010516365,0.100705660752446
"2390",-110.625,49.875,-110.375,49.625,"21","74",7974,3026.50976319192,0.379547248958104
"2391",-110.625,49.625,-110.375,49.375,"22","74",8025,21117.0294043089,2.63140553324722
"2392",-110.625,49.375,-110.375,49.125,"23","74",8074,28697.4165138773,3.55429979116638
"2393",-110.625,49.125,-110.375,48.875,"24","74",4208,7255.31837324169,1.72417261721523
"2394",-110.625,48.875,-110.375,48.625,"25","74",0,0,
"2395",-110.625,48.625,-110.375,48.375,"26","74",0,0,
"2396",-110.625,48.375,-110.375,48.125,"27","74",0,0,
"2397",-110.625,48.125,-110.375,47.875,"28","74",0,0,
"2398",-110.625,47.875,-110.375,47.625,"29","74",0,0,
"2399",-110.625,47.625,-110.375,47.375,"30","74",0,0,
"2400",-110.625,47.375,-110.375,47.125,"31","74",0,0,
"2401",-110.375,55.125,-110.125,54.875,"0","75",6856,0,0
"2402",-110.375,54.875,-110.125,54.625,"1","75",6908,0,0
"2403",-110.375,54.625,-110.125,54.375,"2","75",6956,5.21287077665329,0.000749406379622382
"2404",-110.375,54.375,-110.125,54.125,"3","75",7012,0,0
"2405",-110.375,54.125,-110.125,53.875,"4","75",7062,3.73467648029327,0.000528841189506269
"2406",-110.375,53.875,-110.125,53.625,"5","75",7117,0,0
"2407",-110.375,53.625,-110.125,53.375,"6","75",7164,1.18900310993195,0.000165969166657167
"2408",-110.375,53.375,-110.125,53.125,"7","75",7217,13.3911418318748,0.00185549976886169
"2409",-110.375,53.125,-110.125,52.875,"8","75",7267,3.589421765937,0.000493934466208477
"2410",-110.375,52.875,-110.125,52.625,"9","75",7326,0,0
"2411",-110.375,52.625,-110.125,52.375,"10","75",7374,8.92406690120697,0.00121020706552847
"2412",-110.375,52.375,-110.125,52.125,"11","75",7427,14.7253721952438,0.00198268105496753
"2413",-110.375,52.125,-110.125,51.875,"12","75",7482,64.9183620542171,0.00867660546033375
"2414",-110.375,51.875,-110.125,51.625,"13","75",7535,2564.59889694478,0.340358181412711
"2415",-110.375,51.625,-110.125,51.375,"14","75",7584,2623.91517120134,0.345980375949544
"2416",-110.375,51.375,-110.125,51.125,"15","75",7645,2947.28060764979,0.38551741107257
"2417",-110.375,51.125,-110.125,50.875,"16","75",7698,4023.63786908315,0.522686135240731
"2418",-110.375,50.875,-110.125,50.625,"17","75",7751,2052.98925547709,0.264867662943761
"2419",-110.375,50.625,-110.125,50.375,"18","75",7802,3110.06330040027,0.398623852909545
"2420",-110.375,50.375,-110.125,50.125,"19","75",7863,4869.8731413366,0.619340346093934
"2421",-110.375,50.125,-110.125,49.875,"20","75",7914,857.81897871301,0.108392592710767
"2422",-110.375,49.875,-110.125,49.625,"21","75",7969,13159.3155803266,1.65131328652611
"2423",-110.375,49.625,-110.125,49.375,"22","75",8027,16273.1217053282,2.0272980821388
"2424",-110.375,49.375,-110.125,49.125,"23","75",8083,28851.0615367917,3.56935067880635
"2425",-110.375,49.125,-110.125,48.875,"24","75",4185,12932.8596849167,3.09028905254879
"2426",-110.375,48.875,-110.125,48.625,"25","75",0,0,
"2427",-110.375,48.625,-110.125,48.375,"26","75",0,0,
"2428",-110.375,48.375,-110.125,48.125,"27","75",0,0,
"2429",-110.375,48.125,-110.125,47.875,"28","75",0,0,
"2430",-110.375,47.875,-110.125,47.625,"29","75",0,0,
"2431",-110.375,47.625,-110.125,47.375,"30","75",0,0,
"2432",-110.375,47.375,-110.125,47.125,"31","75",0,0,
"2433",-110.125,55.125,-109.875,54.875,"0","76",6859,0,0
"2434",-110.125,54.875,-109.875,54.625,"1","76",6909,9.16248381137848,0.0013261664222577
"2435",-110.125,54.625,-109.875,54.375,"2","76",6959,14.5436936020851,0.00208991142435481
"2436",-110.125,54.375,-109.875,54.125,"3","76",7009,0,0
"2437",-110.125,54.125,-109.875,53.875,"4","76",7063,0,0
"2438",-110.125,53.875,-109.875,53.625,"5","76",7112,0,0
"2439",-110.125,53.625,-109.875,53.375,"6","76",7165,0,0
"2440",-110.125,53.375,-109.875,53.125,"7","76",7220,0,0
"2441",-110.125,53.125,-109.875,52.875,"8","76",7272,5.77599740028381,0.000794279070446069
"2442",-110.125,52.875,-109.875,52.625,"9","76",7320,41.6988989114761,0.00569657088954592
"2443",-110.125,52.625,-109.875,52.375,"10","76",7374,16.324516415596,0.00221379392671495
"2444",-110.125,52.375,-109.875,52.125,"11","76",7430,7.57363367080688,0.00101933158422704
"2445",-110.125,52.125,-109.875,51.875,"12","76",7480,42.6733902916312,0.00570499870208974
"2446",-110.125,51.875,-109.875,51.625,"13","76",7534,1990.1780487895,0.264159549879148
"2447",-110.125,51.625,-109.875,51.375,"14","76",7591,4322.65014020319,0.569444096983689
"2448",-110.125,51.375,-109.875,51.125,"15","76",7642,4501.76912318682,0.589082586127561
"2449",-110.125,51.125,-109.875,50.875,"16","76",7693,12171.6452953758,1.58217149296449
"2450",-110.125,50.875,-109.875,50.625,"17","76",7750,5642.66694657272,0.728086057622286
"2451",-110.125,50.625,-109.875,50.375,"18","76",7806,1645.29745524016,0.210773437770966
"2452",-110.125,50.375,-109.875,50.125,"19","76",7861,2400.25526041136,0.305337140365266
"2453",-110.125,50.125,-109.875,49.875,"20","76",7914,205.728272482753,0.0259954855297893
"2454",-110.125,49.875,-109.875,49.625,"21","76",7971,22210.7895325196,2.78644957126078
"2455",-110.125,49.625,-109.875,49.375,"22","76",8027,20920.2515189667,2.60623539541133
"2456",-110.125,49.375,-109.875,49.125,"23","76",8078,20806.896394468,2.57574850141966
"2457",-110.125,49.125,-109.875,48.875,"24","76",4173,14966.6785736163,3.58655129969238
"2458",-110.125,48.875,-109.875,48.625,"25","76",0,0,
"2459",-110.125,48.625,-109.875,48.375,"26","76",0,0,
"2460",-110.125,48.375,-109.875,48.125,"27","76",0,0,
"2461",-110.125,48.125,-109.875,47.875,"28","76",0,0,
"2462",-110.125,47.875,-109.875,47.625,"29","76",0,0,
"2463",-110.125,47.625,-109.875,47.375,"30","76",0,0,
"2464",-110.125,47.375,-109.875,47.125,"31","76",0,0,
"2465",-109.875,55.125,-109.625,54.875,"0","77",6854,0,0
"2466",-109.875,54.875,-109.625,54.625,"1","77",6908,0,0
"2467",-109.875,54.625,-109.625,54.375,"2","77",6961,0,0
"2468",-109.875,54.375,-109.625,54.125,"3","77",7010,0,0
"2469",-109.875,54.125,-109.625,53.875,"4","77",7060,1.65741676092148,0.000234761580867065
"2470",-109.875,53.875,-109.625,53.625,"5","77",7116,0,0
"2471",-109.875,53.625,-109.625,53.375,"6","77",7165,1.18900310993195,0.000165946002781849
"2472",-109.875,53.375,-109.625,53.125,"7","77",7216,0,0
"2473",-109.875,53.125,-109.625,52.875,"8","77",7268,2.10686630010605,0.000289882539915527
"2474",-109.875,52.875,-109.625,52.625,"9","77",7324,73.3221177905798,0.0100112121505434
"2475",-109.875,52.625,-109.625,52.375,"10","77",7376,15.9062975645065,0.00215649370451553
"2476",-109.875,52.375,-109.625,52.125,"11","77",7427,3.3994357585907,0.000457713176059068
"2477",-109.875,52.125,-109.625,51.875,"12","77",7482,78.4295818805695,0.0104824354291058
"2478",-109.875,51.875,-109.625,51.625,"13","77",7535,1637.2270103693,0.217282947626981
"2479",-109.875,51.625,-109.625,51.375,"14","77",7588,5206.12499585748,0.686099762237411
"2480",-109.875,51.375,-109.625,51.125,"15","77",7640,6100.41025518044,0.798483017693775
"2481",-109.875,51.125,-109.625,50.875,"16","77",7697,11161.187945915,1.45006989033585
"2482",-109.875,50.875,-109.625,50.625,"17","77",7753,2454.25925281539,0.316556075430851
"2483",-109.875,50.625,-109.625,50.375,"18","77",7804,570.659226176562,0.0731239397970991
"2484",-109.875,50.375,-109.625,50.125,"19","77",7860,1441.34494066314,0.183377218913886
"2485",-109.875,50.125,-109.625,49.875,"20","77",7916,455.27192238858,0.0575128754912304
"2486",-109.875,49.875,-109.625,49.625,"21","77",7969,1632.60727538902,0.204869779820431
"2487",-109.875,49.625,-109.625,49.375,"22","77",8022,5354.79591804469,0.667513826732073
"2488",-109.875,49.375,-109.625,49.125,"23","77",8084,16021.2596547676,1.98184805229683
"2489",-109.875,49.125,-109.625,48.875,"24","77",4166,11322.3163054906,2.71779075983931
"2490",-109.875,48.875,-109.625,48.625,"25","77",0,0,
"2491",-109.875,48.625,-109.625,48.375,"26","77",0,0,
"2492",-109.875,48.375,-109.625,48.125,"27","77",0,0,
"2493",-109.875,48.125,-109.625,47.875,"28","77",0,0,
"2494",-109.875,47.875,-109.625,47.625,"29","77",0,0,
"2495",-109.875,47.625,-109.625,47.375,"30","77",0,0,
"2496",-109.875,47.375,-109.625,47.125,"31","77",0,0,
"2497",-109.625,55.125,-109.375,54.875,"0","78",6858,0,0
"2498",-109.625,54.875,-109.375,54.625,"1","78",6906,0,0
"2499",-109.625,54.625,-109.375,54.375,"2","78",6958,0.614407360553741,8.83022938421589e-05
"2500",-109.625,54.375,-109.375,54.125,"3","78",7011,0,0
"2501",-109.625,54.125,-109.375,53.875,"4","78",7062,7.85266768932343,0.00111196087359437
"2502",-109.625,53.875,-109.375,53.625,"5","78",7113,0,0
"2503",-109.625,53.625,-109.375,53.375,"6","78",7165,0.752609133720398,0.000105039655787913
"2504",-109.625,53.375,-109.375,53.125,"7","78",7219,0,0
"2505",-109.625,53.125,-109.375,52.875,"8","78",7269,0,0
"2506",-109.625,52.875,-109.375,52.625,"9","78",7324,0,0
"2507",-109.625,52.625,-109.375,52.375,"10","78",7374,17.5404239296913,0.00237868510031073
"2508",-109.625,52.375,-109.375,52.125,"11","78",7428,50.6058649420738,0.0068128520385129
"2509",-109.625,52.125,-109.375,51.875,"12","78",7480,136.104122161865,0.0181957382569339
"2510",-109.625,51.875,-109.375,51.625,"13","78",7534,1541.5818964839,0.204616657351194
"2511",-109.625,51.625,-109.375,51.375,"14","78",7590,3158.38741381146,0.416124823954079
"2512",-109.625,51.375,-109.375,51.125,"15","78",7643,2424.46552738291,0.317213859398523
"2513",-109.625,51.125,-109.375,50.875,"16","78",7696,12115.523638173,1.57426242699753
"2514",-109.625,50.875,-109.375,50.625,"17","78",7751,3467.09722187446,0.447309666091402
"2515",-109.625,50.625,-109.375,50.375,"18","78",7804,204.669407093024,0.026226218233345
"2516",-109.625,50.375,-109.375,50.125,"19","78",7859,2183.15977137198,0.277791038474613
"2517",-109.625,50.125,-109.375,49.875,"20","78",7916,583.523192099587,0.0737144002147027
"2518",-109.625,49.875,-109.375,49.625,"21","78",7971,6462.82448817784,0.810792182684461
"2519",-109.625,49.625,-109.375,49.375,"22","78",8027,8461.91634932713,1.05418168049422
"2520",-109.625,49.375,-109.375,49.125,"23","78",8081,12282.0004073172,1.51986145369598
"2521",-109.625,49.125,-109.375,48.875,"24","78",4166,14292.8371113732,3.43082983950389
"2522",-109.625,48.875,-109.375,48.625,"25","78",0,0,
"2523",-109.625,48.625,-109.375,48.375,"26","78",0,0,
"2524",-109.625,48.375,-109.375,48.125,"27","78",0,0,
"2525",-109.625,48.125,-109.375,47.875,"28","78",0,0,
"2526",-109.625,47.875,-109.375,47.625,"29","78",0,0,
"2527",-109.625,47.625,-109.375,47.375,"30","78",0,0,
"2528",-109.625,47.375,-109.375,47.125,"31","78",0,0,
"2529",-109.375,55.125,-109.125,54.875,"0","79",6859,0,0
"2530",-109.375,54.875,-109.125,54.625,"1","79",6909,0,0
"2531",-109.375,54.625,-109.125,54.375,"2","79",6961,0,0
"2532",-109.375,54.375,-109.125,54.125,"3","79",7010,0,0
"2533",-109.375,54.125,-109.125,53.875,"4","79",7063,0.614407360553741,8.6989573913881e-05
"2534",-109.375,53.875,-109.125,53.625,"5","79",7114,0,0
"2535",-109.375,53.625,-109.125,53.375,"6","79",7166,0,0
"2536",-109.375,53.375,-109.125,53.125,"7","79",7219,0,0
"2537",-109.375,53.125,-109.125,52.875,"8","79",7269,0,0
"2538",-109.375,52.875,-109.125,52.625,"9","79",7322,0,0
"2539",-109.375,52.625,-109.125,52.375,"10","79",7375,6.03945207595825,0.000818908756062136
"2540",-109.375,52.375,-109.125,52.125,"11","79",7429,371.505447328091,0.0500074636328026
"2541",-109.375,52.125,-109.125,51.875,"12","79",7479,91.8544631004333,0.0122816503677542
"2542",-109.375,51.875,-109.125,51.625,"13","79",7536,1217.75002354383,0.161591032848173
"2543",-109.375,51.625,-109.125,51.375,"14","79",7587,4666.96728938818,0.615126833977617
"2544",-109.375,51.375,-109.125,51.125,"15","79",7641,3189.98399261298,0.4174825274981
"2545",-109.375,51.125,-109.125,50.875,"16","79",7695,8753.48866317089,1.13755538182858
"2546",-109.375,50.875,-109.125,50.625,"17","79",7749,13477.0195750778,1.73919467996875
"2547",-109.375,50.625,-109.125,50.375,"18","79",7804,11153.7026153852,1.42922893585151
"2548",-109.375,50.375,-109.125,50.125,"19","79",7859,13341.0615979853,1.69755205471247
"2549",-109.375,50.125,-109.125,49.875,"20","79",7913,141.021007769625,0.0178214340666782
"2550",-109.375,49.875,-109.125,49.625,"21","79",7971,1534.53355116595,0.192514559172745
"2551",-109.375,49.625,-109.125,49.375,"22","79",8027,9619.6220233746,1.19840812549827
"2552",-109.375,49.375,-109.125,49.125,"23","79",8083,16000.3188030169,1.97950251181701
"2553",-109.375,49.125,-109.125,48.875,"24","79",4165,13044.6633736156,3.13197199846713
"2554",-109.375,48.875,-109.125,48.625,"25","79",0,0,
"2555",-109.375,48.625,-109.125,48.375,"26","79",0,0,
"2556",-109.375,48.375,-109.125,48.125,"27","79",0,0,
"2557",-109.375,48.125,-109.125,47.875,"28","79",0,0,
"2558",-109.375,47.875,-109.125,47.625,"29","79",0,0,
"2559",-109.375,47.625,-109.125,47.375,"30","79",0,0,
"2560",-109.375,47.375,-109.125,47.125,"31","79",0,0,
"2561",-109.125,55.125,-108.875,54.875,"0","80",6856,0,0
"2562",-109.125,54.875,-108.875,54.625,"1","80",6907,0,0
"2563",-109.125,54.625,-108.875,54.375,"2","80",6957,0,0
"2564",-109.125,54.375,-108.875,54.125,"3","80",7011,0,0
"2565",-109.125,54.125,-108.875,53.875,"4","80",7058,0,0
"2566",-109.125,53.875,-108.875,53.625,"5","80",7115,0,0
"2567",-109.125,53.625,-108.875,53.375,"6","80",7164,0,0
"2568",-109.125,53.375,-108.875,53.125,"7","80",7219,0,0
"2569",-109.125,53.125,-108.875,52.875,"8","80",7268,0,0
"2570",-109.125,52.875,-108.875,52.625,"9","80",7324,0,0
"2571",-109.125,52.625,-108.875,52.375,"10","80",7375,12.7301667928696,0.00172612431089757
"2572",-109.125,52.375,-108.875,52.125,"11","80",7429,48.2529096603394,0.00649520926912631
"2573",-109.125,52.125,-108.875,51.875,"12","80",7482,17.1779887676239,0.00229590868318951
"2574",-109.125,51.875,-108.875,51.625,"13","80",7536,557.399301290512,0.0739648754366391
"2575",-109.125,51.625,-108.875,51.375,"14","80",7587,2018.76935374737,0.266082687985682
"2576",-109.125,51.375,-108.875,51.125,"15","80",7644,3409.67126211524,0.446058511527373
"2577",-109.125,51.125,-108.875,50.875,"16","80",7699,9660.13248067157,1.25472561120556
"2578",-109.125,50.875,-108.875,50.625,"17","80",7749,11560.5625388832,1.49187798927387
"2579",-109.125,50.625,-108.875,50.375,"18","80",7809,22268.7189375669,2.85167357376961
"2580",-109.125,50.375,-108.875,50.125,"19","80",7859,9085.09318616369,1.15601134828397
"2581",-109.125,50.125,-108.875,49.875,"20","80",7919,1206.82570594468,0.152396225021427
"2582",-109.125,49.875,-108.875,49.625,"21","80",7966,3162.53438854596,0.397004065848099
"2583",-109.125,49.625,-108.875,49.375,"22","80",8025,6905.16491826216,0.860456687633914
"2584",-109.125,49.375,-108.875,49.125,"23","80",8080,13186.9969432425,1.63205407713397
"2585",-109.125,49.125,-108.875,48.875,"24","80",4166,12613.68660756,3.02776922889103
"2586",-109.125,48.875,-108.875,48.625,"25","80",0,0,
"2587",-109.125,48.625,-108.875,48.375,"26","80",0,0,
"2588",-109.125,48.375,-108.875,48.125,"27","80",0,0,
"2589",-109.125,48.125,-108.875,47.875,"28","80",0,0,
"2590",-109.125,47.875,-108.875,47.625,"29","80",0,0,
"2591",-109.125,47.625,-108.875,47.375,"30","80",0,0,
"2592",-109.125,47.375,-108.875,47.125,"31","80",0,0,
"2593",-108.875,55.125,-108.625,54.875,"0","81",6859,0,0
"2594",-108.875,54.875,-108.625,54.625,"1","81",6906,0,0
"2595",-108.875,54.625,-108.625,54.375,"2","81",6960,0,0
"2596",-108.875,54.375,-108.625,54.125,"3","81",7011,0,0
"2597",-108.875,54.125,-108.625,53.875,"4","81",7061,0,0
"2598",-108.875,53.875,-108.625,53.625,"5","81",7113,0,0
"2599",-108.875,53.625,-108.625,53.375,"6","81",7167,0,0
"2600",-108.875,53.375,-108.625,53.125,"7","81",7214,0,0
"2601",-108.875,53.125,-108.625,52.875,"8","81",7275,0,0
"2602",-108.875,52.875,-108.625,52.625,"9","81",7317,0,0
"2603",-108.875,52.625,-108.625,52.375,"10","81",7379,0,0
"2604",-108.875,52.375,-108.625,52.125,"11","81",7427,5.94846564531326,0.000800924417034235
"2605",-108.875,52.125,-108.625,51.875,"12","81",7480,72.3205120563507,0.00966851765459234
"2606",-108.875,51.875,-108.625,51.625,"13","81",7536,836.602179765701,0.111014089671669
"2607",-108.875,51.625,-108.625,51.375,"14","81",7588,1430.95827758312,0.188581744541793
"2608",-108.875,51.375,-108.625,51.125,"15","81",7643,4353.61320387031,0.569620987030002
"2609",-108.875,51.125,-108.625,50.875,"16","81",7696,12084.1335075301,1.57018366781835
"2610",-108.875,50.875,-108.625,50.625,"17","81",7751,3844.02365403788,0.495939059997147
"2611",-108.875,50.625,-108.625,50.375,"18","81",7804,4114.64948566878,0.527248780839157
"2612",-108.875,50.375,-108.625,50.125,"19","81",7862,7808.79155995906,0.993232200452692
"2613",-108.875,50.125,-108.625,49.875,"20","81",7910,1576.00923141313,0.199242633554125
"2614",-108.875,49.875,-108.625,49.625,"21","81",7977,2381.10195350338,0.298495919957802
"2615",-108.875,49.625,-108.625,49.375,"22","81",8019,1211.85825677495,0.151123364107115
"2616",-108.875,49.375,-108.625,49.125,"23","81",8084,2362.9328206497,0.292297479051175
"2617",-108.875,49.125,-108.625,48.875,"24","81",4165,2103.03676634701,0.504930796241779
"2618",-108.875,48.875,-108.625,48.625,"25","81",0,0,
"2619",-108.875,48.625,-108.625,48.375,"26","81",0,0,
"2620",-108.875,48.375,-108.625,48.125,"27","81",0,0,
"2621",-108.875,48.125,-108.625,47.875,"28","81",0,0,
"2622",-108.875,47.875,-108.625,47.625,"29","81",0,0,
"2623",-108.875,47.625,-108.625,47.375,"30","81",0,0,
"2624",-108.875,47.375,-108.625,47.125,"31","81",0,0,
"2625",-108.625,55.125,-108.375,54.875,"0","82",6857,17.6262852549553,0.00257055348621194
"2626",-108.625,54.875,-108.375,54.625,"1","82",6908,0,0
"2627",-108.625,54.625,-108.375,54.375,"2","82",6959,6.08683675527573,0.000874671181962312
"2628",-108.625,54.375,-108.375,54.125,"3","82",7010,0,0
"2629",-108.625,54.125,-108.375,53.875,"4","82",7062,0,0
"2630",-108.625,53.875,-108.375,53.625,"5","82",7113,0,0
"2631",-108.625,53.625,-108.375,53.375,"6","82",7167,0,0
"2632",-108.625,53.375,-108.375,53.125,"7","82",7218,0,0
"2633",-108.625,53.125,-108.375,52.875,"8","82",7267,0,0
"2634",-108.625,52.875,-108.375,52.625,"9","82",7324,3.135906457901,0.000428168549686101
"2635",-108.625,52.625,-108.375,52.375,"10","82",7375,0,0
"2636",-108.625,52.375,-108.375,52.125,"11","82",7428,40.4404923915863,0.00544433123203908
"2637",-108.625,52.125,-108.375,51.875,"12","82",7482,36.2939608097076,0.00485083678290666
"2638",-108.625,51.875,-108.375,51.625,"13","82",7534,753.944071307313,0.100072215464204
"2639",-108.625,51.625,-108.375,51.375,"14","82",7588,483.814973175526,0.0637605394274546
"2640",-108.625,51.375,-108.375,51.125,"15","82",7643,4808.40382386744,0.629125189567897
"2641",-108.625,51.125,-108.375,50.875,"16","82",7694,13272.3459415622,1.72502546680039
"2642",-108.625,50.875,-108.375,50.625,"17","82",7753,9218.07072100067,1.18896823436098
"2643",-108.625,50.625,-108.375,50.375,"18","82",7804,3592.3003633504,0.460315269522091
"2644",-108.625,50.375,-108.375,50.125,"19","82",7860,8591.67036181927,1.09308783229253
"2645",-108.625,50.125,-108.375,49.875,"20","82",7916,1813.67179353087,0.229114678313652
"2646",-108.625,49.875,-108.375,49.625,"21","82",7967,741.163148326101,0.0930291387380571
"2647",-108.625,49.625,-108.375,49.375,"22","82",8029,1041.45340055041,0.129711470986475
"2648",-108.625,49.375,-108.375,49.125,"23","82",8080,3241.99499762058,0.401237004656013
"2649",-108.625,49.125,-108.375,48.875,"24","82",4164,2183.56400916399,0.524390972421709
"2650",-108.625,48.875,-108.375,48.625,"25","82",0,0,
"2651",-108.625,48.625,-108.375,48.375,"26","82",0,0,
"2652",-108.625,48.375,-108.375,48.125,"27","82",0,0,
"2653",-108.625,48.125,-108.375,47.875,"28","82",0,0,
"2654",-108.625,47.875,-108.375,47.625,"29","82",0,0,
"2655",-108.625,47.625,-108.375,47.375,"30","82",0,0,
"2656",-108.625,47.375,-108.375,47.125,"31","82",0,0,
"2657",-108.375,55.125,-108.125,54.875,"0","83",6856,6.42056679725647,0.0009364887393898
"2658",-108.375,54.875,-108.125,54.625,"1","83",6907,0,0
"2659",-108.375,54.625,-108.125,54.375,"2","83",6958,0,0
"2660",-108.375,54.375,-108.125,54.125,"3","83",7009,0,0
"2661",-108.375,54.125,-108.125,53.875,"4","83",7063,0,0
"2662",-108.375,53.875,-108.125,53.625,"5","83",7112,0,0
"2663",-108.375,53.625,-108.125,53.375,"6","83",7168,0,0
"2664",-108.375,53.375,-108.125,53.125,"7","83",7216,0,0
"2665",-108.375,53.125,-108.125,52.875,"8","83",7272,0,0
"2666",-108.375,52.875,-108.125,52.625,"9","83",7324,4.86715710163116,0.000664549030807095
"2667",-108.375,52.625,-108.125,52.375,"10","83",7374,0.952250003814697,0.000129136154572104
"2668",-108.375,52.375,-108.125,52.125,"11","83",7426,33.4900531172752,0.00450983747876047
"2669",-108.375,52.125,-108.125,51.875,"12","83",7482,24.8879166245461,0.0033263721764964
"2670",-108.375,51.875,-108.125,51.625,"13","83",7534,320.927126765251,0.04259717636916
"2671",-108.375,51.625,-108.125,51.375,"14","83",7589,956.831791996956,0.126081406245481
"2672",-108.375,51.375,-108.125,51.125,"15","83",7642,2974.53033388406,0.389234537278731
"2673",-108.375,51.125,-108.125,50.875,"16","83",7698,5815.06883763924,0.755399952927934
"2674",-108.375,50.875,-108.125,50.625,"17","83",7751,8242.50726624893,1.06341211021145
"2675",-108.375,50.625,-108.125,50.375,"18","83",7803,5197.99032874504,0.666152803888894
"2676",-108.375,50.375,-108.125,50.125,"19","83",7860,8858.19734279008,1.12699711740332
"2677",-108.375,50.125,-108.125,49.875,"20","83",7915,2944.41330559424,0.372004207908305
"2678",-108.375,49.875,-108.125,49.625,"21","83",7970,1360.85681633372,0.170747404809751
"2679",-108.375,49.625,-108.125,49.375,"22","83",8025,797.801127625862,0.0994144707321947
"2680",-108.375,49.375,-108.125,49.125,"23","83",8081,1842.96843854361,0.228061927798987
"2681",-108.375,49.125,-108.125,48.875,"24","83",4167,2112.44430857059,0.506946078370671
"2682",-108.375,48.875,-108.125,48.625,"25","83",0,0,
"2683",-108.375,48.625,-108.125,48.375,"26","83",0,0,
"2684",-108.375,48.375,-108.125,48.125,"27","83",0,0,
"2685",-108.375,48.125,-108.125,47.875,"28","83",0,0,
"2686",-108.375,47.875,-108.125,47.625,"29","83",0,0,
"2687",-108.375,47.625,-108.125,47.375,"30","83",0,0,
"2688",-108.375,47.375,-108.125,47.125,"31","83",0,0,
"2689",-108.125,55.125,-107.875,54.875,"0","84",6856,0,0
"2690",-108.125,54.875,-107.875,54.625,"1","84",6910,0,0
"2691",-108.125,54.625,-107.875,54.375,"2","84",6961,0,0
"2692",-108.125,54.375,-107.875,54.125,"3","84",7011,0,0
"2693",-108.125,54.125,-107.875,53.875,"4","84",7059,0,0
"2694",-108.125,53.875,-107.875,53.625,"5","84",7115,0,0
"2695",-108.125,53.625,-107.875,53.375,"6","84",7164,0,0
"2696",-108.125,53.375,-107.875,53.125,"7","84",7219,0,0
"2697",-108.125,53.125,-107.875,52.875,"8","84",7268,0,0
"2698",-108.125,52.875,-107.875,52.625,"9","84",7323,0,0
"2699",-108.125,52.625,-107.875,52.375,"10","84",7375,12.2977805137634,0.00166749566288318
"2700",-108.125,52.375,-107.875,52.125,"11","84",7429,4.51925933361053,0.000608326737597326
"2701",-108.125,52.125,-107.875,51.875,"12","84",7481,99.8705338835716,0.0133498909081101
"2702",-108.125,51.875,-107.875,51.625,"13","84",7535,52.4771419763565,0.00696445148989469
"2703",-108.125,51.625,-107.875,51.375,"14","84",7588,3033.71700310707,0.399804560240784
"2704",-108.125,51.375,-107.875,51.125,"15","84",7642,4551.95888703596,0.595650207672855
"2705",-108.125,51.125,-107.875,50.875,"16","84",7695,3440.54549292475,0.447114424031806
"2706",-108.125,50.875,-107.875,50.625,"17","84",7750,7360.61948265508,0.949757352600655
"2707",-108.125,50.625,-107.875,50.375,"18","84",7806,2755.3894390827,0.352983530499962
"2708",-108.125,50.375,-107.875,50.125,"19","84",7859,5232.82733126194,0.665838825710897
"2709",-108.125,50.125,-107.875,49.875,"20","84",7917,4384.96495872748,0.55386698986074
"2710",-108.125,49.875,-107.875,49.625,"21","84",7968,982.707606161246,0.123331777881682
"2711",-108.125,49.625,-107.875,49.375,"22","84",8028,1229.54646825348,0.153157258128236
"2712",-108.125,49.375,-107.875,49.125,"23","84",8081,964.378045034944,0.119338948773041
"2713",-108.125,49.125,-107.875,48.875,"24","84",4164,954.49602983566,0.229225751641609
"2714",-108.125,48.875,-107.875,48.625,"25","84",0,0,
"2715",-108.125,48.625,-107.875,48.375,"26","84",0,0,
"2716",-108.125,48.375,-107.875,48.125,"27","84",0,0,
"2717",-108.125,48.125,-107.875,47.875,"28","84",0,0,
"2718",-108.125,47.875,-107.875,47.625,"29","84",0,0,
"2719",-108.125,47.625,-107.875,47.375,"30","84",0,0,
"2720",-108.125,47.375,-107.875,47.125,"31","84",0,0,
"2721",-107.875,55.125,-107.625,54.875,"0","85",6859,0,0
"2722",-107.875,54.875,-107.625,54.625,"1","85",6907,0,0
"2723",-107.875,54.625,-107.625,54.375,"2","85",6957,0,0
"2724",-107.875,54.375,-107.625,54.125,"3","85",7014,0,0
"2725",-107.875,54.125,-107.625,53.875,"4","85",7060,0,0
"2726",-107.875,53.875,-107.625,53.625,"5","85",7114,0,0
"2727",-107.875,53.625,-107.625,53.375,"6","85",7166,0,0
"2728",-107.875,53.375,-107.625,53.125,"7","85",7215,0,0
"2729",-107.875,53.125,-107.625,52.875,"8","85",7272,0,0
"2730",-107.875,52.875,-107.625,52.625,"9","85",7321,0,0
"2731",-107.875,52.625,-107.625,52.375,"10","85",7374,2.79390299320221,0.000378885678492299
"2732",-107.875,52.375,-107.625,52.125,"11","85",7432,42.9671072363853,0.00578136534397004
"2733",-107.875,52.125,-107.625,51.875,"12","85",7478,111.198084264994,0.0148700299899697
"2734",-107.875,51.875,-107.625,51.625,"13","85",7535,91.2826812267303,0.0121144898774692
"2735",-107.875,51.625,-107.625,51.375,"14","85",7590,1827.93611240387,0.240834797418165
"2736",-107.875,51.375,-107.625,51.125,"15","85",7640,2084.60329988599,0.272853835063611
"2737",-107.875,51.125,-107.625,50.875,"16","85",7700,718.377857612737,0.0932958256639918
"2738",-107.875,50.875,-107.625,50.625,"17","85",7747,5787.75221527257,0.747095935881318
"2739",-107.875,50.625,-107.625,50.375,"18","85",7807,1904.44146409596,0.243940241334182
"2740",-107.875,50.375,-107.625,50.125,"19","85",7862,2734.52847218094,0.347815883004445
"2741",-107.875,50.125,-107.625,49.875,"20","85",7911,1089.05986739008,0.137663995372277
"2742",-107.875,49.875,-107.625,49.625,"21","85",7974,1643.79277490289,0.206144065074353
"2743",-107.875,49.625,-107.625,49.375,"22","85",8022,4597.46486899978,0.573107064198427
"2744",-107.875,49.375,-107.625,49.125,"23","85",8082,1548.88106128795,0.191645763584255
"2745",-107.875,49.125,-107.625,48.875,"24","85",4163,1391.14313174458,0.334168419828148
"2746",-107.875,48.875,-107.625,48.625,"25","85",0,0,
"2747",-107.875,48.625,-107.625,48.375,"26","85",0,0,
"2748",-107.875,48.375,-107.625,48.125,"27","85",0,0,
"2749",-107.875,48.125,-107.625,47.875,"28","85",0,0,
"2750",-107.875,47.875,-107.625,47.625,"29","85",0,0,
"2751",-107.875,47.625,-107.625,47.375,"30","85",0,0,
"2752",-107.875,47.375,-107.625,47.125,"31","85",0,0,
"2753",-107.625,55.125,-107.375,54.875,"0","86",6855,0,0
"2754",-107.625,54.875,-107.375,54.625,"1","86",6907,0,0
"2755",-107.625,54.625,-107.375,54.375,"2","86",6965,0,0
"2756",-107.625,54.375,-107.375,54.125,"3","86",7006,0,0
"2757",-107.625,54.125,-107.375,53.875,"4","86",7065,0,0
"2758",-107.625,53.875,-107.375,53.625,"5","86",7109,0,0
"2759",-107.625,53.625,-107.375,53.375,"6","86",7165,0,0
"2760",-107.625,53.375,-107.375,53.125,"7","86",7222,0,0
"2761",-107.625,53.125,-107.375,52.875,"8","86",7267,0,0
"2762",-107.625,52.875,-107.375,52.625,"9","86",7327,0,0
"2763",-107.625,52.625,-107.375,52.375,"10","86",7368,37.362381696701,0.00507089871019287
"2764",-107.625,52.375,-107.375,52.125,"11","86",7427,73.934525847435,0.00995483046282954
"2765",-107.625,52.125,-107.375,51.875,"12","86",7487,45.7068775892258,0.00610483205412392
"2766",-107.625,51.875,-107.375,51.625,"13","86",7529,71.4503572583199,0.00949001955881523
"2767",-107.625,51.625,-107.375,51.375,"14","86",7595,1198.29366743565,0.157774018095543
"2768",-107.625,51.375,-107.375,51.125,"15","86",7636,689.372723937035,0.0902792985774011
"2769",-107.625,51.125,-107.375,50.875,"16","86",7694,306.682931035757,0.0398600118320454
"2770",-107.625,50.875,-107.375,50.625,"17","86",7757,5981.10323210317,0.771058815534764
"2771",-107.625,50.625,-107.375,50.375,"18","86",7803,2640.82397646114,0.338437008389227
"2772",-107.625,50.375,-107.375,50.125,"19","86",7863,1981.81400160861,0.252042986342186
"2773",-107.625,50.125,-107.375,49.875,"20","86",7917,1360.24143896409,0.171812737017063
"2774",-107.625,49.875,-107.375,49.625,"21","86",7963,3863.69635730668,0.485206122982127
"2775",-107.625,49.625,-107.375,49.375,"22","86",8026,5151.71006312832,0.641877655510631
"2776",-107.625,49.375,-107.375,49.125,"23","86",8090,13838.003332784,1.7105072104801
"2777",-107.625,49.125,-107.375,48.875,"24","86",4161,5134.62037052494,1.23398711139749
"2778",-107.625,48.875,-107.375,48.625,"25","86",0,0,
"2779",-107.625,48.625,-107.375,48.375,"26","86",0,0,
"2780",-107.625,48.375,-107.375,48.125,"27","86",0,0,
"2781",-107.625,48.125,-107.375,47.875,"28","86",0,0,
"2782",-107.625,47.875,-107.375,47.625,"29","86",0,0,
"2783",-107.625,47.625,-107.375,47.375,"30","86",0,0,
"2784",-107.625,47.375,-107.375,47.125,"31","86",0,0,
"2785",-107.375,55.125,-107.125,54.875,"0","87",6858,0,0
"2786",-107.375,54.875,-107.125,54.625,"1","87",6907,0,0
"2787",-107.375,54.625,-107.125,54.375,"2","87",6957,0,0
"2788",-107.375,54.375,-107.125,54.125,"3","87",7010,0,0
"2789",-107.375,54.125,-107.125,53.875,"4","87",7061,0,0
"2790",-107.375,53.875,-107.125,53.625,"5","87",7116,0,0
"2791",-107.375,53.625,-107.125,53.375,"6","87",7164,0,0
"2792",-107.375,53.375,-107.125,53.125,"7","87",7220,0,0
"2793",-107.375,53.125,-107.125,52.875,"8","87",7269,0,0
"2794",-107.375,52.875,-107.125,52.625,"9","87",7322,0.820396363735199,0.000112045392479541
"2795",-107.375,52.625,-107.125,52.375,"10","87",7378,0,0
"2796",-107.375,52.375,-107.125,52.125,"11","87",7427,34.6631435751915,0.00466717969236455
"2797",-107.375,52.125,-107.125,51.875,"12","87",7481,11.3244539499283,0.00151376205720202
"2798",-107.375,51.875,-107.125,51.625,"13","87",7533,81.7687580878846,0.0108547402214104
"2799",-107.375,51.625,-107.125,51.375,"14","87",7586,396.226777255535,0.0522313178559893
"2800",-107.375,51.375,-107.125,51.125,"15","87",7644,499.61579711287,0.0653605176756764
"2801",-107.375,51.125,-107.125,50.875,"16","87",7695,801.031739093014,0.10409769188993
"2802",-107.375,50.875,-107.125,50.625,"17","87",7753,4076.83578127425,0.525839775735102
"2803",-107.375,50.625,-107.125,50.375,"18","87",7805,2096.59910760773,0.268622563434687
"2804",-107.375,50.375,-107.125,50.125,"19","87",7860,2866.87395066366,0.364742232908863
"2805",-107.375,50.125,-107.125,49.875,"20","87",7916,3346.69180945959,0.422775620194491
"2806",-107.375,49.875,-107.125,49.625,"21","87",7969,2989.03879864974,0.375083297609454
"2807",-107.375,49.625,-107.125,49.375,"22","87",8028,2199.65045394632,0.273997316136811
"2808",-107.375,49.375,-107.125,49.125,"23","87",8078,18139.4402117799,2.24553604998513
"2809",-107.375,49.125,-107.125,48.875,"24","87",4167,15500.8678479275,3.71991069064735
"2810",-107.375,48.875,-107.125,48.625,"25","87",0,0,
"2811",-107.375,48.625,-107.125,48.375,"26","87",0,0,
"2812",-107.375,48.375,-107.125,48.125,"27","87",0,0,
"2813",-107.375,48.125,-107.125,47.875,"28","87",0,0,
"2814",-107.375,47.875,-107.125,47.625,"29","87",0,0,
"2815",-107.375,47.625,-107.125,47.375,"30","87",0,0,
"2816",-107.375,47.375,-107.125,47.125,"31","87",0,0,
"2817",-107.125,55.125,-106.875,54.875,"0","88",6856,0,0
"2818",-107.125,54.875,-106.875,54.625,"1","88",6908,0,0
"2819",-107.125,54.625,-106.875,54.375,"2","88",6961,0,0
"2820",-107.125,54.375,-106.875,54.125,"3","88",7009,0,0
"2821",-107.125,54.125,-106.875,53.875,"4","88",7061,0,0
"2822",-107.125,53.875,-106.875,53.625,"5","88",7113,0,0
"2823",-107.125,53.625,-106.875,53.375,"6","88",7165,0,0
"2824",-107.125,53.375,-106.875,53.125,"7","88",7218,0,0
"2825",-107.125,53.125,-106.875,52.875,"8","88",7268,0,0
"2826",-107.125,52.875,-106.875,52.625,"9","88",7323,0,0
"2827",-107.125,52.625,-106.875,52.375,"10","88",7375,4.92108976840973,0.000667266409275895
"2828",-107.125,52.375,-106.875,52.125,"11","88",7429,1.18900310993195,0.000160048877363299
"2829",-107.125,52.125,-106.875,51.875,"12","88",7482,53.942295819521,0.00720960917128053
"2830",-107.125,51.875,-106.875,51.625,"13","88",7536,521.671852350235,0.0692239719148401
"2831",-107.125,51.625,-106.875,51.375,"14","88",7590,2684.19585716724,0.353648993039163
"2832",-107.125,51.375,-106.875,51.125,"15","88",7643,2465.71018275642,0.322610255496064
"2833",-107.125,51.125,-106.875,50.875,"16","88",7696,1792.89666909256,0.232964743904958
"2834",-107.125,50.875,-106.875,50.625,"17","88",7749,3346.95759887283,0.431921228400159
"2835",-107.125,50.625,-106.875,50.375,"18","88",7803,2877.42879731581,0.368759297362015
"2836",-107.125,50.375,-106.875,50.125,"19","88",7859,1175.28533974325,0.14954642317639
"2837",-107.125,50.125,-106.875,49.875,"20","88",7915,1911.81269589506,0.241542981161726
"2838",-107.125,49.875,-106.875,49.625,"21","88",7970,3242.71801204694,0.406865497120068
"2839",-107.125,49.625,-106.875,49.375,"22","88",8025,2608.35957110414,0.32502923004413
"2840",-107.125,49.375,-106.875,49.125,"23","88",8081,12839.5961463458,1.58886228763097
"2841",-107.125,49.125,-106.875,48.875,"24","88",4165,12694.6237915754,3.04792888153072
"2842",-107.125,48.875,-106.875,48.625,"25","88",0,0,
"2843",-107.125,48.625,-106.875,48.375,"26","88",0,0,
"2844",-107.125,48.375,-106.875,48.125,"27","88",0,0,
"2845",-107.125,48.125,-106.875,47.875,"28","88",0,0,
"2846",-107.125,47.875,-106.875,47.625,"29","88",0,0,
"2847",-107.125,47.625,-106.875,47.375,"30","88",0,0,
"2848",-107.125,47.375,-106.875,47.125,"31","88",0,0,
"2849",-106.875,55.125,-106.625,54.875,"0","89",6859,0,0
"2850",-106.875,54.875,-106.625,54.625,"1","89",6907,0,0
"2851",-106.875,54.625,-106.625,54.375,"2","89",6959,0,0
"2852",-106.875,54.375,-106.625,54.125,"3","89",7011,0,0
"2853",-106.875,54.125,-106.625,53.875,"4","89",7062,0,0
"2854",-106.875,53.875,-106.625,53.625,"5","89",7115,0,0
"2855",-106.875,53.625,-106.625,53.375,"6","89",7165,0,0
"2856",-106.875,53.375,-106.625,53.125,"7","89",7217,0,0
"2857",-106.875,53.125,-106.625,52.875,"8","89",7270,0,0
"2858",-106.875,52.875,-106.625,52.625,"9","89",7323,0,0
"2859",-106.875,52.625,-106.625,52.375,"10","89",7375,0,0
"2860",-106.875,52.375,-106.625,52.125,"11","89",7428,601.064820349216,0.080918796492894
"2861",-106.875,52.125,-106.625,51.875,"12","89",7479,962.901987940073,0.128747424513982
"2862",-106.875,51.875,-106.625,51.625,"13","89",7534,765.603747546673,0.101619823141316
"2863",-106.875,51.625,-106.625,51.375,"14","89",7589,55.009085059166,0.00724852879946843
"2864",-106.875,51.375,-106.625,51.125,"15","89",7643,1585.21925878525,0.207407988850615
"2865",-106.875,51.125,-106.625,50.875,"16","89",7696,1177.13200837374,0.152953743291806
"2866",-106.875,50.875,-106.625,50.625,"17","89",7751,1835.91776174074,0.236862051572796
"2867",-106.875,50.625,-106.625,50.375,"18","89",7805,3117.41846149415,0.39941299955082
"2868",-106.875,50.375,-106.625,50.125,"19","89",7858,2322.51232664191,0.295560235001516
"2869",-106.875,50.125,-106.625,49.875,"20","89",7916,1464.75618314368,0.185037415758423
"2870",-106.875,49.875,-106.625,49.625,"21","89",7970,2277.13644152219,0.28571348074306
"2871",-106.875,49.625,-106.625,49.375,"22","89",8027,2773.07101039024,0.345467922061821
"2872",-106.875,49.375,-106.625,49.125,"23","89",8081,8026.07215985114,0.9932028412141
"2873",-106.875,49.125,-106.625,48.875,"24","89",4167,15837.1163122654,3.80060386663436
"2874",-106.875,48.875,-106.625,48.625,"25","89",0,0,
"2875",-106.875,48.625,-106.625,48.375,"26","89",0,0,
"2876",-106.875,48.375,-106.625,48.125,"27","89",0,0,
"2877",-106.875,48.125,-106.625,47.875,"28","89",0,0,
"2878",-106.875,47.875,-106.625,47.625,"29","89",0,0,
"2879",-106.875,47.625,-106.625,47.375,"30","89",0,0,
"2880",-106.875,47.375,-106.625,47.125,"31","89",0,0,
"2881",-106.625,55.125,-106.375,54.875,"0","90",6855,0,0
"2882",-106.625,54.875,-106.375,54.625,"1","90",6911,0,0
"2883",-106.625,54.625,-106.375,54.375,"2","90",6959,0,0
"2884",-106.625,54.375,-106.375,54.125,"3","90",7011,0,0
"2885",-106.625,54.125,-106.375,53.875,"4","90",7061,0,0
"2886",-106.625,53.875,-106.375,53.625,"5","90",7113,0,0
"2887",-106.625,53.625,-106.375,53.375,"6","90",7165,0,0
"2888",-106.625,53.375,-106.375,53.125,"7","90",7219,0,0
"2889",-106.625,53.125,-106.375,52.875,"8","90",7267,0,0
"2890",-106.625,52.875,-106.375,52.625,"9","90",7324,0,0
"2891",-106.625,52.625,-106.375,52.375,"10","90",7375,0,0
"2892",-106.625,52.375,-106.375,52.125,"11","90",7429,192.593052566051,0.0259244922016491
"2893",-106.625,52.125,-106.375,51.875,"12","90",7479,247.478477120399,0.0330897816713999
"2894",-106.625,51.875,-106.375,51.625,"13","90",7536,788.636208593845,0.10464917842275
"2895",-106.625,51.625,-106.375,51.375,"14","90",7590,195.159774899483,0.0257127503161374
"2896",-106.625,51.375,-106.375,51.125,"15","90",7641,123.955927491188,0.0162224744786269
"2897",-106.625,51.125,-106.375,50.875,"16","90",7696,797.086423993111,0.103571520789126
"2898",-106.625,50.875,-106.375,50.625,"17","90",7750,1046.01823914051,0.134970095372969
"2899",-106.625,50.625,-106.375,50.375,"18","90",7807,1292.29360449314,0.165530114575783
"2900",-106.625,50.375,-106.375,50.125,"19","90",7861,4028.4783718345,0.512463855976911
"2901",-106.625,50.125,-106.375,49.875,"20","90",7913,1607.61454230832,0.203161195792787
"2902",-106.625,49.875,-106.375,49.625,"21","90",7971,3452.16263687797,0.433090281881567
"2903",-106.625,49.625,-106.375,49.375,"22","90",8025,3392.18239800661,0.422701856449422
"2904",-106.625,49.375,-106.375,49.125,"23","90",8081,1249.91783256421,0.154673658280437
"2905",-106.625,49.125,-106.375,48.875,"24","90",4167,6209.0960533662,1.49006384770007
"2906",-106.625,48.875,-106.375,48.625,"25","90",0,0,
"2907",-106.625,48.625,-106.375,48.375,"26","90",0,0,
"2908",-106.625,48.375,-106.375,48.125,"27","90",0,0,
"2909",-106.625,48.125,-106.375,47.875,"28","90",0,0,
"2910",-106.625,47.875,-106.375,47.625,"29","90",0,0,
"2911",-106.625,47.625,-106.375,47.375,"30","90",0,0,
"2912",-106.625,47.375,-106.375,47.125,"31","90",0,0,
"2913",-106.375,55.125,-106.125,54.875,"0","91",6856,0,0
"2914",-106.375,54.875,-106.125,54.625,"1","91",6908,0,0
"2915",-106.375,54.625,-106.125,54.375,"2","91",6961,0,0
"2916",-106.375,54.375,-106.125,54.125,"3","91",7009,0,0
"2917",-106.375,54.125,-106.125,53.875,"4","91",7063,0,0
"2918",-106.375,53.875,-106.125,53.625,"5","91",7112,0,0
"2919",-106.375,53.625,-106.125,53.375,"6","91",7167,0,0
"2920",-106.375,53.375,-106.125,53.125,"7","91",7216,0,0
"2921",-106.375,53.125,-106.125,52.875,"8","91",7270,0,0
"2922",-106.375,52.875,-106.125,52.625,"9","91",7322,0,0
"2923",-106.375,52.625,-106.125,52.375,"10","91",7375,1.62909436225891,0.000220894150814768
"2924",-106.375,52.375,-106.125,52.125,"11","91",7429,15.625724196434,0.00210334152597039
"2925",-106.375,52.125,-106.125,51.875,"12","91",7481,218.721178710461,0.0292368906176261
"2926",-106.375,51.875,-106.125,51.625,"13","91",7537,12.6587918996811,0.00167955312454307
"2927",-106.375,51.625,-106.125,51.375,"14","91",7586,20.8936264514923,0.00275423496592306
"2928",-106.375,51.375,-106.125,51.125,"15","91",7644,35.1192215681076,0.00459435133020769
"2929",-106.375,51.125,-106.125,50.875,"16","91",7695,261.15711414814,0.0339385463480364
"2930",-106.375,50.875,-106.125,50.625,"17","91",7750,455.212195038795,0.0587370574243607
"2931",-106.375,50.625,-106.125,50.375,"18","91",7805,1409.09125870588,0.180536996631119
"2932",-106.375,50.375,-106.125,50.125,"19","91",7859,1641.43760979176,0.20886087413052
"2933",-106.375,50.125,-106.125,49.875,"20","91",7917,1576.54455569759,0.199134085600302
"2934",-106.375,49.875,-106.125,49.625,"21","91",7968,1041.7230701985,0.130738337123305
"2935",-106.375,49.625,-106.125,49.375,"22","91",8028,3347.69659978128,0.417002565991689
"2936",-106.375,49.375,-106.125,49.125,"23","91",8079,377.272232699383,0.0466978874488653
"2937",-106.375,49.125,-106.125,48.875,"24","91",4166,973.284640663245,0.233625693870198
"2938",-106.375,48.875,-106.125,48.625,"25","91",0,0,
"2939",-106.375,48.625,-106.125,48.375,"26","91",0,0,
"2940",-106.375,48.375,-106.125,48.125,"27","91",0,0,
"2941",-106.375,48.125,-106.125,47.875,"28","91",0,0,
"2942",-106.375,47.875,-106.125,47.625,"29","91",0,0,
"2943",-106.375,47.625,-106.125,47.375,"30","91",0,0,
"2944",-106.375,47.375,-106.125,47.125,"31","91",0,0,
"2945",-106.125,55.125,-105.875,54.875,"0","92",6856,0,0
"2946",-106.125,54.875,-105.875,54.625,"1","92",6908,0,0
"2947",-106.125,54.625,-105.875,54.375,"2","92",6959,0,0
"2948",-106.125,54.375,-105.875,54.125,"3","92",7012,0,0
"2949",-106.125,54.125,-105.875,53.875,"4","92",7062,0,0
"2950",-106.125,53.875,-105.875,53.625,"5","92",7113,0,0
"2951",-106.125,53.625,-105.875,53.375,"6","92",7164,0,0
"2952",-106.125,53.375,-105.875,53.125,"7","92",7220,0,0
"2953",-106.125,53.125,-105.875,52.875,"8","92",7270,0,0
"2954",-106.125,52.875,-105.875,52.625,"9","92",7323,0,0
"2955",-106.125,52.625,-105.875,52.375,"10","92",7375,0,0
"2956",-106.125,52.375,-105.875,52.125,"11","92",7428,2.85675001144409,0.000384592085547131
"2957",-106.125,52.125,-105.875,51.875,"12","92",7483,66.2240959703922,0.00884993932518939
"2958",-106.125,51.875,-105.875,51.625,"13","92",7532,23.2267836332321,0.00308374716320129
"2959",-106.125,51.625,-105.875,51.375,"14","92",7590,42.6334482431412,0.00561705510449818
"2960",-106.125,51.375,-105.875,51.125,"15","92",7641,42.818789601326,0.005603820128429
"2961",-106.125,51.125,-105.875,50.875,"16","92",7697,0.952250003814697,0.000123717033105716
"2962",-106.125,50.875,-105.875,50.625,"17","92",7751,14.7520186901093,0.00190324070314917
"2963",-106.125,50.625,-105.875,50.375,"18","92",7804,2130.10230209201,0.272950064337777
"2964",-106.125,50.375,-105.875,50.125,"19","92",7861,591.773907042574,0.0752797235774805
"2965",-106.125,50.125,-105.875,49.875,"20","92",7914,1701.03562714905,0.214940059028184
"2966",-106.125,49.875,-105.875,49.625,"21","92",7971,904.500000122935,0.113473842695137
"2967",-106.125,49.625,-105.875,49.375,"22","92",8024,1677.62189544807,0.20907551039981
"2968",-106.125,49.375,-105.875,49.125,"23","92",8082,760.882721520436,0.0941453503489775
"2969",-106.125,49.125,-105.875,48.875,"24","92",4166,689.035289639258,0.165394932702654
"2970",-106.125,48.875,-105.875,48.625,"25","92",0,0,
"2971",-106.125,48.625,-105.875,48.375,"26","92",0,0,
"2972",-106.125,48.375,-105.875,48.125,"27","92",0,0,
"2973",-106.125,48.125,-105.875,47.875,"28","92",0,0,
"2974",-106.125,47.875,-105.875,47.625,"29","92",0,0,
"2975",-106.125,47.625,-105.875,47.375,"30","92",0,0,
"2976",-106.125,47.375,-105.875,47.125,"31","92",0,0,
"2977",-105.875,55.125,-105.625,54.875,"0","93",6858,0,0
"2978",-105.875,54.875,-105.625,54.625,"1","93",6906,0,0
"2979",-105.875,54.625,-105.625,54.375,"2","93",6959,0,0
"2980",-105.875,54.375,-105.625,54.125,"3","93",7011,0,0
"2981",-105.875,54.125,-105.625,53.875,"4","93",7059,0,0
"2982",-105.875,53.875,-105.625,53.625,"5","93",7114,0,0
"2983",-105.875,53.625,-105.625,53.375,"6","93",7166,0,0
"2984",-105.875,53.375,-105.625,53.125,"7","93",7218,0,0
"2985",-105.875,53.125,-105.625,52.875,"8","93",7268,0,0
"2986",-105.875,52.875,-105.625,52.625,"9","93",7323,0,0
"2987",-105.875,52.625,-105.625,52.375,"10","93",7375,0,0
"2988",-105.875,52.375,-105.625,52.125,"11","93",7428,0,0
"2989",-105.875,52.125,-105.625,51.875,"12","93",7481,4.08096098899841,0.000545510090763055
"2990",-105.875,51.875,-105.625,51.625,"13","93",7533,7.44374430179596,0.000988151374193012
"2991",-105.875,51.625,-105.625,51.375,"14","93",7593,9.37487852573395,0.00123467384771947
"2992",-105.875,51.375,-105.625,51.125,"15","93",7639,0,0
"2993",-105.875,51.125,-105.625,50.875,"16","93",7697,157.573713541031,0.0204720947825167
"2994",-105.875,50.875,-105.625,50.625,"17","93",7750,168.344846367836,0.0217219156603659
"2995",-105.875,50.625,-105.625,50.375,"18","93",7806,493.518977820873,0.063223030722633
"2996",-105.875,50.375,-105.625,50.125,"19","93",7860,420.098811999371,0.053447686005009
"2997",-105.875,50.125,-105.625,49.875,"20","93",7915,1813.31435729936,0.229098465862206
"2998",-105.875,49.875,-105.625,49.625,"21","93",7970,2880.36016767845,0.36140027197973
"2999",-105.875,49.625,-105.625,49.375,"22","93",8027,4144.32672202185,0.516298333377583
"3000",-105.875,49.375,-105.625,49.125,"23","93",8081,1655.42419850206,0.204853879284997
"3001",-105.875,49.125,-105.625,48.875,"24","93",4167,2155.53850397369,0.517287857925051
"3002",-105.875,48.875,-105.625,48.625,"25","93",0,0,
"3003",-105.875,48.625,-105.625,48.375,"26","93",0,0,
"3004",-105.875,48.375,-105.625,48.125,"27","93",0,0,
"3005",-105.875,48.125,-105.625,47.875,"28","93",0,0,
"3006",-105.875,47.875,-105.625,47.625,"29","93",0,0,
"3007",-105.875,47.625,-105.625,47.375,"30","93",0,0,
"3008",-105.875,47.375,-105.625,47.125,"31","93",0,0,
"3009",-105.625,55.125,-105.375,54.875,"0","94",6854,0,0
"3010",-105.625,54.875,-105.375,54.625,"1","94",6912,0,0
"3011",-105.625,54.625,-105.375,54.375,"2","94",6957,0,0
"3012",-105.625,54.375,-105.375,54.125,"3","94",7001,0,0
"3013",-105.625,54.125,-105.375,53.875,"4","94",7066,0,0
"3014",-105.625,53.875,-105.375,53.625,"5","94",7121,0,0
"3015",-105.625,53.625,-105.375,53.375,"6","94",7164,0,0
"3016",-105.625,53.375,-105.375,53.125,"7","94",7216,0,0
"3017",-105.625,53.125,-105.375,52.875,"8","94",7273,0,0
"3018",-105.625,52.875,-105.375,52.625,"9","94",7320,0,0
"3019",-105.625,52.625,-105.375,52.375,"10","94",7368,0,0
"3020",-105.625,52.375,-105.375,52.125,"11","94",7436,0,0
"3021",-105.625,52.125,-105.375,51.875,"12","94",7477,0,0
"3022",-105.625,51.875,-105.375,51.625,"13","94",7532,0,0
"3023",-105.625,51.625,-105.375,51.375,"14","94",7587,61.3028998374939,0.00807999207031684
"3024",-105.625,51.375,-105.375,51.125,"15","94",7642,55.8424708247185,0.00730731102129266
"3025",-105.625,51.125,-105.375,50.875,"16","94",7699,4.75601243972778,0.000617744179728248
"3026",-105.625,50.875,-105.375,50.625,"17","94",7745,399.40479439497,0.0515693730658451
"3027",-105.625,50.625,-105.375,50.375,"18","94",7807,642.072525680065,0.0822431824875196
"3028",-105.625,50.375,-105.375,50.125,"19","94",7867,848.610248946759,0.107869613441815
"3029",-105.625,50.125,-105.375,49.875,"20","94",7914,354.338777880825,0.0447736641244408
"3030",-105.625,49.875,-105.375,49.625,"21","94",7967,1148.34665675176,0.144137900935328
"3031",-105.625,49.625,-105.375,49.375,"22","94",8029,1916.28142980917,0.238669999976232
"3032",-105.625,49.375,-105.375,49.125,"23","94",8085,752.139703880355,0.0930290295461169
"3033",-105.625,49.125,-105.375,48.875,"24","94",4154,2380.45173137548,0.573050489016725
"3034",-105.625,48.875,-105.375,48.625,"25","94",0,0,
"3035",-105.625,48.625,-105.375,48.375,"26","94",0,0,
"3036",-105.625,48.375,-105.375,48.125,"27","94",0,0,
"3037",-105.625,48.125,-105.375,47.875,"28","94",0,0,
"3038",-105.625,47.875,-105.375,47.625,"29","94",0,0,
"3039",-105.625,47.625,-105.375,47.375,"30","94",0,0,
"3040",-105.625,47.375,-105.375,47.125,"31","94",0,0,
"3041",-105.375,55.125,-105.125,54.875,"0","95",6859,0,0
"3042",-105.375,54.875,-105.125,54.625,"1","95",6906,0,0
"3043",-105.375,54.625,-105.125,54.375,"2","95",6960,0,0
"3044",-105.375,54.375,-105.125,54.125,"3","95",7013,0,0
"3045",-105.375,54.125,-105.125,53.875,"4","95",7058,0,0
"3046",-105.375,53.875,-105.125,53.625,"5","95",7114,0,0
"3047",-105.375,53.625,-105.125,53.375,"6","95",7166,0,0
"3048",-105.375,53.375,-105.125,53.125,"7","95",7217,0,0
"3049",-105.375,53.125,-105.125,52.875,"8","95",7271,0,0
"3050",-105.375,52.875,-105.125,52.625,"9","95",7323,0,0
"3051",-105.375,52.625,-105.125,52.375,"10","95",7375,0,0
"3052",-105.375,52.375,-105.125,52.125,"11","95",7428,0,0
"3053",-105.375,52.125,-105.125,51.875,"12","95",7481,0,0
"3054",-105.375,51.875,-105.125,51.625,"13","95",7534,2.82616364955902,0.00037512127018304
"3055",-105.375,51.625,-105.125,51.375,"14","95",7591,199.482244610786,0.0262787833764704
"3056",-105.375,51.375,-105.125,51.125,"15","95",7640,461.13117057085,0.0603574830590118
"3057",-105.375,51.125,-105.125,50.875,"16","95",7698,161.878467082977,0.0210286395275367
"3058",-105.375,50.875,-105.125,50.625,"17","95",7750,5.33960342407227,0.000688981086977067
"3059",-105.375,50.625,-105.125,50.375,"18","95",7805,216.100196923711,0.0276874051151456
"3060",-105.375,50.375,-105.125,50.125,"19","95",7858,285.296620834619,0.0363065183042274
"3061",-105.375,50.125,-105.125,49.875,"20","95",7916,79.2676414957386,0.0100135979656062
"3062",-105.375,49.875,-105.125,49.625,"21","95",7970,1242.07111924796,0.155843302289582
"3063",-105.375,49.625,-105.125,49.375,"22","95",8028,2626.95120165672,0.32722361754568
"3064",-105.375,49.375,-105.125,49.125,"23","95",8078,2965.53082294532,0.367112010763224
"3065",-105.375,49.125,-105.125,48.875,"24","95",4168,1176.6145780182,0.282297163632005
"3066",-105.375,48.875,-105.125,48.625,"25","95",0,0,
"3067",-105.375,48.625,-105.125,48.375,"26","95",0,0,
"3068",-105.375,48.375,-105.125,48.125,"27","95",0,0,
"3069",-105.375,48.125,-105.125,47.875,"28","95",0,0,
"3070",-105.375,47.875,-105.125,47.625,"29","95",0,0,
"3071",-105.375,47.625,-105.125,47.375,"30","95",0,0,
"3072",-105.375,47.375,-105.125,47.125,"31","95",0,0,
"3073",-105.125,55.125,-104.875,54.875,"0","96",6856,0,0
"3074",-105.125,54.875,-104.875,54.625,"1","96",6908,0,0
"3075",-105.125,54.625,-104.875,54.375,"2","96",6959,0,0
"3076",-105.125,54.375,-104.875,54.125,"3","96",7008,0,0
"3077",-105.125,54.125,-104.875,53.875,"4","96",7064,0,0
"3078",-105.125,53.875,-104.875,53.625,"5","96",7113,0,0
"3079",-105.125,53.625,-104.875,53.375,"6","96",7164,0,0
"3080",-105.125,53.375,-104.875,53.125,"7","96",7218,0,0
"3081",-105.125,53.125,-104.875,52.875,"8","96",7270,0,0
"3082",-105.125,52.875,-104.875,52.625,"9","96",7322,0,0
"3083",-105.125,52.625,-104.875,52.375,"10","96",7376,0,0
"3084",-105.125,52.375,-104.875,52.125,"11","96",7428,0,0
"3085",-105.125,52.125,-104.875,51.875,"12","96",7479,0,0
"3086",-105.125,51.875,-104.875,51.625,"13","96",7537,0,0
"3087",-105.125,51.625,-104.875,51.375,"14","96",7588,14.4896652698517,0.00190954998284814
"3088",-105.125,51.375,-104.875,51.125,"15","96",7643,0,0
"3089",-105.125,51.125,-104.875,50.875,"16","96",7695,71.0759130716324,0.00923663587675535
"3090",-105.125,50.875,-104.875,50.625,"17","96",7752,149.837285161018,0.0193288551549301
"3091",-105.125,50.625,-104.875,50.375,"18","96",7804,5.0584654211998,0.000648188803331599
"3092",-105.125,50.375,-104.875,50.125,"19","96",7860,299.446462146938,0.0380975142680582
"3093",-105.125,50.125,-104.875,49.875,"20","96",7915,440.474209019041,0.0556505633631132
"3094",-105.125,49.875,-104.875,49.625,"21","96",7970,359.887212079018,0.0451552336360123
"3095",-105.125,49.625,-104.875,49.375,"22","96",8025,506.697394251823,0.0631398622120652
"3096",-105.125,49.375,-104.875,49.125,"23","96",8084,3113.92416682933,0.385195963239649
"3097",-105.125,49.125,-104.875,48.875,"24","96",4166,2450.21421121282,0.588145513973313
"3098",-105.125,48.875,-104.875,48.625,"25","96",0,0,
"3099",-105.125,48.625,-104.875,48.375,"26","96",0,0,
"3100",-105.125,48.375,-104.875,48.125,"27","96",0,0,
"3101",-105.125,48.125,-104.875,47.875,"28","96",0,0,
"3102",-105.125,47.875,-104.875,47.625,"29","96",0,0,
"3103",-105.125,47.625,-104.875,47.375,"30","96",0,0,
"3104",-105.125,47.375,-104.875,47.125,"31","96",0,0,
"3105",-104.875,55.125,-104.625,54.875,"0","97",6855,0,0
"3106",-104.875,54.875,-104.625,54.625,"1","97",6909,0,0
"3107",-104.875,54.625,-104.625,54.375,"2","97",6958,0,0
"3108",-104.875,54.375,-104.625,54.125,"3","97",7012,0,0
"3109",-104.875,54.125,-104.625,53.875,"4","97",7060,0,0
"3110",-104.875,53.875,-104.625,53.625,"5","97",7115,0,0
"3111",-104.875,53.625,-104.625,53.375,"6","97",7166,0,0
"3112",-104.875,53.375,-104.625,53.125,"7","97",7218,0,0
"3113",-104.875,53.125,-104.625,52.875,"8","97",7268,0,0
"3114",-104.875,52.875,-104.625,52.625,"9","97",7323,0,0
"3115",-104.875,52.625,-104.625,52.375,"10","97",7374,0,0
"3116",-104.875,52.375,-104.625,52.125,"11","97",7428,0,0
"3117",-104.875,52.125,-104.625,51.875,"12","97",7484,0,0
"3118",-104.875,51.875,-104.625,51.625,"13","97",7534,4.15010738372803,0.000550850462400853
"3119",-104.875,51.625,-104.625,51.375,"14","97",7588,8.51825386285782,0.00112259539573772
"3120",-104.875,51.375,-104.625,51.125,"15","97",7641,4.52286922931671,0.000591921113639146
"3121",-104.875,51.125,-104.625,50.875,"16","97",7697,0,0
"3122",-104.875,50.875,-104.625,50.625,"17","97",7750,10.137931406498,0.00130812018148361
"3123",-104.875,50.625,-104.625,50.375,"18","97",7806,92.1909122467041,0.0118102629063162
"3124",-104.875,50.375,-104.625,50.125,"19","97",7859,97.0266004800797,0.0123459219340984
"3125",-104.875,50.125,-104.625,49.875,"20","97",7915,431.616491131019,0.0545314581340517
"3126",-104.875,49.875,-104.625,49.625,"21","97",7969,240.915133564966,0.0302315389088927
"3127",-104.875,49.625,-104.625,49.375,"22","97",8025,163.995033598971,0.0204355182054792
"3128",-104.875,49.375,-104.625,49.125,"23","97",8083,2193.9202077252,0.271424001945466
"3129",-104.875,49.125,-104.625,48.875,"24","97",4167,2091.6752066912,0.501961892654476
"3130",-104.875,48.875,-104.625,48.625,"25","97",0,0,
"3131",-104.875,48.625,-104.625,48.375,"26","97",0,0,
"3132",-104.875,48.375,-104.625,48.125,"27","97",0,0,
"3133",-104.875,48.125,-104.625,47.875,"28","97",0,0,
"3134",-104.875,47.875,-104.625,47.625,"29","97",0,0,
"3135",-104.875,47.625,-104.625,47.375,"30","97",0,0,
"3136",-104.875,47.375,-104.625,47.125,"31","97",0,0,
"3137",-104.625,55.125,-104.375,54.875,"0","98",6857,0,0
"3138",-104.625,54.875,-104.375,54.625,"1","98",6909,0,0
"3139",-104.625,54.625,-104.375,54.375,"2","98",6958,0,0
"3140",-104.625,54.375,-104.375,54.125,"3","98",7011,0,0
"3141",-104.625,54.125,-104.375,53.875,"4","98",7063,0,0
"3142",-104.625,53.875,-104.375,53.625,"5","98",7113,0,0
"3143",-104.625,53.625,-104.375,53.375,"6","98",7166,0,0
"3144",-104.625,53.375,-104.375,53.125,"7","98",7217,0,0
"3145",-104.625,53.125,-104.375,52.875,"8","98",7271,0,0
"3146",-104.625,52.875,-104.375,52.625,"9","98",7322,0,0
"3147",-104.625,52.625,-104.375,52.375,"10","98",7374,0,0
"3148",-104.625,52.375,-104.375,52.125,"11","98",7429,0,0
"3149",-104.625,52.125,-104.375,51.875,"12","98",7479,1.90450000762939,0.000254646344114105
"3150",-104.625,51.875,-104.375,51.625,"13","98",7537,4.76125001907349,0.000631716866004178
"3151",-104.625,51.625,-104.375,51.375,"14","98",7589,0,0
"3152",-104.625,51.375,-104.375,51.125,"15","98",7640,0,0
"3153",-104.625,51.125,-104.375,50.875,"16","98",7698,0,0
"3154",-104.625,50.875,-104.375,50.625,"17","98",7751,0,0
"3155",-104.625,50.625,-104.375,50.375,"18","98",7803,285.207307577133,0.0365509813632107
"3156",-104.625,50.375,-104.375,50.125,"19","98",7862,62.1890491247177,0.00791008002095112
"3157",-104.625,50.125,-104.375,49.875,"20","98",7913,130.17669570446,0.0164509914955719
"3158",-104.625,49.875,-104.375,49.625,"21","98",7970,204.575438767672,0.0256681855417405
"3159",-104.625,49.625,-104.375,49.375,"22","98",8027,388.729789674282,0.0484277799519474
"3160",-104.625,49.375,-104.375,49.125,"23","98",8080,531.894970532507,0.0658285854619439
"3161",-104.625,49.125,-104.375,48.875,"24","98",4166,1100.5773037225,0.264180821824892
"3162",-104.625,48.875,-104.375,48.625,"25","98",0,0,
"3163",-104.625,48.625,-104.375,48.375,"26","98",0,0,
"3164",-104.625,48.375,-104.375,48.125,"27","98",0,0,
"3165",-104.625,48.125,-104.375,47.875,"28","98",0,0,
"3166",-104.625,47.875,-104.375,47.625,"29","98",0,0,
"3167",-104.625,47.625,-104.375,47.375,"30","98",0,0,
"3168",-104.625,47.375,-104.375,47.125,"31","98",0,0,
"3169",-104.375,55.125,-104.125,54.875,"0","99",6856,0,0
"3170",-104.375,54.875,-104.125,54.625,"1","99",6907,0,0
"3171",-104.375,54.625,-104.125,54.375,"2","99",6960,0,0
"3172",-104.375,54.375,-104.125,54.125,"3","99",7009,0,0
"3173",-104.375,54.125,-104.125,53.875,"4","99",7062,0,0
"3174",-104.375,53.875,-104.125,53.625,"5","99",7113,0,0
"3175",-104.375,53.625,-104.125,53.375,"6","99",7165,0,0
"3176",-104.375,53.375,-104.125,53.125,"7","99",7218,0,0
"3177",-104.375,53.125,-104.125,52.875,"8","99",7270,0,0
"3178",-104.375,52.875,-104.125,52.625,"9","99",7324,0,0
"3179",-104.375,52.625,-104.125,52.375,"10","99",7374,0,0
"3180",-104.375,52.375,-104.125,52.125,"11","99",7429,0,0
"3181",-104.375,52.125,-104.125,51.875,"12","99",7483,0,0
"3182",-104.375,51.875,-104.125,51.625,"13","99",7534,0,0
"3183",-104.375,51.625,-104.125,51.375,"14","99",7586,3.45170044898987,0.000455009286711029
"3184",-104.375,51.375,-104.125,51.125,"15","99",7642,0,0
"3185",-104.375,51.125,-104.125,50.875,"16","99",7698,0,0
"3186",-104.375,50.875,-104.125,50.625,"17","99",7751,0,0
"3187",-104.375,50.625,-104.125,50.375,"18","99",7806,0,0
"3188",-104.375,50.375,-104.125,50.125,"19","99",7857,0,0
"3189",-104.375,50.125,-104.125,49.875,"20","99",7918,26.6347525119781,0.00336382325233369
"3190",-104.375,49.875,-104.125,49.625,"21","99",7969,38.5029292702675,0.00483158856447076
"3191",-104.375,49.625,-104.125,49.375,"22","99",8024,95.6652781367302,0.0119223925893233
"3192",-104.375,49.375,-104.125,49.125,"23","99",8082,580.044213362038,0.0717698853454638
"3193",-104.375,49.125,-104.125,48.875,"24","99",4168,402.218208573759,0.0965014895810361
"3194",-104.375,48.875,-104.125,48.625,"25","99",0,0,
"3195",-104.375,48.625,-104.125,48.375,"26","99",0,0,
"3196",-104.375,48.375,-104.125,48.125,"27","99",0,0,
"3197",-104.375,48.125,-104.125,47.875,"28","99",0,0,
"3198",-104.375,47.875,-104.125,47.625,"29","99",0,0,
"3199",-104.375,47.625,-104.125,47.375,"30","99",0,0,
"3200",-104.375,47.375,-104.125,47.125,"31","99",0,0,
"3201",-104.125,55.125,-103.875,54.875,"0","100",6855,0,0
"3202",-104.125,54.875,-103.875,54.625,"1","100",6911,0,0
"3203",-104.125,54.625,-103.875,54.375,"2","100",6958,0,0
"3204",-104.125,54.375,-103.875,54.125,"3","100",7012,0,0
"3205",-104.125,54.125,-103.875,53.875,"4","100",7061,0,0
"3206",-104.125,53.875,-103.875,53.625,"5","100",7112,0,0
"3207",-104.125,53.625,-103.875,53.375,"6","100",7169,0,0
"3208",-104.125,53.375,-103.875,53.125,"7","100",7209,0,0
"3209",-104.125,53.125,-103.875,52.875,"8","100",7274,0,0
"3210",-104.125,52.875,-103.875,52.625,"9","100",7318,0,0
"3211",-104.125,52.625,-103.875,52.375,"10","100",7383,0,0
"3212",-104.125,52.375,-103.875,52.125,"11","100",7427,0,0
"3213",-104.125,52.125,-103.875,51.875,"12","100",7478,0,0
"3214",-104.125,51.875,-103.875,51.625,"13","100",7533,0,0
"3215",-104.125,51.625,-103.875,51.375,"14","100",7593,0,0
"3216",-104.125,51.375,-103.875,51.125,"15","100",7640,0,0
"3217",-104.125,51.125,-103.875,50.875,"16","100",7697,0,0
"3218",-104.125,50.875,-103.875,50.625,"17","100",7752,3.26235723495483,0.000420840716583441
"3219",-104.125,50.625,-103.875,50.375,"18","100",7804,0,0
"3220",-104.125,50.375,-103.875,50.125,"19","100",7862,3.04849475622177,0.00038775054136629
"3221",-104.125,50.125,-103.875,49.875,"20","100",7908,50.8435468673706,0.00642938124271252
"3222",-104.125,49.875,-103.875,49.625,"21","100",7972,146.82078909874,0.0184170583415378
"3223",-104.125,49.625,-103.875,49.375,"22","100",8023,10.7010279893875,0.00133379384137947
"3224",-104.125,49.375,-103.875,49.125,"23","100",8086,175.201457314193,0.0216672591286413
"3225",-104.125,49.125,-103.875,48.875,"24","100",4163,31.9378995150328,0.00767184710906384
"3226",-104.125,48.875,-103.875,48.625,"25","100",0,0,
"3227",-104.125,48.625,-103.875,48.375,"26","100",0,0,
"3228",-104.125,48.375,-103.875,48.125,"27","100",0,0,
"3229",-104.125,48.125,-103.875,47.875,"28","100",0,0,
"3230",-104.125,47.875,-103.875,47.625,"29","100",0,0,
"3231",-104.125,47.625,-103.875,47.375,"30","100",0,0,
"3232",-104.125,47.375,-103.875,47.125,"31","100",0,0,
"3233",-103.875,55.125,-103.625,54.875,"0","101",6856,0,0
"3234",-103.875,54.875,-103.625,54.625,"1","101",6908,0,0
"3235",-103.875,54.625,-103.625,54.375,"2","101",6957,0,0
"3236",-103.875,54.375,-103.625,54.125,"3","101",7012,0,0
"3237",-103.875,54.125,-103.625,53.875,"4","101",7063,0,0
"3238",-103.875,53.875,-103.625,53.625,"5","101",7112,0,0
"3239",-103.875,53.625,-103.625,53.375,"6","101",7164,0,0
"3240",-103.875,53.375,-103.625,53.125,"7","101",7219,0,0
"3241",-103.875,53.125,-103.625,52.875,"8","101",7270,0,0
"3242",-103.875,52.875,-103.625,52.625,"9","101",7323,0,0
"3243",-103.875,52.625,-103.625,52.375,"10","101",7376,0,0
"3244",-103.875,52.375,-103.625,52.125,"11","101",7427,0,0
"3245",-103.875,52.125,-103.625,51.875,"12","101",7481,0,0
"3246",-103.875,51.875,-103.625,51.625,"13","101",7535,0,0
"3247",-103.875,51.625,-103.625,51.375,"14","101",7588,0,0
"3248",-103.875,51.375,-103.625,51.125,"15","101",7644,0,0
"3249",-103.875,51.125,-103.625,50.875,"16","101",7695,0,0
"3250",-103.875,50.875,-103.625,50.625,"17","101",7748,0.907241642475128,0.000117093655456263
"3251",-103.875,50.625,-103.625,50.375,"18","101",7805,5.67388397455215,0.00072695502556722
"3252",-103.875,50.375,-103.625,50.125,"19","101",7860,12.9469458460808,0.0016471941280001
"3253",-103.875,50.125,-103.625,49.875,"20","101",7917,12.0337498784065,0.00151998861669907
"3254",-103.875,49.875,-103.625,49.625,"21","101",7971,20.8310267925262,0.00261335174915647
"3255",-103.875,49.625,-103.625,49.375,"22","101",8024,277.779037415981,0.0346185241046836
"3256",-103.875,49.375,-103.625,49.125,"23","101",8080,83.9456332921982,0.0103893110510146
"3257",-103.875,49.125,-103.625,48.875,"24","101",4166,4.58699429035187,0.0011010547984522
"3258",-103.875,48.875,-103.625,48.625,"25","101",0,0,
"3259",-103.875,48.625,-103.625,48.375,"26","101",0,0,
"3260",-103.875,48.375,-103.625,48.125,"27","101",0,0,
"3261",-103.875,48.125,-103.625,47.875,"28","101",0,0,
"3262",-103.875,47.875,-103.625,47.625,"29","101",0,0,
"3263",-103.875,47.625,-103.625,47.375,"30","101",0,0,
"3264",-103.875,47.375,-103.625,47.125,"31","101",0,0,
"3265",-103.625,55.125,-103.375,54.875,"0","102",6859,0,0
"3266",-103.625,54.875,-103.375,54.625,"1","102",6907,0,0
"3267",-103.625,54.625,-103.375,54.375,"2","102",6960,0,0
"3268",-103.625,54.375,-103.375,54.125,"3","102",7010,0,0
"3269",-103.625,54.125,-103.375,53.875,"4","102",7060,0,0
"3270",-103.625,53.875,-103.375,53.625,"5","102",7115,0,0
"3271",-103.625,53.625,-103.375,53.375,"6","102",7167,0,0
"3272",-103.625,53.375,-103.375,53.125,"7","102",7218,0,0
"3273",-103.625,53.125,-103.375,52.875,"8","102",7269,0,0
"3274",-103.625,52.875,-103.375,52.625,"9","102",7321,0,0
"3275",-103.625,52.625,-103.375,52.375,"10","102",7373,0,0
"3276",-103.625,52.375,-103.375,52.125,"11","102",7431,0,0
"3277",-103.625,52.125,-103.375,51.875,"12","102",7481,0,0
"3278",-103.625,51.875,-103.375,51.625,"13","102",7536,0,0
"3279",-103.625,51.625,-103.375,51.375,"14","102",7587,0,0
"3280",-103.625,51.375,-103.375,51.125,"15","102",7642,0,0
"3281",-103.625,51.125,-103.375,50.875,"16","102",7695,0,0
"3282",-103.625,50.875,-103.375,50.625,"17","102",7754,0,0
"3283",-103.625,50.625,-103.375,50.375,"18","102",7804,0,0
"3284",-103.625,50.375,-103.375,50.125,"19","102",7861,3.39799118041992,0.000432259404709315
"3285",-103.625,50.125,-103.375,49.875,"20","102",7913,4.90320944786072,0.00061963976340967
"3286",-103.625,49.875,-103.375,49.625,"21","102",7968,73.585221350193,0.00923509304093788
"3287",-103.625,49.625,-103.375,49.375,"22","102",8028,605.519481480122,0.0754259443796863
"3288",-103.625,49.375,-103.375,49.125,"23","102",8082,996.08952242136,0.123247899334491
"3289",-103.625,49.125,-103.375,48.875,"24","102",4168,0,0
"3290",-103.625,48.875,-103.375,48.625,"25","102",0,0,
"3291",-103.625,48.625,-103.375,48.375,"26","102",0,0,
"3292",-103.625,48.375,-103.375,48.125,"27","102",0,0,
"3293",-103.625,48.125,-103.375,47.875,"28","102",0,0,
"3294",-103.625,47.875,-103.375,47.625,"29","102",0,0,
"3295",-103.625,47.625,-103.375,47.375,"30","102",0,0,
"3296",-103.625,47.375,-103.375,47.125,"31","102",0,0,
"3297",-103.375,55.125,-103.125,54.875,"0","103",6856,0,0
"3298",-103.375,54.875,-103.125,54.625,"1","103",6910,0,0
"3299",-103.375,54.625,-103.125,54.375,"2","103",6957,0,0
"3300",-103.375,54.375,-103.125,54.125,"3","103",7011,0,0
"3301",-103.375,54.125,-103.125,53.875,"4","103",7061,0,0
"3302",-103.375,53.875,-103.125,53.625,"5","103",7113,0,0
"3303",-103.375,53.625,-103.125,53.375,"6","103",7166,0,0
"3304",-103.375,53.375,-103.125,53.125,"7","103",7216,0,0
"3305",-103.375,53.125,-103.125,52.875,"8","103",7272,0,0
"3306",-103.375,52.875,-103.125,52.625,"9","103",7322,0,0
"3307",-103.375,52.625,-103.125,52.375,"10","103",7373,0,0
"3308",-103.375,52.375,-103.125,52.125,"11","103",7428,0,0
"3309",-103.375,52.125,-103.125,51.875,"12","103",7484,0,0
"3310",-103.375,51.875,-103.125,51.625,"13","103",7531,0,0
"3311",-103.375,51.625,-103.125,51.375,"14","103",7590,0,0
"3312",-103.375,51.375,-103.125,51.125,"15","103",7639,0,0
"3313",-103.375,51.125,-103.125,50.875,"16","103",7698,0,0
"3314",-103.375,50.875,-103.125,50.625,"17","103",7750,0,0
"3315",-103.375,50.625,-103.125,50.375,"18","103",7806,0,0
"3316",-103.375,50.375,-103.125,50.125,"19","103",7858,2.54552346467972,0.000323940374736538
"3317",-103.375,50.125,-103.125,49.875,"20","103",7915,12.4059679508209,0.00156739961475943
"3318",-103.375,49.875,-103.125,49.625,"21","103",7968,23.7287575006485,0.00297800671443882
"3319",-103.375,49.625,-103.125,49.375,"22","103",8027,17.4469126462936,0.00217352842236124
"3320",-103.375,49.375,-103.125,49.125,"23","103",8081,483.939244687557,0.0598860592361783
"3321",-103.375,49.125,-103.125,48.875,"24","103",4165,2.62736427783966,0.000630819754583352
"3322",-103.375,48.875,-103.125,48.625,"25","103",0,0,
"3323",-103.375,48.625,-103.125,48.375,"26","103",0,0,
"3324",-103.375,48.375,-103.125,48.125,"27","103",0,0,
"3325",-103.375,48.125,-103.125,47.875,"28","103",0,0,
"3326",-103.375,47.875,-103.125,47.625,"29","103",0,0,
"3327",-103.375,47.625,-103.125,47.375,"30","103",0,0,
"3328",-103.375,47.375,-103.125,47.125,"31","103",0,0,
"3329",-103.125,55.125,-102.875,54.875,"0","104",6854,0,0
"3330",-103.125,54.875,-102.875,54.625,"1","104",6910,0,0
"3331",-103.125,54.625,-102.875,54.375,"2","104",6957,0,0
"3332",-103.125,54.375,-102.875,54.125,"3","104",7012,0,0
"3333",-103.125,54.125,-102.875,53.875,"4","104",7060,0,0
"3334",-103.125,53.875,-102.875,53.625,"5","104",7116,0,0
"3335",-103.125,53.625,-102.875,53.375,"6","104",7164,8.83282494544983,0.00123294597228501
"3336",-103.125,53.375,-102.875,53.125,"7","104",7219,0,0
"3337",-103.125,53.125,-102.875,52.875,"8","104",7269,0,0
"3338",-103.125,52.875,-102.875,52.625,"9","104",7326,0,0
"3339",-103.125,52.625,-102.875,52.375,"10","104",7372,0,0
"3340",-103.125,52.375,-102.875,52.125,"11","104",7430,0,0
"3341",-103.125,52.125,-102.875,51.875,"12","104",7481,0,0
"3342",-103.125,51.875,-102.875,51.625,"13","104",7536,0,0
"3343",-103.125,51.625,-102.875,51.375,"14","104",7588,0,0
"3344",-103.125,51.375,-102.875,51.125,"15","104",7643,0,0
"3345",-103.125,51.125,-102.875,50.875,"16","104",7696,0,0
"3346",-103.125,50.875,-102.875,50.625,"17","104",7750,3.59071588516235,0.000463318178730626
"3347",-103.125,50.625,-102.875,50.375,"18","104",7805,0,0
"3348",-103.125,50.375,-102.875,50.125,"19","104",7862,0,0
"3349",-103.125,50.125,-102.875,49.875,"20","104",7913,19.4851654171944,0.00246242454406601
"3350",-103.125,49.875,-102.875,49.625,"21","104",7971,13.9620885252953,0.00175161065428369
"3351",-103.125,49.625,-102.875,49.375,"22","104",8026,0,0
"3352",-103.125,49.375,-102.875,49.125,"23","104",8081,135.126451909542,0.0167215012881502
"3353",-103.125,49.125,-102.875,48.875,"24","104",4169,1277.75948351622,0.306490641284772
"3354",-103.125,48.875,-102.875,48.625,"25","104",0,0,
"3355",-103.125,48.625,-102.875,48.375,"26","104",0,0,
"3356",-103.125,48.375,-102.875,48.125,"27","104",0,0,
"3357",-103.125,48.125,-102.875,47.875,"28","104",0,0,
"3358",-103.125,47.875,-102.875,47.625,"29","104",0,0,
"3359",-103.125,47.625,-102.875,47.375,"30","104",0,0,
"3360",-103.125,47.375,-102.875,47.125,"31","104",0,0,
"3361",-102.875,55.125,-102.625,54.875,"0","105",6861,0,0
"3362",-102.875,54.875,-102.625,54.625,"1","105",6902,0,0
"3363",-102.875,54.625,-102.625,54.375,"2","105",6963,0,0
"3364",-102.875,54.375,-102.625,54.125,"3","105",7008,0,0
"3365",-102.875,54.125,-102.625,53.875,"4","105",7064,0,0
"3366",-102.875,53.875,-102.625,53.625,"5","105",7110,0,0
"3367",-102.875,53.625,-102.625,53.375,"6","105",7169,0,0
"3368",-102.875,53.375,-102.625,53.125,"7","105",7217,0,0
"3369",-102.875,53.125,-102.625,52.875,"8","105",7271,0,0
"3370",-102.875,52.875,-102.625,52.625,"9","105",7319,0,0
"3371",-102.875,52.625,-102.625,52.375,"10","105",7376,0,0
"3372",-102.875,52.375,-102.625,52.125,"11","105",7425,0,0
"3373",-102.875,52.125,-102.625,51.875,"12","105",7485,0,0
"3374",-102.875,51.875,-102.625,51.625,"13","105",7532,0,0
"3375",-102.875,51.625,-102.625,51.375,"14","105",7590,0,0
"3376",-102.875,51.375,-102.625,51.125,"15","105",7643,0,0
"3377",-102.875,51.125,-102.625,50.875,"16","105",7695,0,0
"3378",-102.875,50.875,-102.625,50.625,"17","105",7749,0,0
"3379",-102.875,50.625,-102.625,50.375,"18","105",7807,0,0
"3380",-102.875,50.375,-102.625,50.125,"19","105",7862,0,0
"3381",-102.875,50.125,-102.625,49.875,"20","105",7914,0,0
"3382",-102.875,49.875,-102.625,49.625,"21","105",7969,11.0493643283844,0.0013865433967103
"3383",-102.875,49.625,-102.625,49.375,"22","105",8025,9.98196631669998,0.00124385873105296
"3384",-102.875,49.375,-102.625,49.125,"23","105",8084,35.8820052742958,0.00443864488796336
"3385",-102.875,49.125,-102.625,48.875,"24","105",4167,298.551741242409,0.071646686163285
"3386",-102.875,48.875,-102.625,48.625,"25","105",0,0,
"3387",-102.875,48.625,-102.625,48.375,"26","105",0,0,
"3388",-102.875,48.375,-102.625,48.125,"27","105",0,0,
"3389",-102.875,48.125,-102.625,47.875,"28","105",0,0,
"3390",-102.875,47.875,-102.625,47.625,"29","105",0,0,
"3391",-102.875,47.625,-102.625,47.375,"30","105",0,0,
"3392",-102.875,47.375,-102.625,47.125,"31","105",0,0,
"3393",-102.625,55.125,-102.375,54.875,"0","106",6854,0,0
"3394",-102.625,54.875,-102.375,54.625,"1","106",6911,0,0
"3395",-102.625,54.625,-102.375,54.375,"2","106",6958,0,0
"3396",-102.625,54.375,-102.375,54.125,"3","106",7008,0,0
"3397",-102.625,54.125,-102.375,53.875,"4","106",7064,0,0
"3398",-102.625,53.875,-102.375,53.625,"5","106",7113,0,0
"3399",-102.625,53.625,-102.375,53.375,"6","106",7164,0,0
"3400",-102.625,53.375,-102.375,53.125,"7","106",7216,0,0
"3401",-102.625,53.125,-102.375,52.875,"8","106",7272,0,0
"3402",-102.625,52.875,-102.375,52.625,"9","106",7324,0,0
"3403",-102.625,52.625,-102.375,52.375,"10","106",7374,0,0
"3404",-102.625,52.375,-102.375,52.125,"11","106",7427,0,0
"3405",-102.625,52.125,-102.375,51.875,"12","106",7483,0,0
"3406",-102.625,51.875,-102.375,51.625,"13","106",7534,0,0
"3407",-102.625,51.625,-102.375,51.375,"14","106",7588,0,0
"3408",-102.625,51.375,-102.375,51.125,"15","106",7641,0,0
"3409",-102.625,51.125,-102.375,50.875,"16","106",7699,0,0
"3410",-102.625,50.875,-102.375,50.625,"17","106",7751,0,0
"3411",-102.625,50.625,-102.375,50.375,"18","106",7802,0,0
"3412",-102.625,50.375,-102.375,50.125,"19","106",7860,0,0
"3413",-102.625,50.125,-102.375,49.875,"20","106",7915,0,0
"3414",-102.625,49.875,-102.375,49.625,"21","106",7971,0,0
"3415",-102.625,49.625,-102.375,49.375,"22","106",8026,0,0
"3416",-102.625,49.375,-102.375,49.125,"23","106",8079,0,0
"3417",-102.625,49.125,-102.375,48.875,"24","106",4168,0,0
"3418",-102.625,48.875,-102.375,48.625,"25","106",0,0,
"3419",-102.625,48.625,-102.375,48.375,"26","106",0,0,
"3420",-102.625,48.375,-102.375,48.125,"27","106",0,0,
"3421",-102.625,48.125,-102.375,47.875,"28","106",0,0,
"3422",-102.625,47.875,-102.375,47.625,"29","106",0,0,
"3423",-102.625,47.625,-102.375,47.375,"30","106",0,0,
"3424",-102.625,47.375,-102.375,47.125,"31","106",0,0,
"3425",-102.375,55.125,-102.125,54.875,"0","107",6856,0,0
"3426",-102.375,54.875,-102.125,54.625,"1","107",6907,0,0
"3427",-102.375,54.625,-102.125,54.375,"2","107",6960,0,0
"3428",-102.375,54.375,-102.125,54.125,"3","107",7011,0,0
"3429",-102.375,54.125,-102.125,53.875,"4","107",7061,0,0
"3430",-102.375,53.875,-102.125,53.625,"5","107",7113,0,0
"3431",-102.375,53.625,-102.125,53.375,"6","107",7164,0,0
"3432",-102.375,53.375,-102.125,53.125,"7","107",7220,0,0
"3433",-102.375,53.125,-102.125,52.875,"8","107",7268,0,0
"3434",-102.375,52.875,-102.125,52.625,"9","107",7321,0,0
"3435",-102.375,52.625,-102.125,52.375,"10","107",7377,0,0
"3436",-102.375,52.375,-102.125,52.125,"11","107",7431,0,0
"3437",-102.375,52.125,-102.125,51.875,"12","107",7478,0,0
"3438",-102.375,51.875,-102.125,51.625,"13","107",7537,0,0
"3439",-102.375,51.625,-102.125,51.375,"14","107",7588,0,0
"3440",-102.375,51.375,-102.125,51.125,"15","107",7641,0,0
"3441",-102.375,51.125,-102.125,50.875,"16","107",7696,0,0
"3442",-102.375,50.875,-102.125,50.625,"17","107",7750,0,0
"3443",-102.375,50.625,-102.125,50.375,"18","107",7807,0,0
"3444",-102.375,50.375,-102.125,50.125,"19","107",7860,0,0
"3445",-102.375,50.125,-102.125,49.875,"20","107",7915,0,0
"3446",-102.375,49.875,-102.125,49.625,"21","107",7970,0,0
"3447",-102.375,49.625,-102.125,49.375,"22","107",8025,0,0
"3448",-102.375,49.375,-102.125,49.125,"23","107",8082,30.6798681616783,0.00379607376412748
"3449",-102.375,49.125,-102.125,48.875,"24","107",4164,1.70019781589508,0.000408308793442623
"3450",-102.375,48.875,-102.125,48.625,"25","107",0,0,
"3451",-102.375,48.625,-102.125,48.375,"26","107",0,0,
"3452",-102.375,48.375,-102.125,48.125,"27","107",0,0,
"3453",-102.375,48.125,-102.125,47.875,"28","107",0,0,
"3454",-102.375,47.875,-102.125,47.625,"29","107",0,0,
"3455",-102.375,47.625,-102.125,47.375,"30","107",0,0,
"3456",-102.375,47.375,-102.125,47.125,"31","107",0,0,
"3457",-102.125,55.125,-101.875,54.875,"0","108",6857,0,0
"3458",-102.125,54.875,-101.875,54.625,"1","108",6906,0,0
"3459",-102.125,54.625,-101.875,54.375,"2","108",6961,0,0
"3460",-102.125,54.375,-101.875,54.125,"3","108",7008,0,0
"3461",-102.125,54.125,-101.875,53.875,"4","108",7064,38.6622011065483,0.00547313152697456
"3462",-102.125,53.875,-101.875,53.625,"5","108",7113,0,0
"3463",-102.125,53.625,-101.875,53.375,"6","108",7166,0,0
"3464",-102.125,53.375,-101.875,53.125,"7","108",7217,0,0
"3465",-102.125,53.125,-101.875,52.875,"8","108",7271,0,0
"3466",-102.125,52.875,-101.875,52.625,"9","108",7326,0,0
"3467",-102.125,52.625,-101.875,52.375,"10","108",7369,0,0
"3468",-102.125,52.375,-101.875,52.125,"11","108",7425,0,0
"3469",-102.125,52.125,-101.875,51.875,"12","108",7484,0,0
"3470",-102.125,51.875,-101.875,51.625,"13","108",7534,0,0
"3471",-102.125,51.625,-101.875,51.375,"14","108",7590,0,0
"3472",-102.125,51.375,-101.875,51.125,"15","108",7645,0,0
"3473",-102.125,51.125,-101.875,50.875,"16","108",7695,0,0
"3474",-102.125,50.875,-101.875,50.625,"17","108",7752,0,0
"3475",-102.125,50.625,-101.875,50.375,"18","108",7802,0,0
"3476",-102.125,50.375,-101.875,50.125,"19","108",7861,0,0
"3477",-102.125,50.125,-101.875,49.875,"20","108",7914,0,0
"3478",-102.125,49.875,-101.875,49.625,"21","108",7972,0,0
"3479",-102.125,49.625,-101.875,49.375,"22","108",8024,0,0
"3480",-102.125,49.375,-101.875,49.125,"23","108",8081,0,0
"3481",-102.125,49.125,-101.875,48.875,"24","108",4169,0,0
"3482",-102.125,48.875,-101.875,48.625,"25","108",0,0,
"3483",-102.125,48.625,-101.875,48.375,"26","108",0,0,
"3484",-102.125,48.375,-101.875,48.125,"27","108",0,0,
"3485",-102.125,48.125,-101.875,47.875,"28","108",0,0,
"3486",-102.125,47.875,-101.875,47.625,"29","108",0,0,
"3487",-102.125,47.625,-101.875,47.375,"30","108",0,0,
"3488",-102.125,47.375,-101.875,47.125,"31","108",0,0,
"3489",-101.875,55.125,-101.625,54.875,"0","109",6860,0,0
"3490",-101.875,54.875,-101.625,54.625,"1","109",6907,0,0
"3491",-101.875,54.625,-101.625,54.375,"2","109",6957,0,0
"3492",-101.875,54.375,-101.625,54.125,"3","109",7010,0,0
"3493",-101.875,54.125,-101.625,53.875,"4","109",7063,0,0
"3494",-101.875,53.875,-101.625,53.625,"5","109",7115,0,0
"3495",-101.875,53.625,-101.625,53.375,"6","109",7165,0,0
"3496",-101.875,53.375,-101.625,53.125,"7","109",7218,0,0
"3497",-101.875,53.125,-101.625,52.875,"8","109",7269,0,0
"3498",-101.875,52.875,-101.625,52.625,"9","109",7322,0,0
"3499",-101.875,52.625,-101.625,52.375,"10","109",7375,0,0
"3500",-101.875,52.375,-101.625,52.125,"11","109",7430,0,0
"3501",-101.875,52.125,-101.625,51.875,"12","109",7481,0,0
"3502",-101.875,51.875,-101.625,51.625,"13","109",7535,0,0
"3503",-101.875,51.625,-101.625,51.375,"14","109",7587,0,0
"3504",-101.875,51.375,-101.625,51.125,"15","109",7643,0,0
"3505",-101.875,51.125,-101.625,50.875,"16","109",7696,0,0
"3506",-101.875,50.875,-101.625,50.625,"17","109",7752,0,0
"3507",-101.875,50.625,-101.625,50.375,"18","109",7804,0,0
"3508",-101.875,50.375,-101.625,50.125,"19","109",7859,0,0
"3509",-101.875,50.125,-101.625,49.875,"20","109",7915,0,0
"3510",-101.875,49.875,-101.625,49.625,"21","109",7970,0,0
"3511",-101.875,49.625,-101.625,49.375,"22","109",8026,0,0
"3512",-101.875,49.375,-101.625,49.125,"23","109",8080,0,0
"3513",-101.875,49.125,-101.625,48.875,"24","109",4168,0,0
"3514",-101.875,48.875,-101.625,48.625,"25","109",0,0,
"3515",-101.875,48.625,-101.625,48.375,"26","109",0,0,
"3516",-101.875,48.375,-101.625,48.125,"27","109",0,0,
"3517",-101.875,48.125,-101.625,47.875,"28","109",0,0,
"3518",-101.875,47.875,-101.625,47.625,"29","109",0,0,
"3519",-101.875,47.625,-101.625,47.375,"30","109",0,0,
"3520",-101.875,47.375,-101.625,47.125,"31","109",0,0,
"3521",-101.625,55.125,-101.375,54.875,"0","110",6855,0,0
"3522",-101.625,54.875,-101.375,54.625,"1","110",6909,0,0
"3523",-101.625,54.625,-101.375,54.375,"2","110",6959,0,0
"3524",-101.625,54.375,-101.375,54.125,"3","110",7013,0,0
"3525",-101.625,54.125,-101.375,53.875,"4","110",7061,0,0
"3526",-101.625,53.875,-101.375,53.625,"5","110",7113,0,0
"3527",-101.625,53.625,-101.375,53.375,"6","110",7168,0,0
"3528",-101.625,53.375,-101.375,53.125,"7","110",7214,0,0
"3529",-101.625,53.125,-101.375,52.875,"8","110",7269,0,0
"3530",-101.625,52.875,-101.375,52.625,"9","110",7324,0,0
"3531",-101.625,52.625,-101.375,52.375,"10","110",7375,0,0
"3532",-101.625,52.375,-101.375,52.125,"11","110",7429,0,0
"3533",-101.625,52.125,-101.375,51.875,"12","110",7480,0,0
"3534",-101.625,51.875,-101.375,51.625,"13","110",7534,0,0
"3535",-101.625,51.625,-101.375,51.375,"14","110",7590,0,0
"3536",-101.625,51.375,-101.375,51.125,"15","110",7640,0,0
"3537",-101.625,51.125,-101.375,50.875,"16","110",7698,0,0
"3538",-101.625,50.875,-101.375,50.625,"17","110",7749,0,0
"3539",-101.625,50.625,-101.375,50.375,"18","110",7805,0,0
"3540",-101.625,50.375,-101.375,50.125,"19","110",7861,0,0
"3541",-101.625,50.125,-101.375,49.875,"20","110",7913,0,0
"3542",-101.625,49.875,-101.375,49.625,"21","110",7970,0,0
"3543",-101.625,49.625,-101.375,49.375,"22","110",8026,0,0
"3544",-101.625,49.375,-101.375,49.125,"23","110",8082,0,0
"3545",-101.625,49.125,-101.375,48.875,"24","110",4167,0,0
"3546",-101.625,48.875,-101.375,48.625,"25","110",0,0,
"3547",-101.625,48.625,-101.375,48.375,"26","110",0,0,
"3548",-101.625,48.375,-101.375,48.125,"27","110",0,0,
"3549",-101.625,48.125,-101.375,47.875,"28","110",0,0,
"3550",-101.625,47.875,-101.375,47.625,"29","110",0,0,
"3551",-101.625,47.625,-101.375,47.375,"30","110",0,0,
"3552",-101.625,47.375,-101.375,47.125,"31","110",0,0,
"3553",-101.375,55.125,-101.125,54.875,"0","111",6857,0,0
"3554",-101.375,54.875,-101.125,54.625,"1","111",6907,0,0
"3555",-101.375,54.625,-101.125,54.375,"2","111",6958,0,0
"3556",-101.375,54.375,-101.125,54.125,"3","111",7011,0,0
"3557",-101.375,54.125,-101.125,53.875,"4","111",7061,0,0
"3558",-101.375,53.875,-101.125,53.625,"5","111",7114,0,0
"3559",-101.375,53.625,-101.125,53.375,"6","111",7164,0,0
"3560",-101.375,53.375,-101.125,53.125,"7","111",7219,0,0
"3561",-101.375,53.125,-101.125,52.875,"8","111",7272,0,0
"3562",-101.375,52.875,-101.125,52.625,"9","111",7320,0,0
"3563",-101.375,52.625,-101.125,52.375,"10","111",7377,0,0
"3564",-101.375,52.375,-101.125,52.125,"11","111",7427,0,0
"3565",-101.375,52.125,-101.125,51.875,"12","111",7483,0,0
"3566",-101.375,51.875,-101.125,51.625,"13","111",7532,0,0
"3567",-101.375,51.625,-101.125,51.375,"14","111",7590,0,0
"3568",-101.375,51.375,-101.125,51.125,"15","111",7643,0,0
"3569",-101.375,51.125,-101.125,50.875,"16","111",7695,0,0
"3570",-101.375,50.875,-101.125,50.625,"17","111",7752,0,0
"3571",-101.375,50.625,-101.125,50.375,"18","111",7805,0,0
"3572",-101.375,50.375,-101.125,50.125,"19","111",7859,0,0
"3573",-101.375,50.125,-101.125,49.875,"20","111",7916,0,0
"3574",-101.375,49.875,-101.125,49.625,"21","111",7970,0,0
"3575",-101.375,49.625,-101.125,49.375,"22","111",8024,0,0
"3576",-101.375,49.375,-101.125,49.125,"23","111",8084,0,0
"3577",-101.375,49.125,-101.125,48.875,"24","111",4182,0,0
"3578",-101.375,48.875,-101.125,48.625,"25","111",0,0,
"3579",-101.375,48.625,-101.125,48.375,"26","111",0,0,
"3580",-101.375,48.375,-101.125,48.125,"27","111",0,0,
"3581",-101.375,48.125,-101.125,47.875,"28","111",0,0,
"3582",-101.375,47.875,-101.125,47.625,"29","111",0,0,
"3583",-101.375,47.625,-101.125,47.375,"30","111",0,0,
"3584",-101.375,47.375,-101.125,47.125,"31","111",0,0,
"3585",-101.125,55.125,-100.875,54.875,"0","112",6858,0,0
"3586",-101.125,54.875,-100.875,54.625,"1","112",6908,0,0
"3587",-101.125,54.625,-100.875,54.375,"2","112",6960,0,0
"3588",-101.125,54.375,-100.875,54.125,"3","112",7007,0,0
"3589",-101.125,54.125,-100.875,53.875,"4","112",7062,0,0
"3590",-101.125,53.875,-100.875,53.625,"5","112",7113,0,0
"3591",-101.125,53.625,-100.875,53.375,"6","112",7167,0,0
"3592",-101.125,53.375,-100.875,53.125,"7","112",7217,0,0
"3593",-101.125,53.125,-100.875,52.875,"8","112",7268,0,0
"3594",-101.125,52.875,-100.875,52.625,"9","112",7324,0,0
"3595",-101.125,52.625,-100.875,52.375,"10","112",7376,0,0
"3596",-101.125,52.375,-100.875,52.125,"11","112",7428,0,0
"3597",-101.125,52.125,-100.875,51.875,"12","112",7481,0,0
"3598",-101.125,51.875,-100.875,51.625,"13","112",7536,0,0
"3599",-101.125,51.625,-100.875,51.375,"14","112",7587,0,0
"3600",-101.125,51.375,-100.875,51.125,"15","112",7642,0,0
"3601",-101.125,51.125,-100.875,50.875,"16","112",7696,0,0
"3602",-101.125,50.875,-100.875,50.625,"17","112",7749,0,0
"3603",-101.125,50.625,-100.875,50.375,"18","112",7806,0,0
"3604",-101.125,50.375,-100.875,50.125,"19","112",7860,0,0
"3605",-101.125,50.125,-100.875,49.875,"20","112",7915,0,0
"3606",-101.125,49.875,-100.875,49.625,"21","112",7971,0,0
"3607",-101.125,49.625,-100.875,49.375,"22","112",8026,0,0
"3608",-101.125,49.375,-100.875,49.125,"23","112",8080,0,0
"3609",-101.125,49.125,-100.875,48.875,"24","112",4183,0,0
"3610",-101.125,48.875,-100.875,48.625,"25","112",0,0,
"3611",-101.125,48.625,-100.875,48.375,"26","112",0,0,
"3612",-101.125,48.375,-100.875,48.125,"27","112",0,0,
"3613",-101.125,48.125,-100.875,47.875,"28","112",0,0,
"3614",-101.125,47.875,-100.875,47.625,"29","112",0,0,
"3615",-101.125,47.625,-100.875,47.375,"30","112",0,0,
"3616",-101.125,47.375,-100.875,47.125,"31","112",0,0,
"3617",-100.875,55.125,-100.625,54.875,"0","113",6855,0,0
"3618",-100.875,54.875,-100.625,54.625,"1","113",6907,0,0
"3619",-100.875,54.625,-100.625,54.375,"2","113",6961,0,0
"3620",-100.875,54.375,-100.625,54.125,"3","113",7014,0,0
"3621",-100.875,54.125,-100.625,53.875,"4","113",7060,0,0
"3622",-100.875,53.875,-100.625,53.625,"5","113",7113,0,0
"3623",-100.875,53.625,-100.625,53.375,"6","113",7167,0,0
"3624",-100.875,53.375,-100.625,53.125,"7","113",7217,0,0
"3625",-100.875,53.125,-100.625,52.875,"8","113",7270,0,0
"3626",-100.875,52.875,-100.625,52.625,"9","113",7320,0,0
"3627",-100.875,52.625,-100.625,52.375,"10","113",7379,0,0
"3628",-100.875,52.375,-100.625,52.125,"11","113",7427,0,0
"3629",-100.875,52.125,-100.625,51.875,"12","113",7481,0,0
"3630",-100.875,51.875,-100.625,51.625,"13","113",7536,0,0
"3631",-100.875,51.625,-100.625,51.375,"14","113",7588,0,0
"3632",-100.875,51.375,-100.625,51.125,"15","113",7638,0,0
"3633",-100.875,51.125,-100.625,50.875,"16","113",7697,0,0
"3634",-100.875,50.875,-100.625,50.625,"17","113",7753,0,0
"3635",-100.875,50.625,-100.625,50.375,"18","113",7806,0,0
"3636",-100.875,50.375,-100.625,50.125,"19","113",7858,0,0
"3637",-100.875,50.125,-100.625,49.875,"20","113",7917,0,0
"3638",-100.875,49.875,-100.625,49.625,"21","113",7969,0,0
"3639",-100.875,49.625,-100.625,49.375,"22","113",8028,0,0
"3640",-100.875,49.375,-100.625,49.125,"23","113",8077,0,0
"3641",-100.875,49.125,-100.625,48.875,"24","113",4187,0,0
"3642",-100.875,48.875,-100.625,48.625,"25","113",0,0,
"3643",-100.875,48.625,-100.625,48.375,"26","113",0,0,
"3644",-100.875,48.375,-100.625,48.125,"27","113",0,0,
"3645",-100.875,48.125,-100.625,47.875,"28","113",0,0,
"3646",-100.875,47.875,-100.625,47.625,"29","113",0,0,
"3647",-100.875,47.625,-100.625,47.375,"30","113",0,0,
"3648",-100.875,47.375,-100.625,47.125,"31","113",0,0,
"3649",-100.625,55.125,-100.375,54.875,"0","114",6858,0,0
"3650",-100.625,54.875,-100.375,54.625,"1","114",6908,0,0
"3651",-100.625,54.625,-100.375,54.375,"2","114",6958,0,0
"3652",-100.625,54.375,-100.375,54.125,"3","114",7011,0,0
"3653",-100.625,54.125,-100.375,53.875,"4","114",7063,0,0
"3654",-100.625,53.875,-100.375,53.625,"5","114",7113,0,0
"3655",-100.625,53.625,-100.375,53.375,"6","114",7164,0,0
"3656",-100.625,53.375,-100.375,53.125,"7","114",7217,0,0
"3657",-100.625,53.125,-100.375,52.875,"8","114",7272,0,0
"3658",-100.625,52.875,-100.375,52.625,"9","114",7321,0,0
"3659",-100.625,52.625,-100.375,52.375,"10","114",7375,0,0
"3660",-100.625,52.375,-100.375,52.125,"11","114",7429,0,0
"3661",-100.625,52.125,-100.375,51.875,"12","114",7481,0,0
"3662",-100.625,51.875,-100.375,51.625,"13","114",7535,0,0
"3663",-100.625,51.625,-100.375,51.375,"14","114",7590,0,0
"3664",-100.625,51.375,-100.375,51.125,"15","114",7639,0,0
"3665",-100.625,51.125,-100.375,50.875,"16","114",7697,0,0
"3666",-100.625,50.875,-100.375,50.625,"17","114",7752,0,0
"3667",-100.625,50.625,-100.375,50.375,"18","114",7803,0,0
"3668",-100.625,50.375,-100.375,50.125,"19","114",7862,0,0
"3669",-100.625,50.125,-100.375,49.875,"20","114",7915,0,0
"3670",-100.625,49.875,-100.375,49.625,"21","114",7968,0,0
"3671",-100.625,49.625,-100.375,49.375,"22","114",8024,0,0
"3672",-100.625,49.375,-100.375,49.125,"23","114",8086,0,0
"3673",-100.625,49.125,-100.375,48.875,"24","114",4187,0,0
"3674",-100.625,48.875,-100.375,48.625,"25","114",0,0,
"3675",-100.625,48.625,-100.375,48.375,"26","114",0,0,
"3676",-100.625,48.375,-100.375,48.125,"27","114",0,0,
"3677",-100.625,48.125,-100.375,47.875,"28","114",0,0,
"3678",-100.625,47.875,-100.375,47.625,"29","114",0,0,
"3679",-100.625,47.625,-100.375,47.375,"30","114",0,0,
"3680",-100.625,47.375,-100.375,47.125,"31","114",0,0,
"3681",-100.375,55.125,-100.125,54.875,"0","115",6859,0,0
"3682",-100.375,54.875,-100.125,54.625,"1","115",6908,0,0
"3683",-100.375,54.625,-100.125,54.375,"2","115",6958,0,0
"3684",-100.375,54.375,-100.125,54.125,"3","115",7011,0,0
"3685",-100.375,54.125,-100.125,53.875,"4","115",7061,0,0
"3686",-100.375,53.875,-100.125,53.625,"5","115",7111,0,0
"3687",-100.375,53.625,-100.125,53.375,"6","115",7166,0,0
"3688",-100.375,53.375,-100.125,53.125,"7","115",7219,0,0
"3689",-100.375,53.125,-100.125,52.875,"8","115",7269,0,0
"3690",-100.375,52.875,-100.125,52.625,"9","115",7326,0,0
"3691",-100.375,52.625,-100.125,52.375,"10","115",7372,0,0
"3692",-100.375,52.375,-100.125,52.125,"11","115",7428,0,0
"3693",-100.375,52.125,-100.125,51.875,"12","115",7482,0,0
"3694",-100.375,51.875,-100.125,51.625,"13","115",7534,0,0
"3695",-100.375,51.625,-100.125,51.375,"14","115",7587,0,0
"3696",-100.375,51.375,-100.125,51.125,"15","115",7643,0,0
"3697",-100.375,51.125,-100.125,50.875,"16","115",7698,0,0
"3698",-100.375,50.875,-100.125,50.625,"17","115",7750,0,0
"3699",-100.375,50.625,-100.125,50.375,"18","115",7806,0,0
"3700",-100.375,50.375,-100.125,50.125,"19","115",7858,0,0
"3701",-100.375,50.125,-100.125,49.875,"20","115",7915,0,0
"3702",-100.375,49.875,-100.125,49.625,"21","115",7970,0,0
"3703",-100.375,49.625,-100.125,49.375,"22","115",8027,0,0
"3704",-100.375,49.375,-100.125,49.125,"23","115",8081,0,0
"3705",-100.375,49.125,-100.125,48.875,"24","115",4187,0,0
"3706",-100.375,48.875,-100.125,48.625,"25","115",0,0,
"3707",-100.375,48.625,-100.125,48.375,"26","115",0,0,
"3708",-100.375,48.375,-100.125,48.125,"27","115",0,0,
"3709",-100.375,48.125,-100.125,47.875,"28","115",0,0,
"3710",-100.375,47.875,-100.125,47.625,"29","115",0,0,
"3711",-100.375,47.625,-100.125,47.375,"30","115",0,0,
"3712",-100.375,47.375,-100.125,47.125,"31","115",0,0,
"3713",-100.125,55.125,-99.875,54.875,"0","116",6855,0,0
"3714",-100.125,54.875,-99.875,54.625,"1","116",6904,0,0
"3715",-100.125,54.625,-99.875,54.375,"2","116",6962,0,0
"3716",-100.125,54.375,-99.875,54.125,"3","116",7012,0,0
"3717",-100.125,54.125,-99.875,53.875,"4","116",7063,0,0
"3718",-100.125,53.875,-99.875,53.625,"5","116",7112,0,0
"3719",-100.125,53.625,-99.875,53.375,"6","116",7165,0,0
"3720",-100.125,53.375,-99.875,53.125,"7","116",7217,0,0
"3721",-100.125,53.125,-99.875,52.875,"8","116",7272,0,0
"3722",-100.125,52.875,-99.875,52.625,"9","116",7323,0,0
"3723",-100.125,52.625,-99.875,52.375,"10","116",7377,0,0
"3724",-100.125,52.375,-99.875,52.125,"11","116",7424,0,0
"3725",-100.125,52.125,-99.875,51.875,"12","116",7479,0,0
"3726",-100.125,51.875,-99.875,51.625,"13","116",7540,0,0
"3727",-100.125,51.625,-99.875,51.375,"14","116",7589,0,0
"3728",-100.125,51.375,-99.875,51.125,"15","116",7642,0,0
"3729",-100.125,51.125,-99.875,50.875,"16","116",7693,0,0
"3730",-100.125,50.875,-99.875,50.625,"17","116",7746,0,0
"3731",-100.125,50.625,-99.875,50.375,"18","116",7808,0,0
"3732",-100.125,50.375,-99.875,50.125,"19","116",7864,0,0
"3733",-100.125,50.125,-99.875,49.875,"20","116",7914,0,0
"3734",-100.125,49.875,-99.875,49.625,"21","116",7971,0,0
"3735",-100.125,49.625,-99.875,49.375,"22","116",8023,0,0
"3736",-100.125,49.375,-99.875,49.125,"23","116",8078,0,0
"3737",-100.125,49.125,-99.875,48.875,"24","116",4193,0,0
"3738",-100.125,48.875,-99.875,48.625,"25","116",0,0,
"3739",-100.125,48.625,-99.875,48.375,"26","116",0,0,
"3740",-100.125,48.375,-99.875,48.125,"27","116",0,0,
"3741",-100.125,48.125,-99.875,47.875,"28","116",0,0,
"3742",-100.125,47.875,-99.875,47.625,"29","116",0,0,
"3743",-100.125,47.625,-99.875,47.375,"30","116",0,0,
"3744",-100.125,47.375,-99.875,47.125,"31","116",0,0,
