id,left,top,right,bottom,row_index,col_index,acres2,_count,_sum,_mean
1,-128.125000000000000,54.125000000000000,-127.875000000000000,53.875000000000000,0,0,112725,7064,2410,0.341166477916195
2,-128.125000000000000,53.875000000000000,-127.875000000000000,53.625000000000000,1,0,113394,7112,1468,0.206411698537683
3,-128.125000000000000,53.625000000000000,-127.875000000000000,53.375000000000000,2,0,114062,6930,2275,0.328282828282828
4,-128.125000000000000,53.375000000000000,-127.875000000000000,53.125000000000000,3,0,114727,6679,1103,0.165144482706992
5,-128.125000000000000,53.125000000000000,-127.875000000000000,52.875000000000000,4,0,115389,7137,782,0.109569847274765
6,-128.125000000000000,52.875000000000000,-127.875000000000000,52.625000000000000,5,0,116050,6897,2151,0.311874728142671
7,-128.125000000000000,52.625000000000000,-127.875000000000000,52.375000000000000,6,0,116708,6001,2863,0.47708715214131
8,-128.125000000000000,52.375000000000000,-127.875000000000000,52.125000000000000,7,0,117364,5564,1607,0.28882099209202
9,-128.125000000000000,52.125000000000000,-127.875000000000000,51.875000000000000,8,0,118018,4983,234,0.0469596628537026
10,-128.125000000000000,51.875000000000000,-127.875000000000000,51.625000000000000,9,0,118669,3003,46,0.0153180153180153
11,-128.125000000000000,51.625000000000000,-127.875000000000000,51.375000000000000,10,0,119318,4422,352,0.0796019900497512
12,-128.125000000000000,51.375000000000000,-127.875000000000000,51.125000000000000,11,0,119964,0,0,
13,-128.125000000000000,51.125000000000000,-127.875000000000000,50.875000000000000,12,0,120608,450,70,0.155555555555556
14,-128.125000000000000,50.875000000000000,-127.875000000000000,50.625000000000000,13,0,121250,7409,1382,0.186529896072344
15,-128.125000000000000,50.625000000000000,-127.875000000000000,50.375000000000000,14,0,121889,5301,1955,0.368798339935861
16,-128.125000000000000,50.375000000000000,-127.875000000000000,50.125000000000000,15,0,122526,670,228,0.340298507462687
17,-128.125000000000000,50.125000000000000,-127.875000000000000,49.875000000000000,16,0,123161,100,25,0.25
18,-128.125000000000000,49.875000000000000,-127.875000000000000,49.625000000000000,17,0,123793,0,0,
19,-128.125000000000000,49.625000000000000,-127.875000000000000,49.375000000000000,18,0,124423,0,0,
20,-128.125000000000000,49.375000000000000,-127.875000000000000,49.125000000000000,19,0,125050,0,0,
21,-128.125000000000000,49.125000000000000,-127.875000000000000,48.875000000000000,20,0,125675,0,0,
22,-128.125000000000000,48.875000000000000,-127.875000000000000,48.625000000000000,21,0,126297,0,0,
23,-128.125000000000000,48.625000000000000,-127.875000000000000,48.375000000000000,22,0,126917,0,0,
24,-128.125000000000000,48.375000000000000,-127.875000000000000,48.125000000000000,23,0,127534,0,0,
25,-127.875000000000000,54.125000000000000,-127.625000000000000,53.875000000000000,0,1,112725,7062,3114,0.440951571792693
26,-127.875000000000000,53.875000000000000,-127.625000000000000,53.625000000000000,1,1,113394,7114,2727,0.383328647736857
27,-127.875000000000000,53.625000000000000,-127.625000000000000,53.375000000000000,2,1,114062,7166,1930,0.269327379291097
28,-127.875000000000000,53.375000000000000,-127.625000000000000,53.125000000000000,3,1,114727,7195,2789,0.387630298818624
29,-127.875000000000000,53.125000000000000,-127.625000000000000,52.875000000000000,4,1,115389,7270,1340,0.184319119669876
30,-127.875000000000000,52.875000000000000,-127.625000000000000,52.625000000000000,5,1,116050,7287,638,0.0875531768903527
31,-127.875000000000000,52.625000000000000,-127.625000000000000,52.375000000000000,6,1,116708,7115,2437,0.342515811665495
32,-127.875000000000000,52.375000000000000,-127.625000000000000,52.125000000000000,7,1,117364,6093,2713,0.445265058263581
33,-127.875000000000000,52.125000000000000,-127.625000000000000,51.875000000000000,8,1,118018,5940,1482,0.249494949494949
34,-127.875000000000000,51.875000000000000,-127.625000000000000,51.625000000000000,9,1,118669,7233,1713,0.236831190377437
35,-127.875000000000000,51.625000000000000,-127.625000000000000,51.375000000000000,10,1,119318,3010,244,0.081063122923588
36,-127.875000000000000,51.375000000000000,-127.625000000000000,51.125000000000000,11,1,119964,3360,51,0.0151785714285714
37,-127.875000000000000,51.125000000000000,-127.625000000000000,50.875000000000000,12,1,120608,1010,152,0.15049504950495
38,-127.875000000000000,50.875000000000000,-127.625000000000000,50.625000000000000,13,1,121250,6945,1045,0.150467962562995
39,-127.875000000000000,50.625000000000000,-127.625000000000000,50.375000000000000,14,1,121889,6469,4071,0.629309012212088
40,-127.875000000000000,50.375000000000000,-127.625000000000000,50.125000000000000,15,1,122526,6364,3393,0.533155248271527
41,-127.875000000000000,50.125000000000000,-127.625000000000000,49.875000000000000,16,1,123161,608,107,0.175986842105263
42,-127.875000000000000,49.875000000000000,-127.625000000000000,49.625000000000000,17,1,123793,0,0,
43,-127.875000000000000,49.625000000000000,-127.625000000000000,49.375000000000000,18,1,124423,0,0,
44,-127.875000000000000,49.375000000000000,-127.625000000000000,49.125000000000000,19,1,125050,0,0,
45,-127.875000000000000,49.125000000000000,-127.625000000000000,48.875000000000000,20,1,125675,0,0,
46,-127.875000000000000,48.875000000000000,-127.625000000000000,48.625000000000000,21,1,126297,0,0,
47,-127.875000000000000,48.625000000000000,-127.625000000000000,48.375000000000000,22,1,126917,0,0,
48,-127.875000000000000,48.375000000000000,-127.625000000000000,48.125000000000000,23,1,127534,0,0,
49,-127.625000000000000,54.125000000000000,-127.375000000000000,53.875000000000000,0,2,112725,7062,3945,0.558623619371283
50,-127.625000000000000,53.875000000000000,-127.375000000000000,53.625000000000000,1,2,113394,7114,3807,0.535141973573236
51,-127.625000000000000,53.625000000000000,-127.375000000000000,53.375000000000000,2,2,114062,7165,1646,0.229727843684578
52,-127.625000000000000,53.375000000000000,-127.375000000000000,53.125000000000000,3,2,114727,7216,2616,0.362527716186253
53,-127.625000000000000,53.125000000000000,-127.375000000000000,52.875000000000000,4,2,115389,7270,2903,0.399312242090784
54,-127.625000000000000,52.875000000000000,-127.375000000000000,52.625000000000000,5,2,116050,7322,915,0.124965856323409
55,-127.625000000000000,52.625000000000000,-127.375000000000000,52.375000000000000,6,2,116708,6572,1847,0.28104077906269
56,-127.625000000000000,52.375000000000000,-127.375000000000000,52.125000000000000,7,2,117364,5383,2921,0.54263421883708
57,-127.625000000000000,52.125000000000000,-127.375000000000000,51.875000000000000,8,2,118018,6859,2992,0.436215191718909
58,-127.625000000000000,51.875000000000000,-127.375000000000000,51.625000000000000,9,2,118669,6387,2408,0.37701581337091
59,-127.625000000000000,51.625000000000000,-127.375000000000000,51.375000000000000,10,2,119318,6151,1993,0.324012355714518
60,-127.625000000000000,51.375000000000000,-127.375000000000000,51.125000000000000,11,2,119964,6114,1055,0.172554792280013
61,-127.625000000000000,51.125000000000000,-127.375000000000000,50.875000000000000,12,2,120608,3693,234,0.0633631194151097
62,-127.625000000000000,50.875000000000000,-127.375000000000000,50.625000000000000,13,2,121250,4220,1080,0.255924170616114
63,-127.625000000000000,50.625000000000000,-127.375000000000000,50.375000000000000,14,2,121889,6693,5035,0.752278499925295
64,-127.625000000000000,50.375000000000000,-127.375000000000000,50.125000000000000,15,2,122526,7568,5237,0.691992600422833
65,-127.625000000000000,50.125000000000000,-127.375000000000000,49.875000000000000,16,2,123161,1270,552,0.434645669291339
66,-127.625000000000000,49.875000000000000,-127.375000000000000,49.625000000000000,17,2,123793,0,0,
67,-127.625000000000000,49.625000000000000,-127.375000000000000,49.375000000000000,18,2,124423,0,0,
68,-127.625000000000000,49.375000000000000,-127.375000000000000,49.125000000000000,19,2,125050,0,0,
69,-127.625000000000000,49.125000000000000,-127.375000000000000,48.875000000000000,20,2,125675,0,0,
70,-127.625000000000000,48.875000000000000,-127.375000000000000,48.625000000000000,21,2,126297,0,0,
71,-127.625000000000000,48.625000000000000,-127.375000000000000,48.375000000000000,22,2,126917,0,0,
72,-127.625000000000000,48.375000000000000,-127.375000000000000,48.125000000000000,23,2,127534,0,0,
73,-127.375000000000000,54.125000000000000,-127.125000000000000,53.875000000000000,0,3,112725,7061,4324,0.612377850162866
74,-127.375000000000000,53.875000000000000,-127.125000000000000,53.625000000000000,1,3,113394,7115,4238,0.595643007730148
75,-127.375000000000000,53.625000000000000,-127.125000000000000,53.375000000000000,2,3,114062,7166,4269,0.595729835333519
76,-127.375000000000000,53.375000000000000,-127.125000000000000,53.125000000000000,3,3,114727,7216,2820,0.39079822616408
77,-127.375000000000000,53.125000000000000,-127.125000000000000,52.875000000000000,4,3,115389,7269,1896,0.260833677259596
78,-127.375000000000000,52.875000000000000,-127.125000000000000,52.625000000000000,5,3,116050,7323,1688,0.230506622968729
79,-127.375000000000000,52.625000000000000,-127.125000000000000,52.375000000000000,6,3,116708,5839,3251,0.556773420106183
80,-127.375000000000000,52.375000000000000,-127.125000000000000,52.125000000000000,7,3,117364,6161,3228,0.523940918682032
81,-127.375000000000000,52.125000000000000,-127.125000000000000,51.875000000000000,8,3,118018,7479,3872,0.517716272228908
82,-127.375000000000000,51.875000000000000,-127.125000000000000,51.625000000000000,9,3,118669,7077,3920,0.553907022749753
83,-127.375000000000000,51.625000000000000,-127.125000000000000,51.375000000000000,10,3,119318,7443,3468,0.465941152760983
84,-127.375000000000000,51.375000000000000,-127.125000000000000,51.125000000000000,11,3,119964,6778,3323,0.490262614340513
85,-127.375000000000000,51.125000000000000,-127.125000000000000,50.875000000000000,12,3,120608,6179,1393,0.225441009872148
86,-127.375000000000000,50.875000000000000,-127.125000000000000,50.625000000000000,13,3,121250,851,207,0.243243243243243
87,-127.375000000000000,50.625000000000000,-127.125000000000000,50.375000000000000,14,3,121889,7665,4045,0.527723418134377
88,-127.375000000000000,50.375000000000000,-127.125000000000000,50.125000000000000,15,3,122526,7713,5128,0.664851549332296
89,-127.375000000000000,50.125000000000000,-127.125000000000000,49.875000000000000,16,3,123161,3990,1979,0.495989974937343
90,-127.375000000000000,49.875000000000000,-127.125000000000000,49.625000000000000,17,3,123793,81,3,0.037037037037037
91,-127.375000000000000,49.625000000000000,-127.125000000000000,49.375000000000000,18,3,124423,0,0,
92,-127.375000000000000,49.375000000000000,-127.125000000000000,49.125000000000000,19,3,125050,0,0,
93,-127.375000000000000,49.125000000000000,-127.125000000000000,48.875000000000000,20,3,125675,0,0,
94,-127.375000000000000,48.875000000000000,-127.125000000000000,48.625000000000000,21,3,126297,0,0,
95,-127.375000000000000,48.625000000000000,-127.125000000000000,48.375000000000000,22,3,126917,0,0,
96,-127.375000000000000,48.375000000000000,-127.125000000000000,48.125000000000000,23,3,127534,0,0,
97,-127.125000000000000,54.125000000000000,-126.875000000000000,53.875000000000000,0,4,112725,7061,3697,0.523580229429259
98,-127.125000000000000,53.875000000000000,-126.875000000000000,53.625000000000000,1,4,113394,7115,4127,0.580042164441321
99,-127.125000000000000,53.625000000000000,-126.875000000000000,53.375000000000000,2,4,114062,7165,3884,0.542079553384508
100,-127.125000000000000,53.375000000000000,-126.875000000000000,53.125000000000000,3,4,114727,7218,3647,0.505264616237185
101,-127.125000000000000,53.125000000000000,-126.875000000000000,52.875000000000000,4,4,115389,7262,2672,0.36794271550537
102,-127.125000000000000,52.875000000000000,-126.875000000000000,52.625000000000000,5,4,116050,6056,3530,0.582892998678996
103,-127.125000000000000,52.625000000000000,-126.875000000000000,52.375000000000000,6,4,116708,7223,3159,0.437352900456874
104,-127.125000000000000,52.375000000000000,-126.875000000000000,52.125000000000000,7,4,117364,5987,3620,0.604643394020377
105,-127.125000000000000,52.125000000000000,-126.875000000000000,51.875000000000000,8,4,118018,7482,1752,0.234161988773055
106,-127.125000000000000,51.875000000000000,-126.875000000000000,51.625000000000000,9,4,118669,7536,3424,0.454352441613588
107,-127.125000000000000,51.625000000000000,-126.875000000000000,51.375000000000000,10,4,119318,7576,3563,0.470300950369588
108,-127.125000000000000,51.375000000000000,-126.875000000000000,51.125000000000000,11,4,119964,7368,3736,0.507057546145494
109,-127.125000000000000,51.125000000000000,-126.875000000000000,50.875000000000000,12,4,120608,6203,2291,0.369337417378688
110,-127.125000000000000,50.875000000000000,-126.875000000000000,50.625000000000000,13,4,121250,2339,880,0.376229157759726
111,-127.125000000000000,50.625000000000000,-126.875000000000000,50.375000000000000,14,4,121889,6467,4047,0.625792484923458
112,-127.125000000000000,50.375000000000000,-126.875000000000000,50.125000000000000,15,4,122526,7825,5533,0.707092651757188
113,-127.125000000000000,50.125000000000000,-126.875000000000000,49.875000000000000,16,4,123161,7445,5463,0.733781061114842
114,-127.125000000000000,49.875000000000000,-126.875000000000000,49.625000000000000,17,4,123793,1691,557,0.329390892962744
115,-127.125000000000000,49.625000000000000,-126.875000000000000,49.375000000000000,18,4,124423,0,0,
116,-127.125000000000000,49.375000000000000,-126.875000000000000,49.125000000000000,19,4,125050,0,0,
117,-127.125000000000000,49.125000000000000,-126.875000000000000,48.875000000000000,20,4,125675,0,0,
118,-127.125000000000000,48.875000000000000,-126.875000000000000,48.625000000000000,21,4,126297,0,0,
119,-127.125000000000000,48.625000000000000,-126.875000000000000,48.375000000000000,22,4,126917,0,0,
120,-127.125000000000000,48.375000000000000,-126.875000000000000,48.125000000000000,23,4,127534,0,0,
121,-126.875000000000000,54.125000000000000,-126.625000000000000,53.875000000000000,0,5,112725,7060,2830,0.400849858356941
122,-126.875000000000000,53.875000000000000,-126.625000000000000,53.625000000000000,1,5,113394,7115,1799,0.252846099789178
123,-126.875000000000000,53.625000000000000,-126.625000000000000,53.375000000000000,2,5,114062,7168,5244,0.731584821428571
124,-126.875000000000000,53.375000000000000,-126.625000000000000,53.125000000000000,3,5,114727,7214,3897,0.540199611865816
125,-126.875000000000000,53.125000000000000,-126.625000000000000,52.875000000000000,4,5,115389,7273,3880,0.533479994500206
126,-126.875000000000000,52.875000000000000,-126.625000000000000,52.625000000000000,5,5,116050,7320,3139,0.428825136612022
127,-126.875000000000000,52.625000000000000,-126.625000000000000,52.375000000000000,6,5,116708,7190,2992,0.416133518776078
128,-126.875000000000000,52.375000000000000,-126.625000000000000,52.125000000000000,7,5,117364,7135,3381,0.473861247372109
129,-126.875000000000000,52.125000000000000,-126.625000000000000,51.875000000000000,8,5,118018,6940,3825,0.551152737752161
130,-126.875000000000000,51.875000000000000,-126.625000000000000,51.625000000000000,9,5,118669,7537,3981,0.528194241740746
131,-126.875000000000000,51.625000000000000,-126.625000000000000,51.375000000000000,10,5,119318,7588,3621,0.477200843437006
132,-126.875000000000000,51.375000000000000,-126.625000000000000,51.125000000000000,11,5,119964,7419,3368,0.453969537673541
133,-126.875000000000000,51.125000000000000,-126.625000000000000,50.875000000000000,12,5,120608,6264,3458,0.552043422733078
134,-126.875000000000000,50.875000000000000,-126.625000000000000,50.625000000000000,13,5,121250,3080,1041,0.337987012987013
135,-126.875000000000000,50.625000000000000,-126.625000000000000,50.375000000000000,14,5,121889,5518,4295,0.778361725262776
136,-126.875000000000000,50.375000000000000,-126.625000000000000,50.125000000000000,15,5,122526,7858,6218,0.791295495036905
137,-126.875000000000000,50.125000000000000,-126.625000000000000,49.875000000000000,16,5,123161,7489,5262,0.702630524769662
138,-126.875000000000000,49.875000000000000,-126.625000000000000,49.625000000000000,17,5,123793,7093,4128,0.581982236007331
139,-126.875000000000000,49.625000000000000,-126.625000000000000,49.375000000000000,18,5,124423,661,120,0.181543116490166
140,-126.875000000000000,49.375000000000000,-126.625000000000000,49.125000000000000,19,5,125050,0,0,
141,-126.875000000000000,49.125000000000000,-126.625000000000000,48.875000000000000,20,5,125675,0,0,
142,-126.875000000000000,48.875000000000000,-126.625000000000000,48.625000000000000,21,5,126297,0,0,
143,-126.875000000000000,48.625000000000000,-126.625000000000000,48.375000000000000,22,5,126917,0,0,
144,-126.875000000000000,48.375000000000000,-126.625000000000000,48.125000000000000,23,5,127534,0,0,
145,-126.625000000000000,54.125000000000000,-126.375000000000000,53.875000000000000,0,6,112725,7064,1060,0.150056625141563
146,-126.625000000000000,53.875000000000000,-126.375000000000000,53.625000000000000,1,6,113394,7113,2288,0.321664557851821
147,-126.625000000000000,53.625000000000000,-126.375000000000000,53.375000000000000,2,6,114062,7165,4511,0.629588276343336
148,-126.625000000000000,53.375000000000000,-126.375000000000000,53.125000000000000,3,6,114727,7218,2529,0.350374064837905
149,-126.625000000000000,53.125000000000000,-126.375000000000000,52.875000000000000,4,6,115389,7270,4403,0.605639614855571
150,-126.625000000000000,52.875000000000000,-126.375000000000000,52.625000000000000,5,6,116050,7322,4229,0.577574433214969
151,-126.625000000000000,52.625000000000000,-126.375000000000000,52.375000000000000,6,6,116708,7375,3469,0.470372881355932
152,-126.625000000000000,52.375000000000000,-126.375000000000000,52.125000000000000,7,6,117364,7428,3010,0.405223478729133
153,-126.625000000000000,52.125000000000000,-126.375000000000000,51.875000000000000,8,6,118018,7481,3512,0.469455955086218
154,-126.625000000000000,51.875000000000000,-126.375000000000000,51.625000000000000,9,6,118669,7535,4010,0.532183145321831
155,-126.625000000000000,51.625000000000000,-126.375000000000000,51.375000000000000,10,6,119318,7588,3312,0.436478650500791
156,-126.625000000000000,51.375000000000000,-126.375000000000000,51.125000000000000,11,6,119964,7644,3343,0.437336473050759
157,-126.625000000000000,51.125000000000000,-126.375000000000000,50.875000000000000,12,6,120608,6400,3920,0.6125
158,-126.625000000000000,50.875000000000000,-126.375000000000000,50.625000000000000,13,6,121250,4972,2619,0.526749798873693
159,-126.625000000000000,50.625000000000000,-126.375000000000000,50.375000000000000,14,6,121889,6029,4497,0.745894841598938
160,-126.625000000000000,50.375000000000000,-126.375000000000000,50.125000000000000,15,6,122526,7859,6949,0.884209186919455
161,-126.625000000000000,50.125000000000000,-126.375000000000000,49.875000000000000,16,6,123161,7915,5204,0.657485786481364
162,-126.625000000000000,49.875000000000000,-126.375000000000000,49.625000000000000,17,6,123793,6368,4513,0.708699748743719
163,-126.625000000000000,49.625000000000000,-126.375000000000000,49.375000000000000,18,6,124423,4993,2104,0.421389945924294
164,-126.625000000000000,49.375000000000000,-126.375000000000000,49.125000000000000,19,6,125050,0,0,
165,-126.625000000000000,49.125000000000000,-126.375000000000000,48.875000000000000,20,6,125675,0,0,
166,-126.625000000000000,48.875000000000000,-126.375000000000000,48.625000000000000,21,6,126297,0,0,
167,-126.625000000000000,48.625000000000000,-126.375000000000000,48.375000000000000,22,6,126917,0,0,
168,-126.625000000000000,48.375000000000000,-126.375000000000000,48.125000000000000,23,6,127534,0,0,
169,-126.375000000000000,54.125000000000000,-126.125000000000000,53.875000000000000,0,7,112725,7060,1241,0.175779036827195
170,-126.375000000000000,53.875000000000000,-126.125000000000000,53.625000000000000,1,7,113394,7114,1242,0.174585324711836
171,-126.375000000000000,53.625000000000000,-126.125000000000000,53.375000000000000,2,7,114062,7166,3774,0.526653642199274
172,-126.375000000000000,53.375000000000000,-126.125000000000000,53.125000000000000,3,7,114727,7216,3006,0.416574279379157
173,-126.375000000000000,53.125000000000000,-126.125000000000000,52.875000000000000,4,7,115389,7270,2753,0.378679504814305
174,-126.375000000000000,52.875000000000000,-126.125000000000000,52.625000000000000,5,7,116050,7323,4894,0.6683053393418
175,-126.375000000000000,52.625000000000000,-126.125000000000000,52.375000000000000,6,7,116708,7375,4843,0.656677966101695
176,-126.375000000000000,52.375000000000000,-126.125000000000000,52.125000000000000,7,7,117364,7427,1452,0.19550289484314
177,-126.375000000000000,52.125000000000000,-126.125000000000000,51.875000000000000,8,7,118018,7484,1214,0.162212720470337
178,-126.375000000000000,51.875000000000000,-126.125000000000000,51.625000000000000,9,7,118669,7534,3169,0.420626493230688
179,-126.375000000000000,51.625000000000000,-126.125000000000000,51.375000000000000,10,7,119318,7588,1591,0.209673168160253
180,-126.375000000000000,51.375000000000000,-126.125000000000000,51.125000000000000,11,7,119964,7640,2488,0.32565445026178
181,-126.375000000000000,51.125000000000000,-126.125000000000000,50.875000000000000,12,7,120608,7261,4096,0.564109626773172
182,-126.375000000000000,50.875000000000000,-126.125000000000000,50.625000000000000,13,7,121250,5665,3778,0.666902030008826
183,-126.375000000000000,50.625000000000000,-126.125000000000000,50.375000000000000,14,7,121889,5981,4671,0.780973081424511
184,-126.375000000000000,50.375000000000000,-126.125000000000000,50.125000000000000,15,7,122526,7861,6147,0.781961582495866
185,-126.375000000000000,50.125000000000000,-126.125000000000000,49.875000000000000,16,7,123161,7914,5955,0.752463987869598
186,-126.375000000000000,49.875000000000000,-126.125000000000000,49.625000000000000,17,7,123793,7508,6496,0.865210442194992
187,-126.375000000000000,49.625000000000000,-126.125000000000000,49.375000000000000,18,7,124423,7280,5947,0.816895604395604
188,-126.375000000000000,49.375000000000000,-126.125000000000000,49.125000000000000,19,7,125050,1581,784,0.495888678051866
189,-126.375000000000000,49.125000000000000,-126.125000000000000,48.875000000000000,20,7,125675,0,0,
190,-126.375000000000000,48.875000000000000,-126.125000000000000,48.625000000000000,21,7,126297,0,0,
191,-126.375000000000000,48.625000000000000,-126.125000000000000,48.375000000000000,22,7,126917,0,0,
192,-126.375000000000000,48.375000000000000,-126.125000000000000,48.125000000000000,23,7,127534,0,0,
193,-126.125000000000000,54.125000000000000,-125.875000000000000,53.875000000000000,0,8,112725,7061,372,0.0526837558419487
194,-126.125000000000000,53.875000000000000,-125.875000000000000,53.625000000000000,1,8,113394,7115,680,0.095572733661279
195,-126.125000000000000,53.625000000000000,-125.875000000000000,53.375000000000000,2,8,114062,7163,1042,0.145469775233841
196,-126.125000000000000,53.375000000000000,-125.875000000000000,53.125000000000000,3,8,114727,7219,1204,0.166782102784319
197,-126.125000000000000,53.125000000000000,-125.875000000000000,52.875000000000000,4,8,115389,7272,421,0.0578932893289329
198,-126.125000000000000,52.875000000000000,-125.875000000000000,52.625000000000000,5,8,116050,7321,3029,0.4137412921732
199,-126.125000000000000,52.625000000000000,-125.875000000000000,52.375000000000000,6,8,116708,7376,3942,0.53443600867679
200,-126.125000000000000,52.375000000000000,-125.875000000000000,52.125000000000000,7,8,117364,7429,3546,0.477318616233679
201,-126.125000000000000,52.125000000000000,-125.875000000000000,51.875000000000000,8,8,118018,7480,1413,0.188903743315508
202,-126.125000000000000,51.875000000000000,-125.875000000000000,51.625000000000000,9,8,118669,7536,1102,0.146231422505308
203,-126.125000000000000,51.625000000000000,-125.875000000000000,51.375000000000000,10,8,119318,7589,0,0
204,-126.125000000000000,51.375000000000000,-125.875000000000000,51.125000000000000,11,8,119964,7642,1078,0.141062549070924
205,-126.125000000000000,51.125000000000000,-125.875000000000000,50.875000000000000,12,8,120608,7696,2871,0.373050935550936
206,-126.125000000000000,50.875000000000000,-125.875000000000000,50.625000000000000,13,8,121250,6551,4899,0.74782475957869
207,-126.125000000000000,50.625000000000000,-125.875000000000000,50.375000000000000,14,8,121889,5800,4193,0.722931034482759
208,-126.125000000000000,50.375000000000000,-125.875000000000000,50.125000000000000,15,8,122526,7861,6645,0.84531230123394
209,-126.125000000000000,50.125000000000000,-125.875000000000000,49.875000000000000,16,8,123161,7913,6574,0.830784784531783
210,-126.125000000000000,49.875000000000000,-125.875000000000000,49.625000000000000,17,8,123793,7832,6405,0.817798774259448
211,-126.125000000000000,49.625000000000000,-125.875000000000000,49.375000000000000,18,8,124423,7597,6150,0.809530077662235
212,-126.125000000000000,49.375000000000000,-125.875000000000000,49.125000000000000,19,8,125050,4023,2235,0.555555555555556
213,-126.125000000000000,49.125000000000000,-125.875000000000000,48.875000000000000,20,8,125675,49,5,0.102040816326531
214,-126.125000000000000,48.875000000000000,-125.875000000000000,48.625000000000000,21,8,126297,0,0,
215,-126.125000000000000,48.625000000000000,-125.875000000000000,48.375000000000000,22,8,126917,0,0,
216,-126.125000000000000,48.375000000000000,-125.875000000000000,48.125000000000000,23,8,127534,0,0,
217,-125.875000000000000,54.125000000000000,-125.625000000000000,53.875000000000000,0,9,112725,7063,301,0.0426164519326065
218,-125.875000000000000,53.875000000000000,-125.625000000000000,53.625000000000000,1,9,113394,7113,351,0.0493462673977225
219,-125.875000000000000,53.625000000000000,-125.625000000000000,53.375000000000000,2,9,114062,7166,279,0.038933854312029
220,-125.875000000000000,53.375000000000000,-125.625000000000000,53.125000000000000,3,9,114727,7218,191,0.0264616237184816
221,-125.875000000000000,53.125000000000000,-125.625000000000000,52.875000000000000,4,9,115389,7268,86,0.0118326912493121
222,-125.875000000000000,52.875000000000000,-125.625000000000000,52.625000000000000,5,9,116050,7323,1514,0.206745869179298
223,-125.875000000000000,52.625000000000000,-125.625000000000000,52.375000000000000,6,9,116708,7375,1982,0.268745762711864
224,-125.875000000000000,52.375000000000000,-125.625000000000000,52.125000000000000,7,9,117364,7428,3114,0.419224555735057
225,-125.875000000000000,52.125000000000000,-125.625000000000000,51.875000000000000,8,9,118018,7482,2300,0.307404437316226
226,-125.875000000000000,51.875000000000000,-125.625000000000000,51.625000000000000,9,9,118669,7533,1830,0.242931103146157
227,-125.875000000000000,51.625000000000000,-125.625000000000000,51.375000000000000,10,9,119318,7589,1438,0.189484780603505
228,-125.875000000000000,51.375000000000000,-125.625000000000000,51.125000000000000,11,9,119964,7643,3026,0.395917833311527
229,-125.875000000000000,51.125000000000000,-125.625000000000000,50.875000000000000,12,9,120608,7578,2655,0.350356294536817
230,-125.875000000000000,50.875000000000000,-125.625000000000000,50.625000000000000,13,9,121250,6304,4471,0.709232233502538
231,-125.875000000000000,50.625000000000000,-125.625000000000000,50.375000000000000,14,9,121889,6413,5091,0.79385622953376
232,-125.875000000000000,50.375000000000000,-125.625000000000000,50.125000000000000,15,9,122526,7584,6659,0.878032700421941
233,-125.875000000000000,50.125000000000000,-125.625000000000000,49.875000000000000,16,9,123161,7917,6687,0.844638120500189
234,-125.875000000000000,49.875000000000000,-125.625000000000000,49.625000000000000,17,9,123793,7970,5208,0.6534504391468
235,-125.875000000000000,49.625000000000000,-125.625000000000000,49.375000000000000,18,9,124423,8026,5163,0.643284325940693
236,-125.875000000000000,49.375000000000000,-125.625000000000000,49.125000000000000,19,9,125050,6323,5058,0.799936738889767
237,-125.875000000000000,49.125000000000000,-125.625000000000000,48.875000000000000,20,9,125675,2187,292,0.133516232281664
238,-125.875000000000000,48.875000000000000,-125.625000000000000,48.625000000000000,21,9,126297,0,0,
239,-125.875000000000000,48.625000000000000,-125.625000000000000,48.375000000000000,22,9,126917,0,0,
240,-125.875000000000000,48.375000000000000,-125.625000000000000,48.125000000000000,23,9,127534,0,0,
241,-125.625000000000000,54.125000000000000,-125.375000000000000,53.875000000000000,0,10,112725,7060,787,0.111473087818697
242,-125.625000000000000,53.875000000000000,-125.375000000000000,53.625000000000000,1,10,113394,7114,644,0.0905257239246556
243,-125.625000000000000,53.625000000000000,-125.375000000000000,53.375000000000000,2,10,114062,7167,385,0.0537184317008511
244,-125.625000000000000,53.375000000000000,-125.375000000000000,53.125000000000000,3,10,114727,7216,57,0.00789911308203991
245,-125.625000000000000,53.125000000000000,-125.375000000000000,52.875000000000000,4,10,115389,7270,93,0.0127922971114168
246,-125.625000000000000,52.875000000000000,-125.375000000000000,52.625000000000000,5,10,116050,7323,283,0.0386453639218899
247,-125.625000000000000,52.625000000000000,-125.375000000000000,52.375000000000000,6,10,116708,7378,123,0.0166711846028734
248,-125.625000000000000,52.375000000000000,-125.375000000000000,52.125000000000000,7,10,117364,7426,1052,0.141664422300027
249,-125.625000000000000,52.125000000000000,-125.375000000000000,51.875000000000000,8,10,118018,7482,1083,0.144747393744988
250,-125.625000000000000,51.875000000000000,-125.375000000000000,51.625000000000000,9,10,118669,7534,3190,0.42341385718078
251,-125.625000000000000,51.625000000000000,-125.375000000000000,51.375000000000000,10,10,119318,7587,2608,0.343745881112429
252,-125.625000000000000,51.375000000000000,-125.375000000000000,51.125000000000000,11,10,119964,7644,2364,0.309262166405024
253,-125.625000000000000,51.125000000000000,-125.375000000000000,50.875000000000000,12,10,120608,6181,3519,0.569325351884808
254,-125.625000000000000,50.875000000000000,-125.375000000000000,50.625000000000000,13,10,121250,7196,5377,0.74722067815453
255,-125.625000000000000,50.625000000000000,-125.375000000000000,50.375000000000000,14,10,121889,6476,5467,0.844193946880791
256,-125.625000000000000,50.375000000000000,-125.375000000000000,50.125000000000000,15,10,122526,6705,6222,0.927964205816555
257,-125.625000000000000,50.125000000000000,-125.375000000000000,49.875000000000000,16,10,123161,7908,6988,0.883662114314618
258,-125.625000000000000,49.875000000000000,-125.375000000000000,49.625000000000000,17,10,123793,7970,5935,0.744667503136763
259,-125.625000000000000,49.625000000000000,-125.375000000000000,49.375000000000000,18,10,124423,8026,4859,0.605407425865936
260,-125.625000000000000,49.375000000000000,-125.375000000000000,49.125000000000000,19,10,125050,8029,6432,0.801096026902478
261,-125.625000000000000,49.125000000000000,-125.375000000000000,48.875000000000000,20,10,125675,5704,2587,0.453541374474053
262,-125.625000000000000,48.875000000000000,-125.375000000000000,48.625000000000000,21,10,126297,0,0,
263,-125.625000000000000,48.625000000000000,-125.375000000000000,48.375000000000000,22,10,126917,0,0,
264,-125.625000000000000,48.375000000000000,-125.375000000000000,48.125000000000000,23,10,127534,0,0,
265,-125.375000000000000,54.125000000000000,-125.125000000000000,53.875000000000000,0,11,112725,7061,1667,0.236085540291743
266,-125.375000000000000,53.875000000000000,-125.125000000000000,53.625000000000000,1,11,113394,7117,773,0.108613179710552
267,-125.375000000000000,53.625000000000000,-125.125000000000000,53.375000000000000,2,11,114062,7160,204,0.0284916201117318
268,-125.375000000000000,53.375000000000000,-125.125000000000000,53.125000000000000,3,11,114727,7221,1536,0.21271292064811
269,-125.375000000000000,53.125000000000000,-125.125000000000000,52.875000000000000,4,11,115389,7268,128,0.0176114474408365
270,-125.375000000000000,52.875000000000000,-125.125000000000000,52.625000000000000,5,11,116050,7324,311,0.0424631348989623
271,-125.375000000000000,52.625000000000000,-125.125000000000000,52.375000000000000,6,11,116708,7375,0,0
272,-125.375000000000000,52.375000000000000,-125.125000000000000,52.125000000000000,7,11,117364,7428,13,0.00175013462574044
273,-125.375000000000000,52.125000000000000,-125.125000000000000,51.875000000000000,8,11,118018,7481,1869,0.249832910038765
274,-125.375000000000000,51.875000000000000,-125.125000000000000,51.625000000000000,9,11,118669,7534,1999,0.265330501725511
275,-125.375000000000000,51.625000000000000,-125.125000000000000,51.375000000000000,10,11,119318,7591,440,0.0579633776840996
276,-125.375000000000000,51.375000000000000,-125.125000000000000,51.125000000000000,11,11,119964,7639,449,0.0587773268752455
277,-125.375000000000000,51.125000000000000,-125.125000000000000,50.875000000000000,12,11,120608,7700,982,0.127532467532468
278,-125.375000000000000,50.875000000000000,-125.125000000000000,50.625000000000000,13,11,121250,7747,3732,0.481734865109074
279,-125.375000000000000,50.625000000000000,-125.125000000000000,50.375000000000000,14,11,121889,6617,5171,0.781471966147801
280,-125.375000000000000,50.375000000000000,-125.125000000000000,50.125000000000000,15,11,122526,6022,5458,0.906343407505812
281,-125.375000000000000,50.125000000000000,-125.125000000000000,49.875000000000000,16,11,123161,5384,4640,0.861812778603269
282,-125.375000000000000,49.875000000000000,-125.125000000000000,49.625000000000000,17,11,123793,7972,7529,0.944430506773708
283,-125.375000000000000,49.625000000000000,-125.125000000000000,49.375000000000000,18,11,124423,8023,6580,0.820142091486975
284,-125.375000000000000,49.375000000000000,-125.125000000000000,49.125000000000000,19,11,125050,8083,6515,0.806012619077075
285,-125.375000000000000,49.125000000000000,-125.125000000000000,48.875000000000000,20,11,125675,4592,3736,0.813588850174216
286,-125.375000000000000,48.875000000000000,-125.125000000000000,48.625000000000000,21,11,126297,567,120,0.211640211640212
287,-125.375000000000000,48.625000000000000,-125.125000000000000,48.375000000000000,22,11,126917,0,0,
288,-125.375000000000000,48.375000000000000,-125.125000000000000,48.125000000000000,23,11,127534,0,0,
289,-125.125000000000000,54.125000000000000,-124.875000000000000,53.875000000000000,0,12,112725,7065,912,0.129087048832272
290,-125.125000000000000,53.875000000000000,-124.875000000000000,53.625000000000000,1,12,113394,7107,799,0.112424370339102
291,-125.125000000000000,53.625000000000000,-124.875000000000000,53.375000000000000,2,12,114062,7174,139,0.0193755227209367
292,-125.125000000000000,53.375000000000000,-124.875000000000000,53.125000000000000,3,12,114727,7213,1426,0.197698599750451
293,-125.125000000000000,53.125000000000000,-124.875000000000000,52.875000000000000,4,12,115389,7270,355,0.0488308115543329
294,-125.125000000000000,52.875000000000000,-124.875000000000000,52.625000000000000,5,12,116050,7323,57,0.00778369520688243
295,-125.125000000000000,52.625000000000000,-124.875000000000000,52.375000000000000,6,12,116708,7377,3,0.000406669377795852
296,-125.125000000000000,52.375000000000000,-124.875000000000000,52.125000000000000,7,12,117364,7427,0,0
297,-125.125000000000000,52.125000000000000,-124.875000000000000,51.875000000000000,8,12,118018,7481,1474,0.197032482288464
298,-125.125000000000000,51.875000000000000,-124.875000000000000,51.625000000000000,9,12,118669,7533,1576,0.209212797026417
299,-125.125000000000000,51.625000000000000,-124.875000000000000,51.375000000000000,10,12,119318,7589,2088,0.275135063908288
300,-125.125000000000000,51.375000000000000,-124.875000000000000,51.125000000000000,11,12,119964,7644,3092,0.404500261643119
301,-125.125000000000000,51.125000000000000,-124.875000000000000,50.875000000000000,12,12,120608,7678,3235,0.421333680646002
302,-125.125000000000000,50.875000000000000,-124.875000000000000,50.625000000000000,13,12,121250,6342,2971,0.468464206874803
303,-125.125000000000000,50.625000000000000,-124.875000000000000,50.375000000000000,14,12,121889,5489,4283,0.780287848424121
304,-125.125000000000000,50.375000000000000,-124.875000000000000,50.125000000000000,15,12,122526,4455,4162,0.934231200897868
305,-125.125000000000000,50.125000000000000,-124.875000000000000,49.875000000000000,16,12,123161,1579,1486,0.941101963267891
306,-125.125000000000000,49.875000000000000,-124.875000000000000,49.625000000000000,17,12,123793,4948,4110,0.830638641875505
307,-125.125000000000000,49.625000000000000,-124.875000000000000,49.375000000000000,18,12,124423,7916,7586,0.958312278928752
308,-125.125000000000000,49.375000000000000,-124.875000000000000,49.125000000000000,19,12,125050,8082,6983,0.864018807225934
309,-125.125000000000000,49.125000000000000,-124.875000000000000,48.875000000000000,20,12,125675,6755,6195,0.917098445595855
310,-125.125000000000000,48.875000000000000,-124.875000000000000,48.625000000000000,21,12,126297,5462,2928,0.536067374588063
311,-125.125000000000000,48.625000000000000,-124.875000000000000,48.375000000000000,22,12,126917,0,0,
312,-125.125000000000000,48.375000000000000,-124.875000000000000,48.125000000000000,23,12,127534,0,0,
313,-124.875000000000000,54.125000000000000,-124.625000000000000,53.875000000000000,0,13,112725,7069,527,0.0745508558494837
314,-124.875000000000000,53.875000000000000,-124.625000000000000,53.625000000000000,1,13,113394,7113,263,0.0369745536341909
315,-124.875000000000000,53.625000000000000,-124.625000000000000,53.375000000000000,2,13,114062,7162,704,0.0982965652052499
316,-124.875000000000000,53.375000000000000,-124.625000000000000,53.125000000000000,3,13,114727,7212,97,0.0134498058790904
317,-124.875000000000000,53.125000000000000,-124.625000000000000,52.875000000000000,4,13,115389,7279,155,0.0212941338095892
318,-124.875000000000000,52.875000000000000,-124.625000000000000,52.625000000000000,5,13,116050,7316,42,0.00574084199015856
319,-124.875000000000000,52.625000000000000,-124.625000000000000,52.375000000000000,6,13,116708,7370,20,0.00271370420624152
320,-124.875000000000000,52.375000000000000,-124.625000000000000,52.125000000000000,7,13,117364,7430,9,0.00121130551816958
321,-124.875000000000000,52.125000000000000,-124.625000000000000,51.875000000000000,8,13,118018,7482,914,0.122159850307404
322,-124.875000000000000,51.875000000000000,-124.625000000000000,51.625000000000000,9,13,118669,7545,3046,0.403711066931743
323,-124.875000000000000,51.625000000000000,-124.625000000000000,51.375000000000000,10,13,119318,7576,1151,0.151927138331573
324,-124.875000000000000,51.375000000000000,-124.625000000000000,51.125000000000000,11,13,119964,7651,1661,0.217095804470004
325,-124.875000000000000,51.125000000000000,-124.625000000000000,50.875000000000000,12,13,120608,7306,1957,0.267862031207227
326,-124.875000000000000,50.875000000000000,-124.625000000000000,50.625000000000000,13,13,121250,7192,3142,0.436874304783092
327,-124.875000000000000,50.625000000000000,-124.625000000000000,50.375000000000000,14,13,121889,7437,4219,0.567298641925508
328,-124.875000000000000,50.375000000000000,-124.625000000000000,50.125000000000000,15,13,122526,5010,4642,0.926546906187625
329,-124.875000000000000,50.125000000000000,-124.625000000000000,49.875000000000000,16,13,123161,3428,3258,0.950408401400233
330,-124.875000000000000,49.875000000000000,-124.625000000000000,49.625000000000000,17,13,123793,230,197,0.856521739130435
331,-124.875000000000000,49.625000000000000,-124.625000000000000,49.375000000000000,18,13,124423,4364,4107,0.941109074243813
332,-124.875000000000000,49.375000000000000,-124.625000000000000,49.125000000000000,19,13,125050,7834,7187,0.91741128414603
333,-124.875000000000000,49.125000000000000,-124.625000000000000,48.875000000000000,20,13,125675,7831,7639,0.975482058485506
334,-124.875000000000000,48.875000000000000,-124.625000000000000,48.625000000000000,21,13,126297,7778,5816,0.747750064283878
335,-124.875000000000000,48.625000000000000,-124.625000000000000,48.375000000000000,22,13,126917,618,231,0.37378640776699
336,-124.875000000000000,48.375000000000000,-124.625000000000000,48.125000000000000,23,13,127534,0,0,
337,-124.625000000000000,54.125000000000000,-124.375000000000000,53.875000000000000,0,14,112725,7072,135,0.0190893665158371
338,-124.625000000000000,53.875000000000000,-124.375000000000000,53.625000000000000,1,14,113394,7105,326,0.0458831808585503
339,-124.625000000000000,53.625000000000000,-124.375000000000000,53.375000000000000,2,14,114062,7172,150,0.020914668153932
340,-124.625000000000000,53.375000000000000,-124.375000000000000,53.125000000000000,3,14,114727,7232,602,0.0832411504424779
341,-124.625000000000000,53.125000000000000,-124.375000000000000,52.875000000000000,4,14,115389,7262,189,0.026025888185073
342,-124.625000000000000,52.875000000000000,-124.375000000000000,52.625000000000000,5,14,116050,7331,4,0.000545628154412768
343,-124.625000000000000,52.625000000000000,-124.375000000000000,52.375000000000000,6,14,116708,7360,37,0.00502717391304348
344,-124.625000000000000,52.375000000000000,-124.375000000000000,52.125000000000000,7,14,117364,7421,35,0.0047163455059965
345,-124.625000000000000,52.125000000000000,-124.375000000000000,51.875000000000000,8,14,118018,7502,1132,0.15089309517462
346,-124.625000000000000,51.875000000000000,-124.375000000000000,51.625000000000000,9,14,118669,7528,2642,0.350956429330499
347,-124.625000000000000,51.625000000000000,-124.375000000000000,51.375000000000000,10,14,119318,7594,3706,0.488016855412167
348,-124.625000000000000,51.375000000000000,-124.375000000000000,51.125000000000000,11,14,119964,7626,539,0.0706792551796486
349,-124.625000000000000,51.125000000000000,-124.375000000000000,50.875000000000000,12,14,120608,7694,1062,0.138029633480634
350,-124.625000000000000,50.875000000000000,-124.375000000000000,50.625000000000000,13,14,121250,7747,1827,0.235833225764812
351,-124.625000000000000,50.625000000000000,-124.375000000000000,50.375000000000000,14,14,121889,7050,3008,0.426666666666667
352,-124.625000000000000,50.375000000000000,-124.375000000000000,50.125000000000000,15,14,122526,7667,5149,0.671579496543629
353,-124.625000000000000,50.125000000000000,-124.375000000000000,49.875000000000000,16,14,123161,7837,6128,0.781931861681766
354,-124.625000000000000,49.875000000000000,-124.375000000000000,49.625000000000000,17,14,123793,4311,3979,0.922987705868708
355,-124.625000000000000,49.625000000000000,-124.375000000000000,49.375000000000000,18,14,124423,333,307,0.921921921921922
356,-124.625000000000000,49.375000000000000,-124.375000000000000,49.125000000000000,19,14,125050,7799,7075,0.907167585587896
357,-124.625000000000000,49.125000000000000,-124.375000000000000,48.875000000000000,20,14,125675,8134,7461,0.917260880255717
358,-124.625000000000000,48.875000000000000,-124.375000000000000,48.625000000000000,21,14,126297,8177,7734,0.945823651706005
359,-124.625000000000000,48.625000000000000,-124.375000000000000,48.375000000000000,22,14,126917,2555,1522,0.595694716242661
360,-124.625000000000000,48.375000000000000,-124.375000000000000,48.125000000000000,23,14,127534,0,0,
361,-124.375000000000000,54.125000000000000,-124.125000000000000,53.875000000000000,0,15,112725,7059,46,0.00651650375407281
362,-124.375000000000000,53.875000000000000,-124.125000000000000,53.625000000000000,1,15,113394,7129,1320,0.185159208865198
363,-124.375000000000000,53.625000000000000,-124.125000000000000,53.375000000000000,2,15,114062,7146,199,0.0278477469913238
364,-124.375000000000000,53.375000000000000,-124.125000000000000,53.125000000000000,3,15,114727,7224,158,0.0218715393133998
365,-124.375000000000000,53.125000000000000,-124.125000000000000,52.875000000000000,4,15,115389,7271,5,0.000687663320038509
366,-124.375000000000000,52.875000000000000,-124.125000000000000,52.625000000000000,5,15,116050,7319,23,0.00314250580680421
367,-124.375000000000000,52.625000000000000,-124.125000000000000,52.375000000000000,6,15,116708,7370,45,0.00610583446404342
368,-124.375000000000000,52.375000000000000,-124.125000000000000,52.125000000000000,7,15,117364,7425,55,0.00740740740740741
369,-124.375000000000000,52.125000000000000,-124.125000000000000,51.875000000000000,8,15,118018,7493,543,0.0724676364606966
370,-124.375000000000000,51.875000000000000,-124.125000000000000,51.625000000000000,9,15,118669,7531,1109,0.147258000265569
371,-124.375000000000000,51.625000000000000,-124.125000000000000,51.375000000000000,10,15,119318,7595,2777,0.365635286372614
372,-124.375000000000000,51.375000000000000,-124.125000000000000,51.125000000000000,11,15,119964,7630,1314,0.17221494102228
373,-124.375000000000000,51.125000000000000,-124.125000000000000,50.875000000000000,12,15,120608,7708,2172,0.281785158277115
374,-124.375000000000000,50.875000000000000,-124.125000000000000,50.625000000000000,13,15,121250,7738,876,0.113207547169811
375,-124.375000000000000,50.625000000000000,-124.125000000000000,50.375000000000000,14,15,121889,7791,3546,0.455140546784752
376,-124.375000000000000,50.375000000000000,-124.125000000000000,50.125000000000000,15,15,122526,7858,3817,0.485747009417154
377,-124.375000000000000,50.125000000000000,-124.125000000000000,49.875000000000000,16,15,123161,7919,6305,0.796186387170097
378,-124.375000000000000,49.875000000000000,-124.125000000000000,49.625000000000000,17,15,123793,4682,4122,0.880392994446818
379,-124.375000000000000,49.625000000000000,-124.125000000000000,49.375000000000000,18,15,124423,2838,2732,0.962649753347428
380,-124.375000000000000,49.375000000000000,-124.125000000000000,49.125000000000000,19,15,125050,6109,5571,0.911933213291864
381,-124.375000000000000,49.125000000000000,-124.125000000000000,48.875000000000000,20,15,125675,8123,6312,0.777052813000123
382,-124.375000000000000,48.875000000000000,-124.125000000000000,48.625000000000000,21,15,126297,8207,7483,0.911782624588766
383,-124.375000000000000,48.625000000000000,-124.125000000000000,48.375000000000000,22,15,126917,4927,4535,0.920438400649482
384,-124.375000000000000,48.375000000000000,-124.125000000000000,48.125000000000000,23,15,127534,0,0,
385,-124.125000000000000,54.125000000000000,-123.875000000000000,53.875000000000000,0,16,112725,7060,96,0.0135977337110482
386,-124.125000000000000,53.875000000000000,-123.875000000000000,53.625000000000000,1,16,113394,7115,563,0.0791286015460295
387,-124.125000000000000,53.625000000000000,-123.875000000000000,53.375000000000000,2,16,114062,7168,201,0.0280412946428571
388,-124.125000000000000,53.375000000000000,-123.875000000000000,53.125000000000000,3,16,114727,7213,605,0.083876334396229
389,-124.125000000000000,53.125000000000000,-123.875000000000000,52.875000000000000,4,16,115389,7272,186,0.0255775577557756
390,-124.125000000000000,52.875000000000000,-123.875000000000000,52.625000000000000,5,16,116050,7321,43,0.00587351454719301
391,-124.125000000000000,52.625000000000000,-123.875000000000000,52.375000000000000,6,16,116708,7376,28,0.00379609544468547
392,-124.125000000000000,52.375000000000000,-123.875000000000000,52.125000000000000,7,16,117364,7430,475,0.0639300134589502
393,-124.125000000000000,52.125000000000000,-123.875000000000000,51.875000000000000,8,16,118018,7476,140,0.0187265917602996
394,-124.125000000000000,51.875000000000000,-123.875000000000000,51.625000000000000,9,16,118669,7539,349,0.0462926117522218
395,-124.125000000000000,51.625000000000000,-123.875000000000000,51.375000000000000,10,16,119318,7586,1789,0.235829158977063
396,-124.125000000000000,51.375000000000000,-123.875000000000000,51.125000000000000,11,16,119964,7645,2046,0.267625899280576
397,-124.125000000000000,51.125000000000000,-123.875000000000000,50.875000000000000,12,16,120608,7698,1536,0.199532346063913
398,-124.125000000000000,50.875000000000000,-123.875000000000000,50.625000000000000,13,16,121250,7746,1393,0.179834753421121
399,-124.125000000000000,50.625000000000000,-123.875000000000000,50.375000000000000,14,16,121889,7808,2265,0.290087090163934
400,-124.125000000000000,50.375000000000000,-123.875000000000000,50.125000000000000,15,16,122526,7550,3175,0.420529801324503
401,-124.125000000000000,50.125000000000000,-123.875000000000000,49.875000000000000,16,16,123161,6805,4969,0.730198383541514
402,-124.125000000000000,49.875000000000000,-123.875000000000000,49.625000000000000,17,16,123793,5464,4773,0.873535871156662
403,-124.125000000000000,49.625000000000000,-123.875000000000000,49.375000000000000,18,16,124423,2228,2122,0.952423698384201
404,-124.125000000000000,49.375000000000000,-123.875000000000000,49.125000000000000,19,16,125050,3067,2144,0.699054450603195
405,-124.125000000000000,49.125000000000000,-123.875000000000000,48.875000000000000,20,16,125675,8137,7602,0.934250952439474
406,-124.125000000000000,48.875000000000000,-123.875000000000000,48.625000000000000,21,16,126297,8197,7726,0.942539953641576
407,-124.125000000000000,48.625000000000000,-123.875000000000000,48.375000000000000,22,16,126917,7229,6936,0.959468806197261
408,-124.125000000000000,48.375000000000000,-123.875000000000000,48.125000000000000,23,16,127534,0,0,
409,-123.875000000000000,54.125000000000000,-123.625000000000000,53.875000000000000,0,17,112725,7063,263,0.0372363018547359
410,-123.875000000000000,53.875000000000000,-123.625000000000000,53.625000000000000,1,17,113394,7110,452,0.0635724331926864
411,-123.875000000000000,53.625000000000000,-123.625000000000000,53.375000000000000,2,17,114062,7167,936,0.130598576810381
412,-123.875000000000000,53.375000000000000,-123.625000000000000,53.125000000000000,3,17,114727,7221,1548,0.214374740340673
413,-123.875000000000000,53.125000000000000,-123.625000000000000,52.875000000000000,4,17,115389,7267,420,0.0577955139672492
414,-123.875000000000000,52.875000000000000,-123.625000000000000,52.625000000000000,5,17,116050,7326,58,0.00791700791700792
415,-123.875000000000000,52.625000000000000,-123.625000000000000,52.375000000000000,6,17,116708,7373,42,0.0056964600569646
416,-123.875000000000000,52.375000000000000,-123.625000000000000,52.125000000000000,7,17,117364,7428,664,0.0893914916532041
417,-123.875000000000000,52.125000000000000,-123.625000000000000,51.875000000000000,8,17,118018,7485,1411,0.188510354041416
418,-123.875000000000000,51.875000000000000,-123.625000000000000,51.625000000000000,9,17,118669,7534,919,0.121980355720733
419,-123.875000000000000,51.625000000000000,-123.625000000000000,51.375000000000000,10,17,119318,7586,1316,0.17347745847614
420,-123.875000000000000,51.375000000000000,-123.625000000000000,51.125000000000000,11,17,119964,7644,2013,0.263343799058085
421,-123.875000000000000,51.125000000000000,-123.625000000000000,50.875000000000000,12,17,120608,7693,309,0.0401663850253477
422,-123.875000000000000,50.875000000000000,-123.625000000000000,50.625000000000000,13,17,121250,7754,894,0.115295331441836
423,-123.875000000000000,50.625000000000000,-123.625000000000000,50.375000000000000,14,17,121889,7804,964,0.123526396719631
424,-123.875000000000000,50.375000000000000,-123.625000000000000,50.125000000000000,15,17,122526,7633,2073,0.271583911961221
425,-123.875000000000000,50.125000000000000,-123.625000000000000,49.875000000000000,16,17,123161,7213,4678,0.648551226951338
426,-123.875000000000000,49.875000000000000,-123.625000000000000,49.625000000000000,17,17,123793,7107,5472,0.769945124525116
427,-123.875000000000000,49.625000000000000,-123.625000000000000,49.375000000000000,18,17,124423,4925,4513,0.916345177664975
428,-123.875000000000000,49.375000000000000,-123.625000000000000,49.125000000000000,19,17,125050,1022,947,0.926614481409002
429,-123.875000000000000,49.125000000000000,-123.625000000000000,48.875000000000000,20,17,125675,4577,4119,0.899934454883111
430,-123.875000000000000,48.875000000000000,-123.625000000000000,48.625000000000000,21,17,126297,8142,7388,0.907393760746745
431,-123.875000000000000,48.625000000000000,-123.625000000000000,48.375000000000000,22,17,126917,8131,7694,0.946255073176731
432,-123.875000000000000,48.375000000000000,-123.625000000000000,48.125000000000000,23,17,127534,692,638,0.921965317919075
433,-123.625000000000000,54.125000000000000,-123.375000000000000,53.875000000000000,0,18,112725,7064,959,0.135758776896942
434,-123.625000000000000,53.875000000000000,-123.375000000000000,53.625000000000000,1,18,113394,7116,614,0.0862844294547499
435,-123.625000000000000,53.625000000000000,-123.375000000000000,53.375000000000000,2,18,114062,7164,1217,0.169877163595757
436,-123.625000000000000,53.375000000000000,-123.375000000000000,53.125000000000000,3,18,114727,7218,840,0.116375727348296
437,-123.625000000000000,53.125000000000000,-123.375000000000000,52.875000000000000,4,18,115389,7272,947,0.130225522552255
438,-123.625000000000000,52.875000000000000,-123.375000000000000,52.625000000000000,5,18,116050,7321,326,0.0445294358694167
439,-123.625000000000000,52.625000000000000,-123.375000000000000,52.375000000000000,6,18,116708,7378,65,0.00880997560314448
440,-123.625000000000000,52.375000000000000,-123.375000000000000,52.125000000000000,7,18,117364,7430,476,0.064064602960969
441,-123.625000000000000,52.125000000000000,-123.375000000000000,51.875000000000000,8,18,118018,7480,2181,0.291577540106952
442,-123.625000000000000,51.875000000000000,-123.375000000000000,51.625000000000000,9,18,118669,7534,243,0.0322537828510751
443,-123.625000000000000,51.625000000000000,-123.375000000000000,51.375000000000000,10,18,119318,7593,105,0.0138285262741999
444,-123.625000000000000,51.375000000000000,-123.375000000000000,51.125000000000000,11,18,119964,7640,1239,0.16217277486911
445,-123.625000000000000,51.125000000000000,-123.375000000000000,50.875000000000000,12,18,120608,7698,1086,0.141075604053001
446,-123.625000000000000,50.875000000000000,-123.375000000000000,50.625000000000000,13,18,121250,7752,1847,0.238261093911249
447,-123.625000000000000,50.625000000000000,-123.375000000000000,50.375000000000000,14,18,121889,7805,3598,0.460986547085202
448,-123.625000000000000,50.375000000000000,-123.375000000000000,50.125000000000000,15,18,122526,7862,3439,0.437420503688629
449,-123.625000000000000,50.125000000000000,-123.375000000000000,49.875000000000000,16,18,123161,7913,2121,0.268039934285353
450,-123.625000000000000,49.875000000000000,-123.375000000000000,49.625000000000000,17,18,123793,7822,5067,0.647788289440041
451,-123.625000000000000,49.625000000000000,-123.375000000000000,49.375000000000000,18,18,124423,6129,5205,0.849241311796378
452,-123.625000000000000,49.375000000000000,-123.375000000000000,49.125000000000000,19,18,125050,288,271,0.940972222222222
453,-123.625000000000000,49.125000000000000,-123.375000000000000,48.875000000000000,20,18,125675,1357,1308,0.963890935887988
454,-123.625000000000000,48.875000000000000,-123.375000000000000,48.625000000000000,21,18,126297,4966,4500,0.906161900926299
455,-123.625000000000000,48.625000000000000,-123.375000000000000,48.375000000000000,22,18,126917,6855,5709,0.832822757111597
456,-123.625000000000000,48.375000000000000,-123.375000000000000,48.125000000000000,23,18,127534,607,556,0.915980230642504
457,-123.375000000000000,54.125000000000000,-123.125000000000000,53.875000000000000,0,19,112725,7059,1300,0.184162062615101
458,-123.375000000000000,53.875000000000000,-123.125000000000000,53.625000000000000,1,19,113394,7113,1639,0.230423168845775
459,-123.375000000000000,53.625000000000000,-123.125000000000000,53.375000000000000,2,19,114062,7166,1724,0.240580519118058
460,-123.375000000000000,53.375000000000000,-123.125000000000000,53.125000000000000,3,19,114727,7216,1018,0.141075388026608
461,-123.375000000000000,53.125000000000000,-123.125000000000000,52.875000000000000,4,19,115389,7268,457,0.0628783709411117
462,-123.375000000000000,52.875000000000000,-123.125000000000000,52.625000000000000,5,19,116050,7324,184,0.0251228836701256
463,-123.375000000000000,52.625000000000000,-123.125000000000000,52.375000000000000,6,19,116708,7373,55,0.0074596500745965
464,-123.375000000000000,52.375000000000000,-123.125000000000000,52.125000000000000,7,19,117364,7426,428,0.057635335308376
465,-123.375000000000000,52.125000000000000,-123.125000000000000,51.875000000000000,8,19,118018,7480,4666,0.62379679144385
466,-123.375000000000000,51.875000000000000,-123.125000000000000,51.625000000000000,9,19,118669,7536,751,0.0996549893842888
467,-123.375000000000000,51.625000000000000,-123.125000000000000,51.375000000000000,10,19,119318,7587,49,0.00645841571108475
468,-123.375000000000000,51.375000000000000,-123.125000000000000,51.125000000000000,11,19,119964,7640,207,0.0270942408376963
469,-123.375000000000000,51.125000000000000,-123.125000000000000,50.875000000000000,12,19,120608,7697,810,0.105235806158243
470,-123.375000000000000,50.875000000000000,-123.125000000000000,50.625000000000000,13,19,121250,7749,1942,0.250612982320299
471,-123.375000000000000,50.625000000000000,-123.125000000000000,50.375000000000000,14,19,121889,7805,2598,0.332863549007047
472,-123.375000000000000,50.375000000000000,-123.125000000000000,50.125000000000000,15,19,122526,7858,2739,0.348561975057266
473,-123.375000000000000,50.125000000000000,-123.125000000000000,49.875000000000000,16,19,123161,7915,5507,0.695767530006317
474,-123.375000000000000,49.875000000000000,-123.125000000000000,49.625000000000000,17,19,123793,7548,4917,0.651430842607313
475,-123.375000000000000,49.625000000000000,-123.125000000000000,49.375000000000000,18,19,124423,5427,4697,0.865487377925189
476,-123.375000000000000,49.375000000000000,-123.125000000000000,49.125000000000000,19,19,125050,2871,1076,0.374782305816789
477,-123.375000000000000,49.125000000000000,-123.125000000000000,48.875000000000000,20,19,125675,539,244,0.452690166975881
478,-123.375000000000000,48.875000000000000,-123.125000000000000,48.625000000000000,21,19,126297,1763,1712,0.971072036301758
479,-123.375000000000000,48.625000000000000,-123.125000000000000,48.375000000000000,22,19,126917,1310,743,0.567175572519084
480,-123.375000000000000,48.375000000000000,-123.125000000000000,48.125000000000000,23,19,127534,0,0,
481,-123.125000000000000,54.125000000000000,-122.875000000000000,53.875000000000000,0,20,112725,7063,1195,0.169191561659352
482,-123.125000000000000,53.875000000000000,-122.875000000000000,53.625000000000000,1,20,113394,7113,1769,0.248699564178265
483,-123.125000000000000,53.625000000000000,-122.875000000000000,53.375000000000000,2,20,114062,7165,2063,0.287927424982554
484,-123.125000000000000,53.375000000000000,-122.875000000000000,53.125000000000000,3,20,114727,7219,2303,0.319019254744424
485,-123.125000000000000,53.125000000000000,-122.875000000000000,52.875000000000000,4,20,115389,7271,1072,0.147435015816256
486,-123.125000000000000,52.875000000000000,-122.875000000000000,52.625000000000000,5,20,116050,7321,397,0.0542275645403633
487,-123.125000000000000,52.625000000000000,-122.875000000000000,52.375000000000000,6,20,116708,7374,141,0.0191212367778682
488,-123.125000000000000,52.375000000000000,-122.875000000000000,52.125000000000000,7,20,117364,7428,102,0.0137318255250404
489,-123.125000000000000,52.125000000000000,-122.875000000000000,51.875000000000000,8,20,118018,7484,2845,0.380144307856761
490,-123.125000000000000,51.875000000000000,-122.875000000000000,51.625000000000000,9,20,118669,7534,2453,0.325590655694186
491,-123.125000000000000,51.625000000000000,-122.875000000000000,51.375000000000000,10,20,119318,7585,213,0.0280817402768622
492,-123.125000000000000,51.375000000000000,-122.875000000000000,51.125000000000000,11,20,119964,7646,649,0.0848809835207952
493,-123.125000000000000,51.125000000000000,-122.875000000000000,50.875000000000000,12,20,120608,7696,2307,0.299766112266112
494,-123.125000000000000,50.875000000000000,-122.875000000000000,50.625000000000000,13,20,121250,7747,2922,0.377178262553246
495,-123.125000000000000,50.625000000000000,-122.875000000000000,50.375000000000000,14,20,121889,7808,4442,0.56890368852459
496,-123.125000000000000,50.375000000000000,-122.875000000000000,50.125000000000000,15,20,122526,7860,4777,0.607760814249364
497,-123.125000000000000,50.125000000000000,-122.875000000000000,49.875000000000000,16,20,123161,7913,4969,0.627953999747251
498,-123.125000000000000,49.875000000000000,-122.875000000000000,49.625000000000000,17,20,123793,7973,5584,0.700363727580585
499,-123.125000000000000,49.625000000000000,-122.875000000000000,49.375000000000000,18,20,124423,7951,6608,0.831090428876871
500,-123.125000000000000,49.375000000000000,-122.875000000000000,49.125000000000000,19,20,125050,7451,2181,0.29271238759898
501,-123.125000000000000,49.125000000000000,-122.875000000000000,48.875000000000000,20,20,125675,2290,658,0.287336244541485
502,-123.125000000000000,48.875000000000000,-122.875000000000000,48.625000000000000,21,20,126297,155,147,0.948387096774194
503,-123.125000000000000,48.625000000000000,-122.875000000000000,48.375000000000000,22,20,126917,0,0,
504,-123.125000000000000,48.375000000000000,-122.875000000000000,48.125000000000000,23,20,127534,0,0,
505,-122.875000000000000,54.125000000000000,-122.625000000000000,53.875000000000000,0,21,112725,7063,699,0.0989664448534617
506,-122.875000000000000,53.875000000000000,-122.625000000000000,53.625000000000000,1,21,113394,7114,1151,0.161793646331178
507,-122.875000000000000,53.625000000000000,-122.625000000000000,53.375000000000000,2,21,114062,7165,2752,0.384089323098395
508,-122.875000000000000,53.375000000000000,-122.625000000000000,53.125000000000000,3,21,114727,7216,3756,0.520509977827051
509,-122.875000000000000,53.125000000000000,-122.625000000000000,52.875000000000000,4,21,115389,7271,2013,0.276853252647504
510,-122.875000000000000,52.875000000000000,-122.625000000000000,52.625000000000000,5,21,116050,7323,1213,0.165642496244708
511,-122.875000000000000,52.625000000000000,-122.625000000000000,52.375000000000000,6,21,116708,7375,1885,0.255593220338983
512,-122.875000000000000,52.375000000000000,-122.625000000000000,52.125000000000000,7,21,117364,7428,891,0.119951534733441
513,-122.875000000000000,52.125000000000000,-122.625000000000000,51.875000000000000,8,21,118018,7480,1943,0.25975935828877
514,-122.875000000000000,51.875000000000000,-122.625000000000000,51.625000000000000,9,21,118669,7536,5378,0.71364118895966
515,-122.875000000000000,51.625000000000000,-122.625000000000000,51.375000000000000,10,21,119318,7589,827,0.108973514297009
516,-122.875000000000000,51.375000000000000,-122.625000000000000,51.125000000000000,11,21,119964,7640,1162,0.152094240837696
517,-122.875000000000000,51.125000000000000,-122.625000000000000,50.875000000000000,12,21,120608,7697,3882,0.504352345069508
518,-122.875000000000000,50.875000000000000,-122.625000000000000,50.625000000000000,13,21,121250,7750,3232,0.417032258064516
519,-122.875000000000000,50.625000000000000,-122.625000000000000,50.375000000000000,14,21,121889,7806,4882,0.625416346400205
520,-122.875000000000000,50.375000000000000,-122.625000000000000,50.125000000000000,15,21,122526,7859,4510,0.573864359333249
521,-122.875000000000000,50.125000000000000,-122.625000000000000,49.875000000000000,16,21,123161,7915,2513,0.317498420720152
522,-122.875000000000000,49.875000000000000,-122.625000000000000,49.625000000000000,17,21,123793,7971,3653,0.458286287793251
523,-122.875000000000000,49.625000000000000,-122.625000000000000,49.375000000000000,18,21,124423,7894,5573,0.705979224727641
524,-122.875000000000000,49.375000000000000,-122.625000000000000,49.125000000000000,19,21,125050,8038,3138,0.390395620801194
525,-122.875000000000000,49.125000000000000,-122.625000000000000,48.875000000000000,20,21,125675,3711,1647,0.443815683104285
526,-122.875000000000000,48.875000000000000,-122.625000000000000,48.625000000000000,21,21,126297,0,0,
527,-122.875000000000000,48.625000000000000,-122.625000000000000,48.375000000000000,22,21,126917,0,0,
528,-122.875000000000000,48.375000000000000,-122.625000000000000,48.125000000000000,23,21,127534,0,0,
529,-122.625000000000000,54.125000000000000,-122.375000000000000,53.875000000000000,0,22,112725,7059,1950,0.276243093922652
530,-122.625000000000000,53.875000000000000,-122.375000000000000,53.625000000000000,1,22,113394,7116,3109,0.43690275435638
531,-122.625000000000000,53.625000000000000,-122.375000000000000,53.375000000000000,2,22,114062,7168,4011,0.5595703125
532,-122.625000000000000,53.375000000000000,-122.375000000000000,53.125000000000000,3,22,114727,7214,2477,0.343360133074577
533,-122.625000000000000,53.125000000000000,-122.375000000000000,52.875000000000000,4,22,115389,7271,1149,0.158025030944849
534,-122.625000000000000,52.875000000000000,-122.375000000000000,52.625000000000000,5,22,116050,7323,3218,0.439437389048204
535,-122.625000000000000,52.625000000000000,-122.375000000000000,52.375000000000000,6,22,116708,7376,5182,0.702548806941432
536,-122.625000000000000,52.375000000000000,-122.375000000000000,52.125000000000000,7,22,117364,7428,4657,0.626952073236403
537,-122.625000000000000,52.125000000000000,-122.375000000000000,51.875000000000000,8,22,118018,7480,4653,0.622058823529412
538,-122.625000000000000,51.875000000000000,-122.375000000000000,51.625000000000000,9,22,118669,7537,3913,0.519172084383707
539,-122.625000000000000,51.625000000000000,-122.375000000000000,51.375000000000000,10,22,119318,7584,4831,0.636998945147679
540,-122.625000000000000,51.375000000000000,-122.375000000000000,51.125000000000000,11,22,119964,7643,975,0.127567709014785
541,-122.625000000000000,51.125000000000000,-122.375000000000000,50.875000000000000,12,22,120608,7700,1753,0.227662337662338
542,-122.625000000000000,50.875000000000000,-122.375000000000000,50.625000000000000,13,22,121250,7748,3400,0.438822922044399
543,-122.625000000000000,50.625000000000000,-122.375000000000000,50.375000000000000,14,22,121889,7804,4715,0.604177344951307
544,-122.625000000000000,50.375000000000000,-122.375000000000000,50.125000000000000,15,22,122526,7859,5116,0.650973406285787
545,-122.625000000000000,50.125000000000000,-122.375000000000000,49.875000000000000,16,22,123161,7917,5940,0.750284198560061
546,-122.625000000000000,49.875000000000000,-122.375000000000000,49.625000000000000,17,22,123793,7970,3767,0.472647427854454
547,-122.625000000000000,49.625000000000000,-122.375000000000000,49.375000000000000,18,22,124423,8023,5526,0.68876978686277
548,-122.625000000000000,49.375000000000000,-122.375000000000000,49.125000000000000,19,22,125050,8082,5352,0.662212323682257
549,-122.625000000000000,49.125000000000000,-122.375000000000000,48.875000000000000,20,22,125675,4088,1710,0.418297455968689
550,-122.625000000000000,48.875000000000000,-122.375000000000000,48.625000000000000,21,22,126297,0,0,
551,-122.625000000000000,48.625000000000000,-122.375000000000000,48.375000000000000,22,22,126917,0,0,
552,-122.625000000000000,48.375000000000000,-122.375000000000000,48.125000000000000,23,22,127534,0,0,
553,-122.375000000000000,54.125000000000000,-122.125000000000000,53.875000000000000,0,23,112725,7060,3012,0.426628895184136
554,-122.375000000000000,53.875000000000000,-122.125000000000000,53.625000000000000,1,23,113394,7111,4308,0.605821965968218
555,-122.375000000000000,53.625000000000000,-122.125000000000000,53.375000000000000,2,23,114062,7168,3814,0.532087053571429
556,-122.375000000000000,53.375000000000000,-122.125000000000000,53.125000000000000,3,23,114727,7218,3672,0.508728179551122
557,-122.375000000000000,53.125000000000000,-122.125000000000000,52.875000000000000,4,23,115389,7270,2748,0.377991746905089
558,-122.375000000000000,52.875000000000000,-122.125000000000000,52.625000000000000,5,23,116050,7320,4047,0.552868852459016
559,-122.375000000000000,52.625000000000000,-122.125000000000000,52.375000000000000,6,23,116708,7376,3651,0.494983731019523
560,-122.375000000000000,52.375000000000000,-122.125000000000000,52.125000000000000,7,23,117364,7430,6204,0.834993270524899
561,-122.375000000000000,52.125000000000000,-122.125000000000000,51.875000000000000,8,23,118018,7482,5810,0.776530339481422
562,-122.375000000000000,51.875000000000000,-122.125000000000000,51.625000000000000,9,23,118669,7532,4067,0.53996282527881
563,-122.375000000000000,51.625000000000000,-122.125000000000000,51.375000000000000,10,23,119318,7588,3884,0.511860832894043
564,-122.375000000000000,51.375000000000000,-122.125000000000000,51.125000000000000,11,23,119964,7645,2914,0.381164159581426
565,-122.375000000000000,51.125000000000000,-122.125000000000000,50.875000000000000,12,23,120608,7697,3498,0.4544627777056
566,-122.375000000000000,50.875000000000000,-122.125000000000000,50.625000000000000,13,23,121250,7749,5103,0.658536585365854
567,-122.375000000000000,50.625000000000000,-122.125000000000000,50.375000000000000,14,23,121889,7802,3371,0.432068700333248
568,-122.375000000000000,50.375000000000000,-122.125000000000000,50.125000000000000,15,23,122526,7863,2944,0.374411802111153
569,-122.375000000000000,50.125000000000000,-122.125000000000000,49.875000000000000,16,23,123161,7917,3947,0.498547429581912
570,-122.375000000000000,49.875000000000000,-122.125000000000000,49.625000000000000,17,23,123793,7968,5888,0.738955823293173
571,-122.375000000000000,49.625000000000000,-122.125000000000000,49.375000000000000,18,23,124423,8022,4692,0.584891548242334
572,-122.375000000000000,49.375000000000000,-122.125000000000000,49.125000000000000,19,23,125050,8086,5746,0.710610932475884
573,-122.375000000000000,49.125000000000000,-122.125000000000000,48.875000000000000,20,23,125675,4084,1464,0.35847208619001
574,-122.375000000000000,48.875000000000000,-122.125000000000000,48.625000000000000,21,23,126297,0,0,
575,-122.375000000000000,48.625000000000000,-122.125000000000000,48.375000000000000,22,23,126917,0,0,
576,-122.375000000000000,48.375000000000000,-122.125000000000000,48.125000000000000,23,23,127534,0,0,
577,-122.125000000000000,54.125000000000000,-121.875000000000000,53.875000000000000,0,24,112725,7063,3944,0.558402944924253
578,-122.125000000000000,53.875000000000000,-121.875000000000000,53.625000000000000,1,24,113394,7118,4361,0.612672098904187
579,-122.125000000000000,53.625000000000000,-121.875000000000000,53.375000000000000,2,24,114062,7162,2715,0.379084054733315
580,-122.125000000000000,53.375000000000000,-121.875000000000000,53.125000000000000,3,24,114727,7217,4226,0.58556186781211
581,-122.125000000000000,53.125000000000000,-121.875000000000000,52.875000000000000,4,24,115389,7271,3228,0.443955439416861
582,-122.125000000000000,52.875000000000000,-121.875000000000000,52.625000000000000,5,24,116050,7324,3706,0.50600764609503
583,-122.125000000000000,52.625000000000000,-121.875000000000000,52.375000000000000,6,24,116708,7374,3543,0.480471928397071
584,-122.125000000000000,52.375000000000000,-121.875000000000000,52.125000000000000,7,24,117364,7425,4186,0.563771043771044
585,-122.125000000000000,52.125000000000000,-121.875000000000000,51.875000000000000,8,24,118018,7482,6084,0.813151563753007
586,-122.125000000000000,51.875000000000000,-121.875000000000000,51.625000000000000,9,24,118669,7538,6201,0.822631997877421
587,-122.125000000000000,51.625000000000000,-121.875000000000000,51.375000000000000,10,24,119318,7589,5306,0.699169851100277
588,-122.125000000000000,51.375000000000000,-121.875000000000000,51.125000000000000,11,24,119964,7638,4330,0.566902330452998
589,-122.125000000000000,51.125000000000000,-121.875000000000000,50.875000000000000,12,24,120608,7696,4338,0.563669438669439
590,-122.125000000000000,50.875000000000000,-121.875000000000000,50.625000000000000,13,24,121250,7752,5725,0.738519091847265
591,-122.125000000000000,50.625000000000000,-121.875000000000000,50.375000000000000,14,24,121889,7807,3241,0.415140258742154
592,-122.125000000000000,50.375000000000000,-121.875000000000000,50.125000000000000,15,24,122526,7858,4700,0.598116569101553
593,-122.125000000000000,50.125000000000000,-121.875000000000000,49.875000000000000,16,24,123161,7914,4515,0.570507960576194
594,-122.125000000000000,49.875000000000000,-121.875000000000000,49.625000000000000,17,24,123793,7971,4621,0.579726508593652
595,-122.125000000000000,49.625000000000000,-121.875000000000000,49.375000000000000,18,24,124423,8029,5600,0.697471665213601
596,-122.125000000000000,49.375000000000000,-121.875000000000000,49.125000000000000,19,24,125050,8078,5711,0.706981926219361
597,-122.125000000000000,49.125000000000000,-121.875000000000000,48.875000000000000,20,24,125675,4126,2433,0.589675230247213
598,-122.125000000000000,48.875000000000000,-121.875000000000000,48.625000000000000,21,24,126297,0,0,
599,-122.125000000000000,48.625000000000000,-121.875000000000000,48.375000000000000,22,24,126917,0,0,
600,-122.125000000000000,48.375000000000000,-121.875000000000000,48.125000000000000,23,24,127534,0,0,
601,-121.875000000000000,54.125000000000000,-121.625000000000000,53.875000000000000,0,25,112725,7064,3794,0.537089467723669
602,-121.875000000000000,53.875000000000000,-121.625000000000000,53.625000000000000,1,25,113394,7111,4501,0.63296301504711
603,-121.875000000000000,53.625000000000000,-121.625000000000000,53.375000000000000,2,25,114062,7168,4060,0.56640625
604,-121.875000000000000,53.375000000000000,-121.625000000000000,53.125000000000000,3,25,114727,7215,4295,0.595287595287595
605,-121.875000000000000,53.125000000000000,-121.625000000000000,52.875000000000000,4,25,115389,7270,5277,0.72585969738652
606,-121.875000000000000,52.875000000000000,-121.625000000000000,52.625000000000000,5,25,116050,7324,3509,0.479109776078646
607,-121.875000000000000,52.625000000000000,-121.625000000000000,52.375000000000000,6,25,116708,7374,3749,0.508407919717928
608,-121.875000000000000,52.375000000000000,-121.625000000000000,52.125000000000000,7,25,117364,7430,2909,0.391520861372813
609,-121.875000000000000,52.125000000000000,-121.625000000000000,51.875000000000000,8,25,118018,7479,4969,0.664393635512769
610,-121.875000000000000,51.875000000000000,-121.625000000000000,51.625000000000000,9,25,118669,7535,5671,0.752621101526211
611,-121.875000000000000,51.625000000000000,-121.625000000000000,51.375000000000000,10,25,119318,7589,4373,0.576228752141257
612,-121.875000000000000,51.375000000000000,-121.625000000000000,51.125000000000000,11,25,119964,7642,3378,0.442030881968071
613,-121.875000000000000,51.125000000000000,-121.625000000000000,50.875000000000000,12,25,120608,7698,3346,0.434658352818914
614,-121.875000000000000,50.875000000000000,-121.625000000000000,50.625000000000000,13,25,121250,7748,4672,0.602994321115127
615,-121.875000000000000,50.625000000000000,-121.625000000000000,50.375000000000000,14,25,121889,7805,5053,0.647405509288917
616,-121.875000000000000,50.375000000000000,-121.625000000000000,50.125000000000000,15,25,122526,7862,4094,0.520732638005597
617,-121.875000000000000,50.125000000000000,-121.625000000000000,49.875000000000000,16,25,123161,7912,5940,0.750758341759353
618,-121.875000000000000,49.875000000000000,-121.625000000000000,49.625000000000000,17,25,123793,7973,6393,0.801831180233287
619,-121.875000000000000,49.625000000000000,-121.625000000000000,49.375000000000000,18,25,124423,8025,5730,0.714018691588785
620,-121.875000000000000,49.375000000000000,-121.625000000000000,49.125000000000000,19,25,125050,8080,5178,0.640841584158416
621,-121.875000000000000,49.125000000000000,-121.625000000000000,48.875000000000000,20,25,125675,4226,3704,0.876478939895883
622,-121.875000000000000,48.875000000000000,-121.625000000000000,48.625000000000000,21,25,126297,0,0,
623,-121.875000000000000,48.625000000000000,-121.625000000000000,48.375000000000000,22,25,126917,0,0,
624,-121.875000000000000,48.375000000000000,-121.625000000000000,48.125000000000000,23,25,127534,0,0,
625,-121.625000000000000,54.125000000000000,-121.375000000000000,53.875000000000000,0,26,112725,7059,4554,0.645133871653209
626,-121.625000000000000,53.875000000000000,-121.375000000000000,53.625000000000000,1,26,113394,7116,5165,0.725829117481731
627,-121.625000000000000,53.625000000000000,-121.375000000000000,53.375000000000000,2,26,114062,7163,2561,0.357531760435572
628,-121.625000000000000,53.375000000000000,-121.375000000000000,53.125000000000000,3,26,114727,7219,4899,0.678625848455465
629,-121.625000000000000,53.125000000000000,-121.375000000000000,52.875000000000000,4,26,115389,7269,6735,0.926537350392076
630,-121.625000000000000,52.875000000000000,-121.375000000000000,52.625000000000000,5,26,116050,7322,4100,0.559956296093963
631,-121.625000000000000,52.625000000000000,-121.375000000000000,52.375000000000000,6,26,116708,7377,4144,0.561745967195337
632,-121.625000000000000,52.375000000000000,-121.375000000000000,52.125000000000000,7,26,117364,7425,2960,0.398653198653199
633,-121.625000000000000,52.125000000000000,-121.375000000000000,51.875000000000000,8,26,118018,7484,2458,0.32843399251737
634,-121.625000000000000,51.875000000000000,-121.375000000000000,51.625000000000000,9,26,118669,7533,5222,0.693216514005044
635,-121.625000000000000,51.625000000000000,-121.375000000000000,51.375000000000000,10,26,119318,7588,3071,0.404717975751186
636,-121.625000000000000,51.375000000000000,-121.375000000000000,51.125000000000000,11,26,119964,7643,5170,0.676435954468141
637,-121.625000000000000,51.125000000000000,-121.375000000000000,50.875000000000000,12,26,120608,7696,6174,0.802234927234927
638,-121.625000000000000,50.875000000000000,-121.375000000000000,50.625000000000000,13,26,121250,7751,5032,0.649206553993033
639,-121.625000000000000,50.625000000000000,-121.375000000000000,50.375000000000000,14,26,121889,7807,4993,0.639554246189317
640,-121.625000000000000,50.375000000000000,-121.375000000000000,50.125000000000000,15,26,122526,7856,6244,0.794806517311609
641,-121.625000000000000,50.125000000000000,-121.375000000000000,49.875000000000000,16,26,123161,7919,6971,0.880287915140801
642,-121.625000000000000,49.875000000000000,-121.375000000000000,49.625000000000000,17,26,123793,7965,6802,0.85398618957941
643,-121.625000000000000,49.625000000000000,-121.375000000000000,49.375000000000000,18,26,124423,8026,6826,0.850485920757538
644,-121.625000000000000,49.375000000000000,-121.375000000000000,49.125000000000000,19,26,125050,8084,6704,0.829292429490351
645,-121.625000000000000,49.125000000000000,-121.375000000000000,48.875000000000000,20,26,125675,4172,3428,0.821668264621285
646,-121.625000000000000,48.875000000000000,-121.375000000000000,48.625000000000000,21,26,126297,0,0,
647,-121.625000000000000,48.625000000000000,-121.375000000000000,48.375000000000000,22,26,126917,0,0,
648,-121.625000000000000,48.375000000000000,-121.375000000000000,48.125000000000000,23,26,127534,0,0,
649,-121.375000000000000,54.125000000000000,-121.125000000000000,53.875000000000000,0,27,112725,7064,3928,0.556058890147225
650,-121.375000000000000,53.875000000000000,-121.125000000000000,53.625000000000000,1,27,113394,7113,4987,0.70111064248559
651,-121.375000000000000,53.625000000000000,-121.125000000000000,53.375000000000000,2,27,114062,7166,5180,0.722857940273514
652,-121.375000000000000,53.375000000000000,-121.125000000000000,53.125000000000000,3,27,114727,7217,4744,0.657336843563808
653,-121.375000000000000,53.125000000000000,-121.125000000000000,52.875000000000000,4,27,115389,7270,5515,0.758596973865199
654,-121.375000000000000,52.875000000000000,-121.125000000000000,52.625000000000000,5,27,116050,7322,5882,0.803332422835291
655,-121.375000000000000,52.625000000000000,-121.125000000000000,52.375000000000000,6,27,116708,7374,3931,0.533089232438297
656,-121.375000000000000,52.375000000000000,-121.125000000000000,52.125000000000000,7,27,117364,7431,2797,0.376396178172521
657,-121.375000000000000,52.125000000000000,-121.125000000000000,51.875000000000000,8,27,118018,7480,2493,0.333288770053476
658,-121.375000000000000,51.875000000000000,-121.125000000000000,51.625000000000000,9,27,118669,7537,4639,0.61549688204856
659,-121.375000000000000,51.625000000000000,-121.125000000000000,51.375000000000000,10,27,119318,7587,2515,0.331488071701595
660,-121.375000000000000,51.375000000000000,-121.125000000000000,51.125000000000000,11,27,119964,7642,5871,0.768254383669197
661,-121.375000000000000,51.125000000000000,-121.125000000000000,50.875000000000000,12,27,120608,7695,4236,0.550487329434698
662,-121.375000000000000,50.875000000000000,-121.125000000000000,50.625000000000000,13,27,121250,7751,3289,0.42433234421365
663,-121.375000000000000,50.625000000000000,-121.125000000000000,50.375000000000000,14,27,121889,7804,5007,0.641594054331112
664,-121.375000000000000,50.375000000000000,-121.125000000000000,50.125000000000000,15,27,122526,7862,6270,0.797506995675401
665,-121.375000000000000,50.125000000000000,-121.125000000000000,49.875000000000000,16,27,123161,7913,6045,0.763932768861367
666,-121.375000000000000,49.875000000000000,-121.125000000000000,49.625000000000000,17,27,123793,7973,6684,0.838329361595384
667,-121.375000000000000,49.625000000000000,-121.125000000000000,49.375000000000000,18,27,124423,8027,6979,0.869440637847265
668,-121.375000000000000,49.375000000000000,-121.125000000000000,49.125000000000000,19,27,125050,8080,6842,0.846782178217822
669,-121.375000000000000,49.125000000000000,-121.125000000000000,48.875000000000000,20,27,125675,4140,3649,0.881400966183575
670,-121.375000000000000,48.875000000000000,-121.125000000000000,48.625000000000000,21,27,126297,0,0,
671,-121.375000000000000,48.625000000000000,-121.125000000000000,48.375000000000000,22,27,126917,0,0,
672,-121.375000000000000,48.375000000000000,-121.125000000000000,48.125000000000000,23,27,127534,0,0,
673,-121.125000000000000,54.125000000000000,-120.875000000000000,53.875000000000000,0,28,112725,7061,3299,0.467214275598357
674,-121.125000000000000,53.875000000000000,-120.875000000000000,53.625000000000000,1,28,113394,7116,4063,0.570966835300731
675,-121.125000000000000,53.625000000000000,-120.875000000000000,53.375000000000000,2,28,114062,7164,4488,0.626465661641541
676,-121.125000000000000,53.375000000000000,-120.875000000000000,53.125000000000000,3,28,114727,7220,4757,0.658864265927978
677,-121.125000000000000,53.125000000000000,-120.875000000000000,52.875000000000000,4,28,115389,7269,3691,0.507772733525932
678,-121.125000000000000,52.875000000000000,-120.875000000000000,52.625000000000000,5,28,116050,7322,5389,0.736001092597651
679,-121.125000000000000,52.625000000000000,-120.875000000000000,52.375000000000000,6,28,116708,7377,4302,0.583163887759252
680,-121.125000000000000,52.375000000000000,-120.875000000000000,52.125000000000000,7,28,117364,7426,4586,0.617559924589281
681,-121.125000000000000,52.125000000000000,-120.875000000000000,51.875000000000000,8,28,118018,7480,4646,0.621122994652406
682,-121.125000000000000,51.875000000000000,-120.875000000000000,51.625000000000000,9,28,118669,7534,4300,0.570745951685692
683,-121.125000000000000,51.625000000000000,-120.875000000000000,51.375000000000000,10,28,119318,7589,2824,0.372117538542627
684,-121.125000000000000,51.375000000000000,-120.875000000000000,51.125000000000000,11,28,119964,7644,5742,0.751177394034537
685,-121.125000000000000,51.125000000000000,-120.875000000000000,50.875000000000000,12,28,120608,7695,5137,0.667576348278103
686,-121.125000000000000,50.875000000000000,-120.875000000000000,50.625000000000000,13,28,121250,7750,4572,0.589935483870968
687,-121.125000000000000,50.625000000000000,-120.875000000000000,50.375000000000000,14,28,121889,7805,3615,0.46316463805253
688,-121.125000000000000,50.375000000000000,-120.875000000000000,50.125000000000000,15,28,122526,7861,6156,0.78310647500318
689,-121.125000000000000,50.125000000000000,-120.875000000000000,49.875000000000000,16,28,123161,7915,6819,0.861528742893241
690,-121.125000000000000,49.875000000000000,-120.875000000000000,49.625000000000000,17,28,123793,7968,6307,0.791541164658635
691,-121.125000000000000,49.625000000000000,-120.875000000000000,49.375000000000000,18,28,124423,8027,6543,0.815123956646319
692,-121.125000000000000,49.375000000000000,-120.875000000000000,49.125000000000000,19,28,125050,8081,7469,0.924266798663532
693,-121.125000000000000,49.125000000000000,-120.875000000000000,48.875000000000000,20,28,125675,4151,3902,0.94001445434835
694,-121.125000000000000,48.875000000000000,-120.875000000000000,48.625000000000000,21,28,126297,0,0,
695,-121.125000000000000,48.625000000000000,-120.875000000000000,48.375000000000000,22,28,126917,0,0,
696,-121.125000000000000,48.375000000000000,-120.875000000000000,48.125000000000000,23,28,127534,0,0,
697,-120.875000000000000,54.125000000000000,-120.625000000000000,53.875000000000000,0,29,112725,7065,3594,0.508704883227176
698,-120.875000000000000,53.875000000000000,-120.625000000000000,53.625000000000000,1,29,113394,7109,4430,0.623153748769166
699,-120.875000000000000,53.625000000000000,-120.625000000000000,53.375000000000000,2,29,114062,7168,4250,0.592912946428571
700,-120.875000000000000,53.375000000000000,-120.625000000000000,53.125000000000000,3,29,114727,7213,4235,0.587134340773603
701,-120.875000000000000,53.125000000000000,-120.625000000000000,52.875000000000000,4,29,115389,7270,3837,0.527785419532325
702,-120.875000000000000,52.875000000000000,-120.625000000000000,52.625000000000000,5,29,116050,7326,4816,0.657384657384657
703,-120.875000000000000,52.625000000000000,-120.625000000000000,52.375000000000000,6,29,116708,7372,4709,0.638768312533912
704,-120.875000000000000,52.375000000000000,-120.625000000000000,52.125000000000000,7,29,117364,7431,4277,0.575561835553761
705,-120.875000000000000,52.125000000000000,-120.625000000000000,51.875000000000000,8,29,118018,7480,4651,0.621791443850267
706,-120.875000000000000,51.875000000000000,-120.625000000000000,51.625000000000000,9,29,118669,7540,3288,0.436074270557029
707,-120.875000000000000,51.625000000000000,-120.625000000000000,51.375000000000000,10,29,119318,7581,1696,0.223717187706107
708,-120.875000000000000,51.375000000000000,-120.625000000000000,51.125000000000000,11,29,119964,7648,2542,0.332374476987448
709,-120.875000000000000,51.125000000000000,-120.625000000000000,50.875000000000000,12,29,120608,7696,4555,0.591865904365904
710,-120.875000000000000,50.875000000000000,-120.625000000000000,50.625000000000000,13,29,121250,7753,5282,0.681284664001032
711,-120.875000000000000,50.625000000000000,-120.625000000000000,50.375000000000000,14,29,121889,7801,5046,0.646840148698885
712,-120.875000000000000,50.375000000000000,-120.625000000000000,50.125000000000000,15,29,122526,7857,5274,0.671248568155785
713,-120.875000000000000,50.125000000000000,-120.625000000000000,49.875000000000000,16,29,123161,7916,5559,0.702248610409298
714,-120.875000000000000,49.875000000000000,-120.625000000000000,49.625000000000000,17,29,123793,7974,5788,0.72585904188613
715,-120.875000000000000,49.625000000000000,-120.625000000000000,49.375000000000000,18,29,124423,8021,5722,0.713377384366039
716,-120.875000000000000,49.375000000000000,-120.625000000000000,49.125000000000000,19,29,125050,8080,5574,0.689851485148515
717,-120.875000000000000,49.125000000000000,-120.625000000000000,48.875000000000000,20,29,125675,4158,3380,0.812890812890813
718,-120.875000000000000,48.875000000000000,-120.625000000000000,48.625000000000000,21,29,126297,0,0,
719,-120.875000000000000,48.625000000000000,-120.625000000000000,48.375000000000000,22,29,126917,0,0,
720,-120.875000000000000,48.375000000000000,-120.625000000000000,48.125000000000000,23,29,127534,0,0,
721,-120.625000000000000,54.125000000000000,-120.375000000000000,53.875000000000000,0,30,112725,7060,2407,0.340934844192635
722,-120.625000000000000,53.875000000000000,-120.375000000000000,53.625000000000000,1,30,113394,7115,3842,0.539985945186226
723,-120.625000000000000,53.625000000000000,-120.375000000000000,53.375000000000000,2,30,114062,7165,4871,0.679832519190509
724,-120.625000000000000,53.375000000000000,-120.375000000000000,53.125000000000000,3,30,114727,7217,2887,0.40002771234585
725,-120.625000000000000,53.125000000000000,-120.375000000000000,52.875000000000000,4,30,115389,7270,1838,0.252819807427785
726,-120.625000000000000,52.875000000000000,-120.375000000000000,52.625000000000000,5,30,116050,7322,3794,0.518164435946463
727,-120.625000000000000,52.625000000000000,-120.375000000000000,52.375000000000000,6,30,116708,7375,5244,0.711050847457627
728,-120.625000000000000,52.375000000000000,-120.375000000000000,52.125000000000000,7,30,117364,7429,4598,0.618925831202046
729,-120.625000000000000,52.125000000000000,-120.375000000000000,51.875000000000000,8,30,118018,7481,5238,0.700173773559685
730,-120.625000000000000,51.875000000000000,-120.375000000000000,51.625000000000000,9,30,118669,7535,4428,0.587657597876576
731,-120.625000000000000,51.625000000000000,-120.375000000000000,51.375000000000000,10,30,119318,7589,3254,0.428778495190407
732,-120.625000000000000,51.375000000000000,-120.375000000000000,51.125000000000000,11,30,119964,7641,1833,0.23989006674519
733,-120.625000000000000,51.125000000000000,-120.375000000000000,50.875000000000000,12,30,120608,7696,3067,0.398518711018711
734,-120.625000000000000,50.875000000000000,-120.375000000000000,50.625000000000000,13,30,121250,7751,3718,0.479680041284995
735,-120.625000000000000,50.625000000000000,-120.375000000000000,50.375000000000000,14,30,121889,7805,4614,0.591159513132607
736,-120.625000000000000,50.375000000000000,-120.375000000000000,50.125000000000000,15,30,122526,7860,3616,0.460050890585242
737,-120.625000000000000,50.125000000000000,-120.375000000000000,49.875000000000000,16,30,123161,7914,3155,0.398660601465757
738,-120.625000000000000,49.875000000000000,-120.375000000000000,49.625000000000000,17,30,123793,7971,5557,0.697152176640321
739,-120.625000000000000,49.625000000000000,-120.375000000000000,49.375000000000000,18,30,124423,8026,5782,0.720408671816596
740,-120.625000000000000,49.375000000000000,-120.375000000000000,49.125000000000000,19,30,125050,8080,4821,0.596658415841584
741,-120.625000000000000,49.125000000000000,-120.375000000000000,48.875000000000000,20,30,125675,4146,2333,0.562711046792089
742,-120.625000000000000,48.875000000000000,-120.375000000000000,48.625000000000000,21,30,126297,0,0,
743,-120.625000000000000,48.625000000000000,-120.375000000000000,48.375000000000000,22,30,126917,0,0,
744,-120.625000000000000,48.375000000000000,-120.375000000000000,48.125000000000000,23,30,127534,0,0,
745,-120.375000000000000,54.125000000000000,-120.125000000000000,53.875000000000000,0,31,112725,7062,2583,0.365760407816483
746,-120.375000000000000,53.875000000000000,-120.125000000000000,53.625000000000000,1,31,113394,7112,5145,0.723425196850394
747,-120.375000000000000,53.625000000000000,-120.125000000000000,53.375000000000000,2,31,114062,7167,3784,0.527975443002651
748,-120.375000000000000,53.375000000000000,-120.125000000000000,53.125000000000000,3,31,114727,7218,3245,0.449570518149072
749,-120.375000000000000,53.125000000000000,-120.125000000000000,52.875000000000000,4,31,115389,7268,2328,0.320308200330215
750,-120.375000000000000,52.875000000000000,-120.125000000000000,52.625000000000000,5,31,116050,7324,2180,0.297651556526488
751,-120.375000000000000,52.625000000000000,-120.125000000000000,52.375000000000000,6,31,116708,7377,4672,0.633319777687407
752,-120.375000000000000,52.375000000000000,-120.125000000000000,52.125000000000000,7,31,117364,7425,5926,0.798114478114478
753,-120.375000000000000,52.125000000000000,-120.125000000000000,51.875000000000000,8,31,118018,7482,5966,0.797380379577653
754,-120.375000000000000,51.875000000000000,-120.125000000000000,51.625000000000000,9,31,118669,7536,5115,0.678742038216561
755,-120.375000000000000,51.625000000000000,-120.125000000000000,51.375000000000000,10,31,119318,7586,4373,0.576456630635381
756,-120.375000000000000,51.375000000000000,-120.125000000000000,51.125000000000000,11,31,119964,7643,3868,0.506083998429936
757,-120.375000000000000,51.125000000000000,-120.125000000000000,50.875000000000000,12,31,120608,7698,5521,0.717199272538322
758,-120.375000000000000,50.875000000000000,-120.125000000000000,50.625000000000000,13,31,121250,7748,3354,0.432885906040268
759,-120.375000000000000,50.625000000000000,-120.125000000000000,50.375000000000000,14,31,121889,7804,3476,0.445412608918503
760,-120.375000000000000,50.375000000000000,-120.125000000000000,50.125000000000000,15,31,122526,7862,3265,0.4152887306029
761,-120.375000000000000,50.125000000000000,-120.125000000000000,49.875000000000000,16,31,123161,7916,3413,0.431152097018696
762,-120.375000000000000,49.875000000000000,-120.125000000000000,49.625000000000000,17,31,123793,7967,4462,0.560060248525166
763,-120.375000000000000,49.625000000000000,-120.125000000000000,49.375000000000000,18,31,124423,8028,4143,0.516068759342302
764,-120.375000000000000,49.375000000000000,-120.125000000000000,49.125000000000000,19,31,125050,8083,3659,0.452678460967463
765,-120.375000000000000,49.125000000000000,-120.125000000000000,48.875000000000000,20,31,125675,4151,1540,0.370994940978078
766,-120.375000000000000,48.875000000000000,-120.125000000000000,48.625000000000000,21,31,126297,0,0,
767,-120.375000000000000,48.625000000000000,-120.125000000000000,48.375000000000000,22,31,126917,0,0,
768,-120.375000000000000,48.375000000000000,-120.125000000000000,48.125000000000000,23,31,127534,0,0,
769,-120.125000000000000,54.125000000000000,-119.875000000000000,53.875000000000000,0,32,112725,7062,3765,0.533135089209856
770,-120.125000000000000,53.875000000000000,-119.875000000000000,53.625000000000000,1,32,113394,7115,3224,0.453127196064652
771,-120.125000000000000,53.625000000000000,-119.875000000000000,53.375000000000000,2,32,114062,7163,2949,0.411699008795198
772,-120.125000000000000,53.375000000000000,-119.875000000000000,53.125000000000000,3,32,114727,7217,3309,0.458500762089511
773,-120.125000000000000,53.125000000000000,-119.875000000000000,52.875000000000000,4,32,115389,7273,2657,0.365323800357487
774,-120.125000000000000,52.875000000000000,-119.875000000000000,52.625000000000000,5,32,116050,7321,2631,0.359377134271274
775,-120.125000000000000,52.625000000000000,-119.875000000000000,52.375000000000000,6,32,116708,7373,2468,0.334734843347348
776,-120.125000000000000,52.375000000000000,-119.875000000000000,52.125000000000000,7,32,117364,7432,5464,0.735199138858988
777,-120.125000000000000,52.125000000000000,-119.875000000000000,51.875000000000000,8,32,118018,7481,5650,0.755246624782783
778,-120.125000000000000,51.875000000000000,-119.875000000000000,51.625000000000000,9,32,118669,7531,5770,0.766166511751427
779,-120.125000000000000,51.625000000000000,-119.875000000000000,51.375000000000000,10,32,119318,7592,5857,0.771469968387777
780,-120.125000000000000,51.375000000000000,-119.875000000000000,51.125000000000000,11,32,119964,7642,5502,0.719968594608741
781,-120.125000000000000,51.125000000000000,-119.875000000000000,50.875000000000000,12,32,120608,7694,5073,0.659344944112295
782,-120.125000000000000,50.875000000000000,-119.875000000000000,50.625000000000000,13,32,121250,7753,4406,0.56829614342835
783,-120.125000000000000,50.625000000000000,-119.875000000000000,50.375000000000000,14,32,121889,7806,4718,0.604406866512939
784,-120.125000000000000,50.375000000000000,-119.875000000000000,50.125000000000000,15,32,122526,7858,4775,0.607660982438279
785,-120.125000000000000,50.125000000000000,-119.875000000000000,49.875000000000000,16,32,123161,7915,3421,0.432217308907138
786,-120.125000000000000,49.875000000000000,-119.875000000000000,49.625000000000000,17,32,123793,7972,4846,0.607877571500251
787,-120.125000000000000,49.625000000000000,-119.875000000000000,49.375000000000000,18,32,124423,8024,3027,0.377243270189432
788,-120.125000000000000,49.375000000000000,-119.875000000000000,49.125000000000000,19,32,125050,8081,4504,0.557356762776884
789,-120.125000000000000,49.125000000000000,-119.875000000000000,48.875000000000000,20,32,125675,4164,1428,0.342939481268012
790,-120.125000000000000,48.875000000000000,-119.875000000000000,48.625000000000000,21,32,126297,0,0,
791,-120.125000000000000,48.625000000000000,-119.875000000000000,48.375000000000000,22,32,126917,0,0,
792,-120.125000000000000,48.375000000000000,-119.875000000000000,48.125000000000000,23,32,127534,0,0,
793,-119.875000000000000,54.125000000000000,-119.625000000000000,53.875000000000000,0,33,112725,7063,3002,0.425031856151777
794,-119.875000000000000,53.875000000000000,-119.625000000000000,53.625000000000000,1,33,113394,7112,3338,0.469347581552306
795,-119.875000000000000,53.625000000000000,-119.625000000000000,53.375000000000000,2,33,114062,7167,3049,0.425422073391935
796,-119.875000000000000,53.375000000000000,-119.625000000000000,53.125000000000000,3,33,114727,7217,3030,0.419842039628655
797,-119.875000000000000,53.125000000000000,-119.625000000000000,52.875000000000000,4,33,115389,7270,3561,0.489821182943604
798,-119.875000000000000,52.875000000000000,-119.625000000000000,52.625000000000000,5,33,116050,7323,1493,0.203878191997815
799,-119.875000000000000,52.625000000000000,-119.625000000000000,52.375000000000000,6,33,116708,7375,2782,0.377220338983051
800,-119.875000000000000,52.375000000000000,-119.625000000000000,52.125000000000000,7,33,117364,7428,4610,0.620624663435649
801,-119.875000000000000,52.125000000000000,-119.625000000000000,51.875000000000000,8,33,118018,7481,6189,0.827295816067371
802,-119.875000000000000,51.875000000000000,-119.625000000000000,51.625000000000000,9,33,118669,7535,5650,0.749834107498341
803,-119.875000000000000,51.625000000000000,-119.625000000000000,51.375000000000000,10,33,119318,7589,5892,0.776386875741204
804,-119.875000000000000,51.375000000000000,-119.625000000000000,51.125000000000000,11,33,119964,7641,5480,0.717183614710116
805,-119.875000000000000,51.125000000000000,-119.625000000000000,50.875000000000000,12,33,120608,7697,5633,0.731843575418994
806,-119.875000000000000,50.875000000000000,-119.625000000000000,50.625000000000000,13,33,121250,7750,5093,0.657161290322581
807,-119.875000000000000,50.625000000000000,-119.625000000000000,50.375000000000000,14,33,121889,7806,6039,0.773635664873174
808,-119.875000000000000,50.375000000000000,-119.625000000000000,50.125000000000000,15,33,122526,7859,4191,0.533273953429189
809,-119.875000000000000,50.125000000000000,-119.625000000000000,49.875000000000000,16,33,123161,7915,3911,0.494125078963992
810,-119.875000000000000,49.875000000000000,-119.625000000000000,49.625000000000000,17,33,123793,7969,5634,0.706989584640482
811,-119.875000000000000,49.625000000000000,-119.625000000000000,49.375000000000000,18,33,124423,8026,5255,0.654747072015948
812,-119.875000000000000,49.375000000000000,-119.625000000000000,49.125000000000000,19,33,125050,8082,4774,0.590695372432566
813,-119.875000000000000,49.125000000000000,-119.625000000000000,48.875000000000000,20,33,125675,4162,1757,0.422152811148486
814,-119.875000000000000,48.875000000000000,-119.625000000000000,48.625000000000000,21,33,126297,0,0,
815,-119.875000000000000,48.625000000000000,-119.625000000000000,48.375000000000000,22,33,126917,0,0,
816,-119.875000000000000,48.375000000000000,-119.625000000000000,48.125000000000000,23,33,127534,0,0,
817,-119.625000000000000,54.125000000000000,-119.375000000000000,53.875000000000000,0,34,112725,7063,2626,0.371796686960215
818,-119.625000000000000,53.875000000000000,-119.375000000000000,53.625000000000000,1,34,113394,7113,1960,0.275551806551385
819,-119.625000000000000,53.625000000000000,-119.375000000000000,53.375000000000000,2,34,114062,7167,1795,0.250453467280592
820,-119.625000000000000,53.375000000000000,-119.375000000000000,53.125000000000000,3,34,114727,7217,2787,0.386171539420812
821,-119.625000000000000,53.125000000000000,-119.375000000000000,52.875000000000000,4,34,115389,7269,4152,0.571192736277342
822,-119.625000000000000,52.875000000000000,-119.375000000000000,52.625000000000000,5,34,116050,7322,2521,0.344304834744605
823,-119.625000000000000,52.625000000000000,-119.375000000000000,52.375000000000000,6,34,116708,7373,2991,0.405669334056693
824,-119.625000000000000,52.375000000000000,-119.375000000000000,52.125000000000000,7,34,117364,7430,2726,0.366890982503365
825,-119.625000000000000,52.125000000000000,-119.375000000000000,51.875000000000000,8,34,118018,7482,6382,0.852980486500936
826,-119.625000000000000,51.875000000000000,-119.375000000000000,51.625000000000000,9,34,118669,7535,5781,0.767219641672196
827,-119.625000000000000,51.625000000000000,-119.375000000000000,51.375000000000000,10,34,119318,7589,6258,0.824614573725128
828,-119.625000000000000,51.375000000000000,-119.375000000000000,51.125000000000000,11,34,119964,7642,5363,0.701779638838001
829,-119.625000000000000,51.125000000000000,-119.375000000000000,50.875000000000000,12,34,120608,7695,5679,0.738011695906433
830,-119.625000000000000,50.875000000000000,-119.375000000000000,50.625000000000000,13,34,121250,7751,5357,0.691136627531931
831,-119.625000000000000,50.625000000000000,-119.375000000000000,50.375000000000000,14,34,121889,7802,5964,0.764419379646245
832,-119.625000000000000,50.375000000000000,-119.375000000000000,50.125000000000000,15,34,122526,7863,5140,0.653694518631566
833,-119.625000000000000,50.125000000000000,-119.375000000000000,49.875000000000000,16,34,123161,7914,4161,0.525777103866566
834,-119.625000000000000,49.875000000000000,-119.375000000000000,49.625000000000000,17,34,123793,7970,3658,0.458971141781681
835,-119.625000000000000,49.625000000000000,-119.375000000000000,49.375000000000000,18,34,124423,8027,3362,0.418836427058677
836,-119.625000000000000,49.375000000000000,-119.375000000000000,49.125000000000000,19,34,125050,8080,3562,0.440841584158416
837,-119.625000000000000,49.125000000000000,-119.375000000000000,48.875000000000000,20,34,125675,4157,1297,0.312003848929516
838,-119.625000000000000,48.875000000000000,-119.375000000000000,48.625000000000000,21,34,126297,0,0,
839,-119.625000000000000,48.625000000000000,-119.375000000000000,48.375000000000000,22,34,126917,0,0,
840,-119.625000000000000,48.375000000000000,-119.375000000000000,48.125000000000000,23,34,127534,0,0,
841,-119.375000000000000,54.125000000000000,-119.125000000000000,53.875000000000000,0,35,112725,7068,1450,0.205149971703452
842,-119.375000000000000,53.875000000000000,-119.125000000000000,53.625000000000000,1,35,113394,7115,1667,0.234293745607871
843,-119.375000000000000,53.625000000000000,-119.125000000000000,53.375000000000000,2,35,114062,7158,1366,0.190835428890752
844,-119.375000000000000,53.375000000000000,-119.125000000000000,53.125000000000000,3,35,114727,7223,1146,0.158659836632978
845,-119.375000000000000,53.125000000000000,-119.125000000000000,52.875000000000000,4,35,115389,7268,3620,0.498073747936158
846,-119.375000000000000,52.875000000000000,-119.125000000000000,52.625000000000000,5,35,116050,7326,4632,0.632268632268632
847,-119.375000000000000,52.625000000000000,-119.125000000000000,52.375000000000000,6,35,116708,7376,4650,0.630422993492408
848,-119.375000000000000,52.375000000000000,-119.125000000000000,52.125000000000000,7,35,117364,7424,4323,0.582300646551724
849,-119.375000000000000,52.125000000000000,-119.125000000000000,51.875000000000000,8,35,118018,7482,4605,0.615477145148356
850,-119.375000000000000,51.875000000000000,-119.125000000000000,51.625000000000000,9,35,118669,7530,5548,0.736786188579017
851,-119.375000000000000,51.625000000000000,-119.125000000000000,51.375000000000000,10,35,119318,7590,6723,0.885770750988142
852,-119.375000000000000,51.375000000000000,-119.125000000000000,51.125000000000000,11,35,119964,7642,6456,0.844805024862601
853,-119.375000000000000,51.125000000000000,-119.125000000000000,50.875000000000000,12,35,120608,7698,4864,0.63185242920239
854,-119.375000000000000,50.875000000000000,-119.125000000000000,50.625000000000000,13,35,121250,7745,4797,0.619367333763719
855,-119.375000000000000,50.625000000000000,-119.125000000000000,50.375000000000000,14,35,121889,7813,4312,0.551900678356585
856,-119.375000000000000,50.375000000000000,-119.125000000000000,50.125000000000000,15,35,122526,7856,3287,0.418406313645621
857,-119.375000000000000,50.125000000000000,-119.125000000000000,49.875000000000000,16,35,123161,7917,3789,0.478590375142099
858,-119.375000000000000,49.875000000000000,-119.125000000000000,49.625000000000000,17,35,123793,7967,4079,0.511986946152881
859,-119.375000000000000,49.625000000000000,-119.125000000000000,49.375000000000000,18,35,124423,8029,3929,0.489351102254328
860,-119.375000000000000,49.375000000000000,-119.125000000000000,49.125000000000000,19,35,125050,8080,2234,0.276485148514852
861,-119.375000000000000,49.125000000000000,-119.125000000000000,48.875000000000000,20,35,125675,4163,2121,0.509488349747778
862,-119.375000000000000,48.875000000000000,-119.125000000000000,48.625000000000000,21,35,126297,0,0,
863,-119.375000000000000,48.625000000000000,-119.125000000000000,48.375000000000000,22,35,126917,0,0,
864,-119.375000000000000,48.375000000000000,-119.125000000000000,48.125000000000000,23,35,127534,0,0,
865,-119.125000000000000,54.125000000000000,-118.875000000000000,53.875000000000000,0,36,112725,7059,685,0.0970392406856495
866,-119.125000000000000,53.875000000000000,-118.875000000000000,53.625000000000000,1,36,113394,7114,1250,0.175709867866179
867,-119.125000000000000,53.625000000000000,-118.875000000000000,53.375000000000000,2,36,114062,7169,645,0.0899707072116055
868,-119.125000000000000,53.375000000000000,-118.875000000000000,53.125000000000000,3,36,114727,7215,871,0.120720720720721
869,-119.125000000000000,53.125000000000000,-118.875000000000000,52.875000000000000,4,36,115389,7269,2144,0.294951162470766
870,-119.125000000000000,52.875000000000000,-118.875000000000000,52.625000000000000,5,36,116050,7325,3209,0.438088737201365
871,-119.125000000000000,52.625000000000000,-118.875000000000000,52.375000000000000,6,36,116708,7375,2853,0.386847457627119
872,-119.125000000000000,52.375000000000000,-118.875000000000000,52.125000000000000,7,36,117364,7426,2685,0.36156746566119
873,-119.125000000000000,52.125000000000000,-118.875000000000000,51.875000000000000,8,36,118018,7483,2225,0.297340638781237
874,-119.125000000000000,51.875000000000000,-118.875000000000000,51.625000000000000,9,36,118669,7535,2945,0.390842733908427
875,-119.125000000000000,51.625000000000000,-118.875000000000000,51.375000000000000,10,36,119318,7587,5580,0.735468564650059
876,-119.125000000000000,51.375000000000000,-118.875000000000000,51.125000000000000,11,36,119964,7641,5812,0.760633424944379
877,-119.125000000000000,51.125000000000000,-118.875000000000000,50.875000000000000,12,36,120608,7697,5138,0.667532804988957
878,-119.125000000000000,50.875000000000000,-118.875000000000000,50.625000000000000,13,36,121250,7753,6002,0.774151941184058
879,-119.125000000000000,50.625000000000000,-118.875000000000000,50.375000000000000,14,36,121889,7803,6271,0.803665256952454
880,-119.125000000000000,50.375000000000000,-118.875000000000000,50.125000000000000,15,36,122526,7858,5402,0.687452277933316
881,-119.125000000000000,50.125000000000000,-118.875000000000000,49.875000000000000,16,36,123161,7917,5531,0.698623215864595
882,-119.125000000000000,49.875000000000000,-118.875000000000000,49.625000000000000,17,36,123793,7970,4995,0.6267252195734
883,-119.125000000000000,49.625000000000000,-118.875000000000000,49.375000000000000,18,36,124423,8023,5361,0.668203913747975
884,-119.125000000000000,49.375000000000000,-118.875000000000000,49.125000000000000,19,36,125050,8081,6895,0.853235985645341
885,-119.125000000000000,49.125000000000000,-118.875000000000000,48.875000000000000,20,36,125675,4162,2653,0.637433925997117
886,-119.125000000000000,48.875000000000000,-118.875000000000000,48.625000000000000,21,36,126297,0,0,
887,-119.125000000000000,48.625000000000000,-118.875000000000000,48.375000000000000,22,36,126917,0,0,
888,-119.125000000000000,48.375000000000000,-118.875000000000000,48.125000000000000,23,36,127534,0,0,
889,-118.875000000000000,54.125000000000000,-118.625000000000000,53.875000000000000,0,37,112725,7063,133,0.0188305252725471
890,-118.875000000000000,53.875000000000000,-118.625000000000000,53.625000000000000,1,37,113394,7112,1315,0.184898762654668
891,-118.875000000000000,53.625000000000000,-118.625000000000000,53.375000000000000,2,37,114062,7165,990,0.138171667829728
892,-118.875000000000000,53.375000000000000,-118.625000000000000,53.125000000000000,3,37,114727,7219,1040,0.144064274830309
893,-118.875000000000000,53.125000000000000,-118.625000000000000,52.875000000000000,4,37,115389,7269,1978,0.272114458660063
894,-118.875000000000000,52.875000000000000,-118.625000000000000,52.625000000000000,5,37,116050,7320,2518,0.343989071038251
895,-118.875000000000000,52.625000000000000,-118.625000000000000,52.375000000000000,6,37,116708,7377,3677,0.498441100718449
896,-118.875000000000000,52.375000000000000,-118.625000000000000,52.125000000000000,7,37,117364,7429,2102,0.282945214699152
897,-118.875000000000000,52.125000000000000,-118.625000000000000,51.875000000000000,8,37,118018,7479,3333,0.445647813878861
898,-118.875000000000000,51.875000000000000,-118.625000000000000,51.625000000000000,9,37,118669,7536,2650,0.351645435244161
899,-118.875000000000000,51.625000000000000,-118.625000000000000,51.375000000000000,10,37,119318,7590,4678,0.616337285902503
900,-118.875000000000000,51.375000000000000,-118.625000000000000,51.125000000000000,11,37,119964,7640,4964,0.649738219895288
901,-118.875000000000000,51.125000000000000,-118.625000000000000,50.875000000000000,12,37,120608,7697,6172,0.801870858776147
902,-118.875000000000000,50.875000000000000,-118.625000000000000,50.625000000000000,13,37,121250,7752,6487,0.836816305469556
903,-118.875000000000000,50.625000000000000,-118.625000000000000,50.375000000000000,14,37,121889,7803,6363,0.815455594002307
904,-118.875000000000000,50.375000000000000,-118.625000000000000,50.125000000000000,15,37,122526,7861,6356,0.808548530721282
905,-118.875000000000000,50.125000000000000,-118.625000000000000,49.875000000000000,16,37,123161,7915,7078,0.894251421351864
906,-118.875000000000000,49.875000000000000,-118.625000000000000,49.625000000000000,17,37,123793,7970,5394,0.676787954830615
907,-118.875000000000000,49.625000000000000,-118.625000000000000,49.375000000000000,18,37,124423,8027,5786,0.720817241808895
908,-118.875000000000000,49.375000000000000,-118.625000000000000,49.125000000000000,19,37,125050,8080,5461,0.675866336633663
909,-118.875000000000000,49.125000000000000,-118.625000000000000,48.875000000000000,20,37,125675,4158,2748,0.660894660894661
910,-118.875000000000000,48.875000000000000,-118.625000000000000,48.625000000000000,21,37,126297,0,0,
911,-118.875000000000000,48.625000000000000,-118.625000000000000,48.375000000000000,22,37,126917,0,0,
912,-118.875000000000000,48.375000000000000,-118.625000000000000,48.125000000000000,23,37,127534,0,0,
913,-118.625000000000000,54.125000000000000,-118.375000000000000,53.875000000000000,0,38,112725,7064,54,0.00764439411098528
914,-118.625000000000000,53.875000000000000,-118.375000000000000,53.625000000000000,1,38,113394,7111,674,0.0947827309801716
915,-118.625000000000000,53.625000000000000,-118.375000000000000,53.375000000000000,2,38,114062,7167,1244,0.173573322171062
916,-118.625000000000000,53.375000000000000,-118.375000000000000,53.125000000000000,3,38,114727,7216,845,0.11710088691796
917,-118.625000000000000,53.125000000000000,-118.375000000000000,52.875000000000000,4,38,115389,7272,1672,0.22992299229923
918,-118.625000000000000,52.875000000000000,-118.375000000000000,52.625000000000000,5,38,116050,7322,2628,0.358918328325594
919,-118.625000000000000,52.625000000000000,-118.375000000000000,52.375000000000000,6,38,116708,7376,3199,0.433703904555315
920,-118.625000000000000,52.375000000000000,-118.375000000000000,52.125000000000000,7,38,117364,7426,3531,0.475491516294102
921,-118.625000000000000,52.125000000000000,-118.375000000000000,51.875000000000000,8,38,118018,7484,3673,0.490780331373597
922,-118.625000000000000,51.875000000000000,-118.375000000000000,51.625000000000000,9,38,118669,7533,4961,0.658568963228461
923,-118.625000000000000,51.625000000000000,-118.375000000000000,51.375000000000000,10,38,119318,7588,4763,0.627701634159199
924,-118.625000000000000,51.375000000000000,-118.375000000000000,51.125000000000000,11,38,119964,7643,1977,0.25866806227921
925,-118.625000000000000,51.125000000000000,-118.375000000000000,50.875000000000000,12,38,120608,7697,5761,0.748473431206964
926,-118.625000000000000,50.875000000000000,-118.375000000000000,50.625000000000000,13,38,121250,7749,6349,0.8193315266486
927,-118.625000000000000,50.625000000000000,-118.375000000000000,50.375000000000000,14,38,121889,7806,6738,0.863182167563413
928,-118.625000000000000,50.375000000000000,-118.375000000000000,50.125000000000000,15,38,122526,7859,6922,0.88077363532256
929,-118.625000000000000,50.125000000000000,-118.375000000000000,49.875000000000000,16,38,123161,7915,6503,0.821604548325963
930,-118.625000000000000,49.875000000000000,-118.375000000000000,49.625000000000000,17,38,123793,7970,7054,0.885069008782936
931,-118.625000000000000,49.625000000000000,-118.375000000000000,49.375000000000000,18,38,124423,8026,6587,0.820707699975081
932,-118.625000000000000,49.375000000000000,-118.375000000000000,49.125000000000000,19,38,125050,8081,6443,0.797302314070041
933,-118.625000000000000,49.125000000000000,-118.375000000000000,48.875000000000000,20,38,125675,4159,2644,0.635729742726617
934,-118.625000000000000,48.875000000000000,-118.375000000000000,48.625000000000000,21,38,126297,0,0,
935,-118.625000000000000,48.625000000000000,-118.375000000000000,48.375000000000000,22,38,126917,0,0,
936,-118.625000000000000,48.375000000000000,-118.375000000000000,48.125000000000000,23,38,127534,0,0,
937,-118.375000000000000,54.125000000000000,-118.125000000000000,53.875000000000000,0,39,112725,7061,7,0.000991360997025917
938,-118.375000000000000,53.875000000000000,-118.125000000000000,53.625000000000000,1,39,113394,7115,54,0.00758959943780745
939,-118.375000000000000,53.625000000000000,-118.125000000000000,53.375000000000000,2,39,114062,7165,1194,0.166643405443126
940,-118.375000000000000,53.375000000000000,-118.125000000000000,53.125000000000000,3,39,114727,7218,1275,0.176641729010806
941,-118.375000000000000,53.125000000000000,-118.125000000000000,52.875000000000000,4,39,115389,7269,1254,0.172513413124226
942,-118.375000000000000,52.875000000000000,-118.125000000000000,52.625000000000000,5,39,116050,7324,1216,0.16602949208083
943,-118.375000000000000,52.625000000000000,-118.125000000000000,52.375000000000000,6,39,116708,7374,1947,0.264035801464605
944,-118.375000000000000,52.375000000000000,-118.125000000000000,52.125000000000000,7,39,117364,7428,2776,0.373721055465805
945,-118.375000000000000,52.125000000000000,-118.125000000000000,51.875000000000000,8,39,118018,7480,3434,0.459090909090909
946,-118.375000000000000,51.875000000000000,-118.125000000000000,51.625000000000000,9,39,118669,7535,3144,0.417252820172528
947,-118.375000000000000,51.625000000000000,-118.125000000000000,51.375000000000000,10,39,119318,7588,4987,0.657221929362151
948,-118.375000000000000,51.375000000000000,-118.125000000000000,51.125000000000000,11,39,119964,7643,5065,0.662697893497318
949,-118.375000000000000,51.125000000000000,-118.125000000000000,50.875000000000000,12,39,120608,7695,4732,0.614944769330734
950,-118.375000000000000,50.875000000000000,-118.125000000000000,50.625000000000000,13,39,121250,7751,3646,0.470390917300993
951,-118.375000000000000,50.625000000000000,-118.125000000000000,50.375000000000000,14,39,121889,7805,5245,0.672005124919923
952,-118.375000000000000,50.375000000000000,-118.125000000000000,50.125000000000000,15,39,122526,7862,6237,0.793309590435004
953,-118.375000000000000,50.125000000000000,-118.125000000000000,49.875000000000000,16,39,123161,7913,7182,0.907620371540503
954,-118.375000000000000,49.875000000000000,-118.125000000000000,49.625000000000000,17,39,123793,7971,6132,0.769288671433948
955,-118.375000000000000,49.625000000000000,-118.125000000000000,49.375000000000000,18,39,124423,8025,6374,0.794267912772586
956,-118.375000000000000,49.375000000000000,-118.125000000000000,49.125000000000000,19,39,125050,8082,6284,0.777530314278644
957,-118.375000000000000,49.125000000000000,-118.125000000000000,48.875000000000000,20,39,125675,4160,3001,0.721394230769231
958,-118.375000000000000,48.875000000000000,-118.125000000000000,48.625000000000000,21,39,126297,0,0,
959,-118.375000000000000,48.625000000000000,-118.125000000000000,48.375000000000000,22,39,126917,0,0,
960,-118.375000000000000,48.375000000000000,-118.125000000000000,48.125000000000000,23,39,127534,0,0,
961,-118.125000000000000,54.125000000000000,-117.875000000000000,53.875000000000000,0,40,112725,7063,4,0.000566331587144273
962,-118.125000000000000,53.875000000000000,-117.875000000000000,53.625000000000000,1,40,113394,7114,0,0
963,-118.125000000000000,53.625000000000000,-117.875000000000000,53.375000000000000,2,40,114062,7164,343,0.0478782802903406
964,-118.125000000000000,53.375000000000000,-117.875000000000000,53.125000000000000,3,40,114727,7218,910,0.126073704627321
965,-118.125000000000000,53.125000000000000,-117.875000000000000,52.875000000000000,4,40,115389,7269,1342,0.184619617553996
966,-118.125000000000000,52.875000000000000,-117.875000000000000,52.625000000000000,5,40,116050,7322,1133,0.154739142310844
967,-118.125000000000000,52.625000000000000,-117.875000000000000,52.375000000000000,6,40,116708,7377,1165,0.157923275044056
968,-118.125000000000000,52.375000000000000,-117.875000000000000,52.125000000000000,7,40,117364,7428,1487,0.200188476036618
969,-118.125000000000000,52.125000000000000,-117.875000000000000,51.875000000000000,8,40,118018,7479,3089,0.413023131434684
970,-118.125000000000000,51.875000000000000,-117.875000000000000,51.625000000000000,9,40,118669,7536,1831,0.242967091295117
971,-118.125000000000000,51.625000000000000,-117.875000000000000,51.375000000000000,10,40,119318,7589,2878,0.379233100540256
972,-118.125000000000000,51.375000000000000,-117.875000000000000,51.125000000000000,11,40,119964,7643,2806,0.367133324610755
973,-118.125000000000000,51.125000000000000,-117.875000000000000,50.875000000000000,12,40,120608,7696,4190,0.544438669438669
974,-118.125000000000000,50.875000000000000,-117.875000000000000,50.625000000000000,13,40,121250,7750,5183,0.668774193548387
975,-118.125000000000000,50.625000000000000,-117.875000000000000,50.375000000000000,14,40,121889,7804,4459,0.571373654536135
976,-118.125000000000000,50.375000000000000,-117.875000000000000,50.125000000000000,15,40,122526,7860,6353,0.808269720101781
977,-118.125000000000000,50.125000000000000,-117.875000000000000,49.875000000000000,16,40,123161,7916,6445,0.814173825164224
978,-118.125000000000000,49.875000000000000,-117.875000000000000,49.625000000000000,17,40,123793,7970,6267,0.786323713927227
979,-118.125000000000000,49.625000000000000,-117.875000000000000,49.375000000000000,18,40,124423,8026,6726,0.838026414153999
980,-118.125000000000000,49.375000000000000,-117.875000000000000,49.125000000000000,19,40,125050,8081,6345,0.785175102091325
981,-118.125000000000000,49.125000000000000,-117.875000000000000,48.875000000000000,20,40,125675,4155,3580,0.861612515042118
982,-118.125000000000000,48.875000000000000,-117.875000000000000,48.625000000000000,21,40,126297,0,0,
983,-118.125000000000000,48.625000000000000,-117.875000000000000,48.375000000000000,22,40,126917,0,0,
984,-118.125000000000000,48.375000000000000,-117.875000000000000,48.125000000000000,23,40,127534,0,0,
985,-117.875000000000000,54.125000000000000,-117.625000000000000,53.875000000000000,0,41,112725,7059,0,0
986,-117.875000000000000,53.875000000000000,-117.625000000000000,53.625000000000000,1,41,113394,7113,0,0
987,-117.875000000000000,53.625000000000000,-117.625000000000000,53.375000000000000,2,41,114062,7169,66,0.00920630492397824
988,-117.875000000000000,53.375000000000000,-117.625000000000000,53.125000000000000,3,41,114727,7217,858,0.118885963696827
989,-117.875000000000000,53.125000000000000,-117.625000000000000,52.875000000000000,4,41,115389,7270,1446,0.198899587345254
990,-117.875000000000000,52.875000000000000,-117.625000000000000,52.625000000000000,5,41,116050,7321,1117,0.152574784865456
991,-117.875000000000000,52.625000000000000,-117.625000000000000,52.375000000000000,6,41,116708,7376,1088,0.147505422993492
992,-117.875000000000000,52.375000000000000,-117.625000000000000,52.125000000000000,7,41,117364,7428,688,0.0926225094238018
993,-117.875000000000000,52.125000000000000,-117.625000000000000,51.875000000000000,8,41,118018,7480,2134,0.285294117647059
994,-117.875000000000000,51.875000000000000,-117.625000000000000,51.625000000000000,9,41,118669,7538,3127,0.414831520297161
995,-117.875000000000000,51.625000000000000,-117.625000000000000,51.375000000000000,10,41,119318,7586,2591,0.341550224097021
996,-117.875000000000000,51.375000000000000,-117.625000000000000,51.125000000000000,11,41,119964,7640,4368,0.571727748691099
997,-117.875000000000000,51.125000000000000,-117.625000000000000,50.875000000000000,12,41,120608,7696,2430,0.315748440748441
998,-117.875000000000000,50.875000000000000,-117.625000000000000,50.625000000000000,13,41,121250,7754,4840,0.624193964405468
999,-117.875000000000000,50.625000000000000,-117.625000000000000,50.375000000000000,14,41,121889,7805,6319,0.809609224855862
1000,-117.875000000000000,50.375000000000000,-117.625000000000000,50.125000000000000,15,41,122526,7859,6020,0.76600076345591
1001,-117.875000000000000,50.125000000000000,-117.625000000000000,49.875000000000000,16,41,123161,7914,6581,0.831564316401314
1002,-117.875000000000000,49.875000000000000,-117.625000000000000,49.625000000000000,17,41,123793,7971,4702,0.589888345251537
1003,-117.875000000000000,49.625000000000000,-117.625000000000000,49.375000000000000,18,41,124423,8025,6797,0.846978193146417
1004,-117.875000000000000,49.375000000000000,-117.625000000000000,49.125000000000000,19,41,125050,8083,6359,0.786712854138315
1005,-117.875000000000000,49.125000000000000,-117.625000000000000,48.875000000000000,20,41,125675,4142,2964,0.715596330275229
1006,-117.875000000000000,48.875000000000000,-117.625000000000000,48.625000000000000,21,41,126297,0,0,
1007,-117.875000000000000,48.625000000000000,-117.625000000000000,48.375000000000000,22,41,126917,0,0,
1008,-117.875000000000000,48.375000000000000,-117.625000000000000,48.125000000000000,23,41,127534,0,0,
1009,-117.625000000000000,54.125000000000000,-117.375000000000000,53.875000000000000,0,42,112725,7064,0,0
1010,-117.625000000000000,53.875000000000000,-117.375000000000000,53.625000000000000,1,42,113394,7113,0,0
1011,-117.625000000000000,53.625000000000000,-117.375000000000000,53.375000000000000,2,42,114062,7164,5,0.000697934115019542
1012,-117.625000000000000,53.375000000000000,-117.375000000000000,53.125000000000000,3,42,114727,7217,83,0.0115006235277816
1013,-117.625000000000000,53.125000000000000,-117.375000000000000,52.875000000000000,4,42,115389,7272,712,0.0979097909790979
1014,-117.625000000000000,52.875000000000000,-117.375000000000000,52.625000000000000,5,42,116050,7322,769,0.105025949194209
1015,-117.625000000000000,52.625000000000000,-117.375000000000000,52.375000000000000,6,42,116708,7374,915,0.124084621643613
1016,-117.625000000000000,52.375000000000000,-117.375000000000000,52.125000000000000,7,42,117364,7431,739,0.0994482573004979
1017,-117.625000000000000,52.125000000000000,-117.375000000000000,51.875000000000000,8,42,118018,7480,1502,0.200802139037433
1018,-117.625000000000000,51.875000000000000,-117.375000000000000,51.625000000000000,9,42,118669,7534,3550,0.471197239182373
1019,-117.625000000000000,51.625000000000000,-117.375000000000000,51.375000000000000,10,42,119318,7589,4893,0.644748978785084
1020,-117.625000000000000,51.375000000000000,-117.375000000000000,51.125000000000000,11,42,119964,7642,2850,0.372939021198639
1021,-117.625000000000000,51.125000000000000,-117.375000000000000,50.875000000000000,12,42,120608,7697,2127,0.276341431726647
1022,-117.625000000000000,50.875000000000000,-117.375000000000000,50.625000000000000,13,42,121250,7749,4460,0.575558136533746
1023,-117.625000000000000,50.625000000000000,-117.375000000000000,50.375000000000000,14,42,121889,7806,4659,0.59684857801691
1024,-117.625000000000000,50.375000000000000,-117.375000000000000,50.125000000000000,15,42,122526,7861,5172,0.657931560870118
1025,-117.625000000000000,50.125000000000000,-117.375000000000000,49.875000000000000,16,42,123161,7914,5027,0.635203436947182
1026,-117.625000000000000,49.875000000000000,-117.375000000000000,49.625000000000000,17,42,123793,7969,6483,0.813527418747647
1027,-117.625000000000000,49.625000000000000,-117.375000000000000,49.375000000000000,18,42,124423,8027,7230,0.900710103401022
1028,-117.625000000000000,49.375000000000000,-117.375000000000000,49.125000000000000,19,42,125050,8081,6948,0.859794579878728
1029,-117.625000000000000,49.125000000000000,-117.375000000000000,48.875000000000000,20,42,125675,4144,3204,0.773166023166023
1030,-117.625000000000000,48.875000000000000,-117.375000000000000,48.625000000000000,21,42,126297,0,0,
1031,-117.625000000000000,48.625000000000000,-117.375000000000000,48.375000000000000,22,42,126917,0,0,
1032,-117.625000000000000,48.375000000000000,-117.375000000000000,48.125000000000000,23,42,127534,0,0,
1033,-117.375000000000000,54.125000000000000,-117.125000000000000,53.875000000000000,0,43,112725,7061,0,0
1034,-117.375000000000000,53.875000000000000,-117.125000000000000,53.625000000000000,1,43,113394,7114,1,0.000140567894292943
1035,-117.375000000000000,53.625000000000000,-117.125000000000000,53.375000000000000,2,43,114062,7165,1,0.000139567341242149
1036,-117.375000000000000,53.375000000000000,-117.125000000000000,53.125000000000000,3,43,114727,7218,0,0
1037,-117.375000000000000,53.125000000000000,-117.125000000000000,52.875000000000000,4,43,115389,7270,351,0.0482806052269601
1038,-117.375000000000000,52.875000000000000,-117.125000000000000,52.625000000000000,5,43,116050,7323,267,0.0364604670217124
1039,-117.375000000000000,52.625000000000000,-117.125000000000000,52.375000000000000,6,43,116708,7375,183,0.0248135593220339
1040,-117.375000000000000,52.375000000000000,-117.125000000000000,52.125000000000000,7,43,117364,7428,253,0.0340603123317178
1041,-117.375000000000000,52.125000000000000,-117.125000000000000,51.875000000000000,8,43,118018,7482,1353,0.180834001603849
1042,-117.375000000000000,51.875000000000000,-117.125000000000000,51.625000000000000,9,43,118669,7533,3068,0.407274658170716
1043,-117.375000000000000,51.625000000000000,-117.125000000000000,51.375000000000000,10,43,119318,7589,4391,0.578600606140466
1044,-117.375000000000000,51.375000000000000,-117.125000000000000,51.125000000000000,11,43,119964,7643,4190,0.548214052073793
1045,-117.375000000000000,51.125000000000000,-117.125000000000000,50.875000000000000,12,43,120608,7697,2927,0.380278030401455
1046,-117.375000000000000,50.875000000000000,-117.125000000000000,50.625000000000000,13,43,121250,7749,3615,0.466511807975223
1047,-117.375000000000000,50.625000000000000,-117.125000000000000,50.375000000000000,14,43,121889,7805,5115,0.655349135169763
1048,-117.375000000000000,50.375000000000000,-117.125000000000000,50.125000000000000,15,43,122526,7861,3148,0.400457957002926
1049,-117.375000000000000,50.125000000000000,-117.125000000000000,49.875000000000000,16,43,123161,7915,5862,0.740619077700569
1050,-117.375000000000000,49.875000000000000,-117.125000000000000,49.625000000000000,17,43,123793,7970,5640,0.707653701380176
1051,-117.375000000000000,49.625000000000000,-117.125000000000000,49.375000000000000,18,43,124423,8025,7109,0.885856697819315
1052,-117.375000000000000,49.375000000000000,-117.125000000000000,49.125000000000000,19,43,125050,8081,6647,0.82254671451553
1053,-117.375000000000000,49.125000000000000,-117.125000000000000,48.875000000000000,20,43,125675,4176,3629,0.869013409961686
1054,-117.375000000000000,48.875000000000000,-117.125000000000000,48.625000000000000,21,43,126297,0,0,
1055,-117.375000000000000,48.625000000000000,-117.125000000000000,48.375000000000000,22,43,126917,0,0,
1056,-117.375000000000000,48.375000000000000,-117.125000000000000,48.125000000000000,23,43,127534,0,0,
1057,-117.125000000000000,54.125000000000000,-116.875000000000000,53.875000000000000,0,44,112725,7062,3,0.000424808836023789
1058,-117.125000000000000,53.875000000000000,-116.875000000000000,53.625000000000000,1,44,113394,7112,9,0.00126546681664792
1059,-117.125000000000000,53.625000000000000,-116.875000000000000,53.375000000000000,2,44,114062,7166,1,0.000139547864917667
1060,-117.125000000000000,53.375000000000000,-116.875000000000000,53.125000000000000,3,44,114727,7218,0,0
1061,-117.125000000000000,53.125000000000000,-116.875000000000000,52.875000000000000,4,44,115389,7270,180,0.0247592847317744
1062,-117.125000000000000,52.875000000000000,-116.875000000000000,52.625000000000000,5,44,116050,7321,70,0.00956153530938396
1063,-117.125000000000000,52.625000000000000,-116.875000000000000,52.375000000000000,6,44,116708,7377,74,0.010031177985631
1064,-117.125000000000000,52.375000000000000,-116.875000000000000,52.125000000000000,7,44,117364,7426,243,0.0327228656073256
1065,-117.125000000000000,52.125000000000000,-116.875000000000000,51.875000000000000,8,44,118018,7481,1075,0.143697366662211
1066,-117.125000000000000,51.875000000000000,-116.875000000000000,51.625000000000000,9,44,118669,7536,1195,0.158572186836518
1067,-117.125000000000000,51.625000000000000,-116.875000000000000,51.375000000000000,10,44,119318,7588,4409,0.581049024775962
1068,-117.125000000000000,51.375000000000000,-116.875000000000000,51.125000000000000,11,44,119964,7643,5064,0.662567054821405
1069,-117.125000000000000,51.125000000000000,-116.875000000000000,50.875000000000000,12,44,120608,7694,3706,0.481674031713023
1070,-117.125000000000000,50.875000000000000,-116.875000000000000,50.625000000000000,13,44,121250,7751,3061,0.394916784930977
1071,-117.125000000000000,50.625000000000000,-116.875000000000000,50.375000000000000,14,44,121889,7806,4628,0.592877273891878
1072,-117.125000000000000,50.375000000000000,-116.875000000000000,50.125000000000000,15,44,122526,7859,6010,0.764728336938542
1073,-117.125000000000000,50.125000000000000,-116.875000000000000,49.875000000000000,16,44,123161,7915,5807,0.733670246367656
1074,-117.125000000000000,49.875000000000000,-116.875000000000000,49.625000000000000,17,44,123793,7970,4981,0.624968632371393
1075,-117.125000000000000,49.625000000000000,-116.875000000000000,49.375000000000000,18,44,124423,8025,6964,0.86778816199377
1076,-117.125000000000000,49.375000000000000,-116.875000000000000,49.125000000000000,19,44,125050,8082,6811,0.842736946300421
1077,-117.125000000000000,49.125000000000000,-116.875000000000000,48.875000000000000,20,44,125675,4186,3623,0.865504061156235
1078,-117.125000000000000,48.875000000000000,-116.875000000000000,48.625000000000000,21,44,126297,0,0,
1079,-117.125000000000000,48.625000000000000,-116.875000000000000,48.375000000000000,22,44,126917,0,0,
1080,-117.125000000000000,48.375000000000000,-116.875000000000000,48.125000000000000,23,44,127534,0,0,
1081,-116.875000000000000,54.125000000000000,-116.625000000000000,53.875000000000000,0,45,112725,7062,1,0.000141602945341263
1082,-116.875000000000000,53.875000000000000,-116.625000000000000,53.625000000000000,1,45,113394,7114,0,0
1083,-116.875000000000000,53.625000000000000,-116.625000000000000,53.375000000000000,2,45,114062,7166,0,0
1084,-116.875000000000000,53.375000000000000,-116.625000000000000,53.125000000000000,3,45,114727,7216,0,0
1085,-116.875000000000000,53.125000000000000,-116.625000000000000,52.875000000000000,4,45,115389,7270,18,0.00247592847317744
1086,-116.875000000000000,52.875000000000000,-116.625000000000000,52.625000000000000,5,45,116050,7324,80,0.0109229929000546
1087,-116.875000000000000,52.625000000000000,-116.625000000000000,52.375000000000000,6,45,116708,7373,105,0.0142411501424115
1088,-116.875000000000000,52.375000000000000,-116.625000000000000,52.125000000000000,7,45,117364,7428,155,0.0208669897684437
1089,-116.875000000000000,52.125000000000000,-116.625000000000000,51.875000000000000,8,45,118018,7483,947,0.126553521314981
1090,-116.875000000000000,51.875000000000000,-116.625000000000000,51.625000000000000,9,45,118669,7534,1764,0.234138571807805
1091,-116.875000000000000,51.625000000000000,-116.625000000000000,51.375000000000000,10,45,119318,7588,2630,0.346599894570374
1092,-116.875000000000000,51.375000000000000,-116.625000000000000,51.125000000000000,11,45,119964,7642,4552,0.595655587542528
1093,-116.875000000000000,51.125000000000000,-116.625000000000000,50.875000000000000,12,45,120608,7697,4242,0.551123814473171
1094,-116.875000000000000,50.875000000000000,-116.625000000000000,50.625000000000000,13,45,121250,7751,2670,0.34447168107341
1095,-116.875000000000000,50.625000000000000,-116.625000000000000,50.375000000000000,14,45,121889,7804,3047,0.390440799589954
1096,-116.875000000000000,50.375000000000000,-116.625000000000000,50.125000000000000,15,45,122526,7860,4162,0.529516539440204
1097,-116.875000000000000,50.125000000000000,-116.625000000000000,49.875000000000000,16,45,123161,7917,4440,0.560818491852975
1098,-116.875000000000000,49.875000000000000,-116.625000000000000,49.625000000000000,17,45,123793,7967,5572,0.699384962972261
1099,-116.875000000000000,49.625000000000000,-116.625000000000000,49.375000000000000,18,45,124423,8028,5257,0.654833084205282
1100,-116.875000000000000,49.375000000000000,-116.625000000000000,49.125000000000000,19,45,125050,8082,5824,0.720613709477852
1101,-116.875000000000000,49.125000000000000,-116.625000000000000,48.875000000000000,20,45,125675,4167,3843,0.922246220302376
1102,-116.875000000000000,48.875000000000000,-116.625000000000000,48.625000000000000,21,45,126297,0,0,
1103,-116.875000000000000,48.625000000000000,-116.625000000000000,48.375000000000000,22,45,126917,0,0,
1104,-116.875000000000000,48.375000000000000,-116.625000000000000,48.125000000000000,23,45,127534,0,0,
1105,-116.625000000000000,54.125000000000000,-116.375000000000000,53.875000000000000,0,46,112725,7062,0,0
1106,-116.625000000000000,53.875000000000000,-116.375000000000000,53.625000000000000,1,46,113394,7113,0,0
1107,-116.625000000000000,53.625000000000000,-116.375000000000000,53.375000000000000,2,46,114062,7165,0,0
1108,-116.625000000000000,53.375000000000000,-116.375000000000000,53.125000000000000,3,46,114727,7219,0,0
1109,-116.625000000000000,53.125000000000000,-116.375000000000000,52.875000000000000,4,46,115389,7270,1,0.000137551581843191
1110,-116.625000000000000,52.875000000000000,-116.375000000000000,52.625000000000000,5,46,116050,7320,6,0.000819672131147541
1111,-116.625000000000000,52.625000000000000,-116.375000000000000,52.375000000000000,6,46,116708,7376,105,0.0142353579175705
1112,-116.625000000000000,52.375000000000000,-116.375000000000000,52.125000000000000,7,46,117364,7430,412,0.0554508748317631
1113,-116.625000000000000,52.125000000000000,-116.375000000000000,51.875000000000000,8,46,118018,7480,405,0.054144385026738
1114,-116.625000000000000,51.875000000000000,-116.375000000000000,51.625000000000000,9,46,118669,7534,668,0.0886647199362888
1115,-116.625000000000000,51.625000000000000,-116.375000000000000,51.375000000000000,10,46,119318,7589,1454,0.191593095269469
1116,-116.625000000000000,51.375000000000000,-116.375000000000000,51.125000000000000,11,46,119964,7642,3345,0.437712640669982
1117,-116.625000000000000,51.125000000000000,-116.375000000000000,50.875000000000000,12,46,120608,7696,5143,0.668269230769231
1118,-116.625000000000000,50.875000000000000,-116.375000000000000,50.625000000000000,13,46,121250,7751,3603,0.46484324603277
1119,-116.625000000000000,50.625000000000000,-116.375000000000000,50.375000000000000,14,46,121889,7803,2011,0.257721389209279
1120,-116.625000000000000,50.375000000000000,-116.375000000000000,50.125000000000000,15,46,122526,7860,3512,0.446819338422392
1121,-116.625000000000000,50.125000000000000,-116.375000000000000,49.875000000000000,16,46,123161,7915,3023,0.381933038534428
1122,-116.625000000000000,49.875000000000000,-116.375000000000000,49.625000000000000,17,46,123793,7971,5757,0.722243131351148
1123,-116.625000000000000,49.625000000000000,-116.375000000000000,49.375000000000000,18,46,124423,8025,5479,0.682741433021807
1124,-116.625000000000000,49.375000000000000,-116.375000000000000,49.125000000000000,19,46,125050,8082,6482,0.802029200692898
1125,-116.625000000000000,49.125000000000000,-116.375000000000000,48.875000000000000,20,46,125675,4164,1639,0.393611911623439
1126,-116.625000000000000,48.875000000000000,-116.375000000000000,48.625000000000000,21,46,126297,0,0,
1127,-116.625000000000000,48.625000000000000,-116.375000000000000,48.375000000000000,22,46,126917,0,0,
1128,-116.625000000000000,48.375000000000000,-116.375000000000000,48.125000000000000,23,46,127534,0,0,
1129,-116.375000000000000,54.125000000000000,-116.125000000000000,53.875000000000000,0,47,112725,7062,0,0
1130,-116.375000000000000,53.875000000000000,-116.125000000000000,53.625000000000000,1,47,113394,7114,0,0
1131,-116.375000000000000,53.625000000000000,-116.125000000000000,53.375000000000000,2,47,114062,7164,0,0
1132,-116.375000000000000,53.375000000000000,-116.125000000000000,53.125000000000000,3,47,114727,7218,0,0
1133,-116.375000000000000,53.125000000000000,-116.125000000000000,52.875000000000000,4,47,115389,7271,0,0
1134,-116.375000000000000,52.875000000000000,-116.125000000000000,52.625000000000000,5,47,116050,7323,0,0
1135,-116.375000000000000,52.625000000000000,-116.125000000000000,52.375000000000000,6,47,116708,7373,55,0.0074596500745965
1136,-116.375000000000000,52.375000000000000,-116.125000000000000,52.125000000000000,7,47,117364,7428,263,0.0354065697361335
1137,-116.375000000000000,52.125000000000000,-116.125000000000000,51.875000000000000,8,47,118018,7482,227,0.0303394814220797
1138,-116.375000000000000,51.875000000000000,-116.125000000000000,51.625000000000000,9,47,118669,7536,138,0.018312101910828
1139,-116.375000000000000,51.625000000000000,-116.125000000000000,51.375000000000000,10,47,119318,7588,1347,0.17751713231418
1140,-116.375000000000000,51.375000000000000,-116.125000000000000,51.125000000000000,11,47,119964,7640,1653,0.216361256544503
1141,-116.375000000000000,51.125000000000000,-116.125000000000000,50.875000000000000,12,47,120608,7697,3184,0.413667662725737
1142,-116.375000000000000,50.875000000000000,-116.125000000000000,50.625000000000000,13,47,121250,7752,5542,0.714912280701754
1143,-116.375000000000000,50.625000000000000,-116.125000000000000,50.375000000000000,14,47,121889,7805,5105,0.654067905188981
1144,-116.375000000000000,50.375000000000000,-116.125000000000000,50.125000000000000,15,47,122526,7860,3300,0.419847328244275
1145,-116.375000000000000,50.125000000000000,-116.125000000000000,49.875000000000000,16,47,123161,7914,3494,0.441496082891079
1146,-116.375000000000000,49.875000000000000,-116.125000000000000,49.625000000000000,17,47,123793,7970,4455,0.558971141781681
1147,-116.375000000000000,49.625000000000000,-116.125000000000000,49.375000000000000,18,47,124423,8028,5766,0.718236173393124
1148,-116.375000000000000,49.375000000000000,-116.125000000000000,49.125000000000000,19,47,125050,8079,6591,0.81581878945414
1149,-116.375000000000000,49.125000000000000,-116.125000000000000,48.875000000000000,20,47,125675,4142,3308,0.798647996137132
1150,-116.375000000000000,48.875000000000000,-116.125000000000000,48.625000000000000,21,47,126297,0,0,
1151,-116.375000000000000,48.625000000000000,-116.125000000000000,48.375000000000000,22,47,126917,0,0,
1152,-116.375000000000000,48.375000000000000,-116.125000000000000,48.125000000000000,23,47,127534,0,0,
1153,-116.125000000000000,54.125000000000000,-115.875000000000000,53.875000000000000,0,48,112725,7061,0,0
1154,-116.125000000000000,53.875000000000000,-115.875000000000000,53.625000000000000,1,48,113394,7114,0,0
1155,-116.125000000000000,53.625000000000000,-115.875000000000000,53.375000000000000,2,48,114062,7167,0,0
1156,-116.125000000000000,53.375000000000000,-115.875000000000000,53.125000000000000,3,48,114727,7217,0,0
1157,-116.125000000000000,53.125000000000000,-115.875000000000000,52.875000000000000,4,48,115389,7267,0,0
1158,-116.125000000000000,52.875000000000000,-115.875000000000000,52.625000000000000,5,48,116050,7323,0,0
1159,-116.125000000000000,52.625000000000000,-115.875000000000000,52.375000000000000,6,48,116708,7377,83,0.0112511861190186
1160,-116.125000000000000,52.375000000000000,-115.875000000000000,52.125000000000000,7,48,117364,7431,42,0.00565199838514332
1161,-116.125000000000000,52.125000000000000,-115.875000000000000,51.875000000000000,8,48,118018,7477,63,0.00842583924033703
1162,-116.125000000000000,51.875000000000000,-115.875000000000000,51.625000000000000,9,48,118669,7534,62,0.00822936023360765
1163,-116.125000000000000,51.625000000000000,-115.875000000000000,51.375000000000000,10,48,119318,7589,322,0.0424298326525234
1164,-116.125000000000000,51.375000000000000,-115.875000000000000,51.125000000000000,11,48,119964,7644,1030,0.134746206174778
1165,-116.125000000000000,51.125000000000000,-115.875000000000000,50.875000000000000,12,48,120608,7696,2901,0.376949064449064
1166,-116.125000000000000,50.875000000000000,-115.875000000000000,50.625000000000000,13,48,121250,7748,4581,0.591249354672173
1167,-116.125000000000000,50.625000000000000,-115.875000000000000,50.375000000000000,14,48,121889,7806,4644,0.594926979246733
1168,-116.125000000000000,50.375000000000000,-115.875000000000000,50.125000000000000,15,48,122526,7863,4276,0.543812794098944
1169,-116.125000000000000,50.125000000000000,-115.875000000000000,49.875000000000000,16,48,123161,7912,4833,0.610844287158746
1170,-116.125000000000000,49.875000000000000,-115.875000000000000,49.625000000000000,17,48,123793,7970,4701,0.589836888331242
1171,-116.125000000000000,49.625000000000000,-115.875000000000000,49.375000000000000,18,48,124423,8026,5644,0.703214552703713
1172,-116.125000000000000,49.375000000000000,-115.875000000000000,49.125000000000000,19,48,125050,8082,6226,0.770353872803761
1173,-116.125000000000000,49.125000000000000,-115.875000000000000,48.875000000000000,20,48,125675,4135,2857,0.69093107617896
1174,-116.125000000000000,48.875000000000000,-115.875000000000000,48.625000000000000,21,48,126297,0,0,
1175,-116.125000000000000,48.625000000000000,-115.875000000000000,48.375000000000000,22,48,126917,0,0,
1176,-116.125000000000000,48.375000000000000,-115.875000000000000,48.125000000000000,23,48,127534,0,0,
1177,-115.875000000000000,54.125000000000000,-115.625000000000000,53.875000000000000,0,49,112725,7061,0,0
1178,-115.875000000000000,53.875000000000000,-115.625000000000000,53.625000000000000,1,49,113394,7112,0,0
1179,-115.875000000000000,53.625000000000000,-115.625000000000000,53.375000000000000,2,49,114062,7165,0,0
1180,-115.875000000000000,53.375000000000000,-115.625000000000000,53.125000000000000,3,49,114727,7218,0,0
1181,-115.875000000000000,53.125000000000000,-115.625000000000000,52.875000000000000,4,49,115389,7272,0,0
1182,-115.875000000000000,52.875000000000000,-115.625000000000000,52.625000000000000,5,49,116050,7323,0,0
1183,-115.875000000000000,52.625000000000000,-115.625000000000000,52.375000000000000,6,49,116708,7376,32,0.00433839479392625
1184,-115.875000000000000,52.375000000000000,-115.625000000000000,52.125000000000000,7,49,117364,7425,48,0.00646464646464646
1185,-115.875000000000000,52.125000000000000,-115.625000000000000,51.875000000000000,8,49,118018,7482,39,0.00521251002405774
1186,-115.875000000000000,51.875000000000000,-115.625000000000000,51.625000000000000,9,49,118669,7534,113,0.0149986726838333
1187,-115.875000000000000,51.625000000000000,-115.625000000000000,51.375000000000000,10,49,119318,7587,117,0.0154211150652432
1188,-115.875000000000000,51.375000000000000,-115.625000000000000,51.125000000000000,11,49,119964,7643,744,0.0973439748789742
1189,-115.875000000000000,51.125000000000000,-115.625000000000000,50.875000000000000,12,49,120608,7697,912,0.118487722489282
1190,-115.875000000000000,50.875000000000000,-115.625000000000000,50.625000000000000,13,49,121250,7753,2815,0.363085257319747
1191,-115.875000000000000,50.625000000000000,-115.625000000000000,50.375000000000000,14,49,121889,7806,4869,0.623750960799385
1192,-115.875000000000000,50.375000000000000,-115.625000000000000,50.125000000000000,15,49,122526,7857,4890,0.622374952271859
1193,-115.875000000000000,50.125000000000000,-115.625000000000000,49.875000000000000,16,49,123161,7915,6137,0.77536323436513
1194,-115.875000000000000,49.875000000000000,-115.625000000000000,49.625000000000000,17,49,123793,7970,5949,0.74642409033877
1195,-115.875000000000000,49.625000000000000,-115.625000000000000,49.375000000000000,18,49,124423,8024,5643,0.703265204386839
1196,-115.875000000000000,49.375000000000000,-115.625000000000000,49.125000000000000,19,49,125050,8082,4424,0.547389260084138
1197,-115.875000000000000,49.125000000000000,-115.625000000000000,48.875000000000000,20,49,125675,4136,2805,0.678191489361702
1198,-115.875000000000000,48.875000000000000,-115.625000000000000,48.625000000000000,21,49,126297,0,0,
1199,-115.875000000000000,48.625000000000000,-115.625000000000000,48.375000000000000,22,49,126917,0,0,
1200,-115.875000000000000,48.375000000000000,-115.625000000000000,48.125000000000000,23,49,127534,0,0,
1201,-115.625000000000000,54.125000000000000,-115.375000000000000,53.875000000000000,0,50,112725,7053,0,0
1202,-115.625000000000000,53.875000000000000,-115.375000000000000,53.625000000000000,1,50,113394,7132,0,0
1203,-115.625000000000000,53.625000000000000,-115.375000000000000,53.375000000000000,2,50,114062,7146,0,0
1204,-115.625000000000000,53.375000000000000,-115.375000000000000,53.125000000000000,3,50,114727,7225,0,0
1205,-115.625000000000000,53.125000000000000,-115.375000000000000,52.875000000000000,4,50,115389,7261,0,0
1206,-115.625000000000000,52.875000000000000,-115.375000000000000,52.625000000000000,5,50,116050,7340,0,0
1207,-115.625000000000000,52.625000000000000,-115.375000000000000,52.375000000000000,6,50,116708,7356,0,0
1208,-115.625000000000000,52.375000000000000,-115.375000000000000,52.125000000000000,7,50,117364,7437,64,0.00860562054591905
1209,-115.625000000000000,52.125000000000000,-115.375000000000000,51.875000000000000,8,50,118018,7479,60,0.00802246289610911
1210,-115.625000000000000,51.875000000000000,-115.375000000000000,51.625000000000000,9,50,118669,7547,72,0.00954021465482973
1211,-115.625000000000000,51.625000000000000,-115.375000000000000,51.375000000000000,10,50,119318,7592,51,0.00671759747102213
1212,-115.625000000000000,51.375000000000000,-115.375000000000000,51.125000000000000,11,50,119964,7638,789,0.103299293008641
1213,-115.625000000000000,51.125000000000000,-115.375000000000000,50.875000000000000,12,50,120608,7695,470,0.0610786224821313
1214,-115.625000000000000,50.875000000000000,-115.375000000000000,50.625000000000000,13,50,121250,7740,1067,0.137855297157623
1215,-115.625000000000000,50.625000000000000,-115.375000000000000,50.375000000000000,14,50,121889,7805,3578,0.458424087123639
1216,-115.625000000000000,50.375000000000000,-115.375000000000000,50.125000000000000,15,50,122526,7862,4478,0.569575171712033
1217,-115.625000000000000,50.125000000000000,-115.375000000000000,49.875000000000000,16,50,123161,7926,2500,0.315417612919505
1218,-115.625000000000000,49.875000000000000,-115.375000000000000,49.625000000000000,17,50,123793,7958,4116,0.517215380748932
1219,-115.625000000000000,49.625000000000000,-115.375000000000000,49.375000000000000,18,50,124423,8022,4678,0.583146347544253
1220,-115.625000000000000,49.375000000000000,-115.375000000000000,49.125000000000000,19,50,125050,8099,5416,0.668724533893073
1221,-115.625000000000000,49.125000000000000,-115.375000000000000,48.875000000000000,20,50,125675,4142,2496,0.602607436021246
1222,-115.625000000000000,48.875000000000000,-115.375000000000000,48.625000000000000,21,50,126297,0,0,
1223,-115.625000000000000,48.625000000000000,-115.375000000000000,48.375000000000000,22,50,126917,0,0,
1224,-115.625000000000000,48.375000000000000,-115.375000000000000,48.125000000000000,23,50,127534,0,0,
1225,-115.375000000000000,54.125000000000000,-115.125000000000000,53.875000000000000,0,51,112725,7066,0,0
1226,-115.375000000000000,53.875000000000000,-115.125000000000000,53.625000000000000,1,51,113394,7107,0,0
1227,-115.375000000000000,53.625000000000000,-115.125000000000000,53.375000000000000,2,51,114062,7170,0,0
1228,-115.375000000000000,53.375000000000000,-115.125000000000000,53.125000000000000,3,51,114727,7213,0,0
1229,-115.375000000000000,53.125000000000000,-115.125000000000000,52.875000000000000,4,51,115389,7271,0,0
1230,-115.375000000000000,52.875000000000000,-115.125000000000000,52.625000000000000,5,51,116050,7320,0,0
1231,-115.375000000000000,52.625000000000000,-115.125000000000000,52.375000000000000,6,51,116708,7378,0,0
1232,-115.375000000000000,52.375000000000000,-115.125000000000000,52.125000000000000,7,51,117364,7426,0,0
1233,-115.375000000000000,52.125000000000000,-115.125000000000000,51.875000000000000,8,51,118018,7484,18,0.00240513094601817
1234,-115.375000000000000,51.875000000000000,-115.125000000000000,51.625000000000000,9,51,118669,7534,2,0.000265463233342182
1235,-115.375000000000000,51.625000000000000,-115.125000000000000,51.375000000000000,10,51,119318,7589,13,0.00171300566609566
1236,-115.375000000000000,51.375000000000000,-115.125000000000000,51.125000000000000,11,51,119964,7637,229,0.029985596438392
1237,-115.375000000000000,51.125000000000000,-115.125000000000000,50.875000000000000,12,51,120608,7702,1086,0.14100233705531
1238,-115.375000000000000,50.875000000000000,-115.125000000000000,50.625000000000000,13,51,121250,7750,580,0.0748387096774194
1239,-115.375000000000000,50.625000000000000,-115.125000000000000,50.375000000000000,14,51,121889,7810,1041,0.133290653008963
1240,-115.375000000000000,50.375000000000000,-115.125000000000000,50.125000000000000,15,51,122526,7857,2900,0.369097619956726
1241,-115.375000000000000,50.125000000000000,-115.125000000000000,49.875000000000000,16,51,123161,7915,1839,0.232343651295009
1242,-115.375000000000000,49.875000000000000,-115.125000000000000,49.625000000000000,17,51,123793,7966,4645,0.583103188551343
1243,-115.375000000000000,49.625000000000000,-115.125000000000000,49.375000000000000,18,51,124423,8027,4041,0.503425937461069
1244,-115.375000000000000,49.375000000000000,-115.125000000000000,49.125000000000000,19,51,125050,8078,5941,0.735454320376331
1245,-115.375000000000000,49.125000000000000,-115.125000000000000,48.875000000000000,20,51,125675,4172,2839,0.680488974113135
1246,-115.375000000000000,48.875000000000000,-115.125000000000000,48.625000000000000,21,51,126297,0,0,
1247,-115.375000000000000,48.625000000000000,-115.125000000000000,48.375000000000000,22,51,126917,0,0,
1248,-115.375000000000000,48.375000000000000,-115.125000000000000,48.125000000000000,23,51,127534,0,0,
1249,-115.125000000000000,54.125000000000000,-114.875000000000000,53.875000000000000,0,52,112725,7063,0,0
1250,-115.125000000000000,53.875000000000000,-114.875000000000000,53.625000000000000,1,52,113394,7116,0,0
1251,-115.125000000000000,53.625000000000000,-114.875000000000000,53.375000000000000,2,52,114062,7164,0,0
1252,-115.125000000000000,53.375000000000000,-114.875000000000000,53.125000000000000,3,52,114727,7217,0,0
1253,-115.125000000000000,53.125000000000000,-114.875000000000000,52.875000000000000,4,52,115389,7271,0,0
1254,-115.125000000000000,52.875000000000000,-114.875000000000000,52.625000000000000,5,52,116050,7323,0,0
1255,-115.125000000000000,52.625000000000000,-114.875000000000000,52.375000000000000,6,52,116708,7375,0,0
1256,-115.125000000000000,52.375000000000000,-114.875000000000000,52.125000000000000,7,52,117364,7426,0,0
1257,-115.125000000000000,52.125000000000000,-114.875000000000000,51.875000000000000,8,52,118018,7481,0,0
1258,-115.125000000000000,51.875000000000000,-114.875000000000000,51.625000000000000,9,52,118669,7536,0,0
1259,-115.125000000000000,51.625000000000000,-114.875000000000000,51.375000000000000,10,52,119318,7589,2,0.000263539333245487
1260,-115.125000000000000,51.375000000000000,-114.875000000000000,51.125000000000000,11,52,119964,7642,206,0.0269562941638315
1261,-115.125000000000000,51.125000000000000,-114.875000000000000,50.875000000000000,12,52,120608,7698,692,0.089893478825669
1262,-115.125000000000000,50.875000000000000,-114.875000000000000,50.625000000000000,13,52,121250,7747,217,0.0280108429069317
1263,-115.125000000000000,50.625000000000000,-114.875000000000000,50.375000000000000,14,52,121889,7806,896,0.114783499871893
1264,-115.125000000000000,50.375000000000000,-114.875000000000000,50.125000000000000,15,52,122526,7859,1925,0.24494210459346
1265,-115.125000000000000,50.125000000000000,-114.875000000000000,49.875000000000000,16,52,123161,7914,3135,0.396133434420015
1266,-115.125000000000000,49.875000000000000,-114.875000000000000,49.625000000000000,17,52,123793,7971,3340,0.419018943670807
1267,-115.125000000000000,49.625000000000000,-114.875000000000000,49.375000000000000,18,52,124423,8027,4395,0.547527096050828
1268,-115.125000000000000,49.375000000000000,-114.875000000000000,49.125000000000000,19,52,125050,8084,5168,0.639287481444829
1269,-115.125000000000000,49.125000000000000,-114.875000000000000,48.875000000000000,20,52,125675,4168,2686,0.644433781190019
1270,-115.125000000000000,48.875000000000000,-114.875000000000000,48.625000000000000,21,52,126297,0,0,
1271,-115.125000000000000,48.625000000000000,-114.875000000000000,48.375000000000000,22,52,126917,0,0,
1272,-115.125000000000000,48.375000000000000,-114.875000000000000,48.125000000000000,23,52,127534,0,0,
1273,-114.875000000000000,54.125000000000000,-114.625000000000000,53.875000000000000,0,53,112725,7058,0,0
1274,-114.875000000000000,53.875000000000000,-114.625000000000000,53.625000000000000,1,53,113394,7113,0,0
1275,-114.875000000000000,53.625000000000000,-114.625000000000000,53.375000000000000,2,53,114062,7167,0,0
1276,-114.875000000000000,53.375000000000000,-114.625000000000000,53.125000000000000,3,53,114727,7218,0,0
1277,-114.875000000000000,53.125000000000000,-114.625000000000000,52.875000000000000,4,53,115389,7271,0,0
1278,-114.875000000000000,52.875000000000000,-114.625000000000000,52.625000000000000,5,53,116050,7321,0,0
1279,-114.875000000000000,52.625000000000000,-114.625000000000000,52.375000000000000,6,53,116708,7375,0,0
1280,-114.875000000000000,52.375000000000000,-114.625000000000000,52.125000000000000,7,53,117364,7429,0,0
1281,-114.875000000000000,52.125000000000000,-114.625000000000000,51.875000000000000,8,53,118018,7481,0,0
1282,-114.875000000000000,51.875000000000000,-114.625000000000000,51.625000000000000,9,53,118669,7533,0,0
1283,-114.875000000000000,51.625000000000000,-114.625000000000000,51.375000000000000,10,53,119318,7589,0,0
1284,-114.875000000000000,51.375000000000000,-114.625000000000000,51.125000000000000,11,53,119964,7642,36,0.00471080868882491
1285,-114.875000000000000,51.125000000000000,-114.625000000000000,50.875000000000000,12,53,120608,7694,125,0.016246425786327
1286,-114.875000000000000,50.875000000000000,-114.625000000000000,50.625000000000000,13,53,121250,7754,132,0.0170234717565128
1287,-114.875000000000000,50.625000000000000,-114.625000000000000,50.375000000000000,14,53,121889,7804,384,0.0492055356227576
1288,-114.875000000000000,50.375000000000000,-114.625000000000000,50.125000000000000,15,53,122526,7859,541,0.0688382745896425
1289,-114.875000000000000,50.125000000000000,-114.625000000000000,49.875000000000000,16,53,123161,7917,1651,0.208538587848933
1290,-114.875000000000000,49.875000000000000,-114.625000000000000,49.625000000000000,17,53,123793,7970,2451,0.307528230865747
1291,-114.875000000000000,49.625000000000000,-114.625000000000000,49.375000000000000,18,53,124423,8025,3265,0.406853582554517
1292,-114.875000000000000,49.375000000000000,-114.625000000000000,49.125000000000000,19,53,125050,8082,2647,0.327517941103687
1293,-114.875000000000000,49.125000000000000,-114.625000000000000,48.875000000000000,20,53,125675,4146,1346,0.324650265315967
1294,-114.875000000000000,48.875000000000000,-114.625000000000000,48.625000000000000,21,53,126297,0,0,
1295,-114.875000000000000,48.625000000000000,-114.625000000000000,48.375000000000000,22,53,126917,0,0,
1296,-114.875000000000000,48.375000000000000,-114.625000000000000,48.125000000000000,23,53,127534,0,0,
1297,-114.625000000000000,54.125000000000000,-114.375000000000000,53.875000000000000,0,54,112725,7062,0,0
1298,-114.625000000000000,53.875000000000000,-114.375000000000000,53.625000000000000,1,54,113394,7112,0,0
1299,-114.625000000000000,53.625000000000000,-114.375000000000000,53.375000000000000,2,54,114062,7166,0,0
1300,-114.625000000000000,53.375000000000000,-114.375000000000000,53.125000000000000,3,54,114727,7217,0,0
1301,-114.625000000000000,53.125000000000000,-114.375000000000000,52.875000000000000,4,54,115389,7271,0,0
1302,-114.625000000000000,52.875000000000000,-114.375000000000000,52.625000000000000,5,54,116050,7321,0,0
1303,-114.625000000000000,52.625000000000000,-114.375000000000000,52.375000000000000,6,54,116708,7376,0,0
1304,-114.625000000000000,52.375000000000000,-114.375000000000000,52.125000000000000,7,54,117364,7429,0,0
1305,-114.625000000000000,52.125000000000000,-114.375000000000000,51.875000000000000,8,54,118018,7481,0,0
1306,-114.625000000000000,51.875000000000000,-114.375000000000000,51.625000000000000,9,54,118669,7535,0,0
1307,-114.625000000000000,51.625000000000000,-114.375000000000000,51.375000000000000,10,54,119318,7589,0,0
1308,-114.625000000000000,51.375000000000000,-114.375000000000000,51.125000000000000,11,54,119964,7642,0,0
1309,-114.625000000000000,51.125000000000000,-114.375000000000000,50.875000000000000,12,54,120608,7698,14,0.00181865419589504
1310,-114.625000000000000,50.875000000000000,-114.375000000000000,50.625000000000000,13,54,121250,7747,162,0.0209113205111656
1311,-114.625000000000000,50.625000000000000,-114.375000000000000,50.375000000000000,14,54,121889,7807,308,0.0394517740489304
1312,-114.625000000000000,50.375000000000000,-114.375000000000000,50.125000000000000,15,54,122526,7860,431,0.0548346055979644
1313,-114.625000000000000,50.125000000000000,-114.375000000000000,49.875000000000000,16,54,123161,7915,589,0.074415666456096
1314,-114.625000000000000,49.875000000000000,-114.375000000000000,49.625000000000000,17,54,123793,7970,899,0.112797992471769
1315,-114.625000000000000,49.625000000000000,-114.375000000000000,49.375000000000000,18,54,124423,8026,2292,0.285571891353102
1316,-114.625000000000000,49.375000000000000,-114.375000000000000,49.125000000000000,19,54,125050,8080,2242,0.277475247524752
1317,-114.625000000000000,49.125000000000000,-114.375000000000000,48.875000000000000,20,54,125675,4132,2219,0.53702807357212
1318,-114.625000000000000,48.875000000000000,-114.375000000000000,48.625000000000000,21,54,126297,0,0,
1319,-114.625000000000000,48.625000000000000,-114.375000000000000,48.375000000000000,22,54,126917,0,0,
1320,-114.625000000000000,48.375000000000000,-114.375000000000000,48.125000000000000,23,54,127534,0,0,
1321,-114.375000000000000,54.125000000000000,-114.125000000000000,53.875000000000000,0,55,112725,7066,0,0
1322,-114.375000000000000,53.875000000000000,-114.125000000000000,53.625000000000000,1,55,113394,7112,0,0
1323,-114.375000000000000,53.625000000000000,-114.125000000000000,53.375000000000000,2,55,114062,7167,0,0
1324,-114.375000000000000,53.375000000000000,-114.125000000000000,53.125000000000000,3,55,114727,7218,0,0
1325,-114.375000000000000,53.125000000000000,-114.125000000000000,52.875000000000000,4,55,115389,7269,0,0
1326,-114.375000000000000,52.875000000000000,-114.125000000000000,52.625000000000000,5,55,116050,7321,0,0
1327,-114.375000000000000,52.625000000000000,-114.125000000000000,52.375000000000000,6,55,116708,7376,0,0
1328,-114.375000000000000,52.375000000000000,-114.125000000000000,52.125000000000000,7,55,117364,7427,0,0
1329,-114.375000000000000,52.125000000000000,-114.125000000000000,51.875000000000000,8,55,118018,7484,0,0
1330,-114.375000000000000,51.875000000000000,-114.125000000000000,51.625000000000000,9,55,118669,7534,0,0
1331,-114.375000000000000,51.625000000000000,-114.125000000000000,51.375000000000000,10,55,119318,7587,0,0
1332,-114.375000000000000,51.375000000000000,-114.125000000000000,51.125000000000000,11,55,119964,7644,0,0
1333,-114.375000000000000,51.125000000000000,-114.125000000000000,50.875000000000000,12,55,120608,7694,1,0.000129971406290616
1334,-114.375000000000000,50.875000000000000,-114.125000000000000,50.625000000000000,13,55,121250,7753,0,0
1335,-114.375000000000000,50.625000000000000,-114.125000000000000,50.375000000000000,14,55,121889,7803,0,0
1336,-114.375000000000000,50.375000000000000,-114.125000000000000,50.125000000000000,15,55,122526,7860,90,0.0114503816793893
1337,-114.375000000000000,50.125000000000000,-114.125000000000000,49.875000000000000,16,55,123161,7918,320,0.0404142460217227
1338,-114.375000000000000,49.875000000000000,-114.125000000000000,49.625000000000000,17,55,123793,7969,142,0.0178190488141549
1339,-114.375000000000000,49.625000000000000,-114.125000000000000,49.375000000000000,18,55,124423,8026,886,0.110391228507351
1340,-114.375000000000000,49.375000000000000,-114.125000000000000,49.125000000000000,19,55,125050,8078,2266,0.280514978955187
1341,-114.375000000000000,49.125000000000000,-114.125000000000000,48.875000000000000,20,55,125675,4148,1255,0.302555448408872
1342,-114.375000000000000,48.875000000000000,-114.125000000000000,48.625000000000000,21,55,126297,0,0,
1343,-114.375000000000000,48.625000000000000,-114.125000000000000,48.375000000000000,22,55,126917,0,0,
1344,-114.375000000000000,48.375000000000000,-114.125000000000000,48.125000000000000,23,55,127534,0,0,
1345,-114.125000000000000,54.125000000000000,-113.875000000000000,53.875000000000000,0,56,112725,7061,0,0
1346,-114.125000000000000,53.875000000000000,-113.875000000000000,53.625000000000000,1,56,113394,7113,0,0
1347,-114.125000000000000,53.625000000000000,-113.875000000000000,53.375000000000000,2,56,114062,7164,0,0
1348,-114.125000000000000,53.375000000000000,-113.875000000000000,53.125000000000000,3,56,114727,7220,0,0
1349,-114.125000000000000,53.125000000000000,-113.875000000000000,52.875000000000000,4,56,115389,7272,0,0
1350,-114.125000000000000,52.875000000000000,-113.875000000000000,52.625000000000000,5,56,116050,7322,0,0
1351,-114.125000000000000,52.625000000000000,-113.875000000000000,52.375000000000000,6,56,116708,7375,0,0
1352,-114.125000000000000,52.375000000000000,-113.875000000000000,52.125000000000000,7,56,117364,7426,0,0
1353,-114.125000000000000,52.125000000000000,-113.875000000000000,51.875000000000000,8,56,118018,7484,0,0
1354,-114.125000000000000,51.875000000000000,-113.875000000000000,51.625000000000000,9,56,118669,7531,0,0
1355,-114.125000000000000,51.625000000000000,-113.875000000000000,51.375000000000000,10,56,119318,7590,0,0
1356,-114.125000000000000,51.375000000000000,-113.875000000000000,51.125000000000000,11,56,119964,7641,0,0
1357,-114.125000000000000,51.125000000000000,-113.875000000000000,50.875000000000000,12,56,120608,7696,1,0.00012993762993763
1358,-114.125000000000000,50.875000000000000,-113.875000000000000,50.625000000000000,13,56,121250,7750,0,0
1359,-114.125000000000000,50.625000000000000,-113.875000000000000,50.375000000000000,14,56,121889,7805,0,0
1360,-114.125000000000000,50.375000000000000,-113.875000000000000,50.125000000000000,15,56,122526,7861,0,0
1361,-114.125000000000000,50.125000000000000,-113.875000000000000,49.875000000000000,16,56,123161,7912,228,0.0288169868554095
1362,-114.125000000000000,49.875000000000000,-113.875000000000000,49.625000000000000,17,56,123793,7973,225,0.0282202433212091
1363,-114.125000000000000,49.625000000000000,-113.875000000000000,49.375000000000000,18,56,124423,8026,26,0.00323947171692001
1364,-114.125000000000000,49.375000000000000,-113.875000000000000,49.125000000000000,19,56,125050,8083,374,0.0462699492762588
1365,-114.125000000000000,49.125000000000000,-113.875000000000000,48.875000000000000,20,56,125675,4200,928,0.220952380952381
1366,-114.125000000000000,48.875000000000000,-113.875000000000000,48.625000000000000,21,56,126297,0,0,
1367,-114.125000000000000,48.625000000000000,-113.875000000000000,48.375000000000000,22,56,126917,0,0,
1368,-114.125000000000000,48.375000000000000,-113.875000000000000,48.125000000000000,23,56,127534,0,0,
1369,-113.875000000000000,54.125000000000000,-113.625000000000000,53.875000000000000,0,57,112725,7060,0,0
1370,-113.875000000000000,53.875000000000000,-113.625000000000000,53.625000000000000,1,57,113394,7115,0,0
1371,-113.875000000000000,53.625000000000000,-113.625000000000000,53.375000000000000,2,57,114062,7165,0,0
1372,-113.875000000000000,53.375000000000000,-113.625000000000000,53.125000000000000,3,57,114727,7217,0,0
1373,-113.875000000000000,53.125000000000000,-113.625000000000000,52.875000000000000,4,57,115389,7271,0,0
1374,-113.875000000000000,52.875000000000000,-113.625000000000000,52.625000000000000,5,57,116050,7322,0,0
1375,-113.875000000000000,52.625000000000000,-113.625000000000000,52.375000000000000,6,57,116708,7373,0,0
1376,-113.875000000000000,52.375000000000000,-113.625000000000000,52.125000000000000,7,57,117364,7428,0,0
1377,-113.875000000000000,52.125000000000000,-113.625000000000000,51.875000000000000,8,57,118018,7483,0,0
1378,-113.875000000000000,51.875000000000000,-113.625000000000000,51.625000000000000,9,57,118669,7534,0,0
1379,-113.875000000000000,51.625000000000000,-113.625000000000000,51.375000000000000,10,57,119318,7589,1,0.000131769666622743
1380,-113.875000000000000,51.375000000000000,-113.625000000000000,51.125000000000000,11,57,119964,7642,0,0
1381,-113.875000000000000,51.125000000000000,-113.625000000000000,50.875000000000000,12,57,120608,7696,3,0.00038981288981289
1382,-113.875000000000000,50.875000000000000,-113.625000000000000,50.625000000000000,13,57,121250,7751,0,0
1383,-113.875000000000000,50.625000000000000,-113.625000000000000,50.375000000000000,14,57,121889,7805,0,0
1384,-113.875000000000000,50.375000000000000,-113.625000000000000,50.125000000000000,15,57,122526,7861,0,0
1385,-113.875000000000000,50.125000000000000,-113.625000000000000,49.875000000000000,16,57,123161,7914,0,0
1386,-113.875000000000000,49.875000000000000,-113.625000000000000,49.625000000000000,17,57,123793,7970,3,0.000376411543287328
1387,-113.875000000000000,49.625000000000000,-113.625000000000000,49.375000000000000,18,57,124423,8024,2,0.000249252243270189
1388,-113.875000000000000,49.375000000000000,-113.625000000000000,49.125000000000000,19,57,125050,8082,1,0.000123731749566939
1389,-113.875000000000000,49.125000000000000,-113.625000000000000,48.875000000000000,20,57,125675,4233,369,0.0871722182849043
1390,-113.875000000000000,48.875000000000000,-113.625000000000000,48.625000000000000,21,57,126297,0,0,
1391,-113.875000000000000,48.625000000000000,-113.625000000000000,48.375000000000000,22,57,126917,0,0,
1392,-113.875000000000000,48.375000000000000,-113.625000000000000,48.125000000000000,23,57,127534,0,0,
1393,-113.625000000000000,54.125000000000000,-113.375000000000000,53.875000000000000,0,58,112725,7061,0,0
1394,-113.625000000000000,53.875000000000000,-113.375000000000000,53.625000000000000,1,58,113394,7114,0,0
1395,-113.625000000000000,53.625000000000000,-113.375000000000000,53.375000000000000,2,58,114062,7164,0,0
1396,-113.625000000000000,53.375000000000000,-113.375000000000000,53.125000000000000,3,58,114727,7217,0,0
1397,-113.625000000000000,53.125000000000000,-113.375000000000000,52.875000000000000,4,58,115389,7271,0,0
1398,-113.625000000000000,52.875000000000000,-113.375000000000000,52.625000000000000,5,58,116050,7321,0,0
1399,-113.625000000000000,52.625000000000000,-113.375000000000000,52.375000000000000,6,58,116708,7376,0,0
1400,-113.625000000000000,52.375000000000000,-113.375000000000000,52.125000000000000,7,58,117364,7431,0,0
1401,-113.625000000000000,52.125000000000000,-113.375000000000000,51.875000000000000,8,58,118018,7477,0,0
1402,-113.625000000000000,51.875000000000000,-113.375000000000000,51.625000000000000,9,58,118669,7537,0,0
1403,-113.625000000000000,51.625000000000000,-113.375000000000000,51.375000000000000,10,58,119318,7588,3,0.000395361096468108
1404,-113.625000000000000,51.375000000000000,-113.375000000000000,51.125000000000000,11,58,119964,7645,0,0
1405,-113.625000000000000,51.125000000000000,-113.375000000000000,50.875000000000000,12,58,120608,7696,1,0.00012993762993763
1406,-113.625000000000000,50.875000000000000,-113.375000000000000,50.625000000000000,13,58,121250,7749,0,0
1407,-113.625000000000000,50.625000000000000,-113.375000000000000,50.375000000000000,14,58,121889,7805,0,0
1408,-113.625000000000000,50.375000000000000,-113.375000000000000,50.125000000000000,15,58,122526,7858,0,0
1409,-113.625000000000000,50.125000000000000,-113.375000000000000,49.875000000000000,16,58,123161,7914,0,0
1410,-113.625000000000000,49.875000000000000,-113.375000000000000,49.625000000000000,17,58,123793,7971,1,0.000125454773554134
1411,-113.625000000000000,49.625000000000000,-113.375000000000000,49.375000000000000,18,58,124423,8026,0,0
1412,-113.625000000000000,49.375000000000000,-113.375000000000000,49.125000000000000,19,58,125050,8081,1,0.000123747061007301
1413,-113.625000000000000,49.125000000000000,-113.375000000000000,48.875000000000000,20,58,125675,4229,28,0.00662095057933318
1414,-113.625000000000000,48.875000000000000,-113.375000000000000,48.625000000000000,21,58,126297,0,0,
1415,-113.625000000000000,48.625000000000000,-113.375000000000000,48.375000000000000,22,58,126917,0,0,
1416,-113.625000000000000,48.375000000000000,-113.375000000000000,48.125000000000000,23,58,127534,0,0,
1417,-113.375000000000000,54.125000000000000,-113.125000000000000,53.875000000000000,0,59,112725,7063,0,0
1418,-113.375000000000000,53.875000000000000,-113.125000000000000,53.625000000000000,1,59,113394,7113,0,0
1419,-113.375000000000000,53.625000000000000,-113.125000000000000,53.375000000000000,2,59,114062,7166,0,0
1420,-113.375000000000000,53.375000000000000,-113.125000000000000,53.125000000000000,3,59,114727,7217,0,0
1421,-113.375000000000000,53.125000000000000,-113.125000000000000,52.875000000000000,4,59,115389,7268,0,0
1422,-113.375000000000000,52.875000000000000,-113.125000000000000,52.625000000000000,5,59,116050,7323,0,0
1423,-113.375000000000000,52.625000000000000,-113.125000000000000,52.375000000000000,6,59,116708,7374,0,0
1424,-113.375000000000000,52.375000000000000,-113.125000000000000,52.125000000000000,7,59,117364,7427,0,0
1425,-113.375000000000000,52.125000000000000,-113.125000000000000,51.875000000000000,8,59,118018,7483,0,0
1426,-113.375000000000000,51.875000000000000,-113.125000000000000,51.625000000000000,9,59,118669,7532,0,0
1427,-113.375000000000000,51.625000000000000,-113.125000000000000,51.375000000000000,10,59,119318,7589,0,0
1428,-113.375000000000000,51.375000000000000,-113.125000000000000,51.125000000000000,11,59,119964,7641,0,0
1429,-113.375000000000000,51.125000000000000,-113.125000000000000,50.875000000000000,12,59,120608,7695,5,0.000649772579597141
1430,-113.375000000000000,50.875000000000000,-113.125000000000000,50.625000000000000,13,59,121250,7751,10,0.00129015610888918
1431,-113.375000000000000,50.625000000000000,-113.125000000000000,50.375000000000000,14,59,121889,7804,0,0
1432,-113.375000000000000,50.375000000000000,-113.125000000000000,50.125000000000000,15,59,122526,7860,0,0
1433,-113.375000000000000,50.125000000000000,-113.125000000000000,49.875000000000000,16,59,123161,7915,0,0
1434,-113.375000000000000,49.875000000000000,-113.125000000000000,49.625000000000000,17,59,123793,7968,0,0
1435,-113.375000000000000,49.625000000000000,-113.125000000000000,49.375000000000000,18,59,124423,8027,0,0
1436,-113.375000000000000,49.375000000000000,-113.125000000000000,49.125000000000000,19,59,125050,8080,3,0.000371287128712871
1437,-113.375000000000000,49.125000000000000,-113.125000000000000,48.875000000000000,20,59,125675,4220,1,0.00023696682464455
1438,-113.375000000000000,48.875000000000000,-113.125000000000000,48.625000000000000,21,59,126297,0,0,
1439,-113.375000000000000,48.625000000000000,-113.125000000000000,48.375000000000000,22,59,126917,0,0,
1440,-113.375000000000000,48.375000000000000,-113.125000000000000,48.125000000000000,23,59,127534,0,0,
1441,-113.125000000000000,54.125000000000000,-112.875000000000000,53.875000000000000,0,60,112725,7062,0,0
1442,-113.125000000000000,53.875000000000000,-112.875000000000000,53.625000000000000,1,60,113394,7115,0,0
1443,-113.125000000000000,53.625000000000000,-112.875000000000000,53.375000000000000,2,60,114062,7165,0,0
1444,-113.125000000000000,53.375000000000000,-112.875000000000000,53.125000000000000,3,60,114727,7218,0,0
1445,-113.125000000000000,53.125000000000000,-112.875000000000000,52.875000000000000,4,60,115389,7270,0,0
1446,-113.125000000000000,52.875000000000000,-112.875000000000000,52.625000000000000,5,60,116050,7322,0,0
1447,-113.125000000000000,52.625000000000000,-112.875000000000000,52.375000000000000,6,60,116708,7376,0,0
1448,-113.125000000000000,52.375000000000000,-112.875000000000000,52.125000000000000,7,60,117364,7427,0,0
1449,-113.125000000000000,52.125000000000000,-112.875000000000000,51.875000000000000,8,60,118018,7482,11,0.00147019513499064
1450,-113.125000000000000,51.875000000000000,-112.875000000000000,51.625000000000000,9,60,118669,7536,2,0.000265392781316348
1451,-113.125000000000000,51.625000000000000,-112.875000000000000,51.375000000000000,10,60,119318,7589,3,0.00039530899986823
1452,-113.125000000000000,51.375000000000000,-112.875000000000000,51.125000000000000,11,60,119964,7642,1,0.000130855796911803
1453,-113.125000000000000,51.125000000000000,-112.875000000000000,50.875000000000000,12,60,120608,7697,6,0.000779524490061063
1454,-113.125000000000000,50.875000000000000,-112.875000000000000,50.625000000000000,13,60,121250,7752,24,0.00309597523219814
1455,-113.125000000000000,50.625000000000000,-112.875000000000000,50.375000000000000,14,60,121889,7806,3,0.000384319754035357
1456,-113.125000000000000,50.375000000000000,-112.875000000000000,50.125000000000000,15,60,122526,7859,0,0
1457,-113.125000000000000,50.125000000000000,-112.875000000000000,49.875000000000000,16,60,123161,7917,0,0
1458,-113.125000000000000,49.875000000000000,-112.875000000000000,49.625000000000000,17,60,123793,7969,3,0.000376458777763835
1459,-113.125000000000000,49.625000000000000,-112.875000000000000,49.375000000000000,18,60,124423,8026,1,0.000124595066035385
1460,-113.125000000000000,49.375000000000000,-112.875000000000000,49.125000000000000,19,60,125050,8083,3,0.000371149325745392
1461,-113.125000000000000,49.125000000000000,-112.875000000000000,48.875000000000000,20,60,125675,4213,0,0
1462,-113.125000000000000,48.875000000000000,-112.875000000000000,48.625000000000000,21,60,126297,0,0,
1463,-113.125000000000000,48.625000000000000,-112.875000000000000,48.375000000000000,22,60,126917,0,0,
1464,-113.125000000000000,48.375000000000000,-112.875000000000000,48.125000000000000,23,60,127534,0,0,
1465,-112.875000000000000,54.125000000000000,-112.625000000000000,53.875000000000000,0,61,112725,7061,0,0
1466,-112.875000000000000,53.875000000000000,-112.625000000000000,53.625000000000000,1,61,113394,7118,0,0
1467,-112.875000000000000,53.625000000000000,-112.625000000000000,53.375000000000000,2,61,114062,7165,0,0
1468,-112.875000000000000,53.375000000000000,-112.625000000000000,53.125000000000000,3,61,114727,7219,0,0
1469,-112.875000000000000,53.125000000000000,-112.625000000000000,52.875000000000000,4,61,115389,7271,0,0
1470,-112.875000000000000,52.875000000000000,-112.625000000000000,52.625000000000000,5,61,116050,7321,0,0
1471,-112.875000000000000,52.625000000000000,-112.625000000000000,52.375000000000000,6,61,116708,7378,0,0
1472,-112.875000000000000,52.375000000000000,-112.625000000000000,52.125000000000000,7,61,117364,7428,0,0
1473,-112.875000000000000,52.125000000000000,-112.625000000000000,51.875000000000000,8,61,118018,7477,0,0
1474,-112.875000000000000,51.875000000000000,-112.625000000000000,51.625000000000000,9,61,118669,7533,0,0
1475,-112.875000000000000,51.625000000000000,-112.625000000000000,51.375000000000000,10,61,119318,7591,11,0.00144908444210249
1476,-112.875000000000000,51.375000000000000,-112.625000000000000,51.125000000000000,11,61,119964,7641,7,0.000916110456746499
1477,-112.875000000000000,51.125000000000000,-112.625000000000000,50.875000000000000,12,61,120608,7698,5,0.000649519355676799
1478,-112.875000000000000,50.875000000000000,-112.625000000000000,50.625000000000000,13,61,121250,7750,16,0.00206451612903226
1479,-112.875000000000000,50.625000000000000,-112.625000000000000,50.375000000000000,14,61,121889,7803,2,0.000256311674996796
1480,-112.875000000000000,50.375000000000000,-112.625000000000000,50.125000000000000,15,61,122526,7860,3,0.000381679389312977
1481,-112.875000000000000,50.125000000000000,-112.625000000000000,49.875000000000000,16,61,123161,7914,5,0.000631791761435431
1482,-112.875000000000000,49.875000000000000,-112.625000000000000,49.625000000000000,17,61,123793,7972,22,0.00275965880582037
1483,-112.875000000000000,49.625000000000000,-112.625000000000000,49.375000000000000,18,61,124423,8028,1,0.000124564025909317
1484,-112.875000000000000,49.375000000000000,-112.625000000000000,49.125000000000000,19,61,125050,8080,2,0.000247524752475248
1485,-112.875000000000000,49.125000000000000,-112.625000000000000,48.875000000000000,20,61,125675,4205,0,0
1486,-112.875000000000000,48.875000000000000,-112.625000000000000,48.625000000000000,21,61,126297,0,0,
1487,-112.875000000000000,48.625000000000000,-112.625000000000000,48.375000000000000,22,61,126917,0,0,
1488,-112.875000000000000,48.375000000000000,-112.625000000000000,48.125000000000000,23,61,127534,0,0,
1489,-112.625000000000000,54.125000000000000,-112.375000000000000,53.875000000000000,0,62,112725,7064,0,0
1490,-112.625000000000000,53.875000000000000,-112.375000000000000,53.625000000000000,1,62,113394,7112,0,0
1491,-112.625000000000000,53.625000000000000,-112.375000000000000,53.375000000000000,2,62,114062,7167,0,0
1492,-112.625000000000000,53.375000000000000,-112.375000000000000,53.125000000000000,3,62,114727,7215,0,0
1493,-112.625000000000000,53.125000000000000,-112.375000000000000,52.875000000000000,4,62,115389,7271,0,0
1494,-112.625000000000000,52.875000000000000,-112.375000000000000,52.625000000000000,5,62,116050,7321,0,0
1495,-112.625000000000000,52.625000000000000,-112.375000000000000,52.375000000000000,6,62,116708,7376,0,0
1496,-112.625000000000000,52.375000000000000,-112.375000000000000,52.125000000000000,7,62,117364,7430,0,0
1497,-112.625000000000000,52.125000000000000,-112.375000000000000,51.875000000000000,8,62,118018,7480,0,0
1498,-112.625000000000000,51.875000000000000,-112.375000000000000,51.625000000000000,9,62,118669,7535,0,0
1499,-112.625000000000000,51.625000000000000,-112.375000000000000,51.375000000000000,10,62,119318,7588,0,0
1500,-112.625000000000000,51.375000000000000,-112.375000000000000,51.125000000000000,11,62,119964,7642,0,0
1501,-112.625000000000000,51.125000000000000,-112.375000000000000,50.875000000000000,12,62,120608,7695,0,0
1502,-112.625000000000000,50.875000000000000,-112.375000000000000,50.625000000000000,13,62,121250,7752,9,0.0011609907120743
1503,-112.625000000000000,50.625000000000000,-112.375000000000000,50.375000000000000,14,62,121889,7804,0,0
1504,-112.625000000000000,50.375000000000000,-112.375000000000000,50.125000000000000,15,62,122526,7860,0,0
1505,-112.625000000000000,50.125000000000000,-112.375000000000000,49.875000000000000,16,62,123161,7916,0,0
1506,-112.625000000000000,49.875000000000000,-112.375000000000000,49.625000000000000,17,62,123793,7970,21,0.00263488080301129
1507,-112.625000000000000,49.625000000000000,-112.375000000000000,49.375000000000000,18,62,124423,8027,0,0
1508,-112.625000000000000,49.375000000000000,-112.375000000000000,49.125000000000000,19,62,125050,8080,1,0.000123762376237624
1509,-112.625000000000000,49.125000000000000,-112.375000000000000,48.875000000000000,20,62,125675,4207,0,0
1510,-112.625000000000000,48.875000000000000,-112.375000000000000,48.625000000000000,21,62,126297,0,0,
1511,-112.625000000000000,48.625000000000000,-112.375000000000000,48.375000000000000,22,62,126917,0,0,
1512,-112.625000000000000,48.375000000000000,-112.375000000000000,48.125000000000000,23,62,127534,0,0,
1513,-112.375000000000000,54.125000000000000,-112.125000000000000,53.875000000000000,0,63,112725,7064,0,0
1514,-112.375000000000000,53.875000000000000,-112.125000000000000,53.625000000000000,1,63,113394,7112,0,0
1515,-112.375000000000000,53.625000000000000,-112.125000000000000,53.375000000000000,2,63,114062,7163,0,0
1516,-112.375000000000000,53.375000000000000,-112.125000000000000,53.125000000000000,3,63,114727,7221,0,0
1517,-112.375000000000000,53.125000000000000,-112.125000000000000,52.875000000000000,4,63,115389,7268,0,0
1518,-112.375000000000000,52.875000000000000,-112.125000000000000,52.625000000000000,5,63,116050,7325,0,0
1519,-112.375000000000000,52.625000000000000,-112.125000000000000,52.375000000000000,6,63,116708,7372,0,0
1520,-112.375000000000000,52.375000000000000,-112.125000000000000,52.125000000000000,7,63,117364,7428,0,0
1521,-112.375000000000000,52.125000000000000,-112.125000000000000,51.875000000000000,8,63,118018,7482,0,0
1522,-112.375000000000000,51.875000000000000,-112.125000000000000,51.625000000000000,9,63,118669,7536,0,0
1523,-112.375000000000000,51.625000000000000,-112.125000000000000,51.375000000000000,10,63,119318,7586,0,0
1524,-112.375000000000000,51.375000000000000,-112.125000000000000,51.125000000000000,11,63,119964,7643,0,0
1525,-112.375000000000000,51.125000000000000,-112.125000000000000,50.875000000000000,12,63,120608,7696,5,0.00064968814968815
1526,-112.375000000000000,50.875000000000000,-112.125000000000000,50.625000000000000,13,63,121250,7752,15,0.00193498452012384
1527,-112.375000000000000,50.625000000000000,-112.125000000000000,50.375000000000000,14,63,121889,7805,0,0
1528,-112.375000000000000,50.375000000000000,-112.125000000000000,50.125000000000000,15,63,122526,7859,2,0.000254485303473724
1529,-112.375000000000000,50.125000000000000,-112.125000000000000,49.875000000000000,16,63,123161,7915,2,0.000252684775742262
1530,-112.375000000000000,49.875000000000000,-112.125000000000000,49.625000000000000,17,63,123793,7971,0,0
1531,-112.375000000000000,49.625000000000000,-112.125000000000000,49.375000000000000,18,63,124423,8027,0,0
1532,-112.375000000000000,49.375000000000000,-112.125000000000000,49.125000000000000,19,63,125050,8078,0,0
1533,-112.375000000000000,49.125000000000000,-112.125000000000000,48.875000000000000,20,63,125675,4208,0,0
1534,-112.375000000000000,48.875000000000000,-112.125000000000000,48.625000000000000,21,63,126297,0,0,
1535,-112.375000000000000,48.625000000000000,-112.125000000000000,48.375000000000000,22,63,126917,0,0,
1536,-112.375000000000000,48.375000000000000,-112.125000000000000,48.125000000000000,23,63,127534,0,0,
1537,-112.125000000000000,54.125000000000000,-111.875000000000000,53.875000000000000,0,64,112725,7059,0,0
1538,-112.125000000000000,53.875000000000000,-111.875000000000000,53.625000000000000,1,64,113394,7113,0,0
1539,-112.125000000000000,53.625000000000000,-111.875000000000000,53.375000000000000,2,64,114062,7168,0,0
1540,-112.125000000000000,53.375000000000000,-111.875000000000000,53.125000000000000,3,64,114727,7220,0,0
1541,-112.125000000000000,53.125000000000000,-111.875000000000000,52.875000000000000,4,64,115389,7268,0,0
1542,-112.125000000000000,52.875000000000000,-111.875000000000000,52.625000000000000,5,64,116050,7321,0,0
1543,-112.125000000000000,52.625000000000000,-111.875000000000000,52.375000000000000,6,64,116708,7376,0,0
1544,-112.125000000000000,52.375000000000000,-111.875000000000000,52.125000000000000,7,64,117364,7429,0,0
1545,-112.125000000000000,52.125000000000000,-111.875000000000000,51.875000000000000,8,64,118018,7482,0,0
1546,-112.125000000000000,51.875000000000000,-111.875000000000000,51.625000000000000,9,64,118669,7532,0,0
1547,-112.125000000000000,51.625000000000000,-111.875000000000000,51.375000000000000,10,64,119318,7591,0,0
1548,-112.125000000000000,51.375000000000000,-111.875000000000000,51.125000000000000,11,64,119964,7642,0,0
1549,-112.125000000000000,51.125000000000000,-111.875000000000000,50.875000000000000,12,64,120608,7696,37,0.00480769230769231
1550,-112.125000000000000,50.875000000000000,-111.875000000000000,50.625000000000000,13,64,121250,7750,17,0.00219354838709677
1551,-112.125000000000000,50.625000000000000,-111.875000000000000,50.375000000000000,14,64,121889,7805,21,0.00269058295964126
1552,-112.125000000000000,50.375000000000000,-111.875000000000000,50.125000000000000,15,64,122526,7861,4,0.00050884111436204
1553,-112.125000000000000,50.125000000000000,-111.875000000000000,49.875000000000000,16,64,123161,7913,7,0.000884620245166182
1554,-112.125000000000000,49.875000000000000,-111.875000000000000,49.625000000000000,17,64,123793,7971,9,0.0011290929619872
1555,-112.125000000000000,49.625000000000000,-111.875000000000000,49.375000000000000,18,64,124423,8023,0,0
1556,-112.125000000000000,49.375000000000000,-111.875000000000000,49.125000000000000,19,64,125050,8084,0,0
1557,-112.125000000000000,49.125000000000000,-111.875000000000000,48.875000000000000,20,64,125675,4208,0,0
1558,-112.125000000000000,48.875000000000000,-111.875000000000000,48.625000000000000,21,64,126297,0,0,
1559,-112.125000000000000,48.625000000000000,-111.875000000000000,48.375000000000000,22,64,126917,0,0,
1560,-112.125000000000000,48.375000000000000,-111.875000000000000,48.125000000000000,23,64,127534,0,0,
1561,-111.875000000000000,54.125000000000000,-111.625000000000000,53.875000000000000,0,65,112725,7063,0,0
1562,-111.875000000000000,53.875000000000000,-111.625000000000000,53.625000000000000,1,65,113394,7114,0,0
1563,-111.875000000000000,53.625000000000000,-111.625000000000000,53.375000000000000,2,65,114062,7163,0,0
1564,-111.875000000000000,53.375000000000000,-111.625000000000000,53.125000000000000,3,65,114727,7217,0,0
1565,-111.875000000000000,53.125000000000000,-111.625000000000000,52.875000000000000,4,65,115389,7271,0,0
1566,-111.875000000000000,52.875000000000000,-111.625000000000000,52.625000000000000,5,65,116050,7323,0,0
1567,-111.875000000000000,52.625000000000000,-111.625000000000000,52.375000000000000,6,65,116708,7375,0,0
1568,-111.875000000000000,52.375000000000000,-111.625000000000000,52.125000000000000,7,65,117364,7428,0,0
1569,-111.875000000000000,52.125000000000000,-111.625000000000000,51.875000000000000,8,65,118018,7480,0,0
1570,-111.875000000000000,51.875000000000000,-111.625000000000000,51.625000000000000,9,65,118669,7534,0,0
1571,-111.875000000000000,51.625000000000000,-111.625000000000000,51.375000000000000,10,65,119318,7589,0,0
1572,-111.875000000000000,51.375000000000000,-111.625000000000000,51.125000000000000,11,65,119964,7643,0,0
1573,-111.875000000000000,51.125000000000000,-111.625000000000000,50.875000000000000,12,65,120608,7696,2,0.00025987525987526
1574,-111.875000000000000,50.875000000000000,-111.625000000000000,50.625000000000000,13,65,121250,7751,17,0.0021932653851116
1575,-111.875000000000000,50.625000000000000,-111.625000000000000,50.375000000000000,14,65,121889,7804,17,0.0021783700666325
1576,-111.875000000000000,50.375000000000000,-111.625000000000000,50.125000000000000,15,65,122526,7860,13,0.00165394402035623
1577,-111.875000000000000,50.125000000000000,-111.625000000000000,49.875000000000000,16,65,123161,7915,5,0.000631711939355654
1578,-111.875000000000000,49.875000000000000,-111.625000000000000,49.625000000000000,17,65,123793,7970,11,0.0013801756587202
1579,-111.875000000000000,49.625000000000000,-111.625000000000000,49.375000000000000,18,65,124423,8026,0,0
1580,-111.875000000000000,49.375000000000000,-111.625000000000000,49.125000000000000,19,65,125050,8082,0,0
1581,-111.875000000000000,49.125000000000000,-111.625000000000000,48.875000000000000,20,65,125675,4247,0,0
1582,-111.875000000000000,48.875000000000000,-111.625000000000000,48.625000000000000,21,65,126297,0,0,
1583,-111.875000000000000,48.625000000000000,-111.625000000000000,48.375000000000000,22,65,126917,0,0,
1584,-111.875000000000000,48.375000000000000,-111.625000000000000,48.125000000000000,23,65,127534,0,0,
1585,-111.625000000000000,54.125000000000000,-111.375000000000000,53.875000000000000,0,66,112725,7063,0,0
1586,-111.625000000000000,53.875000000000000,-111.375000000000000,53.625000000000000,1,66,113394,7113,0,0
1587,-111.625000000000000,53.625000000000000,-111.375000000000000,53.375000000000000,2,66,114062,7166,0,0
1588,-111.625000000000000,53.375000000000000,-111.375000000000000,53.125000000000000,3,66,114727,7217,0,0
1589,-111.625000000000000,53.125000000000000,-111.375000000000000,52.875000000000000,4,66,115389,7271,0,0
1590,-111.625000000000000,52.875000000000000,-111.375000000000000,52.625000000000000,5,66,116050,7322,0,0
1591,-111.625000000000000,52.625000000000000,-111.375000000000000,52.375000000000000,6,66,116708,7374,0,0
1592,-111.625000000000000,52.375000000000000,-111.375000000000000,52.125000000000000,7,66,117364,7428,0,0
1593,-111.625000000000000,52.125000000000000,-111.375000000000000,51.875000000000000,8,66,118018,7482,0,0
1594,-111.625000000000000,51.875000000000000,-111.375000000000000,51.625000000000000,9,66,118669,7535,0,0
1595,-111.625000000000000,51.625000000000000,-111.375000000000000,51.375000000000000,10,66,119318,7587,0,0
1596,-111.625000000000000,51.375000000000000,-111.375000000000000,51.125000000000000,11,66,119964,7642,0,0
1597,-111.625000000000000,51.125000000000000,-111.375000000000000,50.875000000000000,12,66,120608,7698,4,0.000519615484541439
1598,-111.625000000000000,50.875000000000000,-111.375000000000000,50.625000000000000,13,66,121250,7749,8,0.00103239127629372
1599,-111.625000000000000,50.625000000000000,-111.375000000000000,50.375000000000000,14,66,121889,7806,0,0
1600,-111.625000000000000,50.375000000000000,-111.375000000000000,50.125000000000000,15,66,122526,7860,1,0.000127226463104326
1601,-111.625000000000000,50.125000000000000,-111.375000000000000,49.875000000000000,16,66,123161,7916,0,0
1602,-111.625000000000000,49.875000000000000,-111.375000000000000,49.625000000000000,17,66,123793,7970,20,0.00250941028858218
1603,-111.625000000000000,49.625000000000000,-111.375000000000000,49.375000000000000,18,66,124423,8024,0,0
1604,-111.625000000000000,49.375000000000000,-111.375000000000000,49.125000000000000,19,66,125050,8081,0,0
1605,-111.625000000000000,49.125000000000000,-111.375000000000000,48.875000000000000,20,66,125675,4270,0,0
1606,-111.625000000000000,48.875000000000000,-111.375000000000000,48.625000000000000,21,66,126297,0,0,
1607,-111.625000000000000,48.625000000000000,-111.375000000000000,48.375000000000000,22,66,126917,0,0,
1608,-111.625000000000000,48.375000000000000,-111.375000000000000,48.125000000000000,23,66,127534,0,0,
1609,-111.375000000000000,54.125000000000000,-111.125000000000000,53.875000000000000,0,67,112725,7063,0,0
1610,-111.375000000000000,53.875000000000000,-111.125000000000000,53.625000000000000,1,67,113394,7111,0,0
1611,-111.375000000000000,53.625000000000000,-111.125000000000000,53.375000000000000,2,67,114062,7166,0,0
1612,-111.375000000000000,53.375000000000000,-111.125000000000000,53.125000000000000,3,67,114727,7218,0,0
1613,-111.375000000000000,53.125000000000000,-111.125000000000000,52.875000000000000,4,67,115389,7268,0,0
1614,-111.375000000000000,52.875000000000000,-111.125000000000000,52.625000000000000,5,67,116050,7324,0,0
1615,-111.375000000000000,52.625000000000000,-111.125000000000000,52.375000000000000,6,67,116708,7377,0,0
1616,-111.375000000000000,52.375000000000000,-111.125000000000000,52.125000000000000,7,67,117364,7428,0,0
1617,-111.375000000000000,52.125000000000000,-111.125000000000000,51.875000000000000,8,67,118018,7479,0,0
1618,-111.375000000000000,51.875000000000000,-111.125000000000000,51.625000000000000,9,67,118669,7536,0,0
1619,-111.375000000000000,51.625000000000000,-111.125000000000000,51.375000000000000,10,67,119318,7589,0,0
1620,-111.375000000000000,51.375000000000000,-111.125000000000000,51.125000000000000,11,67,119964,7642,0,0
1621,-111.375000000000000,51.125000000000000,-111.125000000000000,50.875000000000000,12,67,120608,7694,3,0.000389914218871848
1622,-111.375000000000000,50.875000000000000,-111.125000000000000,50.625000000000000,13,67,121250,7753,0,0
1623,-111.375000000000000,50.625000000000000,-111.125000000000000,50.375000000000000,14,67,121889,7805,0,0
1624,-111.375000000000000,50.375000000000000,-111.125000000000000,50.125000000000000,15,67,122526,7861,0,0
1625,-111.375000000000000,50.125000000000000,-111.125000000000000,49.875000000000000,16,67,123161,7912,3,0.000379170879676441
1626,-111.375000000000000,49.875000000000000,-111.125000000000000,49.625000000000000,17,67,123793,7971,0,0
1627,-111.375000000000000,49.625000000000000,-111.125000000000000,49.375000000000000,18,67,124423,8025,0,0
1628,-111.375000000000000,49.375000000000000,-111.125000000000000,49.125000000000000,19,67,125050,8082,0,0
1629,-111.375000000000000,49.125000000000000,-111.125000000000000,48.875000000000000,20,67,125675,4253,0,0
1630,-111.375000000000000,48.875000000000000,-111.125000000000000,48.625000000000000,21,67,126297,0,0,
1631,-111.375000000000000,48.625000000000000,-111.125000000000000,48.375000000000000,22,67,126917,0,0,
1632,-111.375000000000000,48.375000000000000,-111.125000000000000,48.125000000000000,23,67,127534,0,0,
1633,-111.125000000000000,54.125000000000000,-110.875000000000000,53.875000000000000,0,68,112725,7060,0,0
1634,-111.125000000000000,53.875000000000000,-110.875000000000000,53.625000000000000,1,68,113394,7114,0,0
1635,-111.125000000000000,53.625000000000000,-110.875000000000000,53.375000000000000,2,68,114062,7166,0,0
1636,-111.125000000000000,53.375000000000000,-110.875000000000000,53.125000000000000,3,68,114727,7218,0,0
1637,-111.125000000000000,53.125000000000000,-110.875000000000000,52.875000000000000,4,68,115389,7270,0,0
1638,-111.125000000000000,52.875000000000000,-110.875000000000000,52.625000000000000,5,68,116050,7323,0,0
1639,-111.125000000000000,52.625000000000000,-110.875000000000000,52.375000000000000,6,68,116708,7372,0,0
1640,-111.125000000000000,52.375000000000000,-110.875000000000000,52.125000000000000,7,68,117364,7429,0,0
1641,-111.125000000000000,52.125000000000000,-110.875000000000000,51.875000000000000,8,68,118018,7482,0,0
1642,-111.125000000000000,51.875000000000000,-110.875000000000000,51.625000000000000,9,68,118669,7533,0,0
1643,-111.125000000000000,51.625000000000000,-110.875000000000000,51.375000000000000,10,68,119318,7589,0,0
1644,-111.125000000000000,51.375000000000000,-110.875000000000000,51.125000000000000,11,68,119964,7642,0,0
1645,-111.125000000000000,51.125000000000000,-110.875000000000000,50.875000000000000,12,68,120608,7695,3,0.000389863547758285
1646,-111.125000000000000,50.875000000000000,-110.875000000000000,50.625000000000000,13,68,121250,7749,0,0
1647,-111.125000000000000,50.625000000000000,-110.875000000000000,50.375000000000000,14,68,121889,7804,0,0
1648,-111.125000000000000,50.375000000000000,-110.875000000000000,50.125000000000000,15,68,122526,7859,0,0
1649,-111.125000000000000,50.125000000000000,-110.875000000000000,49.875000000000000,16,68,123161,7915,1,0.000126342387871131
1650,-111.125000000000000,49.875000000000000,-110.875000000000000,49.625000000000000,17,68,123793,7970,4,0.000501882057716437
1651,-111.125000000000000,49.625000000000000,-110.875000000000000,49.375000000000000,18,68,124423,8026,0,0
1652,-111.125000000000000,49.375000000000000,-110.875000000000000,49.125000000000000,19,68,125050,8081,0,0
1653,-111.125000000000000,49.125000000000000,-110.875000000000000,48.875000000000000,20,68,125675,4234,0,0
1654,-111.125000000000000,48.875000000000000,-110.875000000000000,48.625000000000000,21,68,126297,0,0,
1655,-111.125000000000000,48.625000000000000,-110.875000000000000,48.375000000000000,22,68,126917,0,0,
1656,-111.125000000000000,48.375000000000000,-110.875000000000000,48.125000000000000,23,68,127534,0,0,
1657,-110.875000000000000,54.125000000000000,-110.625000000000000,53.875000000000000,0,69,112725,7053,0,0
1658,-110.875000000000000,53.875000000000000,-110.625000000000000,53.625000000000000,1,69,113394,7115,0,0
1659,-110.875000000000000,53.625000000000000,-110.625000000000000,53.375000000000000,2,69,114062,7172,0,0
1660,-110.875000000000000,53.375000000000000,-110.625000000000000,53.125000000000000,3,69,114727,7212,0,0
1661,-110.875000000000000,53.125000000000000,-110.625000000000000,52.875000000000000,4,69,115389,7269,0,0
1662,-110.875000000000000,52.875000000000000,-110.625000000000000,52.625000000000000,5,69,116050,7325,0,0
1663,-110.875000000000000,52.625000000000000,-110.625000000000000,52.375000000000000,6,69,116708,7381,0,0
1664,-110.875000000000000,52.375000000000000,-110.625000000000000,52.125000000000000,7,69,117364,7419,0,0
1665,-110.875000000000000,52.125000000000000,-110.625000000000000,51.875000000000000,8,69,118018,7482,0,0
1666,-110.875000000000000,51.875000000000000,-110.625000000000000,51.625000000000000,9,69,118669,7546,0,0
1667,-110.875000000000000,51.625000000000000,-110.625000000000000,51.375000000000000,10,69,119318,7578,0,0
1668,-110.875000000000000,51.375000000000000,-110.625000000000000,51.125000000000000,11,69,119964,7640,0,0
1669,-110.875000000000000,51.125000000000000,-110.625000000000000,50.875000000000000,12,69,120608,7706,0,0
1670,-110.875000000000000,50.875000000000000,-110.625000000000000,50.625000000000000,13,69,121250,7747,0,0
1671,-110.875000000000000,50.625000000000000,-110.625000000000000,50.375000000000000,14,69,121889,7803,0,0
1672,-110.875000000000000,50.375000000000000,-110.625000000000000,50.125000000000000,15,69,122526,7865,0,0
1673,-110.875000000000000,50.125000000000000,-110.625000000000000,49.875000000000000,16,69,123161,7919,10,0.00126278570526582
1674,-110.875000000000000,49.875000000000000,-110.625000000000000,49.625000000000000,17,69,123793,7961,3,0.000376837080768748
1675,-110.875000000000000,49.625000000000000,-110.625000000000000,49.375000000000000,18,69,124423,8033,0,0
1676,-110.875000000000000,49.375000000000000,-110.625000000000000,49.125000000000000,19,69,125050,8085,0,0
1677,-110.875000000000000,49.125000000000000,-110.625000000000000,48.875000000000000,20,69,125675,4213,0,0
1678,-110.875000000000000,48.875000000000000,-110.625000000000000,48.625000000000000,21,69,126297,0,0,
1679,-110.875000000000000,48.625000000000000,-110.625000000000000,48.375000000000000,22,69,126917,0,0,
1680,-110.875000000000000,48.375000000000000,-110.625000000000000,48.125000000000000,23,69,127534,0,0,
1681,-110.625000000000000,54.125000000000000,-110.375000000000000,53.875000000000000,0,70,112725,7063,0,0
1682,-110.625000000000000,53.875000000000000,-110.375000000000000,53.625000000000000,1,70,113394,7119,0,0
1683,-110.625000000000000,53.625000000000000,-110.375000000000000,53.375000000000000,2,70,114062,7161,0,0
1684,-110.625000000000000,53.375000000000000,-110.375000000000000,53.125000000000000,3,70,114727,7212,0,0
1685,-110.625000000000000,53.125000000000000,-110.375000000000000,52.875000000000000,4,70,115389,7284,0,0
1686,-110.625000000000000,52.875000000000000,-110.375000000000000,52.625000000000000,5,70,116050,7317,0,0
1687,-110.625000000000000,52.625000000000000,-110.375000000000000,52.375000000000000,6,70,116708,7368,0,0
1688,-110.625000000000000,52.375000000000000,-110.375000000000000,52.125000000000000,7,70,117364,7442,0,0
1689,-110.625000000000000,52.125000000000000,-110.375000000000000,51.875000000000000,8,70,118018,7481,0,0
1690,-110.625000000000000,51.875000000000000,-110.375000000000000,51.625000000000000,9,70,118669,7521,0,0
1691,-110.625000000000000,51.625000000000000,-110.375000000000000,51.375000000000000,10,70,119318,7599,0,0
1692,-110.625000000000000,51.375000000000000,-110.375000000000000,51.125000000000000,11,70,119964,7642,0,0
1693,-110.625000000000000,51.125000000000000,-110.375000000000000,50.875000000000000,12,70,120608,7691,0,0
1694,-110.625000000000000,50.875000000000000,-110.375000000000000,50.625000000000000,13,70,121250,7754,1,0.000128965695125097
1695,-110.625000000000000,50.625000000000000,-110.375000000000000,50.375000000000000,14,70,121889,7812,0,0
1696,-110.625000000000000,50.375000000000000,-110.375000000000000,50.125000000000000,15,70,122526,7846,1,0.00012745347947999
1697,-110.625000000000000,50.125000000000000,-110.375000000000000,49.875000000000000,16,70,123161,7916,0,0
1698,-110.625000000000000,49.875000000000000,-110.375000000000000,49.625000000000000,17,70,123793,7974,19,0.00238274391773263
1699,-110.625000000000000,49.625000000000000,-110.375000000000000,49.375000000000000,18,70,124423,8025,21,0.00261682242990654
1700,-110.625000000000000,49.375000000000000,-110.375000000000000,49.125000000000000,19,70,125050,8074,0,0
1701,-110.625000000000000,49.125000000000000,-110.375000000000000,48.875000000000000,20,70,125675,4208,0,0
1702,-110.625000000000000,48.875000000000000,-110.375000000000000,48.625000000000000,21,70,126297,0,0,
1703,-110.625000000000000,48.625000000000000,-110.375000000000000,48.375000000000000,22,70,126917,0,0,
1704,-110.625000000000000,48.375000000000000,-110.375000000000000,48.125000000000000,23,70,127534,0,0,
1705,-110.375000000000000,54.125000000000000,-110.125000000000000,53.875000000000000,0,71,112725,7062,0,0
1706,-110.375000000000000,53.875000000000000,-110.125000000000000,53.625000000000000,1,71,113394,7117,0,0
1707,-110.375000000000000,53.625000000000000,-110.125000000000000,53.375000000000000,2,71,114062,7164,0,0
1708,-110.375000000000000,53.375000000000000,-110.125000000000000,53.125000000000000,3,71,114727,7217,0,0
1709,-110.375000000000000,53.125000000000000,-110.125000000000000,52.875000000000000,4,71,115389,7267,0,0
1710,-110.375000000000000,52.875000000000000,-110.125000000000000,52.625000000000000,5,71,116050,7326,0,0
1711,-110.375000000000000,52.625000000000000,-110.125000000000000,52.375000000000000,6,71,116708,7374,0,0
1712,-110.375000000000000,52.375000000000000,-110.125000000000000,52.125000000000000,7,71,117364,7427,0,0
1713,-110.375000000000000,52.125000000000000,-110.125000000000000,51.875000000000000,8,71,118018,7482,0,0
1714,-110.375000000000000,51.875000000000000,-110.125000000000000,51.625000000000000,9,71,118669,7535,0,0
1715,-110.375000000000000,51.625000000000000,-110.125000000000000,51.375000000000000,10,71,119318,7584,0,0
1716,-110.375000000000000,51.375000000000000,-110.125000000000000,51.125000000000000,11,71,119964,7645,0,0
1717,-110.375000000000000,51.125000000000000,-110.125000000000000,50.875000000000000,12,71,120608,7698,0,0
1718,-110.375000000000000,50.875000000000000,-110.125000000000000,50.625000000000000,13,71,121250,7751,0,0
1719,-110.375000000000000,50.625000000000000,-110.125000000000000,50.375000000000000,14,71,121889,7802,0,0
1720,-110.375000000000000,50.375000000000000,-110.125000000000000,50.125000000000000,15,71,122526,7863,0,0
1721,-110.375000000000000,50.125000000000000,-110.125000000000000,49.875000000000000,16,71,123161,7914,0,0
1722,-110.375000000000000,49.875000000000000,-110.125000000000000,49.625000000000000,17,71,123793,7969,177,0.0222110678880663
1723,-110.375000000000000,49.625000000000000,-110.125000000000000,49.375000000000000,18,71,124423,8027,28,0.00348822723308833
1724,-110.375000000000000,49.375000000000000,-110.125000000000000,49.125000000000000,19,71,125050,8083,0,0
1725,-110.375000000000000,49.125000000000000,-110.125000000000000,48.875000000000000,20,71,125675,4185,0,0
1726,-110.375000000000000,48.875000000000000,-110.125000000000000,48.625000000000000,21,71,126297,0,0,
1727,-110.375000000000000,48.625000000000000,-110.125000000000000,48.375000000000000,22,71,126917,0,0,
1728,-110.375000000000000,48.375000000000000,-110.125000000000000,48.125000000000000,23,71,127534,0,0,
1729,-110.125000000000000,54.125000000000000,-109.875000000000000,53.875000000000000,0,72,112725,7063,0,0
1730,-110.125000000000000,53.875000000000000,-109.875000000000000,53.625000000000000,1,72,113394,7112,0,0
1731,-110.125000000000000,53.625000000000000,-109.875000000000000,53.375000000000000,2,72,114062,7165,0,0
1732,-110.125000000000000,53.375000000000000,-109.875000000000000,53.125000000000000,3,72,114727,7220,0,0
1733,-110.125000000000000,53.125000000000000,-109.875000000000000,52.875000000000000,4,72,115389,7272,0,0
1734,-110.125000000000000,52.875000000000000,-109.875000000000000,52.625000000000000,5,72,116050,7320,0,0
1735,-110.125000000000000,52.625000000000000,-109.875000000000000,52.375000000000000,6,72,116708,7374,0,0
1736,-110.125000000000000,52.375000000000000,-109.875000000000000,52.125000000000000,7,72,117364,7430,0,0
1737,-110.125000000000000,52.125000000000000,-109.875000000000000,51.875000000000000,8,72,118018,7480,0,0
1738,-110.125000000000000,51.875000000000000,-109.875000000000000,51.625000000000000,9,72,118669,7534,0,0
1739,-110.125000000000000,51.625000000000000,-109.875000000000000,51.375000000000000,10,72,119318,7591,0,0
1740,-110.125000000000000,51.375000000000000,-109.875000000000000,51.125000000000000,11,72,119964,7642,0,0
1741,-110.125000000000000,51.125000000000000,-109.875000000000000,50.875000000000000,12,72,120608,7693,40,0.00519953204211621
1742,-110.125000000000000,50.875000000000000,-109.875000000000000,50.625000000000000,13,72,121250,7750,0,0
1743,-110.125000000000000,50.625000000000000,-109.875000000000000,50.375000000000000,14,72,121889,7806,0,0
1744,-110.125000000000000,50.375000000000000,-109.875000000000000,50.125000000000000,15,72,122526,7861,0,0
1745,-110.125000000000000,50.125000000000000,-109.875000000000000,49.875000000000000,16,72,123161,7914,0,0
1746,-110.125000000000000,49.875000000000000,-109.875000000000000,49.625000000000000,17,72,123793,7971,383,0.0480491782712332
1747,-110.125000000000000,49.625000000000000,-109.875000000000000,49.375000000000000,18,72,124423,8027,269,0.0335118973464557
1748,-110.125000000000000,49.375000000000000,-109.875000000000000,49.125000000000000,19,72,125050,8078,0,0
1749,-110.125000000000000,49.125000000000000,-109.875000000000000,48.875000000000000,20,72,125675,4173,0,0
1750,-110.125000000000000,48.875000000000000,-109.875000000000000,48.625000000000000,21,72,126297,0,0,
1751,-110.125000000000000,48.625000000000000,-109.875000000000000,48.375000000000000,22,72,126917,0,0,
1752,-110.125000000000000,48.375000000000000,-109.875000000000000,48.125000000000000,23,72,127534,0,0,
1753,-109.875000000000000,54.125000000000000,-109.625000000000000,53.875000000000000,0,73,112725,7060,0,0
1754,-109.875000000000000,53.875000000000000,-109.625000000000000,53.625000000000000,1,73,113394,7116,0,0
1755,-109.875000000000000,53.625000000000000,-109.625000000000000,53.375000000000000,2,73,114062,7165,0,0
1756,-109.875000000000000,53.375000000000000,-109.625000000000000,53.125000000000000,3,73,114727,7216,0,0
1757,-109.875000000000000,53.125000000000000,-109.625000000000000,52.875000000000000,4,73,115389,7268,0,0
1758,-109.875000000000000,52.875000000000000,-109.625000000000000,52.625000000000000,5,73,116050,7324,0,0
1759,-109.875000000000000,52.625000000000000,-109.625000000000000,52.375000000000000,6,73,116708,7376,0,0
1760,-109.875000000000000,52.375000000000000,-109.625000000000000,52.125000000000000,7,73,117364,7427,0,0
1761,-109.875000000000000,52.125000000000000,-109.625000000000000,51.875000000000000,8,73,118018,7482,0,0
1762,-109.875000000000000,51.875000000000000,-109.625000000000000,51.625000000000000,9,73,118669,7535,0,0
1763,-109.875000000000000,51.625000000000000,-109.625000000000000,51.375000000000000,10,73,119318,7588,0,0
1764,-109.875000000000000,51.375000000000000,-109.625000000000000,51.125000000000000,11,73,119964,7640,0,0
1765,-109.875000000000000,51.125000000000000,-109.625000000000000,50.875000000000000,12,73,120608,7697,28,0.00363778095361829
1766,-109.875000000000000,50.875000000000000,-109.625000000000000,50.625000000000000,13,73,121250,7753,0,0
1767,-109.875000000000000,50.625000000000000,-109.625000000000000,50.375000000000000,14,73,121889,7804,0,0
1768,-109.875000000000000,50.375000000000000,-109.625000000000000,50.125000000000000,15,73,122526,7860,0,0
1769,-109.875000000000000,50.125000000000000,-109.625000000000000,49.875000000000000,16,73,123161,7916,0,0
1770,-109.875000000000000,49.875000000000000,-109.625000000000000,49.625000000000000,17,73,123793,7969,19,0.00238423892583762
1771,-109.875000000000000,49.625000000000000,-109.625000000000000,49.375000000000000,18,73,124423,8022,40,0.0049862877088008
1772,-109.875000000000000,49.375000000000000,-109.625000000000000,49.125000000000000,19,73,125050,8084,0,0
1773,-109.875000000000000,49.125000000000000,-109.625000000000000,48.875000000000000,20,73,125675,4166,0,0
1774,-109.875000000000000,48.875000000000000,-109.625000000000000,48.625000000000000,21,73,126297,0,0,
1775,-109.875000000000000,48.625000000000000,-109.625000000000000,48.375000000000000,22,73,126917,0,0,
1776,-109.875000000000000,48.375000000000000,-109.625000000000000,48.125000000000000,23,73,127534,0,0,
1777,-109.625000000000000,54.125000000000000,-109.375000000000000,53.875000000000000,0,74,112725,7062,0,0
1778,-109.625000000000000,53.875000000000000,-109.375000000000000,53.625000000000000,1,74,113394,7113,0,0
1779,-109.625000000000000,53.625000000000000,-109.375000000000000,53.375000000000000,2,74,114062,7165,0,0
1780,-109.625000000000000,53.375000000000000,-109.375000000000000,53.125000000000000,3,74,114727,7219,0,0
1781,-109.625000000000000,53.125000000000000,-109.375000000000000,52.875000000000000,4,74,115389,7269,0,0
1782,-109.625000000000000,52.875000000000000,-109.375000000000000,52.625000000000000,5,74,116050,7324,0,0
1783,-109.625000000000000,52.625000000000000,-109.375000000000000,52.375000000000000,6,74,116708,7374,0,0
1784,-109.625000000000000,52.375000000000000,-109.375000000000000,52.125000000000000,7,74,117364,7428,0,0
1785,-109.625000000000000,52.125000000000000,-109.375000000000000,51.875000000000000,8,74,118018,7480,0,0
1786,-109.625000000000000,51.875000000000000,-109.375000000000000,51.625000000000000,9,74,118669,7534,0,0
1787,-109.625000000000000,51.625000000000000,-109.375000000000000,51.375000000000000,10,74,119318,7590,0,0
1788,-109.625000000000000,51.375000000000000,-109.375000000000000,51.125000000000000,11,74,119964,7643,0,0
1789,-109.625000000000000,51.125000000000000,-109.375000000000000,50.875000000000000,12,74,120608,7696,1,0.00012993762993763
1790,-109.625000000000000,50.875000000000000,-109.375000000000000,50.625000000000000,13,74,121250,7751,1,0.000129015610888918
1791,-109.625000000000000,50.625000000000000,-109.375000000000000,50.375000000000000,14,74,121889,7804,0,0
1792,-109.625000000000000,50.375000000000000,-109.375000000000000,50.125000000000000,15,74,122526,7859,0,0
1793,-109.625000000000000,50.125000000000000,-109.375000000000000,49.875000000000000,16,74,123161,7916,2,0.000252652854977261
1794,-109.625000000000000,49.875000000000000,-109.375000000000000,49.625000000000000,17,74,123793,7971,63,0.00790365073391043
1795,-109.625000000000000,49.625000000000000,-109.375000000000000,49.375000000000000,18,74,124423,8027,0,0
1796,-109.625000000000000,49.375000000000000,-109.375000000000000,49.125000000000000,19,74,125050,8081,0,0
1797,-109.625000000000000,49.125000000000000,-109.375000000000000,48.875000000000000,20,74,125675,4166,0,0
1798,-109.625000000000000,48.875000000000000,-109.375000000000000,48.625000000000000,21,74,126297,0,0,
1799,-109.625000000000000,48.625000000000000,-109.375000000000000,48.375000000000000,22,74,126917,0,0,
1800,-109.625000000000000,48.375000000000000,-109.375000000000000,48.125000000000000,23,74,127534,0,0,
1801,-109.375000000000000,54.125000000000000,-109.125000000000000,53.875000000000000,0,75,112725,7063,0,0
1802,-109.375000000000000,53.875000000000000,-109.125000000000000,53.625000000000000,1,75,113394,7114,0,0
1803,-109.375000000000000,53.625000000000000,-109.125000000000000,53.375000000000000,2,75,114062,7166,0,0
1804,-109.375000000000000,53.375000000000000,-109.125000000000000,53.125000000000000,3,75,114727,7219,0,0
1805,-109.375000000000000,53.125000000000000,-109.125000000000000,52.875000000000000,4,75,115389,7269,0,0
1806,-109.375000000000000,52.875000000000000,-109.125000000000000,52.625000000000000,5,75,116050,7322,0,0
1807,-109.375000000000000,52.625000000000000,-109.125000000000000,52.375000000000000,6,75,116708,7375,0,0
1808,-109.375000000000000,52.375000000000000,-109.125000000000000,52.125000000000000,7,75,117364,7429,0,0
1809,-109.375000000000000,52.125000000000000,-109.125000000000000,51.875000000000000,8,75,118018,7479,0,0
1810,-109.375000000000000,51.875000000000000,-109.125000000000000,51.625000000000000,9,75,118669,7536,0,0
1811,-109.375000000000000,51.625000000000000,-109.125000000000000,51.375000000000000,10,75,119318,7587,0,0
1812,-109.375000000000000,51.375000000000000,-109.125000000000000,51.125000000000000,11,75,119964,7641,0,0
1813,-109.375000000000000,51.125000000000000,-109.125000000000000,50.875000000000000,12,75,120608,7695,0,0
1814,-109.375000000000000,50.875000000000000,-109.125000000000000,50.625000000000000,13,75,121250,7749,1,0.000129048909536714
1815,-109.375000000000000,50.625000000000000,-109.125000000000000,50.375000000000000,14,75,121889,7804,0,0
1816,-109.375000000000000,50.375000000000000,-109.125000000000000,50.125000000000000,15,75,122526,7859,0,0
1817,-109.375000000000000,50.125000000000000,-109.125000000000000,49.875000000000000,16,75,123161,7913,0,0
1818,-109.375000000000000,49.875000000000000,-109.125000000000000,49.625000000000000,17,75,123793,7971,0,0
1819,-109.375000000000000,49.625000000000000,-109.125000000000000,49.375000000000000,18,75,124423,8027,0,0
1820,-109.375000000000000,49.375000000000000,-109.125000000000000,49.125000000000000,19,75,125050,8083,0,0
1821,-109.375000000000000,49.125000000000000,-109.125000000000000,48.875000000000000,20,75,125675,4165,0,0
1822,-109.375000000000000,48.875000000000000,-109.125000000000000,48.625000000000000,21,75,126297,0,0,
1823,-109.375000000000000,48.625000000000000,-109.125000000000000,48.375000000000000,22,75,126917,0,0,
1824,-109.375000000000000,48.375000000000000,-109.125000000000000,48.125000000000000,23,75,127534,0,0,
1825,-109.125000000000000,54.125000000000000,-108.875000000000000,53.875000000000000,0,76,112725,7058,0,0
1826,-109.125000000000000,53.875000000000000,-108.875000000000000,53.625000000000000,1,76,113394,7115,0,0
1827,-109.125000000000000,53.625000000000000,-108.875000000000000,53.375000000000000,2,76,114062,7164,0,0
1828,-109.125000000000000,53.375000000000000,-108.875000000000000,53.125000000000000,3,76,114727,7219,0,0
1829,-109.125000000000000,53.125000000000000,-108.875000000000000,52.875000000000000,4,76,115389,7268,0,0
1830,-109.125000000000000,52.875000000000000,-108.875000000000000,52.625000000000000,5,76,116050,7324,0,0
1831,-109.125000000000000,52.625000000000000,-108.875000000000000,52.375000000000000,6,76,116708,7375,0,0
1832,-109.125000000000000,52.375000000000000,-108.875000000000000,52.125000000000000,7,76,117364,7429,0,0
1833,-109.125000000000000,52.125000000000000,-108.875000000000000,51.875000000000000,8,76,118018,7482,0,0
1834,-109.125000000000000,51.875000000000000,-108.875000000000000,51.625000000000000,9,76,118669,7536,0,0
1835,-109.125000000000000,51.625000000000000,-108.875000000000000,51.375000000000000,10,76,119318,7587,0,0
1836,-109.125000000000000,51.375000000000000,-108.875000000000000,51.125000000000000,11,76,119964,7644,0,0
1837,-109.125000000000000,51.125000000000000,-108.875000000000000,50.875000000000000,12,76,120608,7699,0,0
1838,-109.125000000000000,50.875000000000000,-108.875000000000000,50.625000000000000,13,76,121250,7749,1,0.000129048909536714
1839,-109.125000000000000,50.625000000000000,-108.875000000000000,50.375000000000000,14,76,121889,7809,2,0.000256114739403253
1840,-109.125000000000000,50.375000000000000,-108.875000000000000,50.125000000000000,15,76,122526,7859,0,0
1841,-109.125000000000000,50.125000000000000,-108.875000000000000,49.875000000000000,16,76,123161,7919,0,0
1842,-109.125000000000000,49.875000000000000,-108.875000000000000,49.625000000000000,17,76,123793,7966,1,0.000125533517449159
1843,-109.125000000000000,49.625000000000000,-108.875000000000000,49.375000000000000,18,76,124423,8025,4,0.000498442367601246
1844,-109.125000000000000,49.375000000000000,-108.875000000000000,49.125000000000000,19,76,125050,8080,0,0
1845,-109.125000000000000,49.125000000000000,-108.875000000000000,48.875000000000000,20,76,125675,4166,0,0
1846,-109.125000000000000,48.875000000000000,-108.875000000000000,48.625000000000000,21,76,126297,0,0,
1847,-109.125000000000000,48.625000000000000,-108.875000000000000,48.375000000000000,22,76,126917,0,0,
1848,-109.125000000000000,48.375000000000000,-108.875000000000000,48.125000000000000,23,76,127534,0,0,
1849,-108.875000000000000,54.125000000000000,-108.625000000000000,53.875000000000000,0,77,112725,7061,0,0
1850,-108.875000000000000,53.875000000000000,-108.625000000000000,53.625000000000000,1,77,113394,7113,0,0
1851,-108.875000000000000,53.625000000000000,-108.625000000000000,53.375000000000000,2,77,114062,7167,0,0
1852,-108.875000000000000,53.375000000000000,-108.625000000000000,53.125000000000000,3,77,114727,7214,0,0
1853,-108.875000000000000,53.125000000000000,-108.625000000000000,52.875000000000000,4,77,115389,7275,0,0
1854,-108.875000000000000,52.875000000000000,-108.625000000000000,52.625000000000000,5,77,116050,7317,0,0
1855,-108.875000000000000,52.625000000000000,-108.625000000000000,52.375000000000000,6,77,116708,7379,0,0
1856,-108.875000000000000,52.375000000000000,-108.625000000000000,52.125000000000000,7,77,117364,7427,0,0
1857,-108.875000000000000,52.125000000000000,-108.625000000000000,51.875000000000000,8,77,118018,7480,0,0
1858,-108.875000000000000,51.875000000000000,-108.625000000000000,51.625000000000000,9,77,118669,7536,0,0
1859,-108.875000000000000,51.625000000000000,-108.625000000000000,51.375000000000000,10,77,119318,7588,0,0
1860,-108.875000000000000,51.375000000000000,-108.625000000000000,51.125000000000000,11,77,119964,7643,0,0
1861,-108.875000000000000,51.125000000000000,-108.625000000000000,50.875000000000000,12,77,120608,7696,7,0.00090956340956341
1862,-108.875000000000000,50.875000000000000,-108.625000000000000,50.625000000000000,13,77,121250,7751,0,0
1863,-108.875000000000000,50.625000000000000,-108.625000000000000,50.375000000000000,14,77,121889,7804,1,0.000128139415684264
1864,-108.875000000000000,50.375000000000000,-108.625000000000000,50.125000000000000,15,77,122526,7862,0,0
1865,-108.875000000000000,50.125000000000000,-108.625000000000000,49.875000000000000,16,77,123161,7910,2,0.000252844500632111
1866,-108.875000000000000,49.875000000000000,-108.625000000000000,49.625000000000000,17,77,123793,7977,3,0.000376081233546446
1867,-108.875000000000000,49.625000000000000,-108.625000000000000,49.375000000000000,18,77,124423,8019,0,0
1868,-108.875000000000000,49.375000000000000,-108.625000000000000,49.125000000000000,19,77,125050,8084,0,0
1869,-108.875000000000000,49.125000000000000,-108.625000000000000,48.875000000000000,20,77,125675,4165,0,0
1870,-108.875000000000000,48.875000000000000,-108.625000000000000,48.625000000000000,21,77,126297,0,0,
1871,-108.875000000000000,48.625000000000000,-108.625000000000000,48.375000000000000,22,77,126917,0,0,
1872,-108.875000000000000,48.375000000000000,-108.625000000000000,48.125000000000000,23,77,127534,0,0,
1873,-108.625000000000000,54.125000000000000,-108.375000000000000,53.875000000000000,0,78,112725,7062,0,0
1874,-108.625000000000000,53.875000000000000,-108.375000000000000,53.625000000000000,1,78,113394,7113,0,0
1875,-108.625000000000000,53.625000000000000,-108.375000000000000,53.375000000000000,2,78,114062,7167,0,0
1876,-108.625000000000000,53.375000000000000,-108.375000000000000,53.125000000000000,3,78,114727,7218,0,0
1877,-108.625000000000000,53.125000000000000,-108.375000000000000,52.875000000000000,4,78,115389,7267,0,0
1878,-108.625000000000000,52.875000000000000,-108.375000000000000,52.625000000000000,5,78,116050,7324,0,0
1879,-108.625000000000000,52.625000000000000,-108.375000000000000,52.375000000000000,6,78,116708,7375,0,0
1880,-108.625000000000000,52.375000000000000,-108.375000000000000,52.125000000000000,7,78,117364,7428,0,0
1881,-108.625000000000000,52.125000000000000,-108.375000000000000,51.875000000000000,8,78,118018,7482,0,0
1882,-108.625000000000000,51.875000000000000,-108.375000000000000,51.625000000000000,9,78,118669,7534,0,0
1883,-108.625000000000000,51.625000000000000,-108.375000000000000,51.375000000000000,10,78,119318,7588,0,0
1884,-108.625000000000000,51.375000000000000,-108.375000000000000,51.125000000000000,11,78,119964,7643,0,0
1885,-108.625000000000000,51.125000000000000,-108.375000000000000,50.875000000000000,12,78,120608,7694,7,0.000909799844034312
1886,-108.625000000000000,50.875000000000000,-108.375000000000000,50.625000000000000,13,78,121250,7753,4,0.000515929317683477
1887,-108.625000000000000,50.625000000000000,-108.375000000000000,50.375000000000000,14,78,121889,7804,2,0.000256278831368529
1888,-108.625000000000000,50.375000000000000,-108.375000000000000,50.125000000000000,15,78,122526,7860,0,0
1889,-108.625000000000000,50.125000000000000,-108.375000000000000,49.875000000000000,16,78,123161,7916,0,0
1890,-108.625000000000000,49.875000000000000,-108.375000000000000,49.625000000000000,17,78,123793,7967,0,0
1891,-108.625000000000000,49.625000000000000,-108.375000000000000,49.375000000000000,18,78,124423,8029,0,0
1892,-108.625000000000000,49.375000000000000,-108.375000000000000,49.125000000000000,19,78,125050,8080,0,0
1893,-108.625000000000000,49.125000000000000,-108.375000000000000,48.875000000000000,20,78,125675,4164,0,0
1894,-108.625000000000000,48.875000000000000,-108.375000000000000,48.625000000000000,21,78,126297,0,0,
1895,-108.625000000000000,48.625000000000000,-108.375000000000000,48.375000000000000,22,78,126917,0,0,
1896,-108.625000000000000,48.375000000000000,-108.375000000000000,48.125000000000000,23,78,127534,0,0,
1897,-108.375000000000000,54.125000000000000,-108.125000000000000,53.875000000000000,0,79,112725,7063,0,0
1898,-108.375000000000000,53.875000000000000,-108.125000000000000,53.625000000000000,1,79,113394,7112,0,0
1899,-108.375000000000000,53.625000000000000,-108.125000000000000,53.375000000000000,2,79,114062,7168,0,0
1900,-108.375000000000000,53.375000000000000,-108.125000000000000,53.125000000000000,3,79,114727,7216,0,0
1901,-108.375000000000000,53.125000000000000,-108.125000000000000,52.875000000000000,4,79,115389,7272,0,0
1902,-108.375000000000000,52.875000000000000,-108.125000000000000,52.625000000000000,5,79,116050,7324,0,0
1903,-108.375000000000000,52.625000000000000,-108.125000000000000,52.375000000000000,6,79,116708,7374,0,0
1904,-108.375000000000000,52.375000000000000,-108.125000000000000,52.125000000000000,7,79,117364,7426,0,0
1905,-108.375000000000000,52.125000000000000,-108.125000000000000,51.875000000000000,8,79,118018,7482,0,0
1906,-108.375000000000000,51.875000000000000,-108.125000000000000,51.625000000000000,9,79,118669,7534,0,0
1907,-108.375000000000000,51.625000000000000,-108.125000000000000,51.375000000000000,10,79,119318,7589,0,0
1908,-108.375000000000000,51.375000000000000,-108.125000000000000,51.125000000000000,11,79,119964,7642,0,0
1909,-108.375000000000000,51.125000000000000,-108.125000000000000,50.875000000000000,12,79,120608,7698,0,0
1910,-108.375000000000000,50.875000000000000,-108.125000000000000,50.625000000000000,13,79,121250,7751,0,0
1911,-108.375000000000000,50.625000000000000,-108.125000000000000,50.375000000000000,14,79,121889,7803,1,0.000128155837498398
1912,-108.375000000000000,50.375000000000000,-108.125000000000000,50.125000000000000,15,79,122526,7860,0,0
1913,-108.375000000000000,50.125000000000000,-108.125000000000000,49.875000000000000,16,79,123161,7915,0,0
1914,-108.375000000000000,49.875000000000000,-108.125000000000000,49.625000000000000,17,79,123793,7970,1,0.000125470514429109
1915,-108.375000000000000,49.625000000000000,-108.125000000000000,49.375000000000000,18,79,124423,8025,0,0
1916,-108.375000000000000,49.375000000000000,-108.125000000000000,49.125000000000000,19,79,125050,8081,0,0
1917,-108.375000000000000,49.125000000000000,-108.125000000000000,48.875000000000000,20,79,125675,4167,0,0
1918,-108.375000000000000,48.875000000000000,-108.125000000000000,48.625000000000000,21,79,126297,0,0,
1919,-108.375000000000000,48.625000000000000,-108.125000000000000,48.375000000000000,22,79,126917,0,0,
1920,-108.375000000000000,48.375000000000000,-108.125000000000000,48.125000000000000,23,79,127534,0,0,
1921,-108.125000000000000,54.125000000000000,-107.875000000000000,53.875000000000000,0,80,112725,7059,0,0
1922,-108.125000000000000,53.875000000000000,-107.875000000000000,53.625000000000000,1,80,113394,7115,0,0
1923,-108.125000000000000,53.625000000000000,-107.875000000000000,53.375000000000000,2,80,114062,7164,0,0
1924,-108.125000000000000,53.375000000000000,-107.875000000000000,53.125000000000000,3,80,114727,7219,0,0
1925,-108.125000000000000,53.125000000000000,-107.875000000000000,52.875000000000000,4,80,115389,7268,0,0
1926,-108.125000000000000,52.875000000000000,-107.875000000000000,52.625000000000000,5,80,116050,7323,0,0
1927,-108.125000000000000,52.625000000000000,-107.875000000000000,52.375000000000000,6,80,116708,7375,0,0
1928,-108.125000000000000,52.375000000000000,-107.875000000000000,52.125000000000000,7,80,117364,7429,0,0
1929,-108.125000000000000,52.125000000000000,-107.875000000000000,51.875000000000000,8,80,118018,7481,0,0
1930,-108.125000000000000,51.875000000000000,-107.875000000000000,51.625000000000000,9,80,118669,7535,0,0
1931,-108.125000000000000,51.625000000000000,-107.875000000000000,51.375000000000000,10,80,119318,7588,0,0
1932,-108.125000000000000,51.375000000000000,-107.875000000000000,51.125000000000000,11,80,119964,7642,0,0
1933,-108.125000000000000,51.125000000000000,-107.875000000000000,50.875000000000000,12,80,120608,7695,0,0
1934,-108.125000000000000,50.875000000000000,-107.875000000000000,50.625000000000000,13,80,121250,7750,1,0.000129032258064516
1935,-108.125000000000000,50.625000000000000,-107.875000000000000,50.375000000000000,14,80,121889,7806,0,0
1936,-108.125000000000000,50.375000000000000,-107.875000000000000,50.125000000000000,15,80,122526,7859,1,0.000127242651736862
1937,-108.125000000000000,50.125000000000000,-107.875000000000000,49.875000000000000,16,80,123161,7917,1,0.000126310471138057
1938,-108.125000000000000,49.875000000000000,-107.875000000000000,49.625000000000000,17,80,123793,7968,0,0
1939,-108.125000000000000,49.625000000000000,-107.875000000000000,49.375000000000000,18,80,124423,8028,0,0
1940,-108.125000000000000,49.375000000000000,-107.875000000000000,49.125000000000000,19,80,125050,8081,0,0
1941,-108.125000000000000,49.125000000000000,-107.875000000000000,48.875000000000000,20,80,125675,4164,0,0
1942,-108.125000000000000,48.875000000000000,-107.875000000000000,48.625000000000000,21,80,126297,0,0,
1943,-108.125000000000000,48.625000000000000,-107.875000000000000,48.375000000000000,22,80,126917,0,0,
1944,-108.125000000000000,48.375000000000000,-107.875000000000000,48.125000000000000,23,80,127534,0,0,
1945,-107.875000000000000,54.125000000000000,-107.625000000000000,53.875000000000000,0,81,112725,7060,0,0
1946,-107.875000000000000,53.875000000000000,-107.625000000000000,53.625000000000000,1,81,113394,7114,0,0
1947,-107.875000000000000,53.625000000000000,-107.625000000000000,53.375000000000000,2,81,114062,7166,0,0
1948,-107.875000000000000,53.375000000000000,-107.625000000000000,53.125000000000000,3,81,114727,7215,0,0
1949,-107.875000000000000,53.125000000000000,-107.625000000000000,52.875000000000000,4,81,115389,7272,0,0
1950,-107.875000000000000,52.875000000000000,-107.625000000000000,52.625000000000000,5,81,116050,7321,0,0
1951,-107.875000000000000,52.625000000000000,-107.625000000000000,52.375000000000000,6,81,116708,7374,0,0
1952,-107.875000000000000,52.375000000000000,-107.625000000000000,52.125000000000000,7,81,117364,7432,0,0
1953,-107.875000000000000,52.125000000000000,-107.625000000000000,51.875000000000000,8,81,118018,7478,0,0
1954,-107.875000000000000,51.875000000000000,-107.625000000000000,51.625000000000000,9,81,118669,7535,0,0
1955,-107.875000000000000,51.625000000000000,-107.625000000000000,51.375000000000000,10,81,119318,7590,0,0
1956,-107.875000000000000,51.375000000000000,-107.625000000000000,51.125000000000000,11,81,119964,7640,0,0
1957,-107.875000000000000,51.125000000000000,-107.625000000000000,50.875000000000000,12,81,120608,7700,0,0
1958,-107.875000000000000,50.875000000000000,-107.625000000000000,50.625000000000000,13,81,121250,7747,0,0
1959,-107.875000000000000,50.625000000000000,-107.625000000000000,50.375000000000000,14,81,121889,7807,0,0
1960,-107.875000000000000,50.375000000000000,-107.625000000000000,50.125000000000000,15,81,122526,7862,0,0
1961,-107.875000000000000,50.125000000000000,-107.625000000000000,49.875000000000000,16,81,123161,7911,0,0
1962,-107.875000000000000,49.875000000000000,-107.625000000000000,49.625000000000000,17,81,123793,7974,0,0
1963,-107.875000000000000,49.625000000000000,-107.625000000000000,49.375000000000000,18,81,124423,8022,0,0
1964,-107.875000000000000,49.375000000000000,-107.625000000000000,49.125000000000000,19,81,125050,8082,2,0.000247463499133878
1965,-107.875000000000000,49.125000000000000,-107.625000000000000,48.875000000000000,20,81,125675,4163,0,0
1966,-107.875000000000000,48.875000000000000,-107.625000000000000,48.625000000000000,21,81,126297,0,0,
1967,-107.875000000000000,48.625000000000000,-107.625000000000000,48.375000000000000,22,81,126917,0,0,
1968,-107.875000000000000,48.375000000000000,-107.625000000000000,48.125000000000000,23,81,127534,0,0,
1969,-107.625000000000000,54.125000000000000,-107.375000000000000,53.875000000000000,0,82,112725,7065,0,0
1970,-107.625000000000000,53.875000000000000,-107.375000000000000,53.625000000000000,1,82,113394,7109,0,0
1971,-107.625000000000000,53.625000000000000,-107.375000000000000,53.375000000000000,2,82,114062,7165,0,0
1972,-107.625000000000000,53.375000000000000,-107.375000000000000,53.125000000000000,3,82,114727,7222,0,0
1973,-107.625000000000000,53.125000000000000,-107.375000000000000,52.875000000000000,4,82,115389,7267,0,0
1974,-107.625000000000000,52.875000000000000,-107.375000000000000,52.625000000000000,5,82,116050,7327,0,0
1975,-107.625000000000000,52.625000000000000,-107.375000000000000,52.375000000000000,6,82,116708,7368,0,0
1976,-107.625000000000000,52.375000000000000,-107.375000000000000,52.125000000000000,7,82,117364,7427,0,0
1977,-107.625000000000000,52.125000000000000,-107.375000000000000,51.875000000000000,8,82,118018,7487,0,0
1978,-107.625000000000000,51.875000000000000,-107.375000000000000,51.625000000000000,9,82,118669,7529,0,0
1979,-107.625000000000000,51.625000000000000,-107.375000000000000,51.375000000000000,10,82,119318,7595,0,0
1980,-107.625000000000000,51.375000000000000,-107.375000000000000,51.125000000000000,11,82,119964,7636,0,0
1981,-107.625000000000000,51.125000000000000,-107.375000000000000,50.875000000000000,12,82,120608,7694,0,0
1982,-107.625000000000000,50.875000000000000,-107.375000000000000,50.625000000000000,13,82,121250,7757,0,0
1983,-107.625000000000000,50.625000000000000,-107.375000000000000,50.375000000000000,14,82,121889,7803,0,0
1984,-107.625000000000000,50.375000000000000,-107.375000000000000,50.125000000000000,15,82,122526,7863,0,0
1985,-107.625000000000000,50.125000000000000,-107.375000000000000,49.875000000000000,16,82,123161,7917,0,0
1986,-107.625000000000000,49.875000000000000,-107.375000000000000,49.625000000000000,17,82,123793,7963,1,0.000125580811252041
1987,-107.625000000000000,49.625000000000000,-107.375000000000000,49.375000000000000,18,82,124423,8026,0,0
1988,-107.625000000000000,49.375000000000000,-107.375000000000000,49.125000000000000,19,82,125050,8090,0,0
1989,-107.625000000000000,49.125000000000000,-107.375000000000000,48.875000000000000,20,82,125675,4161,5,0.00120163422254266
1990,-107.625000000000000,48.875000000000000,-107.375000000000000,48.625000000000000,21,82,126297,0,0,
1991,-107.625000000000000,48.625000000000000,-107.375000000000000,48.375000000000000,22,82,126917,0,0,
1992,-107.625000000000000,48.375000000000000,-107.375000000000000,48.125000000000000,23,82,127534,0,0,
1993,-107.375000000000000,54.125000000000000,-107.125000000000000,53.875000000000000,0,83,112725,7061,0,0
1994,-107.375000000000000,53.875000000000000,-107.125000000000000,53.625000000000000,1,83,113394,7116,0,0
1995,-107.375000000000000,53.625000000000000,-107.125000000000000,53.375000000000000,2,83,114062,7164,0,0
1996,-107.375000000000000,53.375000000000000,-107.125000000000000,53.125000000000000,3,83,114727,7220,0,0
1997,-107.375000000000000,53.125000000000000,-107.125000000000000,52.875000000000000,4,83,115389,7269,0,0
1998,-107.375000000000000,52.875000000000000,-107.125000000000000,52.625000000000000,5,83,116050,7322,0,0
1999,-107.375000000000000,52.625000000000000,-107.125000000000000,52.375000000000000,6,83,116708,7378,0,0
2000,-107.375000000000000,52.375000000000000,-107.125000000000000,52.125000000000000,7,83,117364,7427,0,0
2001,-107.375000000000000,52.125000000000000,-107.125000000000000,51.875000000000000,8,83,118018,7481,0,0
2002,-107.375000000000000,51.875000000000000,-107.125000000000000,51.625000000000000,9,83,118669,7533,0,0
2003,-107.375000000000000,51.625000000000000,-107.125000000000000,51.375000000000000,10,83,119318,7586,0,0
2004,-107.375000000000000,51.375000000000000,-107.125000000000000,51.125000000000000,11,83,119964,7644,0,0
2005,-107.375000000000000,51.125000000000000,-107.125000000000000,50.875000000000000,12,83,120608,7695,0,0
2006,-107.375000000000000,50.875000000000000,-107.125000000000000,50.625000000000000,13,83,121250,7753,0,0
2007,-107.375000000000000,50.625000000000000,-107.125000000000000,50.375000000000000,14,83,121889,7805,0,0
2008,-107.375000000000000,50.375000000000000,-107.125000000000000,50.125000000000000,15,83,122526,7860,2,0.000254452926208651
2009,-107.375000000000000,50.125000000000000,-107.125000000000000,49.875000000000000,16,83,123161,7916,2,0.000252652854977261
2010,-107.375000000000000,49.875000000000000,-107.125000000000000,49.625000000000000,17,83,123793,7969,0,0
2011,-107.375000000000000,49.625000000000000,-107.125000000000000,49.375000000000000,18,83,124423,8028,0,0
2012,-107.375000000000000,49.375000000000000,-107.125000000000000,49.125000000000000,19,83,125050,8078,0,0
2013,-107.375000000000000,49.125000000000000,-107.125000000000000,48.875000000000000,20,83,125675,4167,0,0
2014,-107.375000000000000,48.875000000000000,-107.125000000000000,48.625000000000000,21,83,126297,0,0,
2015,-107.375000000000000,48.625000000000000,-107.125000000000000,48.375000000000000,22,83,126917,0,0,
2016,-107.375000000000000,48.375000000000000,-107.125000000000000,48.125000000000000,23,83,127534,0,0,
2017,-107.125000000000000,54.125000000000000,-106.875000000000000,53.875000000000000,0,84,112725,7061,0,0
2018,-107.125000000000000,53.875000000000000,-106.875000000000000,53.625000000000000,1,84,113394,7113,0,0
2019,-107.125000000000000,53.625000000000000,-106.875000000000000,53.375000000000000,2,84,114062,7165,0,0
2020,-107.125000000000000,53.375000000000000,-106.875000000000000,53.125000000000000,3,84,114727,7218,0,0
2021,-107.125000000000000,53.125000000000000,-106.875000000000000,52.875000000000000,4,84,115389,7268,0,0
2022,-107.125000000000000,52.875000000000000,-106.875000000000000,52.625000000000000,5,84,116050,7323,0,0
2023,-107.125000000000000,52.625000000000000,-106.875000000000000,52.375000000000000,6,84,116708,7375,0,0
2024,-107.125000000000000,52.375000000000000,-106.875000000000000,52.125000000000000,7,84,117364,7429,0,0
2025,-107.125000000000000,52.125000000000000,-106.875000000000000,51.875000000000000,8,84,118018,7482,0,0
2026,-107.125000000000000,51.875000000000000,-106.875000000000000,51.625000000000000,9,84,118669,7536,0,0
2027,-107.125000000000000,51.625000000000000,-106.875000000000000,51.375000000000000,10,84,119318,7590,0,0
2028,-107.125000000000000,51.375000000000000,-106.875000000000000,51.125000000000000,11,84,119964,7643,0,0
2029,-107.125000000000000,51.125000000000000,-106.875000000000000,50.875000000000000,12,84,120608,7696,0,0
2030,-107.125000000000000,50.875000000000000,-106.875000000000000,50.625000000000000,13,84,121250,7749,1,0.000129048909536714
2031,-107.125000000000000,50.625000000000000,-106.875000000000000,50.375000000000000,14,84,121889,7803,0,0
2032,-107.125000000000000,50.375000000000000,-106.875000000000000,50.125000000000000,15,84,122526,7859,0,0
2033,-107.125000000000000,50.125000000000000,-106.875000000000000,49.875000000000000,16,84,123161,7915,1,0.000126342387871131
2034,-107.125000000000000,49.875000000000000,-106.875000000000000,49.625000000000000,17,84,123793,7970,0,0
2035,-107.125000000000000,49.625000000000000,-106.875000000000000,49.375000000000000,18,84,124423,8025,0,0
2036,-107.125000000000000,49.375000000000000,-106.875000000000000,49.125000000000000,19,84,125050,8081,0,0
2037,-107.125000000000000,49.125000000000000,-106.875000000000000,48.875000000000000,20,84,125675,4165,0,0
2038,-107.125000000000000,48.875000000000000,-106.875000000000000,48.625000000000000,21,84,126297,0,0,
2039,-107.125000000000000,48.625000000000000,-106.875000000000000,48.375000000000000,22,84,126917,0,0,
2040,-107.125000000000000,48.375000000000000,-106.875000000000000,48.125000000000000,23,84,127534,0,0,
2041,-106.875000000000000,54.125000000000000,-106.625000000000000,53.875000000000000,0,85,112725,7062,0,0
2042,-106.875000000000000,53.875000000000000,-106.625000000000000,53.625000000000000,1,85,113394,7115,0,0
2043,-106.875000000000000,53.625000000000000,-106.625000000000000,53.375000000000000,2,85,114062,7165,0,0
2044,-106.875000000000000,53.375000000000000,-106.625000000000000,53.125000000000000,3,85,114727,7217,0,0
2045,-106.875000000000000,53.125000000000000,-106.625000000000000,52.875000000000000,4,85,115389,7270,0,0
2046,-106.875000000000000,52.875000000000000,-106.625000000000000,52.625000000000000,5,85,116050,7323,0,0
2047,-106.875000000000000,52.625000000000000,-106.625000000000000,52.375000000000000,6,85,116708,7375,0,0
2048,-106.875000000000000,52.375000000000000,-106.625000000000000,52.125000000000000,7,85,117364,7428,1,0.000134625740441572
2049,-106.875000000000000,52.125000000000000,-106.625000000000000,51.875000000000000,8,85,118018,7479,0,0
2050,-106.875000000000000,51.875000000000000,-106.625000000000000,51.625000000000000,9,85,118669,7534,0,0
2051,-106.875000000000000,51.625000000000000,-106.625000000000000,51.375000000000000,10,85,119318,7589,0,0
2052,-106.875000000000000,51.375000000000000,-106.625000000000000,51.125000000000000,11,85,119964,7643,0,0
2053,-106.875000000000000,51.125000000000000,-106.625000000000000,50.875000000000000,12,85,120608,7696,0,0
2054,-106.875000000000000,50.875000000000000,-106.625000000000000,50.625000000000000,13,85,121250,7751,0,0
2055,-106.875000000000000,50.625000000000000,-106.625000000000000,50.375000000000000,14,85,121889,7805,0,0
2056,-106.875000000000000,50.375000000000000,-106.625000000000000,50.125000000000000,15,85,122526,7858,0,0
2057,-106.875000000000000,50.125000000000000,-106.625000000000000,49.875000000000000,16,85,123161,7916,1,0.000126326427488631
2058,-106.875000000000000,49.875000000000000,-106.625000000000000,49.625000000000000,17,85,123793,7970,0,0
2059,-106.875000000000000,49.625000000000000,-106.625000000000000,49.375000000000000,18,85,124423,8027,0,0
2060,-106.875000000000000,49.375000000000000,-106.625000000000000,49.125000000000000,19,85,125050,8081,0,0
2061,-106.875000000000000,49.125000000000000,-106.625000000000000,48.875000000000000,20,85,125675,4167,0,0
2062,-106.875000000000000,48.875000000000000,-106.625000000000000,48.625000000000000,21,85,126297,0,0,
2063,-106.875000000000000,48.625000000000000,-106.625000000000000,48.375000000000000,22,85,126917,0,0,
2064,-106.875000000000000,48.375000000000000,-106.625000000000000,48.125000000000000,23,85,127534,0,0,
2065,-106.625000000000000,54.125000000000000,-106.375000000000000,53.875000000000000,0,86,112725,7061,0,0
2066,-106.625000000000000,53.875000000000000,-106.375000000000000,53.625000000000000,1,86,113394,7113,0,0
2067,-106.625000000000000,53.625000000000000,-106.375000000000000,53.375000000000000,2,86,114062,7165,0,0
2068,-106.625000000000000,53.375000000000000,-106.375000000000000,53.125000000000000,3,86,114727,7219,0,0
2069,-106.625000000000000,53.125000000000000,-106.375000000000000,52.875000000000000,4,86,115389,7267,0,0
2070,-106.625000000000000,52.875000000000000,-106.375000000000000,52.625000000000000,5,86,116050,7324,0,0
2071,-106.625000000000000,52.625000000000000,-106.375000000000000,52.375000000000000,6,86,116708,7375,0,0
2072,-106.625000000000000,52.375000000000000,-106.375000000000000,52.125000000000000,7,86,117364,7429,0,0
2073,-106.625000000000000,52.125000000000000,-106.375000000000000,51.875000000000000,8,86,118018,7479,0,0
2074,-106.625000000000000,51.875000000000000,-106.375000000000000,51.625000000000000,9,86,118669,7536,0,0
2075,-106.625000000000000,51.625000000000000,-106.375000000000000,51.375000000000000,10,86,119318,7590,0,0
2076,-106.625000000000000,51.375000000000000,-106.375000000000000,51.125000000000000,11,86,119964,7641,0,0
2077,-106.625000000000000,51.125000000000000,-106.375000000000000,50.875000000000000,12,86,120608,7696,0,0
2078,-106.625000000000000,50.875000000000000,-106.375000000000000,50.625000000000000,13,86,121250,7750,0,0
2079,-106.625000000000000,50.625000000000000,-106.375000000000000,50.375000000000000,14,86,121889,7807,0,0
2080,-106.625000000000000,50.375000000000000,-106.375000000000000,50.125000000000000,15,86,122526,7861,0,0
2081,-106.625000000000000,50.125000000000000,-106.375000000000000,49.875000000000000,16,86,123161,7913,0,0
2082,-106.625000000000000,49.875000000000000,-106.375000000000000,49.625000000000000,17,86,123793,7971,2,0.000250909547108267
2083,-106.625000000000000,49.625000000000000,-106.375000000000000,49.375000000000000,18,86,124423,8025,0,0
2084,-106.625000000000000,49.375000000000000,-106.375000000000000,49.125000000000000,19,86,125050,8081,0,0
2085,-106.625000000000000,49.125000000000000,-106.375000000000000,48.875000000000000,20,86,125675,4167,0,0
2086,-106.625000000000000,48.875000000000000,-106.375000000000000,48.625000000000000,21,86,126297,0,0,
2087,-106.625000000000000,48.625000000000000,-106.375000000000000,48.375000000000000,22,86,126917,0,0,
2088,-106.625000000000000,48.375000000000000,-106.375000000000000,48.125000000000000,23,86,127534,0,0,
2089,-106.375000000000000,54.125000000000000,-106.125000000000000,53.875000000000000,0,87,112725,7063,0,0
2090,-106.375000000000000,53.875000000000000,-106.125000000000000,53.625000000000000,1,87,113394,7112,0,0
2091,-106.375000000000000,53.625000000000000,-106.125000000000000,53.375000000000000,2,87,114062,7167,0,0
2092,-106.375000000000000,53.375000000000000,-106.125000000000000,53.125000000000000,3,87,114727,7216,0,0
2093,-106.375000000000000,53.125000000000000,-106.125000000000000,52.875000000000000,4,87,115389,7270,0,0
2094,-106.375000000000000,52.875000000000000,-106.125000000000000,52.625000000000000,5,87,116050,7322,0,0
2095,-106.375000000000000,52.625000000000000,-106.125000000000000,52.375000000000000,6,87,116708,7375,0,0
2096,-106.375000000000000,52.375000000000000,-106.125000000000000,52.125000000000000,7,87,117364,7429,0,0
2097,-106.375000000000000,52.125000000000000,-106.125000000000000,51.875000000000000,8,87,118018,7481,0,0
2098,-106.375000000000000,51.875000000000000,-106.125000000000000,51.625000000000000,9,87,118669,7537,0,0
2099,-106.375000000000000,51.625000000000000,-106.125000000000000,51.375000000000000,10,87,119318,7586,0,0
2100,-106.375000000000000,51.375000000000000,-106.125000000000000,51.125000000000000,11,87,119964,7644,0,0
2101,-106.375000000000000,51.125000000000000,-106.125000000000000,50.875000000000000,12,87,120608,7695,0,0
2102,-106.375000000000000,50.875000000000000,-106.125000000000000,50.625000000000000,13,87,121250,7750,0,0
2103,-106.375000000000000,50.625000000000000,-106.125000000000000,50.375000000000000,14,87,121889,7805,0,0
2104,-106.375000000000000,50.375000000000000,-106.125000000000000,50.125000000000000,15,87,122526,7859,0,0
2105,-106.375000000000000,50.125000000000000,-106.125000000000000,49.875000000000000,16,87,123161,7917,0,0
2106,-106.375000000000000,49.875000000000000,-106.125000000000000,49.625000000000000,17,87,123793,7968,0,0
2107,-106.375000000000000,49.625000000000000,-106.125000000000000,49.375000000000000,18,87,124423,8028,0,0
2108,-106.375000000000000,49.375000000000000,-106.125000000000000,49.125000000000000,19,87,125050,8079,0,0
2109,-106.375000000000000,49.125000000000000,-106.125000000000000,48.875000000000000,20,87,125675,4166,0,0
2110,-106.375000000000000,48.875000000000000,-106.125000000000000,48.625000000000000,21,87,126297,0,0,
2111,-106.375000000000000,48.625000000000000,-106.125000000000000,48.375000000000000,22,87,126917,0,0,
2112,-106.375000000000000,48.375000000000000,-106.125000000000000,48.125000000000000,23,87,127534,0,0,
2113,-106.125000000000000,54.125000000000000,-105.875000000000000,53.875000000000000,0,88,112725,7062,0,0
2114,-106.125000000000000,53.875000000000000,-105.875000000000000,53.625000000000000,1,88,113394,7113,0,0
2115,-106.125000000000000,53.625000000000000,-105.875000000000000,53.375000000000000,2,88,114062,7164,0,0
2116,-106.125000000000000,53.375000000000000,-105.875000000000000,53.125000000000000,3,88,114727,7220,0,0
2117,-106.125000000000000,53.125000000000000,-105.875000000000000,52.875000000000000,4,88,115389,7270,0,0
2118,-106.125000000000000,52.875000000000000,-105.875000000000000,52.625000000000000,5,88,116050,7323,0,0
2119,-106.125000000000000,52.625000000000000,-105.875000000000000,52.375000000000000,6,88,116708,7375,0,0
2120,-106.125000000000000,52.375000000000000,-105.875000000000000,52.125000000000000,7,88,117364,7428,0,0
2121,-106.125000000000000,52.125000000000000,-105.875000000000000,51.875000000000000,8,88,118018,7483,0,0
2122,-106.125000000000000,51.875000000000000,-105.875000000000000,51.625000000000000,9,88,118669,7532,0,0
2123,-106.125000000000000,51.625000000000000,-105.875000000000000,51.375000000000000,10,88,119318,7590,0,0
2124,-106.125000000000000,51.375000000000000,-105.875000000000000,51.125000000000000,11,88,119964,7641,0,0
2125,-106.125000000000000,51.125000000000000,-105.875000000000000,50.875000000000000,12,88,120608,7697,0,0
2126,-106.125000000000000,50.875000000000000,-105.875000000000000,50.625000000000000,13,88,121250,7751,0,0
2127,-106.125000000000000,50.625000000000000,-105.875000000000000,50.375000000000000,14,88,121889,7804,0,0
2128,-106.125000000000000,50.375000000000000,-105.875000000000000,50.125000000000000,15,88,122526,7861,0,0
2129,-106.125000000000000,50.125000000000000,-105.875000000000000,49.875000000000000,16,88,123161,7914,0,0
2130,-106.125000000000000,49.875000000000000,-105.875000000000000,49.625000000000000,17,88,123793,7971,0,0
2131,-106.125000000000000,49.625000000000000,-105.875000000000000,49.375000000000000,18,88,124423,8024,0,0
2132,-106.125000000000000,49.375000000000000,-105.875000000000000,49.125000000000000,19,88,125050,8082,1,0.000123731749566939
2133,-106.125000000000000,49.125000000000000,-105.875000000000000,48.875000000000000,20,88,125675,4166,2,0.000480076812289966
2134,-106.125000000000000,48.875000000000000,-105.875000000000000,48.625000000000000,21,88,126297,0,0,
2135,-106.125000000000000,48.625000000000000,-105.875000000000000,48.375000000000000,22,88,126917,0,0,
2136,-106.125000000000000,48.375000000000000,-105.875000000000000,48.125000000000000,23,88,127534,0,0,
2137,-105.875000000000000,54.125000000000000,-105.625000000000000,53.875000000000000,0,89,112725,7059,0,0
2138,-105.875000000000000,53.875000000000000,-105.625000000000000,53.625000000000000,1,89,113394,7114,0,0
2139,-105.875000000000000,53.625000000000000,-105.625000000000000,53.375000000000000,2,89,114062,7166,0,0
2140,-105.875000000000000,53.375000000000000,-105.625000000000000,53.125000000000000,3,89,114727,7218,0,0
2141,-105.875000000000000,53.125000000000000,-105.625000000000000,52.875000000000000,4,89,115389,7268,0,0
2142,-105.875000000000000,52.875000000000000,-105.625000000000000,52.625000000000000,5,89,116050,7323,0,0
2143,-105.875000000000000,52.625000000000000,-105.625000000000000,52.375000000000000,6,89,116708,7375,0,0
2144,-105.875000000000000,52.375000000000000,-105.625000000000000,52.125000000000000,7,89,117364,7428,0,0
2145,-105.875000000000000,52.125000000000000,-105.625000000000000,51.875000000000000,8,89,118018,7481,0,0
2146,-105.875000000000000,51.875000000000000,-105.625000000000000,51.625000000000000,9,89,118669,7533,0,0
2147,-105.875000000000000,51.625000000000000,-105.625000000000000,51.375000000000000,10,89,119318,7593,0,0
2148,-105.875000000000000,51.375000000000000,-105.625000000000000,51.125000000000000,11,89,119964,7639,0,0
2149,-105.875000000000000,51.125000000000000,-105.625000000000000,50.875000000000000,12,89,120608,7697,0,0
2150,-105.875000000000000,50.875000000000000,-105.625000000000000,50.625000000000000,13,89,121250,7750,0,0
2151,-105.875000000000000,50.625000000000000,-105.625000000000000,50.375000000000000,14,89,121889,7806,0,0
2152,-105.875000000000000,50.375000000000000,-105.625000000000000,50.125000000000000,15,89,122526,7860,0,0
2153,-105.875000000000000,50.125000000000000,-105.625000000000000,49.875000000000000,16,89,123161,7915,0,0
2154,-105.875000000000000,49.875000000000000,-105.625000000000000,49.625000000000000,17,89,123793,7970,0,0
2155,-105.875000000000000,49.625000000000000,-105.625000000000000,49.375000000000000,18,89,124423,8027,0,0
2156,-105.875000000000000,49.375000000000000,-105.625000000000000,49.125000000000000,19,89,125050,8081,0,0
2157,-105.875000000000000,49.125000000000000,-105.625000000000000,48.875000000000000,20,89,125675,4167,0,0
2158,-105.875000000000000,48.875000000000000,-105.625000000000000,48.625000000000000,21,89,126297,0,0,
2159,-105.875000000000000,48.625000000000000,-105.625000000000000,48.375000000000000,22,89,126917,0,0,
2160,-105.875000000000000,48.375000000000000,-105.625000000000000,48.125000000000000,23,89,127534,0,0,
2161,-105.625000000000000,54.125000000000000,-105.375000000000000,53.875000000000000,0,90,112725,7066,0,0
2162,-105.625000000000000,53.875000000000000,-105.375000000000000,53.625000000000000,1,90,113394,7121,0,0
2163,-105.625000000000000,53.625000000000000,-105.375000000000000,53.375000000000000,2,90,114062,7164,0,0
2164,-105.625000000000000,53.375000000000000,-105.375000000000000,53.125000000000000,3,90,114727,7216,0,0
2165,-105.625000000000000,53.125000000000000,-105.375000000000000,52.875000000000000,4,90,115389,7273,0,0
2166,-105.625000000000000,52.875000000000000,-105.375000000000000,52.625000000000000,5,90,116050,7320,0,0
2167,-105.625000000000000,52.625000000000000,-105.375000000000000,52.375000000000000,6,90,116708,7368,0,0
2168,-105.625000000000000,52.375000000000000,-105.375000000000000,52.125000000000000,7,90,117364,7436,0,0
2169,-105.625000000000000,52.125000000000000,-105.375000000000000,51.875000000000000,8,90,118018,7477,0,0
2170,-105.625000000000000,51.875000000000000,-105.375000000000000,51.625000000000000,9,90,118669,7532,0,0
2171,-105.625000000000000,51.625000000000000,-105.375000000000000,51.375000000000000,10,90,119318,7587,0,0
2172,-105.625000000000000,51.375000000000000,-105.375000000000000,51.125000000000000,11,90,119964,7642,0,0
2173,-105.625000000000000,51.125000000000000,-105.375000000000000,50.875000000000000,12,90,120608,7699,0,0
2174,-105.625000000000000,50.875000000000000,-105.375000000000000,50.625000000000000,13,90,121250,7745,0,0
2175,-105.625000000000000,50.625000000000000,-105.375000000000000,50.375000000000000,14,90,121889,7807,0,0
2176,-105.625000000000000,50.375000000000000,-105.375000000000000,50.125000000000000,15,90,122526,7867,0,0
2177,-105.625000000000000,50.125000000000000,-105.375000000000000,49.875000000000000,16,90,123161,7914,0,0
2178,-105.625000000000000,49.875000000000000,-105.375000000000000,49.625000000000000,17,90,123793,7967,0,0
2179,-105.625000000000000,49.625000000000000,-105.375000000000000,49.375000000000000,18,90,124423,8029,0,0
2180,-105.625000000000000,49.375000000000000,-105.375000000000000,49.125000000000000,19,90,125050,8085,0,0
2181,-105.625000000000000,49.125000000000000,-105.375000000000000,48.875000000000000,20,90,125675,4154,0,0
2182,-105.625000000000000,48.875000000000000,-105.375000000000000,48.625000000000000,21,90,126297,0,0,
2183,-105.625000000000000,48.625000000000000,-105.375000000000000,48.375000000000000,22,90,126917,0,0,
2184,-105.625000000000000,48.375000000000000,-105.375000000000000,48.125000000000000,23,90,127534,0,0,
2185,-105.375000000000000,54.125000000000000,-105.125000000000000,53.875000000000000,0,91,112725,7058,0,0
2186,-105.375000000000000,53.875000000000000,-105.125000000000000,53.625000000000000,1,91,113394,7114,0,0
2187,-105.375000000000000,53.625000000000000,-105.125000000000000,53.375000000000000,2,91,114062,7166,0,0
2188,-105.375000000000000,53.375000000000000,-105.125000000000000,53.125000000000000,3,91,114727,7217,0,0
2189,-105.375000000000000,53.125000000000000,-105.125000000000000,52.875000000000000,4,91,115389,7271,0,0
2190,-105.375000000000000,52.875000000000000,-105.125000000000000,52.625000000000000,5,91,116050,7323,0,0
2191,-105.375000000000000,52.625000000000000,-105.125000000000000,52.375000000000000,6,91,116708,7375,0,0
2192,-105.375000000000000,52.375000000000000,-105.125000000000000,52.125000000000000,7,91,117364,7428,0,0
2193,-105.375000000000000,52.125000000000000,-105.125000000000000,51.875000000000000,8,91,118018,7481,0,0
2194,-105.375000000000000,51.875000000000000,-105.125000000000000,51.625000000000000,9,91,118669,7534,0,0
2195,-105.375000000000000,51.625000000000000,-105.125000000000000,51.375000000000000,10,91,119318,7591,0,0
2196,-105.375000000000000,51.375000000000000,-105.125000000000000,51.125000000000000,11,91,119964,7640,0,0
2197,-105.375000000000000,51.125000000000000,-105.125000000000000,50.875000000000000,12,91,120608,7698,0,0
2198,-105.375000000000000,50.875000000000000,-105.125000000000000,50.625000000000000,13,91,121250,7750,0,0
2199,-105.375000000000000,50.625000000000000,-105.125000000000000,50.375000000000000,14,91,121889,7805,0,0
2200,-105.375000000000000,50.375000000000000,-105.125000000000000,50.125000000000000,15,91,122526,7858,0,0
2201,-105.375000000000000,50.125000000000000,-105.125000000000000,49.875000000000000,16,91,123161,7916,0,0
2202,-105.375000000000000,49.875000000000000,-105.125000000000000,49.625000000000000,17,91,123793,7970,0,0
2203,-105.375000000000000,49.625000000000000,-105.125000000000000,49.375000000000000,18,91,124423,8028,0,0
2204,-105.375000000000000,49.375000000000000,-105.125000000000000,49.125000000000000,19,91,125050,8078,0,0
2205,-105.375000000000000,49.125000000000000,-105.125000000000000,48.875000000000000,20,91,125675,4168,0,0
2206,-105.375000000000000,48.875000000000000,-105.125000000000000,48.625000000000000,21,91,126297,0,0,
2207,-105.375000000000000,48.625000000000000,-105.125000000000000,48.375000000000000,22,91,126917,0,0,
2208,-105.375000000000000,48.375000000000000,-105.125000000000000,48.125000000000000,23,91,127534,0,0,
2209,-105.125000000000000,54.125000000000000,-104.875000000000000,53.875000000000000,0,92,112725,7064,0,0
2210,-105.125000000000000,53.875000000000000,-104.875000000000000,53.625000000000000,1,92,113394,7113,0,0
2211,-105.125000000000000,53.625000000000000,-104.875000000000000,53.375000000000000,2,92,114062,7164,0,0
2212,-105.125000000000000,53.375000000000000,-104.875000000000000,53.125000000000000,3,92,114727,7218,0,0
2213,-105.125000000000000,53.125000000000000,-104.875000000000000,52.875000000000000,4,92,115389,7270,0,0
2214,-105.125000000000000,52.875000000000000,-104.875000000000000,52.625000000000000,5,92,116050,7322,0,0
2215,-105.125000000000000,52.625000000000000,-104.875000000000000,52.375000000000000,6,92,116708,7376,0,0
2216,-105.125000000000000,52.375000000000000,-104.875000000000000,52.125000000000000,7,92,117364,7428,0,0
2217,-105.125000000000000,52.125000000000000,-104.875000000000000,51.875000000000000,8,92,118018,7479,0,0
2218,-105.125000000000000,51.875000000000000,-104.875000000000000,51.625000000000000,9,92,118669,7537,0,0
2219,-105.125000000000000,51.625000000000000,-104.875000000000000,51.375000000000000,10,92,119318,7588,0,0
2220,-105.125000000000000,51.375000000000000,-104.875000000000000,51.125000000000000,11,92,119964,7643,0,0
2221,-105.125000000000000,51.125000000000000,-104.875000000000000,50.875000000000000,12,92,120608,7695,0,0
2222,-105.125000000000000,50.875000000000000,-104.875000000000000,50.625000000000000,13,92,121250,7752,0,0
2223,-105.125000000000000,50.625000000000000,-104.875000000000000,50.375000000000000,14,92,121889,7804,0,0
2224,-105.125000000000000,50.375000000000000,-104.875000000000000,50.125000000000000,15,92,122526,7860,0,0
2225,-105.125000000000000,50.125000000000000,-104.875000000000000,49.875000000000000,16,92,123161,7915,0,0
2226,-105.125000000000000,49.875000000000000,-104.875000000000000,49.625000000000000,17,92,123793,7970,0,0
2227,-105.125000000000000,49.625000000000000,-104.875000000000000,49.375000000000000,18,92,124423,8025,0,0
2228,-105.125000000000000,49.375000000000000,-104.875000000000000,49.125000000000000,19,92,125050,8084,0,0
2229,-105.125000000000000,49.125000000000000,-104.875000000000000,48.875000000000000,20,92,125675,4166,0,0
2230,-105.125000000000000,48.875000000000000,-104.875000000000000,48.625000000000000,21,92,126297,0,0,
2231,-105.125000000000000,48.625000000000000,-104.875000000000000,48.375000000000000,22,92,126917,0,0,
2232,-105.125000000000000,48.375000000000000,-104.875000000000000,48.125000000000000,23,92,127534,0,0,
2233,-104.875000000000000,54.125000000000000,-104.625000000000000,53.875000000000000,0,93,112725,7060,0,0
2234,-104.875000000000000,53.875000000000000,-104.625000000000000,53.625000000000000,1,93,113394,7115,0,0
2235,-104.875000000000000,53.625000000000000,-104.625000000000000,53.375000000000000,2,93,114062,7166,0,0
2236,-104.875000000000000,53.375000000000000,-104.625000000000000,53.125000000000000,3,93,114727,7218,0,0
2237,-104.875000000000000,53.125000000000000,-104.625000000000000,52.875000000000000,4,93,115389,7268,0,0
2238,-104.875000000000000,52.875000000000000,-104.625000000000000,52.625000000000000,5,93,116050,7323,0,0
2239,-104.875000000000000,52.625000000000000,-104.625000000000000,52.375000000000000,6,93,116708,7374,0,0
2240,-104.875000000000000,52.375000000000000,-104.625000000000000,52.125000000000000,7,93,117364,7428,0,0
2241,-104.875000000000000,52.125000000000000,-104.625000000000000,51.875000000000000,8,93,118018,7484,0,0
2242,-104.875000000000000,51.875000000000000,-104.625000000000000,51.625000000000000,9,93,118669,7534,0,0
2243,-104.875000000000000,51.625000000000000,-104.625000000000000,51.375000000000000,10,93,119318,7588,0,0
2244,-104.875000000000000,51.375000000000000,-104.625000000000000,51.125000000000000,11,93,119964,7641,0,0
2245,-104.875000000000000,51.125000000000000,-104.625000000000000,50.875000000000000,12,93,120608,7697,0,0
2246,-104.875000000000000,50.875000000000000,-104.625000000000000,50.625000000000000,13,93,121250,7750,0,0
2247,-104.875000000000000,50.625000000000000,-104.625000000000000,50.375000000000000,14,93,121889,7806,0,0
2248,-104.875000000000000,50.375000000000000,-104.625000000000000,50.125000000000000,15,93,122526,7859,0,0
2249,-104.875000000000000,50.125000000000000,-104.625000000000000,49.875000000000000,16,93,123161,7915,0,0
2250,-104.875000000000000,49.875000000000000,-104.625000000000000,49.625000000000000,17,93,123793,7969,0,0
2251,-104.875000000000000,49.625000000000000,-104.625000000000000,49.375000000000000,18,93,124423,8025,0,0
2252,-104.875000000000000,49.375000000000000,-104.625000000000000,49.125000000000000,19,93,125050,8083,0,0
2253,-104.875000000000000,49.125000000000000,-104.625000000000000,48.875000000000000,20,93,125675,4167,0,0
2254,-104.875000000000000,48.875000000000000,-104.625000000000000,48.625000000000000,21,93,126297,0,0,
2255,-104.875000000000000,48.625000000000000,-104.625000000000000,48.375000000000000,22,93,126917,0,0,
2256,-104.875000000000000,48.375000000000000,-104.625000000000000,48.125000000000000,23,93,127534,0,0,
2257,-104.625000000000000,54.125000000000000,-104.375000000000000,53.875000000000000,0,94,112725,7063,0,0
2258,-104.625000000000000,53.875000000000000,-104.375000000000000,53.625000000000000,1,94,113394,7113,0,0
2259,-104.625000000000000,53.625000000000000,-104.375000000000000,53.375000000000000,2,94,114062,7166,0,0
2260,-104.625000000000000,53.375000000000000,-104.375000000000000,53.125000000000000,3,94,114727,7217,0,0
2261,-104.625000000000000,53.125000000000000,-104.375000000000000,52.875000000000000,4,94,115389,7271,0,0
2262,-104.625000000000000,52.875000000000000,-104.375000000000000,52.625000000000000,5,94,116050,7322,0,0
2263,-104.625000000000000,52.625000000000000,-104.375000000000000,52.375000000000000,6,94,116708,7374,0,0
2264,-104.625000000000000,52.375000000000000,-104.375000000000000,52.125000000000000,7,94,117364,7429,0,0
2265,-104.625000000000000,52.125000000000000,-104.375000000000000,51.875000000000000,8,94,118018,7479,0,0
2266,-104.625000000000000,51.875000000000000,-104.375000000000000,51.625000000000000,9,94,118669,7537,0,0
2267,-104.625000000000000,51.625000000000000,-104.375000000000000,51.375000000000000,10,94,119318,7589,0,0
2268,-104.625000000000000,51.375000000000000,-104.375000000000000,51.125000000000000,11,94,119964,7640,0,0
2269,-104.625000000000000,51.125000000000000,-104.375000000000000,50.875000000000000,12,94,120608,7698,0,0
2270,-104.625000000000000,50.875000000000000,-104.375000000000000,50.625000000000000,13,94,121250,7751,0,0
2271,-104.625000000000000,50.625000000000000,-104.375000000000000,50.375000000000000,14,94,121889,7803,0,0
2272,-104.625000000000000,50.375000000000000,-104.375000000000000,50.125000000000000,15,94,122526,7862,0,0
2273,-104.625000000000000,50.125000000000000,-104.375000000000000,49.875000000000000,16,94,123161,7913,0,0
2274,-104.625000000000000,49.875000000000000,-104.375000000000000,49.625000000000000,17,94,123793,7970,0,0
2275,-104.625000000000000,49.625000000000000,-104.375000000000000,49.375000000000000,18,94,124423,8027,0,0
2276,-104.625000000000000,49.375000000000000,-104.375000000000000,49.125000000000000,19,94,125050,8080,0,0
2277,-104.625000000000000,49.125000000000000,-104.375000000000000,48.875000000000000,20,94,125675,4166,0,0
2278,-104.625000000000000,48.875000000000000,-104.375000000000000,48.625000000000000,21,94,126297,0,0,
2279,-104.625000000000000,48.625000000000000,-104.375000000000000,48.375000000000000,22,94,126917,0,0,
2280,-104.625000000000000,48.375000000000000,-104.375000000000000,48.125000000000000,23,94,127534,0,0,
2281,-104.375000000000000,54.125000000000000,-104.125000000000000,53.875000000000000,0,95,112725,7062,0,0
2282,-104.375000000000000,53.875000000000000,-104.125000000000000,53.625000000000000,1,95,113394,7113,0,0
2283,-104.375000000000000,53.625000000000000,-104.125000000000000,53.375000000000000,2,95,114062,7165,0,0
2284,-104.375000000000000,53.375000000000000,-104.125000000000000,53.125000000000000,3,95,114727,7218,0,0
2285,-104.375000000000000,53.125000000000000,-104.125000000000000,52.875000000000000,4,95,115389,7270,0,0
2286,-104.375000000000000,52.875000000000000,-104.125000000000000,52.625000000000000,5,95,116050,7324,0,0
2287,-104.375000000000000,52.625000000000000,-104.125000000000000,52.375000000000000,6,95,116708,7374,0,0
2288,-104.375000000000000,52.375000000000000,-104.125000000000000,52.125000000000000,7,95,117364,7429,0,0
2289,-104.375000000000000,52.125000000000000,-104.125000000000000,51.875000000000000,8,95,118018,7483,0,0
2290,-104.375000000000000,51.875000000000000,-104.125000000000000,51.625000000000000,9,95,118669,7534,0,0
2291,-104.375000000000000,51.625000000000000,-104.125000000000000,51.375000000000000,10,95,119318,7586,0,0
2292,-104.375000000000000,51.375000000000000,-104.125000000000000,51.125000000000000,11,95,119964,7642,0,0
2293,-104.375000000000000,51.125000000000000,-104.125000000000000,50.875000000000000,12,95,120608,7698,0,0
2294,-104.375000000000000,50.875000000000000,-104.125000000000000,50.625000000000000,13,95,121250,7751,0,0
2295,-104.375000000000000,50.625000000000000,-104.125000000000000,50.375000000000000,14,95,121889,7806,0,0
2296,-104.375000000000000,50.375000000000000,-104.125000000000000,50.125000000000000,15,95,122526,7857,0,0
2297,-104.375000000000000,50.125000000000000,-104.125000000000000,49.875000000000000,16,95,123161,7918,0,0
2298,-104.375000000000000,49.875000000000000,-104.125000000000000,49.625000000000000,17,95,123793,7969,0,0
2299,-104.375000000000000,49.625000000000000,-104.125000000000000,49.375000000000000,18,95,124423,8024,0,0
2300,-104.375000000000000,49.375000000000000,-104.125000000000000,49.125000000000000,19,95,125050,8082,0,0
2301,-104.375000000000000,49.125000000000000,-104.125000000000000,48.875000000000000,20,95,125675,4168,0,0
2302,-104.375000000000000,48.875000000000000,-104.125000000000000,48.625000000000000,21,95,126297,0,0,
2303,-104.375000000000000,48.625000000000000,-104.125000000000000,48.375000000000000,22,95,126917,0,0,
2304,-104.375000000000000,48.375000000000000,-104.125000000000000,48.125000000000000,23,95,127534,0,0,
2305,-104.125000000000000,54.125000000000000,-103.875000000000000,53.875000000000000,0,96,112725,7061,0,0
2306,-104.125000000000000,53.875000000000000,-103.875000000000000,53.625000000000000,1,96,113394,7112,0,0
2307,-104.125000000000000,53.625000000000000,-103.875000000000000,53.375000000000000,2,96,114062,7169,0,0
2308,-104.125000000000000,53.375000000000000,-103.875000000000000,53.125000000000000,3,96,114727,7209,0,0
2309,-104.125000000000000,53.125000000000000,-103.875000000000000,52.875000000000000,4,96,115389,7274,0,0
2310,-104.125000000000000,52.875000000000000,-103.875000000000000,52.625000000000000,5,96,116050,7318,0,0
2311,-104.125000000000000,52.625000000000000,-103.875000000000000,52.375000000000000,6,96,116708,7383,0,0
2312,-104.125000000000000,52.375000000000000,-103.875000000000000,52.125000000000000,7,96,117364,7427,0,0
2313,-104.125000000000000,52.125000000000000,-103.875000000000000,51.875000000000000,8,96,118018,7478,0,0
2314,-104.125000000000000,51.875000000000000,-103.875000000000000,51.625000000000000,9,96,118669,7533,0,0
2315,-104.125000000000000,51.625000000000000,-103.875000000000000,51.375000000000000,10,96,119318,7593,0,0
2316,-104.125000000000000,51.375000000000000,-103.875000000000000,51.125000000000000,11,96,119964,7640,0,0
2317,-104.125000000000000,51.125000000000000,-103.875000000000000,50.875000000000000,12,96,120608,7697,0,0
2318,-104.125000000000000,50.875000000000000,-103.875000000000000,50.625000000000000,13,96,121250,7752,0,0
2319,-104.125000000000000,50.625000000000000,-103.875000000000000,50.375000000000000,14,96,121889,7804,0,0
2320,-104.125000000000000,50.375000000000000,-103.875000000000000,50.125000000000000,15,96,122526,7862,0,0
2321,-104.125000000000000,50.125000000000000,-103.875000000000000,49.875000000000000,16,96,123161,7908,0,0
2322,-104.125000000000000,49.875000000000000,-103.875000000000000,49.625000000000000,17,96,123793,7972,0,0
2323,-104.125000000000000,49.625000000000000,-103.875000000000000,49.375000000000000,18,96,124423,8023,0,0
2324,-104.125000000000000,49.375000000000000,-103.875000000000000,49.125000000000000,19,96,125050,8086,0,0
2325,-104.125000000000000,49.125000000000000,-103.875000000000000,48.875000000000000,20,96,125675,4163,0,0
2326,-104.125000000000000,48.875000000000000,-103.875000000000000,48.625000000000000,21,96,126297,0,0,
2327,-104.125000000000000,48.625000000000000,-103.875000000000000,48.375000000000000,22,96,126917,0,0,
2328,-104.125000000000000,48.375000000000000,-103.875000000000000,48.125000000000000,23,96,127534,0,0,
2329,-103.875000000000000,54.125000000000000,-103.625000000000000,53.875000000000000,0,97,112725,7063,0,0
2330,-103.875000000000000,53.875000000000000,-103.625000000000000,53.625000000000000,1,97,113394,7112,0,0
2331,-103.875000000000000,53.625000000000000,-103.625000000000000,53.375000000000000,2,97,114062,7164,0,0
2332,-103.875000000000000,53.375000000000000,-103.625000000000000,53.125000000000000,3,97,114727,7219,0,0
2333,-103.875000000000000,53.125000000000000,-103.625000000000000,52.875000000000000,4,97,115389,7270,0,0
2334,-103.875000000000000,52.875000000000000,-103.625000000000000,52.625000000000000,5,97,116050,7323,0,0
2335,-103.875000000000000,52.625000000000000,-103.625000000000000,52.375000000000000,6,97,116708,7376,0,0
2336,-103.875000000000000,52.375000000000000,-103.625000000000000,52.125000000000000,7,97,117364,7427,0,0
2337,-103.875000000000000,52.125000000000000,-103.625000000000000,51.875000000000000,8,97,118018,7481,0,0
2338,-103.875000000000000,51.875000000000000,-103.625000000000000,51.625000000000000,9,97,118669,7535,0,0
2339,-103.875000000000000,51.625000000000000,-103.625000000000000,51.375000000000000,10,97,119318,7588,0,0
2340,-103.875000000000000,51.375000000000000,-103.625000000000000,51.125000000000000,11,97,119964,7644,0,0
2341,-103.875000000000000,51.125000000000000,-103.625000000000000,50.875000000000000,12,97,120608,7695,0,0
2342,-103.875000000000000,50.875000000000000,-103.625000000000000,50.625000000000000,13,97,121250,7748,0,0
2343,-103.875000000000000,50.625000000000000,-103.625000000000000,50.375000000000000,14,97,121889,7805,0,0
2344,-103.875000000000000,50.375000000000000,-103.625000000000000,50.125000000000000,15,97,122526,7860,0,0
2345,-103.875000000000000,50.125000000000000,-103.625000000000000,49.875000000000000,16,97,123161,7917,0,0
2346,-103.875000000000000,49.875000000000000,-103.625000000000000,49.625000000000000,17,97,123793,7971,0,0
2347,-103.875000000000000,49.625000000000000,-103.625000000000000,49.375000000000000,18,97,124423,8024,0,0
2348,-103.875000000000000,49.375000000000000,-103.625000000000000,49.125000000000000,19,97,125050,8080,0,0
2349,-103.875000000000000,49.125000000000000,-103.625000000000000,48.875000000000000,20,97,125675,4166,0,0
2350,-103.875000000000000,48.875000000000000,-103.625000000000000,48.625000000000000,21,97,126297,0,0,
2351,-103.875000000000000,48.625000000000000,-103.625000000000000,48.375000000000000,22,97,126917,0,0,
2352,-103.875000000000000,48.375000000000000,-103.625000000000000,48.125000000000000,23,97,127534,0,0,
2353,-103.625000000000000,54.125000000000000,-103.375000000000000,53.875000000000000,0,98,112725,7060,0,0
2354,-103.625000000000000,53.875000000000000,-103.375000000000000,53.625000000000000,1,98,113394,7115,0,0
2355,-103.625000000000000,53.625000000000000,-103.375000000000000,53.375000000000000,2,98,114062,7167,0,0
2356,-103.625000000000000,53.375000000000000,-103.375000000000000,53.125000000000000,3,98,114727,7218,0,0
2357,-103.625000000000000,53.125000000000000,-103.375000000000000,52.875000000000000,4,98,115389,7269,0,0
2358,-103.625000000000000,52.875000000000000,-103.375000000000000,52.625000000000000,5,98,116050,7321,0,0
2359,-103.625000000000000,52.625000000000000,-103.375000000000000,52.375000000000000,6,98,116708,7373,0,0
2360,-103.625000000000000,52.375000000000000,-103.375000000000000,52.125000000000000,7,98,117364,7431,0,0
2361,-103.625000000000000,52.125000000000000,-103.375000000000000,51.875000000000000,8,98,118018,7481,0,0
2362,-103.625000000000000,51.875000000000000,-103.375000000000000,51.625000000000000,9,98,118669,7536,0,0
2363,-103.625000000000000,51.625000000000000,-103.375000000000000,51.375000000000000,10,98,119318,7587,0,0
2364,-103.625000000000000,51.375000000000000,-103.375000000000000,51.125000000000000,11,98,119964,7642,0,0
2365,-103.625000000000000,51.125000000000000,-103.375000000000000,50.875000000000000,12,98,120608,7695,0,0
2366,-103.625000000000000,50.875000000000000,-103.375000000000000,50.625000000000000,13,98,121250,7754,0,0
2367,-103.625000000000000,50.625000000000000,-103.375000000000000,50.375000000000000,14,98,121889,7804,0,0
2368,-103.625000000000000,50.375000000000000,-103.375000000000000,50.125000000000000,15,98,122526,7861,0,0
2369,-103.625000000000000,50.125000000000000,-103.375000000000000,49.875000000000000,16,98,123161,7913,0,0
2370,-103.625000000000000,49.875000000000000,-103.375000000000000,49.625000000000000,17,98,123793,7968,0,0
2371,-103.625000000000000,49.625000000000000,-103.375000000000000,49.375000000000000,18,98,124423,8028,0,0
2372,-103.625000000000000,49.375000000000000,-103.375000000000000,49.125000000000000,19,98,125050,8082,0,0
2373,-103.625000000000000,49.125000000000000,-103.375000000000000,48.875000000000000,20,98,125675,4168,0,0
2374,-103.625000000000000,48.875000000000000,-103.375000000000000,48.625000000000000,21,98,126297,0,0,
2375,-103.625000000000000,48.625000000000000,-103.375000000000000,48.375000000000000,22,98,126917,0,0,
2376,-103.625000000000000,48.375000000000000,-103.375000000000000,48.125000000000000,23,98,127534,0,0,
2377,-103.375000000000000,54.125000000000000,-103.125000000000000,53.875000000000000,0,99,112725,7061,0,0
2378,-103.375000000000000,53.875000000000000,-103.125000000000000,53.625000000000000,1,99,113394,7113,0,0
2379,-103.375000000000000,53.625000000000000,-103.125000000000000,53.375000000000000,2,99,114062,7166,0,0
2380,-103.375000000000000,53.375000000000000,-103.125000000000000,53.125000000000000,3,99,114727,7216,0,0
2381,-103.375000000000000,53.125000000000000,-103.125000000000000,52.875000000000000,4,99,115389,7272,0,0
2382,-103.375000000000000,52.875000000000000,-103.125000000000000,52.625000000000000,5,99,116050,7322,0,0
2383,-103.375000000000000,52.625000000000000,-103.125000000000000,52.375000000000000,6,99,116708,7373,0,0
2384,-103.375000000000000,52.375000000000000,-103.125000000000000,52.125000000000000,7,99,117364,7428,0,0
2385,-103.375000000000000,52.125000000000000,-103.125000000000000,51.875000000000000,8,99,118018,7484,0,0
2386,-103.375000000000000,51.875000000000000,-103.125000000000000,51.625000000000000,9,99,118669,7531,0,0
2387,-103.375000000000000,51.625000000000000,-103.125000000000000,51.375000000000000,10,99,119318,7590,0,0
2388,-103.375000000000000,51.375000000000000,-103.125000000000000,51.125000000000000,11,99,119964,7639,0,0
2389,-103.375000000000000,51.125000000000000,-103.125000000000000,50.875000000000000,12,99,120608,7698,0,0
2390,-103.375000000000000,50.875000000000000,-103.125000000000000,50.625000000000000,13,99,121250,7750,0,0
2391,-103.375000000000000,50.625000000000000,-103.125000000000000,50.375000000000000,14,99,121889,7806,0,0
2392,-103.375000000000000,50.375000000000000,-103.125000000000000,50.125000000000000,15,99,122526,7858,0,0
2393,-103.375000000000000,50.125000000000000,-103.125000000000000,49.875000000000000,16,99,123161,7915,0,0
2394,-103.375000000000000,49.875000000000000,-103.125000000000000,49.625000000000000,17,99,123793,7968,0,0
2395,-103.375000000000000,49.625000000000000,-103.125000000000000,49.375000000000000,18,99,124423,8027,0,0
2396,-103.375000000000000,49.375000000000000,-103.125000000000000,49.125000000000000,19,99,125050,8081,0,0
2397,-103.375000000000000,49.125000000000000,-103.125000000000000,48.875000000000000,20,99,125675,4165,0,0
2398,-103.375000000000000,48.875000000000000,-103.125000000000000,48.625000000000000,21,99,126297,0,0,
2399,-103.375000000000000,48.625000000000000,-103.125000000000000,48.375000000000000,22,99,126917,0,0,
2400,-103.375000000000000,48.375000000000000,-103.125000000000000,48.125000000000000,23,99,127534,0,0,
2401,-103.125000000000000,54.125000000000000,-102.875000000000000,53.875000000000000,0,100,112725,7060,0,0
2402,-103.125000000000000,53.875000000000000,-102.875000000000000,53.625000000000000,1,100,113394,7116,0,0
2403,-103.125000000000000,53.625000000000000,-102.875000000000000,53.375000000000000,2,100,114062,7164,0,0
2404,-103.125000000000000,53.375000000000000,-102.875000000000000,53.125000000000000,3,100,114727,7219,0,0
2405,-103.125000000000000,53.125000000000000,-102.875000000000000,52.875000000000000,4,100,115389,7269,0,0
2406,-103.125000000000000,52.875000000000000,-102.875000000000000,52.625000000000000,5,100,116050,7326,0,0
2407,-103.125000000000000,52.625000000000000,-102.875000000000000,52.375000000000000,6,100,116708,7372,0,0
2408,-103.125000000000000,52.375000000000000,-102.875000000000000,52.125000000000000,7,100,117364,7430,0,0
2409,-103.125000000000000,52.125000000000000,-102.875000000000000,51.875000000000000,8,100,118018,7481,0,0
2410,-103.125000000000000,51.875000000000000,-102.875000000000000,51.625000000000000,9,100,118669,7536,0,0
2411,-103.125000000000000,51.625000000000000,-102.875000000000000,51.375000000000000,10,100,119318,7588,0,0
2412,-103.125000000000000,51.375000000000000,-102.875000000000000,51.125000000000000,11,100,119964,7643,0,0
2413,-103.125000000000000,51.125000000000000,-102.875000000000000,50.875000000000000,12,100,120608,7696,0,0
2414,-103.125000000000000,50.875000000000000,-102.875000000000000,50.625000000000000,13,100,121250,7750,0,0
2415,-103.125000000000000,50.625000000000000,-102.875000000000000,50.375000000000000,14,100,121889,7805,0,0
2416,-103.125000000000000,50.375000000000000,-102.875000000000000,50.125000000000000,15,100,122526,7862,0,0
2417,-103.125000000000000,50.125000000000000,-102.875000000000000,49.875000000000000,16,100,123161,7913,0,0
2418,-103.125000000000000,49.875000000000000,-102.875000000000000,49.625000000000000,17,100,123793,7971,0,0
2419,-103.125000000000000,49.625000000000000,-102.875000000000000,49.375000000000000,18,100,124423,8026,0,0
2420,-103.125000000000000,49.375000000000000,-102.875000000000000,49.125000000000000,19,100,125050,8081,0,0
2421,-103.125000000000000,49.125000000000000,-102.875000000000000,48.875000000000000,20,100,125675,4169,0,0
2422,-103.125000000000000,48.875000000000000,-102.875000000000000,48.625000000000000,21,100,126297,0,0,
2423,-103.125000000000000,48.625000000000000,-102.875000000000000,48.375000000000000,22,100,126917,0,0,
2424,-103.125000000000000,48.375000000000000,-102.875000000000000,48.125000000000000,23,100,127534,0,0,
2425,-102.875000000000000,54.125000000000000,-102.625000000000000,53.875000000000000,0,101,112725,7064,0,0
2426,-102.875000000000000,53.875000000000000,-102.625000000000000,53.625000000000000,1,101,113394,7110,0,0
2427,-102.875000000000000,53.625000000000000,-102.625000000000000,53.375000000000000,2,101,114062,7169,0,0
2428,-102.875000000000000,53.375000000000000,-102.625000000000000,53.125000000000000,3,101,114727,7217,0,0
2429,-102.875000000000000,53.125000000000000,-102.625000000000000,52.875000000000000,4,101,115389,7271,0,0
2430,-102.875000000000000,52.875000000000000,-102.625000000000000,52.625000000000000,5,101,116050,7319,0,0
2431,-102.875000000000000,52.625000000000000,-102.625000000000000,52.375000000000000,6,101,116708,7376,0,0
2432,-102.875000000000000,52.375000000000000,-102.625000000000000,52.125000000000000,7,101,117364,7425,0,0
2433,-102.875000000000000,52.125000000000000,-102.625000000000000,51.875000000000000,8,101,118018,7485,0,0
2434,-102.875000000000000,51.875000000000000,-102.625000000000000,51.625000000000000,9,101,118669,7532,0,0
2435,-102.875000000000000,51.625000000000000,-102.625000000000000,51.375000000000000,10,101,119318,7590,0,0
2436,-102.875000000000000,51.375000000000000,-102.625000000000000,51.125000000000000,11,101,119964,7643,0,0
2437,-102.875000000000000,51.125000000000000,-102.625000000000000,50.875000000000000,12,101,120608,7695,0,0
2438,-102.875000000000000,50.875000000000000,-102.625000000000000,50.625000000000000,13,101,121250,7749,0,0
2439,-102.875000000000000,50.625000000000000,-102.625000000000000,50.375000000000000,14,101,121889,7807,0,0
2440,-102.875000000000000,50.375000000000000,-102.625000000000000,50.125000000000000,15,101,122526,7862,0,0
2441,-102.875000000000000,50.125000000000000,-102.625000000000000,49.875000000000000,16,101,123161,7914,0,0
2442,-102.875000000000000,49.875000000000000,-102.625000000000000,49.625000000000000,17,101,123793,7969,0,0
2443,-102.875000000000000,49.625000000000000,-102.625000000000000,49.375000000000000,18,101,124423,8025,0,0
2444,-102.875000000000000,49.375000000000000,-102.625000000000000,49.125000000000000,19,101,125050,8084,0,0
2445,-102.875000000000000,49.125000000000000,-102.625000000000000,48.875000000000000,20,101,125675,4167,0,0
2446,-102.875000000000000,48.875000000000000,-102.625000000000000,48.625000000000000,21,101,126297,0,0,
2447,-102.875000000000000,48.625000000000000,-102.625000000000000,48.375000000000000,22,101,126917,0,0,
2448,-102.875000000000000,48.375000000000000,-102.625000000000000,48.125000000000000,23,101,127534,0,0,
2449,-102.625000000000000,54.125000000000000,-102.375000000000000,53.875000000000000,0,102,112725,7064,0,0
2450,-102.625000000000000,53.875000000000000,-102.375000000000000,53.625000000000000,1,102,113394,7113,0,0
2451,-102.625000000000000,53.625000000000000,-102.375000000000000,53.375000000000000,2,102,114062,7164,0,0
2452,-102.625000000000000,53.375000000000000,-102.375000000000000,53.125000000000000,3,102,114727,7216,0,0
2453,-102.625000000000000,53.125000000000000,-102.375000000000000,52.875000000000000,4,102,115389,7272,0,0
2454,-102.625000000000000,52.875000000000000,-102.375000000000000,52.625000000000000,5,102,116050,7324,0,0
2455,-102.625000000000000,52.625000000000000,-102.375000000000000,52.375000000000000,6,102,116708,7374,0,0
2456,-102.625000000000000,52.375000000000000,-102.375000000000000,52.125000000000000,7,102,117364,7427,0,0
2457,-102.625000000000000,52.125000000000000,-102.375000000000000,51.875000000000000,8,102,118018,7483,0,0
2458,-102.625000000000000,51.875000000000000,-102.375000000000000,51.625000000000000,9,102,118669,7534,0,0
2459,-102.625000000000000,51.625000000000000,-102.375000000000000,51.375000000000000,10,102,119318,7588,0,0
2460,-102.625000000000000,51.375000000000000,-102.375000000000000,51.125000000000000,11,102,119964,7641,0,0
2461,-102.625000000000000,51.125000000000000,-102.375000000000000,50.875000000000000,12,102,120608,7699,0,0
2462,-102.625000000000000,50.875000000000000,-102.375000000000000,50.625000000000000,13,102,121250,7751,0,0
2463,-102.625000000000000,50.625000000000000,-102.375000000000000,50.375000000000000,14,102,121889,7802,0,0
2464,-102.625000000000000,50.375000000000000,-102.375000000000000,50.125000000000000,15,102,122526,7860,0,0
2465,-102.625000000000000,50.125000000000000,-102.375000000000000,49.875000000000000,16,102,123161,7915,0,0
2466,-102.625000000000000,49.875000000000000,-102.375000000000000,49.625000000000000,17,102,123793,7971,0,0
2467,-102.625000000000000,49.625000000000000,-102.375000000000000,49.375000000000000,18,102,124423,8026,0,0
2468,-102.625000000000000,49.375000000000000,-102.375000000000000,49.125000000000000,19,102,125050,8079,0,0
2469,-102.625000000000000,49.125000000000000,-102.375000000000000,48.875000000000000,20,102,125675,4168,0,0
2470,-102.625000000000000,48.875000000000000,-102.375000000000000,48.625000000000000,21,102,126297,0,0,
2471,-102.625000000000000,48.625000000000000,-102.375000000000000,48.375000000000000,22,102,126917,0,0,
2472,-102.625000000000000,48.375000000000000,-102.375000000000000,48.125000000000000,23,102,127534,0,0,
2473,-102.375000000000000,54.125000000000000,-102.125000000000000,53.875000000000000,0,103,112725,7061,0,0
2474,-102.375000000000000,53.875000000000000,-102.125000000000000,53.625000000000000,1,103,113394,7113,0,0
2475,-102.375000000000000,53.625000000000000,-102.125000000000000,53.375000000000000,2,103,114062,7164,0,0
2476,-102.375000000000000,53.375000000000000,-102.125000000000000,53.125000000000000,3,103,114727,7220,0,0
2477,-102.375000000000000,53.125000000000000,-102.125000000000000,52.875000000000000,4,103,115389,7268,0,0
2478,-102.375000000000000,52.875000000000000,-102.125000000000000,52.625000000000000,5,103,116050,7321,0,0
2479,-102.375000000000000,52.625000000000000,-102.125000000000000,52.375000000000000,6,103,116708,7377,0,0
2480,-102.375000000000000,52.375000000000000,-102.125000000000000,52.125000000000000,7,103,117364,7431,0,0
2481,-102.375000000000000,52.125000000000000,-102.125000000000000,51.875000000000000,8,103,118018,7478,0,0
2482,-102.375000000000000,51.875000000000000,-102.125000000000000,51.625000000000000,9,103,118669,7537,0,0
2483,-102.375000000000000,51.625000000000000,-102.125000000000000,51.375000000000000,10,103,119318,7588,0,0
2484,-102.375000000000000,51.375000000000000,-102.125000000000000,51.125000000000000,11,103,119964,7641,0,0
2485,-102.375000000000000,51.125000000000000,-102.125000000000000,50.875000000000000,12,103,120608,7696,0,0
2486,-102.375000000000000,50.875000000000000,-102.125000000000000,50.625000000000000,13,103,121250,7750,0,0
2487,-102.375000000000000,50.625000000000000,-102.125000000000000,50.375000000000000,14,103,121889,7807,0,0
2488,-102.375000000000000,50.375000000000000,-102.125000000000000,50.125000000000000,15,103,122526,7860,0,0
2489,-102.375000000000000,50.125000000000000,-102.125000000000000,49.875000000000000,16,103,123161,7915,0,0
2490,-102.375000000000000,49.875000000000000,-102.125000000000000,49.625000000000000,17,103,123793,7970,0,0
2491,-102.375000000000000,49.625000000000000,-102.125000000000000,49.375000000000000,18,103,124423,8025,0,0
2492,-102.375000000000000,49.375000000000000,-102.125000000000000,49.125000000000000,19,103,125050,8082,0,0
2493,-102.375000000000000,49.125000000000000,-102.125000000000000,48.875000000000000,20,103,125675,4164,0,0
2494,-102.375000000000000,48.875000000000000,-102.125000000000000,48.625000000000000,21,103,126297,0,0,
2495,-102.375000000000000,48.625000000000000,-102.125000000000000,48.375000000000000,22,103,126917,0,0,
2496,-102.375000000000000,48.375000000000000,-102.125000000000000,48.125000000000000,23,103,127534,0,0,
2497,-102.125000000000000,54.125000000000000,-101.875000000000000,53.875000000000000,0,104,112725,7064,0,0
2498,-102.125000000000000,53.875000000000000,-101.875000000000000,53.625000000000000,1,104,113394,7113,0,0
2499,-102.125000000000000,53.625000000000000,-101.875000000000000,53.375000000000000,2,104,114062,7166,0,0
2500,-102.125000000000000,53.375000000000000,-101.875000000000000,53.125000000000000,3,104,114727,7217,0,0
2501,-102.125000000000000,53.125000000000000,-101.875000000000000,52.875000000000000,4,104,115389,7271,0,0
2502,-102.125000000000000,52.875000000000000,-101.875000000000000,52.625000000000000,5,104,116050,7326,0,0
2503,-102.125000000000000,52.625000000000000,-101.875000000000000,52.375000000000000,6,104,116708,7369,0,0
2504,-102.125000000000000,52.375000000000000,-101.875000000000000,52.125000000000000,7,104,117364,7425,0,0
2505,-102.125000000000000,52.125000000000000,-101.875000000000000,51.875000000000000,8,104,118018,7484,0,0
2506,-102.125000000000000,51.875000000000000,-101.875000000000000,51.625000000000000,9,104,118669,7534,0,0
2507,-102.125000000000000,51.625000000000000,-101.875000000000000,51.375000000000000,10,104,119318,7590,0,0
2508,-102.125000000000000,51.375000000000000,-101.875000000000000,51.125000000000000,11,104,119964,7645,0,0
2509,-102.125000000000000,51.125000000000000,-101.875000000000000,50.875000000000000,12,104,120608,7695,0,0
2510,-102.125000000000000,50.875000000000000,-101.875000000000000,50.625000000000000,13,104,121250,7752,0,0
2511,-102.125000000000000,50.625000000000000,-101.875000000000000,50.375000000000000,14,104,121889,7802,0,0
2512,-102.125000000000000,50.375000000000000,-101.875000000000000,50.125000000000000,15,104,122526,7861,0,0
2513,-102.125000000000000,50.125000000000000,-101.875000000000000,49.875000000000000,16,104,123161,7914,0,0
2514,-102.125000000000000,49.875000000000000,-101.875000000000000,49.625000000000000,17,104,123793,7972,0,0
2515,-102.125000000000000,49.625000000000000,-101.875000000000000,49.375000000000000,18,104,124423,8024,0,0
2516,-102.125000000000000,49.375000000000000,-101.875000000000000,49.125000000000000,19,104,125050,8081,0,0
2517,-102.125000000000000,49.125000000000000,-101.875000000000000,48.875000000000000,20,104,125675,4169,0,0
2518,-102.125000000000000,48.875000000000000,-101.875000000000000,48.625000000000000,21,104,126297,0,0,
2519,-102.125000000000000,48.625000000000000,-101.875000000000000,48.375000000000000,22,104,126917,0,0,
2520,-102.125000000000000,48.375000000000000,-101.875000000000000,48.125000000000000,23,104,127534,0,0,
2521,-101.875000000000000,54.125000000000000,-101.625000000000000,53.875000000000000,0,105,112725,7063,0,0
2522,-101.875000000000000,53.875000000000000,-101.625000000000000,53.625000000000000,1,105,113394,7115,0,0
2523,-101.875000000000000,53.625000000000000,-101.625000000000000,53.375000000000000,2,105,114062,7165,0,0
2524,-101.875000000000000,53.375000000000000,-101.625000000000000,53.125000000000000,3,105,114727,7218,0,0
2525,-101.875000000000000,53.125000000000000,-101.625000000000000,52.875000000000000,4,105,115389,7269,0,0
2526,-101.875000000000000,52.875000000000000,-101.625000000000000,52.625000000000000,5,105,116050,7322,0,0
2527,-101.875000000000000,52.625000000000000,-101.625000000000000,52.375000000000000,6,105,116708,7375,0,0
2528,-101.875000000000000,52.375000000000000,-101.625000000000000,52.125000000000000,7,105,117364,7430,0,0
2529,-101.875000000000000,52.125000000000000,-101.625000000000000,51.875000000000000,8,105,118018,7481,0,0
2530,-101.875000000000000,51.875000000000000,-101.625000000000000,51.625000000000000,9,105,118669,7535,0,0
2531,-101.875000000000000,51.625000000000000,-101.625000000000000,51.375000000000000,10,105,119318,7587,0,0
2532,-101.875000000000000,51.375000000000000,-101.625000000000000,51.125000000000000,11,105,119964,7643,0,0
2533,-101.875000000000000,51.125000000000000,-101.625000000000000,50.875000000000000,12,105,120608,7696,0,0
2534,-101.875000000000000,50.875000000000000,-101.625000000000000,50.625000000000000,13,105,121250,7752,0,0
2535,-101.875000000000000,50.625000000000000,-101.625000000000000,50.375000000000000,14,105,121889,7804,0,0
2536,-101.875000000000000,50.375000000000000,-101.625000000000000,50.125000000000000,15,105,122526,7859,0,0
2537,-101.875000000000000,50.125000000000000,-101.625000000000000,49.875000000000000,16,105,123161,7915,0,0
2538,-101.875000000000000,49.875000000000000,-101.625000000000000,49.625000000000000,17,105,123793,7970,0,0
2539,-101.875000000000000,49.625000000000000,-101.625000000000000,49.375000000000000,18,105,124423,8026,0,0
2540,-101.875000000000000,49.375000000000000,-101.625000000000000,49.125000000000000,19,105,125050,8080,0,0
2541,-101.875000000000000,49.125000000000000,-101.625000000000000,48.875000000000000,20,105,125675,4168,0,0
2542,-101.875000000000000,48.875000000000000,-101.625000000000000,48.625000000000000,21,105,126297,0,0,
2543,-101.875000000000000,48.625000000000000,-101.625000000000000,48.375000000000000,22,105,126917,0,0,
2544,-101.875000000000000,48.375000000000000,-101.625000000000000,48.125000000000000,23,105,127534,0,0,
2545,-101.625000000000000,54.125000000000000,-101.375000000000000,53.875000000000000,0,106,112725,7061,0,0
2546,-101.625000000000000,53.875000000000000,-101.375000000000000,53.625000000000000,1,106,113394,7113,0,0
2547,-101.625000000000000,53.625000000000000,-101.375000000000000,53.375000000000000,2,106,114062,7168,0,0
2548,-101.625000000000000,53.375000000000000,-101.375000000000000,53.125000000000000,3,106,114727,7214,0,0
2549,-101.625000000000000,53.125000000000000,-101.375000000000000,52.875000000000000,4,106,115389,7269,0,0
2550,-101.625000000000000,52.875000000000000,-101.375000000000000,52.625000000000000,5,106,116050,7324,0,0
2551,-101.625000000000000,52.625000000000000,-101.375000000000000,52.375000000000000,6,106,116708,7375,0,0
2552,-101.625000000000000,52.375000000000000,-101.375000000000000,52.125000000000000,7,106,117364,7429,0,0
2553,-101.625000000000000,52.125000000000000,-101.375000000000000,51.875000000000000,8,106,118018,7480,0,0
2554,-101.625000000000000,51.875000000000000,-101.375000000000000,51.625000000000000,9,106,118669,7534,0,0
2555,-101.625000000000000,51.625000000000000,-101.375000000000000,51.375000000000000,10,106,119318,7590,0,0
2556,-101.625000000000000,51.375000000000000,-101.375000000000000,51.125000000000000,11,106,119964,7640,0,0
2557,-101.625000000000000,51.125000000000000,-101.375000000000000,50.875000000000000,12,106,120608,7698,0,0
2558,-101.625000000000000,50.875000000000000,-101.375000000000000,50.625000000000000,13,106,121250,7749,0,0
2559,-101.625000000000000,50.625000000000000,-101.375000000000000,50.375000000000000,14,106,121889,7805,0,0
2560,-101.625000000000000,50.375000000000000,-101.375000000000000,50.125000000000000,15,106,122526,7861,0,0
2561,-101.625000000000000,50.125000000000000,-101.375000000000000,49.875000000000000,16,106,123161,7913,0,0
2562,-101.625000000000000,49.875000000000000,-101.375000000000000,49.625000000000000,17,106,123793,7970,0,0
2563,-101.625000000000000,49.625000000000000,-101.375000000000000,49.375000000000000,18,106,124423,8026,0,0
2564,-101.625000000000000,49.375000000000000,-101.375000000000000,49.125000000000000,19,106,125050,8082,0,0
2565,-101.625000000000000,49.125000000000000,-101.375000000000000,48.875000000000000,20,106,125675,4167,0,0
2566,-101.625000000000000,48.875000000000000,-101.375000000000000,48.625000000000000,21,106,126297,0,0,
2567,-101.625000000000000,48.625000000000000,-101.375000000000000,48.375000000000000,22,106,126917,0,0,
2568,-101.625000000000000,48.375000000000000,-101.375000000000000,48.125000000000000,23,106,127534,0,0,
2569,-101.375000000000000,54.125000000000000,-101.125000000000000,53.875000000000000,0,107,112725,7061,0,0
2570,-101.375000000000000,53.875000000000000,-101.125000000000000,53.625000000000000,1,107,113394,7114,0,0
2571,-101.375000000000000,53.625000000000000,-101.125000000000000,53.375000000000000,2,107,114062,7164,0,0
2572,-101.375000000000000,53.375000000000000,-101.125000000000000,53.125000000000000,3,107,114727,7219,0,0
2573,-101.375000000000000,53.125000000000000,-101.125000000000000,52.875000000000000,4,107,115389,7272,0,0
2574,-101.375000000000000,52.875000000000000,-101.125000000000000,52.625000000000000,5,107,116050,7320,0,0
2575,-101.375000000000000,52.625000000000000,-101.125000000000000,52.375000000000000,6,107,116708,7377,0,0
2576,-101.375000000000000,52.375000000000000,-101.125000000000000,52.125000000000000,7,107,117364,7427,0,0
2577,-101.375000000000000,52.125000000000000,-101.125000000000000,51.875000000000000,8,107,118018,7483,0,0
2578,-101.375000000000000,51.875000000000000,-101.125000000000000,51.625000000000000,9,107,118669,7532,0,0
2579,-101.375000000000000,51.625000000000000,-101.125000000000000,51.375000000000000,10,107,119318,7590,0,0
2580,-101.375000000000000,51.375000000000000,-101.125000000000000,51.125000000000000,11,107,119964,7643,0,0
2581,-101.375000000000000,51.125000000000000,-101.125000000000000,50.875000000000000,12,107,120608,7695,0,0
2582,-101.375000000000000,50.875000000000000,-101.125000000000000,50.625000000000000,13,107,121250,7752,0,0
2583,-101.375000000000000,50.625000000000000,-101.125000000000000,50.375000000000000,14,107,121889,7805,0,0
2584,-101.375000000000000,50.375000000000000,-101.125000000000000,50.125000000000000,15,107,122526,7859,0,0
2585,-101.375000000000000,50.125000000000000,-101.125000000000000,49.875000000000000,16,107,123161,7916,0,0
2586,-101.375000000000000,49.875000000000000,-101.125000000000000,49.625000000000000,17,107,123793,7970,0,0
2587,-101.375000000000000,49.625000000000000,-101.125000000000000,49.375000000000000,18,107,124423,8024,0,0
2588,-101.375000000000000,49.375000000000000,-101.125000000000000,49.125000000000000,19,107,125050,8084,0,0
2589,-101.375000000000000,49.125000000000000,-101.125000000000000,48.875000000000000,20,107,125675,4182,0,0
2590,-101.375000000000000,48.875000000000000,-101.125000000000000,48.625000000000000,21,107,126297,0,0,
2591,-101.375000000000000,48.625000000000000,-101.125000000000000,48.375000000000000,22,107,126917,0,0,
2592,-101.375000000000000,48.375000000000000,-101.125000000000000,48.125000000000000,23,107,127534,0,0,
2593,-101.125000000000000,54.125000000000000,-100.875000000000000,53.875000000000000,0,108,112725,7062,0,0
2594,-101.125000000000000,53.875000000000000,-100.875000000000000,53.625000000000000,1,108,113394,7113,0,0
2595,-101.125000000000000,53.625000000000000,-100.875000000000000,53.375000000000000,2,108,114062,7167,0,0
2596,-101.125000000000000,53.375000000000000,-100.875000000000000,53.125000000000000,3,108,114727,7217,0,0
2597,-101.125000000000000,53.125000000000000,-100.875000000000000,52.875000000000000,4,108,115389,7268,0,0
2598,-101.125000000000000,52.875000000000000,-100.875000000000000,52.625000000000000,5,108,116050,7324,0,0
2599,-101.125000000000000,52.625000000000000,-100.875000000000000,52.375000000000000,6,108,116708,7376,0,0
2600,-101.125000000000000,52.375000000000000,-100.875000000000000,52.125000000000000,7,108,117364,7428,0,0
2601,-101.125000000000000,52.125000000000000,-100.875000000000000,51.875000000000000,8,108,118018,7481,0,0
2602,-101.125000000000000,51.875000000000000,-100.875000000000000,51.625000000000000,9,108,118669,7536,0,0
2603,-101.125000000000000,51.625000000000000,-100.875000000000000,51.375000000000000,10,108,119318,7587,0,0
2604,-101.125000000000000,51.375000000000000,-100.875000000000000,51.125000000000000,11,108,119964,7642,0,0
2605,-101.125000000000000,51.125000000000000,-100.875000000000000,50.875000000000000,12,108,120608,7696,0,0
2606,-101.125000000000000,50.875000000000000,-100.875000000000000,50.625000000000000,13,108,121250,7749,0,0
2607,-101.125000000000000,50.625000000000000,-100.875000000000000,50.375000000000000,14,108,121889,7806,0,0
2608,-101.125000000000000,50.375000000000000,-100.875000000000000,50.125000000000000,15,108,122526,7860,0,0
2609,-101.125000000000000,50.125000000000000,-100.875000000000000,49.875000000000000,16,108,123161,7915,0,0
2610,-101.125000000000000,49.875000000000000,-100.875000000000000,49.625000000000000,17,108,123793,7971,0,0
2611,-101.125000000000000,49.625000000000000,-100.875000000000000,49.375000000000000,18,108,124423,8026,0,0
2612,-101.125000000000000,49.375000000000000,-100.875000000000000,49.125000000000000,19,108,125050,8080,0,0
2613,-101.125000000000000,49.125000000000000,-100.875000000000000,48.875000000000000,20,108,125675,4183,0,0
2614,-101.125000000000000,48.875000000000000,-100.875000000000000,48.625000000000000,21,108,126297,0,0,
2615,-101.125000000000000,48.625000000000000,-100.875000000000000,48.375000000000000,22,108,126917,0,0,
2616,-101.125000000000000,48.375000000000000,-100.875000000000000,48.125000000000000,23,108,127534,0,0,
2617,-100.875000000000000,54.125000000000000,-100.625000000000000,53.875000000000000,0,109,112725,7060,0,0
2618,-100.875000000000000,53.875000000000000,-100.625000000000000,53.625000000000000,1,109,113394,7113,0,0
2619,-100.875000000000000,53.625000000000000,-100.625000000000000,53.375000000000000,2,109,114062,7167,0,0
2620,-100.875000000000000,53.375000000000000,-100.625000000000000,53.125000000000000,3,109,114727,7217,0,0
2621,-100.875000000000000,53.125000000000000,-100.625000000000000,52.875000000000000,4,109,115389,7270,0,0
2622,-100.875000000000000,52.875000000000000,-100.625000000000000,52.625000000000000,5,109,116050,7320,0,0
2623,-100.875000000000000,52.625000000000000,-100.625000000000000,52.375000000000000,6,109,116708,7379,0,0
2624,-100.875000000000000,52.375000000000000,-100.625000000000000,52.125000000000000,7,109,117364,7427,0,0
2625,-100.875000000000000,52.125000000000000,-100.625000000000000,51.875000000000000,8,109,118018,7481,0,0
2626,-100.875000000000000,51.875000000000000,-100.625000000000000,51.625000000000000,9,109,118669,7536,0,0
2627,-100.875000000000000,51.625000000000000,-100.625000000000000,51.375000000000000,10,109,119318,7588,0,0
2628,-100.875000000000000,51.375000000000000,-100.625000000000000,51.125000000000000,11,109,119964,7638,0,0
2629,-100.875000000000000,51.125000000000000,-100.625000000000000,50.875000000000000,12,109,120608,7697,0,0
2630,-100.875000000000000,50.875000000000000,-100.625000000000000,50.625000000000000,13,109,121250,7753,0,0
2631,-100.875000000000000,50.625000000000000,-100.625000000000000,50.375000000000000,14,109,121889,7806,0,0
2632,-100.875000000000000,50.375000000000000,-100.625000000000000,50.125000000000000,15,109,122526,7858,0,0
2633,-100.875000000000000,50.125000000000000,-100.625000000000000,49.875000000000000,16,109,123161,7917,0,0
2634,-100.875000000000000,49.875000000000000,-100.625000000000000,49.625000000000000,17,109,123793,7969,0,0
2635,-100.875000000000000,49.625000000000000,-100.625000000000000,49.375000000000000,18,109,124423,8028,0,0
2636,-100.875000000000000,49.375000000000000,-100.625000000000000,49.125000000000000,19,109,125050,8077,0,0
2637,-100.875000000000000,49.125000000000000,-100.625000000000000,48.875000000000000,20,109,125675,4187,0,0
2638,-100.875000000000000,48.875000000000000,-100.625000000000000,48.625000000000000,21,109,126297,0,0,
2639,-100.875000000000000,48.625000000000000,-100.625000000000000,48.375000000000000,22,109,126917,0,0,
2640,-100.875000000000000,48.375000000000000,-100.625000000000000,48.125000000000000,23,109,127534,0,0,
2641,-100.625000000000000,54.125000000000000,-100.375000000000000,53.875000000000000,0,110,112725,7063,0,0
2642,-100.625000000000000,53.875000000000000,-100.375000000000000,53.625000000000000,1,110,113394,7113,0,0
2643,-100.625000000000000,53.625000000000000,-100.375000000000000,53.375000000000000,2,110,114062,7164,0,0
2644,-100.625000000000000,53.375000000000000,-100.375000000000000,53.125000000000000,3,110,114727,7217,0,0
2645,-100.625000000000000,53.125000000000000,-100.375000000000000,52.875000000000000,4,110,115389,7272,0,0
2646,-100.625000000000000,52.875000000000000,-100.375000000000000,52.625000000000000,5,110,116050,7321,0,0
2647,-100.625000000000000,52.625000000000000,-100.375000000000000,52.375000000000000,6,110,116708,7375,0,0
2648,-100.625000000000000,52.375000000000000,-100.375000000000000,52.125000000000000,7,110,117364,7429,0,0
2649,-100.625000000000000,52.125000000000000,-100.375000000000000,51.875000000000000,8,110,118018,7481,0,0
2650,-100.625000000000000,51.875000000000000,-100.375000000000000,51.625000000000000,9,110,118669,7535,0,0
2651,-100.625000000000000,51.625000000000000,-100.375000000000000,51.375000000000000,10,110,119318,7590,0,0
2652,-100.625000000000000,51.375000000000000,-100.375000000000000,51.125000000000000,11,110,119964,7639,0,0
2653,-100.625000000000000,51.125000000000000,-100.375000000000000,50.875000000000000,12,110,120608,7697,0,0
2654,-100.625000000000000,50.875000000000000,-100.375000000000000,50.625000000000000,13,110,121250,7752,0,0
2655,-100.625000000000000,50.625000000000000,-100.375000000000000,50.375000000000000,14,110,121889,7803,0,0
2656,-100.625000000000000,50.375000000000000,-100.375000000000000,50.125000000000000,15,110,122526,7862,0,0
2657,-100.625000000000000,50.125000000000000,-100.375000000000000,49.875000000000000,16,110,123161,7915,0,0
2658,-100.625000000000000,49.875000000000000,-100.375000000000000,49.625000000000000,17,110,123793,7968,0,0
2659,-100.625000000000000,49.625000000000000,-100.375000000000000,49.375000000000000,18,110,124423,8024,0,0
2660,-100.625000000000000,49.375000000000000,-100.375000000000000,49.125000000000000,19,110,125050,8086,0,0
2661,-100.625000000000000,49.125000000000000,-100.375000000000000,48.875000000000000,20,110,125675,4187,0,0
2662,-100.625000000000000,48.875000000000000,-100.375000000000000,48.625000000000000,21,110,126297,0,0,
2663,-100.625000000000000,48.625000000000000,-100.375000000000000,48.375000000000000,22,110,126917,0,0,
2664,-100.625000000000000,48.375000000000000,-100.375000000000000,48.125000000000000,23,110,127534,0,0,
2665,-100.375000000000000,54.125000000000000,-100.125000000000000,53.875000000000000,0,111,112725,7061,0,0
2666,-100.375000000000000,53.875000000000000,-100.125000000000000,53.625000000000000,1,111,113394,7111,0,0
2667,-100.375000000000000,53.625000000000000,-100.125000000000000,53.375000000000000,2,111,114062,7166,0,0
2668,-100.375000000000000,53.375000000000000,-100.125000000000000,53.125000000000000,3,111,114727,7219,0,0
2669,-100.375000000000000,53.125000000000000,-100.125000000000000,52.875000000000000,4,111,115389,7269,0,0
2670,-100.375000000000000,52.875000000000000,-100.125000000000000,52.625000000000000,5,111,116050,7326,0,0
2671,-100.375000000000000,52.625000000000000,-100.125000000000000,52.375000000000000,6,111,116708,7372,0,0
2672,-100.375000000000000,52.375000000000000,-100.125000000000000,52.125000000000000,7,111,117364,7428,0,0
2673,-100.375000000000000,52.125000000000000,-100.125000000000000,51.875000000000000,8,111,118018,7482,0,0
2674,-100.375000000000000,51.875000000000000,-100.125000000000000,51.625000000000000,9,111,118669,7534,0,0
2675,-100.375000000000000,51.625000000000000,-100.125000000000000,51.375000000000000,10,111,119318,7587,0,0
2676,-100.375000000000000,51.375000000000000,-100.125000000000000,51.125000000000000,11,111,119964,7643,0,0
2677,-100.375000000000000,51.125000000000000,-100.125000000000000,50.875000000000000,12,111,120608,7698,0,0
2678,-100.375000000000000,50.875000000000000,-100.125000000000000,50.625000000000000,13,111,121250,7750,0,0
2679,-100.375000000000000,50.625000000000000,-100.125000000000000,50.375000000000000,14,111,121889,7806,0,0
2680,-100.375000000000000,50.375000000000000,-100.125000000000000,50.125000000000000,15,111,122526,7858,0,0
2681,-100.375000000000000,50.125000000000000,-100.125000000000000,49.875000000000000,16,111,123161,7915,0,0
2682,-100.375000000000000,49.875000000000000,-100.125000000000000,49.625000000000000,17,111,123793,7970,0,0
2683,-100.375000000000000,49.625000000000000,-100.125000000000000,49.375000000000000,18,111,124423,8027,0,0
2684,-100.375000000000000,49.375000000000000,-100.125000000000000,49.125000000000000,19,111,125050,8081,0,0
2685,-100.375000000000000,49.125000000000000,-100.125000000000000,48.875000000000000,20,111,125675,4187,0,0
2686,-100.375000000000000,48.875000000000000,-100.125000000000000,48.625000000000000,21,111,126297,0,0,
2687,-100.375000000000000,48.625000000000000,-100.125000000000000,48.375000000000000,22,111,126917,0,0,
2688,-100.375000000000000,48.375000000000000,-100.125000000000000,48.125000000000000,23,111,127534,0,0,
2689,-100.125000000000000,54.125000000000000,-99.875000000000000,53.875000000000000,0,112,112725,7063,0,0
2690,-100.125000000000000,53.875000000000000,-99.875000000000000,53.625000000000000,1,112,113394,7112,0,0
2691,-100.125000000000000,53.625000000000000,-99.875000000000000,53.375000000000000,2,112,114062,7165,0,0
2692,-100.125000000000000,53.375000000000000,-99.875000000000000,53.125000000000000,3,112,114727,7217,0,0
2693,-100.125000000000000,53.125000000000000,-99.875000000000000,52.875000000000000,4,112,115389,7272,0,0
2694,-100.125000000000000,52.875000000000000,-99.875000000000000,52.625000000000000,5,112,116050,7323,0,0
2695,-100.125000000000000,52.625000000000000,-99.875000000000000,52.375000000000000,6,112,116708,7377,0,0
2696,-100.125000000000000,52.375000000000000,-99.875000000000000,52.125000000000000,7,112,117364,7424,0,0
2697,-100.125000000000000,52.125000000000000,-99.875000000000000,51.875000000000000,8,112,118018,7479,0,0
2698,-100.125000000000000,51.875000000000000,-99.875000000000000,51.625000000000000,9,112,118669,7540,0,0
2699,-100.125000000000000,51.625000000000000,-99.875000000000000,51.375000000000000,10,112,119318,7589,0,0
2700,-100.125000000000000,51.375000000000000,-99.875000000000000,51.125000000000000,11,112,119964,7642,0,0
2701,-100.125000000000000,51.125000000000000,-99.875000000000000,50.875000000000000,12,112,120608,7693,0,0
2702,-100.125000000000000,50.875000000000000,-99.875000000000000,50.625000000000000,13,112,121250,7746,0,0
2703,-100.125000000000000,50.625000000000000,-99.875000000000000,50.375000000000000,14,112,121889,7808,0,0
2704,-100.125000000000000,50.375000000000000,-99.875000000000000,50.125000000000000,15,112,122526,7864,0,0
2705,-100.125000000000000,50.125000000000000,-99.875000000000000,49.875000000000000,16,112,123161,7914,0,0
2706,-100.125000000000000,49.875000000000000,-99.875000000000000,49.625000000000000,17,112,123793,7971,0,0
2707,-100.125000000000000,49.625000000000000,-99.875000000000000,49.375000000000000,18,112,124423,8023,0,0
2708,-100.125000000000000,49.375000000000000,-99.875000000000000,49.125000000000000,19,112,125050,8078,0,0
2709,-100.125000000000000,49.125000000000000,-99.875000000000000,48.875000000000000,20,112,125675,4193,0,0
2710,-100.125000000000000,48.875000000000000,-99.875000000000000,48.625000000000000,21,112,126297,0,0,
2711,-100.125000000000000,48.625000000000000,-99.875000000000000,48.375000000000000,22,112,126917,0,0,
2712,-100.125000000000000,48.375000000000000,-99.875000000000000,48.125000000000000,23,112,127534,0,0,
