id,left,top,right,bottom,row_index,col_index,_count,_sum,_mean
"1",-125.125,49.125,-124.875,48.875,"0","0",0,0,
"2",-125.125,48.875,-124.875,48.625,"1","0",0,0,
"3",-125.125,48.625,-124.875,48.375,"2","0",0,0,
"4",-125.125,48.375,-124.875,48.125,"3","0",0,0,
"5",-125.125,48.125,-124.875,47.875,"4","0",0,0,
"6",-125.125,47.875,-124.875,47.625,"5","0",0,0,
"7",-125.125,47.625,-124.875,47.375,"6","0",0,0,
"8",-125.125,47.375,-124.875,47.125,"7","0",0,0,
"9",-125.125,47.125,-124.875,46.875,"8","0",0,0,
"10",-125.125,46.875,-124.875,46.625,"9","0",0,0,
"11",-125.125,46.625,-124.875,46.375,"10","0",0,0,
"12",-125.125,46.375,-124.875,46.125,"11","0",0,0,
"13",-125.125,46.125,-124.875,45.875,"12","0",0,0,
"14",-125.125,45.875,-124.875,45.625,"13","0",0,0,
"15",-125.125,45.625,-124.875,45.375,"14","0",0,0,
"16",-125.125,45.375,-124.875,45.125,"15","0",0,0,
"17",-125.125,45.125,-124.875,44.875,"16","0",0,0,
"18",-125.125,44.875,-124.875,44.625,"17","0",0,0,
"19",-125.125,44.625,-124.875,44.375,"18","0",0,0,
"20",-125.125,44.375,-124.875,44.125,"19","0",0,0,
"21",-125.125,44.125,-124.875,43.875,"20","0",0,0,
"22",-125.125,43.875,-124.875,43.625,"21","0",0,0,
"23",-125.125,43.625,-124.875,43.375,"22","0",0,0,
"24",-125.125,43.375,-124.875,43.125,"23","0",0,0,
"25",-125.125,43.125,-124.875,42.875,"24","0",0,0,
"26",-125.125,42.875,-124.875,42.625,"25","0",0,0,
"27",-125.125,42.625,-124.875,42.375,"26","0",0,0,
"28",-125.125,42.375,-124.875,42.125,"27","0",0,0,
"29",-125.125,42.125,-124.875,41.875,"28","0",0,0,
"30",-125.125,41.875,-124.875,41.625,"29","0",0,0,
"31",-125.125,41.625,-124.875,41.375,"30","0",0,0,
"32",-125.125,41.375,-124.875,41.125,"31","0",0,0,
"33",-125.125,41.125,-124.875,40.875,"32","0",0,0,
"34",-125.125,40.875,-124.875,40.625,"33","0",0,0,
"35",-125.125,40.625,-124.875,40.375,"34","0",0,0,
"36",-125.125,40.375,-124.875,40.125,"35","0",0,0,
"37",-125.125,40.125,-124.875,39.875,"36","0",0,0,
"38",-125.125,39.875,-124.875,39.625,"37","0",0,0,
"39",-125.125,39.625,-124.875,39.375,"38","0",0,0,
"40",-125.125,39.375,-124.875,39.125,"39","0",0,0,
"41",-125.125,39.125,-124.875,38.875,"40","0",0,0,
"42",-125.125,38.875,-124.875,38.625,"41","0",0,0,
"43",-125.125,38.625,-124.875,38.375,"42","0",0,0,
"44",-125.125,38.375,-124.875,38.125,"43","0",0,0,
"45",-125.125,38.125,-124.875,37.875,"44","0",0,0,
"46",-125.125,37.875,-124.875,37.625,"45","0",0,0,
"47",-125.125,37.625,-124.875,37.375,"46","0",0,0,
"48",-125.125,37.375,-124.875,37.125,"47","0",0,0,
"49",-125.125,37.125,-124.875,36.875,"48","0",0,0,
"50",-125.125,36.875,-124.875,36.625,"49","0",0,0,
"51",-125.125,36.625,-124.875,36.375,"50","0",0,0,
"52",-125.125,36.375,-124.875,36.125,"51","0",0,0,
"53",-125.125,36.125,-124.875,35.875,"52","0",0,0,
"54",-125.125,35.875,-124.875,35.625,"53","0",,,
"55",-125.125,35.625,-124.875,35.375,"54","0",,,
"56",-125.125,35.375,-124.875,35.125,"55","0",,,
"57",-125.125,35.125,-124.875,34.875,"56","0",,,
"58",-125.125,34.875,-124.875,34.625,"57","0",,,
"59",-125.125,34.625,-124.875,34.375,"58","0",,,
"60",-125.125,34.375,-124.875,34.125,"59","0",,,
"61",-125.125,34.125,-124.875,33.875,"60","0",,,
"62",-125.125,33.875,-124.875,33.625,"61","0",,,
"63",-125.125,33.625,-124.875,33.375,"62","0",,,
"64",-125.125,33.375,-124.875,33.125,"63","0",,,
"65",-125.125,33.125,-124.875,32.875,"64","0",,,
"66",-125.125,32.875,-124.875,32.625,"65","0",,,
"67",-125.125,32.625,-124.875,32.375,"66","0",,,
"68",-125.125,32.375,-124.875,32.125,"67","0",,,
"69",-125.125,32.125,-124.875,31.875,"68","0",,,
"70",-125.125,31.875,-124.875,31.625,"69","0",,,
"71",-125.125,31.625,-124.875,31.375,"70","0",,,
"72",-125.125,31.375,-124.875,31.125,"71","0",,,
"73",-124.875,49.125,-124.625,48.875,"0","1",0,0,
"74",-124.875,48.875,-124.625,48.625,"1","1",0,0,
"75",-124.875,48.625,-124.625,48.375,"2","1",26,43.9947557151318,1.69210598904353
"76",-124.875,48.375,-124.625,48.125,"3","1",415,141.390896771452,0.340700956075789
"77",-124.875,48.125,-124.625,47.875,"4","1",268,103.033186384477,0.384452188001779
"78",-124.875,47.875,-124.625,47.625,"5","1",0,0,
"79",-124.875,47.625,-124.625,47.375,"6","1",0,0,
"80",-124.875,47.375,-124.625,47.125,"7","1",0,0,
"81",-124.875,47.125,-124.625,46.875,"8","1",0,0,
"82",-124.875,46.875,-124.625,46.625,"9","1",0,0,
"83",-124.875,46.625,-124.625,46.375,"10","1",0,0,
"84",-124.875,46.375,-124.625,46.125,"11","1",0,0,
"85",-124.875,46.125,-124.625,45.875,"12","1",0,0,
"86",-124.875,45.875,-124.625,45.625,"13","1",0,0,
"87",-124.875,45.625,-124.625,45.375,"14","1",0,0,
"88",-124.875,45.375,-124.625,45.125,"15","1",0,0,
"89",-124.875,45.125,-124.625,44.875,"16","1",0,0,
"90",-124.875,44.875,-124.625,44.625,"17","1",0,0,
"91",-124.875,44.625,-124.625,44.375,"18","1",0,0,
"92",-124.875,44.375,-124.625,44.125,"19","1",0,0,
"93",-124.875,44.125,-124.625,43.875,"20","1",0,0,
"94",-124.875,43.875,-124.625,43.625,"21","1",0,0,
"95",-124.875,43.625,-124.625,43.375,"22","1",0,0,
"96",-124.875,43.375,-124.625,43.125,"23","1",0,0,
"97",-124.875,43.125,-124.625,42.875,"24","1",0,0,
"98",-124.875,42.875,-124.625,42.625,"25","1",0,0,
"99",-124.875,42.625,-124.625,42.375,"26","1",0,0,
"100",-124.875,42.375,-124.625,42.125,"27","1",0,0,
"101",-124.875,42.125,-124.625,41.875,"28","1",0,0,
"102",-124.875,41.875,-124.625,41.625,"29","1",0,0,
"103",-124.875,41.625,-124.625,41.375,"30","1",0,0,
"104",-124.875,41.375,-124.625,41.125,"31","1",0,0,
"105",-124.875,41.125,-124.625,40.875,"32","1",0,0,
"106",-124.875,40.875,-124.625,40.625,"33","1",0,0,
"107",-124.875,40.625,-124.625,40.375,"34","1",0,0,
"108",-124.875,40.375,-124.625,40.125,"35","1",0,0,
"109",-124.875,40.125,-124.625,39.875,"36","1",0,0,
"110",-124.875,39.875,-124.625,39.625,"37","1",0,0,
"111",-124.875,39.625,-124.625,39.375,"38","1",0,0,
"112",-124.875,39.375,-124.625,39.125,"39","1",0,0,
"113",-124.875,39.125,-124.625,38.875,"40","1",0,0,
"114",-124.875,38.875,-124.625,38.625,"41","1",0,0,
"115",-124.875,38.625,-124.625,38.375,"42","1",0,0,
"116",-124.875,38.375,-124.625,38.125,"43","1",0,0,
"117",-124.875,38.125,-124.625,37.875,"44","1",0,0,
"118",-124.875,37.875,-124.625,37.625,"45","1",0,0,
"119",-124.875,37.625,-124.625,37.375,"46","1",0,0,
"120",-124.875,37.375,-124.625,37.125,"47","1",0,0,
"121",-124.875,37.125,-124.625,36.875,"48","1",0,0,
"122",-124.875,36.875,-124.625,36.625,"49","1",0,0,
"123",-124.875,36.625,-124.625,36.375,"50","1",0,0,
"124",-124.875,36.375,-124.625,36.125,"51","1",0,0,
"125",-124.875,36.125,-124.625,35.875,"52","1",0,0,
"126",-124.875,35.875,-124.625,35.625,"53","1",0,0,
"127",-124.875,35.625,-124.625,35.375,"54","1",0,0,
"128",-124.875,35.375,-124.625,35.125,"55","1",,,
"129",-124.875,35.125,-124.625,34.875,"56","1",,,
"130",-124.875,34.875,-124.625,34.625,"57","1",,,
"131",-124.875,34.625,-124.625,34.375,"58","1",,,
"132",-124.875,34.375,-124.625,34.125,"59","1",,,
"133",-124.875,34.125,-124.625,33.875,"60","1",,,
"134",-124.875,33.875,-124.625,33.625,"61","1",,,
"135",-124.875,33.625,-124.625,33.375,"62","1",,,
"136",-124.875,33.375,-124.625,33.125,"63","1",,,
"137",-124.875,33.125,-124.625,32.875,"64","1",,,
"138",-124.875,32.875,-124.625,32.625,"65","1",,,
"139",-124.875,32.625,-124.625,32.375,"66","1",,,
"140",-124.875,32.375,-124.625,32.125,"67","1",,,
"141",-124.875,32.125,-124.625,31.875,"68","1",,,
"142",-124.875,31.875,-124.625,31.625,"69","1",,,
"143",-124.875,31.625,-124.625,31.375,"70","1",,,
"144",-124.875,31.375,-124.625,31.125,"71","1",,,
"145",-124.625,49.125,-124.375,48.875,"0","2",0,0,
"146",-124.625,48.875,-124.375,48.625,"1","2",0,0,
"147",-124.625,48.625,-124.375,48.375,"2","2",0,0,
"148",-124.625,48.375,-124.375,48.125,"3","2",7948,4498.35250998213,0.565972887516624
"149",-124.625,48.125,-124.375,47.875,"4","2",5253,2678.3920051668,0.509878546576584
"150",-124.625,47.875,-124.375,47.625,"5","2",4238,2470.95716765072,0.583047939511732
"151",-124.625,47.625,-124.375,47.375,"6","2",7,9.86635661125183,1.40947951589312
"152",-124.625,47.375,-124.375,47.125,"7","2",0,0,
"153",-124.625,47.125,-124.375,46.875,"8","2",0,0,
"154",-124.625,46.875,-124.375,46.625,"9","2",0,0,
"155",-124.625,46.625,-124.375,46.375,"10","2",0,0,
"156",-124.625,46.375,-124.375,46.125,"11","2",0,0,
"157",-124.625,46.125,-124.375,45.875,"12","2",0,0,
"158",-124.625,45.875,-124.375,45.625,"13","2",0,0,
"159",-124.625,45.625,-124.375,45.375,"14","2",0,0,
"160",-124.625,45.375,-124.375,45.125,"15","2",0,0,
"161",-124.625,45.125,-124.375,44.875,"16","2",0,0,
"162",-124.625,44.875,-124.375,44.625,"17","2",0,0,
"163",-124.625,44.625,-124.375,44.375,"18","2",0,0,
"164",-124.625,44.375,-124.375,44.125,"19","2",0,0,
"165",-124.625,44.125,-124.375,43.875,"20","2",0,0,
"166",-124.625,43.875,-124.375,43.625,"21","2",0,0,
"167",-124.625,43.625,-124.375,43.375,"22","2",0,0,
"168",-124.625,43.375,-124.375,43.125,"23","2",518,618.66957689471,1.19434281253805
"169",-124.625,43.125,-124.375,42.875,"24","2",2326,2841.74442106124,1.2217301896222
"170",-124.625,42.875,-124.375,42.625,"25","2",1485,1345.18787224741,0.905850419021823
"171",-124.625,42.625,-124.375,42.375,"26","2",4267,3756.15466116089,0.880279976836394
"172",-124.625,42.375,-124.375,42.125,"27","2",1856,1610.41972732171,0.867683042737993
"173",-124.625,42.125,-124.375,41.875,"28","2",0,0,
"174",-124.625,41.875,-124.375,41.625,"29","2",0,0,
"175",-124.625,41.625,-124.375,41.375,"30","2",0,0,
"176",-124.625,41.375,-124.375,41.125,"31","2",0,0,
"177",-124.625,41.125,-124.375,40.875,"32","2",0,0,
"178",-124.625,40.875,-124.375,40.625,"33","2",0,0,
"179",-124.625,40.625,-124.375,40.375,"34","2",15,60.8961796760559,4.05974531173706
"180",-124.625,40.375,-124.375,40.125,"35","2",0,0,
"181",-124.625,40.125,-124.375,39.875,"36","2",0,0,
"182",-124.625,39.875,-124.375,39.625,"37","2",0,0,
"183",-124.625,39.625,-124.375,39.375,"38","2",0,0,
"184",-124.625,39.375,-124.375,39.125,"39","2",0,0,
"185",-124.625,39.125,-124.375,38.875,"40","2",0,0,
"186",-124.625,38.875,-124.375,38.625,"41","2",0,0,
"187",-124.625,38.625,-124.375,38.375,"42","2",0,0,
"188",-124.625,38.375,-124.375,38.125,"43","2",0,0,
"189",-124.625,38.125,-124.375,37.875,"44","2",0,0,
"190",-124.625,37.875,-124.375,37.625,"45","2",0,0,
"191",-124.625,37.625,-124.375,37.375,"46","2",0,0,
"192",-124.625,37.375,-124.375,37.125,"47","2",0,0,
"193",-124.625,37.125,-124.375,36.875,"48","2",0,0,
"194",-124.625,36.875,-124.375,36.625,"49","2",0,0,
"195",-124.625,36.625,-124.375,36.375,"50","2",0,0,
"196",-124.625,36.375,-124.375,36.125,"51","2",0,0,
"197",-124.625,36.125,-124.375,35.875,"52","2",0,0,
"198",-124.625,35.875,-124.375,35.625,"53","2",0,0,
"199",-124.625,35.625,-124.375,35.375,"54","2",0,0,
"200",-124.625,35.375,-124.375,35.125,"55","2",0,0,
"201",-124.625,35.125,-124.375,34.875,"56","2",0,0,
"202",-124.625,34.875,-124.375,34.625,"57","2",0,0,
"203",-124.625,34.625,-124.375,34.375,"58","2",,,
"204",-124.625,34.375,-124.375,34.125,"59","2",,,
"205",-124.625,34.125,-124.375,33.875,"60","2",,,
"206",-124.625,33.875,-124.375,33.625,"61","2",,,
"207",-124.625,33.625,-124.375,33.375,"62","2",,,
"208",-124.625,33.375,-124.375,33.125,"63","2",,,
"209",-124.625,33.125,-124.375,32.875,"64","2",,,
"210",-124.625,32.875,-124.375,32.625,"65","2",,,
"211",-124.625,32.625,-124.375,32.375,"66","2",,,
"212",-124.625,32.375,-124.375,32.125,"67","2",,,
"213",-124.625,32.125,-124.375,31.875,"68","2",,,
"214",-124.625,31.875,-124.375,31.625,"69","2",,,
"215",-124.625,31.625,-124.375,31.375,"70","2",,,
"216",-124.625,31.375,-124.375,31.125,"71","2",,,
"217",-124.375,49.125,-124.125,48.875,"0","3",0,0,
"218",-124.375,48.875,-124.125,48.625,"1","3",0,0,
"219",-124.375,48.625,-124.125,48.375,"2","3",0,0,
"220",-124.375,48.375,-124.125,48.125,"3","3",3387,2006.53186275827,0.592421571525915
"221",-124.375,48.125,-124.125,47.875,"4","3",4011,1983.25148035613,0.494453123998037
"222",-124.375,47.875,-124.125,47.625,"5","3",8144,5110.91497781398,0.627568145605843
"223",-124.375,47.625,-124.125,47.375,"6","3",12859,9130.67450953159,0.71006100859566
"224",-124.375,47.375,-124.125,47.125,"7","3",4639,3900.22178959766,0.840746236171085
"225",-124.375,47.125,-124.125,46.875,"8","3",732,460.263329241308,0.628775039947143
"226",-124.375,46.875,-124.125,46.625,"9","3",0,0,
"227",-124.375,46.625,-124.125,46.375,"10","3",0,0,
"228",-124.375,46.375,-124.125,46.125,"11","3",0,0,
"229",-124.375,46.125,-124.125,45.875,"12","3",0,0,
"230",-124.375,45.875,-124.125,45.625,"13","3",0,0,
"231",-124.375,45.625,-124.125,45.375,"14","3",0,0,
"232",-124.375,45.375,-124.125,45.125,"15","3",0,0,
"233",-124.375,45.125,-124.125,44.875,"16","3",0,0,
"234",-124.375,44.875,-124.125,44.625,"17","3",0,0,
"235",-124.375,44.625,-124.125,44.375,"18","3",0,0,
"236",-124.375,44.375,-124.125,44.125,"19","3",0,0,
"237",-124.375,44.125,-124.125,43.875,"20","3",310,280.006719008903,0.903247480673881
"238",-124.375,43.875,-124.125,43.625,"21","3",1073,1359.35126725817,1.26686977377276
"239",-124.375,43.625,-124.125,43.375,"22","3",3669,4423.38789846632,1.20561131056591
"240",-124.375,43.375,-124.125,43.125,"23","3",13364,16618.6146699191,1.24353596751864
"241",-124.375,43.125,-124.125,42.875,"24","3",13242,14048.1378750772,1.06087735048159
"242",-124.375,42.875,-124.125,42.625,"25","3",15165,16021.2435605872,1.05646182397541
"243",-124.375,42.625,-124.125,42.375,"26","3",162913,349167.05570552,2.14327313170539
"244",-124.375,42.375,-124.125,42.125,"27","3",144968,299530.161285303,2.06618123506776
"245",-124.375,42.125,-124.125,41.875,"28","3",37664,38946.8209828391,1.03405960553417
"246",-124.375,41.875,-124.125,41.625,"29","3",37,150.210576534271,4.05974531173706
"247",-124.375,41.625,-124.125,41.375,"30","3",0,0,
"248",-124.375,41.375,-124.125,41.125,"31","3",33,133.971595287323,4.05974531173706
"249",-124.375,41.125,-124.125,40.875,"32","3",144,584.603324890137,4.05974531173706
"250",-124.375,40.875,-124.125,40.625,"33","3",529,2147.60526990891,4.05974531173706
"251",-124.375,40.625,-124.125,40.375,"34","3",686,2784.98528385162,4.05974531173706
"252",-124.375,40.375,-124.125,40.125,"35","3",196,795.710081100464,4.05974531173706
"253",-124.375,40.125,-124.125,39.875,"36","3",2,8.11949062347412,4.05974531173706
"254",-124.375,39.875,-124.125,39.625,"37","3",0,0,
"255",-124.375,39.625,-124.125,39.375,"38","3",0,0,
"256",-124.375,39.375,-124.125,39.125,"39","3",0,0,
"257",-124.375,39.125,-124.125,38.875,"40","3",0,0,
"258",-124.375,38.875,-124.125,38.625,"41","3",0,0,
"259",-124.375,38.625,-124.125,38.375,"42","3",0,0,
"260",-124.375,38.375,-124.125,38.125,"43","3",0,0,
"261",-124.375,38.125,-124.125,37.875,"44","3",0,0,
"262",-124.375,37.875,-124.125,37.625,"45","3",0,0,
"263",-124.375,37.625,-124.125,37.375,"46","3",0,0,
"264",-124.375,37.375,-124.125,37.125,"47","3",0,0,
"265",-124.375,37.125,-124.125,36.875,"48","3",0,0,
"266",-124.375,36.875,-124.125,36.625,"49","3",0,0,
"267",-124.375,36.625,-124.125,36.375,"50","3",0,0,
"268",-124.375,36.375,-124.125,36.125,"51","3",0,0,
"269",-124.375,36.125,-124.125,35.875,"52","3",0,0,
"270",-124.375,35.875,-124.125,35.625,"53","3",0,0,
"271",-124.375,35.625,-124.125,35.375,"54","3",0,0,
"272",-124.375,35.375,-124.125,35.125,"55","3",0,0,
"273",-124.375,35.125,-124.125,34.875,"56","3",0,0,
"274",-124.375,34.875,-124.125,34.625,"57","3",0,0,
"275",-124.375,34.625,-124.125,34.375,"58","3",0,0,
"276",-124.375,34.375,-124.125,34.125,"59","3",0,0,
"277",-124.375,34.125,-124.125,33.875,"60","3",0,0,
"278",-124.375,33.875,-124.125,33.625,"61","3",,,
"279",-124.375,33.625,-124.125,33.375,"62","3",,,
"280",-124.375,33.375,-124.125,33.125,"63","3",,,
"281",-124.375,33.125,-124.125,32.875,"64","3",,,
"282",-124.375,32.875,-124.125,32.625,"65","3",,,
"283",-124.375,32.625,-124.125,32.375,"66","3",,,
"284",-124.375,32.375,-124.125,32.125,"67","3",,,
"285",-124.375,32.125,-124.125,31.875,"68","3",,,
"286",-124.375,31.875,-124.125,31.625,"69","3",,,
"287",-124.375,31.625,-124.125,31.375,"70","3",,,
"288",-124.375,31.375,-124.125,31.125,"71","3",,,
"289",-124.125,49.125,-123.875,48.875,"0","4",0,0,
"290",-124.125,48.875,-123.875,48.625,"1","4",0,0,
"291",-124.125,48.625,-123.875,48.375,"2","4",0,0,
"292",-124.125,48.375,-123.875,48.125,"3","4",1208,583.218389574551,0.482796680111383
"293",-124.125,48.125,-123.875,47.875,"4","4",4714,4162.99732267499,0.883113560177131
"294",-124.125,47.875,-123.875,47.625,"5","4",1775,1306.88710918266,0.73627442770854
"295",-124.125,47.625,-123.875,47.375,"6","4",8292,5368.19986009299,0.647395062722262
"296",-124.125,47.375,-123.875,47.125,"7","4",21853,14495.8138855079,0.663332900997938
"297",-124.125,47.125,-123.875,46.875,"8","4",5870,4742.66144433276,0.807949138727897
"298",-124.125,46.875,-123.875,46.625,"9","4",6914,6971.01451350468,1.00824624146727
"299",-124.125,46.625,-123.875,46.375,"10","4",4995,4387.92598969503,0.878463661600606
"300",-124.125,46.375,-123.875,46.125,"11","4",5061,5011.47118025352,0.99021362976754
"301",-124.125,46.125,-123.875,45.875,"12","4",1310,995.132026389809,0.759642768236495
"302",-124.125,45.875,-123.875,45.625,"13","4",6874,5873.64208587873,0.854472226633508
"303",-124.125,45.625,-123.875,45.375,"14","4",3509,2963.16781492634,0.844447938138029
"304",-124.125,45.375,-123.875,45.125,"15","4",1545,963.310825076187,0.623502152152872
"305",-124.125,45.125,-123.875,44.875,"16","4",1015,682.007421974748,0.671928494556402
"306",-124.125,44.875,-123.875,44.625,"17","4",3889,3397.45659937432,0.873606736789489
"307",-124.125,44.625,-123.875,44.375,"18","4",2439,2382.50188580121,0.976835541533912
"308",-124.125,44.375,-123.875,44.125,"19","4",826,575.555042619839,0.696797872421112
"309",-124.125,44.125,-123.875,43.875,"20","4",3587,3195.95370816766,0.890982355218194
"310",-124.125,43.875,-123.875,43.625,"21","4",10076,8943.19918382404,0.887574353297344
"311",-124.125,43.625,-123.875,43.375,"22","4",11738,10789.4427596566,0.919189194041289
"312",-124.125,43.375,-123.875,43.125,"23","4",62858,52395.2315125847,0.833549134757465
"313",-124.125,43.125,-123.875,42.875,"24","4",174504,152740.801987794,0.875285391668922
"314",-124.125,42.875,-123.875,42.625,"25","4",217644,609219.871891808,2.79915766982691
"315",-124.125,42.625,-123.875,42.375,"26","4",298294,1808613.78149116,6.06319195656351
"316",-124.125,42.375,-123.875,42.125,"27","4",292074,1330696.34810834,4.55602466535309
"317",-124.125,42.125,-123.875,41.875,"28","4",104196,302177.457743911,2.90008692986209
"318",-124.125,41.875,-123.875,41.625,"29","4",79771,210260.807710641,2.63580508844869
"319",-124.125,41.625,-123.875,41.375,"30","4",35032,163289.697270712,4.66115829158232
"320",-124.125,41.375,-123.875,41.125,"31","4",18676,22830.4842917321,1.22245043326902
"321",-124.125,41.125,-123.875,40.875,"32","4",20437,31331.4354453326,1.5330741031136
"322",-124.125,40.875,-123.875,40.625,"33","4",731,2953.62593278289,4.04052795182338
"323",-124.125,40.625,-123.875,40.375,"34","4",753,3056.98821973801,4.05974531173706
"324",-124.125,40.375,-123.875,40.125,"35","4",703,2854.00095415115,4.05974531173706
"325",-124.125,40.125,-123.875,39.875,"36","4",50,202.987265586853,4.05974531173706
"326",-124.125,39.875,-123.875,39.625,"37","4",1,4.05974531173706,4.05974531173706
"327",-124.125,39.625,-123.875,39.375,"38","4",0,0,
"328",-124.125,39.375,-123.875,39.125,"39","4",0,0,
"329",-124.125,39.125,-123.875,38.875,"40","4",0,0,
"330",-124.125,38.875,-123.875,38.625,"41","4",0,0,
"331",-124.125,38.625,-123.875,38.375,"42","4",0,0,
"332",-124.125,38.375,-123.875,38.125,"43","4",0,0,
"333",-124.125,38.125,-123.875,37.875,"44","4",0,0,
"334",-124.125,37.875,-123.875,37.625,"45","4",0,0,
"335",-124.125,37.625,-123.875,37.375,"46","4",0,0,
"336",-124.125,37.375,-123.875,37.125,"47","4",0,0,
"337",-124.125,37.125,-123.875,36.875,"48","4",0,0,
"338",-124.125,36.875,-123.875,36.625,"49","4",0,0,
"339",-124.125,36.625,-123.875,36.375,"50","4",0,0,
"340",-124.125,36.375,-123.875,36.125,"51","4",0,0,
"341",-124.125,36.125,-123.875,35.875,"52","4",0,0,
"342",-124.125,35.875,-123.875,35.625,"53","4",0,0,
"343",-124.125,35.625,-123.875,35.375,"54","4",0,0,
"344",-124.125,35.375,-123.875,35.125,"55","4",0,0,
"345",-124.125,35.125,-123.875,34.875,"56","4",0,0,
"346",-124.125,34.875,-123.875,34.625,"57","4",0,0,
"347",-124.125,34.625,-123.875,34.375,"58","4",0,0,
"348",-124.125,34.375,-123.875,34.125,"59","4",0,0,
"349",-124.125,34.125,-123.875,33.875,"60","4",0,0,
"350",-124.125,33.875,-123.875,33.625,"61","4",0,0,
"351",-124.125,33.625,-123.875,33.375,"62","4",0,0,
"352",-124.125,33.375,-123.875,33.125,"63","4",,,
"353",-124.125,33.125,-123.875,32.875,"64","4",,,
"354",-124.125,32.875,-123.875,32.625,"65","4",,,
"355",-124.125,32.625,-123.875,32.375,"66","4",,,
"356",-124.125,32.375,-123.875,32.125,"67","4",,,
"357",-124.125,32.125,-123.875,31.875,"68","4",,,
"358",-124.125,31.875,-123.875,31.625,"69","4",,,
"359",-124.125,31.625,-123.875,31.375,"70","4",,,
"360",-124.125,31.375,-123.875,31.125,"71","4",,,
"361",-123.875,49.125,-123.625,48.875,"0","5",0,0,
"362",-123.875,48.875,-123.625,48.625,"1","5",0,0,
"363",-123.875,48.625,-123.625,48.375,"2","5",0,0,
"364",-123.875,48.375,-123.625,48.125,"3","5",210,187.891062406823,0.894719344794395
"365",-123.875,48.125,-123.625,47.875,"4","5",8103,6714.60148005668,0.828656235968985
"366",-123.875,47.875,-123.625,47.625,"5","5",3860,3486.20229824309,0.903161217161423
"367",-123.875,47.625,-123.625,47.375,"6","5",664,262.212844924448,0.394898862838025
"368",-123.875,47.375,-123.625,47.125,"7","5",10673,9144.90497110577,0.856826100543968
"369",-123.875,47.125,-123.625,46.875,"8","5",9532,7996.70887523837,0.838932949563404
"370",-123.875,46.875,-123.625,46.625,"9","5",28653,28547.3098139229,0.996311374513068
"371",-123.875,46.625,-123.625,46.375,"10","5",40160,40450.8276208845,1.0072417236276
"372",-123.875,46.375,-123.625,46.125,"11","5",9339,8436.08784305462,0.903318111473886
"373",-123.875,46.125,-123.625,45.875,"12","5",15373,9557.75925868176,0.621723753248016
"374",-123.875,45.875,-123.625,45.625,"13","5",10695,7340.4001347563,0.686339423539626
"375",-123.875,45.625,-123.625,45.375,"14","5",6835,3537.60060263212,0.517571412235863
"376",-123.875,45.375,-123.625,45.125,"15","5",3034,1250.04319981733,0.412011601785541
"377",-123.875,45.125,-123.625,44.875,"16","5",25781,19534.3730433824,0.757704241238988
"378",-123.875,44.875,-123.625,44.625,"17","5",19815,16750.4684306273,0.845342842827517
"379",-123.875,44.625,-123.625,44.375,"18","5",13026,10544.7156373901,0.809512946214499
"380",-123.875,44.375,-123.625,44.125,"19","5",26530,23176.5755801692,0.873598777993563
"381",-123.875,44.125,-123.625,43.875,"20","5",58310,49026.5747726243,0.840791884284416
"382",-123.875,43.875,-123.625,43.625,"21","5",111841,89538.9514803323,0.800591477904635
"383",-123.875,43.625,-123.625,43.375,"22","5",145218,115275.450261388,0.793809653496042
"384",-123.875,43.375,-123.625,43.125,"23","5",222937,205605.006011925,0.922256090339088
"385",-123.875,43.125,-123.625,42.875,"24","5",261089,359452.677484359,1.37674385931372
"386",-123.875,42.875,-123.625,42.625,"25","5",327246,1528604.63183978,4.67111784969038
"387",-123.875,42.625,-123.625,42.375,"26","5",419533,3183760.64992467,7.58882054552244
"388",-123.875,42.375,-123.625,42.125,"27","5",261772,1578747.42670109,6.03100188981666
"389",-123.875,42.125,-123.625,41.875,"28","5",292750,2309313.63063241,7.88834715843693
"390",-123.875,41.875,-123.625,41.625,"29","5",460840,5200404.9078013,11.2846213605618
"391",-123.875,41.625,-123.625,41.375,"30","5",431320,4681487.9786491,10.853862511938
"392",-123.875,41.375,-123.625,41.125,"31","5",221130,1263901.98631615,5.71565136488108
"393",-123.875,41.125,-123.625,40.875,"32","5",133484,396547.245348315,2.97074739555539
"394",-123.875,40.875,-123.625,40.625,"33","5",233042,2182912.70136109,9.3670355616631
"395",-123.875,40.625,-123.625,40.375,"34","5",34380,177407.354793652,5.16019065717429
"396",-123.875,40.375,-123.625,40.125,"35","5",25031,45445.0038125748,1.81554887190183
"397",-123.875,40.125,-123.625,39.875,"36","5",35608,107206.754397808,3.01074911249741
"398",-123.875,39.875,-123.625,39.625,"37","5",5398,7884.69208726333,1.46066915288317
"399",-123.875,39.625,-123.625,39.375,"38","5",89,361.317332744598,4.05974531173706
"400",-123.875,39.375,-123.625,39.125,"39","5",287,1165.14690446854,4.05974531173706
"401",-123.875,39.125,-123.625,38.875,"40","5",78,316.660134315491,4.05974531173706
"402",-123.875,38.875,-123.625,38.625,"41","5",10,40.5974531173706,4.05974531173706
"403",-123.875,38.625,-123.625,38.375,"42","5",0,0,
"404",-123.875,38.375,-123.625,38.125,"43","5",0,0,
"405",-123.875,38.125,-123.625,37.875,"44","5",0,0,
"406",-123.875,37.875,-123.625,37.625,"45","5",0,0,
"407",-123.875,37.625,-123.625,37.375,"46","5",0,0,
"408",-123.875,37.375,-123.625,37.125,"47","5",0,0,
"409",-123.875,37.125,-123.625,36.875,"48","5",0,0,
"410",-123.875,36.875,-123.625,36.625,"49","5",0,0,
"411",-123.875,36.625,-123.625,36.375,"50","5",0,0,
"412",-123.875,36.375,-123.625,36.125,"51","5",0,0,
"413",-123.875,36.125,-123.625,35.875,"52","5",0,0,
"414",-123.875,35.875,-123.625,35.625,"53","5",0,0,
"415",-123.875,35.625,-123.625,35.375,"54","5",0,0,
"416",-123.875,35.375,-123.625,35.125,"55","5",0,0,
"417",-123.875,35.125,-123.625,34.875,"56","5",0,0,
"418",-123.875,34.875,-123.625,34.625,"57","5",0,0,
"419",-123.875,34.625,-123.625,34.375,"58","5",0,0,
"420",-123.875,34.375,-123.625,34.125,"59","5",0,0,
"421",-123.875,34.125,-123.625,33.875,"60","5",0,0,
"422",-123.875,33.875,-123.625,33.625,"61","5",0,0,
"423",-123.875,33.625,-123.625,33.375,"62","5",0,0,
"424",-123.875,33.375,-123.625,33.125,"63","5",0,0,
"425",-123.875,33.125,-123.625,32.875,"64","5",0,0,
"426",-123.875,32.875,-123.625,32.625,"65","5",0,0,
"427",-123.875,32.625,-123.625,32.375,"66","5",,,
"428",-123.875,32.375,-123.625,32.125,"67","5",,,
"429",-123.875,32.125,-123.625,31.875,"68","5",,,
"430",-123.875,31.875,-123.625,31.625,"69","5",,,
"431",-123.875,31.625,-123.625,31.375,"70","5",,,
"432",-123.875,31.375,-123.625,31.125,"71","5",,,
"433",-123.625,49.125,-123.375,48.875,"0","6",0,0,
"434",-123.625,48.875,-123.375,48.625,"1","6",0,0,
"435",-123.625,48.625,-123.375,48.375,"2","6",0,0,
"436",-123.625,48.375,-123.375,48.125,"3","6",200,134.062018245459,0.670310091227293
"437",-123.625,48.125,-123.375,47.875,"4","6",45666,29821.2319681364,0.653029211407533
"438",-123.625,47.875,-123.375,47.625,"5","6",9485,5955.74040717552,0.627911482042754
"439",-123.625,47.625,-123.375,47.375,"6","6",2397,1475.79740177233,0.615685190560002
"440",-123.625,47.375,-123.375,47.125,"7","6",23233,16813.0065387351,0.723669200651447
"441",-123.625,47.125,-123.375,46.875,"8","6",14452,13463.4524886605,0.931597874941911
"442",-123.625,46.875,-123.375,46.625,"9","6",23415,25745.3228191992,1.09952264869524
"443",-123.625,46.625,-123.375,46.375,"10","6",23925,18304.5601917704,0.765080885758429
"444",-123.625,46.375,-123.375,46.125,"11","6",9917,9161.73490588666,0.923841373992806
"445",-123.625,46.125,-123.375,45.875,"12","6",11313,8975.62025222724,0.79338992771389
"446",-123.625,45.875,-123.375,45.625,"13","6",24238,18362.4877793092,0.757590881232331
"447",-123.625,45.625,-123.375,45.375,"14","6",33336,25300.4922541564,0.758954051300588
"448",-123.625,45.375,-123.375,45.125,"15","6",25753,16147.8121782657,0.627026450443278
"449",-123.625,45.125,-123.375,44.875,"16","6",34845,26147.3438560689,0.750390123577813
"450",-123.625,44.875,-123.375,44.625,"17","6",30081,24532.6583305912,0.815553283820058
"451",-123.625,44.625,-123.375,44.375,"18","6",70257,58065.2746790819,0.826469599884451
"452",-123.625,44.375,-123.375,44.125,"19","6",187371,163851.622314002,0.87447695915591
"453",-123.625,44.125,-123.375,43.875,"20","6",240582,190071.756476983,0.790049781267853
"454",-123.625,43.875,-123.375,43.625,"21","6",355995,295391.499209163,0.82976305624844
"455",-123.625,43.625,-123.375,43.375,"22","6",320654,312537.120480646,0.974686485996263
"456",-123.625,43.375,-123.375,43.125,"23","6",117999,132353.378986808,1.1216483104671
"457",-123.625,43.125,-123.375,42.875,"24","6",149735,367657.14464535,2.45538547864794
"458",-123.625,42.875,-123.375,42.625,"25","6",235934,839843.739187083,3.55965540866125
"459",-123.625,42.625,-123.375,42.375,"26","6",175687,599532.855454738,3.41250550954105
"460",-123.625,42.375,-123.375,42.125,"27","6",278099,2112995.48981579,7.59799743909827
"461",-123.625,42.125,-123.375,41.875,"28","6",505938,9758341.60351158,19.2876233916242
"462",-123.625,41.875,-123.375,41.625,"29","6",395943,4356836.95917002,11.0036973987923
"463",-123.625,41.625,-123.375,41.375,"30","6",330449,3623387.98342371,10.9650444801579
"464",-123.625,41.375,-123.375,41.125,"31","6",321210,3352511.44718657,10.4371328638167
"465",-123.625,41.125,-123.375,40.875,"32","6",356066,3460159.05679029,9.71774630767972
"466",-123.625,40.875,-123.375,40.625,"33","6",298484,2242063.69455195,7.51150378094622
"467",-123.625,40.625,-123.375,40.375,"34","6",376282,4248529.58624087,11.2908127049417
"468",-123.625,40.375,-123.375,40.125,"35","6",334012,3791537.73300084,11.3515015418633
"469",-123.625,40.125,-123.375,39.875,"36","6",85684,276073.598444098,3.22199708748539
"470",-123.625,39.875,-123.375,39.625,"37","6",83085,227140.520285879,2.73383306596713
"471",-123.625,39.625,-123.375,39.375,"38","6",19099,20290.2738723397,1.0623736254432
"472",-123.625,39.375,-123.375,39.125,"39","6",1513,2259.64614785113,1.49348720941912
"473",-123.625,39.125,-123.375,38.875,"40","6",2384,1458.00830875372,0.61158066642354
"474",-123.625,38.875,-123.375,38.625,"41","6",199,807.889317035675,4.05974531173706
"475",-123.625,38.625,-123.375,38.375,"42","6",0,0,
"476",-123.625,38.375,-123.375,38.125,"43","6",0,0,
"477",-123.625,38.125,-123.375,37.875,"44","6",0,0,
"478",-123.625,37.875,-123.375,37.625,"45","6",0,0,
"479",-123.625,37.625,-123.375,37.375,"46","6",0,0,
"480",-123.625,37.375,-123.375,37.125,"47","6",0,0,
"481",-123.625,37.125,-123.375,36.875,"48","6",0,0,
"482",-123.625,36.875,-123.375,36.625,"49","6",0,0,
"483",-123.625,36.625,-123.375,36.375,"50","6",0,0,
"484",-123.625,36.375,-123.375,36.125,"51","6",0,0,
"485",-123.625,36.125,-123.375,35.875,"52","6",0,0,
"486",-123.625,35.875,-123.375,35.625,"53","6",0,0,
"487",-123.625,35.625,-123.375,35.375,"54","6",0,0,
"488",-123.625,35.375,-123.375,35.125,"55","6",0,0,
"489",-123.625,35.125,-123.375,34.875,"56","6",0,0,
"490",-123.625,34.875,-123.375,34.625,"57","6",0,0,
"491",-123.625,34.625,-123.375,34.375,"58","6",0,0,
"492",-123.625,34.375,-123.375,34.125,"59","6",0,0,
"493",-123.625,34.125,-123.375,33.875,"60","6",0,0,
"494",-123.625,33.875,-123.375,33.625,"61","6",0,0,
"495",-123.625,33.625,-123.375,33.375,"62","6",0,0,
"496",-123.625,33.375,-123.375,33.125,"63","6",0,0,
"497",-123.625,33.125,-123.375,32.875,"64","6",0,0,
"498",-123.625,32.875,-123.375,32.625,"65","6",0,0,
"499",-123.625,32.625,-123.375,32.375,"66","6",0,0,
"500",-123.625,32.375,-123.375,32.125,"67","6",0,0,
"501",-123.625,32.125,-123.375,31.875,"68","6",0,0,
"502",-123.625,31.875,-123.375,31.625,"69","6",,,
"503",-123.625,31.625,-123.375,31.375,"70","6",,,
"504",-123.625,31.375,-123.375,31.125,"71","6",,,
"505",-123.375,49.125,-123.125,48.875,"0","7",0,0,
"506",-123.375,48.875,-123.125,48.625,"1","7",568,367.593092262745,0.647170937082297
"507",-123.375,48.625,-123.125,48.375,"2","7",4130,2601.31362372637,0.629858020272728
"508",-123.375,48.375,-123.125,48.125,"3","7",131,84.0047670006752,0.641257763363933
"509",-123.375,48.125,-123.125,47.875,"4","7",124160,81041.6549573026,0.652719514797862
"510",-123.375,47.875,-123.125,47.625,"5","7",22479,17143.9285165691,0.762664198432719
"511",-123.375,47.625,-123.125,47.375,"6","7",42146,32199.3756648849,0.763996005905303
"512",-123.375,47.375,-123.125,47.125,"7","7",35131,23355.9487619852,0.664824478722075
"513",-123.375,47.125,-123.125,46.875,"8","7",11026,8432.16848212367,0.764753172693966
"514",-123.375,46.875,-123.125,46.625,"9","7",16941,15651.1533106387,0.923862423153223
"515",-123.375,46.625,-123.125,46.375,"10","7",27846,21744.6741125449,0.780890401226203
"516",-123.375,46.375,-123.125,46.125,"11","7",12693,11166.6381936809,0.879747750230907
"517",-123.375,46.125,-123.125,45.875,"12","7",10848,10653.4851562743,0.982069059391071
"518",-123.375,45.875,-123.125,45.625,"13","7",31260,22012.8071309058,0.704184489152457
"519",-123.375,45.625,-123.125,45.375,"14","7",100563,65430.1110601021,0.650638018556548
"520",-123.375,45.375,-123.125,45.125,"15","7",31169,20161.0403653333,0.646829874725955
"521",-123.375,45.125,-123.125,44.875,"16","7",9788,6348.12113589048,0.648561619931598
"522",-123.375,44.875,-123.125,44.625,"17","7",30954,19864.4151220322,0.641739843704599
"523",-123.375,44.625,-123.125,44.375,"18","7",9601,6215.2820301652,0.647357778373627
"524",-123.375,44.375,-123.125,44.125,"19","7",5790,3831.14192765951,0.661682543637221
"525",-123.375,44.125,-123.125,43.875,"20","7",64301,44765.8423951965,0.696192009380826
"526",-123.375,43.875,-123.125,43.625,"21","7",244449,166255.110470125,0.680121867833885
"527",-123.375,43.625,-123.125,43.375,"22","7",130235,147963.260741246,1.13612516405917
"528",-123.375,43.375,-123.125,43.125,"23","7",53885,112742.440129168,2.09227874416197
"529",-123.375,43.125,-123.125,42.875,"24","7",140634,375284.135040798,2.66851639746291
"530",-123.375,42.875,-123.125,42.625,"25","7",309357,1588988.26431801,5.13642252904577
"531",-123.375,42.625,-123.125,42.375,"26","7",153984,668649.258518663,4.34232945318126
"532",-123.375,42.375,-123.125,42.125,"27","7",197971,1210391.65624576,6.11398465555944
"533",-123.375,42.125,-123.125,41.875,"28","7",498325,9374596.17965722,18.8122132737816
"534",-123.375,41.875,-123.125,41.625,"29","7",341344,3789860.17968673,11.1027590339562
"535",-123.375,41.625,-123.125,41.375,"30","7",519731,11441328.5575243,22.0139429003164
"536",-123.375,41.375,-123.125,41.125,"31","7",352906,3822337.9357797,10.8310369780613
"537",-123.375,41.125,-123.125,40.875,"32","7",468337,5048994.7001563,10.7806871978005
"538",-123.375,40.875,-123.125,40.625,"33","7",359105,2238826.86052574,6.23446306936896
"539",-123.375,40.625,-123.125,40.375,"34","7",365382,2889783.31154503,7.90893725346357
"540",-123.375,40.375,-123.125,40.125,"35","7",453991,4929440.47081121,10.8580136408237
"541",-123.375,40.125,-123.125,39.875,"36","7",279201,2070263.07419416,7.41495579956432
"542",-123.375,39.875,-123.125,39.625,"37","7",74786,222957.550539194,2.9812739087422
"543",-123.375,39.625,-123.125,39.375,"38","7",82438,247007.309589958,2.99627974465608
"544",-123.375,39.375,-123.125,39.125,"39","7",18281,12564.9946907997,0.687325348219448
"545",-123.375,39.125,-123.125,38.875,"40","7",25704,15873.8054317358,0.617561680350753
"546",-123.375,38.875,-123.125,38.625,"41","7",2667,4289.86075209113,1.60849671994418
"547",-123.375,38.625,-123.125,38.375,"42","7",460,1867.48284339905,4.05974531173706
"548",-123.375,38.375,-123.125,38.125,"43","7",0,0,
"549",-123.375,38.125,-123.125,37.875,"44","7",0,0,
"550",-123.375,37.875,-123.125,37.625,"45","7",0,0,
"551",-123.375,37.625,-123.125,37.375,"46","7",0,0,
"552",-123.375,37.375,-123.125,37.125,"47","7",0,0,
"553",-123.375,37.125,-123.125,36.875,"48","7",0,0,
"554",-123.375,36.875,-123.125,36.625,"49","7",0,0,
"555",-123.375,36.625,-123.125,36.375,"50","7",0,0,
"556",-123.375,36.375,-123.125,36.125,"51","7",0,0,
"557",-123.375,36.125,-123.125,35.875,"52","7",0,0,
"558",-123.375,35.875,-123.125,35.625,"53","7",0,0,
"559",-123.375,35.625,-123.125,35.375,"54","7",0,0,
"560",-123.375,35.375,-123.125,35.125,"55","7",0,0,
"561",-123.375,35.125,-123.125,34.875,"56","7",0,0,
"562",-123.375,34.875,-123.125,34.625,"57","7",0,0,
"563",-123.375,34.625,-123.125,34.375,"58","7",0,0,
"564",-123.375,34.375,-123.125,34.125,"59","7",0,0,
"565",-123.375,34.125,-123.125,33.875,"60","7",0,0,
"566",-123.375,33.875,-123.125,33.625,"61","7",0,0,
"567",-123.375,33.625,-123.125,33.375,"62","7",0,0,
"568",-123.375,33.375,-123.125,33.125,"63","7",0,0,
"569",-123.375,33.125,-123.125,32.875,"64","7",0,0,
"570",-123.375,32.875,-123.125,32.625,"65","7",0,0,
"571",-123.375,32.625,-123.125,32.375,"66","7",0,0,
"572",-123.375,32.375,-123.125,32.125,"67","7",0,0,
"573",-123.375,32.125,-123.125,31.875,"68","7",0,0,
"574",-123.375,31.875,-123.125,31.625,"69","7",0,0,
"575",-123.375,31.625,-123.125,31.375,"70","7",0,0,
"576",-123.375,31.375,-123.125,31.125,"71","7",0,0,
"577",-123.125,49.125,-122.875,48.875,"0","8",111,71.8215615749359,0.647041095269693
"578",-123.125,48.875,-122.875,48.625,"1","8",3931,2501.73846679926,0.636412736402762
"579",-123.125,48.625,-122.875,48.375,"2","8",4710,3007.03879106045,0.638437110628545
"580",-123.125,48.375,-122.875,48.125,"3","8",47,30.5079985260963,0.649106351619071
"581",-123.125,48.125,-122.875,47.875,"4","8",102499,65653.8549620833,0.640531663353626
"582",-123.125,47.875,-122.875,47.625,"5","8",57341,72774.9693522004,1.26916114738495
"583",-123.125,47.625,-122.875,47.375,"6","8",33457,25103.8418425827,0.75033152531855
"584",-123.125,47.375,-122.875,47.125,"7","8",24155,15596.4157325402,0.645680634756373
"585",-123.125,47.125,-122.875,46.875,"8","8",18488,13080.0469896485,0.707488478453513
"586",-123.125,46.875,-122.875,46.625,"9","8",17149,11793.4258919065,0.687703416636917
"587",-123.125,46.625,-122.875,46.375,"10","8",17065,16153.0104717145,0.946557894621419
"588",-123.125,46.375,-122.875,46.125,"11","8",18755,16581.5286613415,0.884112431956359
"589",-123.125,46.125,-122.875,45.875,"12","8",13630,13146.2029358375,0.964504984287415
"590",-123.125,45.875,-122.875,45.625,"13","8",55280,38993.535656748,0.70538233821903
"591",-123.125,45.625,-122.875,45.375,"14","8",22161,14266.3456344306,0.643759109897146
"592",-123.125,45.375,-122.875,45.125,"15","8",31613,20062.6587970257,0.634633182457397
"593",-123.125,45.125,-122.875,44.875,"16","8",7534,4847.61260682344,0.643431458298838
"594",-123.125,44.875,-122.875,44.625,"17","8",5413,3503.50555795431,0.647239157205674
"595",-123.125,44.625,-122.875,44.375,"18","8",13746,8924.46780180931,0.649241073898539
"596",-123.125,44.375,-122.875,44.125,"19","8",106629,96660.2403066455,0.906509864170587
"597",-123.125,44.125,-122.875,43.875,"20","8",61175,45403.2175576612,0.74218582031322
"598",-123.125,43.875,-122.875,43.625,"21","8",250647,237134.148613685,0.946088118404308
"599",-123.125,43.625,-122.875,43.375,"22","8",402777,611829.454634774,1.51902778618137
"600",-123.125,43.375,-122.875,43.125,"23","8",446304,991009.051329782,2.22047987768378
"601",-123.125,43.125,-122.875,42.875,"24","8",384679,1132688.51298555,2.94450311294755
"602",-123.125,42.875,-122.875,42.625,"25","8",415005,2224458.24269325,5.36007576461307
"603",-123.125,42.625,-122.875,42.375,"26","8",64343,124262.026227969,1.93124389953793
"604",-123.125,42.375,-122.875,42.125,"27","8",117451,404513.230977267,3.44410205938874
"605",-123.125,42.125,-122.875,41.875,"28","8",445084,9332301.51875435,20.9675061758103
"606",-123.125,41.875,-122.875,41.625,"29","8",235702,1798465.96560888,7.63025330972531
"607",-123.125,41.625,-122.875,41.375,"30","8",413096,8717394.7930426,21.1025882435139
"608",-123.125,41.375,-122.875,41.125,"31","8",496723,10721834.4182699,21.5851378298767
"609",-123.125,41.125,-122.875,40.875,"32","8",460601,9404228.8263175,20.4173000629992
"610",-123.125,40.875,-122.875,40.625,"33","8",248032,2445989.47876778,9.86158833847158
"611",-123.125,40.625,-122.875,40.375,"34","8",288700,1580698.49894879,5.47522860737371
"612",-123.125,40.375,-122.875,40.125,"35","8",421846,5575946.01664935,13.2179658374131
"613",-123.125,40.125,-122.875,39.875,"36","8",493582,8505561.86541937,17.232317761627
"614",-123.125,39.875,-122.875,39.625,"37","8",289134,3536502.57632935,12.2313618472036
"615",-123.125,39.625,-122.875,39.375,"38","8",291668,3907118.39976153,13.3957732756474
"616",-123.125,39.375,-122.875,39.125,"39","8",78247,230007.766088719,2.93950906857412
"617",-123.125,39.125,-122.875,38.875,"40","8",25571,23598.0346836864,0.922843638640899
"618",-123.125,38.875,-122.875,38.625,"41","8",13104,8095.43745313644,0.617783688426163
"619",-123.125,38.625,-122.875,38.375,"42","8",698,2833.70222759247,4.05974531173706
"620",-123.125,38.375,-122.875,38.125,"43","8",38,154.270321846008,4.05974531173706
"621",-123.125,38.125,-122.875,37.875,"44","8",14,56.8364343643188,4.05974531173706
"622",-123.125,37.875,-122.875,37.625,"45","8",0,0,
"623",-123.125,37.625,-122.875,37.375,"46","8",0,0,
"624",-123.125,37.375,-122.875,37.125,"47","8",0,0,
"625",-123.125,37.125,-122.875,36.875,"48","8",0,0,
"626",-123.125,36.875,-122.875,36.625,"49","8",0,0,
"627",-123.125,36.625,-122.875,36.375,"50","8",0,0,
"628",-123.125,36.375,-122.875,36.125,"51","8",0,0,
"629",-123.125,36.125,-122.875,35.875,"52","8",0,0,
"630",-123.125,35.875,-122.875,35.625,"53","8",0,0,
"631",-123.125,35.625,-122.875,35.375,"54","8",0,0,
"632",-123.125,35.375,-122.875,35.125,"55","8",0,0,
"633",-123.125,35.125,-122.875,34.875,"56","8",0,0,
"634",-123.125,34.875,-122.875,34.625,"57","8",0,0,
"635",-123.125,34.625,-122.875,34.375,"58","8",0,0,
"636",-123.125,34.375,-122.875,34.125,"59","8",0,0,
"637",-123.125,34.125,-122.875,33.875,"60","8",0,0,
"638",-123.125,33.875,-122.875,33.625,"61","8",0,0,
"639",-123.125,33.625,-122.875,33.375,"62","8",0,0,
"640",-123.125,33.375,-122.875,33.125,"63","8",0,0,
"641",-123.125,33.125,-122.875,32.875,"64","8",0,0,
"642",-123.125,32.875,-122.875,32.625,"65","8",0,0,
"643",-123.125,32.625,-122.875,32.375,"66","8",0,0,
"644",-123.125,32.375,-122.875,32.125,"67","8",0,0,
"645",-123.125,32.125,-122.875,31.875,"68","8",0,0,
"646",-123.125,31.875,-122.875,31.625,"69","8",0,0,
"647",-123.125,31.625,-122.875,31.375,"70","8",0,0,
"648",-123.125,31.375,-122.875,31.125,"71","8",0,0,
"649",-122.875,49.125,-122.625,48.875,"0","9",3474,2274.40887826681,0.654694553329537
"650",-122.875,48.875,-122.625,48.625,"1","9",9845,6327.61686003208,0.642723906554808
"651",-122.875,48.625,-122.625,48.375,"2","9",8517,5484.32090318203,0.643926371161445
"652",-122.875,48.375,-122.625,48.125,"3","9",562,364.001763999462,0.647689971529292
"653",-122.875,48.125,-122.625,47.875,"4","9",23152,14822.4704712629,0.640224191053167
"654",-122.875,47.875,-122.625,47.625,"5","9",19825,12925.0416905209,0.65195670570093
"655",-122.875,47.625,-122.625,47.375,"6","9",55646,35519.6511343718,0.638314544340505
"656",-122.875,47.375,-122.625,47.125,"7","9",14694,9503.15695393085,0.646737236554434
"657",-122.875,47.125,-122.625,46.875,"8","9",35435,22893.8610315323,0.646080458064972
"658",-122.875,46.875,-122.625,46.625,"9","9",73326,51086.6183251339,0.696705374971141
"659",-122.875,46.625,-122.625,46.375,"10","9",40333,26146.6214297265,0.64826869882544
"660",-122.875,46.375,-122.625,46.125,"11","9",57550,40159.8710768997,0.697825735480447
"661",-122.875,46.125,-122.625,45.875,"12","9",34455,25551.1813224515,0.741581231242243
"662",-122.875,45.875,-122.625,45.625,"13","9",16166,10917.0964684412,0.67531216555989
"663",-122.875,45.625,-122.625,45.375,"14","9",28341,19032.1318343207,0.671540589051929
"664",-122.875,45.375,-122.625,45.125,"15","9",20372,13040.5066698194,0.640119117898064
"665",-122.875,45.125,-122.625,44.875,"16","9",21609,16300.1991670018,0.754324548428977
"666",-122.875,44.875,-122.625,44.625,"17","9",53245,36875.0102571423,0.692553484029342
"667",-122.875,44.625,-122.625,44.375,"18","9",96147,74390.5536688569,0.773716846795604
"668",-122.875,44.375,-122.625,44.125,"19","9",261649,239910.283678454,0.916916493770105
"669",-122.875,44.125,-122.625,43.875,"20","9",258033,213470.734183799,0.827300128990473
"670",-122.875,43.875,-122.625,43.625,"21","9",359111,504743.31218245,1.40553564826043
"671",-122.875,43.625,-122.625,43.375,"22","9",433651,947330.693051973,2.18454631270762
"672",-122.875,43.375,-122.625,43.125,"23","9",542327,3038841.15788046,5.60333739216461
"673",-122.875,43.125,-122.625,42.875,"24","9",582545,3254568.02537627,5.58680964625268
"674",-122.875,42.875,-122.625,42.625,"25","9",418654,2256880.96979796,5.39080235659508
"675",-122.875,42.625,-122.625,42.375,"26","9",40872,122116.05906135,2.98776813127202
"676",-122.875,42.375,-122.625,42.125,"27","9",157244,1206036.4529811,7.66984083959386
"677",-122.875,42.125,-122.625,41.875,"28","9",436805,8521738.77782802,19.509251903774
"678",-122.875,41.875,-122.625,41.625,"29","9",207437,1421054.42769475,6.850534994696
"679",-122.875,41.625,-122.625,41.375,"30","9",179038,981214.689434044,5.48048285522651
"680",-122.875,41.375,-122.625,41.125,"31","9",459633,9095365.60829192,19.7883215702352
"681",-122.875,41.125,-122.625,40.875,"32","9",396996,6486415.60926937,16.3387429829756
"682",-122.875,40.875,-122.625,40.625,"33","9",188527,636048.809367283,3.37378099353028
"683",-122.875,40.625,-122.625,40.375,"34","9",219229,1966347.86738846,8.96937844622956
"684",-122.875,40.375,-122.625,40.125,"35","9",60231,497984.561940411,8.26791124073004
"685",-122.875,40.125,-122.625,39.875,"36","9",348128,4162596.44250171,11.9570860215257
"686",-122.875,39.875,-122.625,39.625,"37","9",262729,3365965.2543967,12.8115482280095
"687",-122.875,39.625,-122.625,39.375,"38","9",369203,3917063.92746231,10.6095127273135
"688",-122.875,39.375,-122.625,39.125,"39","9",160232,921177.231027661,5.74902161258464
"689",-122.875,39.125,-122.625,38.875,"40","9",28597,42370.9092567745,1.48165574209793
"690",-122.875,38.875,-122.625,38.625,"41","9",58417,123085.722600859,2.10701889177567
"691",-122.875,38.625,-122.625,38.375,"42","9",3419,1653.59770025191,0.483649517476428
"692",-122.875,38.375,-122.625,38.125,"43","9",48,194.867774963379,4.05974531173706
"693",-122.875,38.125,-122.625,37.875,"44","9",88,357.257587432861,4.05974531173706
"694",-122.875,37.875,-122.625,37.625,"45","9",0,0,
"695",-122.875,37.625,-122.625,37.375,"46","9",0,0,
"696",-122.875,37.375,-122.625,37.125,"47","9",0,0,
"697",-122.875,37.125,-122.625,36.875,"48","9",0,0,
"698",-122.875,36.875,-122.625,36.625,"49","9",0,0,
"699",-122.875,36.625,-122.625,36.375,"50","9",0,0,
"700",-122.875,36.375,-122.625,36.125,"51","9",0,0,
"701",-122.875,36.125,-122.625,35.875,"52","9",0,0,
"702",-122.875,35.875,-122.625,35.625,"53","9",0,0,
"703",-122.875,35.625,-122.625,35.375,"54","9",0,0,
"704",-122.875,35.375,-122.625,35.125,"55","9",0,0,
"705",-122.875,35.125,-122.625,34.875,"56","9",0,0,
"706",-122.875,34.875,-122.625,34.625,"57","9",0,0,
"707",-122.875,34.625,-122.625,34.375,"58","9",0,0,
"708",-122.875,34.375,-122.625,34.125,"59","9",0,0,
"709",-122.875,34.125,-122.625,33.875,"60","9",0,0,
"710",-122.875,33.875,-122.625,33.625,"61","9",0,0,
"711",-122.875,33.625,-122.625,33.375,"62","9",0,0,
"712",-122.875,33.375,-122.625,33.125,"63","9",0,0,
"713",-122.875,33.125,-122.625,32.875,"64","9",0,0,
"714",-122.875,32.875,-122.625,32.625,"65","9",0,0,
"715",-122.875,32.625,-122.625,32.375,"66","9",0,0,
"716",-122.875,32.375,-122.625,32.125,"67","9",0,0,
"717",-122.875,32.125,-122.625,31.875,"68","9",0,0,
"718",-122.875,31.875,-122.625,31.625,"69","9",0,0,
"719",-122.875,31.625,-122.625,31.375,"70","9",0,0,
"720",-122.875,31.375,-122.625,31.125,"71","9",0,0,
"721",-122.625,49.125,-122.375,48.875,"0","10",1367,889.39402449131,0.650617428303811
"722",-122.625,48.875,-122.375,48.625,"1","10",13064,8319.63127839565,0.63683644200824
"723",-122.625,48.625,-122.375,48.375,"2","10",7001,4487.10015046597,0.640922746817021
"724",-122.625,48.375,-122.375,48.125,"3","10",3224,2072.27719587088,0.642765879612555
"725",-122.625,48.125,-122.375,47.875,"4","10",5281,3413.93257665634,0.646455704725685
"726",-122.625,47.875,-122.375,47.625,"5","10",9953,6409.11139762402,0.643937646701901
"727",-122.625,47.625,-122.375,47.375,"6","10",7212,4667.45828860998,0.647179463201606
"728",-122.625,47.375,-122.375,47.125,"7","10",5152,3342.96515631676,0.648867460465209
"729",-122.625,47.125,-122.375,46.875,"8","10",37585,24329.3568355441,0.647315600253934
"730",-122.625,46.875,-122.375,46.625,"9","10",66865,60536.0921222809,0.905347971618649
"731",-122.625,46.625,-122.375,46.375,"10","10",46357,36247.4395111443,0.78191944067011
"732",-122.625,46.375,-122.375,46.125,"11","10",39860,38312.2195388605,0.961169582008541
"733",-122.625,46.125,-122.375,45.875,"12","10",47890,41106.6185397273,0.858354949670648
"734",-122.625,45.875,-122.375,45.625,"13","10",37091,27599.5318066413,0.744103200416309
"735",-122.625,45.625,-122.375,45.375,"14","10",14959,9617.88572913408,0.642949778002145
"736",-122.625,45.375,-122.375,45.125,"15","10",68529,45100.5596319453,0.65812370867728
"737",-122.625,45.125,-122.375,44.875,"16","10",82572,75384.4087441881,0.912953649471831
"738",-122.625,44.875,-122.375,44.625,"17","10",85175,75885.8280740261,0.890940159366318
"739",-122.625,44.625,-122.375,44.375,"18","10",150849,147729.653243893,0.979321395858725
"740",-122.625,44.375,-122.375,44.125,"19","10",219636,249056.658937815,1.13395189740213
"741",-122.625,44.125,-122.375,43.875,"20","10",331544,543387.175797627,1.63895946178374
"742",-122.625,43.875,-122.375,43.625,"21","10",390425,696789.398170581,1.78469462296364
"743",-122.625,43.625,-122.375,43.375,"22","10",484686,1646973.53913818,3.39802168649019
"744",-122.625,43.375,-122.375,43.125,"23","10",564008,4688406.53729334,8.31265963832665
"745",-122.625,43.125,-122.375,42.875,"24","10",609403,9224128.36087004,15.1363356610815
"746",-122.625,42.875,-122.375,42.625,"25","10",551174,7446787.9539157,13.5107750980919
"747",-122.625,42.625,-122.375,42.375,"26","10",470792,6570132.77394221,13.9554894177093
"748",-122.625,42.375,-122.375,42.125,"27","10",417127,7216071.41286121,17.2994589486205
"749",-122.625,42.125,-122.375,41.875,"28","10",200767,1983312.28418894,9.87867669581626
"750",-122.625,41.875,-122.375,41.625,"29","10",12521,32398.3150488788,2.58751817337903
"751",-122.625,41.625,-122.375,41.375,"30","10",152392,2017901.14179854,13.241516233126
"752",-122.625,41.375,-122.375,41.125,"31","10",553846,13927114.3801429,25.1461857269762
"753",-122.625,41.125,-122.375,40.875,"32","10",408654,6274956.65863123,15.3551822779937
"754",-122.625,40.875,-122.375,40.625,"33","10",112048,363695.198454825,3.24588746300536
"755",-122.625,40.625,-122.375,40.375,"34","10",15888,37478.1668130728,2.35889770978555
"756",-122.625,40.375,-122.375,40.125,"35","10",558,436.077485085465,0.78150086932879
"757",-122.625,40.125,-122.375,39.875,"36","10",260,113.082776206546,0.43493375464056
"758",-122.625,39.875,-122.375,39.625,"37","10",710,578.913649344468,0.815371337104884
"759",-122.625,39.625,-122.375,39.375,"38","10",333,256.261249801144,0.769553302706138
"760",-122.625,39.375,-122.375,39.125,"39","10",9292,9990.48279960158,1.07517034003461
"761",-122.625,39.125,-122.375,38.875,"40","10",3878,2689.24022843578,0.693460605579108
"762",-122.625,38.875,-122.375,38.625,"41","10",13767,18197.0560211927,1.32178804541242
"763",-122.625,38.625,-122.375,38.375,"42","10",4212,6258.14491576212,1.48578939120658
"764",-122.625,38.375,-122.375,38.125,"43","10",106,430.333003044128,4.05974531173706
"765",-122.625,38.125,-122.375,37.875,"44","10",44,178.628793716431,4.05974531173706
"766",-122.625,37.875,-122.375,37.625,"45","10",14,56.8364343643188,4.05974531173706
"767",-122.625,37.625,-122.375,37.375,"46","10",0,0,
"768",-122.625,37.375,-122.375,37.125,"47","10",0,0,
"769",-122.625,37.125,-122.375,36.875,"48","10",0,0,
"770",-122.625,36.875,-122.375,36.625,"49","10",0,0,
"771",-122.625,36.625,-122.375,36.375,"50","10",0,0,
"772",-122.625,36.375,-122.375,36.125,"51","10",0,0,
"773",-122.625,36.125,-122.375,35.875,"52","10",0,0,
"774",-122.625,35.875,-122.375,35.625,"53","10",0,0,
"775",-122.625,35.625,-122.375,35.375,"54","10",0,0,
"776",-122.625,35.375,-122.375,35.125,"55","10",0,0,
"777",-122.625,35.125,-122.375,34.875,"56","10",0,0,
"778",-122.625,34.875,-122.375,34.625,"57","10",0,0,
"779",-122.625,34.625,-122.375,34.375,"58","10",0,0,
"780",-122.625,34.375,-122.375,34.125,"59","10",0,0,
"781",-122.625,34.125,-122.375,33.875,"60","10",0,0,
"782",-122.625,33.875,-122.375,33.625,"61","10",0,0,
"783",-122.625,33.625,-122.375,33.375,"62","10",0,0,
"784",-122.625,33.375,-122.375,33.125,"63","10",0,0,
"785",-122.625,33.125,-122.375,32.875,"64","10",0,0,
"786",-122.625,32.875,-122.375,32.625,"65","10",0,0,
"787",-122.625,32.625,-122.375,32.375,"66","10",0,0,
"788",-122.625,32.375,-122.375,32.125,"67","10",0,0,
"789",-122.625,32.125,-122.375,31.875,"68","10",0,0,
"790",-122.625,31.875,-122.375,31.625,"69","10",0,0,
"791",-122.625,31.625,-122.375,31.375,"70","10",0,0,
"792",-122.625,31.375,-122.375,31.125,"71","10",0,0,
"793",-122.375,49.125,-122.125,48.875,"0","11",17111,29119.5712560639,1.70180417603085
"794",-122.375,48.875,-122.125,48.625,"1","11",42939,68986.2855252595,1.60661136787674
"795",-122.375,48.625,-122.125,48.375,"2","11",21064,29412.4945278683,1.39633946676169
"796",-122.375,48.375,-122.125,48.125,"3","11",31995,20517.315150125,0.641266296300202
"797",-122.375,48.125,-122.125,47.875,"4","11",4313,2794.32747042179,0.647884876054206
"798",-122.375,47.875,-122.125,47.625,"5","11",4287,2755.7767483592,0.642821728098718
"799",-122.375,47.625,-122.125,47.375,"6","11",4065,2620.71322804689,0.644701901118547
"800",-122.375,47.375,-122.125,47.125,"7","11",11103,7175.50075370073,0.646266842628185
"801",-122.375,47.125,-122.125,46.875,"8","11",40659,32363.9301599702,0.795984410830818
"802",-122.375,46.875,-122.125,46.625,"9","11",45425,44741.0155743282,0.984942555296162
"803",-122.375,46.625,-122.125,46.375,"10","11",47826,50392.1197104339,1.05365532786421
"804",-122.375,46.375,-122.125,46.125,"11","11",22669,21455.8794190386,0.946485483216665
"805",-122.375,46.125,-122.125,45.875,"12","11",35464,29305.5861278557,0.826347454541386
"806",-122.375,45.875,-122.125,45.625,"13","11",30367,25240.5648835244,0.83118401170759
"807",-122.375,45.625,-122.125,45.375,"14","11",35572,26959.0076951681,0.757871575822785
"808",-122.375,45.375,-122.125,45.125,"15","11",91197,86017.817486924,0.943208849928441
"809",-122.375,45.125,-122.125,44.875,"16","11",109701,143194.036840396,1.30531204674886
"810",-122.375,44.875,-122.125,44.625,"17","11",72819,77782.9583224645,1.06816844947698
"811",-122.375,44.625,-122.125,44.375,"18","11",170322,200933.102543491,1.1797248889955
"812",-122.375,44.375,-122.125,44.125,"19","11",259708,372236.014150098,1.43328666868213
"813",-122.375,44.125,-122.125,43.875,"20","11",369303,1096967.0432052,2.97037132978936
"814",-122.375,43.875,-122.125,43.625,"21","11",422425,1279777.26866083,3.02959642223076
"815",-122.375,43.625,-122.125,43.375,"22","11",504142,2577658.00486387,5.11296024704125
"816",-122.375,43.375,-122.125,43.125,"23","11",567818,5601247.88772824,9.86451272719117
"817",-122.375,43.125,-122.125,42.875,"24","11",491068,5773583.4950807,11.7571975675074
"818",-122.375,42.875,-122.125,42.625,"25","11",561431,7525004.12315902,13.4032572536234
"819",-122.375,42.625,-122.125,42.375,"26","11",590680,11609800.5847891,19.6549749183807
"820",-122.375,42.375,-122.125,42.125,"27","11",559464,13100351.5508379,23.4158972710271
"821",-122.375,42.125,-122.125,41.875,"28","11",264517,2561010.35990183,9.68183655455728
"822",-122.375,41.875,-122.125,41.625,"29","11",381653,8069795.25843319,21.1443254957597
"823",-122.375,41.625,-122.125,41.375,"30","11",262848,4509315.15597713,17.1556000273052
"824",-122.375,41.375,-122.125,41.125,"31","11",473042,6104722.5709315,12.9052442931738
"825",-122.375,41.125,-122.125,40.875,"32","11",269492,1166718.77173148,4.32932618308327
"826",-122.375,40.875,-122.125,40.625,"33","11",30688,40756.1845529813,1.32808213480779
"827",-122.375,40.625,-122.125,40.375,"34","11",695,405.098848513793,0.582876041027041
"828",-122.375,40.375,-122.125,40.125,"35","11",103,63.4596289554611,0.616112902480205
"829",-122.375,40.125,-122.125,39.875,"36","11",1,1.00123274326324,1.00123274326324
"830",-122.375,39.875,-122.125,39.625,"37","11",17,6.48652257677168,0.381560151574804
"831",-122.375,39.625,-122.125,39.375,"38","11",0,0,
"832",-122.375,39.375,-122.125,39.125,"39","11",0,0,
"833",-122.375,39.125,-122.125,38.875,"40","11",1481,533.002759030882,0.359893827839893
"834",-122.375,38.875,-122.125,38.625,"41","11",2070,945.857188015711,0.456935839621116
"835",-122.375,38.625,-122.125,38.375,"42","11",13317,9956.59598023551,0.747660582731509
"836",-122.375,38.375,-122.125,38.125,"43","11",567,218.077006999752,0.384615532627429
"837",-122.375,38.125,-122.125,37.875,"44","11",3,12.1792359352112,4.05974531173706
"838",-122.375,37.875,-122.125,37.625,"45","11",0,0,
"839",-122.375,37.625,-122.125,37.375,"46","11",0,0,
"840",-122.375,37.375,-122.125,37.125,"47","11",0,0,
"841",-122.375,37.125,-122.125,36.875,"48","11",0,0,
"842",-122.375,36.875,-122.125,36.625,"49","11",0,0,
"843",-122.375,36.625,-122.125,36.375,"50","11",0,0,
"844",-122.375,36.375,-122.125,36.125,"51","11",0,0,
"845",-122.375,36.125,-122.125,35.875,"52","11",0,0,
"846",-122.375,35.875,-122.125,35.625,"53","11",0,0,
"847",-122.375,35.625,-122.125,35.375,"54","11",0,0,
"848",-122.375,35.375,-122.125,35.125,"55","11",0,0,
"849",-122.375,35.125,-122.125,34.875,"56","11",0,0,
"850",-122.375,34.875,-122.125,34.625,"57","11",0,0,
"851",-122.375,34.625,-122.125,34.375,"58","11",0,0,
"852",-122.375,34.375,-122.125,34.125,"59","11",0,0,
"853",-122.375,34.125,-122.125,33.875,"60","11",0,0,
"854",-122.375,33.875,-122.125,33.625,"61","11",0,0,
"855",-122.375,33.625,-122.125,33.375,"62","11",0,0,
"856",-122.375,33.375,-122.125,33.125,"63","11",0,0,
"857",-122.375,33.125,-122.125,32.875,"64","11",0,0,
"858",-122.375,32.875,-122.125,32.625,"65","11",0,0,
"859",-122.375,32.625,-122.125,32.375,"66","11",0,0,
"860",-122.375,32.375,-122.125,32.125,"67","11",0,0,
"861",-122.375,32.125,-122.125,31.875,"68","11",0,0,
"862",-122.375,31.875,-122.125,31.625,"69","11",0,0,
"863",-122.375,31.625,-122.125,31.375,"70","11",0,0,
"864",-122.375,31.375,-122.125,31.125,"71","11",0,0,
"865",-122.125,49.125,-121.875,48.875,"0","12",32366,48603.8803606827,1.50169561764453
"866",-122.125,48.875,-121.875,48.625,"1","12",49149,74982.6548933349,1.52561913555382
"867",-122.125,48.625,-121.875,48.375,"2","12",28097,34946.058034169,1.24376474478304
"868",-122.125,48.375,-121.875,48.125,"3","12",62995,54252.8677234343,0.861224981719729
"869",-122.125,48.125,-121.875,47.875,"4","12",42439,27481.0935753481,0.647543381685434
"870",-122.125,47.875,-121.875,47.625,"5","12",45103,28676.6848332286,0.63580437738573
"871",-122.125,47.625,-121.875,47.375,"6","12",85607,54758.0716560417,0.63964479138437
"872",-122.125,47.375,-121.875,47.125,"7","12",97724,63816.9775201525,0.653032801769806
"873",-122.125,47.125,-121.875,46.875,"8","12",92258,95840.0215822984,1.03882613521102
"874",-122.125,46.875,-121.875,46.625,"9","12",45243,58630.4719586417,1.29590150871166
"875",-122.125,46.625,-121.875,46.375,"10","12",33397,31568.1319703499,0.945238553473362
"876",-122.125,46.375,-121.875,46.125,"11","12",40964,48002.1455789238,1.1718129474398
"877",-122.125,46.125,-121.875,45.875,"12","12",38590,32481.3005308258,0.841702527360089
"878",-122.125,45.875,-121.875,45.625,"13","12",53866,43818.2297609935,0.813467303326654
"879",-122.125,45.625,-121.875,45.375,"14","12",26095,19273.3011036532,0.73858214614498
"880",-122.125,45.375,-121.875,45.125,"15","12",56804,54156.3988915482,0.953390586781708
"881",-122.125,45.125,-121.875,44.875,"16","12",162506,233571.67646933,1.43731109294013
"882",-122.125,44.875,-121.875,44.625,"17","12",225403,338950.222067006,1.50375204441381
"883",-122.125,44.625,-121.875,44.375,"18","12",312493,506419.330692287,1.62057815916609
"884",-122.125,44.375,-121.875,44.125,"19","12",312341,488666.703442531,1.56452948361736
"885",-122.125,44.125,-121.875,43.875,"20","12",475040,1439826.63801277,3.03095873613333
"886",-122.125,43.875,-121.875,43.625,"21","12",478368,2235621.57236825,4.67343462014233
"887",-122.125,43.625,-121.875,43.375,"22","12",509260,3181296.58263105,6.2469005667656
"888",-122.125,43.375,-121.875,43.125,"23","12",558592,3420131.28448834,6.122771691124
"889",-122.125,43.125,-121.875,42.875,"24","12",490003,2142036.48909855,4.37147627483617
"890",-122.125,42.875,-121.875,42.625,"25","12",453202,5169576.92676733,11.4067831270986
"891",-122.125,42.625,-121.875,42.375,"26","12",196986,2426395.07822384,12.3176016479539
"892",-122.125,42.375,-121.875,42.125,"27","12",361712,3381871.43257387,9.34962465324309
"893",-122.125,42.125,-121.875,41.875,"28","12",213643,1335732.79507702,6.25217205841999
"894",-122.125,41.875,-121.875,41.625,"29","12",154531,851089.471023536,5.5075646376684
"895",-122.125,41.625,-121.875,41.375,"30","12",565244,14507655.7509185,25.6661826590261
"896",-122.125,41.375,-121.875,41.125,"31","12",591556,9099975.7681877,15.3831180280273
"897",-122.125,41.125,-121.875,40.875,"32","12",372522,2357245.04340946,6.32780089071105
"898",-122.125,40.875,-121.875,40.625,"33","12",144261,571994.723725104,3.96499902069932
"899",-122.125,40.625,-121.875,40.375,"34","12",42109,150020.977418671,3.56268202566367
"900",-122.125,40.375,-121.875,40.125,"35","12",5290,3251.06810153142,0.614568639230892
"901",-122.125,40.125,-121.875,39.875,"36","12",151,67.4655771134421,0.446791901413524
"902",-122.125,39.875,-121.875,39.625,"37","12",0,0,
"903",-122.125,39.625,-121.875,39.375,"38","12",0,0,
"904",-122.125,39.375,-121.875,39.125,"39","12",0,0,
"905",-122.125,39.125,-121.875,38.875,"40","12",0,0,
"906",-122.125,38.875,-121.875,38.625,"41","12",27,13.7649973272346,0.509814715823504
"907",-122.125,38.625,-121.875,38.375,"42","12",2894,1448.94348679006,0.500671557287511
"908",-122.125,38.375,-121.875,38.125,"43","12",337,111.592356825364,0.331134589986243
"909",-122.125,38.125,-121.875,37.875,"44","12",0,0,
"910",-122.125,37.875,-121.875,37.625,"45","12",8,2.37460535764694,0.296825669705868
"911",-122.125,37.625,-121.875,37.375,"46","12",6,3.07234075665474,0.51205679277579
"912",-122.125,37.375,-121.875,37.125,"47","12",0,0,
"913",-122.125,37.125,-121.875,36.875,"48","12",0,0,
"914",-122.125,36.875,-121.875,36.625,"49","12",0,0,
"915",-122.125,36.625,-121.875,36.375,"50","12",0,0,
"916",-122.125,36.375,-121.875,36.125,"51","12",0,0,
"917",-122.125,36.125,-121.875,35.875,"52","12",0,0,
"918",-122.125,35.875,-121.875,35.625,"53","12",0,0,
"919",-122.125,35.625,-121.875,35.375,"54","12",0,0,
"920",-122.125,35.375,-121.875,35.125,"55","12",0,0,
"921",-122.125,35.125,-121.875,34.875,"56","12",0,0,
"922",-122.125,34.875,-121.875,34.625,"57","12",0,0,
"923",-122.125,34.625,-121.875,34.375,"58","12",0,0,
"924",-122.125,34.375,-121.875,34.125,"59","12",0,0,
"925",-122.125,34.125,-121.875,33.875,"60","12",0,0,
"926",-122.125,33.875,-121.875,33.625,"61","12",0,0,
"927",-122.125,33.625,-121.875,33.375,"62","12",0,0,
"928",-122.125,33.375,-121.875,33.125,"63","12",0,0,
"929",-122.125,33.125,-121.875,32.875,"64","12",0,0,
"930",-122.125,32.875,-121.875,32.625,"65","12",0,0,
"931",-122.125,32.625,-121.875,32.375,"66","12",0,0,
"932",-122.125,32.375,-121.875,32.125,"67","12",0,0,
"933",-122.125,32.125,-121.875,31.875,"68","12",0,0,
"934",-122.125,31.875,-121.875,31.625,"69","12",0,0,
"935",-122.125,31.625,-121.875,31.375,"70","12",0,0,
"936",-122.125,31.375,-121.875,31.125,"71","12",0,0,
"937",-121.875,49.125,-121.625,48.875,"0","13",27386,23221.2325720475,0.847923485432248
"938",-121.875,48.875,-121.625,48.625,"1","13",28183,32825.1876800326,1.16471588120614
"939",-121.875,48.625,-121.625,48.375,"2","13",30095,34662.2137567672,1.15175988558788
"940",-121.875,48.375,-121.625,48.125,"3","13",29504,31224.0398089222,1.05829852931542
"941",-121.875,48.125,-121.625,47.875,"4","13",94566,66036.2344558737,0.698308424337221
"942",-121.875,47.875,-121.625,47.625,"5","13",128242,86638.7941955909,0.675588295531814
"943",-121.875,47.625,-121.625,47.375,"6","13",87177,57977.712002829,0.665057434906328
"944",-121.875,47.375,-121.625,47.125,"7","13",51363,50249.6463732418,0.978323820128142
"945",-121.875,47.125,-121.625,46.875,"8","13",50407,66969.4578650402,1.32857456037932
"946",-121.875,46.875,-121.625,46.625,"9","13",24795,26938.2379253037,1.08643831116369
"947",-121.875,46.625,-121.625,46.375,"10","13",35692,38395.3868207062,1.07574209404646
"948",-121.875,46.375,-121.625,46.125,"11","13",58241,72519.213389129,1.24515742156091
"949",-121.875,46.125,-121.625,45.875,"12","13",90317,87699.1135556912,0.971014466331823
"950",-121.875,45.875,-121.625,45.625,"13","13",128983,108825.593294873,0.84372043831259
"951",-121.875,45.625,-121.625,45.375,"14","13",107225,121636.904329931,1.13440806089934
"952",-121.875,45.375,-121.625,45.125,"15","13",236740,416808.916148502,1.76061889054871
"953",-121.875,45.125,-121.625,44.875,"16","13",417759,1083694.10409439,2.59406524837141
"954",-121.875,44.875,-121.625,44.625,"17","13",388022,1472704.39338532,3.79541467593415
"955",-121.875,44.625,-121.625,44.375,"18","13",321586,806427.866830431,2.50765850139755
"956",-121.875,44.375,-121.625,44.125,"19","13",327501,952848.248160026,2.90945141590415
"957",-121.875,44.125,-121.625,43.875,"20","13",419871,2677858.82734226,6.37781325059901
"958",-121.875,43.875,-121.625,43.625,"21","13",465817,3552056.24962959,7.62543284085722
"959",-121.875,43.625,-121.625,43.375,"22","13",460407,2180620.33253897,4.73628839817589
"960",-121.875,43.375,-121.625,43.125,"23","13",503622,1341703.31267324,2.66410782823872
"961",-121.875,43.125,-121.625,42.875,"24","13",331043,291491.902853242,0.880525801340739
"962",-121.875,42.875,-121.625,42.625,"25","13",400080,1584496.9358373,3.96045024954335
"963",-121.875,42.625,-121.625,42.375,"26","13",420473,6007845.87900458,14.2883035985773
"964",-121.875,42.375,-121.625,42.125,"27","13",91429,468760.92114463,5.12704854197935
"965",-121.875,42.125,-121.625,41.875,"28","13",15694,57362.1025615581,3.65503393408679
"966",-121.875,41.875,-121.625,41.625,"29","13",169669,1676416.61272012,9.88051213079657
"967",-121.875,41.625,-121.625,41.375,"30","13",594599,14300767.5598543,24.0511126992382
"968",-121.875,41.375,-121.625,41.125,"31","13",602774,12297874.3220399,20.4021313494608
"969",-121.875,41.125,-121.625,40.875,"32","13",476144,6699735.54033273,14.0708179465303
"970",-121.875,40.875,-121.625,40.625,"33","13",588218,17484837.487947,29.7250976473808
"971",-121.875,40.625,-121.625,40.375,"34","13",429731,8016483.5698895,18.6546550513915
"972",-121.875,40.375,-121.625,40.125,"35","13",261157,4417484.80930833,16.9150541984643
"973",-121.875,40.125,-121.625,39.875,"36","13",201848,1243742.35935781,6.16177697751681
"974",-121.875,39.875,-121.625,39.625,"37","13",30383,66002.2741656598,2.17234223630516
"975",-121.875,39.625,-121.625,39.375,"38","13",0,0,
"976",-121.875,39.375,-121.625,39.125,"39","13",0,0,
"977",-121.875,39.125,-121.625,38.875,"40","13",0,0,
"978",-121.875,38.875,-121.625,38.625,"41","13",0,0,
"979",-121.875,38.625,-121.625,38.375,"42","13",0,0,
"980",-121.875,38.375,-121.625,38.125,"43","13",0,0,
"981",-121.875,38.125,-121.625,37.875,"44","13",0,0,
"982",-121.875,37.875,-121.625,37.625,"45","13",32,9.28261914849281,0.2900818483904
"983",-121.875,37.625,-121.625,37.375,"46","13",4285,1582.73789793253,0.36936707069604
"984",-121.875,37.375,-121.625,37.125,"47","13",1116,332.73093919456,0.298146002862509
"985",-121.875,37.125,-121.625,36.875,"48","13",0.0661235555219981,0.0323244743347102,0.488849610090256
"986",-121.875,36.875,-121.625,36.625,"49","13",8,4.32772859930992,0.54096607491374
"987",-121.875,36.625,-121.625,36.375,"50","13",0,0,
"988",-121.875,36.375,-121.625,36.125,"51","13",0,0,
"989",-121.875,36.125,-121.625,35.875,"52","13",0,0,
"990",-121.875,35.875,-121.625,35.625,"53","13",0,0,
"991",-121.875,35.625,-121.625,35.375,"54","13",0,0,
"992",-121.875,35.375,-121.625,35.125,"55","13",0,0,
"993",-121.875,35.125,-121.625,34.875,"56","13",0,0,
"994",-121.875,34.875,-121.625,34.625,"57","13",0,0,
"995",-121.875,34.625,-121.625,34.375,"58","13",0,0,
"996",-121.875,34.375,-121.625,34.125,"59","13",0,0,
"997",-121.875,34.125,-121.625,33.875,"60","13",0,0,
"998",-121.875,33.875,-121.625,33.625,"61","13",0,0,
"999",-121.875,33.625,-121.625,33.375,"62","13",0,0,
"1000",-121.875,33.375,-121.625,33.125,"63","13",0,0,
"1001",-121.875,33.125,-121.625,32.875,"64","13",0,0,
"1002",-121.875,32.875,-121.625,32.625,"65","13",0,0,
"1003",-121.875,32.625,-121.625,32.375,"66","13",0,0,
"1004",-121.875,32.375,-121.625,32.125,"67","13",0,0,
"1005",-121.875,32.125,-121.625,31.875,"68","13",0,0,
"1006",-121.875,31.875,-121.625,31.625,"69","13",0,0,
"1007",-121.875,31.625,-121.625,31.375,"70","13",0,0,
"1008",-121.875,31.375,-121.625,31.125,"71","13",0,0,
"1009",-121.625,49.125,-121.375,48.875,"0","14",35731,41874.6606546336,1.17194202945995
"1010",-121.625,48.875,-121.375,48.625,"1","14",57828,93167.3844023498,1.6111119942303
"1011",-121.625,48.625,-121.375,48.375,"2","14",59515,77776.3528956548,1.30683614039578
"1012",-121.625,48.375,-121.375,48.125,"3","14",41249,41967.3583580761,1.01741517026052
"1013",-121.625,48.125,-121.375,47.875,"4","14",49473,59012.0687282373,1.19281363022734
"1014",-121.625,47.875,-121.375,47.625,"5","14",31569,33101.3109632116,1.04853847011979
"1015",-121.625,47.625,-121.375,47.375,"6","14",34567,30850.3361566949,0.892479421317873
"1016",-121.625,47.375,-121.375,47.125,"7","14",60222,77097.5116715446,1.28022170754117
"1017",-121.625,47.125,-121.375,46.875,"8","14",76876,100937.231553277,1.31298755857845
"1018",-121.625,46.875,-121.375,46.625,"9","14",101574,126086.414051788,1.24132567440278
"1019",-121.625,46.625,-121.375,46.375,"10","14",130108,175814.299768648,1.3512950761571
"1020",-121.625,46.375,-121.375,46.125,"11","14",142089,189500.395537495,1.33367393350291
"1021",-121.625,46.125,-121.375,45.875,"12","14",116045,131923.102022553,1.13682711036712
"1022",-121.625,45.875,-121.375,45.625,"13","14",114477,87597.3644806589,0.765196192079272
"1023",-121.625,45.625,-121.375,45.375,"14","14",265647,632454.704950945,2.38080876106617
"1024",-121.625,45.375,-121.375,45.125,"15","14",391315,1666049.58027555,4.25756636028659
"1025",-121.625,45.125,-121.375,44.875,"16","14",201107,404036.153685476,2.00906061790726
"1026",-121.625,44.875,-121.375,44.625,"17","14",229567,875245.525844002,3.81259295039793
"1027",-121.625,44.625,-121.375,44.375,"18","14",275888,1206548.93166275,4.37332878437175
"1028",-121.625,44.375,-121.375,44.125,"19","14",188311,373710.929268374,1.98454115409283
"1029",-121.625,44.125,-121.375,43.875,"20","14",438038,2690143.32448792,6.14134692535333
"1030",-121.625,43.875,-121.375,43.625,"21","14",349174,325258.931818339,0.931509596414221
"1031",-121.625,43.625,-121.375,43.375,"22","14",414457,667820.631186474,1.61131463863917
"1032",-121.625,43.375,-121.375,43.125,"23","14",480329,1719561.5325042,3.57996609095891
"1033",-121.625,43.125,-121.375,42.875,"24","14",396982,1416082.46066518,3.56712007261079
"1034",-121.625,42.875,-121.375,42.625,"25","14",491467,2084693.2400307,4.2417766402031
"1035",-121.625,42.625,-121.375,42.375,"26","14",269622,1314378.21303643,4.87489230491735
"1036",-121.625,42.375,-121.375,42.125,"27","14",63036,295157.322652749,4.68236123251395
"1037",-121.625,42.125,-121.375,41.875,"28","14",28186,140779.914280199,4.99467516782088
"1038",-121.625,41.875,-121.375,41.625,"29","14",126938,1899939.2013509,14.9674581398076
"1039",-121.625,41.625,-121.375,41.375,"30","14",483891,7887273.7927148,16.2996910310686
"1040",-121.625,41.375,-121.375,41.125,"31","14",404221,2509718.50336032,6.20877812721339
"1041",-121.625,41.125,-121.375,40.875,"32","14",117153,370133.423443828,3.15940200800516
"1042",-121.625,40.875,-121.375,40.625,"33","14",366820,7470698.47557731,20.3661154669247
"1043",-121.625,40.625,-121.375,40.375,"34","14",544976,16154568.3508872,29.6427151854159
"1044",-121.625,40.375,-121.375,40.125,"35","14",592897,20130165.4340806,33.9522133424197
"1045",-121.625,40.125,-121.375,39.875,"36","14",568489,17027854.7435166,29.9528306502265
"1046",-121.625,39.875,-121.375,39.625,"37","14",282708,2452271.23930729,8.67421947489032
"1047",-121.625,39.625,-121.375,39.375,"38","14",14706,17428.0736079312,1.18509952454313
"1048",-121.625,39.375,-121.375,39.125,"39","14",225,164.915466700681,0.732957629780802
"1049",-121.625,39.125,-121.375,38.875,"40","14",0,0,
"1050",-121.625,38.875,-121.375,38.625,"41","14",0,0,
"1051",-121.625,38.625,-121.375,38.375,"42","14",0,0,
"1052",-121.625,38.375,-121.375,38.125,"43","14",0,0,
"1053",-121.625,38.125,-121.375,37.875,"44","14",0,0,
"1054",-121.625,37.875,-121.375,37.625,"45","14",123,49.9014756679535,0.405703054211004
"1055",-121.625,37.625,-121.375,37.375,"46","14",14788,5208.5792222321,0.352216609563978
"1056",-121.625,37.375,-121.375,37.125,"47","14",3591,1456.33578228951,0.405551596293374
"1057",-121.625,37.125,-121.375,36.875,"48","14",279,129.179010003805,0.463007204314714
"1058",-121.625,36.875,-121.375,36.625,"49","14",899,333.108850315213,0.370532647736611
"1059",-121.625,36.625,-121.375,36.375,"50","14",20,4.45741705596447,0.222870852798223
"1060",-121.625,36.375,-121.375,36.125,"51","14",4636,1628.29830105603,0.351229141729083
"1061",-121.625,36.125,-121.375,35.875,"52","14",0,0,
"1062",-121.625,35.875,-121.375,35.625,"53","14",0,0,
"1063",-121.625,35.625,-121.375,35.375,"54","14",0,0,
"1064",-121.625,35.375,-121.375,35.125,"55","14",0,0,
"1065",-121.625,35.125,-121.375,34.875,"56","14",0,0,
"1066",-121.625,34.875,-121.375,34.625,"57","14",0,0,
"1067",-121.625,34.625,-121.375,34.375,"58","14",0,0,
"1068",-121.625,34.375,-121.375,34.125,"59","14",0,0,
"1069",-121.625,34.125,-121.375,33.875,"60","14",0,0,
"1070",-121.625,33.875,-121.375,33.625,"61","14",0,0,
"1071",-121.625,33.625,-121.375,33.375,"62","14",0,0,
"1072",-121.625,33.375,-121.375,33.125,"63","14",0,0,
"1073",-121.625,33.125,-121.375,32.875,"64","14",0,0,
"1074",-121.625,32.875,-121.375,32.625,"65","14",0,0,
"1075",-121.625,32.625,-121.375,32.375,"66","14",0,0,
"1076",-121.625,32.375,-121.375,32.125,"67","14",0,0,
"1077",-121.625,32.125,-121.375,31.875,"68","14",0,0,
"1078",-121.625,31.875,-121.375,31.625,"69","14",0,0,
"1079",-121.625,31.625,-121.375,31.375,"70","14",0,0,
"1080",-121.625,31.375,-121.375,31.125,"71","14",0,0,
"1081",-121.375,49.125,-121.125,48.875,"0","15",45550,75683.7180224608,1.66155253616818
"1082",-121.375,48.875,-121.125,48.625,"1","15",85368,143387.066290029,1.67963483143601
"1083",-121.375,48.625,-121.125,48.375,"2","15",85628,137724.605086009,1.60840618823293
"1084",-121.375,48.375,-121.125,48.125,"3","15",58067,79598.3031331077,1.37080102524855
"1085",-121.375,48.125,-121.125,47.875,"4","15",50323,55576.7652778947,1.10440087589958
"1086",-121.375,47.875,-121.125,47.625,"5","15",47189,51060.0547948775,1.08203299063081
"1087",-121.375,47.625,-121.125,47.375,"6","15",70735,89029.2004478654,1.25863010458564
"1088",-121.375,47.375,-121.125,47.125,"7","15",145854,244870.228723066,1.6788722196379
"1089",-121.375,47.125,-121.125,46.875,"8","15",261200,592128.686134159,2.26695515365298
"1090",-121.375,46.875,-121.125,46.625,"9","15",266731,724451.889200727,2.71603934001195
"1091",-121.375,46.625,-121.125,46.375,"10","15",317727,967817.944663136,3.0460676765372
"1092",-121.375,46.375,-121.125,46.125,"11","15",240164,383042.663915725,1.59492123680371
"1093",-121.375,46.125,-121.125,45.875,"12","15",94611,64054.1731833404,0.67702670073607
"1094",-121.375,45.875,-121.125,45.625,"13","15",82812,68842.2797708121,0.831308020224268
"1095",-121.375,45.625,-121.125,45.375,"14","15",38441,49640.7061156684,1.2913479388067
"1096",-121.375,45.375,-121.125,45.125,"15","15",32179,60943.8791291004,1.89390220731223
"1097",-121.375,45.125,-121.125,44.875,"16","15",6007,16942.0833959678,2.82039011086529
"1098",-121.375,44.875,-121.125,44.625,"17","15",1348,804.52030649595,0.596825153186906
"1099",-121.375,44.625,-121.125,44.375,"18","15",0,0,
"1100",-121.375,44.375,-121.125,44.125,"19","15",0,0,
"1101",-121.375,44.125,-121.125,43.875,"20","15",126234,158406.160441264,1.25486129284713
"1102",-121.375,43.875,-121.125,43.625,"21","15",535135,3960605.85752921,7.40113402698237
"1103",-121.375,43.625,-121.125,43.375,"22","15",427375,664446.341749802,1.55471504357953
"1104",-121.375,43.375,-121.125,43.125,"23","15",372438,1367902.71839975,3.67283338005185
"1105",-121.375,43.125,-121.125,42.875,"24","15",400118,2685425.42220619,6.71158363834216
"1106",-121.375,42.875,-121.125,42.625,"25","15",453395,1411467.62884151,3.11310805995106
"1107",-121.375,42.625,-121.125,42.375,"26","15",235881,1885450.832392,7.9932289264163
"1108",-121.375,42.375,-121.125,42.125,"27","15",197422,1468695.74225389,7.43937221917463
"1109",-121.375,42.125,-121.125,41.875,"28","15",60297,377097.844872292,6.25400674780324
"1110",-121.375,41.875,-121.125,41.625,"29","15",7523,9640.71622115014,1.28149889952813
"1111",-121.375,41.625,-121.125,41.375,"30","15",186287,748032.127029923,4.01548217014565
"1112",-121.375,41.375,-121.125,41.125,"31","15",292652,3234211.54264381,11.0513905342995
"1113",-121.375,41.125,-121.125,40.875,"32","15",124618,531838.730588198,4.26775209510823
"1114",-121.375,40.875,-121.125,40.625,"33","15",503317,6102229.36590583,12.1240279305206
"1115",-121.375,40.625,-121.125,40.375,"34","15",617108,18144605.0593845,29.4026411250292
"1116",-121.375,40.375,-121.125,40.125,"35","15",519117,13657204.4391717,26.3085285960037
"1117",-121.375,40.125,-121.125,39.875,"36","15",526055,13645824.6385202,25.93992004357
"1118",-121.375,39.875,-121.125,39.625,"37","15",580310,16538695.4073309,28.4997594515533
"1119",-121.375,39.625,-121.125,39.375,"38","15",315073,2402033.95202087,7.6237378385989
"1120",-121.375,39.375,-121.125,39.125,"39","15",18453,19719.7427397818,1.06864698096688
"1121",-121.375,39.125,-121.125,38.875,"40","15",2076,1227.0268596962,0.591053400624373
"1122",-121.375,38.875,-121.125,38.625,"41","15",1317,984.73571201507,0.747711246784412
"1123",-121.375,38.625,-121.125,38.375,"42","15",0,0,
"1124",-121.375,38.375,-121.125,38.125,"43","15",0,0,
"1125",-121.375,38.125,-121.125,37.875,"44","15",0,0,
"1126",-121.375,37.875,-121.125,37.625,"45","15",0,0,
"1127",-121.375,37.625,-121.125,37.375,"46","15",874,223.890387475491,0.256167491390721
"1128",-121.375,37.375,-121.125,37.125,"47","15",494,228.369898423553,0.462287243772374
"1129",-121.375,37.125,-121.125,36.875,"48","15",239,79.5414659678936,0.332809481037212
"1130",-121.375,36.875,-121.125,36.625,"49","15",425,115.304562434554,0.271304852787186
"1131",-121.375,36.625,-121.125,36.375,"50","15",1004,318.922439366579,0.317651832038425
"1132",-121.375,36.375,-121.125,36.125,"51","15",4301,1196.20110031962,0.278121622952714
"1133",-121.375,36.125,-121.125,35.875,"52","15",12021,4644.31268835068,0.386349944958878
"1134",-121.375,35.875,-121.125,35.625,"53","15",1340,522.347014009953,0.389811204485039
"1135",-121.375,35.625,-121.125,35.375,"54","15",0,0,
"1136",-121.375,35.375,-121.125,35.125,"55","15",0,0,
"1137",-121.375,35.125,-121.125,34.875,"56","15",0,0,
"1138",-121.375,34.875,-121.125,34.625,"57","15",0,0,
"1139",-121.375,34.625,-121.125,34.375,"58","15",0,0,
"1140",-121.375,34.375,-121.125,34.125,"59","15",0,0,
"1141",-121.375,34.125,-121.125,33.875,"60","15",0,0,
"1142",-121.375,33.875,-121.125,33.625,"61","15",0,0,
"1143",-121.375,33.625,-121.125,33.375,"62","15",0,0,
"1144",-121.375,33.375,-121.125,33.125,"63","15",0,0,
"1145",-121.375,33.125,-121.125,32.875,"64","15",0,0,
"1146",-121.375,32.875,-121.125,32.625,"65","15",0,0,
"1147",-121.375,32.625,-121.125,32.375,"66","15",0,0,
"1148",-121.375,32.375,-121.125,32.125,"67","15",0,0,
"1149",-121.375,32.125,-121.125,31.875,"68","15",0,0,
"1150",-121.375,31.875,-121.125,31.625,"69","15",0,0,
"1151",-121.375,31.625,-121.125,31.375,"70","15",0,0,
"1152",-121.375,31.375,-121.125,31.125,"71","15",0,0,
"1153",-121.125,49.125,-120.875,48.875,"0","16",51072,97176.0295098582,1.90272614171872
"1154",-121.125,48.875,-120.875,48.625,"1","16",94307,150469.848743823,1.59553213169567
"1155",-121.125,48.625,-120.875,48.375,"2","16",68646,118111.044090897,1.72058159384228
"1156",-121.125,48.375,-120.875,48.125,"3","16",81884,123530.528371709,1.50860398089626
"1157",-121.125,48.125,-120.875,47.875,"4","16",83374,119845.153568654,1.43744037192235
"1158",-121.125,47.875,-120.875,47.625,"5","16",115402,178669.657378747,1.54823709622664
"1159",-121.125,47.625,-120.875,47.375,"6","16",192416,373346.435265319,1.94030868153022
"1160",-121.125,47.375,-120.875,47.125,"7","16",123967,185944.040426835,1.49994789280078
"1161",-121.125,47.125,-120.875,46.875,"8","16",306192,1000810.11765412,3.26857043180134
"1162",-121.125,46.875,-120.875,46.625,"9","16",218209,631386.554339372,2.89349455952491
"1163",-121.125,46.625,-120.875,46.375,"10","16",196849,594908.619487406,3.02215718386888
"1164",-121.125,46.375,-120.875,46.125,"11","16",168645,224926.174339463,1.33372572171996
"1165",-121.125,46.125,-120.875,45.875,"12","16",168557,261269.571847765,1.55003691242585
"1166",-121.125,45.875,-120.875,45.625,"13","16",11164,12580.1527710947,1.12684994366667
"1167",-121.125,45.625,-120.875,45.375,"14","16",0,0,
"1168",-121.125,45.375,-120.875,45.125,"15","16",0,0,
"1169",-121.125,45.125,-120.875,44.875,"16","16",0,0,
"1170",-121.125,44.875,-120.875,44.625,"17","16",0,0,
"1171",-121.125,44.625,-120.875,44.375,"18","16",18336,9736.01702543305,0.530978240915851
"1172",-121.125,44.375,-120.875,44.125,"19","16",0,0,
"1173",-121.125,44.125,-120.875,43.875,"20","16",1306,259.791250475217,0.198921325019308
"1174",-121.125,43.875,-120.875,43.625,"21","16",340307,661372.632517065,1.94345879607844
"1175",-121.125,43.625,-120.875,43.375,"22","16",168566,127677.360152754,0.757432460595577
"1176",-121.125,43.375,-120.875,43.125,"23","16",0,0,
"1177",-121.125,43.125,-120.875,42.875,"24","16",207000,757351.630074143,3.65870352692823
"1178",-121.125,42.875,-120.875,42.625,"25","16",360352,2052873.29541949,5.69685556183812
"1179",-121.125,42.625,-120.875,42.375,"26","16",335302,2651640.82946072,7.9082165613707
"1180",-121.125,42.375,-120.875,42.125,"27","16",232590,1661131.80653895,7.14188832941635
"1181",-121.125,42.125,-120.875,41.875,"28","16",116119,460620.157447756,3.96679404272992
"1182",-121.125,41.875,-120.875,41.625,"29","16",108573,302498.990064955,2.78613458286088
"1183",-121.125,41.625,-120.875,41.375,"30","16",283202,1824628.24747891,6.44285085373305
"1184",-121.125,41.375,-120.875,41.125,"31","16",144093,1247803.78284877,8.65971131733515
"1185",-121.125,41.125,-120.875,40.875,"32","16",237374,1879321.55041123,7.91713309128729
"1186",-121.125,40.875,-120.875,40.625,"33","16",489766,8810612.74038439,17.9894331994961
"1187",-121.125,40.625,-120.875,40.375,"34","16",565291,13732432.2517346,24.2926780220004
"1188",-121.125,40.375,-120.875,40.125,"35","16",503898,10576685.2977543,20.989734624377
"1189",-121.125,40.125,-120.875,39.875,"36","16",540960,11074901.128731,20.4726802882486
"1190",-121.125,39.875,-120.875,39.625,"37","16",618105,22945594.2711014,37.1224861004221
"1191",-121.125,39.625,-120.875,39.375,"38","16",534370,9327320.9189515,17.4547989575603
"1192",-121.125,39.375,-120.875,39.125,"39","16",247795,999895.377621228,4.03517172510029
"1193",-121.125,39.125,-120.875,38.875,"40","16",56163,59424.2087864768,1.05806685516224
"1194",-121.125,38.875,-120.875,38.625,"41","16",9612,5469.38512255048,0.569016346499217
"1195",-121.125,38.625,-120.875,38.375,"42","16",890,592.340638866415,0.665551279625186
"1196",-121.125,38.375,-120.875,38.125,"43","16",31,22.4017418045551,0.722636832405002
"1197",-121.125,38.125,-120.875,37.875,"44","16",1,0.915116488933563,0.915116488933563
"1198",-121.125,37.875,-120.875,37.625,"45","16",0,0,
"1199",-121.125,37.625,-120.875,37.375,"46","16",0,0,
"1200",-121.125,37.375,-120.875,37.125,"47","16",0,0,
"1201",-121.125,37.125,-120.875,36.875,"48","16",65,13.822906062007,0.212660093261645
"1202",-121.125,36.875,-120.875,36.625,"49","16",797,210.89032946527,0.264605181261317
"1203",-121.125,36.625,-120.875,36.375,"50","16",632,223.740695387125,0.354020087637856
"1204",-121.125,36.375,-120.875,36.125,"51","16",141,48.4520624428988,0.343631648531197
"1205",-121.125,36.125,-120.875,35.875,"52","16",2171,1083.69262038171,0.499167489811936
"1206",-121.125,35.875,-120.875,35.625,"53","16",5284,2685.52456943691,0.508237049477083
"1207",-121.125,35.625,-120.875,35.375,"54","16",137,47.3141478151083,0.345358743175973
"1208",-121.125,35.375,-120.875,35.125,"55","16",0,0,
"1209",-121.125,35.125,-120.875,34.875,"56","16",0,0,
"1210",-121.125,34.875,-120.875,34.625,"57","16",0,0,
"1211",-121.125,34.625,-120.875,34.375,"58","16",0,0,
"1212",-121.125,34.375,-120.875,34.125,"59","16",0,0,
"1213",-121.125,34.125,-120.875,33.875,"60","16",0,0,
"1214",-121.125,33.875,-120.875,33.625,"61","16",0,0,
"1215",-121.125,33.625,-120.875,33.375,"62","16",0,0,
"1216",-121.125,33.375,-120.875,33.125,"63","16",0,0,
"1217",-121.125,33.125,-120.875,32.875,"64","16",0,0,
"1218",-121.125,32.875,-120.875,32.625,"65","16",0,0,
"1219",-121.125,32.625,-120.875,32.375,"66","16",0,0,
"1220",-121.125,32.375,-120.875,32.125,"67","16",0,0,
"1221",-121.125,32.125,-120.875,31.875,"68","16",0,0,
"1222",-121.125,31.875,-120.875,31.625,"69","16",0,0,
"1223",-121.125,31.625,-120.875,31.375,"70","16",0,0,
"1224",-121.125,31.375,-120.875,31.125,"71","16",0,0,
"1225",-120.875,49.125,-120.625,48.875,"0","17",115969,290878.552787499,2.50824403752295
"1226",-120.875,48.875,-120.625,48.625,"1","17",205158,512349.294004736,2.49734006962797
"1227",-120.875,48.625,-120.625,48.375,"2","17",144716,309213.646797931,2.13669287983313
"1228",-120.875,48.375,-120.625,48.125,"3","17",151850,312594.145197806,2.05857191437475
"1229",-120.875,48.125,-120.625,47.875,"4","17",219046,558791.662847496,2.55102427274406
"1230",-120.875,47.875,-120.625,47.625,"5","17",156119,294911.010446055,1.88901421637376
"1231",-120.875,47.625,-120.625,47.375,"6","17",213665,569260.708366951,2.66426746714226
"1232",-120.875,47.375,-120.625,47.125,"7","17",122912,273074.807414164,2.2217099015081
"1233",-120.875,47.125,-120.625,46.875,"8","17",56057,131573.472618112,2.34713724634054
"1234",-120.875,46.875,-120.625,46.625,"9","17",18812,70312.4182578138,3.73763652231628
"1235",-120.875,46.625,-120.625,46.375,"10","17",78,146.911875292659,1.88348558067511
"1236",-120.875,46.375,-120.625,46.125,"11","17",35863,33963.3141692107,0.947029366455977
"1237",-120.875,46.125,-120.625,45.875,"12","17",239400,830170.721470286,3.46771395768707
"1238",-120.875,45.875,-120.625,45.625,"13","17",5380,6156.38927690819,1.14431027451825
"1239",-120.875,45.625,-120.625,45.375,"14","17",0,0,
"1240",-120.875,45.375,-120.625,45.125,"15","17",0,0,
"1241",-120.875,45.125,-120.625,44.875,"16","17",0,0,
"1242",-120.875,44.875,-120.625,44.625,"17","17",0,0,
"1243",-120.875,44.625,-120.625,44.375,"18","17",231107,160084.083983481,0.692683839016045
"1244",-120.875,44.375,-120.625,44.125,"19","17",3331,517.298848271661,0.155298363335833
"1245",-120.875,44.125,-120.625,43.875,"20","17",0,0,
"1246",-120.875,43.875,-120.625,43.625,"21","17",58939,38923.7301201583,0.66040703303684
"1247",-120.875,43.625,-120.625,43.375,"22","17",48975,67771.7892479769,1.38380376208222
"1248",-120.875,43.375,-120.625,43.125,"23","17",0,0,
"1249",-120.875,43.125,-120.625,42.875,"24","17",67563,510318.442446058,7.55322354611337
"1250",-120.875,42.875,-120.625,42.625,"25","17",264190,2882776.21109523,10.9117537041343
"1251",-120.875,42.625,-120.625,42.375,"26","17",542973,8102457.18410776,14.9223942702635
"1252",-120.875,42.375,-120.625,42.125,"27","17",425004,6750224.42547592,15.8827315165879
"1253",-120.875,42.125,-120.625,41.875,"28","17",246420,1625794.35058649,6.59765583388722
"1254",-120.875,41.875,-120.625,41.625,"29","17",66650,262373.792308152,3.93659103238038
"1255",-120.875,41.625,-120.625,41.375,"30","17",41416,202063.768457527,4.87888179586458
"1256",-120.875,41.375,-120.625,41.125,"31","17",379734,6150473.35038678,16.1967939409871
"1257",-120.875,41.125,-120.625,40.875,"32","17",232373,1852239.78930902,7.97097678865024
"1258",-120.875,40.875,-120.625,40.625,"33","17",287212,2816868.72887591,9.80762896005707
"1259",-120.875,40.625,-120.625,40.375,"34","17",422716,6494582.57781609,15.3639383837283
"1260",-120.875,40.375,-120.625,40.125,"35","17",449782,10084875.9777679,22.421697572975
"1261",-120.875,40.125,-120.625,39.875,"36","17",550607,12685008.4881272,23.0382259726578
"1262",-120.875,39.875,-120.625,39.625,"37","17",588310,19687417.7240117,33.4643601570799
"1263",-120.875,39.625,-120.625,39.375,"38","17",601922,18920062.4218381,31.4327478009411
"1264",-120.875,39.375,-120.625,39.125,"39","17",530226,9101858.26849513,17.1659976472205
"1265",-120.875,39.125,-120.625,38.875,"40","17",407926,2346080.87133089,5.7512413313466
"1266",-120.875,38.875,-120.625,38.625,"41","17",186383,563857.318304398,3.02526152226543
"1267",-120.875,38.625,-120.625,38.375,"42","17",91593,117784.531905053,1.28595560692468
"1268",-120.875,38.375,-120.625,38.125,"43","17",6364,3790.5970065046,0.595631207810276
"1269",-120.875,38.125,-120.625,37.875,"44","17",526,262.248710811371,0.49857169355774
"1270",-120.875,37.875,-120.625,37.625,"45","17",1,0.13029782474041,0.13029782474041
"1271",-120.875,37.625,-120.625,37.375,"46","17",0,0,
"1272",-120.875,37.375,-120.625,37.125,"47","17",0,0,
"1273",-120.875,37.125,-120.625,36.875,"48","17",0,0,
"1274",-120.875,36.875,-120.625,36.625,"49","17",1,0.52331930398941,0.52331930398941
"1275",-120.875,36.625,-120.625,36.375,"50","17",220,105.853343442082,0.481151561100375
"1276",-120.875,36.375,-120.625,36.125,"51","17",321,166.89853861928,0.519933142116137
"1277",-120.875,36.125,-120.625,35.875,"52","17",198,103.704357340932,0.523759380509757
"1278",-120.875,35.875,-120.625,35.625,"53","17",3005,1489.54283893108,0.495688132755768
"1279",-120.875,35.625,-120.625,35.375,"54","17",4009,1935.30935102701,0.482741170123974
"1280",-120.875,35.375,-120.625,35.125,"55","17",67,21.7640827894211,0.324837056558524
"1281",-120.875,35.125,-120.625,34.875,"56","17",0,0,
"1282",-120.875,34.875,-120.625,34.625,"57","17",0,0,
"1283",-120.875,34.625,-120.625,34.375,"58","17",0,0,
"1284",-120.875,34.375,-120.625,34.125,"59","17",0,0,
"1285",-120.875,34.125,-120.625,33.875,"60","17",0,0,
"1286",-120.875,33.875,-120.625,33.625,"61","17",0,0,
"1287",-120.875,33.625,-120.625,33.375,"62","17",0,0,
"1288",-120.875,33.375,-120.625,33.125,"63","17",0,0,
"1289",-120.875,33.125,-120.625,32.875,"64","17",0,0,
"1290",-120.875,32.875,-120.625,32.625,"65","17",0,0,
"1291",-120.875,32.625,-120.625,32.375,"66","17",0,0,
"1292",-120.875,32.375,-120.625,32.125,"67","17",0,0,
"1293",-120.875,32.125,-120.625,31.875,"68","17",0,0,
"1294",-120.875,31.875,-120.625,31.625,"69","17",0,0,
"1295",-120.875,31.625,-120.625,31.375,"70","17",0,0,
"1296",-120.875,31.375,-120.625,31.125,"71","17",0,0,
"1297",-120.625,49.125,-120.375,48.875,"0","18",122088,253766.509617471,2.07855407261542
"1298",-120.625,48.875,-120.375,48.625,"1","18",240659,794237.130823546,3.30025941611802
"1299",-120.625,48.625,-120.375,48.375,"2","18",236276,902745.602437461,3.82072492524616
"1300",-120.625,48.375,-120.375,48.125,"3","18",236650,1036346.77527072,4.37923843342795
"1301",-120.625,48.125,-120.375,47.875,"4","18",324082,1772250.84956115,5.46852601983804
"1302",-120.625,47.875,-120.375,47.625,"5","18",239020,1281768.87524655,5.36260093400782
"1303",-120.625,47.625,-120.375,47.375,"6","18",98964,259107.220829711,2.61819672638243
"1304",-120.625,47.375,-120.375,47.125,"7","18",247036,992566.708787576,4.01790309423556
"1305",-120.625,47.125,-120.375,46.875,"8","18",0,0,
"1306",-120.625,46.875,-120.375,46.625,"9","18",0,0,
"1307",-120.625,46.625,-120.375,46.375,"10","18",0,0,
"1308",-120.625,46.375,-120.375,46.125,"11","18",0,0,
"1309",-120.625,46.125,-120.375,45.875,"12","18",51669,70390.7329777147,1.36233975841829
"1310",-120.625,45.875,-120.375,45.625,"13","18",1498,1348.82886976004,0.900419806248355
"1311",-120.625,45.625,-120.375,45.375,"14","18",0,0,
"1312",-120.625,45.375,-120.375,45.125,"15","18",0,0,
"1313",-120.625,45.125,-120.375,44.875,"16","18",0,0,
"1314",-120.625,44.875,-120.375,44.625,"17","18",10628,3887.987405597,0.365824934662872
"1315",-120.625,44.625,-120.375,44.375,"18","18",296955,287165.977471201,0.967035333539427
"1316",-120.625,44.375,-120.375,44.125,"19","18",151087,110569.031836419,0.731823597241451
"1317",-120.625,44.125,-120.375,43.875,"20","18",98017,74363.8701970409,0.758683393666822
"1318",-120.625,43.875,-120.375,43.625,"21","18",0,0,
"1319",-120.625,43.625,-120.375,43.375,"22","18",0,0,
"1320",-120.625,43.375,-120.375,43.125,"23","18",0,0,
"1321",-120.625,43.125,-120.375,42.875,"24","18",0,0,
"1322",-120.625,42.875,-120.375,42.625,"25","18",16997,132597.748285815,7.80124423638376
"1323",-120.625,42.625,-120.375,42.375,"26","18",314488,4334405.03088506,13.7824178693147
"1324",-120.625,42.375,-120.375,42.125,"27","18",272739,3924539.19439742,14.3893583037168
"1325",-120.625,42.125,-120.375,41.875,"28","18",106583,737889.341542314,6.92314291718486
"1326",-120.625,41.875,-120.375,41.625,"29","18",45187,162391.738681676,3.59377118821067
"1327",-120.625,41.625,-120.375,41.375,"30","18",16395,41901.7228530314,2.55576229661674
"1328",-120.625,41.375,-120.375,41.125,"31","18",53294,307237.531170195,5.76495536402213
"1329",-120.625,41.125,-120.375,40.875,"32","18",109399,569814.135262991,5.20858632403396
"1330",-120.625,40.875,-120.375,40.625,"33","18",80712,808653.977027614,10.0190055633315
"1331",-120.625,40.625,-120.375,40.375,"34","18",29675,160828.923719331,5.41967729466995
"1332",-120.625,40.375,-120.375,40.125,"35","18",231177,3914661.40003658,16.9336110427793
"1333",-120.625,40.125,-120.375,39.875,"36","18",427214,8139364.29916762,19.0521946826827
"1334",-120.625,39.875,-120.375,39.625,"37","18",444763,9872822.17949652,22.1979395307085
"1335",-120.625,39.625,-120.375,39.375,"38","18",513552,16773992.7983557,32.6626958873799
"1336",-120.625,39.375,-120.375,39.125,"39","18",531906,16219627.4733436,30.4934094996928
"1337",-120.625,39.125,-120.375,38.875,"40","18",518115,10592896.2389203,20.4450676759413
"1338",-120.625,38.875,-120.375,38.625,"41","18",487653,5885355.6140453,12.0687366099364
"1339",-120.625,38.625,-120.375,38.375,"42","18",484440,4077842.71519199,8.41764246385927
"1340",-120.625,38.375,-120.375,38.125,"43","18",159618,549361.861683155,3.44172876294124
"1341",-120.625,38.125,-120.375,37.875,"44","18",11372,7362.42081358629,0.647416533027285
"1342",-120.625,37.875,-120.375,37.625,"45","18",145,81.4777962679509,0.561915836330696
"1343",-120.625,37.625,-120.375,37.375,"46","18",0,0,
"1344",-120.625,37.375,-120.375,37.125,"47","18",0,0,
"1345",-120.625,37.125,-120.375,36.875,"48","18",0,0,
"1346",-120.625,36.875,-120.375,36.625,"49","18",0,0,
"1347",-120.625,36.625,-120.375,36.375,"50","18",12,4.6607054322958,0.388392119357983
"1348",-120.625,36.375,-120.375,36.125,"51","18",59,28.527457728982,0.48351623269461
"1349",-120.625,36.125,-120.375,35.875,"52","18",955,462.035679101944,0.483806993824025
"1350",-120.625,35.875,-120.375,35.625,"53","18",3269,847.705081269145,0.259316329540883
"1351",-120.625,35.625,-120.375,35.375,"54","18",2106,534.291906118393,0.253699860455077
"1352",-120.625,35.375,-120.375,35.125,"55","18",1626,533.760642930865,0.328266078063263
"1353",-120.625,35.125,-120.375,34.875,"56","18",0,0,
"1354",-120.625,34.875,-120.375,34.625,"57","18",0,0,
"1355",-120.625,34.625,-120.375,34.375,"58","18",0,0,
"1356",-120.625,34.375,-120.375,34.125,"59","18",0,0,
"1357",-120.625,34.125,-120.375,33.875,"60","18",0,0,
"1358",-120.625,33.875,-120.375,33.625,"61","18",0,0,
"1359",-120.625,33.625,-120.375,33.375,"62","18",0,0,
"1360",-120.625,33.375,-120.375,33.125,"63","18",0,0,
"1361",-120.625,33.125,-120.375,32.875,"64","18",0,0,
"1362",-120.625,32.875,-120.375,32.625,"65","18",0,0,
"1363",-120.625,32.625,-120.375,32.375,"66","18",0,0,
"1364",-120.625,32.375,-120.375,32.125,"67","18",0,0,
"1365",-120.625,32.125,-120.375,31.875,"68","18",0,0,
"1366",-120.625,31.875,-120.375,31.625,"69","18",0,0,
"1367",-120.625,31.625,-120.375,31.375,"70","18",0,0,
"1368",-120.625,31.375,-120.375,31.125,"71","18",0,0,
"1369",-120.375,49.125,-120.125,48.875,"0","19",110694,471746.540255083,4.26171734922474
"1370",-120.375,48.875,-120.125,48.625,"1","19",232955,768648.530003497,3.29955798331651
"1371",-120.375,48.625,-120.125,48.375,"2","19",123722,540433.964325967,4.36813149097143
"1372",-120.375,48.375,-120.125,48.125,"3","19",294683,3161117.69214986,10.7271803672077
"1373",-120.375,48.125,-120.125,47.875,"4","19",251830,2403572.41997524,9.54442449261501
"1374",-120.375,47.875,-120.125,47.625,"5","19",64205,383272.597314109,5.96951323594905
"1375",-120.375,47.625,-120.125,47.375,"6","19",8872,46839.473642093,5.27947178111959
"1376",-120.375,47.375,-120.125,47.125,"7","19",104513,518914.534991848,4.96507166564779
"1377",-120.375,47.125,-120.125,46.875,"8","19",2260,4370.11759151751,1.93368035022899
"1378",-120.375,46.875,-120.125,46.625,"9","19",0,0,
"1379",-120.375,46.625,-120.125,46.375,"10","19",0,0,
"1380",-120.375,46.375,-120.125,46.125,"11","19",0,0,
"1381",-120.375,46.125,-120.125,45.875,"12","19",370,284.381725860876,0.768599259083449
"1382",-120.375,45.875,-120.125,45.625,"13","19",0,0,
"1383",-120.375,45.625,-120.125,45.375,"14","19",0,0,
"1384",-120.375,45.375,-120.125,45.125,"15","19",0,0,
"1385",-120.375,45.125,-120.125,44.875,"16","19",28435,8109.39999915545,0.285190785973464
"1386",-120.375,44.875,-120.125,44.625,"17","19",1997,302.526555746153,0.151490513643542
"1387",-120.375,44.625,-120.125,44.375,"18","19",208905,256014.738644035,1.22550795167198
"1388",-120.375,44.375,-120.125,44.125,"19","19",169868,198092.806494165,1.1661572897436
"1389",-120.375,44.125,-120.125,43.875,"20","19",67773,62034.5736928301,0.915328725197794
"1390",-120.375,43.875,-120.125,43.625,"21","19",0,0,
"1391",-120.375,43.625,-120.125,43.375,"22","19",0,0,
"1392",-120.375,43.375,-120.125,43.125,"23","19",0,0,
"1393",-120.375,43.125,-120.125,42.875,"24","19",0,0,
"1394",-120.375,42.875,-120.125,42.625,"25","19",0,0,
"1395",-120.375,42.625,-120.125,42.375,"26","19",111472,1861308.95553655,16.6975469672792
"1396",-120.375,42.375,-120.125,42.125,"27","19",384211,6963606.11821814,18.1244319351037
"1397",-120.375,42.125,-120.125,41.875,"28","19",317645,7820536.78427699,24.6203679714052
"1398",-120.375,41.875,-120.125,41.625,"29","19",292703,6232919.24294156,21.2943469760869
"1399",-120.375,41.625,-120.125,41.375,"30","19",252280,5104586.30438168,20.2338128443859
"1400",-120.375,41.375,-120.125,41.125,"31","19",360254,7540219.25718286,20.9302860125991
"1401",-120.375,41.125,-120.125,40.875,"32","19",137269,1094572.5521538,7.97392384408574
"1402",-120.375,40.875,-120.125,40.625,"33","19",9735,105702.641028966,10.8580011329189
"1403",-120.375,40.625,-120.125,40.375,"34","19",2,0.578124426305294,0.289062213152647
"1404",-120.375,40.375,-120.125,40.125,"35","19",4920,28828.5735601931,5.85946617077095
"1405",-120.375,40.125,-120.125,39.875,"36","19",346174,5812212.72432327,16.7898592162418
"1406",-120.375,39.875,-120.125,39.625,"37","19",84844,1113292.24442999,13.1216378816414
"1407",-120.375,39.625,-120.125,39.375,"38","19",486725,10692357.0849545,21.9679636035841
"1408",-120.375,39.375,-120.125,39.125,"39","19",463541,12878749.8480759,27.7834104169339
"1409",-120.375,39.125,-120.125,38.875,"40","19",428088,11768784.9706328,27.4915086866084
"1410",-120.375,38.875,-120.125,38.625,"41","19",545132,15655548.9825627,28.7188221982248
"1411",-120.375,38.625,-120.125,38.375,"42","19",542379,14095784.7619829,25.9888099686434
"1412",-120.375,38.375,-120.125,38.125,"43","19",495484,7952632.04763874,16.0502297705652
"1413",-120.375,38.125,-120.125,37.875,"44","19",193932,1002554.77541693,5.16962015251186
"1414",-120.375,37.875,-120.125,37.625,"45","19",62379,136529.70616713,2.18871264635743
"1415",-120.375,37.625,-120.125,37.375,"46","19",317,208.497447399306,0.657720654256486
"1416",-120.375,37.375,-120.125,37.125,"47","19",3,2.50579673051834,0.835265576839447
"1417",-120.375,37.125,-120.125,36.875,"48","19",0,0,
"1418",-120.375,36.875,-120.125,36.625,"49","19",0,0,
"1419",-120.375,36.625,-120.125,36.375,"50","19",0,0,
"1420",-120.375,36.375,-120.125,36.125,"51","19",0,0,
"1421",-120.375,36.125,-120.125,35.875,"52","19",71,30.1846974641085,0.425136584001528
"1422",-120.375,35.875,-120.125,35.625,"53","19",319,75.8158376663923,0.237667202715963
"1423",-120.375,35.625,-120.125,35.375,"54","19",392,94.5896051079035,0.241300013030366
"1424",-120.375,35.375,-120.125,35.125,"55","19",1202,325.45148190856,0.270758304416439
"1425",-120.375,35.125,-120.125,34.875,"56","19",1987,612.720737680793,0.308364739648109
"1426",-120.375,34.875,-120.125,34.625,"57","19",73,24.7204776406288,0.338636680008614
"1427",-120.375,34.625,-120.125,34.375,"58","19",0,0,
"1428",-120.375,34.375,-120.125,34.125,"59","19",0,0,
"1429",-120.375,34.125,-120.125,33.875,"60","19",0,0,
"1430",-120.375,33.875,-120.125,33.625,"61","19",0,0,
"1431",-120.375,33.625,-120.125,33.375,"62","19",0,0,
"1432",-120.375,33.375,-120.125,33.125,"63","19",0,0,
"1433",-120.375,33.125,-120.125,32.875,"64","19",0,0,
"1434",-120.375,32.875,-120.125,32.625,"65","19",0,0,
"1435",-120.375,32.625,-120.125,32.375,"66","19",0,0,
"1436",-120.375,32.375,-120.125,32.125,"67","19",0,0,
"1437",-120.375,32.125,-120.125,31.875,"68","19",0,0,
"1438",-120.375,31.875,-120.125,31.625,"69","19",0,0,
"1439",-120.375,31.625,-120.125,31.375,"70","19",0,0,
"1440",-120.375,31.375,-120.125,31.125,"71","19",0,0,
"1441",-120.125,49.125,-119.875,48.875,"0","20",162112,854174.693942959,5.26904050251036
"1442",-120.125,48.875,-119.875,48.625,"1","20",256033,940270.80928246,3.67245944578418
"1443",-120.125,48.625,-119.875,48.375,"2","20",227827,794431.986097189,3.48699665139421
"1444",-120.125,48.375,-119.875,48.125,"3","20",64038,258903.432149011,4.0429656164935
"1445",-120.125,48.125,-119.875,47.875,"4","20",102506,919116.436028064,8.96646475355652
"1446",-120.125,47.875,-119.875,47.625,"5","20",237,1195.31681148335,5.04353085014073
"1447",-120.125,47.625,-119.875,47.375,"6","20",0,0,
"1448",-120.125,47.375,-119.875,47.125,"7","20",0,0,
"1449",-120.125,47.125,-119.875,46.875,"8","20",0,0,
"1450",-120.125,46.875,-119.875,46.625,"9","20",0,0,
"1451",-120.125,46.625,-119.875,46.375,"10","20",0,0,
"1452",-120.125,46.375,-119.875,46.125,"11","20",0,0,
"1453",-120.125,46.125,-119.875,45.875,"12","20",0,0,
"1454",-120.125,45.875,-119.875,45.625,"13","20",0,0,
"1455",-120.125,45.625,-119.875,45.375,"14","20",0,0,
"1456",-120.125,45.375,-119.875,45.125,"15","20",0,0,
"1457",-120.125,45.125,-119.875,44.875,"16","20",149140,89321.2419852803,0.598908689722947
"1458",-120.125,44.875,-119.875,44.625,"17","20",12061,3347.66105932137,0.277560820771194
"1459",-120.125,44.625,-119.875,44.375,"18","20",197785,244737.018535965,1.23738917782423
"1460",-120.125,44.375,-119.875,44.125,"19","20",79324,78850.4165751224,0.99402975864962
"1461",-120.125,44.125,-119.875,43.875,"20","20",0,0,
"1462",-120.125,43.875,-119.875,43.625,"21","20",0,0,
"1463",-120.125,43.625,-119.875,43.375,"22","20",0,0,
"1464",-120.125,43.375,-119.875,43.125,"23","20",0,0,
"1465",-120.125,43.125,-119.875,42.875,"24","20",0,0,
"1466",-120.125,42.875,-119.875,42.625,"25","20",0,0,
"1467",-120.125,42.625,-119.875,42.375,"26","20",528,5901.21895173192,11.1765510449468
"1468",-120.125,42.375,-119.875,42.125,"27","20",16214,316629.783111528,19.5281721420703
"1469",-120.125,42.125,-119.875,41.875,"28","20",25038,507212.98147396,20.2577275131384
"1470",-120.125,41.875,-119.875,41.625,"29","20",0,0,
"1471",-120.125,41.625,-119.875,41.375,"30","20",0,0,
"1472",-120.125,41.375,-119.875,41.125,"31","20",17003,362651.188170032,21.3286589525396
"1473",-120.125,41.125,-119.875,40.875,"32","20",26168,246204.601493098,9.40861363088879
"1474",-120.125,40.875,-119.875,40.625,"33","20",0,0,
"1475",-120.125,40.625,-119.875,40.375,"34","20",0,0,
"1476",-120.125,40.375,-119.875,40.125,"35","20",0,0,
"1477",-120.125,40.125,-119.875,39.875,"36","20",33421,549625.984388121,16.4455277935466
"1478",-120.125,39.875,-119.875,39.625,"37","20",34621,472037.024221533,13.634413339347
"1479",-120.125,39.625,-119.875,39.375,"38","20",351206,6982382.12922089,19.8811584347104
"1480",-120.125,39.375,-119.875,39.125,"39","20",314569,7245719.94559814,23.0338016320684
"1481",-120.125,39.125,-119.875,38.875,"40","20",247104,5433303.22354818,21.9879209707175
"1482",-120.125,38.875,-119.875,38.625,"41","20",383330,8398815.48692433,21.9101439671414
"1483",-120.125,38.625,-119.875,38.375,"42","20",419762,9378851.86503177,22.343260859801
"1484",-120.125,38.375,-119.875,38.125,"43","20",559139,15324220.8270541,27.4068180310336
"1485",-120.125,38.125,-119.875,37.875,"44","20",389539,7336687.2230396,18.8342816073348
"1486",-120.125,37.875,-119.875,37.625,"45","20",169132,486357.588464893,2.87560951484576
"1487",-120.125,37.625,-119.875,37.375,"46","20",29841,43865.1451426808,1.46996230497238
"1488",-120.125,37.375,-119.875,37.125,"47","20",222,199.653678759933,0.899340895315011
"1489",-120.125,37.125,-119.875,36.875,"48","20",4,2.81739735603333,0.704349339008331
"1490",-120.125,36.875,-119.875,36.625,"49","20",0,0,
"1491",-120.125,36.625,-119.875,36.375,"50","20",0,0,
"1492",-120.125,36.375,-119.875,36.125,"51","20",0,0,
"1493",-120.125,36.125,-119.875,35.875,"52","20",0,0,
"1494",-120.125,35.875,-119.875,35.625,"53","20",0,0,
"1495",-120.125,35.625,-119.875,35.375,"54","20",13,2.89466468989849,0.222666514607576
"1496",-120.125,35.375,-119.875,35.125,"55","20",558,220.772063910961,0.395648860055486
"1497",-120.125,35.125,-119.875,34.875,"56","20",6703,1528.90067873895,0.228092000408616
"1498",-120.125,34.875,-119.875,34.625,"57","20",2552,646.793517917395,0.253445735861048
"1499",-120.125,34.625,-119.875,34.375,"58","20",0,0,
"1500",-120.125,34.375,-119.875,34.125,"59","20",0,0,
"1501",-120.125,34.125,-119.875,33.875,"60","20",0,0,
"1502",-120.125,33.875,-119.875,33.625,"61","20",0,0,
"1503",-120.125,33.625,-119.875,33.375,"62","20",0,0,
"1504",-120.125,33.375,-119.875,33.125,"63","20",0,0,
"1505",-120.125,33.125,-119.875,32.875,"64","20",0,0,
"1506",-120.125,32.875,-119.875,32.625,"65","20",0,0,
"1507",-120.125,32.625,-119.875,32.375,"66","20",0,0,
"1508",-120.125,32.375,-119.875,32.125,"67","20",0,0,
"1509",-120.125,32.125,-119.875,31.875,"68","20",0,0,
"1510",-120.125,31.875,-119.875,31.625,"69","20",0,0,
"1511",-120.125,31.625,-119.875,31.375,"70","20",0,0,
"1512",-120.125,31.375,-119.875,31.125,"71","20",0,0,
"1513",-119.875,49.125,-119.625,48.875,"0","21",126380,763250.139261758,6.0393269446254
"1514",-119.875,48.875,-119.625,48.625,"1","21",257838,1585634.01474469,6.14972973240828
"1515",-119.875,48.625,-119.625,48.375,"2","21",131673,492098.23516602,3.73727518296097
"1516",-119.875,48.375,-119.625,48.125,"3","21",21945,67190.2431099162,3.06175635041769
"1517",-119.875,48.125,-119.625,47.875,"4","21",0,0,
"1518",-119.875,47.875,-119.625,47.625,"5","21",0,0,
"1519",-119.875,47.625,-119.625,47.375,"6","21",0,0,
"1520",-119.875,47.375,-119.625,47.125,"7","21",0,0,
"1521",-119.875,47.125,-119.625,46.875,"8","21",0,0,
"1522",-119.875,46.875,-119.625,46.625,"9","21",0,0,
"1523",-119.875,46.625,-119.625,46.375,"10","21",0,0,
"1524",-119.875,46.375,-119.625,46.125,"11","21",0,0,
"1525",-119.875,46.125,-119.625,45.875,"12","21",0,0,
"1526",-119.875,45.875,-119.625,45.625,"13","21",0,0,
"1527",-119.875,45.625,-119.625,45.375,"14","21",0,0,
"1528",-119.875,45.375,-119.625,45.125,"15","21",8,3.23485246300697,0.404356557875872
"1529",-119.875,45.125,-119.625,44.875,"16","21",147158,117004.102549074,0.795091687499654
"1530",-119.875,44.875,-119.625,44.625,"17","21",3938,2337.56646263885,0.593592296251611
"1531",-119.875,44.625,-119.625,44.375,"18","21",108101,110363.030676103,1.02092515958319
"1532",-119.875,44.375,-119.625,44.125,"19","21",149570,153628.063659702,1.02713153479777
"1533",-119.875,44.125,-119.625,43.875,"20","21",53601,54245.5297407647,1.0120245842571
"1534",-119.875,43.875,-119.625,43.625,"21","21",133594,100860.072854256,0.754974571120377
"1535",-119.875,43.625,-119.625,43.375,"22","21",0,0,
"1536",-119.875,43.375,-119.625,43.125,"23","21",0,0,
"1537",-119.875,43.125,-119.625,42.875,"24","21",0,0,
"1538",-119.875,42.875,-119.625,42.625,"25","21",0,0,
"1539",-119.875,42.625,-119.625,42.375,"26","21",0,0,
"1540",-119.875,42.375,-119.625,42.125,"27","21",0,0,
"1541",-119.875,42.125,-119.625,41.875,"28","21",0,0,
"1542",-119.875,41.875,-119.625,41.625,"29","21",0,0,
"1543",-119.875,41.625,-119.625,41.375,"30","21",0,0,
"1544",-119.875,41.375,-119.625,41.125,"31","21",0,0,
"1545",-119.875,41.125,-119.625,40.875,"32","21",0,0,
"1546",-119.875,40.875,-119.625,40.625,"33","21",0,0,
"1547",-119.875,40.625,-119.625,40.375,"34","21",0,0,
"1548",-119.875,40.375,-119.625,40.125,"35","21",0,0,
"1549",-119.875,40.125,-119.625,39.875,"36","21",43,15.3636304847896,0.35729373220441
"1550",-119.875,39.875,-119.625,39.625,"37","21",11,4.34041208028793,0.394582916389812
"1551",-119.875,39.625,-119.625,39.375,"38","21",13909,234211.962683622,16.8388786169834
"1552",-119.875,39.375,-119.625,39.125,"39","21",67769,943420.369117165,13.9211198205251
"1553",-119.875,39.125,-119.625,38.875,"40","21",41932,530380.682368383,12.6485901547358
"1554",-119.875,38.875,-119.625,38.625,"41","21",234415,3792342.56155872,16.1779005676203
"1555",-119.875,38.625,-119.625,38.375,"42","21",382731,7418618.24309895,19.3833743362804
"1556",-119.875,38.375,-119.625,38.125,"43","21",212053,3992345.72281086,18.8271126690538
"1557",-119.875,38.125,-119.625,37.875,"44","21",266012,4519841.85520118,16.9911201569898
"1558",-119.875,37.875,-119.625,37.625,"45","21",429323,8017622.84166017,18.6750368409337
"1559",-119.875,37.625,-119.625,37.375,"46","21",315210,3909606.43680654,12.4031802189224
"1560",-119.875,37.375,-119.625,37.125,"47","21",14811,14465.432466065,0.976668183516646
"1561",-119.875,37.125,-119.625,36.875,"48","21",97,83.6383124887943,0.862250644214374
"1562",-119.875,36.875,-119.625,36.625,"49","21",0,0,
"1563",-119.875,36.625,-119.625,36.375,"50","21",0,0,
"1564",-119.875,36.375,-119.625,36.125,"51","21",0,0,
"1565",-119.875,36.125,-119.625,35.875,"52","21",0,0,
"1566",-119.875,35.875,-119.625,35.625,"53","21",0,0,
"1567",-119.875,35.625,-119.625,35.375,"54","21",2,0.448195904493332,0.224097952246666
"1568",-119.875,35.375,-119.625,35.125,"55","21",26,8.89674170315266,0.342182373198179
"1569",-119.875,35.125,-119.625,34.875,"56","21",1880,449.260423839092,0.238968310552709
"1570",-119.875,34.875,-119.625,34.625,"57","21",6538,2609.05944868922,0.399060790561215
"1571",-119.875,34.625,-119.625,34.375,"58","21",119,41.718803152442,0.350578177751613
"1572",-119.875,34.375,-119.625,34.125,"59","21",0,0,
"1573",-119.875,34.125,-119.625,33.875,"60","21",0,0,
"1574",-119.875,33.875,-119.625,33.625,"61","21",0,0,
"1575",-119.875,33.625,-119.625,33.375,"62","21",0,0,
"1576",-119.875,33.375,-119.625,33.125,"63","21",0,0,
"1577",-119.875,33.125,-119.625,32.875,"64","21",0,0,
"1578",-119.875,32.875,-119.625,32.625,"65","21",0,0,
"1579",-119.875,32.625,-119.625,32.375,"66","21",0,0,
"1580",-119.875,32.375,-119.625,32.125,"67","21",0,0,
"1581",-119.875,32.125,-119.625,31.875,"68","21",0,0,
"1582",-119.875,31.875,-119.625,31.625,"69","21",0,0,
"1583",-119.875,31.625,-119.625,31.375,"70","21",0,0,
"1584",-119.875,31.375,-119.625,31.125,"71","21",0,0,
"1585",-119.625,49.125,-119.375,48.875,"0","22",9406,28582.1229274736,3.03871177200443
"1586",-119.625,48.875,-119.375,48.625,"1","22",15972,44074.2780788846,2.75947145497649
"1587",-119.625,48.625,-119.375,48.375,"2","22",2636,7075.37030363397,2.68413137467146
"1588",-119.625,48.375,-119.375,48.125,"3","22",0,0,
"1589",-119.625,48.125,-119.375,47.875,"4","22",0,0,
"1590",-119.625,47.875,-119.375,47.625,"5","22",0,0,
"1591",-119.625,47.625,-119.375,47.375,"6","22",0,0,
"1592",-119.625,47.375,-119.375,47.125,"7","22",0,0,
"1593",-119.625,47.125,-119.375,46.875,"8","22",0,0,
"1594",-119.625,46.875,-119.375,46.625,"9","22",0,0,
"1595",-119.625,46.625,-119.375,46.375,"10","22",0,0,
"1596",-119.625,46.375,-119.375,46.125,"11","22",0,0,
"1597",-119.625,46.125,-119.375,45.875,"12","22",0,0,
"1598",-119.625,45.875,-119.375,45.625,"13","22",0,0,
"1599",-119.625,45.625,-119.375,45.375,"14","22",0,0,
"1600",-119.625,45.375,-119.375,45.125,"15","22",36965,30932.8004902335,0.836813214939362
"1601",-119.625,45.125,-119.375,44.875,"16","22",173189,123639.946157446,0.713901842250064
"1602",-119.625,44.875,-119.375,44.625,"17","22",77637,70484.0961462534,0.907867333182031
"1603",-119.625,44.625,-119.375,44.375,"18","22",98055,83849.0556810411,0.855122693193015
"1604",-119.625,44.375,-119.375,44.125,"19","22",107854,70589.2957023726,0.654489362493488
"1605",-119.625,44.125,-119.375,43.875,"20","22",224098,269909.387015965,1.20442568437008
"1606",-119.625,43.875,-119.375,43.625,"21","22",187923,170185.802266091,0.905614545670783
"1607",-119.625,43.625,-119.375,43.375,"22","22",0,0,
"1608",-119.625,43.375,-119.375,43.125,"23","22",0,0,
"1609",-119.625,43.125,-119.375,42.875,"24","22",0,0,
"1610",-119.625,42.875,-119.375,42.625,"25","22",0,0,
"1611",-119.625,42.625,-119.375,42.375,"26","22",0,0,
"1612",-119.625,42.375,-119.375,42.125,"27","22",0,0,
"1613",-119.625,42.125,-119.375,41.875,"28","22",0,0,
"1614",-119.625,41.875,-119.375,41.625,"29","22",0,0,
"1615",-119.625,41.625,-119.375,41.375,"30","22",0,0,
"1616",-119.625,41.375,-119.375,41.125,"31","22",0,0,
"1617",-119.625,41.125,-119.375,40.875,"32","22",0,0,
"1618",-119.625,40.875,-119.375,40.625,"33","22",10,1.47166445851326,0.147166445851326
"1619",-119.625,40.625,-119.375,40.375,"34","22",0,0,
"1620",-119.625,40.375,-119.375,40.125,"35","22",0,0,
"1621",-119.625,40.125,-119.375,39.875,"36","22",0,0,
"1622",-119.625,39.875,-119.375,39.625,"37","22",0,0,
"1623",-119.625,39.625,-119.375,39.375,"38","22",26,8.93196532130241,0.343537127742401
"1624",-119.625,39.375,-119.375,39.125,"39","22",5684,2025.37327260524,0.356328865694096
"1625",-119.625,39.125,-119.375,38.875,"40","22",2050,1017.23133646324,0.49621040803085
"1626",-119.625,38.875,-119.375,38.625,"41","22",18644,207289.24530392,11.118281769144
"1627",-119.625,38.625,-119.375,38.375,"42","22",185173,2898035.99803713,15.650424187312
"1628",-119.625,38.375,-119.375,38.125,"43","22",159963,1969670.69074759,12.3132892653151
"1629",-119.625,38.125,-119.375,37.875,"44","22",198105,3054024.9852272,15.416193358205
"1630",-119.625,37.875,-119.375,37.625,"45","22",345611,6640505.47532566,19.2138140143851
"1631",-119.625,37.625,-119.375,37.375,"46","22",504187,12540922.4247074,24.8735537106418
"1632",-119.625,37.375,-119.375,37.125,"47","22",271453,4546496.81867686,16.748744050266
"1633",-119.625,37.125,-119.375,36.875,"48","22",38617,94753.9131572498,2.45368395155631
"1634",-119.625,36.875,-119.375,36.625,"49","22",12,6.08982329070568,0.507485274225473
"1635",-119.625,36.625,-119.375,36.375,"50","22",0,0,
"1636",-119.625,36.375,-119.375,36.125,"51","22",0,0,
"1637",-119.625,36.125,-119.375,35.875,"52","22",0,0,
"1638",-119.625,35.875,-119.375,35.625,"53","22",0,0,
"1639",-119.625,35.625,-119.375,35.375,"54","22",0,0,
"1640",-119.625,35.375,-119.375,35.125,"55","22",0,0,
"1641",-119.625,35.125,-119.375,34.875,"56","22",871,241.08021594584,0.276785552176624
"1642",-119.625,34.875,-119.375,34.625,"57","22",14377,5347.3575989753,0.371938345897983
"1643",-119.625,34.625,-119.375,34.375,"58","22",2106,909.159720301628,0.431699772222995
"1644",-119.625,34.375,-119.375,34.125,"59","22",0,0,
"1645",-119.625,34.125,-119.375,33.875,"60","22",0,0,
"1646",-119.625,33.875,-119.375,33.625,"61","22",0,0,
"1647",-119.625,33.625,-119.375,33.375,"62","22",0,0,
"1648",-119.625,33.375,-119.375,33.125,"63","22",0,0,
"1649",-119.625,33.125,-119.375,32.875,"64","22",0,0,
"1650",-119.625,32.875,-119.375,32.625,"65","22",0,0,
"1651",-119.625,32.625,-119.375,32.375,"66","22",0,0,
"1652",-119.625,32.375,-119.375,32.125,"67","22",0,0,
"1653",-119.625,32.125,-119.375,31.875,"68","22",0,0,
"1654",-119.625,31.875,-119.375,31.625,"69","22",0,0,
"1655",-119.625,31.625,-119.375,31.375,"70","22",0,0,
"1656",-119.625,31.375,-119.375,31.125,"71","22",0,0,
"1657",-119.375,49.125,-119.125,48.875,"0","23",0,0,
"1658",-119.375,48.875,-119.125,48.625,"1","23",0,0,
"1659",-119.375,48.625,-119.125,48.375,"2","23",0,0,
"1660",-119.375,48.375,-119.125,48.125,"3","23",0,0,
"1661",-119.375,48.125,-119.125,47.875,"4","23",0,0,
"1662",-119.375,47.875,-119.125,47.625,"5","23",0,0,
"1663",-119.375,47.625,-119.125,47.375,"6","23",0,0,
"1664",-119.375,47.375,-119.125,47.125,"7","23",0,0,
"1665",-119.375,47.125,-119.125,46.875,"8","23",0,0,
"1666",-119.375,46.875,-119.125,46.625,"9","23",0,0,
"1667",-119.375,46.625,-119.125,46.375,"10","23",0,0,
"1668",-119.375,46.375,-119.125,46.125,"11","23",0,0,
"1669",-119.375,46.125,-119.125,45.875,"12","23",0,0,
"1670",-119.375,45.875,-119.125,45.625,"13","23",0,0,
"1671",-119.375,45.625,-119.125,45.375,"14","23",0,0,
"1672",-119.375,45.375,-119.125,45.125,"15","23",175941,212327.983380477,1.20681355329615
"1673",-119.375,45.125,-119.125,44.875,"16","23",159817,158685.180757377,0.992918029730109
"1674",-119.375,44.875,-119.125,44.625,"17","23",42544,30187.3894415716,0.709556916170826
"1675",-119.375,44.625,-119.125,44.375,"18","23",95092,70106.3814275579,0.737247943334433
"1676",-119.375,44.375,-119.125,44.125,"19","23",268238,217321.008206053,0.810179796322866
"1677",-119.375,44.125,-119.125,43.875,"20","23",302897,349665.22216287,1.15440305504138
"1678",-119.375,43.875,-119.125,43.625,"21","23",71223,55750.4112076739,0.782758535973967
"1679",-119.375,43.625,-119.125,43.375,"22","23",815,238.283617240144,0.292372536490974
"1680",-119.375,43.375,-119.125,43.125,"23","23",0,0,
"1681",-119.375,43.125,-119.125,42.875,"24","23",0,0,
"1682",-119.375,42.875,-119.125,42.625,"25","23",0,0,
"1683",-119.375,42.625,-119.125,42.375,"26","23",0,0,
"1684",-119.375,42.375,-119.125,42.125,"27","23",0,0,
"1685",-119.375,42.125,-119.125,41.875,"28","23",0,0,
"1686",-119.375,41.875,-119.125,41.625,"29","23",0,0,
"1687",-119.375,41.625,-119.125,41.375,"30","23",0,0,
"1688",-119.375,41.375,-119.125,41.125,"31","23",1,2.48917698860168,2.48917698860168
"1689",-119.375,41.125,-119.125,40.875,"32","23",5,12.4458849430084,2.48917698860168
"1690",-119.375,40.875,-119.125,40.625,"33","23",0,0,
"1691",-119.375,40.625,-119.125,40.375,"34","23",0,0,
"1692",-119.375,40.375,-119.125,40.125,"35","23",0,0,
"1693",-119.375,40.125,-119.125,39.875,"36","23",0,0,
"1694",-119.375,39.875,-119.125,39.625,"37","23",0,0,
"1695",-119.375,39.625,-119.125,39.375,"38","23",0,0,
"1696",-119.375,39.375,-119.125,39.125,"39","23",0,0,
"1697",-119.375,39.125,-119.125,38.875,"40","23",2,5.07047700881958,2.53523850440979
"1698",-119.375,38.875,-119.125,38.625,"41","23",816,394.236707750708,0.48313322028273
"1699",-119.375,38.625,-119.125,38.375,"42","23",34853,40295.3610819872,1.15615186876272
"1700",-119.375,38.375,-119.125,38.125,"43","23",65442,706544.483161507,10.7964989328185
"1701",-119.375,38.125,-119.125,37.875,"44","23",147709,1997089.40859561,13.5204314469369
"1702",-119.375,37.875,-119.125,37.625,"45","23",115779,1520685.64906256,13.1343823064853
"1703",-119.375,37.625,-119.125,37.375,"46","23",452666,9019951.49375491,19.9262844873591
"1704",-119.375,37.375,-119.125,37.125,"47","23",433145,8861233.25146597,20.4578911252951
"1705",-119.375,37.125,-119.125,36.875,"48","23",283694,4520779.58141672,15.9354078035373
"1706",-119.375,36.875,-119.125,36.625,"49","23",16620,23958.6843768182,1.4415574233946
"1707",-119.375,36.625,-119.125,36.375,"50","23",71,63.1638700962067,0.889631973186009
"1708",-119.375,36.375,-119.125,36.125,"51","23",0,0,
"1709",-119.375,36.125,-119.125,35.875,"52","23",0,0,
"1710",-119.375,35.875,-119.125,35.625,"53","23",0,0,
"1711",-119.375,35.625,-119.125,35.375,"54","23",0,0,
"1712",-119.375,35.375,-119.125,35.125,"55","23",0,0,
"1713",-119.375,35.125,-119.125,34.875,"56","23",27305,127012.754580117,4.65162990588233
"1714",-119.375,34.875,-119.125,34.625,"57","23",99707,83733.7308086855,0.839797915980679
"1715",-119.375,34.625,-119.125,34.375,"58","23",16803,6149.34468045831,0.365967070193317
"1716",-119.375,34.375,-119.125,34.125,"59","23",0,0,
"1717",-119.375,34.125,-119.125,33.875,"60","23",0,0,
"1718",-119.375,33.875,-119.125,33.625,"61","23",0,0,
"1719",-119.375,33.625,-119.125,33.375,"62","23",0,0,
"1720",-119.375,33.375,-119.125,33.125,"63","23",0,0,
"1721",-119.375,33.125,-119.125,32.875,"64","23",0,0,
"1722",-119.375,32.875,-119.125,32.625,"65","23",0,0,
"1723",-119.375,32.625,-119.125,32.375,"66","23",0,0,
"1724",-119.375,32.375,-119.125,32.125,"67","23",0,0,
"1725",-119.375,32.125,-119.125,31.875,"68","23",0,0,
"1726",-119.375,31.875,-119.125,31.625,"69","23",0,0,
"1727",-119.375,31.625,-119.125,31.375,"70","23",0,0,
"1728",-119.375,31.375,-119.125,31.125,"71","23",0,0,
"1729",-119.125,49.125,-118.875,48.875,"0","24",0,0,
"1730",-119.125,48.875,-118.875,48.625,"1","24",0,0,
"1731",-119.125,48.625,-118.875,48.375,"2","24",0,0,
"1732",-119.125,48.375,-118.875,48.125,"3","24",0,0,
"1733",-119.125,48.125,-118.875,47.875,"4","24",0,0,
"1734",-119.125,47.875,-118.875,47.625,"5","24",0,0,
"1735",-119.125,47.625,-118.875,47.375,"6","24",0,0,
"1736",-119.125,47.375,-118.875,47.125,"7","24",0,0,
"1737",-119.125,47.125,-118.875,46.875,"8","24",0,0,
"1738",-119.125,46.875,-118.875,46.625,"9","24",0,0,
"1739",-119.125,46.625,-118.875,46.375,"10","24",0,0,
"1740",-119.125,46.375,-118.875,46.125,"11","24",0,0,
"1741",-119.125,46.125,-118.875,45.875,"12","24",0,0,
"1742",-119.125,45.875,-118.875,45.625,"13","24",0,0,
"1743",-119.125,45.625,-118.875,45.375,"14","24",0,0,
"1744",-119.125,45.375,-118.875,45.125,"15","24",105216,87796.0820739709,0.834436607302795
"1745",-119.125,45.125,-118.875,44.875,"16","24",171682,84836.7340707195,0.494150429693966
"1746",-119.125,44.875,-118.875,44.625,"17","24",111250,85934.3530011909,0.772443622482615
"1747",-119.125,44.625,-118.875,44.375,"18","24",135998,98649.7194425211,0.725376251434
"1748",-119.125,44.375,-118.875,44.125,"19","24",162485,104105.377215594,0.640707617414494
"1749",-119.125,44.125,-118.875,43.875,"20","24",240152,228896.603810782,0.953132198819006
"1750",-119.125,43.875,-118.875,43.625,"21","24",119303,106133.596775137,0.889613813358733
"1751",-119.125,43.625,-118.875,43.375,"22","24",0,0,
"1752",-119.125,43.375,-118.875,43.125,"23","24",0,0,
"1753",-119.125,43.125,-118.875,42.875,"24","24",0,0,
"1754",-119.125,42.875,-118.875,42.625,"25","24",0,0,
"1755",-119.125,42.625,-118.875,42.375,"26","24",0,0,
"1756",-119.125,42.375,-118.875,42.125,"27","24",0,0,
"1757",-119.125,42.125,-118.875,41.875,"28","24",0,0,
"1758",-119.125,41.875,-118.875,41.625,"29","24",0,0,
"1759",-119.125,41.625,-118.875,41.375,"30","24",0,0,
"1760",-119.125,41.375,-118.875,41.125,"31","24",0,0,
"1761",-119.125,41.125,-118.875,40.875,"32","24",0,0,
"1762",-119.125,40.875,-118.875,40.625,"33","24",0,0,
"1763",-119.125,40.625,-118.875,40.375,"34","24",0,0,
"1764",-119.125,40.375,-118.875,40.125,"35","24",1,0.153591498732567,0.153591498732567
"1765",-119.125,40.125,-118.875,39.875,"36","24",0,0,
"1766",-119.125,39.875,-118.875,39.625,"37","24",0,0,
"1767",-119.125,39.625,-118.875,39.375,"38","24",0,0,
"1768",-119.125,39.375,-118.875,39.125,"39","24",0,0,
"1769",-119.125,39.125,-118.875,38.875,"40","24",42,43.5726496130228,1.0374440384053
"1770",-119.125,38.875,-118.875,38.625,"41","24",253,239.588990360498,0.946992056760863
"1771",-119.125,38.625,-118.875,38.375,"42","24",1120,1278.58014634252,1.14158941637725
"1772",-119.125,38.375,-118.875,38.125,"43","24",4996,8319.35764130624,1.66520369121422
"1773",-119.125,38.125,-118.875,37.875,"44","24",3456,14866.3629873554,4.30160966069313
"1774",-119.125,37.875,-118.875,37.625,"45","24",198016,1664283.38720302,8.40479247739084
"1775",-119.125,37.625,-118.875,37.375,"46","24",307499,5660139.0429702,18.4070160975164
"1776",-119.125,37.375,-118.875,37.125,"47","24",413121,7031131.92369585,17.0195461467605
"1777",-119.125,37.125,-118.875,36.875,"48","24",453714,11043913.7412938,24.3411350350524
"1778",-119.125,36.875,-118.875,36.625,"49","24",306864,5217085.12050734,17.0012941254345
"1779",-119.125,36.625,-118.875,36.375,"50","24",25919,52181.959972151,2.01327057263594
"1780",-119.125,36.375,-118.875,36.125,"51","24",1433,1095.96043734625,0.764801421734996
"1781",-119.125,36.125,-118.875,35.875,"52","24",0,0,
"1782",-119.125,35.875,-118.875,35.625,"53","24",0,0,
"1783",-119.125,35.625,-118.875,35.375,"54","24",0,0,
"1784",-119.125,35.375,-118.875,35.125,"55","24",0,0,
"1785",-119.125,35.125,-118.875,34.875,"56","24",13429,64635.177585396,4.81310429558388
"1786",-119.125,34.875,-118.875,34.625,"57","24",147459,469521.833845994,3.18408394093269
"1787",-119.125,34.625,-118.875,34.375,"58","24",8768,2362.48936195672,0.269444498398348
"1788",-119.125,34.375,-118.875,34.125,"59","24",0,0,
"1789",-119.125,34.125,-118.875,33.875,"60","24",0,0,
"1790",-119.125,33.875,-118.875,33.625,"61","24",0,0,
"1791",-119.125,33.625,-118.875,33.375,"62","24",0,0,
"1792",-119.125,33.375,-118.875,33.125,"63","24",0,0,
"1793",-119.125,33.125,-118.875,32.875,"64","24",0,0,
"1794",-119.125,32.875,-118.875,32.625,"65","24",0,0,
"1795",-119.125,32.625,-118.875,32.375,"66","24",0,0,
"1796",-119.125,32.375,-118.875,32.125,"67","24",0,0,
"1797",-119.125,32.125,-118.875,31.875,"68","24",0,0,
"1798",-119.125,31.875,-118.875,31.625,"69","24",0,0,
"1799",-119.125,31.625,-118.875,31.375,"70","24",0,0,
"1800",-119.125,31.375,-118.875,31.125,"71","24",0,0,
"1801",-118.875,49.125,-118.625,48.875,"0","25",0,0,
"1802",-118.875,48.875,-118.625,48.625,"1","25",0,0,
"1803",-118.875,48.625,-118.625,48.375,"2","25",0,0,
"1804",-118.875,48.375,-118.625,48.125,"3","25",0,0,
"1805",-118.875,48.125,-118.625,47.875,"4","25",0,0,
"1806",-118.875,47.875,-118.625,47.625,"5","25",0,0,
"1807",-118.875,47.625,-118.625,47.375,"6","25",0,0,
"1808",-118.875,47.375,-118.625,47.125,"7","25",0,0,
"1809",-118.875,47.125,-118.625,46.875,"8","25",0,0,
"1810",-118.875,46.875,-118.625,46.625,"9","25",0,0,
"1811",-118.875,46.625,-118.625,46.375,"10","25",0,0,
"1812",-118.875,46.375,-118.625,46.125,"11","25",0,0,
"1813",-118.875,46.125,-118.625,45.875,"12","25",0,0,
"1814",-118.875,45.875,-118.625,45.625,"13","25",0,0,
"1815",-118.875,45.625,-118.625,45.375,"14","25",4354,1953.29782609912,0.448621457533101
"1816",-118.875,45.375,-118.625,45.125,"15","25",225725,221192.519437174,0.979920343059802
"1817",-118.875,45.125,-118.625,44.875,"16","25",334293,333376.718090294,0.997259045478947
"1818",-118.875,44.875,-118.625,44.625,"17","25",241833,190894.502581413,0.789364985677774
"1819",-118.875,44.625,-118.625,44.375,"18","25",135136,95632.5208509071,0.707676125169511
"1820",-118.875,44.375,-118.625,44.125,"19","25",274540,271625.998685969,0.989385877052411
"1821",-118.875,44.125,-118.625,43.875,"20","25",248285,254081.211393822,1.02334499222193
"1822",-118.875,43.875,-118.625,43.625,"21","25",145593,116587.726917519,0.800778381635925
"1823",-118.875,43.625,-118.625,43.375,"22","25",0,0,
"1824",-118.875,43.375,-118.625,43.125,"23","25",0,0,
"1825",-118.875,43.125,-118.625,42.875,"24","25",0,0,
"1826",-118.875,42.875,-118.625,42.625,"25","25",0,0,
"1827",-118.875,42.625,-118.625,42.375,"26","25",0,0,
"1828",-118.875,42.375,-118.625,42.125,"27","25",0,0,
"1829",-118.875,42.125,-118.625,41.875,"28","25",0,0,
"1830",-118.875,41.875,-118.625,41.625,"29","25",0,0,
"1831",-118.875,41.625,-118.625,41.375,"30","25",0,0,
"1832",-118.875,41.375,-118.625,41.125,"31","25",0,0,
"1833",-118.875,41.125,-118.625,40.875,"32","25",0,0,
"1834",-118.875,40.875,-118.625,40.625,"33","25",0,0,
"1835",-118.875,40.625,-118.625,40.375,"34","25",32,21.0850405544043,0.658907517325133
"1836",-118.875,40.375,-118.625,40.125,"35","25",0,0,
"1837",-118.875,40.125,-118.625,39.875,"36","25",0,0,
"1838",-118.875,39.875,-118.625,39.625,"37","25",0,0,
"1839",-118.875,39.625,-118.625,39.375,"38","25",0,0,
"1840",-118.875,39.375,-118.625,39.125,"39","25",0,0,
"1841",-118.875,39.125,-118.625,38.875,"40","25",11,21.4942799285054,1.95402544804595
"1842",-118.875,38.875,-118.625,38.625,"41","25",715,1222.79754979908,1.71020636335536
"1843",-118.875,38.625,-118.625,38.375,"42","25",8062,12483.8046588823,1.54847490187079
"1844",-118.875,38.375,-118.625,38.125,"43","25",4213,8181.4482994806,1.94195307369585
"1845",-118.875,38.125,-118.625,37.875,"44","25",962,2096.83789503574,2.17966517155483
"1846",-118.875,37.875,-118.625,37.625,"45","25",35408,75439.9183933567,2.13058965186841
"1847",-118.875,37.625,-118.625,37.375,"46","25",79343,739758.208981697,9.32354724401266
"1848",-118.875,37.375,-118.625,37.125,"47","25",62842,844937.163212438,13.4454212662302
"1849",-118.875,37.125,-118.625,36.875,"48","25",261625,5066024.35095991,19.3636860046246
"1850",-118.875,36.875,-118.625,36.625,"49","25",474680,11370470.0427541,23.9539690797045
"1851",-118.875,36.625,-118.625,36.375,"50","25",424929,10729876.5101254,25.2509866592428
"1852",-118.875,36.375,-118.625,36.125,"51","25",348753,5897026.33599596,16.9088906360546
"1853",-118.875,36.125,-118.625,35.875,"52","25",200613,2748386.07961538,13.6999400817264
"1854",-118.875,35.875,-118.625,35.625,"53","25",43972,201510.519686735,4.58270080248192
"1855",-118.875,35.625,-118.625,35.375,"54","25",28607,136929.275151379,4.78656535642951
"1856",-118.875,35.375,-118.625,35.125,"55","25",16105,99108.5050047343,6.15389661625174
"1857",-118.875,35.125,-118.625,34.875,"56","25",31540,81899.3668508905,2.59668252539285
"1858",-118.875,34.875,-118.625,34.625,"57","25",9567,23408.7833987736,2.44682590140834
"1859",-118.875,34.625,-118.625,34.375,"58","25",705,169.05499753356,0.239794322742638
"1860",-118.875,34.375,-118.625,34.125,"59","25",0,0,
"1861",-118.875,34.125,-118.625,33.875,"60","25",0,0,
"1862",-118.875,33.875,-118.625,33.625,"61","25",0,0,
"1863",-118.875,33.625,-118.625,33.375,"62","25",0,0,
"1864",-118.875,33.375,-118.625,33.125,"63","25",0,0,
"1865",-118.875,33.125,-118.625,32.875,"64","25",0,0,
"1866",-118.875,32.875,-118.625,32.625,"65","25",0,0,
"1867",-118.875,32.625,-118.625,32.375,"66","25",0,0,
"1868",-118.875,32.375,-118.625,32.125,"67","25",0,0,
"1869",-118.875,32.125,-118.625,31.875,"68","25",0,0,
"1870",-118.875,31.875,-118.625,31.625,"69","25",0,0,
"1871",-118.875,31.625,-118.625,31.375,"70","25",0,0,
"1872",-118.875,31.375,-118.625,31.125,"71","25",0,0,
"1873",-118.625,49.125,-118.375,48.875,"0","26",0,0,
"1874",-118.625,48.875,-118.375,48.625,"1","26",0,0,
"1875",-118.625,48.625,-118.375,48.375,"2","26",0,0,
"1876",-118.625,48.375,-118.375,48.125,"3","26",0,0,
"1877",-118.625,48.125,-118.375,47.875,"4","26",0,0,
"1878",-118.625,47.875,-118.375,47.625,"5","26",0,0,
"1879",-118.625,47.625,-118.375,47.375,"6","26",0,0,
"1880",-118.625,47.375,-118.375,47.125,"7","26",0,0,
"1881",-118.625,47.125,-118.375,46.875,"8","26",0,0,
"1882",-118.625,46.875,-118.375,46.625,"9","26",0,0,
"1883",-118.625,46.625,-118.375,46.375,"10","26",0,0,
"1884",-118.625,46.375,-118.375,46.125,"11","26",0,0,
"1885",-118.625,46.125,-118.375,45.875,"12","26",0,0,
"1886",-118.625,45.875,-118.375,45.625,"13","26",6435,2301.87667837593,0.357711993531614
"1887",-118.625,45.625,-118.375,45.375,"14","26",119625,68041.3625521373,0.56878881966259
"1888",-118.625,45.375,-118.375,45.125,"15","26",221482,177427.803731513,0.801093559438298
"1889",-118.625,45.125,-118.375,44.875,"16","26",317472,388440.711242727,1.22354321402431
"1890",-118.625,44.875,-118.375,44.625,"17","26",259089,264821.778083013,1.02212667493801
"1891",-118.625,44.625,-118.375,44.375,"18","26",248971,226608.72697593,0.910181213779637
"1892",-118.625,44.375,-118.375,44.125,"19","26",258755,267629.196138857,1.03429574747872
"1893",-118.625,44.125,-118.375,43.875,"20","26",164229,160711.725908396,0.97858311204718
"1894",-118.625,43.875,-118.375,43.625,"21","26",0,0,
"1895",-118.625,43.625,-118.375,43.375,"22","26",0,0,
"1896",-118.625,43.375,-118.375,43.125,"23","26",0,0,
"1897",-118.625,43.125,-118.375,42.875,"24","26",0,0,
"1898",-118.625,42.875,-118.375,42.625,"25","26",0,0,
"1899",-118.625,42.625,-118.375,42.375,"26","26",0,0,
"1900",-118.625,42.375,-118.375,42.125,"27","26",0,0,
"1901",-118.625,42.125,-118.375,41.875,"28","26",0,0,
"1902",-118.625,41.875,-118.375,41.625,"29","26",3,7.43602156639099,2.47867385546366
"1903",-118.625,41.625,-118.375,41.375,"30","26",33,73.1527515649796,2.21675004742362
"1904",-118.625,41.375,-118.375,41.125,"31","26",1202,1765.75240008533,1.46901198010427
"1905",-118.625,41.125,-118.375,40.875,"32","26",0,0,
"1906",-118.625,40.875,-118.375,40.625,"33","26",8,6.07685601711273,0.759607002139091
"1907",-118.625,40.625,-118.375,40.375,"34","26",0,0,
"1908",-118.625,40.375,-118.375,40.125,"35","26",0,0,
"1909",-118.625,40.125,-118.375,39.875,"36","26",0,0,
"1910",-118.625,39.875,-118.375,39.625,"37","26",0,0,
"1911",-118.625,39.625,-118.375,39.375,"38","26",0,0,
"1912",-118.625,39.375,-118.375,39.125,"39","26",0,0,
"1913",-118.625,39.125,-118.375,38.875,"40","26",0,0,
"1914",-118.625,38.875,-118.375,38.625,"41","26",2,4.97835397720337,2.48917698860168
"1915",-118.625,38.625,-118.375,38.375,"42","26",108,35.7550136744976,0.331064941430533
"1916",-118.625,38.375,-118.375,38.125,"43","26",322,598.985284015536,1.86020274538986
"1917",-118.625,38.125,-118.375,37.875,"44","26",529,1161.49953000247,2.19565128544891
"1918",-118.625,37.875,-118.375,37.625,"45","26",4835,7932.58530772477,1.64065880201133
"1919",-118.625,37.625,-118.375,37.375,"46","26",816,521.731778624002,0.639377179686277
"1920",-118.625,37.375,-118.375,37.125,"47","26",78981,625799.034830484,7.92341240083671
"1921",-118.625,37.125,-118.375,36.875,"48","26",73112,904374.400160752,12.3697122245425
"1922",-118.625,36.875,-118.375,36.625,"49","26",190077,3440832.69803506,18.1023095799863
"1923",-118.625,36.625,-118.375,36.375,"50","26",182691,3215047.0066412,17.5982780029733
"1924",-118.625,36.375,-118.375,36.125,"51","26",496035,9772950.56660534,19.7021390962439
"1925",-118.625,36.125,-118.375,35.875,"52","26",405922,9065743.24801238,22.3337075793191
"1926",-118.625,35.875,-118.375,35.625,"53","26",216257,3461975.40548753,16.0086166250689
"1927",-118.625,35.625,-118.375,35.375,"54","26",157621,1227674.74425367,7.78877652250444
"1928",-118.625,35.375,-118.375,35.125,"55","26",27377,68375.0605000456,2.49753663659442
"1929",-118.625,35.125,-118.375,34.875,"56","26",112642,615546.099749937,5.46462331767846
"1930",-118.625,34.875,-118.375,34.625,"57","26",392,88.631545111537,0.226100880386574
"1931",-118.625,34.625,-118.375,34.375,"58","26",0,0,
"1932",-118.625,34.375,-118.375,34.125,"59","26",0,0,
"1933",-118.625,34.125,-118.375,33.875,"60","26",0,0,
"1934",-118.625,33.875,-118.375,33.625,"61","26",0,0,
"1935",-118.625,33.625,-118.375,33.375,"62","26",0,0,
"1936",-118.625,33.375,-118.375,33.125,"63","26",0,0,
"1937",-118.625,33.125,-118.375,32.875,"64","26",0,0,
"1938",-118.625,32.875,-118.375,32.625,"65","26",0,0,
"1939",-118.625,32.625,-118.375,32.375,"66","26",0,0,
"1940",-118.625,32.375,-118.375,32.125,"67","26",0,0,
"1941",-118.625,32.125,-118.375,31.875,"68","26",0,0,
"1942",-118.625,31.875,-118.375,31.625,"69","26",0,0,
"1943",-118.625,31.625,-118.375,31.375,"70","26",0,0,
"1944",-118.625,31.375,-118.375,31.125,"71","26",0,0,
"1945",-118.375,49.125,-118.125,48.875,"0","27",0,0,
"1946",-118.375,48.875,-118.125,48.625,"1","27",0,0,
"1947",-118.375,48.625,-118.125,48.375,"2","27",0,0,
"1948",-118.375,48.375,-118.125,48.125,"3","27",0,0,
"1949",-118.375,48.125,-118.125,47.875,"4","27",0,0,
"1950",-118.375,47.875,-118.125,47.625,"5","27",0,0,
"1951",-118.375,47.625,-118.125,47.375,"6","27",0,0,
"1952",-118.375,47.375,-118.125,47.125,"7","27",0,0,
"1953",-118.375,47.125,-118.125,46.875,"8","27",0,0,
"1954",-118.375,46.875,-118.125,46.625,"9","27",0,0,
"1955",-118.375,46.625,-118.125,46.375,"10","27",0,0,
"1956",-118.375,46.375,-118.125,46.125,"11","27",0,0,
"1957",-118.375,46.125,-118.125,45.875,"12","27",8319,4262.18668725417,0.512343633520155
"1958",-118.375,45.875,-118.125,45.625,"13","27",81451,40428.561616029,0.496354392408061
"1959",-118.375,45.625,-118.125,45.375,"14","27",154117,80822.1884512467,0.524420981794654
"1960",-118.375,45.375,-118.125,45.125,"15","27",201161,112139.132157455,0.557459607764204
"1961",-118.375,45.125,-118.125,44.875,"16","27",183339,173486.750278241,0.946262117052243
"1962",-118.375,44.875,-118.125,44.625,"17","27",192513,144239.566603238,0.749245851465813
"1963",-118.375,44.625,-118.125,44.375,"18","27",142159,110452.198954052,0.776962407966095
"1964",-118.375,44.375,-118.125,44.125,"19","27",117378,98429.0371068779,0.838564612677656
"1965",-118.375,44.125,-118.125,43.875,"20","27",15318,9478.95939832891,0.618811816054897
"1966",-118.375,43.875,-118.125,43.625,"21","27",0,0,
"1967",-118.375,43.625,-118.125,43.375,"22","27",0,0,
"1968",-118.375,43.375,-118.125,43.125,"23","27",0,0,
"1969",-118.375,43.125,-118.125,42.875,"24","27",0,0,
"1970",-118.375,42.875,-118.125,42.625,"25","27",0,0,
"1971",-118.375,42.625,-118.125,42.375,"26","27",0,0,
"1972",-118.375,42.375,-118.125,42.125,"27","27",0,0,
"1973",-118.375,42.125,-118.125,41.875,"28","27",0,0,
"1974",-118.375,41.875,-118.125,41.625,"29","27",0,0,
"1975",-118.375,41.625,-118.125,41.375,"30","27",0,0,
"1976",-118.375,41.375,-118.125,41.125,"31","27",16,31.3273917287588,1.95796198304743
"1977",-118.375,41.125,-118.125,40.875,"32","27",0,0,
"1978",-118.375,40.875,-118.125,40.625,"33","27",5,1.62580901384354,0.325161802768707
"1979",-118.375,40.625,-118.125,40.375,"34","27",2749,2088.2723368071,0.7596479944733
"1980",-118.375,40.375,-118.125,40.125,"35","27",590,316.005063075572,0.535601801823004
"1981",-118.375,40.125,-118.125,39.875,"36","27",0,0,
"1982",-118.375,39.875,-118.125,39.625,"37","27",32,9.36247764527798,0.292577426414937
"1983",-118.375,39.625,-118.125,39.375,"38","27",550,323.655131496489,0.588463875448162
"1984",-118.375,39.375,-118.125,39.125,"39","27",199,102.16673219949,0.513400664319046
"1985",-118.375,39.125,-118.125,38.875,"40","27",5,12.4458847045898,2.48917694091797
"1986",-118.375,38.875,-118.125,38.625,"41","27",75,168.468097686768,2.24624130249023
"1987",-118.375,38.625,-118.125,38.375,"42","27",0,0,
"1988",-118.375,38.375,-118.125,38.125,"43","27",221,535.48062813282,2.42298926756932
"1989",-118.375,38.125,-118.125,37.875,"44","27",2199,3018.48423662409,1.37266222675038
"1990",-118.375,37.875,-118.125,37.625,"45","27",24666,40558.8401731849,1.64432174544656
"1991",-118.375,37.625,-118.125,37.375,"46","27",13255,25131.0179097634,1.89596513842047
"1992",-118.375,37.375,-118.125,37.125,"47","27",584,1101.11570201069,1.88547209248406
"1993",-118.375,37.125,-118.125,36.875,"48","27",11088,78740.0012854479,7.1013709673023
"1994",-118.375,36.875,-118.125,36.625,"49","27",14902,60567.4862366652,4.06438640696988
"1995",-118.375,36.625,-118.125,36.375,"50","27",133850,1189646.43672723,8.88790763337486
"1996",-118.375,36.375,-118.125,36.125,"51","27",487457,7446881.34431537,15.2770015495015
"1997",-118.375,36.125,-118.125,35.875,"52","27",402891,5456837.69272095,13.5442035009989
"1998",-118.375,35.875,-118.125,35.625,"53","27",151492,1150876.50796501,7.59694576588209
"1999",-118.375,35.625,-118.125,35.375,"54","27",129120,666636.920630671,5.16292534565266
"2000",-118.375,35.375,-118.125,35.125,"55","27",64352,249403.132843638,3.8756081060983
"2001",-118.375,35.125,-118.125,34.875,"56","27",489,631.816647442058,1.29205858372609
"2002",-118.375,34.875,-118.125,34.625,"57","27",0,0,
"2003",-118.375,34.625,-118.125,34.375,"58","27",93,36.5353332310915,0.392853045495608
"2004",-118.375,34.375,-118.125,34.125,"59","27",48,22.5043395012617,0.468840406276286
"2005",-118.375,34.125,-118.125,33.875,"60","27",0,0,
"2006",-118.375,33.875,-118.125,33.625,"61","27",0,0,
"2007",-118.375,33.625,-118.125,33.375,"62","27",0,0,
"2008",-118.375,33.375,-118.125,33.125,"63","27",0,0,
"2009",-118.375,33.125,-118.125,32.875,"64","27",0,0,
"2010",-118.375,32.875,-118.125,32.625,"65","27",0,0,
"2011",-118.375,32.625,-118.125,32.375,"66","27",0,0,
"2012",-118.375,32.375,-118.125,32.125,"67","27",0,0,
"2013",-118.375,32.125,-118.125,31.875,"68","27",0,0,
"2014",-118.375,31.875,-118.125,31.625,"69","27",0,0,
"2015",-118.375,31.625,-118.125,31.375,"70","27",0,0,
"2016",-118.375,31.375,-118.125,31.125,"71","27",0,0,
"2017",-118.125,49.125,-117.875,48.875,"0","28",0,0,
"2018",-118.125,48.875,-117.875,48.625,"1","28",0,0,
"2019",-118.125,48.625,-117.875,48.375,"2","28",0,0,
"2020",-118.125,48.375,-117.875,48.125,"3","28",0,0,
"2021",-118.125,48.125,-117.875,47.875,"4","28",0,0,
"2022",-118.125,47.875,-117.875,47.625,"5","28",0,0,
"2023",-118.125,47.625,-117.875,47.375,"6","28",0,0,
"2024",-118.125,47.375,-117.875,47.125,"7","28",0,0,
"2025",-118.125,47.125,-117.875,46.875,"8","28",0,0,
"2026",-118.125,46.875,-117.875,46.625,"9","28",0,0,
"2027",-118.125,46.625,-117.875,46.375,"10","28",0,0,
"2028",-118.125,46.375,-117.875,46.125,"11","28",20267,12016.1045551425,0.592890144330315
"2029",-118.125,46.125,-117.875,45.875,"12","28",92879,55062.4812925953,0.592841022110437
"2030",-118.125,45.875,-117.875,45.625,"13","28",95049,43785.9880746786,0.460667530165268
"2031",-118.125,45.625,-117.875,45.375,"14","28",68741,30347.554723576,0.441476771120234
"2032",-118.125,45.375,-117.875,45.125,"15","28",63233,31855.4577895633,0.503779004468605
"2033",-118.125,45.125,-117.875,44.875,"16","28",86235,42921.1239512937,0.497722780208658
"2034",-118.125,44.875,-117.875,44.625,"17","28",136831,55595.7550808506,0.406309645335126
"2035",-118.125,44.625,-117.875,44.375,"18","28",40153,26759.5647686495,0.666439986268759
"2036",-118.125,44.375,-117.875,44.125,"19","28",0,0,
"2037",-118.125,44.125,-117.875,43.875,"20","28",0,0,
"2038",-118.125,43.875,-117.875,43.625,"21","28",0,0,
"2039",-118.125,43.625,-117.875,43.375,"22","28",0,0,
"2040",-118.125,43.375,-117.875,43.125,"23","28",0,0,
"2041",-118.125,43.125,-117.875,42.875,"24","28",0,0,
"2042",-118.125,42.875,-117.875,42.625,"25","28",0,0,
"2043",-118.125,42.625,-117.875,42.375,"26","28",0,0,
"2044",-118.125,42.375,-117.875,42.125,"27","28",0,0,
"2045",-118.125,42.125,-117.875,41.875,"28","28",0,0,
"2046",-118.125,41.875,-117.875,41.625,"29","28",0,0,
"2047",-118.125,41.625,-117.875,41.375,"30","28",0,0,
"2048",-118.125,41.375,-117.875,41.125,"31","28",0,0,
"2049",-118.125,41.125,-117.875,40.875,"32","28",0,0,
"2050",-118.125,40.875,-117.875,40.625,"33","28",22,6.89272114634514,0.313305506652052
"2051",-118.125,40.625,-117.875,40.375,"34","28",21,11.3445953968912,0.540218828423392
"2052",-118.125,40.375,-117.875,40.125,"35","28",86,26.0054284781218,0.302388703233974
"2053",-118.125,40.125,-117.875,39.875,"36","28",600,688.435928314924,1.14739321385821
"2054",-118.125,39.875,-117.875,39.625,"37","28",104,31.9353096708655,0.307070285296784
"2055",-118.125,39.625,-117.875,39.375,"38","28",22558,25957.7798952415,1.15071282450756
"2056",-118.125,39.375,-117.875,39.125,"39","28",259,89.4246068424545,0.345268752287469
"2057",-118.125,39.125,-117.875,38.875,"40","28",0,0,
"2058",-118.125,38.875,-117.875,38.625,"41","28",0,0,
"2059",-118.125,38.625,-117.875,38.375,"42","28",12,30.4228620529175,2.53523850440979
"2060",-118.125,38.375,-117.875,38.125,"43","28",518,1298.53609037399,2.50682642929342
"2061",-118.125,38.125,-117.875,37.875,"44","28",0,0,
"2062",-118.125,37.875,-117.875,37.625,"45","28",472,1114.7082529515,2.36167002743962
"2063",-118.125,37.625,-117.875,37.375,"46","28",1745,2471.39889465645,1.41627443819854
"2064",-118.125,37.375,-117.875,37.125,"47","28",306,707.234232872725,2.3112229832442
"2065",-118.125,37.125,-117.875,36.875,"48","28",9586,9115.27588801458,0.950894626331586
"2066",-118.125,36.875,-117.875,36.625,"49","28",2592,2736.13804202154,1.05560881250831
"2067",-118.125,36.625,-117.875,36.375,"50","28",8390,20125.4077156937,2.39873751080974
"2068",-118.125,36.375,-117.875,36.125,"51","28",71371,531038.7703399,7.44053985988567
"2069",-118.125,36.125,-117.875,35.875,"52","28",137787,659434.546379991,4.78589813538281
"2070",-118.125,35.875,-117.875,35.625,"53","28",91911,355155.510803922,3.86412410705924
"2071",-118.125,35.625,-117.875,35.375,"54","28",11056,41570.1085245523,3.75995916466645
"2072",-118.125,35.375,-117.875,35.125,"55","28",3,4.02726948261261,1.34242316087087
"2073",-118.125,35.125,-117.875,34.875,"56","28",0,0,
"2074",-118.125,34.875,-117.875,34.625,"57","28",0,0,
"2075",-118.125,34.625,-117.875,34.375,"58","28",3559,969.525792598724,0.272415226917315
"2076",-118.125,34.375,-117.875,34.125,"59","28",986,504.108449831605,0.511266176299802
"2077",-118.125,34.125,-117.875,33.875,"60","28",1,0.512430369853973,0.512430369853973
"2078",-118.125,33.875,-117.875,33.625,"61","28",0,0,
"2079",-118.125,33.625,-117.875,33.375,"62","28",0,0,
"2080",-118.125,33.375,-117.875,33.125,"63","28",0,0,
"2081",-118.125,33.125,-117.875,32.875,"64","28",0,0,
"2082",-118.125,32.875,-117.875,32.625,"65","28",0,0,
"2083",-118.125,32.625,-117.875,32.375,"66","28",0,0,
"2084",-118.125,32.375,-117.875,32.125,"67","28",0,0,
"2085",-118.125,32.125,-117.875,31.875,"68","28",0,0,
"2086",-118.125,31.875,-117.875,31.625,"69","28",0,0,
"2087",-118.125,31.625,-117.875,31.375,"70","28",0,0,
"2088",-118.125,31.375,-117.875,31.125,"71","28",0,0,
"2089",-117.875,49.125,-117.625,48.875,"0","29",0,0,
"2090",-117.875,48.875,-117.625,48.625,"1","29",0,0,
"2091",-117.875,48.625,-117.625,48.375,"2","29",0,0,
"2092",-117.875,48.375,-117.625,48.125,"3","29",0,0,
"2093",-117.875,48.125,-117.625,47.875,"4","29",0,0,
"2094",-117.875,47.875,-117.625,47.625,"5","29",0,0,
"2095",-117.875,47.625,-117.625,47.375,"6","29",0,0,
"2096",-117.875,47.375,-117.625,47.125,"7","29",0,0,
"2097",-117.875,47.125,-117.625,46.875,"8","29",0,0,
"2098",-117.875,46.875,-117.625,46.625,"9","29",0,0,
"2099",-117.875,46.625,-117.625,46.375,"10","29",0,0,
"2100",-117.875,46.375,-117.625,46.125,"11","29",73072,51550.8520500984,0.705480239354314
"2101",-117.875,46.125,-117.625,45.875,"12","29",106105,52220.6502589671,0.492160126845739
"2102",-117.875,45.875,-117.625,45.625,"13","29",142390,54074.2371539652,0.379761480117741
"2103",-117.875,45.625,-117.625,45.375,"14","29",113194,57134.310270314,0.504746808755888
"2104",-117.875,45.375,-117.625,45.125,"15","29",63000,29347.3548823503,0.465831029878577
"2105",-117.875,45.125,-117.625,44.875,"16","29",34045,16262.0706669314,0.477663993741559
"2106",-117.875,44.875,-117.625,44.625,"17","29",1709,739.798523842856,0.432883864156147
"2107",-117.875,44.625,-117.625,44.375,"18","29",15281,7575.6458411882,0.495755895634331
"2108",-117.875,44.375,-117.625,44.125,"19","29",0,0,
"2109",-117.875,44.125,-117.625,43.875,"20","29",0,0,
"2110",-117.875,43.875,-117.625,43.625,"21","29",0,0,
"2111",-117.875,43.625,-117.625,43.375,"22","29",0,0,
"2112",-117.875,43.375,-117.625,43.125,"23","29",0,0,
"2113",-117.875,43.125,-117.625,42.875,"24","29",0,0,
"2114",-117.875,42.875,-117.625,42.625,"25","29",0,0,
"2115",-117.875,42.625,-117.625,42.375,"26","29",0,0,
"2116",-117.875,42.375,-117.625,42.125,"27","29",0,0,
"2117",-117.875,42.125,-117.625,41.875,"28","29",0,0,
"2118",-117.875,41.875,-117.625,41.625,"29","29",0,0,
"2119",-117.875,41.625,-117.625,41.375,"30","29",2,5.00674390792847,2.50337195396423
"2120",-117.875,41.375,-117.625,41.125,"31","29",7,6.5992900878191,0.9427557268313
"2121",-117.875,41.125,-117.625,40.875,"32","29",91,47.8170333206654,0.525461904622696
"2122",-117.875,40.875,-117.625,40.625,"33","29",46,36.6903895288706,0.7976171636711
"2123",-117.875,40.625,-117.625,40.375,"34","29",98,25.2496460191905,0.257649449175414
"2124",-117.875,40.375,-117.625,40.125,"35","29",183,149.139083296061,0.814967668284484
"2125",-117.875,40.125,-117.625,39.875,"36","29",136,138.581451535225,1.01898126128842
"2126",-117.875,39.875,-117.625,39.625,"37","29",12826,7375.07630348625,0.575009847457216
"2127",-117.875,39.625,-117.625,39.375,"38","29",25865,23523.6594652912,0.909478425103081
"2128",-117.875,39.375,-117.625,39.125,"39","29",24717,28770.4542412535,1.16399458839072
"2129",-117.875,39.125,-117.625,38.875,"40","29",1156,1000.33428907162,0.865341080511778
"2130",-117.875,38.875,-117.625,38.625,"41","29",159,382.995191052556,2.40877478649406
"2131",-117.875,38.625,-117.625,38.375,"42","29",0,0,
"2132",-117.875,38.375,-117.625,38.125,"43","29",19,47.9283356666565,2.52254398245561
"2133",-117.875,38.125,-117.625,37.875,"44","29",0,0,
"2134",-117.875,37.875,-117.625,37.625,"45","29",541,663.287566915154,1.22603986490786
"2135",-117.875,37.625,-117.625,37.375,"46","29",44,15.5601820349693,0.353640500794758
"2136",-117.875,37.375,-117.625,37.125,"47","29",3,7.49088382720947,2.49696127573649
"2137",-117.875,37.125,-117.625,36.875,"48","29",0,0,
"2138",-117.875,36.875,-117.625,36.625,"49","29",267,119.452704168856,0.447388405126802
"2139",-117.875,36.625,-117.625,36.375,"50","29",880,783.618259884417,0.890475295323201
"2140",-117.875,36.375,-117.625,36.125,"51","29",477,153.168219178915,0.321107377733574
"2141",-117.875,36.125,-117.625,35.875,"52","29",0,0,
"2142",-117.875,35.875,-117.625,35.625,"53","29",0,0,
"2143",-117.875,35.625,-117.625,35.375,"54","29",0,0,
"2144",-117.875,35.375,-117.625,35.125,"55","29",0,0,
"2145",-117.875,35.125,-117.625,34.875,"56","29",0,0,
"2146",-117.875,34.875,-117.625,34.625,"57","29",0,0,
"2147",-117.875,34.625,-117.625,34.375,"58","29",19560,7497.11023296416,0.383287844221071
"2148",-117.875,34.375,-117.625,34.125,"59","29",18346,11589.3145200759,0.631707975584646
"2149",-117.875,34.125,-117.625,33.875,"60","29",0,0,
"2150",-117.875,33.875,-117.625,33.625,"61","29",0,0,
"2151",-117.875,33.625,-117.625,33.375,"62","29",0,0,
"2152",-117.875,33.375,-117.625,33.125,"63","29",0,0,
"2153",-117.875,33.125,-117.625,32.875,"64","29",0,0,
"2154",-117.875,32.875,-117.625,32.625,"65","29",0,0,
"2155",-117.875,32.625,-117.625,32.375,"66","29",0,0,
"2156",-117.875,32.375,-117.625,32.125,"67","29",0,0,
"2157",-117.875,32.125,-117.625,31.875,"68","29",0,0,
"2158",-117.875,31.875,-117.625,31.625,"69","29",0,0,
"2159",-117.875,31.625,-117.625,31.375,"70","29",0,0,
"2160",-117.875,31.375,-117.625,31.125,"71","29",0,0,
"2161",-117.625,49.125,-117.375,48.875,"0","30",0,0,
"2162",-117.625,48.875,-117.375,48.625,"1","30",0,0,
"2163",-117.625,48.625,-117.375,48.375,"2","30",0,0,
"2164",-117.625,48.375,-117.375,48.125,"3","30",0,0,
"2165",-117.625,48.125,-117.375,47.875,"4","30",0,0,
"2166",-117.625,47.875,-117.375,47.625,"5","30",0,0,
"2167",-117.625,47.625,-117.375,47.375,"6","30",0,0,
"2168",-117.625,47.375,-117.375,47.125,"7","30",0,0,
"2169",-117.625,47.125,-117.375,46.875,"8","30",0,0,
"2170",-117.625,46.875,-117.375,46.625,"9","30",0,0,
"2171",-117.625,46.625,-117.375,46.375,"10","30",0,0,
"2172",-117.625,46.375,-117.375,46.125,"11","30",86579,53887.5917471948,0.622409495919274
"2173",-117.625,46.125,-117.375,45.875,"12","30",101902,26761.8753331785,0.262623651480623
"2174",-117.625,45.875,-117.375,45.625,"13","30",141261,39020.7263591026,0.276231418148694
"2175",-117.625,45.625,-117.375,45.375,"14","30",71377,23580.9229433647,0.330371449393568
"2176",-117.625,45.375,-117.375,45.125,"15","30",70121,39023.4419862349,0.556515765408863
"2177",-117.625,45.125,-117.375,44.875,"16","30",119233,67138.9777143771,0.563090568168016
"2178",-117.625,44.875,-117.375,44.625,"17","30",0,0,
"2179",-117.625,44.625,-117.375,44.375,"18","30",16,4.5318630002439,0.283241437515244
"2180",-117.625,44.375,-117.375,44.125,"19","30",0,0,
"2181",-117.625,44.125,-117.375,43.875,"20","30",0,0,
"2182",-117.625,43.875,-117.375,43.625,"21","30",0,0,
"2183",-117.625,43.625,-117.375,43.375,"22","30",0,0,
"2184",-117.625,43.375,-117.375,43.125,"23","30",0,0,
"2185",-117.625,43.125,-117.375,42.875,"24","30",0,0,
"2186",-117.625,42.875,-117.375,42.625,"25","30",0,0,
"2187",-117.625,42.625,-117.375,42.375,"26","30",0,0,
"2188",-117.625,42.375,-117.375,42.125,"27","30",0,0,
"2189",-117.625,42.125,-117.375,41.875,"28","30",0,0,
"2190",-117.625,41.875,-117.375,41.625,"29","30",0,0,
"2191",-117.625,41.625,-117.375,41.375,"30","30",4,9.7273154258728,2.4318288564682
"2192",-117.625,41.375,-117.375,41.125,"31","30",3,1.15606632828712,0.385355442762375
"2193",-117.625,41.125,-117.375,40.875,"32","30",125,28.7138342857361,0.229710674285889
"2194",-117.625,40.875,-117.375,40.625,"33","30",93,48.6551194041967,0.523173326926847
"2195",-117.625,40.625,-117.375,40.375,"34","30",822,695.458047017455,0.84605601826941
"2196",-117.625,40.375,-117.375,40.125,"35","30",269,162.171076752245,0.60286645632805
"2197",-117.625,40.125,-117.375,39.875,"36","30",851,438.59524363745,0.515388065378907
"2198",-117.625,39.875,-117.375,39.625,"37","30",5752,5007.2291438003,0.870519670340803
"2199",-117.625,39.625,-117.375,39.375,"38","30",10730,5806.55578976218,0.541151518151181
"2200",-117.625,39.375,-117.375,39.125,"39","30",52950,79622.2593737142,1.50372538949413
"2201",-117.625,39.125,-117.375,38.875,"40","30",58131,60658.2557868374,1.04347518169027
"2202",-117.625,38.875,-117.375,38.625,"41","30",84983,91429.2378997131,1.07585326359052
"2203",-117.625,38.625,-117.375,38.375,"42","30",1411,969.719791245647,0.687257116403718
"2204",-117.625,38.375,-117.375,38.125,"43","30",0,0,
"2205",-117.625,38.125,-117.375,37.875,"44","30",532,1215.3406201452,2.284474849897
"2206",-117.625,37.875,-117.375,37.625,"45","30",1,2.53523850440979,2.53523850440979
"2207",-117.625,37.625,-117.375,37.375,"46","30",199,213.166818805039,1.07119004424643
"2208",-117.625,37.375,-117.375,37.125,"47","30",0,0,
"2209",-117.625,37.125,-117.375,36.875,"48","30",7,17.6920650005341,2.52743785721915
"2210",-117.625,36.875,-117.375,36.625,"49","30",2,5.07047700881958,2.53523850440979
"2211",-117.625,36.625,-117.375,36.375,"50","30",0,0,
"2212",-117.625,36.375,-117.375,36.125,"51","30",13,4.11560609936714,0.316585084566703
"2213",-117.625,36.125,-117.375,35.875,"52","30",52,17.9260968267918,0.344732631284457
"2214",-117.625,35.875,-117.375,35.625,"53","30",0,0,
"2215",-117.625,35.625,-117.375,35.375,"54","30",0,0,
"2216",-117.625,35.375,-117.375,35.125,"55","30",0,0,
"2217",-117.625,35.125,-117.375,34.875,"56","30",0,0,
"2218",-117.625,34.875,-117.375,34.625,"57","30",0,0,
"2219",-117.625,34.625,-117.375,34.375,"58","30",491,122.643452435732,0.249782998850778
"2220",-117.625,34.375,-117.375,34.125,"59","30",7729,4864.57965710759,0.629393150098019
"2221",-117.625,34.125,-117.375,33.875,"60","30",0,0,
"2222",-117.625,33.875,-117.375,33.625,"61","30",2,1.02486073970795,0.512430369853973
"2223",-117.625,33.625,-117.375,33.375,"62","30",0,0,
"2224",-117.625,33.375,-117.375,33.125,"63","30",0,0,
"2225",-117.625,33.125,-117.375,32.875,"64","30",0,0,
"2226",-117.625,32.875,-117.375,32.625,"65","30",0,0,
"2227",-117.625,32.625,-117.375,32.375,"66","30",0,0,
"2228",-117.625,32.375,-117.375,32.125,"67","30",0,0,
"2229",-117.625,32.125,-117.375,31.875,"68","30",0,0,
"2230",-117.625,31.875,-117.375,31.625,"69","30",0,0,
"2231",-117.625,31.625,-117.375,31.375,"70","30",0,0,
"2232",-117.625,31.375,-117.375,31.125,"71","30",0,0,
"2233",-117.375,49.125,-117.125,48.875,"0","31",0,0,
"2234",-117.375,48.875,-117.125,48.625,"1","31",0,0,
"2235",-117.375,48.625,-117.125,48.375,"2","31",0,0,
"2236",-117.375,48.375,-117.125,48.125,"3","31",0,0,
"2237",-117.375,48.125,-117.125,47.875,"4","31",0,0,
"2238",-117.375,47.875,-117.125,47.625,"5","31",0,0,
"2239",-117.375,47.625,-117.125,47.375,"6","31",0,0,
"2240",-117.375,47.375,-117.125,47.125,"7","31",0,0,
"2241",-117.375,47.125,-117.125,46.875,"8","31",0,0,
"2242",-117.375,46.875,-117.125,46.625,"9","31",0,0,
"2243",-117.375,46.625,-117.125,46.375,"10","31",0,0,
"2244",-117.375,46.375,-117.125,46.125,"11","31",26054,12315.9532217517,0.472708728861278
"2245",-117.375,46.125,-117.125,45.875,"12","31",65516,12632.4866962997,0.192815292391168
"2246",-117.375,45.875,-117.125,45.625,"13","31",141863,66777.8213851926,0.47072049361139
"2247",-117.375,45.625,-117.125,45.375,"14","31",31978,18902.692750875,0.591115540398867
"2248",-117.375,45.375,-117.125,45.125,"15","31",48928,25600.8996286304,0.523236176190124
"2249",-117.375,45.125,-117.125,44.875,"16","31",104210,45885.3350337965,0.440316044849789
"2250",-117.375,44.875,-117.125,44.625,"17","31",3163,731.608934340918,0.231302223945912
"2251",-117.375,44.625,-117.125,44.375,"18","31",0,0,
"2252",-117.375,44.375,-117.125,44.125,"19","31",0,0,
"2253",-117.375,44.125,-117.125,43.875,"20","31",0,0,
"2254",-117.375,43.875,-117.125,43.625,"21","31",0,0,
"2255",-117.375,43.625,-117.125,43.375,"22","31",0,0,
"2256",-117.375,43.375,-117.125,43.125,"23","31",0,0,
"2257",-117.375,43.125,-117.125,42.875,"24","31",0,0,
"2258",-117.375,42.875,-117.125,42.625,"25","31",0,0,
"2259",-117.375,42.625,-117.125,42.375,"26","31",0,0,
"2260",-117.375,42.375,-117.125,42.125,"27","31",0,0,
"2261",-117.375,42.125,-117.125,41.875,"28","31",0,0,
"2262",-117.375,41.875,-117.125,41.625,"29","31",0,0,
"2263",-117.375,41.625,-117.125,41.375,"30","31",7,20.8782784342766,2.98261120489665
"2264",-117.375,41.375,-117.125,41.125,"31","31",107,76.6817954620346,0.716652294037707
"2265",-117.375,41.125,-117.125,40.875,"32","31",0,0,
"2266",-117.375,40.875,-117.125,40.625,"33","31",32,25.3902639299631,0.793445747811347
"2267",-117.375,40.625,-117.125,40.375,"34","31",127,44.7988060340285,0.352746504204949
"2268",-117.375,40.375,-117.125,40.125,"35","31",63,16.0641183108091,0.254986004933478
"2269",-117.375,40.125,-117.125,39.875,"36","31",90,31.8393530510366,0.353770589455962
"2270",-117.375,39.875,-117.125,39.625,"37","31",7555,2795.32253474672,0.369996364625642
"2271",-117.375,39.625,-117.125,39.375,"38","31",717,363.224130053073,0.506588744843896
"2272",-117.375,39.375,-117.125,39.125,"39","31",80876,175461.98024694,2.16951852523542
"2273",-117.375,39.125,-117.125,38.875,"40","31",127701,250967.452790369,1.96527398211736
"2274",-117.375,38.875,-117.125,38.625,"41","31",132460,319893.935999911,2.41502292012616
"2275",-117.375,38.625,-117.125,38.375,"42","31",1874,987.279858730733,0.526830234114586
"2276",-117.375,38.375,-117.125,38.125,"43","31",5,12.6708564758301,2.53417129516602
"2277",-117.375,38.125,-117.125,37.875,"44","31",0,0,
"2278",-117.375,37.875,-117.125,37.625,"45","31",46,72.4795275330544,1.57564190289249
"2279",-117.375,37.625,-117.125,37.375,"46","31",0,0,
"2280",-117.375,37.375,-117.125,37.125,"47","31",16,9.68926587700844,0.605579117313027
"2281",-117.375,37.125,-117.125,36.875,"48","31",190,54.1056345254183,0.284766497502201
"2282",-117.375,36.875,-117.125,36.625,"49","31",0,0,
"2283",-117.375,36.625,-117.125,36.375,"50","31",0,0,
"2284",-117.375,36.375,-117.125,36.125,"51","31",0,0,
"2285",-117.375,36.125,-117.125,35.875,"52","31",0,0,
"2286",-117.375,35.875,-117.125,35.625,"53","31",0,0,
"2287",-117.375,35.625,-117.125,35.375,"54","31",0,0,
"2288",-117.375,35.375,-117.125,35.125,"55","31",0,0,
"2289",-117.375,35.125,-117.125,34.875,"56","31",0,0,
"2290",-117.375,34.875,-117.125,34.625,"57","31",0,0,
"2291",-117.375,34.625,-117.125,34.375,"58","31",6,1.18643400073051,0.197739000121752
"2292",-117.375,34.375,-117.125,34.125,"59","31",4936,1308.84366342425,0.265162816739111
"2293",-117.375,34.125,-117.125,33.875,"60","31",0,0,
"2294",-117.375,33.875,-117.125,33.625,"61","31",0,0,
"2295",-117.375,33.625,-117.125,33.375,"62","31",4,1.08181259036064,0.27045314759016
"2296",-117.375,33.375,-117.125,33.125,"63","31",0,0,
"2297",-117.375,33.125,-117.125,32.875,"64","31",0,0,
"2298",-117.375,32.875,-117.125,32.625,"65","31",0,0,
"2299",-117.375,32.625,-117.125,32.375,"66","31",0,0,
"2300",-117.375,32.375,-117.125,32.125,"67","31",0,0,
"2301",-117.375,32.125,-117.125,31.875,"68","31",0,0,
"2302",-117.375,31.875,-117.125,31.625,"69","31",0,0,
"2303",-117.375,31.625,-117.125,31.375,"70","31",0,0,
"2304",-117.375,31.375,-117.125,31.125,"71","31",0,0,
"2305",-117.125,49.125,-116.875,48.875,"0","32",0,0,
"2306",-117.125,48.875,-116.875,48.625,"1","32",0,0,
"2307",-117.125,48.625,-116.875,48.375,"2","32",0,0,
"2308",-117.125,48.375,-116.875,48.125,"3","32",0,0,
"2309",-117.125,48.125,-116.875,47.875,"4","32",0,0,
"2310",-117.125,47.875,-116.875,47.625,"5","32",0,0,
"2311",-117.125,47.625,-116.875,47.375,"6","32",2,1.87965869903564,0.939829349517822
"2312",-117.125,47.375,-116.875,47.125,"7","32",1,0.939829349517822,0.939829349517822
"2313",-117.125,47.125,-116.875,46.875,"8","32",52,48.8711261749268,0.939829349517822
"2314",-117.125,46.875,-116.875,46.625,"9","32",3,2.81948804855347,0.939829349517822
"2315",-117.125,46.625,-116.875,46.375,"10","32",0,0,
"2316",-117.125,46.375,-116.875,46.125,"11","32",833,58.3155998795446,0.0700067225444713
"2317",-117.125,46.125,-116.875,45.875,"12","32",16798,6294.02479275897,0.374688938728359
"2318",-117.125,45.875,-116.875,45.625,"13","32",140639,86971.6273944461,0.618403340427947
"2319",-117.125,45.625,-116.875,45.375,"14","32",3248,1549.93488296333,0.477196700419745
"2320",-117.125,45.375,-116.875,45.125,"15","32",116933,79671.0658705343,0.681339449689431
"2321",-117.125,45.125,-116.875,44.875,"16","32",113415,55577.7498597298,0.490038794336991
"2322",-117.125,44.875,-116.875,44.625,"17","32",31,12.2528309710324,0.395252611968786
"2323",-117.125,44.625,-116.875,44.375,"18","32",946,817.978155713645,0.864670354877003
"2324",-117.125,44.375,-116.875,44.125,"19","32",0,0,
"2325",-117.125,44.125,-116.875,43.875,"20","32",0,0,
"2326",-117.125,43.875,-116.875,43.625,"21","32",0,0,
"2327",-117.125,43.625,-116.875,43.375,"22","32",0,0,
"2328",-117.125,43.375,-116.875,43.125,"23","32",0,0,
"2329",-117.125,43.125,-116.875,42.875,"24","32",0,0,
"2330",-117.125,42.875,-116.875,42.625,"25","32",0,0,
"2331",-117.125,42.625,-116.875,42.375,"26","32",0,0,
"2332",-117.125,42.375,-116.875,42.125,"27","32",0,0,
"2333",-117.125,42.125,-116.875,41.875,"28","32",0,0,
"2334",-117.125,41.875,-116.875,41.625,"29","32",0,0,
"2335",-117.125,41.625,-116.875,41.375,"30","32",0,0,
"2336",-117.125,41.375,-116.875,41.125,"31","32",1102,848.129693890922,0.76962767140737
"2337",-117.125,41.125,-116.875,40.875,"32","32",6,14.9025220870972,2.48375368118286
"2338",-117.125,40.875,-116.875,40.625,"33","32",7,3.84997075051069,0.549995821501527
"2339",-117.125,40.625,-116.875,40.375,"34","32",6612,7554.22361778474,1.14250205955607
"2340",-117.125,40.375,-116.875,40.125,"35","32",11000,12246.3141188179,1.1133012835289
"2341",-117.125,40.125,-116.875,39.875,"36","32",4799,3234.21647973155,0.673935503173901
"2342",-117.125,39.875,-116.875,39.625,"37","32",32740,33994.8715566447,1.03832839207834
"2343",-117.125,39.625,-116.875,39.375,"38","32",31516,33931.7351571951,1.07665107111293
"2344",-117.125,39.375,-116.875,39.125,"39","32",36409,85272.9780482917,2.3420851451095
"2345",-117.125,39.125,-116.875,38.875,"40","32",24949,19437.0201415168,0.779070108682385
"2346",-117.125,38.875,-116.875,38.625,"41","32",133101,287751.68700414,2.16190477159555
"2347",-117.125,38.625,-116.875,38.375,"42","32",7999,2387.05329452455,0.298418964186092
"2348",-117.125,38.375,-116.875,38.125,"43","32",52,30.121895134449,0.579267214124019
"2349",-117.125,38.125,-116.875,37.875,"44","32",0,0,
"2350",-117.125,37.875,-116.875,37.625,"45","32",0,0,
"2351",-117.125,37.625,-116.875,37.375,"46","32",42,92.518316373229,2.20281705650545
"2352",-117.125,37.375,-116.875,37.125,"47","32",0,0,
"2353",-117.125,37.125,-116.875,36.875,"48","32",39,34.7911986410618,0.892082016437482
"2354",-117.125,36.875,-116.875,36.625,"49","32",0,0,
"2355",-117.125,36.625,-116.875,36.375,"50","32",0,0,
"2356",-117.125,36.375,-116.875,36.125,"51","32",693,680.247604943812,0.981598275532196
"2357",-117.125,36.125,-116.875,35.875,"52","32",304,132.078590601683,0.434469048031851
"2358",-117.125,35.875,-116.875,35.625,"53","32",0,0,
"2359",-117.125,35.625,-116.875,35.375,"54","32",0,0,
"2360",-117.125,35.375,-116.875,35.125,"55","32",0,0,
"2361",-117.125,35.125,-116.875,34.875,"56","32",0,0,
"2362",-117.125,34.875,-116.875,34.625,"57","32",0,0,
"2363",-117.125,34.625,-116.875,34.375,"58","32",506,181.418019667268,0.358533635706063
"2364",-117.125,34.375,-116.875,34.125,"59","32",83760,48543.6605014503,0.579556596244631
"2365",-117.125,34.125,-116.875,33.875,"60","32",14590,10884.4529191703,0.746021447509956
"2366",-117.125,33.875,-116.875,33.625,"61","32",0,0,
"2367",-117.125,33.625,-116.875,33.375,"62","32",101,49.3326009660959,0.488441593723722
"2368",-117.125,33.375,-116.875,33.125,"63","32",256,78.1497313976288,0.305272388271987
"2369",-117.125,33.125,-116.875,32.875,"64","32",0,0,
"2370",-117.125,32.875,-116.875,32.625,"65","32",0,0,
"2371",-117.125,32.625,-116.875,32.375,"66","32",0,0,
"2372",-117.125,32.375,-116.875,32.125,"67","32",0,0,
"2373",-117.125,32.125,-116.875,31.875,"68","32",0,0,
"2374",-117.125,31.875,-116.875,31.625,"69","32",0,0,
"2375",-117.125,31.625,-116.875,31.375,"70","32",0,0,
"2376",-117.125,31.375,-116.875,31.125,"71","32",0,0,
"2377",-116.875,49.125,-116.625,48.875,"0","33",0,0,
"2378",-116.875,48.875,-116.625,48.625,"1","33",0,0,
"2379",-116.875,48.625,-116.625,48.375,"2","33",0,0,
"2380",-116.875,48.375,-116.625,48.125,"3","33",0,0,
"2381",-116.875,48.125,-116.625,47.875,"4","33",0,0,
"2382",-116.875,47.875,-116.625,47.625,"5","33",0,0,
"2383",-116.875,47.625,-116.625,47.375,"6","33",0,0,
"2384",-116.875,47.375,-116.625,47.125,"7","33",7,6.57880544662476,0.939829349517822
"2385",-116.875,47.125,-116.625,46.875,"8","33",30,28.1948804855347,0.939829349517822
"2386",-116.875,46.875,-116.625,46.625,"9","33",39,36.6533446311951,0.939829349517822
"2387",-116.875,46.625,-116.625,46.375,"10","33",0,0,
"2388",-116.875,46.375,-116.625,46.125,"11","33",5319,2489.10124001605,0.46796413611883
"2389",-116.875,46.125,-116.625,45.875,"12","33",30802,10693.8629865161,0.347180799510295
"2390",-116.875,45.875,-116.625,45.625,"13","33",31524,20686.621852174,0.656218178282389
"2391",-116.875,45.625,-116.625,45.375,"14","33",57034,23126.8599353486,0.405492512104159
"2392",-116.875,45.375,-116.625,45.125,"15","33",67428,21319.1054673137,0.316175853759769
"2393",-116.875,45.125,-116.625,44.875,"16","33",40507,22696.9660375178,0.560322068716958
"2394",-116.875,44.875,-116.625,44.625,"17","33",2850,1649.40137760004,0.578737325473697
"2395",-116.875,44.625,-116.625,44.375,"18","33",2661,2404.73427506451,0.903695706525559
"2396",-116.875,44.375,-116.625,44.125,"19","33",2,0.0830161646008492,0.0415080823004246
"2397",-116.875,44.125,-116.625,43.875,"20","33",0,0,
"2398",-116.875,43.875,-116.625,43.625,"21","33",0,0,
"2399",-116.875,43.625,-116.625,43.375,"22","33",0,0,
"2400",-116.875,43.375,-116.625,43.125,"23","33",0,0,
"2401",-116.875,43.125,-116.625,42.875,"24","33",0,0,
"2402",-116.875,42.875,-116.625,42.625,"25","33",0,0,
"2403",-116.875,42.625,-116.625,42.375,"26","33",0,0,
"2404",-116.875,42.375,-116.625,42.125,"27","33",0,0,
"2405",-116.875,42.125,-116.625,41.875,"28","33",0,0,
"2406",-116.875,41.875,-116.625,41.625,"29","33",0,0,
"2407",-116.875,41.625,-116.625,41.375,"30","33",0,0,
"2408",-116.875,41.375,-116.625,41.125,"31","33",96,73.6282522752881,0.766960961200918
"2409",-116.875,41.125,-116.625,40.875,"32","33",76,39.0218258798122,0.513445077365951
"2410",-116.875,40.875,-116.625,40.625,"33","33",1478,506.330202560173,0.342577944898629
"2411",-116.875,40.625,-116.625,40.375,"34","33",8904,10247.8076406886,1.15092179253017
"2412",-116.875,40.375,-116.625,40.125,"35","33",5860,6763.78180730448,1.15422897735571
"2413",-116.875,40.125,-116.625,39.875,"36","33",12998,6824.56307646213,0.525047166984315
"2414",-116.875,39.875,-116.625,39.625,"37","33",19818,16934.2994796536,0.854490840632435
"2415",-116.875,39.625,-116.625,39.375,"38","33",19186,18176.5496328617,0.947386095739693
"2416",-116.875,39.375,-116.625,39.125,"39","33",42661,37324.9405038486,0.874919493304155
"2417",-116.875,39.125,-116.625,38.875,"40","33",115231,180268.368982399,1.56440861384869
"2418",-116.875,38.875,-116.625,38.625,"41","33",94260,114538.640166877,1.2151351598438
"2419",-116.875,38.625,-116.625,38.375,"42","33",28499,23475.3334660814,0.823724813715619
"2420",-116.875,38.375,-116.625,38.125,"43","33",2255,692.352612692863,0.307029983455815
"2421",-116.875,38.125,-116.625,37.875,"44","33",0,0,
"2422",-116.875,37.875,-116.625,37.625,"45","33",0,0,
"2423",-116.875,37.625,-116.625,37.375,"46","33",0,0,
"2424",-116.875,37.375,-116.625,37.125,"47","33",0,0,
"2425",-116.875,37.125,-116.625,36.875,"48","33",0,0,
"2426",-116.875,36.875,-116.625,36.625,"49","33",0,0,
"2427",-116.875,36.625,-116.625,36.375,"50","33",0,0,
"2428",-116.875,36.375,-116.625,36.125,"51","33",0,0,
"2429",-116.875,36.125,-116.625,35.875,"52","33",0,0,
"2430",-116.875,35.875,-116.625,35.625,"53","33",0,0,
"2431",-116.875,35.625,-116.625,35.375,"54","33",0,0,
"2432",-116.875,35.375,-116.625,35.125,"55","33",0,0,
"2433",-116.875,35.125,-116.625,34.875,"56","33",0,0,
"2434",-116.875,34.875,-116.625,34.625,"57","33",0,0,
"2435",-116.875,34.625,-116.625,34.375,"58","33",0,0,
"2436",-116.875,34.375,-116.625,34.125,"59","33",52768,36801.8225122392,0.697426897214964
"2437",-116.875,34.125,-116.625,33.875,"60","33",25607,20663.9648208022,0.806965471191557
"2438",-116.875,33.875,-116.625,33.625,"61","33",44304,33495.9175132662,0.756047253369136
"2439",-116.875,33.625,-116.625,33.375,"62","33",208,78.2212405800819,0.376063656635009
"2440",-116.875,33.375,-116.625,33.125,"63","33",333,100.91798569262,0.303057014091953
"2441",-116.875,33.125,-116.625,32.875,"64","33",54,19.068893134594,0.353127650640629
"2442",-116.875,32.875,-116.625,32.625,"65","33",42,17.2401375174522,0.410479464701244
"2443",-116.875,32.625,-116.625,32.375,"66","33",6,1.57880246639252,0.263133744398753
"2444",-116.875,32.375,-116.625,32.125,"67","33",0,0,
"2445",-116.875,32.125,-116.625,31.875,"68","33",0,0,
"2446",-116.875,31.875,-116.625,31.625,"69","33",0,0,
"2447",-116.875,31.625,-116.625,31.375,"70","33",0,0,
"2448",-116.875,31.375,-116.625,31.125,"71","33",0,0,
"2449",-116.625,49.125,-116.375,48.875,"0","34",0,0,
"2450",-116.625,48.875,-116.375,48.625,"1","34",0,0,
"2451",-116.625,48.625,-116.375,48.375,"2","34",0,0,
"2452",-116.625,48.375,-116.375,48.125,"3","34",0,0,
"2453",-116.625,48.125,-116.375,47.875,"4","34",0,0,
"2454",-116.625,47.875,-116.375,47.625,"5","34",0,0,
"2455",-116.625,47.625,-116.375,47.375,"6","34",0,0,
"2456",-116.625,47.375,-116.375,47.125,"7","34",0,0,
"2457",-116.625,47.125,-116.375,46.875,"8","34",0,0,
"2458",-116.625,46.875,-116.375,46.625,"9","34",49,46.0516381263733,0.939829349517822
"2459",-116.625,46.625,-116.375,46.375,"10","34",1,0.939829349517822,0.939829349517822
"2460",-116.625,46.375,-116.375,46.125,"11","34",54,50.7507848739624,0.939829349517822
"2461",-116.625,46.125,-116.375,45.875,"12","34",38694,22165.734317329,0.572846806154159
"2462",-116.625,45.875,-116.375,45.625,"13","34",47234,29770.1309316484,0.630269105552112
"2463",-116.625,45.625,-116.375,45.375,"14","34",77089,46695.9794573558,0.605741149286614
"2464",-116.625,45.375,-116.375,45.125,"15","34",53508,18203.9591769304,0.340210046664618
"2465",-116.625,45.125,-116.375,44.875,"16","34",100159,60787.0475890309,0.606905496151429
"2466",-116.625,44.875,-116.375,44.625,"17","34",8519,2589.68158913515,0.303988917611827
"2467",-116.625,44.625,-116.375,44.375,"18","34",76,13.7982232989743,0.181555569723347
"2468",-116.625,44.375,-116.375,44.125,"19","34",2,2.45600829273462,1.22800414636731
"2469",-116.625,44.125,-116.375,43.875,"20","34",5,1.35388514166698,0.270777028333396
"2470",-116.625,43.875,-116.375,43.625,"21","34",0,0,
"2471",-116.625,43.625,-116.375,43.375,"22","34",0,0,
"2472",-116.625,43.375,-116.375,43.125,"23","34",0,0,
"2473",-116.625,43.125,-116.375,42.875,"24","34",0,0,
"2474",-116.625,42.875,-116.375,42.625,"25","34",0,0,
"2475",-116.625,42.625,-116.375,42.375,"26","34",0,0,
"2476",-116.625,42.375,-116.375,42.125,"27","34",0,0,
"2477",-116.625,42.125,-116.375,41.875,"28","34",0,0,
"2478",-116.625,41.875,-116.375,41.625,"29","34",0,0,
"2479",-116.625,41.625,-116.375,41.375,"30","34",182,51.6608798056841,0.283850987943319
"2480",-116.625,41.375,-116.375,41.125,"31","34",431,151.135943226516,0.350663441360827
"2481",-116.625,41.125,-116.375,40.875,"32","34",314,170.972178451717,0.544497383604194
"2482",-116.625,40.875,-116.375,40.625,"33","34",138,41.5686008557677,0.30122174533165
"2483",-116.625,40.625,-116.375,40.375,"34","34",36,9.87555881030858,0.274321078064127
"2484",-116.625,40.375,-116.375,40.125,"35","34",10949,12914.9714846343,1.17955717276777
"2485",-116.625,40.125,-116.375,39.875,"36","34",6661,3008.85639581975,0.451712414925649
"2486",-116.625,39.875,-116.375,39.625,"37","34",15676,16995.35938273,1.08416428825784
"2487",-116.625,39.625,-116.375,39.375,"38","34",38462,59865.4048674053,1.55648184877035
"2488",-116.625,39.375,-116.375,39.125,"39","34",148130,166633.869196892,1.12491641934039
"2489",-116.625,39.125,-116.375,38.875,"40","34",105430,102267.936945137,0.970007938396443
"2490",-116.625,38.875,-116.375,38.625,"41","34",83670,120511.475177067,1.44031881411577
"2491",-116.625,38.625,-116.375,38.375,"42","34",1793,1429.76972269639,0.797417580979584
"2492",-116.625,38.375,-116.375,38.125,"43","34",1489,1757.92559686303,1.18060819131164
"2493",-116.625,38.125,-116.375,37.875,"44","34",5825,3592.37224666402,0.61671626552172
"2494",-116.625,37.875,-116.375,37.625,"45","34",43,16.4288228824735,0.382065648429616
"2495",-116.625,37.625,-116.375,37.375,"46","34",0,0,
"2496",-116.625,37.375,-116.375,37.125,"47","34",0,0,
"2497",-116.625,37.125,-116.375,36.875,"48","34",0,0,
"2498",-116.625,36.875,-116.375,36.625,"49","34",0,0,
"2499",-116.625,36.625,-116.375,36.375,"50","34",0,0,
"2500",-116.625,36.375,-116.375,36.125,"51","34",0,0,
"2501",-116.625,36.125,-116.375,35.875,"52","34",0,0,
"2502",-116.625,35.875,-116.375,35.625,"53","34",0,0,
"2503",-116.625,35.625,-116.375,35.375,"54","34",0,0,
"2504",-116.625,35.375,-116.375,35.125,"55","34",0,0,
"2505",-116.625,35.125,-116.375,34.875,"56","34",0,0,
"2506",-116.625,34.875,-116.375,34.625,"57","34",0,0,
"2507",-116.625,34.625,-116.375,34.375,"58","34",0,0,
"2508",-116.625,34.375,-116.375,34.125,"59","34",197,52.9659347087145,0.268862612734591
"2509",-116.625,34.125,-116.375,33.875,"60","34",120,27.2729740440845,0.227274783700705
"2510",-116.625,33.875,-116.375,33.625,"61","34",908,274.688989311457,0.302520913338609
"2511",-116.625,33.625,-116.375,33.375,"62","34",5299,2560.69055680931,0.483240339084602
"2512",-116.625,33.375,-116.375,33.125,"63","34",396,132.806053563952,0.335368822131193
"2513",-116.625,33.125,-116.375,32.875,"64","34",1266,493.789154663682,0.390038826748564
"2514",-116.625,32.875,-116.375,32.625,"65","34",2381,830.230010151863,0.348689630471173
"2515",-116.625,32.625,-116.375,32.375,"66","34",4,1.33183000981808,0.332957502454519
"2516",-116.625,32.375,-116.375,32.125,"67","34",0,0,
"2517",-116.625,32.125,-116.375,31.875,"68","34",0,0,
"2518",-116.625,31.875,-116.375,31.625,"69","34",0,0,
"2519",-116.625,31.625,-116.375,31.375,"70","34",0,0,
"2520",-116.625,31.375,-116.375,31.125,"71","34",0,0,
"2521",-116.375,49.125,-116.125,48.875,"0","35",0,0,
"2522",-116.375,48.875,-116.125,48.625,"1","35",0,0,
"2523",-116.375,48.625,-116.125,48.375,"2","35",0,0,
"2524",-116.375,48.375,-116.125,48.125,"3","35",0,0,
"2525",-116.375,48.125,-116.125,47.875,"4","35",0,0,
"2526",-116.375,47.875,-116.125,47.625,"5","35",0,0,
"2527",-116.375,47.625,-116.125,47.375,"6","35",0,0,
"2528",-116.375,47.375,-116.125,47.125,"7","35",0,0,
"2529",-116.375,47.125,-116.125,46.875,"8","35",0,0,
"2530",-116.375,46.875,-116.125,46.625,"9","35",155,145.673549175262,0.939829349517822
"2531",-116.375,46.625,-116.125,46.375,"10","35",295,277.249658107758,0.939829349517822
"2532",-116.375,46.375,-116.125,46.125,"11","35",0,0,
"2533",-116.375,46.125,-116.125,45.875,"12","35",1168,702.330642255431,0.601310481383074
"2534",-116.375,45.875,-116.125,45.625,"13","35",70723,44781.0436004691,0.633189253856159
"2535",-116.375,45.625,-116.125,45.375,"14","35",79952,51067.0524435123,0.63872138837693
"2536",-116.375,45.375,-116.125,45.125,"15","35",75379,24199.3882006329,0.321036206378871
"2537",-116.375,45.125,-116.125,44.875,"16","35",129854,79001.7948107551,0.608389382004059
"2538",-116.375,44.875,-116.125,44.625,"17","35",102443,55570.2034747426,0.542449981694627
"2539",-116.375,44.625,-116.125,44.375,"18","35",64802,29223.2299961714,0.450961852970146
"2540",-116.375,44.375,-116.125,44.125,"19","35",47936,16450.0074980284,0.34316604426795
"2541",-116.375,44.125,-116.125,43.875,"20","35",13320,3313.64452933752,0.248772111812126
"2542",-116.375,43.875,-116.125,43.625,"21","35",6145,1538.42294899798,0.250353612530184
"2543",-116.375,43.625,-116.125,43.375,"22","35",0,0,
"2544",-116.375,43.375,-116.125,43.125,"23","35",0,0,
"2545",-116.375,43.125,-116.125,42.875,"24","35",0,0,
"2546",-116.375,42.875,-116.125,42.625,"25","35",0,0,
"2547",-116.375,42.625,-116.125,42.375,"26","35",0,0,
"2548",-116.375,42.375,-116.125,42.125,"27","35",0,0,
"2549",-116.375,42.125,-116.125,41.875,"28","35",0,0,
"2550",-116.375,41.875,-116.125,41.625,"29","35",1457,1219.9547270257,0.837305921088334
"2551",-116.375,41.625,-116.125,41.375,"30","35",192,146.242773219943,0.761681110520537
"2552",-116.375,41.375,-116.125,41.125,"31","35",2069,1369.11298423167,0.661726913596749
"2553",-116.375,41.125,-116.125,40.875,"32","35",1205,667.062874495983,0.553579148959322
"2554",-116.375,40.875,-116.125,40.625,"33","35",19,5.35228646174073,0.281699287460039
"2555",-116.375,40.625,-116.125,40.375,"34","35",338,116.152849537088,0.343647483837537
"2556",-116.375,40.375,-116.125,40.125,"35","35",3038,3323.17048662889,1.09386783628337
"2557",-116.375,40.125,-116.125,39.875,"36","35",22762,31898.6791092395,1.40140054078023
"2558",-116.375,39.875,-116.125,39.625,"37","35",25294,25250.7301283819,0.99828932270032
"2559",-116.375,39.625,-116.125,39.375,"38","35",18887,16761.6171385464,0.887468477711994
"2560",-116.375,39.375,-116.125,39.125,"39","35",48638,63298.8775415313,1.3014284621393
"2561",-116.375,39.125,-116.125,38.875,"40","35",80652,72128.284144752,0.894314885492635
"2562",-116.375,38.875,-116.125,38.625,"41","35",28875,31470.8235247163,1.08989865020663
"2563",-116.375,38.625,-116.125,38.375,"42","35",1053,1498.11154787987,1.42270802267794
"2564",-116.375,38.375,-116.125,38.125,"43","35",0,0,
"2565",-116.375,38.125,-116.125,37.875,"44","35",236,239.043490380049,1.01289614567817
"2566",-116.375,37.875,-116.125,37.625,"45","35",620,1083.33810601383,1.74731952582877
"2567",-116.375,37.625,-116.125,37.375,"46","35",55,59.7937660068274,1.08715938194232
"2568",-116.375,37.375,-116.125,37.125,"47","35",249,175.612321197987,0.705270366256974
"2569",-116.375,37.125,-116.125,36.875,"48","35",0,0,
"2570",-116.375,36.875,-116.125,36.625,"49","35",0,0,
"2571",-116.375,36.625,-116.125,36.375,"50","35",0,0,
"2572",-116.375,36.375,-116.125,36.125,"51","35",0,0,
"2573",-116.375,36.125,-116.125,35.875,"52","35",0,0,
"2574",-116.375,35.875,-116.125,35.625,"53","35",0,0,
"2575",-116.375,35.625,-116.125,35.375,"54","35",0,0,
"2576",-116.375,35.375,-116.125,35.125,"55","35",0,0,
"2577",-116.375,35.125,-116.125,34.875,"56","35",0,0,
"2578",-116.375,34.875,-116.125,34.625,"57","35",0,0,
"2579",-116.375,34.625,-116.125,34.375,"58","35",0,0,
"2580",-116.375,34.375,-116.125,34.125,"59","35",0,0,
"2581",-116.375,34.125,-116.125,33.875,"60","35",21,4.5584252923727,0.217067871065367
"2582",-116.375,33.875,-116.125,33.625,"61","35",0,0,
"2583",-116.375,33.625,-116.125,33.375,"62","35",325,70.2539720386267,0.216166067811159
"2584",-116.375,33.375,-116.125,33.125,"63","35",0,0,
"2585",-116.375,33.125,-116.125,32.875,"64","35",5,2.49201768636703,0.498403537273407
"2586",-116.375,32.875,-116.125,32.625,"65","35",438,133.772201612592,0.305415985416876
"2587",-116.375,32.625,-116.125,32.375,"66","35",5,1.84184341132641,0.368368682265282
"2588",-116.375,32.375,-116.125,32.125,"67","35",0,0,
"2589",-116.375,32.125,-116.125,31.875,"68","35",0,0,
"2590",-116.375,31.875,-116.125,31.625,"69","35",0,0,
"2591",-116.375,31.625,-116.125,31.375,"70","35",0,0,
"2592",-116.375,31.375,-116.125,31.125,"71","35",0,0,
"2593",-116.125,49.125,-115.875,48.875,"0","36",0,0,
"2594",-116.125,48.875,-115.875,48.625,"1","36",0,0,
"2595",-116.125,48.625,-115.875,48.375,"2","36",0,0,
"2596",-116.125,48.375,-115.875,48.125,"3","36",0,0,
"2597",-116.125,48.125,-115.875,47.875,"4","36",0,0,
"2598",-116.125,47.875,-115.875,47.625,"5","36",0,0,
"2599",-116.125,47.625,-115.875,47.375,"6","36",0,0,
"2600",-116.125,47.375,-115.875,47.125,"7","36",0,0,
"2601",-116.125,47.125,-115.875,46.875,"8","36",0,0,
"2602",-116.125,46.875,-115.875,46.625,"9","36",0,0,
"2603",-116.125,46.625,-115.875,46.375,"10","36",4237,3982.05695390701,0.939829349517822
"2604",-116.125,46.375,-115.875,46.125,"11","36",924,868.402318954468,0.939829349517822
"2605",-116.125,46.125,-115.875,45.875,"12","36",54487,40177.8435223051,0.737384027792045
"2606",-116.125,45.875,-115.875,45.625,"13","36",299274,282774.024049293,0.9448666574754
"2607",-116.125,45.625,-115.875,45.375,"14","36",135680,93199.8108658847,0.686908983386532
"2608",-116.125,45.375,-115.875,45.125,"15","36",88995,73637.289644164,0.827431761831159
"2609",-116.125,45.125,-115.875,44.875,"16","36",86488,75375.6298873421,0.871515469051685
"2610",-116.125,44.875,-115.875,44.625,"17","36",147610,138439.394941547,0.937872738578329
"2611",-116.125,44.625,-115.875,44.375,"18","36",139644,98500.9937904342,0.7053721877806
"2612",-116.125,44.375,-115.875,44.125,"19","36",151232,43680.9046076462,0.288833742909214
"2613",-116.125,44.125,-115.875,43.875,"20","36",114800,22260.7574582273,0.193909037092573
"2614",-116.125,43.875,-115.875,43.625,"21","36",94297,18558.7455725126,0.196811622559706
"2615",-116.125,43.625,-115.875,43.375,"22","36",481,53.1551641102997,0.11050969669501
"2616",-116.125,43.375,-115.875,43.125,"23","36",0,0,
"2617",-116.125,43.125,-115.875,42.875,"24","36",0,0,
"2618",-116.125,42.875,-115.875,42.625,"25","36",0,0,
"2619",-116.125,42.625,-115.875,42.375,"26","36",0,0,
"2620",-116.125,42.375,-115.875,42.125,"27","36",0,0,
"2621",-116.125,42.125,-115.875,41.875,"28","36",5874,6520.82689796481,1.11011693870698
"2622",-116.125,41.875,-115.875,41.625,"29","36",5077,3061.12802775297,0.602940324552486
"2623",-116.125,41.625,-115.875,41.375,"30","36",10438,8838.72537348093,0.84678342340304
"2624",-116.125,41.375,-115.875,41.125,"31","36",2594,1145.19567309774,0.441478671201904
"2625",-116.125,41.125,-115.875,40.875,"32","36",98,34.7054295055568,0.354137035770988
"2626",-116.125,40.875,-115.875,40.625,"33","36",96,42.9276745654643,0.447163276723586
"2627",-116.125,40.625,-115.875,40.375,"34","36",8538,11574.0929471011,1.35559767476003
"2628",-116.125,40.375,-115.875,40.125,"35","36",11549,12864.919000374,1.11394224611429
"2629",-116.125,40.125,-115.875,39.875,"36","36",11364,9044.68358483422,0.795906686451445
"2630",-116.125,39.875,-115.875,39.625,"37","36",3331,1975.70320120989,0.593126148667035
"2631",-116.125,39.625,-115.875,39.375,"38","36",62751,66308.2533059913,1.05668839231233
"2632",-116.125,39.375,-115.875,39.125,"39","36",16122,17990.3587082173,1.11588876741206
"2633",-116.125,39.125,-115.875,38.875,"40","36",19460,13821.245766302,0.710238734136796
"2634",-116.125,38.875,-115.875,38.625,"41","36",226,161.35040602088,0.71393984964991
"2635",-116.125,38.625,-115.875,38.375,"42","36",2,4.97630596160889,2.48815298080444
"2636",-116.125,38.375,-115.875,38.125,"43","36",1,2.53523850440979,2.53523850440979
"2637",-116.125,38.125,-115.875,37.875,"44","36",336,181.758462287486,0.54094780442704
"2638",-116.125,37.875,-115.875,37.625,"45","36",1,0.998119294643402,0.998119294643402
"2639",-116.125,37.625,-115.875,37.375,"46","36",836,426.729814171791,0.510442361449511
"2640",-116.125,37.375,-115.875,37.125,"47","36",0,0,
"2641",-116.125,37.125,-115.875,36.875,"48","36",0,0,
"2642",-116.125,36.875,-115.875,36.625,"49","36",0,0,
"2643",-116.125,36.625,-115.875,36.375,"50","36",531,86.8162606656551,0.163495782797844
"2644",-116.125,36.375,-115.875,36.125,"51","36",22,3.61671578884125,0.164396172220057
"2645",-116.125,36.125,-115.875,35.875,"52","36",0,0,
"2646",-116.125,35.875,-115.875,35.625,"53","36",0,0,
"2647",-116.125,35.625,-115.875,35.375,"54","36",0,0,
"2648",-116.125,35.375,-115.875,35.125,"55","36",0,0,
"2649",-116.125,35.125,-115.875,34.875,"56","36",0,0,
"2650",-116.125,34.875,-115.875,34.625,"57","36",0,0,
"2651",-116.125,34.625,-115.875,34.375,"58","36",0,0,
"2652",-116.125,34.375,-115.875,34.125,"59","36",0,0,
"2653",-116.125,34.125,-115.875,33.875,"60","36",2,0.44010865688324,0.22005432844162
"2654",-116.125,33.875,-115.875,33.625,"61","36",0,0,
"2655",-116.125,33.625,-115.875,33.375,"62","36",0,0,
"2656",-116.125,33.375,-115.875,33.125,"63","36",0,0,
"2657",-116.125,33.125,-115.875,32.875,"64","36",0,0,
"2658",-116.125,32.875,-115.875,32.625,"65","36",0,0,
"2659",-116.125,32.625,-115.875,32.375,"66","36",1,0.202966600656509,0.202966600656509
"2660",-116.125,32.375,-115.875,32.125,"67","36",0,0,
"2661",-116.125,32.125,-115.875,31.875,"68","36",0,0,
"2662",-116.125,31.875,-115.875,31.625,"69","36",0,0,
"2663",-116.125,31.625,-115.875,31.375,"70","36",0,0,
"2664",-116.125,31.375,-115.875,31.125,"71","36",0,0,
"2665",-115.875,49.125,-115.625,48.875,"0","37",0,0,
"2666",-115.875,48.875,-115.625,48.625,"1","37",0,0,
"2667",-115.875,48.625,-115.625,48.375,"2","37",0,0,
"2668",-115.875,48.375,-115.625,48.125,"3","37",0,0,
"2669",-115.875,48.125,-115.625,47.875,"4","37",0,0,
"2670",-115.875,47.875,-115.625,47.625,"5","37",0,0,
"2671",-115.875,47.625,-115.625,47.375,"6","37",0,0,
"2672",-115.875,47.375,-115.625,47.125,"7","37",0,0,
"2673",-115.875,47.125,-115.625,46.875,"8","37",0,0,
"2674",-115.875,46.875,-115.625,46.625,"9","37",0,0,
"2675",-115.875,46.625,-115.625,46.375,"10","37",436,409.765596389771,0.939829349517822
"2676",-115.875,46.375,-115.625,46.125,"11","37",14724,6452.29513315764,0.438216186712689
"2677",-115.875,46.125,-115.625,45.875,"12","37",129606,81073.3134127672,0.625536729879536
"2678",-115.875,45.875,-115.625,45.625,"13","37",171560,106278.930899034,0.619485491367648
"2679",-115.875,45.625,-115.625,45.375,"14","37",108554,36657.6783238995,0.337690719125039
"2680",-115.875,45.375,-115.625,45.125,"15","37",139003,115704.159044425,0.832386056735648
"2681",-115.875,45.125,-115.625,44.875,"16","37",137954,73542.1413694185,0.533091765149387
"2682",-115.875,44.875,-115.625,44.625,"17","37",105008,52972.7473914864,0.504463920763051
"2683",-115.875,44.625,-115.625,44.375,"18","37",100718,48456.4831106551,0.481110458017982
"2684",-115.875,44.375,-115.625,44.125,"19","37",138673,87149.5869566241,0.628453894821804
"2685",-115.875,44.125,-115.625,43.875,"20","37",109223,40013.0096040928,0.366342341851925
"2686",-115.875,43.875,-115.625,43.625,"21","37",96724,24040.2153235029,0.248544470074675
"2687",-115.875,43.625,-115.625,43.375,"22","37",3746,1245.23587514387,0.332417478682294
"2688",-115.875,43.375,-115.625,43.125,"23","37",15,6.10830020252615,0.407220013501743
"2689",-115.875,43.125,-115.625,42.875,"24","37",0,0,
"2690",-115.875,42.875,-115.625,42.625,"25","37",0,0,
"2691",-115.875,42.625,-115.625,42.375,"26","37",0,0,
"2692",-115.875,42.375,-115.625,42.125,"27","37",0,0,
"2693",-115.875,42.125,-115.625,41.875,"28","37",1336,1289.11060274672,0.964903145768501
"2694",-115.875,41.875,-115.625,41.625,"29","37",3027,2266.23697600397,0.748674257021464
"2695",-115.875,41.625,-115.625,41.375,"30","37",43,10.0641186907887,0.234049271878808
"2696",-115.875,41.375,-115.625,41.125,"31","37",4,10.1409540176392,2.53523850440979
"2697",-115.875,41.125,-115.625,40.875,"32","37",2,1.05010747909546,0.525053739547729
"2698",-115.875,40.875,-115.625,40.625,"33","37",23,20.7598671615124,0.902602920065755
"2699",-115.875,40.625,-115.625,40.375,"34","37",849,1039.5755663657,1.22447063176172
"2700",-115.875,40.375,-115.625,40.125,"35","37",971,1015.90629034908,1.04624746688886
"2701",-115.875,40.125,-115.625,39.875,"36","37",25844,26981.3220012794,1.04400719707783
"2702",-115.875,39.875,-115.625,39.625,"37","37",32515,38063.4782354157,1.1706436486365
"2703",-115.875,39.625,-115.625,39.375,"38","37",12295,16206.7992147172,1.31816179054227
"2704",-115.875,39.375,-115.625,39.125,"39","37",2150,816.763774380088,0.379890127618645
"2705",-115.875,39.125,-115.625,38.875,"40","37",2645,1221.76243389025,0.461913963663612
"2706",-115.875,38.875,-115.625,38.625,"41","37",2624,4765.49217497557,1.81611744473154
"2707",-115.875,38.625,-115.625,38.375,"42","37",2,5.07047700881958,2.53523850440979
"2708",-115.875,38.375,-115.625,38.125,"43","37",42276,64553.8376662816,1.52696181441673
"2709",-115.875,38.125,-115.625,37.875,"44","37",43345,58873.649848601,1.35825700423581
"2710",-115.875,37.875,-115.625,37.625,"45","37",0.928748438195843,0.305196331524172,0.328610330820084
"2711",-115.875,37.625,-115.625,37.375,"46","37",1785,2185.70608175546,1.224485199863
"2712",-115.875,37.375,-115.625,37.125,"47","37",0,0,
"2713",-115.875,37.125,-115.625,36.875,"48","37",0,0,
"2714",-115.875,36.875,-115.625,36.625,"49","37",0,0,
"2715",-115.875,36.625,-115.625,36.375,"50","37",503,82.4612277895212,0.163938822643183
"2716",-115.875,36.375,-115.625,36.125,"51","37",10426,1706.36547972262,0.163664442712701
"2717",-115.875,36.125,-115.625,35.875,"52","37",0,0,
"2718",-115.875,35.875,-115.625,35.625,"53","37",0,0,
"2719",-115.875,35.625,-115.625,35.375,"54","37",0,0,
"2720",-115.875,35.375,-115.625,35.125,"55","37",0,0,
"2721",-115.875,35.125,-115.625,34.875,"56","37",0,0,
"2722",-115.875,34.875,-115.625,34.625,"57","37",0,0,
"2723",-115.875,34.625,-115.625,34.375,"58","37",0,0,
"2724",-115.875,34.375,-115.625,34.125,"59","37",0,0,
"2725",-115.875,34.125,-115.625,33.875,"60","37",0,0,
"2726",-115.875,33.875,-115.625,33.625,"61","37",0,0,
"2727",-115.875,33.625,-115.625,33.375,"62","37",0,0,
"2728",-115.875,33.375,-115.625,33.125,"63","37",0,0,
"2729",-115.875,33.125,-115.625,32.875,"64","37",0,0,
"2730",-115.875,32.875,-115.625,32.625,"65","37",0,0,
"2731",-115.875,32.625,-115.625,32.375,"66","37",0,0,
"2732",-115.875,32.375,-115.625,32.125,"67","37",0,0,
"2733",-115.875,32.125,-115.625,31.875,"68","37",0,0,
"2734",-115.875,31.875,-115.625,31.625,"69","37",0,0,
"2735",-115.875,31.625,-115.625,31.375,"70","37",0,0,
"2736",-115.875,31.375,-115.625,31.125,"71","37",0,0,
"2737",-115.625,49.125,-115.375,48.875,"0","38",0,0,
"2738",-115.625,48.875,-115.375,48.625,"1","38",0,0,
"2739",-115.625,48.625,-115.375,48.375,"2","38",0,0,
"2740",-115.625,48.375,-115.375,48.125,"3","38",0,0,
"2741",-115.625,48.125,-115.375,47.875,"4","38",0,0,
"2742",-115.625,47.875,-115.375,47.625,"5","38",0,0,
"2743",-115.625,47.625,-115.375,47.375,"6","38",0,0,
"2744",-115.625,47.375,-115.375,47.125,"7","38",0,0,
"2745",-115.625,47.125,-115.375,46.875,"8","38",0,0,
"2746",-115.625,46.875,-115.375,46.625,"9","38",0,0,
"2747",-115.625,46.625,-115.375,46.375,"10","38",659,392.728216718708,0.595945700635368
"2748",-115.625,46.375,-115.375,46.125,"11","38",65115,44063.816087569,0.676707610958596
"2749",-115.625,46.125,-115.375,45.875,"12","38",88053,49842.4283916808,0.566050315056622
"2750",-115.625,45.875,-115.375,45.625,"13","38",158139,128300.066186395,0.811311986204508
"2751",-115.625,45.625,-115.375,45.375,"14","38",140290,133841.790967316,0.954036574006104
"2752",-115.625,45.375,-115.375,45.125,"15","38",118287,50663.5582594377,0.428310450509673
"2753",-115.625,45.125,-115.375,44.875,"16","38",92420,49821.9364764783,0.539081762350988
"2754",-115.625,44.875,-115.375,44.625,"17","38",46913,19780.4705775094,0.421641561560961
"2755",-115.625,44.625,-115.375,44.375,"18","38",68469,37822.9442778674,0.552409766140404
"2756",-115.625,44.375,-115.375,44.125,"19","38",136021,70910.3405623229,0.52131906516143
"2757",-115.625,44.125,-115.375,43.875,"20","38",141305,84199.0769474521,0.595867640546705
"2758",-115.625,43.875,-115.375,43.625,"21","38",40118,14991.1031272943,0.373675236235463
"2759",-115.625,43.625,-115.375,43.375,"22","38",32498,16616.260832,0.511301028740229
"2760",-115.625,43.375,-115.375,43.125,"23","38",2749,896.356948073866,0.326066550772596
"2761",-115.625,43.125,-115.375,42.875,"24","38",0,0,
"2762",-115.625,42.875,-115.375,42.625,"25","38",0,0,
"2763",-115.625,42.625,-115.375,42.375,"26","38",0,0,
"2764",-115.625,42.375,-115.375,42.125,"27","38",0,0,
"2765",-115.625,42.125,-115.375,41.875,"28","38",3189,1975.20333363162,0.619380161063538
"2766",-115.625,41.875,-115.375,41.625,"29","38",27639,32187.1964887193,1.16455720137195
"2767",-115.625,41.625,-115.375,41.375,"30","38",169,123.170671328902,0.728820540407706
"2768",-115.625,41.375,-115.375,41.125,"31","38",33,25.4441273212433,0.771034161249797
"2769",-115.625,41.125,-115.375,40.875,"32","38",33,26.9981117099524,0.818124597271284
"2770",-115.625,40.875,-115.375,40.625,"33","38",52404,130054.741268677,2.48177126304628
"2771",-115.625,40.625,-115.375,40.375,"34","38",125066,283030.974264428,2.26305290218307
"2772",-115.625,40.375,-115.375,40.125,"35","38",49766,104135.044207376,2.09249375492054
"2773",-115.625,40.125,-115.375,39.875,"36","38",53567,58719.818090756,1.09619388972233
"2774",-115.625,39.875,-115.375,39.625,"37","38",35773,26182.7377229264,0.731913390627748
"2775",-115.625,39.625,-115.375,39.375,"38","38",14348,8215.25816142,0.572571658866741
"2776",-115.625,39.375,-115.375,39.125,"39","38",110800,138663.219387684,1.25147309916682
"2777",-115.625,39.125,-115.375,38.875,"40","38",94314,186193.881687092,1.9741913362501
"2778",-115.625,38.875,-115.375,38.625,"41","38",23649,48444.8527980463,2.04849476925224
"2779",-115.625,38.625,-115.375,38.375,"42","38",75400,81710.530460964,1.08369403794382
"2780",-115.625,38.375,-115.375,38.125,"43","38",71318,139507.867089562,1.95613824125133
"2781",-115.625,38.125,-115.375,37.875,"44","38",795,866.861858479679,1.09039227481721
"2782",-115.625,37.875,-115.375,37.625,"45","38",1718,713.239445798099,0.41515683690227
"2783",-115.625,37.625,-115.375,37.375,"46","38",3,2.8506131619215,0.950204387307167
"2784",-115.625,37.375,-115.375,37.125,"47","38",0,0,
"2785",-115.625,37.125,-115.375,36.875,"48","38",0,0,
"2786",-115.625,36.875,-115.375,36.625,"49","38",0,0,
"2787",-115.625,36.625,-115.375,36.375,"50","38",0,0,
"2788",-115.625,36.375,-115.375,36.125,"51","38",626,102.287475094199,0.163398522514695
"2789",-115.625,36.125,-115.375,35.875,"52","38",51,8.34686607122421,0.163664040612239
"2790",-115.625,35.875,-115.375,35.625,"53","38",0,0,
"2791",-115.625,35.625,-115.375,35.375,"54","38",4,0.659204304218292,0.164801076054573
"2792",-115.625,35.375,-115.375,35.125,"55","38",0,0,
"2793",-115.625,35.125,-115.375,34.875,"56","38",0,0,
"2794",-115.625,34.875,-115.375,34.625,"57","38",0,0,
"2795",-115.625,34.625,-115.375,34.375,"58","38",0,0,
"2796",-115.625,34.375,-115.375,34.125,"59","38",0,0,
"2797",-115.625,34.125,-115.375,33.875,"60","38",0,0,
"2798",-115.625,33.875,-115.375,33.625,"61","38",0,0,
"2799",-115.625,33.625,-115.375,33.375,"62","38",0,0,
"2800",-115.625,33.375,-115.375,33.125,"63","38",0,0,
"2801",-115.625,33.125,-115.375,32.875,"64","38",0,0,
"2802",-115.625,32.875,-115.375,32.625,"65","38",0,0,
"2803",-115.625,32.625,-115.375,32.375,"66","38",0,0,
"2804",-115.625,32.375,-115.375,32.125,"67","38",0,0,
"2805",-115.625,32.125,-115.375,31.875,"68","38",0,0,
"2806",-115.625,31.875,-115.375,31.625,"69","38",0,0,
"2807",-115.625,31.625,-115.375,31.375,"70","38",0,0,
"2808",-115.625,31.375,-115.375,31.125,"71","38",0,0,
"2809",-115.375,49.125,-115.125,48.875,"0","39",0,0,
"2810",-115.375,48.875,-115.125,48.625,"1","39",0,0,
"2811",-115.375,48.625,-115.125,48.375,"2","39",0,0,
"2812",-115.375,48.375,-115.125,48.125,"3","39",0,0,
"2813",-115.375,48.125,-115.125,47.875,"4","39",0,0,
"2814",-115.375,47.875,-115.125,47.625,"5","39",0,0,
"2815",-115.375,47.625,-115.125,47.375,"6","39",0,0,
"2816",-115.375,47.375,-115.125,47.125,"7","39",0,0,
"2817",-115.375,47.125,-115.125,46.875,"8","39",0,0,
"2818",-115.375,46.875,-115.125,46.625,"9","39",0,0,
"2819",-115.375,46.625,-115.125,46.375,"10","39",19063,13700.9225662163,0.718718069884926
"2820",-115.375,46.375,-115.125,46.125,"11","39",72994,47281.1347178642,0.647740015862457
"2821",-115.375,46.125,-115.125,45.875,"12","39",119990,63258.710151908,0.527199851253505
"2822",-115.375,45.875,-115.125,45.625,"13","39",163417,130844.980402358,0.800681571699138
"2823",-115.375,45.625,-115.125,45.375,"14","39",155980,124831.64777128,0.800305473594563
"2824",-115.375,45.375,-115.125,45.125,"15","39",115752,71919.8638997345,0.621327181385501
"2825",-115.375,45.125,-115.125,44.875,"16","39",59812,31116.9473255075,0.520245892555132
"2826",-115.375,44.875,-115.125,44.625,"17","39",50209,20150.6689099654,0.401335794577973
"2827",-115.375,44.625,-115.125,44.375,"18","39",84890,57234.6712292068,0.674221595349356
"2828",-115.375,44.375,-115.125,44.125,"19","39",68827,30499.5295983281,0.443133212232526
"2829",-115.375,44.125,-115.125,43.875,"20","39",45654,22552.2241027256,0.493981340139431
"2830",-115.375,43.875,-115.125,43.625,"21","39",72120,35459.9757397504,0.491680196058657
"2831",-115.375,43.625,-115.125,43.375,"22","39",63771,27877.1696782929,0.437144935445467
"2832",-115.375,43.375,-115.125,43.125,"23","39",362,147.2771848517,0.406843052076521
"2833",-115.375,43.125,-115.125,42.875,"24","39",0,0,
"2834",-115.375,42.875,-115.125,42.625,"25","39",0,0,
"2835",-115.375,42.625,-115.125,42.375,"26","39",0,0,
"2836",-115.375,42.375,-115.125,42.125,"27","39",0,0,
"2837",-115.375,42.125,-115.125,41.875,"28","39",1682,1513.95021729171,0.900089308734669
"2838",-115.375,41.875,-115.125,41.625,"29","39",28989,33471.0218511132,1.15461112322306
"2839",-115.375,41.625,-115.125,41.375,"30","39",6,9.52249139547348,1.58708189924558
"2840",-115.375,41.375,-115.125,41.125,"31","39",5,1.98182584345341,0.396365168690681
"2841",-115.375,41.125,-115.125,40.875,"32","39",37104,72356.5356577019,1.9501006807272
"2842",-115.375,40.875,-115.125,40.625,"33","39",46506,76395.3980118776,1.64269982393406
"2843",-115.375,40.625,-115.125,40.375,"34","39",12488,21745.6362310283,1.74132256814768
"2844",-115.375,40.375,-115.125,40.125,"35","39",30897,28177.5966614746,0.911984874307364
"2845",-115.375,40.125,-115.125,39.875,"36","39",42438,34163.7313508793,0.805026894549208
"2846",-115.375,39.875,-115.125,39.625,"37","39",51307,53002.9616976443,1.033055171763
"2847",-115.375,39.625,-115.125,39.375,"38","39",14528,7935.41908780082,0.5462155209114
"2848",-115.375,39.375,-115.125,39.125,"39","39",42112,32449.7276998142,0.770557743631606
"2849",-115.375,39.125,-115.125,38.875,"40","39",46588,35702.5656421924,0.766346819828977
"2850",-115.375,38.875,-115.125,38.625,"41","39",11260,5933.18998428993,0.526926286349017
"2851",-115.375,38.625,-115.125,38.375,"42","39",10223,7877.97385905683,0.77061272220061
"2852",-115.375,38.375,-115.125,38.125,"43","39",78,93.8804773688316,1.20359586370297
"2853",-115.375,38.125,-115.125,37.875,"44","39",17,17.1371136903763,1.0080655111986
"2854",-115.375,37.875,-115.125,37.625,"45","39",81,28.7509465813637,0.354949957794613
"2855",-115.375,37.625,-115.125,37.375,"46","39",0,0,
"2856",-115.375,37.375,-115.125,37.125,"47","39",78,24.6583681255579,0.31613292468664
"2857",-115.375,37.125,-115.125,36.875,"48","39",0,0,
"2858",-115.375,36.875,-115.125,36.625,"49","39",2688,439.702167272568,0.163579675324616
"2859",-115.375,36.625,-115.125,36.375,"50","39",1746,285.174257576466,0.163330044430965
"2860",-115.375,36.375,-115.125,36.125,"51","39",0,0,
"2861",-115.375,36.125,-115.125,35.875,"52","39",0,0,
"2862",-115.375,35.875,-115.125,35.625,"53","39",0,0,
"2863",-115.375,35.625,-115.125,35.375,"54","39",0,0,
"2864",-115.375,35.375,-115.125,35.125,"55","39",0,0,
"2865",-115.375,35.125,-115.125,34.875,"56","39",0,0,
"2866",-115.375,34.875,-115.125,34.625,"57","39",0,0,
"2867",-115.375,34.625,-115.125,34.375,"58","39",0,0,
"2868",-115.375,34.375,-115.125,34.125,"59","39",0,0,
"2869",-115.375,34.125,-115.125,33.875,"60","39",0,0,
"2870",-115.375,33.875,-115.125,33.625,"61","39",0,0,
"2871",-115.375,33.625,-115.125,33.375,"62","39",0,0,
"2872",-115.375,33.375,-115.125,33.125,"63","39",0,0,
"2873",-115.375,33.125,-115.125,32.875,"64","39",0,0,
"2874",-115.375,32.875,-115.125,32.625,"65","39",0,0,
"2875",-115.375,32.625,-115.125,32.375,"66","39",0,0,
"2876",-115.375,32.375,-115.125,32.125,"67","39",0,0,
"2877",-115.375,32.125,-115.125,31.875,"68","39",0,0,
"2878",-115.375,31.875,-115.125,31.625,"69","39",0,0,
"2879",-115.375,31.625,-115.125,31.375,"70","39",0,0,
"2880",-115.375,31.375,-115.125,31.125,"71","39",0,0,
"2881",-115.125,49.125,-114.875,48.875,"0","40",0,0,
"2882",-115.125,48.875,-114.875,48.625,"1","40",0,0,
"2883",-115.125,48.625,-114.875,48.375,"2","40",0,0,
"2884",-115.125,48.375,-114.875,48.125,"3","40",0,0,
"2885",-115.125,48.125,-114.875,47.875,"4","40",0,0,
"2886",-115.125,47.875,-114.875,47.625,"5","40",0,0,
"2887",-115.125,47.625,-114.875,47.375,"6","40",0,0,
"2888",-115.125,47.375,-114.875,47.125,"7","40",0,0,
"2889",-115.125,47.125,-114.875,46.875,"8","40",0,0,
"2890",-115.125,46.875,-114.875,46.625,"9","40",0,0,
"2891",-115.125,46.625,-114.875,46.375,"10","40",48137,26126.7962075077,0.542759129308176
"2892",-115.125,46.375,-114.875,46.125,"11","40",49242,18116.4102784546,0.367905655303494
"2893",-115.125,46.125,-114.875,45.875,"12","40",82234,30989.7233041657,0.376848059247582
"2894",-115.125,45.875,-114.875,45.625,"13","40",154824,100420.184156254,0.648608640496653
"2895",-115.125,45.625,-114.875,45.375,"14","40",129939,59634.2578794889,0.458940409572868
"2896",-115.125,45.375,-114.875,45.125,"15","40",134925,84351.6979693207,0.625174711649588
"2897",-115.125,45.125,-114.875,44.875,"16","40",71450,32681.9548265233,0.457410144527967
"2898",-115.125,44.875,-114.875,44.625,"17","40",89044,42126.1474382728,0.473093610330542
"2899",-115.125,44.625,-114.875,44.375,"18","40",63394,32061.0768008784,0.505743079800587
"2900",-115.125,44.375,-114.875,44.125,"19","40",105746,83690.7425849151,0.791431757086936
"2901",-115.125,44.125,-114.875,43.875,"20","40",38681,23903.6909461217,0.617969828756281
"2902",-115.125,43.875,-114.875,43.625,"21","40",27723,16134.8666894959,0.582002910561479
"2903",-115.125,43.625,-114.875,43.375,"22","40",18383,7612.71098089394,0.414116900445735
"2904",-115.125,43.375,-114.875,43.125,"23","40",7,1.54472323134542,0.220674747335059
"2905",-115.125,43.125,-114.875,42.875,"24","40",0,0,
"2906",-115.125,42.875,-114.875,42.625,"25","40",0,0,
"2907",-115.125,42.625,-114.875,42.375,"26","40",0,0,
"2908",-115.125,42.375,-114.875,42.125,"27","40",0,0,
"2909",-115.125,42.125,-114.875,41.875,"28","40",3809,3348.01698018622,0.878975316404889
"2910",-115.125,41.875,-114.875,41.625,"29","40",121,216.2133526057,1.78688721161736
"2911",-115.125,41.625,-114.875,41.375,"30","40",2879,1704.49285955634,0.592043369071323
"2912",-115.125,41.375,-114.875,41.125,"31","40",865,491.726308840327,0.56846972120269
"2913",-115.125,41.125,-114.875,40.875,"32","40",33443,59278.6529696269,1.77252797206073
"2914",-115.125,40.875,-114.875,40.625,"33","40",11541,15371.4885740155,1.33190265782995
"2915",-115.125,40.625,-114.875,40.375,"34","40",2578,1682.87414846953,0.652782834937756
"2916",-115.125,40.375,-114.875,40.125,"35","40",66951,96745.6736343402,1.44502208532121
"2917",-115.125,40.125,-114.875,39.875,"36","40",60331,124390.896926615,2.06180731177363
"2918",-115.125,39.875,-114.875,39.625,"37","40",120077,141776.338940934,1.180711867726
"2919",-115.125,39.625,-114.875,39.375,"38","40",69452,76135.5219483107,1.09623224598731
"2920",-115.125,39.375,-114.875,39.125,"39","40",98923,164099.223530602,1.65885813744632
"2921",-115.125,39.125,-114.875,38.875,"40","40",98804,257847.520222101,2.60968705945206
"2922",-115.125,38.875,-114.875,38.625,"41","40",86874,139382.010416173,1.60441571029506
"2923",-115.125,38.625,-114.875,38.375,"42","40",35314,60440.4618253964,1.71151559793273
"2924",-115.125,38.375,-114.875,38.125,"43","40",4639,3643.73490136486,0.78545697377988
"2925",-115.125,38.125,-114.875,37.875,"44","40",13983,9270.54038373847,0.662986511030427
"2926",-115.125,37.875,-114.875,37.625,"45","40",1,0.159735158085823,0.159735158085823
"2927",-115.125,37.625,-114.875,37.375,"46","40",89,17.5945963561535,0.197692093889365
"2928",-115.125,37.375,-114.875,37.125,"47","40",0,0,
"2929",-115.125,37.125,-114.875,36.875,"48","40",0,0,
"2930",-115.125,36.875,-114.875,36.625,"49","40",15,2.4485292583704,0.16323528389136
"2931",-115.125,36.625,-114.875,36.375,"50","40",0,0,
"2932",-115.125,36.375,-114.875,36.125,"51","40",0,0,
"2933",-115.125,36.125,-114.875,35.875,"52","40",0,0,
"2934",-115.125,35.875,-114.875,35.625,"53","40",0,0,
"2935",-115.125,35.625,-114.875,35.375,"54","40",0,0,
"2936",-115.125,35.375,-114.875,35.125,"55","40",0,0,
"2937",-115.125,35.125,-114.875,34.875,"56","40",0,0,
"2938",-115.125,34.875,-114.875,34.625,"57","40",0,0,
"2939",-115.125,34.625,-114.875,34.375,"58","40",0,0,
"2940",-115.125,34.375,-114.875,34.125,"59","40",0,0,
"2941",-115.125,34.125,-114.875,33.875,"60","40",0,0,
"2942",-115.125,33.875,-114.875,33.625,"61","40",0,0,
"2943",-115.125,33.625,-114.875,33.375,"62","40",0,0,
"2944",-115.125,33.375,-114.875,33.125,"63","40",0,0,
"2945",-115.125,33.125,-114.875,32.875,"64","40",0,0,
"2946",-115.125,32.875,-114.875,32.625,"65","40",0,0,
"2947",-115.125,32.625,-114.875,32.375,"66","40",0,0,
"2948",-115.125,32.375,-114.875,32.125,"67","40",0,0,
"2949",-115.125,32.125,-114.875,31.875,"68","40",0,0,
"2950",-115.125,31.875,-114.875,31.625,"69","40",0,0,
"2951",-115.125,31.625,-114.875,31.375,"70","40",0,0,
"2952",-115.125,31.375,-114.875,31.125,"71","40",0,0,
"2953",-114.875,49.125,-114.625,48.875,"0","41",0,0,
"2954",-114.875,48.875,-114.625,48.625,"1","41",0,0,
"2955",-114.875,48.625,-114.625,48.375,"2","41",0,0,
"2956",-114.875,48.375,-114.625,48.125,"3","41",0,0,
"2957",-114.875,48.125,-114.625,47.875,"4","41",0,0,
"2958",-114.875,47.875,-114.625,47.625,"5","41",0,0,
"2959",-114.875,47.625,-114.625,47.375,"6","41",0,0,
"2960",-114.875,47.375,-114.625,47.125,"7","41",6546,5020.58558592654,0.766969994794767
"2961",-114.875,47.125,-114.625,46.875,"8","41",0,0,
"2962",-114.875,46.875,-114.625,46.625,"9","41",0,0,
"2963",-114.875,46.625,-114.625,46.375,"10","41",58457,30032.3599859407,0.513751304137069
"2964",-114.875,46.375,-114.625,46.125,"11","41",65747,23134.5579628241,0.351872449888575
"2965",-114.875,46.125,-114.625,45.875,"12","41",97286,38035.179221205,0.3909625148655
"2966",-114.875,45.875,-114.625,45.625,"13","41",163551,73027.1681599972,0.446510068174436
"2967",-114.875,45.625,-114.625,45.375,"14","41",101172,42581.3333283459,0.420880612504902
"2968",-114.875,45.375,-114.625,45.125,"15","41",65291,30581.441187457,0.468386778996447
"2969",-114.875,45.125,-114.625,44.875,"16","41",18228,7441.48100634849,0.408244514282888
"2970",-114.875,44.875,-114.625,44.625,"17","41",31048,12986.0695629112,0.418257844721437
"2971",-114.875,44.625,-114.625,44.375,"18","41",18957,9537.20378456785,0.503096681150385
"2972",-114.875,44.375,-114.625,44.125,"19","41",50440,25420.437809218,0.503973786859993
"2973",-114.875,44.125,-114.625,43.875,"20","41",30369,20514.4181847087,0.675505225220082
"2974",-114.875,43.875,-114.625,43.625,"21","41",19873,9030.62982531891,0.454417039466558
"2975",-114.875,43.625,-114.625,43.375,"22","41",25413,9385.57450356437,0.369321784266492
"2976",-114.875,43.375,-114.625,43.125,"23","41",0,0,
"2977",-114.875,43.125,-114.625,42.875,"24","41",0,0,
"2978",-114.875,42.875,-114.625,42.625,"25","41",0,0,
"2979",-114.875,42.625,-114.625,42.375,"26","41",0,0,
"2980",-114.875,42.375,-114.625,42.125,"27","41",2,0.227996110916138,0.113998055458069
"2981",-114.875,42.125,-114.625,41.875,"28","41",261,182.356229737401,0.698682872557092
"2982",-114.875,41.875,-114.625,41.625,"29","41",26,17.4874541349709,0.672594389806573
"2983",-114.875,41.625,-114.625,41.375,"30","41",66,17.3538200706898,0.262936667737725
"2984",-114.875,41.375,-114.625,41.125,"31","41",1728,893.954014291361,0.517334499011204
"2985",-114.875,41.125,-114.625,40.875,"32","41",32167,34146.9645781589,1.06155266509649
"2986",-114.875,40.875,-114.625,40.625,"33","41",12372,17215.8307962131,1.39151558326973
"2987",-114.875,40.625,-114.625,40.375,"34","41",68002,115605.629631378,1.70003278773239
"2988",-114.875,40.375,-114.625,40.125,"35","41",26605,30241.756102971,1.1366944597997
"2989",-114.875,40.125,-114.625,39.875,"36","41",59499,116771.939879008,1.96258659606058
"2990",-114.875,39.875,-114.625,39.625,"37","41",61031,104636.619547875,1.7144831241152
"2991",-114.875,39.625,-114.625,39.375,"38","41",61063,103459.463414912,1.69430691932778
"2992",-114.875,39.375,-114.625,39.125,"39","41",130967,377544.474569907,2.88274507753791
"2993",-114.875,39.125,-114.625,38.875,"40","41",144377,218735.002388863,1.51502664821172
"2994",-114.875,38.875,-114.625,38.625,"41","41",114890,176180.669715031,1.53347262350972
"2995",-114.875,38.625,-114.625,38.375,"42","41",31462,33652.0776683004,1.06961024945332
"2996",-114.875,38.375,-114.625,38.125,"43","41",12063,8892.92038142076,0.737206365035294
"2997",-114.875,38.125,-114.625,37.875,"44","41",582,497.833584342152,0.855384165536343
"2998",-114.875,37.875,-114.625,37.625,"45","41",5,4.03905573487282,0.807811146974564
"2999",-114.875,37.625,-114.625,37.375,"46","41",6909,1965.58734118193,0.284496648021701
"3000",-114.875,37.375,-114.625,37.125,"47","41",3821,1000.36825558543,0.261807970579804
"3001",-114.875,37.125,-114.625,36.875,"48","41",0,0,
"3002",-114.875,36.875,-114.625,36.625,"49","41",0,0,
"3003",-114.875,36.625,-114.625,36.375,"50","41",0,0,
"3004",-114.875,36.375,-114.625,36.125,"51","41",0,0,
"3005",-114.875,36.125,-114.625,35.875,"52","41",0,0,
"3006",-114.875,35.875,-114.625,35.625,"53","41",0,0,
"3007",-114.875,35.625,-114.625,35.375,"54","41",0,0,
"3008",-114.875,35.375,-114.625,35.125,"55","41",0,0,
"3009",-114.875,35.125,-114.625,34.875,"56","41",0,0,
"3010",-114.875,34.875,-114.625,34.625,"57","41",0,0,
"3011",-114.875,34.625,-114.625,34.375,"58","41",0,0,
"3012",-114.875,34.375,-114.625,34.125,"59","41",0,0,
"3013",-114.875,34.125,-114.625,33.875,"60","41",0,0,
"3014",-114.875,33.875,-114.625,33.625,"61","41",0,0,
"3015",-114.875,33.625,-114.625,33.375,"62","41",0,0,
"3016",-114.875,33.375,-114.625,33.125,"63","41",0,0,
"3017",-114.875,33.125,-114.625,32.875,"64","41",0,0,
"3018",-114.875,32.875,-114.625,32.625,"65","41",0,0,
"3019",-114.875,32.625,-114.625,32.375,"66","41",0,0,
"3020",-114.875,32.375,-114.625,32.125,"67","41",0,0,
"3021",-114.875,32.125,-114.625,31.875,"68","41",0,0,
"3022",-114.875,31.875,-114.625,31.625,"69","41",0,0,
"3023",-114.875,31.625,-114.625,31.375,"70","41",0,0,
"3024",-114.875,31.375,-114.625,31.125,"71","41",0,0,
"3025",-114.625,49.125,-114.375,48.875,"0","42",0,0,
"3026",-114.625,48.875,-114.375,48.625,"1","42",0,0,
"3027",-114.625,48.625,-114.375,48.375,"2","42",0,0,
"3028",-114.625,48.375,-114.375,48.125,"3","42",0,0,
"3029",-114.625,48.125,-114.375,47.875,"4","42",0,0,
"3030",-114.625,47.875,-114.375,47.625,"5","42",0,0,
"3031",-114.625,47.625,-114.375,47.375,"6","42",0,0,
"3032",-114.625,47.375,-114.375,47.125,"7","42",44651,35289.2805642056,0.790335727401528
"3033",-114.625,47.125,-114.375,46.875,"8","42",43621,15194.6832382881,0.348334133520279
"3034",-114.625,46.875,-114.375,46.625,"9","42",6518,3160.79237106555,0.484932858402201
"3035",-114.625,46.625,-114.375,46.375,"10","42",86517,48865.6211542445,0.564809472753847
"3036",-114.625,46.375,-114.375,46.125,"11","42",47182,18464.8491083731,0.391353675307811
"3037",-114.625,46.125,-114.375,45.875,"12","42",63380,33061.419314518,0.521638045353707
"3038",-114.625,45.875,-114.375,45.625,"13","42",141207,87787.801112511,0.621695816160042
"3039",-114.625,45.625,-114.375,45.375,"14","42",89819,44006.8282152481,0.489950102041307
"3040",-114.625,45.375,-114.375,45.125,"15","42",35227,16540.8253518376,0.469549645210708
"3041",-114.625,45.125,-114.375,44.875,"16","42",56450,29547.3726216373,0.523425555742025
"3042",-114.625,44.875,-114.375,44.625,"17","42",56748,26239.39773842,0.462384537577008
"3043",-114.625,44.625,-114.375,44.375,"18","42",25313,12022.1064397281,0.474938033410821
"3044",-114.625,44.375,-114.375,44.125,"19","42",45339,20959.9240201972,0.4622934784666
"3045",-114.625,44.125,-114.375,43.875,"20","42",10991,4400.7991664196,0.400400251698626
"3046",-114.625,43.875,-114.375,43.625,"21","42",35305,19056.1920540911,0.539759015836032
"3047",-114.625,43.625,-114.375,43.375,"22","42",12197,4088.35149365432,0.335193202726434
"3048",-114.625,43.375,-114.375,43.125,"23","42",0,0,
"3049",-114.625,43.125,-114.375,42.875,"24","42",0,0,
"3050",-114.625,42.875,-114.375,42.625,"25","42",0,0,
"3051",-114.625,42.625,-114.375,42.375,"26","42",0,0,
"3052",-114.625,42.375,-114.375,42.125,"27","42",0,0,
"3053",-114.625,42.125,-114.375,41.875,"28","42",0,0,
"3054",-114.625,41.875,-114.375,41.625,"29","42",0,0,
"3055",-114.625,41.625,-114.375,41.375,"30","42",110,35.6403110497631,0.324002827725119
"3056",-114.625,41.375,-114.375,41.125,"31","42",2799,1438.05743929686,0.513775433832389
"3057",-114.625,41.125,-114.375,40.875,"32","42",33127,37948.6834334834,1.14555146658265
"3058",-114.625,40.875,-114.375,40.625,"33","42",28401,47325.7803885908,1.6663420438925
"3059",-114.625,40.625,-114.375,40.375,"34","42",5285,5692.43123946246,1.07709200368258
"3060",-114.625,40.375,-114.375,40.125,"35","42",17511,15881.4281073315,0.906940100926932
"3061",-114.625,40.125,-114.375,39.875,"36","42",75342,107207.653615273,1.42294674438259
"3062",-114.625,39.875,-114.375,39.625,"37","42",44946,70834.6012408454,1.57599344192688
"3063",-114.625,39.625,-114.375,39.375,"38","42",72451,203893.992776166,2.81423296816008
"3064",-114.625,39.375,-114.375,39.125,"39","42",80404,228485.744665183,2.84172111667558
"3065",-114.625,39.125,-114.375,38.875,"40","42",27268,44342.4265131,1.62617084175957
"3066",-114.625,38.875,-114.375,38.625,"41","42",4787,3844.42912962008,0.80309779185713
"3067",-114.625,38.625,-114.375,38.375,"42","42",18946,14534.044791766,0.767129990064709
"3068",-114.625,38.375,-114.375,38.125,"43","42",25387,34466.7662147674,1.35765416216045
"3069",-114.625,38.125,-114.375,37.875,"44","42",52678,77973.9584770403,1.48019967495046
"3070",-114.625,37.875,-114.375,37.625,"45","42",5799,5211.91352450661,0.898760738835422
"3071",-114.625,37.625,-114.375,37.375,"46","42",2539,584.978629812598,0.230397254750925
"3072",-114.625,37.375,-114.375,37.125,"47","42",0,0,
"3073",-114.625,37.125,-114.375,36.875,"48","42",3,0.492048934102058,0.164016311367353
"3074",-114.625,36.875,-114.375,36.625,"49","42",0,0,
"3075",-114.625,36.625,-114.375,36.375,"50","42",0,0,
"3076",-114.625,36.375,-114.375,36.125,"51","42",0,0,
"3077",-114.625,36.125,-114.375,35.875,"52","42",0,0,
"3078",-114.625,35.875,-114.375,35.625,"53","42",0,0,
"3079",-114.625,35.625,-114.375,35.375,"54","42",0,0,
"3080",-114.625,35.375,-114.375,35.125,"55","42",0,0,
"3081",-114.625,35.125,-114.375,34.875,"56","42",0,0,
"3082",-114.625,34.875,-114.375,34.625,"57","42",0,0,
"3083",-114.625,34.625,-114.375,34.375,"58","42",0,0,
"3084",-114.625,34.375,-114.375,34.125,"59","42",0,0,
"3085",-114.625,34.125,-114.375,33.875,"60","42",0,0,
"3086",-114.625,33.875,-114.375,33.625,"61","42",0,0,
"3087",-114.625,33.625,-114.375,33.375,"62","42",0,0,
"3088",-114.625,33.375,-114.375,33.125,"63","42",0,0,
"3089",-114.625,33.125,-114.375,32.875,"64","42",0,0,
"3090",-114.625,32.875,-114.375,32.625,"65","42",0,0,
"3091",-114.625,32.625,-114.375,32.375,"66","42",0,0,
"3092",-114.625,32.375,-114.375,32.125,"67","42",0,0,
"3093",-114.625,32.125,-114.375,31.875,"68","42",0,0,
"3094",-114.625,31.875,-114.375,31.625,"69","42",0,0,
"3095",-114.625,31.625,-114.375,31.375,"70","42",0,0,
"3096",-114.625,31.375,-114.375,31.125,"71","42",0,0,
"3097",-114.375,49.125,-114.125,48.875,"0","43",0,0,
"3098",-114.375,48.875,-114.125,48.625,"1","43",0,0,
"3099",-114.375,48.625,-114.125,48.375,"2","43",0,0,
"3100",-114.375,48.375,-114.125,48.125,"3","43",0,0,
"3101",-114.375,48.125,-114.125,47.875,"4","43",0,0,
"3102",-114.375,47.875,-114.125,47.625,"5","43",0,0,
"3103",-114.375,47.625,-114.125,47.375,"6","43",0,0,
"3104",-114.375,47.375,-114.125,47.125,"7","43",0,0,
"3105",-114.375,47.125,-114.125,46.875,"8","43",28131,9607.10903041477,0.341513242700749
"3106",-114.375,46.875,-114.125,46.625,"9","43",30128,10764.3222018469,0.357286318436234
"3107",-114.375,46.625,-114.125,46.375,"10","43",89931,49919.1981693759,0.555083321317187
"3108",-114.375,46.375,-114.125,46.125,"11","43",65701,34140.8030047435,0.519639016221115
"3109",-114.375,46.125,-114.125,45.875,"12","43",90725,55017.4307851956,0.606419738607832
"3110",-114.375,45.875,-114.125,45.625,"13","43",147247,82789.6343838602,0.562250058635219
"3111",-114.375,45.625,-114.125,45.375,"14","43",78068,39054.5531863724,0.500263272869453
"3112",-114.375,45.375,-114.125,45.125,"15","43",80956,40960.7870563434,0.505963573500956
"3113",-114.375,45.125,-114.125,44.875,"16","43",61852,32885.9126959958,0.531687135355296
"3114",-114.375,44.875,-114.125,44.625,"17","43",20654,11360.7049219059,0.550048655074365
"3115",-114.375,44.625,-114.125,44.375,"18","43",5259,2981.74715046794,0.566979872688333
"3116",-114.375,44.375,-114.125,44.125,"19","43",3887,1712.18042635056,0.440488918536291
"3117",-114.375,44.125,-114.125,43.875,"20","43",6854,2349.70897646519,0.342823019618499
"3118",-114.375,43.875,-114.125,43.625,"21","43",26875,7696.67180927965,0.286387788252266
"3119",-114.375,43.625,-114.125,43.375,"22","43",5602,1399.18351805169,0.249764997867136
"3120",-114.375,43.375,-114.125,43.125,"23","43",0,0,
"3121",-114.375,43.125,-114.125,42.875,"24","43",0,0,
"3122",-114.375,42.875,-114.125,42.625,"25","43",0,0,
"3123",-114.375,42.625,-114.125,42.375,"26","43",0,0,
"3124",-114.375,42.375,-114.125,42.125,"27","43",0,0,
"3125",-114.375,42.125,-114.125,41.875,"28","43",0,0,
"3126",-114.375,41.875,-114.125,41.625,"29","43",0,0,
"3127",-114.375,41.625,-114.125,41.375,"30","43",300,97.066601933213,0.323555339777376
"3128",-114.375,41.375,-114.125,41.125,"31","43",8797,4536.10629915731,0.51564241209018
"3129",-114.375,41.125,-114.125,40.875,"32","43",14716,8608.35406106524,0.58496561980601
"3130",-114.375,40.875,-114.125,40.625,"33","43",29238,20169.1079446226,0.689825157145586
"3131",-114.375,40.625,-114.125,40.375,"34","43",60221,97883.3413145766,1.62540212408589
"3132",-114.375,40.375,-114.125,40.125,"35","43",8267,4059.55829505902,0.491055799571673
"3133",-114.375,40.125,-114.125,39.875,"36","43",4311,3285.57799068117,0.762138248824209
"3134",-114.375,39.875,-114.125,39.625,"37","43",58881,76981.8392494828,1.30741392383762
"3135",-114.375,39.625,-114.125,39.375,"38","43",65920,152595.94335395,2.31486564553929
"3136",-114.375,39.375,-114.125,39.125,"39","43",184263,587487.483654937,3.18830955566195
"3137",-114.375,39.125,-114.125,38.875,"40","43",207887,753920.548130984,3.62658823366052
"3138",-114.375,38.875,-114.125,38.625,"41","43",122119,299800.569075454,2.45498709517318
"3139",-114.375,38.625,-114.125,38.375,"42","43",32395,27025.8496000194,0.834259904306819
"3140",-114.375,38.375,-114.125,38.125,"43","43",78279,73603.0617201326,0.940265738194568
"3141",-114.375,38.125,-114.125,37.875,"44","43",11632,7804.8104070985,0.670977510926625
"3142",-114.375,37.875,-114.125,37.625,"45","43",830,267.775049000978,0.322620540965034
"3143",-114.375,37.625,-114.125,37.375,"46","43",2082,438.780933506787,0.210749727909119
"3144",-114.375,37.375,-114.125,37.125,"47","43",4652,1032.72150657326,0.22199516478359
"3145",-114.375,37.125,-114.125,36.875,"48","43",0,0,
"3146",-114.375,36.875,-114.125,36.625,"49","43",0,0,
"3147",-114.375,36.625,-114.125,36.375,"50","43",2,0.329602152109146,0.164801076054573
"3148",-114.375,36.375,-114.125,36.125,"51","43",0,0,
"3149",-114.375,36.125,-114.125,35.875,"52","43",0,0,
"3150",-114.375,35.875,-114.125,35.625,"53","43",0,0,
"3151",-114.375,35.625,-114.125,35.375,"54","43",0,0,
"3152",-114.375,35.375,-114.125,35.125,"55","43",0,0,
"3153",-114.375,35.125,-114.125,34.875,"56","43",0,0,
"3154",-114.375,34.875,-114.125,34.625,"57","43",0,0,
"3155",-114.375,34.625,-114.125,34.375,"58","43",0,0,
"3156",-114.375,34.375,-114.125,34.125,"59","43",0,0,
"3157",-114.375,34.125,-114.125,33.875,"60","43",0,0,
"3158",-114.375,33.875,-114.125,33.625,"61","43",0,0,
"3159",-114.375,33.625,-114.125,33.375,"62","43",0,0,
"3160",-114.375,33.375,-114.125,33.125,"63","43",0,0,
"3161",-114.375,33.125,-114.125,32.875,"64","43",0,0,
"3162",-114.375,32.875,-114.125,32.625,"65","43",0,0,
"3163",-114.375,32.625,-114.125,32.375,"66","43",0,0,
"3164",-114.375,32.375,-114.125,32.125,"67","43",0,0,
"3165",-114.375,32.125,-114.125,31.875,"68","43",0,0,
"3166",-114.375,31.875,-114.125,31.625,"69","43",0,0,
"3167",-114.375,31.625,-114.125,31.375,"70","43",0,0,
"3168",-114.375,31.375,-114.125,31.125,"71","43",0,0,
"3169",-114.125,49.125,-113.875,48.875,"0","44",0,0,
"3170",-114.125,48.875,-113.875,48.625,"1","44",0,0,
"3171",-114.125,48.625,-113.875,48.375,"2","44",0,0,
"3172",-114.125,48.375,-113.875,48.125,"3","44",0,0,
"3173",-114.125,48.125,-113.875,47.875,"4","44",0,0,
"3174",-114.125,47.875,-113.875,47.625,"5","44",0,0,
"3175",-114.125,47.625,-113.875,47.375,"6","44",0,0,
"3176",-114.125,47.375,-113.875,47.125,"7","44",21143,10187.6469463777,0.481844910673872
"3177",-114.125,47.125,-113.875,46.875,"8","44",72031,40004.0357419504,0.555372488816626
"3178",-114.125,46.875,-113.875,46.625,"9","44",56164,23354.4681755676,0.415826297549455
"3179",-114.125,46.625,-113.875,46.375,"10","44",48681,31206.711461473,0.641044996230007
"3180",-114.125,46.375,-113.875,46.125,"11","44",94244,55842.1292263932,0.592527155324405
"3181",-114.125,46.125,-113.875,45.875,"12","44",151727,108110.212262493,0.712531139892657
"3182",-114.125,45.875,-113.875,45.625,"13","44",134574,95355.2423771293,0.708571064077231
"3183",-114.125,45.625,-113.875,45.375,"14","44",114536,62826.2276533987,0.548528215176003
"3184",-114.125,45.375,-113.875,45.125,"15","44",60189,39027.365443361,0.648413587920734
"3185",-114.125,45.125,-113.875,44.875,"16","44",32934,15648.1355300766,0.475136197548933
"3186",-114.125,44.875,-113.875,44.625,"17","44",4697,1591.37212526146,0.338806073081001
"3187",-114.125,44.625,-113.875,44.375,"18","44",1514,440.743587000034,0.29111201254956
"3188",-114.125,44.375,-113.875,44.125,"19","44",2423,498.254397850018,0.205635327218332
"3189",-114.125,44.125,-113.875,43.875,"20","44",1925,445.731685989071,0.23154892778653
"3190",-114.125,43.875,-113.875,43.625,"21","44",12407,2414.02006822205,0.194569200308056
"3191",-114.125,43.625,-113.875,43.375,"22","44",2446,440.084401432687,0.179920033292186
"3192",-114.125,43.375,-113.875,43.125,"23","44",0,0,
"3193",-114.125,43.125,-113.875,42.875,"24","44",0,0,
"3194",-114.125,42.875,-113.875,42.625,"25","44",0,0,
"3195",-114.125,42.625,-113.875,42.375,"26","44",0,0,
"3196",-114.125,42.375,-113.875,42.125,"27","44",0,0,
"3197",-114.125,42.125,-113.875,41.875,"28","44",0,0,
"3198",-114.125,41.875,-113.875,41.625,"29","44",0,0,
"3199",-114.125,41.625,-113.875,41.375,"30","44",0,0,
"3200",-114.125,41.375,-113.875,41.125,"31","44",2732,2326.86470834911,0.851707433509923
"3201",-114.125,41.125,-113.875,40.875,"32","44",5913,6309.5582508482,1.06706549143382
"3202",-114.125,40.875,-113.875,40.625,"33","44",0,0,
"3203",-114.125,40.625,-113.875,40.375,"34","44",0,0,
"3204",-114.125,40.375,-113.875,40.125,"35","44",1290,614.793190353084,0.476583868490763
"3205",-114.125,40.125,-113.875,39.875,"36","44",47927,114986.738418393,2.39920584260214
"3206",-114.125,39.875,-113.875,39.625,"37","44",151998,365173.451818822,2.40248853155188
"3207",-114.125,39.625,-113.875,39.375,"38","44",1727,829.733542633243,0.480447911194698
"3208",-114.125,39.375,-113.875,39.125,"39","44",23362,37220.849098414,1.59322186021805
"3209",-114.125,39.125,-113.875,38.875,"40","44",131,143.569417446852,1.09594975150269
"3210",-114.125,38.875,-113.875,38.625,"41","44",677,502.646557576954,0.742461680320464
"3211",-114.125,38.625,-113.875,38.375,"42","44",16084,5099.25905033015,0.31703923466365
"3212",-114.125,38.375,-113.875,38.125,"43","44",50943,36663.8250166668,0.71970290357197
"3213",-114.125,38.125,-113.875,37.875,"44","44",54844,39933.0318469911,0.728120338541885
"3214",-114.125,37.875,-113.875,37.625,"45","44",1068,445.503094432876,0.417137728869734
"3215",-114.125,37.625,-113.875,37.375,"46","44",1031,272.265681490302,0.264079225499808
"3216",-114.125,37.375,-113.875,37.125,"47","44",96,14.9832646846771,0.15607567379872
"3217",-114.125,37.125,-113.875,36.875,"48","44",0,0,
"3218",-114.125,36.875,-113.875,36.625,"49","44",134,41.0640865042806,0.306448406748362
"3219",-114.125,36.625,-113.875,36.375,"50","44",10,1.63388499617577,0.163388499617577
"3220",-114.125,36.375,-113.875,36.125,"51","44",0,0,
"3221",-114.125,36.125,-113.875,35.875,"52","44",27,4.55264702439308,0.168616556459003
"3222",-114.125,35.875,-113.875,35.625,"53","44",0,0,
"3223",-114.125,35.625,-113.875,35.375,"54","44",0,0,
"3224",-114.125,35.375,-113.875,35.125,"55","44",0,0,
"3225",-114.125,35.125,-113.875,34.875,"56","44",25,4.08732888102531,0.163493155241013
"3226",-114.125,34.875,-113.875,34.625,"57","44",0,0,
"3227",-114.125,34.625,-113.875,34.375,"58","44",0,0,
"3228",-114.125,34.375,-113.875,34.125,"59","44",0,0,
"3229",-114.125,34.125,-113.875,33.875,"60","44",0,0,
"3230",-114.125,33.875,-113.875,33.625,"61","44",0,0,
"3231",-114.125,33.625,-113.875,33.375,"62","44",0,0,
"3232",-114.125,33.375,-113.875,33.125,"63","44",0,0,
"3233",-114.125,33.125,-113.875,32.875,"64","44",0,0,
"3234",-114.125,32.875,-113.875,32.625,"65","44",0,0,
"3235",-114.125,32.625,-113.875,32.375,"66","44",0,0,
"3236",-114.125,32.375,-113.875,32.125,"67","44",0,0,
"3237",-114.125,32.125,-113.875,31.875,"68","44",0,0,
"3238",-114.125,31.875,-113.875,31.625,"69","44",0,0,
"3239",-114.125,31.625,-113.875,31.375,"70","44",0,0,
"3240",-114.125,31.375,-113.875,31.125,"71","44",0,0,
"3241",-113.875,49.125,-113.625,48.875,"0","45",0,0,
"3242",-113.875,48.875,-113.625,48.625,"1","45",0,0,
"3243",-113.875,48.625,-113.625,48.375,"2","45",0,0,
"3244",-113.875,48.375,-113.625,48.125,"3","45",0,0,
"3245",-113.875,48.125,-113.625,47.875,"4","45",0,0,
"3246",-113.875,47.875,-113.625,47.625,"5","45",0,0,
"3247",-113.875,47.625,-113.625,47.375,"6","45",0,0,
"3248",-113.875,47.375,-113.625,47.125,"7","45",64026,45496.0096956031,0.710586475738029
"3249",-113.875,47.125,-113.625,46.875,"8","45",137015,82668.614412552,0.603354482447557
"3250",-113.875,46.875,-113.625,46.625,"9","45",148746,79386.9759838022,0.533708308013676
"3251",-113.875,46.625,-113.625,46.375,"10","45",180790,132890.897579716,0.735056682226427
"3252",-113.875,46.375,-113.625,46.125,"11","45",162080,144041.59381864,0.888706773313425
"3253",-113.875,46.125,-113.625,45.875,"12","45",208714,225042.579204383,1.0782342305949
"3254",-113.875,45.875,-113.625,45.625,"13","45",178449,180121.108235259,1.00937023034737
"3255",-113.875,45.625,-113.625,45.375,"14","45",142657,151095.647464035,1.05915340617029
"3256",-113.875,45.375,-113.625,45.125,"15","45",24295,10672.5606690699,0.439290416508332
"3257",-113.875,45.125,-113.625,44.875,"16","45",17496,6893.33288903351,0.393994792468765
"3258",-113.875,44.875,-113.625,44.625,"17","45",5008,1903.99805355186,0.380191304622974
"3259",-113.875,44.625,-113.625,44.375,"18","45",2934,1069.87987916224,0.364648902236619
"3260",-113.875,44.375,-113.625,44.125,"19","45",4937,1173.69736318736,0.237734932790634
"3261",-113.875,44.125,-113.625,43.875,"20","45",2274,489.600482698414,0.215303642347587
"3262",-113.875,43.875,-113.625,43.625,"21","45",3476,826.191257182712,0.237684481352909
"3263",-113.875,43.625,-113.625,43.375,"22","45",3209,682.291549067129,0.212618120619236
"3264",-113.875,43.375,-113.625,43.125,"23","45",0,0,
"3265",-113.875,43.125,-113.625,42.875,"24","45",0,0,
"3266",-113.875,42.875,-113.625,42.625,"25","45",0,0,
"3267",-113.875,42.625,-113.625,42.375,"26","45",0,0,
"3268",-113.875,42.375,-113.625,42.125,"27","45",0,0,
"3269",-113.875,42.125,-113.625,41.875,"28","45",0,0,
"3270",-113.875,41.875,-113.625,41.625,"29","45",0,0,
"3271",-113.875,41.625,-113.625,41.375,"30","45",0,0,
"3272",-113.875,41.375,-113.625,41.125,"31","45",0,0,
"3273",-113.875,41.125,-113.625,40.875,"32","45",17,42.8711383342743,2.52183166672202
"3274",-113.875,40.875,-113.625,40.625,"33","45",0,0,
"3275",-113.875,40.625,-113.625,40.375,"34","45",0,0,
"3276",-113.875,40.375,-113.625,40.125,"35","45",2678,1763.11650493252,0.658370614239179
"3277",-113.875,40.125,-113.625,39.875,"36","45",37286,76877.5551590286,2.0618343388679
"3278",-113.875,39.875,-113.625,39.625,"37","45",16065,31038.4288353235,1.93205283755515
"3279",-113.875,39.625,-113.625,39.375,"38","45",5,1.75086489319801,0.350172978639603
"3280",-113.875,39.375,-113.625,39.125,"39","45",2422,764.046898849308,0.315461147336626
"3281",-113.875,39.125,-113.625,38.875,"40","45",17,41.2547600269318,2.42675058981952
"3282",-113.875,38.875,-113.625,38.625,"41","45",115,34.1489304900169,0.296947221652321
"3283",-113.875,38.625,-113.625,38.375,"42","45",214,69.1766545921564,0.32325539529045
"3284",-113.875,38.375,-113.625,38.125,"43","45",50481,18719.5523350947,0.370823722491525
"3285",-113.875,38.125,-113.625,37.875,"44","45",13117,4373.53263235092,0.333424764225884
"3286",-113.875,37.875,-113.625,37.625,"45","45",0,0,
"3287",-113.875,37.625,-113.625,37.375,"46","45",211,49.5032385587692,0.234612505017864
"3288",-113.875,37.375,-113.625,37.125,"47","45",32,5.17795468866825,0.161811084020883
"3289",-113.875,37.125,-113.625,36.875,"48","45",41,7.18551808595657,0.175256538681868
"3290",-113.875,36.875,-113.625,36.625,"49","45",4151,2152.61726127096,0.518577995969878
"3291",-113.875,36.625,-113.625,36.375,"50","45",166,52.9827643265016,0.319173279075311
"3292",-113.875,36.375,-113.625,36.125,"51","45",99,16.3900614529848,0.165556176292776
"3293",-113.875,36.125,-113.625,35.875,"52","45",91,18.7261282803956,0.205781629454897
"3294",-113.875,35.875,-113.625,35.625,"53","45",29,5.63627532497048,0.194354321550706
"3295",-113.875,35.625,-113.625,35.375,"54","45",3,0.494403228163719,0.164801076054573
"3296",-113.875,35.375,-113.625,35.125,"55","45",0,0,
"3297",-113.875,35.125,-113.625,34.875,"56","45",0,0,
"3298",-113.875,34.875,-113.625,34.625,"57","45",0,0,
"3299",-113.875,34.625,-113.625,34.375,"58","45",0,0,
"3300",-113.875,34.375,-113.625,34.125,"59","45",0,0,
"3301",-113.875,34.125,-113.625,33.875,"60","45",0,0,
"3302",-113.875,33.875,-113.625,33.625,"61","45",0,0,
"3303",-113.875,33.625,-113.625,33.375,"62","45",0,0,
"3304",-113.875,33.375,-113.625,33.125,"63","45",0,0,
"3305",-113.875,33.125,-113.625,32.875,"64","45",0,0,
"3306",-113.875,32.875,-113.625,32.625,"65","45",0,0,
"3307",-113.875,32.625,-113.625,32.375,"66","45",0,0,
"3308",-113.875,32.375,-113.625,32.125,"67","45",0,0,
"3309",-113.875,32.125,-113.625,31.875,"68","45",0,0,
"3310",-113.875,31.875,-113.625,31.625,"69","45",0,0,
"3311",-113.875,31.625,-113.625,31.375,"70","45",0,0,
"3312",-113.875,31.375,-113.625,31.125,"71","45",0,0,
"3313",-113.625,49.125,-113.375,48.875,"0","46",0,0,
"3314",-113.625,48.875,-113.375,48.625,"1","46",0,0,
"3315",-113.625,48.625,-113.375,48.375,"2","46",0,0,
"3316",-113.625,48.375,-113.375,48.125,"3","46",0,0,
"3317",-113.625,48.125,-113.375,47.875,"4","46",0,0,
"3318",-113.625,47.875,-113.375,47.625,"5","46",0,0,
"3319",-113.625,47.625,-113.375,47.375,"6","46",0,0,
"3320",-113.625,47.375,-113.375,47.125,"7","46",174799,216878.513339642,1.24073085852689
"3321",-113.625,47.125,-113.375,46.875,"8","46",154297,100578.259095195,0.65184844225873
"3322",-113.625,46.875,-113.375,46.625,"9","46",162956,125498.922219978,0.770139928692272
"3323",-113.625,46.625,-113.375,46.375,"10","46",257268,267400.248482321,1.03938402165182
"3324",-113.625,46.375,-113.375,46.125,"11","46",143892,156405.708769188,1.08696597982645
"3325",-113.625,46.125,-113.375,45.875,"12","46",150899,171722.816516326,1.13799837319218
"3326",-113.625,45.875,-113.375,45.625,"13","46",86028,113599.957191007,1.32049980461021
"3327",-113.625,45.625,-113.375,45.375,"14","46",26547,34719.5895711949,1.3078536019586
"3328",-113.625,45.375,-113.375,45.125,"15","46",34274,37726.3594226714,1.10072823197384
"3329",-113.625,45.125,-113.375,44.875,"16","46",21540,8040.86462336103,0.373299193285099
"3330",-113.625,44.875,-113.375,44.625,"17","46",4736,1723.92309231003,0.364004031315462
"3331",-113.625,44.625,-113.375,44.375,"18","46",9992,3200.49417038431,0.320305661567685
"3332",-113.625,44.375,-113.375,44.125,"19","46",2020,496.634838955244,0.245858831165962
"3333",-113.625,44.125,-113.375,43.875,"20","46",3217,655.03409674405,0.203616442879717
"3334",-113.625,43.875,-113.375,43.625,"21","46",2257,1194.76850967854,0.529361324624964
"3335",-113.625,43.625,-113.375,43.375,"22","46",233,49.6506466455758,0.213092904058265
"3336",-113.625,43.375,-113.375,43.125,"23","46",0,0,
"3337",-113.625,43.125,-113.375,42.875,"24","46",0,0,
"3338",-113.625,42.875,-113.375,42.625,"25","46",0,0,
"3339",-113.625,42.625,-113.375,42.375,"26","46",0,0,
"3340",-113.625,42.375,-113.375,42.125,"27","46",0,0,
"3341",-113.625,42.125,-113.375,41.875,"28","46",0,0,
"3342",-113.625,41.875,-113.375,41.625,"29","46",0,0,
"3343",-113.625,41.625,-113.375,41.375,"30","46",0,0,
"3344",-113.625,41.375,-113.375,41.125,"31","46",0,0,
"3345",-113.625,41.125,-113.375,40.875,"32","46",0,0,
"3346",-113.625,40.875,-113.375,40.625,"33","46",0,0,
"3347",-113.625,40.625,-113.375,40.375,"34","46",0,0,
"3348",-113.625,40.375,-113.375,40.125,"35","46",0,0,
"3349",-113.625,40.125,-113.375,39.875,"36","46",0,0,
"3350",-113.625,39.875,-113.375,39.625,"37","46",444,728.309910669923,1.64033763664397
"3351",-113.625,39.625,-113.375,39.375,"38","46",0,0,
"3352",-113.625,39.375,-113.375,39.125,"39","46",9300,5076.98908761144,0.545912805119509
"3353",-113.625,39.125,-113.375,38.875,"40","46",6137,2814.61498022079,0.458630435101971
"3354",-113.625,38.875,-113.375,38.625,"41","46",579,306.280157707632,0.528981274106445
"3355",-113.625,38.625,-113.375,38.375,"42","46",18932,7981.93481014436,0.421610754814302
"3356",-113.625,38.375,-113.375,38.125,"43","46",29016,10660.8472602561,0.367412712305489
"3357",-113.625,38.125,-113.375,37.875,"44","46",1,0.998119294643402,0.998119294643402
"3358",-113.625,37.875,-113.375,37.625,"45","46",301,225.508070215583,0.749196246563398
"3359",-113.625,37.625,-113.375,37.375,"46","46",35996,16839.817852037,0.46782469863421
"3360",-113.625,37.375,-113.375,37.125,"47","46",49000,33247.2798561361,0.678515915431348
"3361",-113.625,37.125,-113.375,36.875,"48","46",0,0,
"3362",-113.625,36.875,-113.375,36.625,"49","46",3,0.174882490187883,0.0582941633959611
"3363",-113.625,36.625,-113.375,36.375,"50","46",83,18.2154249884188,0.219462951667697
"3364",-113.625,36.375,-113.375,36.125,"51","46",479,60.3059424236417,0.125899671030567
"3365",-113.625,36.125,-113.375,35.875,"52","46",985,174.008467258886,0.176658342394808
"3366",-113.625,35.875,-113.375,35.625,"53","46",169,42.0729619637132,0.248952437655108
"3367",-113.625,35.625,-113.375,35.375,"54","46",0,0,
"3368",-113.625,35.375,-113.375,35.125,"55","46",1,0.164801076054573,0.164801076054573
"3369",-113.625,35.125,-113.375,34.875,"56","46",0,0,
"3370",-113.625,34.875,-113.375,34.625,"57","46",0,0,
"3371",-113.625,34.625,-113.375,34.375,"58","46",0,0,
"3372",-113.625,34.375,-113.375,34.125,"59","46",0,0,
"3373",-113.625,34.125,-113.375,33.875,"60","46",0,0,
"3374",-113.625,33.875,-113.375,33.625,"61","46",0,0,
"3375",-113.625,33.625,-113.375,33.375,"62","46",0,0,
"3376",-113.625,33.375,-113.375,33.125,"63","46",0,0,
"3377",-113.625,33.125,-113.375,32.875,"64","46",0,0,
"3378",-113.625,32.875,-113.375,32.625,"65","46",0,0,
"3379",-113.625,32.625,-113.375,32.375,"66","46",0,0,
"3380",-113.625,32.375,-113.375,32.125,"67","46",0,0,
"3381",-113.625,32.125,-113.375,31.875,"68","46",0,0,
"3382",-113.625,31.875,-113.375,31.625,"69","46",0,0,
"3383",-113.625,31.625,-113.375,31.375,"70","46",0,0,
"3384",-113.625,31.375,-113.375,31.125,"71","46",0,0,
"3385",-113.375,49.125,-113.125,48.875,"0","47",0,0,
"3386",-113.375,48.875,-113.125,48.625,"1","47",43,40.4126620292664,0.939829349517822
"3387",-113.375,48.625,-113.125,48.375,"2","47",50,46.9914674758911,0.939829349517822
"3388",-113.375,48.375,-113.125,48.125,"3","47",0,0,
"3389",-113.375,48.125,-113.125,47.875,"4","47",0,0,
"3390",-113.375,47.875,-113.125,47.625,"5","47",0,0,
"3391",-113.375,47.625,-113.125,47.375,"6","47",0,0,
"3392",-113.375,47.375,-113.125,47.125,"7","47",106597,111575.708190545,1.04670589407342
"3393",-113.375,47.125,-113.125,46.875,"8","47",221168,245870.383124326,1.11169058419087
"3394",-113.375,46.875,-113.125,46.625,"9","47",132537,129160.564218539,0.974524579691246
"3395",-113.375,46.625,-113.125,46.375,"10","47",97715,100096.401570928,1.02437089055854
"3396",-113.375,46.375,-113.125,46.125,"11","47",104238,96150.5259756731,0.922413380683369
"3397",-113.375,46.125,-113.125,45.875,"12","47",106587,127984.568184694,1.20075213848493
"3398",-113.375,45.875,-113.125,45.625,"13","47",90468,78559.5900079199,0.868368815580314
"3399",-113.375,45.625,-113.125,45.375,"14","47",36185,29164.9419678905,0.805995356304837
"3400",-113.375,45.375,-113.125,45.125,"15","47",11241,6002.677123101,0.533998498630104
"3401",-113.375,45.125,-113.125,44.875,"16","47",4104,1353.52387178002,0.329806011642306
"3402",-113.375,44.875,-113.125,44.625,"17","47",12013,2865.54168725758,0.238536725818495
"3403",-113.375,44.625,-113.125,44.375,"18","47",3866,967.104622429877,0.250156394834422
"3404",-113.375,44.375,-113.125,44.125,"19","47",4258,852.96032170055,0.200319474330801
"3405",-113.375,44.125,-113.125,43.875,"20","47",4095,1011.81166498284,0.247084655673466
"3406",-113.375,43.875,-113.125,43.625,"21","47",5770,1496.76664567765,0.259404964588847
"3407",-113.375,43.625,-113.125,43.375,"22","47",0,0,
"3408",-113.375,43.375,-113.125,43.125,"23","47",0,0,
"3409",-113.375,43.125,-113.125,42.875,"24","47",0,0,
"3410",-113.375,42.875,-113.125,42.625,"25","47",0,0,
"3411",-113.375,42.625,-113.125,42.375,"26","47",0,0,
"3412",-113.375,42.375,-113.125,42.125,"27","47",0,0,
"3413",-113.375,42.125,-113.125,41.875,"28","47",0,0,
"3414",-113.375,41.875,-113.125,41.625,"29","47",0,0,
"3415",-113.375,41.625,-113.125,41.375,"30","47",8,6.0164287686348,0.75205359607935
"3416",-113.375,41.375,-113.125,41.125,"31","47",2,5.02441549301147,2.51220774650574
"3417",-113.375,41.125,-113.125,40.875,"32","47",0,0,
"3418",-113.375,40.875,-113.125,40.625,"33","47",0,0,
"3419",-113.375,40.625,-113.125,40.375,"34","47",0,0,
"3420",-113.375,40.375,-113.125,40.125,"35","47",11,24.5777824819088,2.23434386199171
"3421",-113.375,40.125,-113.125,39.875,"36","47",2,0.313646078109741,0.156823039054871
"3422",-113.375,39.875,-113.125,39.625,"37","47",2,5.06843948364258,2.53421974182129
"3423",-113.375,39.625,-113.125,39.375,"38","47",13155,6467.52843081066,0.491640321612365
"3424",-113.375,39.375,-113.125,39.125,"39","47",2134,960.53127796948,0.450108377680168
"3425",-113.375,39.125,-113.125,38.875,"40","47",53,125.39987654984,2.36603540660075
"3426",-113.375,38.875,-113.125,38.625,"41","47",2,0.653124868869781,0.326562434434891
"3427",-113.375,38.625,-113.125,38.375,"42","47",7459,3238.72608249448,0.434203791727374
"3428",-113.375,38.375,-113.125,38.125,"43","47",0,0,
"3429",-113.375,38.125,-113.125,37.875,"44","47",0,0,
"3430",-113.375,37.875,-113.125,37.625,"45","47",169,55.0285695455968,0.32561283754791
"3431",-113.375,37.625,-113.125,37.375,"46","47",61224,75513.8236615789,1.23340232035768
"3432",-113.375,37.375,-113.125,37.125,"47","47",1418,386.958730818849,0.272890501282686
"3433",-113.375,37.125,-113.125,36.875,"48","47",55,13.4319815086201,0.244217845611274
"3434",-113.375,36.875,-113.125,36.625,"49","47",0,0,
"3435",-113.375,36.625,-113.125,36.375,"50","47",6503,1204.5479459521,0.185229578033539
"3436",-113.375,36.375,-113.125,36.125,"51","47",11310,2983.4572630359,0.263789324760026
"3437",-113.375,36.125,-113.125,35.875,"52","47",7995,860.500644948985,0.10762984927442
"3438",-113.375,35.875,-113.125,35.625,"53","47",26873,2040.60252970246,0.0759350474343191
"3439",-113.375,35.625,-113.125,35.375,"54","47",3,0.494403228163719,0.164801076054573
"3440",-113.375,35.375,-113.125,35.125,"55","47",1,0.164801076054573,0.164801076054573
"3441",-113.375,35.125,-113.125,34.875,"56","47",1,0.164801076054573,0.164801076054573
"3442",-113.375,34.875,-113.125,34.625,"57","47",0,0,
"3443",-113.375,34.625,-113.125,34.375,"58","47",0,0,
"3444",-113.375,34.375,-113.125,34.125,"59","47",0,0,
"3445",-113.375,34.125,-113.125,33.875,"60","47",0,0,
"3446",-113.375,33.875,-113.125,33.625,"61","47",0,0,
"3447",-113.375,33.625,-113.125,33.375,"62","47",0,0,
"3448",-113.375,33.375,-113.125,33.125,"63","47",0,0,
"3449",-113.375,33.125,-113.125,32.875,"64","47",0,0,
"3450",-113.375,32.875,-113.125,32.625,"65","47",0,0,
"3451",-113.375,32.625,-113.125,32.375,"66","47",0,0,
"3452",-113.375,32.375,-113.125,32.125,"67","47",0,0,
"3453",-113.375,32.125,-113.125,31.875,"68","47",0,0,
"3454",-113.375,31.875,-113.125,31.625,"69","47",0,0,
"3455",-113.375,31.625,-113.125,31.375,"70","47",0,0,
"3456",-113.375,31.375,-113.125,31.125,"71","47",0,0,
"3457",-113.125,49.125,-112.875,48.875,"0","48",0,0,
"3458",-113.125,48.875,-112.875,48.625,"1","48",0,0,
"3459",-113.125,48.625,-112.875,48.375,"2","48",0,0,
"3460",-113.125,48.375,-112.875,48.125,"3","48",6,5.63897609710693,0.939829349517822
"3461",-113.125,48.125,-112.875,47.875,"4","48",0,0,
"3462",-113.125,47.875,-112.875,47.625,"5","48",0,0,
"3463",-113.125,47.625,-112.875,47.375,"6","48",0,0,
"3464",-113.125,47.375,-112.875,47.125,"7","48",85768,74002.5326544746,0.862822179069986
"3465",-113.125,47.125,-112.875,46.875,"8","48",130981,135618.407769765,1.03540519441572
"3466",-113.125,46.875,-112.875,46.625,"9","48",71155,58311.3403880728,0.819497440630635
"3467",-113.125,46.625,-112.875,46.375,"10","48",89329,81649.8189707817,0.914034848378261
"3468",-113.125,46.375,-112.875,46.125,"11","48",55616,43364.3710575391,0.779710354170367
"3469",-113.125,46.125,-112.875,45.875,"12","48",87935,80877.8373652073,0.919745691308436
"3470",-113.125,45.875,-112.875,45.625,"13","48",143933,109467.432189458,0.760544365708062
"3471",-113.125,45.625,-112.875,45.375,"14","48",46548,33893.7431404116,0.728146067294226
"3472",-113.125,45.375,-112.875,45.125,"15","48",15124,8110.52963388723,0.536268820013702
"3473",-113.125,45.125,-112.875,44.875,"16","48",7091,2092.61144990863,0.295108087703938
"3474",-113.125,44.875,-112.875,44.625,"17","48",12913,3034.52365906799,0.234997572916285
"3475",-113.125,44.625,-112.875,44.375,"18","48",1471,274.51022447116,0.186614700524242
"3476",-113.125,44.375,-112.875,44.125,"19","48",1910,357.857123436464,0.187359750490296
"3477",-113.125,44.125,-112.875,43.875,"20","48",9337,3030.57044253252,0.324576463803418
"3478",-113.125,43.875,-112.875,43.625,"21","48",1373,355.117652638583,0.258643592599113
"3479",-113.125,43.625,-112.875,43.375,"22","48",0,0,
"3480",-113.125,43.375,-112.875,43.125,"23","48",0,0,
"3481",-113.125,43.125,-112.875,42.875,"24","48",0,0,
"3482",-113.125,42.875,-112.875,42.625,"25","48",0,0,
"3483",-113.125,42.625,-112.875,42.375,"26","48",0,0,
"3484",-113.125,42.375,-112.875,42.125,"27","48",0,0,
"3485",-113.125,42.125,-112.875,41.875,"28","48",0,0,
"3486",-113.125,41.875,-112.875,41.625,"29","48",1,1.01150619983673,1.01150619983673
"3487",-113.125,41.625,-112.875,41.375,"30","48",1,2.53523850440979,2.53523850440979
"3488",-113.125,41.375,-112.875,41.125,"31","48",0,0,
"3489",-113.125,41.125,-112.875,40.875,"32","48",0,0,
"3490",-113.125,40.875,-112.875,40.625,"33","48",1,0.157687276601791,0.157687276601791
"3491",-113.125,40.625,-112.875,40.375,"34","48",263,90.9039822667837,0.345642518124653
"3492",-113.125,40.375,-112.875,40.125,"35","48",3,5.17186330258846,1.72395443419615
"3493",-113.125,40.125,-112.875,39.875,"36","48",0,0,
"3494",-113.125,39.875,-112.875,39.625,"37","48",0,0,
"3495",-113.125,39.625,-112.875,39.375,"38","48",0,0,
"3496",-113.125,39.375,-112.875,39.125,"39","48",0,0,
"3497",-113.125,39.125,-112.875,38.875,"40","48",4,0.951256856322289,0.237814214080572
"3498",-113.125,38.875,-112.875,38.625,"41","48",3,0.479205474257469,0.159735158085823
"3499",-113.125,38.625,-112.875,38.375,"42","48",1,2.53523850440979,2.53523850440979
"3500",-113.125,38.375,-112.875,38.125,"43","48",1300,766.89901512675,0.589922319328269
"3501",-113.125,38.125,-112.875,37.875,"44","48",328,483.497914381325,1.47407900726014
"3502",-113.125,37.875,-112.875,37.625,"45","48",167098,441519.637491915,2.64227960533289
"3503",-113.125,37.625,-112.875,37.375,"46","48",351565,916027.262842105,2.60557013025217
"3504",-113.125,37.375,-112.875,37.125,"47","48",60870,63709.4193061634,1.04664726969219
"3505",-113.125,37.125,-112.875,36.875,"48","48",10415,1865.95853122699,0.179160684707344
"3506",-113.125,36.875,-112.875,36.625,"49","48",0,0,
"3507",-113.125,36.625,-112.875,36.375,"50","48",1173,129.424807742471,0.110336579490598
"3508",-113.125,36.375,-112.875,36.125,"51","48",900,169.526920437813,0.188363244930903
"3509",-113.125,36.125,-112.875,35.875,"52","48",27983,2035.53399630266,0.0727418073938698
"3510",-113.125,35.875,-112.875,35.625,"53","48",27724,1839.49076708974,0.0663501214503584
"3511",-113.125,35.625,-112.875,35.375,"54","48",1,0.162446781992912,0.162446781992912
"3512",-113.125,35.375,-112.875,35.125,"55","48",0,0,
"3513",-113.125,35.125,-112.875,34.875,"56","48",15273,2287.16735920883,0.149752331513706
"3514",-113.125,34.875,-112.875,34.625,"57","48",25149,838.084832191594,0.0333247776130898
"3515",-113.125,34.625,-112.875,34.375,"58","48",4,0.042418260127306,0.0106045650318265
"3516",-113.125,34.375,-112.875,34.125,"59","48",0,0,
"3517",-113.125,34.125,-112.875,33.875,"60","48",0,0,
"3518",-113.125,33.875,-112.875,33.625,"61","48",0,0,
"3519",-113.125,33.625,-112.875,33.375,"62","48",0,0,
"3520",-113.125,33.375,-112.875,33.125,"63","48",0,0,
"3521",-113.125,33.125,-112.875,32.875,"64","48",0,0,
"3522",-113.125,32.875,-112.875,32.625,"65","48",0,0,
"3523",-113.125,32.625,-112.875,32.375,"66","48",0,0,
"3524",-113.125,32.375,-112.875,32.125,"67","48",0,0,
"3525",-113.125,32.125,-112.875,31.875,"68","48",0,0,
"3526",-113.125,31.875,-112.875,31.625,"69","48",0,0,
"3527",-113.125,31.625,-112.875,31.375,"70","48",0,0,
"3528",-113.125,31.375,-112.875,31.125,"71","48",0,0,
"3529",-112.875,49.125,-112.625,48.875,"0","49",0,0,
"3530",-112.875,48.875,-112.625,48.625,"1","49",0,0,
"3531",-112.875,48.625,-112.625,48.375,"2","49",0,0,
"3532",-112.875,48.375,-112.625,48.125,"3","49",60,56.3897609710693,0.939829349517822
"3533",-112.875,48.125,-112.625,47.875,"4","49",18,16.9169282913208,0.939829349517822
"3534",-112.875,47.875,-112.625,47.625,"5","49",61,57.3295903205872,0.939829349517822
"3535",-112.875,47.625,-112.625,47.375,"6","49",452,424.802865982056,0.939829349517822
"3536",-112.875,47.375,-112.625,47.125,"7","49",67625,53625.7823403489,0.792987539228819
"3537",-112.875,47.125,-112.625,46.875,"8","49",163000,152396.865774831,0.934950096778102
"3538",-112.875,46.875,-112.625,46.625,"9","49",118987,103170.508716172,0.867073787188283
"3539",-112.875,46.625,-112.625,46.375,"10","49",37357,31213.2471188489,0.835539446926918
"3540",-112.875,46.375,-112.625,46.125,"11","49",20533,16067.9942982998,0.782544893503133
"3541",-112.875,46.125,-112.625,45.875,"12","49",117348,82783.1615173962,0.70545012712101
"3542",-112.875,45.875,-112.625,45.625,"13","49",75743,43699.0135010462,0.576937981081371
"3543",-112.875,45.625,-112.625,45.375,"14","49",42334,21814.9052392678,0.515304607154244
"3544",-112.875,45.375,-112.625,45.125,"15","49",3886,1589.10762552638,0.408931452785995
"3545",-112.875,45.125,-112.625,44.875,"16","49",13711,4099.56880440601,0.298998527051711
"3546",-112.875,44.875,-112.625,44.625,"17","49",7981,1981.45605243987,0.248271651727837
"3547",-112.875,44.625,-112.625,44.375,"18","49",5933,1239.99683278461,0.208999971816048
"3548",-112.875,44.375,-112.625,44.125,"19","49",7346,1410.38816822902,0.191994033246532
"3549",-112.875,44.125,-112.625,43.875,"20","49",1473,479.110940314946,0.325262009718225
"3550",-112.875,43.875,-112.625,43.625,"21","49",0,0,
"3551",-112.875,43.625,-112.625,43.375,"22","49",0,0,
"3552",-112.875,43.375,-112.625,43.125,"23","49",0,0,
"3553",-112.875,43.125,-112.625,42.875,"24","49",0,0,
"3554",-112.875,42.875,-112.625,42.625,"25","49",0,0,
"3555",-112.875,42.625,-112.625,42.375,"26","49",0,0,
"3556",-112.875,42.375,-112.625,42.125,"27","49",0,0,
"3557",-112.875,42.125,-112.625,41.875,"28","49",0,0,
"3558",-112.875,41.875,-112.625,41.625,"29","49",1,2.53523850440979,2.53523850440979
"3559",-112.875,41.625,-112.625,41.375,"30","49",0,0,
"3560",-112.875,41.375,-112.625,41.125,"31","49",0,0,
"3561",-112.875,41.125,-112.625,40.875,"32","49",0,0,
"3562",-112.875,40.875,-112.625,40.625,"33","49",20,29.2958922982216,1.46479461491108
"3563",-112.875,40.625,-112.625,40.375,"34","49",5932,8103.64636419713,1.3660900816246
"3564",-112.875,40.375,-112.625,40.125,"35","49",1,0.159735158085823,0.159735158085823
"3565",-112.875,40.125,-112.625,39.875,"36","49",5651,2055.7127989307,0.363778587671333
"3566",-112.875,39.875,-112.625,39.625,"37","49",315,117.728523761034,0.373741345273124
"3567",-112.875,39.625,-112.625,39.375,"38","49",0,0,
"3568",-112.875,39.375,-112.625,39.125,"39","49",0,0,
"3569",-112.875,39.125,-112.625,38.875,"40","49",0,0,
"3570",-112.875,38.875,-112.625,38.625,"41","49",27,9.56756648421288,0.354354314230106
"3571",-112.875,38.625,-112.625,38.375,"42","49",14440,6116.61474328302,0.423588278620708
"3572",-112.875,38.375,-112.625,38.125,"43","49",6388,3662.24457892543,0.573300654183692
"3573",-112.875,38.125,-112.625,37.875,"44","49",67304,86773.0460873773,1.28927026755285
"3574",-112.875,37.875,-112.625,37.625,"45","49",338506,1153718.99056427,3.40826747698495
"3575",-112.875,37.625,-112.625,37.375,"46","49",427476,1236893.62418736,2.89348086018247
"3576",-112.875,37.375,-112.625,37.125,"47","49",57216,36772.2648135304,0.642691988491513
"3577",-112.875,37.125,-112.625,36.875,"48","49",6428,944.946503467047,0.147004745405577
"3578",-112.875,36.875,-112.625,36.625,"49","49",6,0.957707185298204,0.159617864216367
"3579",-112.875,36.625,-112.625,36.375,"50","49",344,67.3498294390738,0.195784387904284
"3580",-112.875,36.375,-112.625,36.125,"51","49",1212,249.023355163634,0.205464814491447
"3581",-112.875,36.125,-112.625,35.875,"52","49",72,9.77834897488356,0.135810402428938
"3582",-112.875,35.875,-112.625,35.625,"53","49",0,0,
"3583",-112.875,35.625,-112.625,35.375,"54","49",0,0,
"3584",-112.875,35.375,-112.625,35.125,"55","49",84,20.0248736138456,0.23839135254578
"3585",-112.875,35.125,-112.625,34.875,"56","49",1478,136.395120475187,0.092283572716635
"3586",-112.875,34.875,-112.625,34.625,"57","49",8082,211.648201574806,0.0261876022735469
"3587",-112.875,34.625,-112.625,34.375,"58","49",1447,53.1385899455054,0.036723282616106
"3588",-112.875,34.375,-112.625,34.125,"59","49",634,37.3992868342903,0.0589894114105524
"3589",-112.875,34.125,-112.625,33.875,"60","49",0,0,
"3590",-112.875,33.875,-112.625,33.625,"61","49",0,0,
"3591",-112.875,33.625,-112.625,33.375,"62","49",0,0,
"3592",-112.875,33.375,-112.625,33.125,"63","49",0,0,
"3593",-112.875,33.125,-112.625,32.875,"64","49",0,0,
"3594",-112.875,32.875,-112.625,32.625,"65","49",0,0,
"3595",-112.875,32.625,-112.625,32.375,"66","49",0,0,
"3596",-112.875,32.375,-112.625,32.125,"67","49",0,0,
"3597",-112.875,32.125,-112.625,31.875,"68","49",0,0,
"3598",-112.875,31.875,-112.625,31.625,"69","49",0,0,
"3599",-112.875,31.625,-112.625,31.375,"70","49",0,0,
"3600",-112.875,31.375,-112.625,31.125,"71","49",0,0,
"3601",-112.625,49.125,-112.375,48.875,"0","50",0,0,
"3602",-112.625,48.875,-112.375,48.625,"1","50",0,0,
"3603",-112.625,48.625,-112.375,48.375,"2","50",0,0,
"3604",-112.625,48.375,-112.375,48.125,"3","50",0,0,
"3605",-112.625,48.125,-112.375,47.875,"4","50",1,0.939829349517822,0.939829349517822
"3606",-112.625,47.875,-112.375,47.625,"5","50",0,0,
"3607",-112.625,47.625,-112.375,47.375,"6","50",4,3.75931739807129,0.939829349517822
"3608",-112.625,47.375,-112.375,47.125,"7","50",14051,8940.05979076767,0.636257902695016
"3609",-112.625,47.125,-112.375,46.875,"8","50",231276,210113.792212941,0.908498037898186
"3610",-112.625,46.875,-112.375,46.625,"9","50",199576,188105.649495347,0.942526403452054
"3611",-112.625,46.625,-112.375,46.375,"10","50",172826,186075.669524747,1.0766647930563
"3612",-112.625,46.375,-112.375,46.125,"11","50",194112,182100.196517589,0.938119212194964
"3613",-112.625,46.125,-112.375,45.875,"12","50",142325,106780.688246704,0.750259534492912
"3614",-112.625,45.875,-112.375,45.625,"13","50",123534,81773.7122899868,0.661953084090103
"3615",-112.625,45.625,-112.375,45.375,"14","50",2075,712.671057523636,0.343455931336692
"3616",-112.625,45.375,-112.375,45.125,"15","50",1367,514.804938487709,0.376594687993935
"3617",-112.625,45.125,-112.375,44.875,"16","50",16593,4406.58697379622,0.265569033556091
"3618",-112.625,44.875,-112.375,44.625,"17","50",849,269.997382991482,0.318018118953453
"3619",-112.625,44.625,-112.375,44.375,"18","50",8207,1445.82090782234,0.17616923453422
"3620",-112.625,44.375,-112.375,44.125,"19","50",374,139.624528191052,0.373327615484097
"3621",-112.625,44.125,-112.375,43.875,"20","50",0,0,
"3622",-112.625,43.875,-112.375,43.625,"21","50",0,0,
"3623",-112.625,43.625,-112.375,43.375,"22","50",0,0,
"3624",-112.625,43.375,-112.375,43.125,"23","50",0,0,
"3625",-112.625,43.125,-112.375,42.875,"24","50",52,29.5364832058549,0.568009292420286
"3626",-112.625,42.875,-112.375,42.625,"25","50",27776,57432.1148903796,2.06768846811562
"3627",-112.625,42.625,-112.375,42.375,"26","50",556,1588.48845333606,2.85699362110802
"3628",-112.625,42.375,-112.375,42.125,"27","50",0,0,
"3629",-112.625,42.125,-112.375,41.875,"28","50",0,0,
"3630",-112.625,41.875,-112.375,41.625,"29","50",0,0,
"3631",-112.625,41.625,-112.375,41.375,"30","50",16,6.04620016366243,0.377887510228902
"3632",-112.625,41.375,-112.375,41.125,"31","50",28,7.62267596274614,0.272238427240934
"3633",-112.625,41.125,-112.375,40.875,"32","50",0,0,
"3634",-112.625,40.875,-112.375,40.625,"33","50",905,735.151561146602,0.81232216701282
"3635",-112.625,40.625,-112.375,40.375,"34","50",28512,29640.5190313119,1.03958049352244
"3636",-112.625,40.375,-112.375,40.125,"35","50",6844,4699.84506010916,0.686710265942309
"3637",-112.625,40.125,-112.375,39.875,"36","50",10961,6909.61841459526,0.630382119751415
"3638",-112.625,39.875,-112.375,39.625,"37","50",6,2.61770594120026,0.436284323533376
"3639",-112.625,39.625,-112.375,39.375,"38","50",0,0,
"3640",-112.625,39.375,-112.375,39.125,"39","50",2,0.315374553203583,0.157687276601791
"3641",-112.625,39.125,-112.375,38.875,"40","50",49,33.689690425992,0.687544702571266
"3642",-112.625,38.875,-112.375,38.625,"41","50",115819,243383.475485698,2.10141233723049
"3643",-112.625,38.625,-112.375,38.375,"42","50",223909,536197.370789634,2.39471111384372
"3644",-112.625,38.375,-112.375,38.125,"43","50",304801,906068.457314658,2.97265578956322
"3645",-112.625,38.125,-112.375,37.875,"44","50",160056,237993.942809447,1.48694171295951
"3646",-112.625,37.875,-112.375,37.625,"45","50",187854,376745.204799319,2.00552133464988
"3647",-112.625,37.625,-112.375,37.375,"46","50",312694,529217.377908541,1.6924449394889
"3648",-112.625,37.375,-112.375,37.125,"47","50",27542,5390.03259363301,0.195702294446047
"3649",-112.625,37.125,-112.375,36.875,"48","50",1217,189.792477220006,0.155951090566973
"3650",-112.625,36.875,-112.375,36.625,"49","50",1255,195.642018374987,0.155890054482061
"3651",-112.625,36.625,-112.375,36.375,"50","50",55217,23903.9117060709,0.432908555446165
"3652",-112.625,36.375,-112.375,36.125,"51","50",16332,4580.05352533588,0.280434332925293
"3653",-112.625,36.125,-112.375,35.875,"52","50",952,150.462180882692,0.158048509330559
"3654",-112.625,35.875,-112.375,35.625,"53","50",0,0,
"3655",-112.625,35.625,-112.375,35.375,"54","50",17,2.5648414362222,0.150873025660129
"3656",-112.625,35.375,-112.375,35.125,"55","50",625,756.173432692769,1.20987749230843
"3657",-112.625,35.125,-112.375,34.875,"56","50",696,307.401832048781,0.441669298920663
"3658",-112.625,34.875,-112.375,34.625,"57","50",4293,462.558163880196,0.107747068222734
"3659",-112.625,34.625,-112.375,34.375,"58","50",114047,21582.5299268976,0.189242416958777
"3660",-112.625,34.375,-112.375,34.125,"59","50",36642,901.688796788816,0.024608067157601
"3661",-112.625,34.125,-112.375,33.875,"60","50",46,0.445969065651298,0.00969497968807169
"3662",-112.625,33.875,-112.375,33.625,"61","50",0,0,
"3663",-112.625,33.625,-112.375,33.375,"62","50",0,0,
"3664",-112.625,33.375,-112.375,33.125,"63","50",0,0,
"3665",-112.625,33.125,-112.375,32.875,"64","50",0,0,
"3666",-112.625,32.875,-112.375,32.625,"65","50",0,0,
"3667",-112.625,32.625,-112.375,32.375,"66","50",0,0,
"3668",-112.625,32.375,-112.375,32.125,"67","50",0,0,
"3669",-112.625,32.125,-112.375,31.875,"68","50",0,0,
"3670",-112.625,31.875,-112.375,31.625,"69","50",0,0,
"3671",-112.625,31.625,-112.375,31.375,"70","50",0,0,
"3672",-112.625,31.375,-112.375,31.125,"71","50",0,0,
"3673",-112.375,49.125,-112.125,48.875,"0","51",0,0,
"3674",-112.375,48.875,-112.125,48.625,"1","51",0,0,
"3675",-112.375,48.625,-112.125,48.375,"2","51",0,0,
"3676",-112.375,48.375,-112.125,48.125,"3","51",0,0,
"3677",-112.375,48.125,-112.125,47.875,"4","51",0,0,
"3678",-112.375,47.875,-112.125,47.625,"5","51",0,0,
"3679",-112.375,47.625,-112.125,47.375,"6","51",0,0,
"3680",-112.375,47.375,-112.125,47.125,"7","51",5044,2845.59457624902,0.564154356909004
"3681",-112.375,47.125,-112.125,46.875,"8","51",99141,46539.1021126495,0.469423367856381
"3682",-112.375,46.875,-112.125,46.625,"9","51",91211,90662.1570181751,0.993982710617964
"3683",-112.375,46.625,-112.125,46.375,"10","51",193353,189837.056706392,0.98181593617059
"3684",-112.375,46.375,-112.125,46.125,"11","51",212231,194297.038405355,0.915497916917676
"3685",-112.375,46.125,-112.125,45.875,"12","51",152142,133198.724858306,0.875489508868731
"3686",-112.375,45.875,-112.125,45.625,"13","51",25567,12645.9318096337,0.494619306513621
"3687",-112.375,45.625,-112.125,45.375,"14","51",11104,3143.30442899511,0.283078568893652
"3688",-112.375,45.375,-112.125,45.125,"15","51",40794,16283.0576068315,0.399153248194135
"3689",-112.375,45.125,-112.125,44.875,"16","51",1065,350.891216814402,0.32947532095249
"3690",-112.375,44.875,-112.125,44.625,"17","51",9630,2444.79967113058,0.25387327841439
"3691",-112.375,44.625,-112.125,44.375,"18","51",22653,5670.69827606605,0.25032879866093
"3692",-112.375,44.375,-112.125,44.125,"19","51",4254,1384.56761936549,0.325474287580041
"3693",-112.375,44.125,-112.125,43.875,"20","51",0,0,
"3694",-112.375,43.875,-112.125,43.625,"21","51",0,0,
"3695",-112.375,43.625,-112.125,43.375,"22","51",0,0,
"3696",-112.375,43.375,-112.125,43.125,"23","51",0,0,
"3697",-112.375,43.125,-112.125,42.875,"24","51",16560,22741.7735300769,1.37329550302397
"3698",-112.375,42.875,-112.125,42.625,"25","51",60346,138149.818489572,2.28929537151712
"3699",-112.375,42.625,-112.125,42.375,"26","51",18696,81184.3897002149,4.34234005670811
"3700",-112.375,42.375,-112.125,42.125,"27","51",44519,227503.787243243,5.11026274721451
"3701",-112.375,42.125,-112.125,41.875,"28","51",6789,15090.0218481669,2.2227164307213
"3702",-112.375,41.875,-112.125,41.625,"29","51",0,0,
"3703",-112.375,41.625,-112.125,41.375,"30","51",1,0.313776254653931,0.313776254653931
"3704",-112.375,41.375,-112.125,41.125,"31","51",6,5.74186778068542,0.956977963447571
"3705",-112.375,41.125,-112.125,40.875,"32","51",46,12.9762165397406,0.282091663907404
"3706",-112.375,40.875,-112.125,40.625,"33","51",8148,5705.54090548115,0.700238206367347
"3707",-112.375,40.625,-112.125,40.375,"34","51",70744,60466.5828597159,0.854723833253928
"3708",-112.375,40.375,-112.125,40.125,"35","51",14798,11956.9095027369,0.808008481060743
"3709",-112.375,40.125,-112.125,39.875,"36","51",16620,10138.7745605186,0.610034570428313
"3710",-112.375,39.875,-112.125,39.625,"37","51",147,78.4087752997875,0.533393029250255
"3711",-112.375,39.625,-112.125,39.375,"38","51",9364,6047.7999217324,0.645856463234985
"3712",-112.375,39.375,-112.125,39.125,"39","51",34181,34548.1278208236,1.01074069865784
"3713",-112.375,39.125,-112.125,38.875,"40","51",199847,537642.479018372,2.69027045198763
"3714",-112.375,38.875,-112.125,38.625,"41","51",219075,458281.054508178,2.09189115375181
"3715",-112.375,38.625,-112.125,38.375,"42","51",160991,370672.150863396,2.30244020388342
"3716",-112.375,38.375,-112.125,38.125,"43","51",163933,362299.58435721,2.2100466919852
"3717",-112.375,38.125,-112.125,37.875,"44","51",245583,585252.637262683,2.38311543251236
"3718",-112.375,37.875,-112.125,37.625,"45","51",238813,242348.942044144,1.01480632144876
"3719",-112.375,37.625,-112.125,37.375,"46","51",372545,902092.54879621,2.42143244117143
"3720",-112.375,37.375,-112.125,37.125,"47","51",11162,1727.57174462139,0.154772598514728
"3721",-112.375,37.125,-112.125,36.875,"48","51",1293,138.608160759322,0.107198886898161
"3722",-112.375,36.875,-112.125,36.625,"49","51",231033,233863.142092351,1.012249947377
"3723",-112.375,36.625,-112.125,36.375,"50","51",567198,1105931.22181912,1.94981509423362
"3724",-112.375,36.375,-112.125,36.125,"51","51",253674,362292.053053642,1.42817968358461
"3725",-112.375,36.125,-112.125,35.875,"52","51",17834,3832.75891563536,0.214913026557999
"3726",-112.375,35.875,-112.125,35.625,"53","51",46,6.95260408893228,0.151143567150702
"3727",-112.375,35.625,-112.125,35.375,"54","51",291,342.527460296638,1.17707031029773
"3728",-112.375,35.375,-112.125,35.125,"55","51",108412,116642.267914808,1.07591657671483
"3729",-112.375,35.125,-112.125,34.875,"56","51",26179,12507.2903277233,0.477760431174734
"3730",-112.375,34.875,-112.125,34.625,"57","51",46008,54443.3045934766,1.18334430084934
"3731",-112.375,34.625,-112.125,34.375,"58","51",25233,4267.60092992218,0.16912776641391
"3732",-112.375,34.375,-112.125,34.125,"59","51",45057,6426.62027291319,0.142633115229891
"3733",-112.375,34.125,-112.125,33.875,"60","51",32,0.311112398747355,0.00972226246085484
"3734",-112.375,33.875,-112.125,33.625,"61","51",0,0,
"3735",-112.375,33.625,-112.125,33.375,"62","51",0,0,
"3736",-112.375,33.375,-112.125,33.125,"63","51",0,0,
"3737",-112.375,33.125,-112.125,32.875,"64","51",0,0,
"3738",-112.375,32.875,-112.125,32.625,"65","51",0,0,
"3739",-112.375,32.625,-112.125,32.375,"66","51",0,0,
"3740",-112.375,32.375,-112.125,32.125,"67","51",0,0,
"3741",-112.375,32.125,-112.125,31.875,"68","51",0,0,
"3742",-112.375,31.875,-112.125,31.625,"69","51",0,0,
"3743",-112.375,31.625,-112.125,31.375,"70","51",0,0,
"3744",-112.375,31.375,-112.125,31.125,"71","51",0,0,
"3745",-112.125,49.125,-111.875,48.875,"0","52",0,0,
"3746",-112.125,48.875,-111.875,48.625,"1","52",0,0,
"3747",-112.125,48.625,-111.875,48.375,"2","52",0,0,
"3748",-112.125,48.375,-111.875,48.125,"3","52",0,0,
"3749",-112.125,48.125,-111.875,47.875,"4","52",0,0,
"3750",-112.125,47.875,-111.875,47.625,"5","52",0,0,
"3751",-112.125,47.625,-111.875,47.375,"6","52",0,0,
"3752",-112.125,47.375,-111.875,47.125,"7","52",5577,1957.95682831436,0.351077071600209
"3753",-112.125,47.125,-111.875,46.875,"8","52",21855,6822.93565645742,0.312191061837448
"3754",-112.125,46.875,-111.875,46.625,"9","52",6460,1842.73538259498,0.285253155200461
"3755",-112.125,46.625,-111.875,46.375,"10","52",74485,48828.2446370182,0.65554466855096
"3756",-112.125,46.375,-111.875,46.125,"11","52",121955,107508.136143955,0.88153938865938
"3757",-112.125,46.125,-111.875,45.875,"12","52",41231,24977.3760047943,0.605791176658201
"3758",-112.125,45.875,-111.875,45.625,"13","52",74116,27051.6993315323,0.364991355868265
"3759",-112.125,45.625,-111.875,45.375,"14","52",67249,27263.7767889601,0.405415348762958
"3760",-112.125,45.375,-111.875,45.125,"15","52",73559,26552.7875509724,0.360972655296733
"3761",-112.125,45.125,-111.875,44.875,"16","52",55771,21245.8269645836,0.380947570683394
"3762",-112.125,44.875,-111.875,44.625,"17","52",7737,1761.07384051518,0.227617143662296
"3763",-112.125,44.625,-111.875,44.375,"18","52",47322,15354.4259086768,0.324466969035053
"3764",-112.125,44.375,-111.875,44.125,"19","52",129,37.9631577967666,0.294288044936175
"3765",-112.125,44.125,-111.875,43.875,"20","52",0,0,
"3766",-112.125,43.875,-111.875,43.625,"21","52",0,0,
"3767",-112.125,43.625,-111.875,43.375,"22","52",0,0,
"3768",-112.125,43.375,-111.875,43.125,"23","52",0,0,
"3769",-112.125,43.125,-111.875,42.875,"24","52",11767,18964.734845456,1.61168818266814
"3770",-112.125,42.875,-111.875,42.625,"25","52",88782,200802.132971199,2.26174374277668
"3771",-112.125,42.625,-111.875,42.375,"26","52",151923,537450.370924609,3.53764980236442
"3772",-112.125,42.375,-111.875,42.125,"27","52",33872,141854.951498346,4.1879709346465
"3773",-112.125,42.125,-111.875,41.875,"28","52",6461,17682.4436178822,2.7367967215419
"3774",-112.125,41.875,-111.875,41.625,"29","52",28622,75220.7491599681,2.62807452868312
"3775",-112.125,41.625,-111.875,41.375,"30","52",73360,189779.779173872,2.58696536496554
"3776",-112.125,41.375,-111.875,41.125,"31","52",60077,189882.751111079,3.16065634287796
"3777",-112.125,41.125,-111.875,40.875,"32","52",13273,35128.3208526159,2.64659992862321
"3778",-112.125,40.875,-111.875,40.625,"33","52",176,66.9704075833433,0.380513679450814
"3779",-112.125,40.625,-111.875,40.375,"34","52",531,258.503708191216,0.48682430921133
"3780",-112.125,40.375,-111.875,40.125,"35","52",1335,1339.15828480292,1.00311482007709
"3781",-112.125,40.125,-111.875,39.875,"36","52",1756,1137.52766708285,0.647794799022122
"3782",-112.125,39.875,-111.875,39.625,"37","52",1022,685.788416692987,0.671025848036191
"3783",-112.125,39.625,-111.875,39.375,"38","52",267,383.990459788591,1.43816651606214
"3784",-112.125,39.375,-111.875,39.125,"39","52",38779,73398.2846093539,1.89273278344862
"3785",-112.125,39.125,-111.875,38.875,"40","52",109636,248651.580068534,2.26797384133436
"3786",-112.125,38.875,-111.875,38.625,"41","52",100576,285109.692632827,2.83476865885328
"3787",-112.125,38.625,-111.875,38.375,"42","52",246254,780839.818546569,3.17087161445731
"3788",-112.125,38.375,-111.875,38.125,"43","52",115417,195122.934521904,1.69059093999934
"3789",-112.125,38.125,-111.875,37.875,"44","52",189309,340186.576306108,1.79699103743672
"3790",-112.125,37.875,-111.875,37.625,"45","52",259466,432096.146733146,1.66532858537591
"3791",-112.125,37.625,-111.875,37.375,"46","52",17424,2445.11033795879,0.140330023987534
"3792",-112.125,37.375,-111.875,37.125,"47","52",7478,807.255433035723,0.107950713163376
"3793",-112.125,37.125,-111.875,36.875,"48","52",2581,253.305107988417,0.0981422347882283
"3794",-112.125,36.875,-111.875,36.625,"49","52",11883,1518.67546414607,0.127802361705468
"3795",-112.125,36.625,-111.875,36.375,"50","52",153224,245467.490894616,1.60201724856821
"3796",-112.125,36.375,-111.875,36.125,"51","52",330657,499096.65154193,1.50940899948264
"3797",-112.125,36.125,-111.875,35.875,"52","52",134666,24562.4685622754,0.182395471479627
"3798",-112.125,35.875,-111.875,35.625,"53","52",16353,1319.74844132055,0.0807037510744544
"3799",-112.125,35.625,-111.875,35.375,"54","52",58551,58024.824781408,0.991013386302677
"3800",-112.125,35.375,-111.875,35.125,"55","52",187468,133031.719482137,0.709623613001348
"3801",-112.125,35.125,-111.875,34.875,"56","52",164195,90975.6997539007,0.554071072529009
"3802",-112.125,34.875,-111.875,34.625,"57","52",21217,20049.5813814311,0.944977206081497
"3803",-112.125,34.625,-111.875,34.375,"58","52",24496,685.073408987966,0.0279667459580326
"3804",-112.125,34.375,-111.875,34.125,"59","52",391,3.96605364081915,0.0101433596951897
"3805",-112.125,34.125,-111.875,33.875,"60","52",54,0.49331984273158,0.00913555264317741
"3806",-112.125,33.875,-111.875,33.625,"61","52",0,0,
"3807",-112.125,33.625,-111.875,33.375,"62","52",0,0,
"3808",-112.125,33.375,-111.875,33.125,"63","52",0,0,
"3809",-112.125,33.125,-111.875,32.875,"64","52",0,0,
"3810",-112.125,32.875,-111.875,32.625,"65","52",0,0,
"3811",-112.125,32.625,-111.875,32.375,"66","52",0,0,
"3812",-112.125,32.375,-111.875,32.125,"67","52",0,0,
"3813",-112.125,32.125,-111.875,31.875,"68","52",0,0,
"3814",-112.125,31.875,-111.875,31.625,"69","52",0,0,
"3815",-112.125,31.625,-111.875,31.375,"70","52",0,0,
"3816",-112.125,31.375,-111.875,31.125,"71","52",0,0,
"3817",-111.875,49.125,-111.625,48.875,"0","53",0,0,
"3818",-111.875,48.875,-111.625,48.625,"1","53",0,0,
"3819",-111.875,48.625,-111.625,48.375,"2","53",0,0,
"3820",-111.875,48.375,-111.625,48.125,"3","53",0,0,
"3821",-111.875,48.125,-111.625,47.875,"4","53",0,0,
"3822",-111.875,47.875,-111.625,47.625,"5","53",0,0,
"3823",-111.875,47.625,-111.625,47.375,"6","53",0,0,
"3824",-111.875,47.375,-111.625,47.125,"7","53",15042,6204.66131929202,0.412489118421222
"3825",-111.875,47.125,-111.625,46.875,"8","53",103496,52300.8829753123,0.50534207095262
"3826",-111.875,46.875,-111.625,46.625,"9","53",88860,58157.3958292516,0.654483410187391
"3827",-111.875,46.625,-111.625,46.375,"10","53",53562,38282.7169812907,0.71473651060996
"3828",-111.875,46.375,-111.625,46.125,"11","53",92703,80120.1637614121,0.864267216394422
"3829",-111.875,46.125,-111.625,45.875,"12","53",2534,886.226534721092,0.349734228382436
"3830",-111.875,45.875,-111.625,45.625,"13","53",4115,1315.77244161724,0.319750289578917
"3831",-111.875,45.625,-111.625,45.375,"14","53",40986,21045.7502833163,0.51348631931187
"3832",-111.875,45.375,-111.625,45.125,"15","53",12909,6081.54788260227,0.471109139561722
"3833",-111.875,45.125,-111.625,44.875,"16","53",55264,22652.0526750053,0.409888040587096
"3834",-111.875,44.875,-111.625,44.625,"17","53",19891,5875.38233940426,0.295378932150433
"3835",-111.875,44.625,-111.625,44.375,"18","53",24216,7316.76926121014,0.302146071242572
"3836",-111.875,44.375,-111.625,44.125,"19","53",14429,7083.00108871008,0.490886484767488
"3837",-111.875,44.125,-111.625,43.875,"20","53",0,0,
"3838",-111.875,43.875,-111.625,43.625,"21","53",1799,2128.15593522568,1.18296605626775
"3839",-111.875,43.625,-111.625,43.375,"22","53",963,548.420108349121,0.569491285928474
"3840",-111.875,43.375,-111.625,43.125,"23","53",4735,4423.91140000651,0.934300190075293
"3841",-111.875,43.125,-111.625,42.875,"24","53",0,0,
"3842",-111.875,42.875,-111.625,42.625,"25","53",2033,3272.16565821809,1.60952565578853
"3843",-111.875,42.625,-111.625,42.375,"26","53",57581,157443.643068273,2.73429851979425
"3844",-111.875,42.375,-111.625,42.125,"27","53",55203,106702.957112974,1.93291953540521
"3845",-111.875,42.125,-111.625,41.875,"28","53",91437,184198.800775635,2.01448867280899
"3846",-111.875,41.875,-111.625,41.625,"29","53",127198,365300.600621565,2.87190522352211
"3847",-111.875,41.625,-111.625,41.375,"30","53",132435,317918.621422854,2.40056345696269
"3848",-111.875,41.375,-111.625,41.125,"31","53",106522,221126.287205257,2.07587434713259
"3849",-111.875,41.125,-111.625,40.875,"32","53",205708,555293.32982966,2.69942505799318
"3850",-111.875,40.875,-111.625,40.625,"33","53",258742,900673.546175905,3.48097157081535
"3851",-111.875,40.625,-111.625,40.375,"34","53",170256,620155.908387471,3.64249076912103
"3852",-111.875,40.375,-111.625,40.125,"35","53",10402,21238.4815945466,2.04176904389027
"3853",-111.875,40.125,-111.625,39.875,"36","53",100722,391967.895322725,3.89158173311417
"3854",-111.875,39.875,-111.625,39.625,"37","53",183575,500840.58110799,2.72826137060052
"3855",-111.875,39.625,-111.625,39.375,"38","53",223065,449434.514675177,2.01481413343723
"3856",-111.875,39.375,-111.625,39.125,"39","53",54315,92476.9573141538,1.70260438763056
"3857",-111.875,39.125,-111.625,38.875,"40","53",128839,303193.782069933,2.35327643081623
"3858",-111.875,38.875,-111.625,38.625,"41","53",222387,470047.887850356,2.11364822516764
"3859",-111.875,38.625,-111.625,38.375,"42","53",140825,451010.54157981,3.20263122016553
"3860",-111.875,38.375,-111.625,38.125,"43","53",23899,57834.6066775486,2.4199592735072
"3861",-111.875,38.125,-111.625,37.875,"44","53",327144,826653.534980798,2.52687970734844
"3862",-111.875,37.875,-111.625,37.625,"45","53",210466,218894.583340209,1.04004724440152
"3863",-111.875,37.625,-111.625,37.375,"46","53",76509,68438.0693790332,0.89451004952402
"3864",-111.875,37.375,-111.625,37.125,"47","53",1510,153.686449483037,0.101779105617905
"3865",-111.875,37.125,-111.625,36.875,"48","53",1223,143.723069495987,0.117516818884699
"3866",-111.875,36.875,-111.625,36.625,"49","53",2251,240.127581648529,0.106675958084642
"3867",-111.875,36.625,-111.625,36.375,"50","53",865,139.467311928514,0.16123388662256
"3868",-111.875,36.375,-111.625,36.125,"51","53",1856,257.615380018018,0.138801390095915
"3869",-111.875,36.125,-111.625,35.875,"52","53",34717,4960.26033489336,0.142876986343675
"3870",-111.875,35.875,-111.625,35.625,"53","53",10594,826.828615808859,0.0780468770822031
"3871",-111.875,35.625,-111.625,35.375,"54","53",140337,213656.232517877,1.52245118905119
"3872",-111.875,35.375,-111.625,35.125,"55","53",361507,464992.410790522,1.28626115342309
"3873",-111.875,35.125,-111.625,34.875,"56","53",362975,212939.237240958,0.586649871867094
"3874",-111.875,34.875,-111.625,34.625,"57","53",29125,8885.76136209888,0.305090518870348
"3875",-111.875,34.625,-111.625,34.375,"58","53",7722,771.111172947596,0.0998589967557104
"3876",-111.875,34.375,-111.625,34.125,"59","53",34696,2810.82083657414,0.081012820975736
"3877",-111.875,34.125,-111.625,33.875,"60","53",0,0,
"3878",-111.875,33.875,-111.625,33.625,"61","53",0,0,
"3879",-111.875,33.625,-111.625,33.375,"62","53",0,0,
"3880",-111.875,33.375,-111.625,33.125,"63","53",0,0,
"3881",-111.875,33.125,-111.625,32.875,"64","53",0,0,
"3882",-111.875,32.875,-111.625,32.625,"65","53",0,0,
"3883",-111.875,32.625,-111.625,32.375,"66","53",0,0,
"3884",-111.875,32.375,-111.625,32.125,"67","53",0,0,
"3885",-111.875,32.125,-111.625,31.875,"68","53",0,0,
"3886",-111.875,31.875,-111.625,31.625,"69","53",0,0,
"3887",-111.875,31.625,-111.625,31.375,"70","53",0,0,
"3888",-111.875,31.375,-111.625,31.125,"71","53",0,0,
"3889",-111.625,49.125,-111.375,48.875,"0","54",32,30.0745391845703,0.939829349517822
"3890",-111.625,48.875,-111.375,48.625,"1","54",0,0,
"3891",-111.625,48.625,-111.375,48.375,"2","54",0,0,
"3892",-111.625,48.375,-111.375,48.125,"3","54",0,0,
"3893",-111.625,48.125,-111.375,47.875,"4","54",0,0,
"3894",-111.625,47.875,-111.375,47.625,"5","54",0,0,
"3895",-111.625,47.625,-111.375,47.375,"6","54",0,0,
"3896",-111.625,47.375,-111.375,47.125,"7","54",150,50.4884239723906,0.336589493149271
"3897",-111.625,47.125,-111.375,46.875,"8","54",20643,11159.8493491377,0.540611798146477
"3898",-111.625,46.875,-111.375,46.625,"9","54",93644,61157.9998578132,0.653090426058404
"3899",-111.625,46.625,-111.375,46.375,"10","54",29758,14721.8323318266,0.494718473413084
"3900",-111.625,46.375,-111.375,46.125,"11","54",449,163.86448992294,0.36495432054107
"3901",-111.625,46.125,-111.375,45.875,"12","54",114,33.0399146699347,0.289823812894164
"3902",-111.625,45.875,-111.375,45.625,"13","54",389,257.911605462199,0.663011839234445
"3903",-111.625,45.625,-111.375,45.375,"14","54",68299,52499.8236896837,0.768676315754019
"3904",-111.625,45.375,-111.375,45.125,"15","54",60425,35065.3039856224,0.580311195459204
"3905",-111.625,45.125,-111.375,44.875,"16","54",45909,28560.50035741,0.622111140678516
"3906",-111.625,44.875,-111.375,44.625,"17","54",29479,13778.4221549125,0.467397881709438
"3907",-111.625,44.625,-111.375,44.375,"18","54",46634,19512.4750866365,0.418417358293017
"3908",-111.625,44.375,-111.375,44.125,"19","54",137504,54229.122824031,0.394382147603204
"3909",-111.625,44.125,-111.375,43.875,"20","54",496,316.779200914199,0.638667743778628
"3910",-111.625,43.875,-111.375,43.625,"21","54",83887,78386.9340781695,0.934434823967594
"3911",-111.625,43.625,-111.375,43.375,"22","54",84603,101333.164888484,1.1977490737738
"3912",-111.625,43.375,-111.375,43.125,"23","54",40100,32352.8206391013,0.80680350720951
"3913",-111.625,43.125,-111.375,42.875,"24","54",12778,13092.6757226021,1.02462636739725
"3914",-111.625,42.875,-111.375,42.625,"25","54",25171,36490.8164012439,1.44971659454308
"3915",-111.625,42.625,-111.375,42.375,"26","54",131202,208075.201671827,1.5859148616014
"3916",-111.625,42.375,-111.375,42.125,"27","54",93552,122436.552567956,1.30875398246918
"3917",-111.625,42.125,-111.375,41.875,"28","54",113108,138816.480545361,1.22729144309298
"3918",-111.625,41.875,-111.375,41.625,"29","54",95088,147942.729080309,1.55585067600863
"3919",-111.625,41.625,-111.375,41.375,"30","54",76414,97607.8216822294,1.27735521870638
"3920",-111.625,41.375,-111.375,41.125,"31","54",101087,146811.976363846,1.45233290496153
"3921",-111.625,41.125,-111.375,40.875,"32","54",84246,127999.382884571,1.5193526444528
"3922",-111.625,40.875,-111.375,40.625,"33","54",149939,384350.601941613,2.56337978739096
"3923",-111.625,40.625,-111.375,40.375,"34","54",164197,327779.062708634,1.99625488107964
"3924",-111.625,40.375,-111.375,40.125,"35","54",255615,662578.920215366,2.59209717823823
"3925",-111.625,40.125,-111.375,39.875,"36","54",173025,446042.706425331,2.57790900982708
"3926",-111.625,39.875,-111.375,39.625,"37","54",141608,336613.697955372,2.37708108267451
"3927",-111.625,39.625,-111.375,39.375,"38","54",118882,310979.743481891,2.61586904225947
"3928",-111.625,39.375,-111.375,39.125,"39","54",253344,667465.268699744,2.63462039242983
"3929",-111.625,39.125,-111.375,38.875,"40","54",286097,713529.947951515,2.49401408596216
"3930",-111.625,38.875,-111.375,38.625,"41","54",287224,587581.733373403,2.04572644825433
"3931",-111.625,38.625,-111.375,38.375,"42","54",209828,381598.804276779,1.8186267050955
"3932",-111.625,38.375,-111.375,38.125,"43","54",154412,247577.611984942,1.60335732964369
"3933",-111.625,38.125,-111.375,37.875,"44","54",207445,425514.452358525,2.05121575530152
"3934",-111.625,37.875,-111.375,37.625,"45","54",10976,1601.9635899493,0.145951493253398
"3935",-111.625,37.625,-111.375,37.375,"46","54",21962,2367.10337028181,0.107781776262718
"3936",-111.625,37.375,-111.375,37.125,"47","54",334,33.1883595362306,0.099366345916858
"3937",-111.625,37.125,-111.375,36.875,"48","54",4,0.912912607192993,0.228228151798248
"3938",-111.625,36.875,-111.375,36.625,"49","54",106,9.92825294099748,0.0936627635943159
"3939",-111.625,36.625,-111.375,36.375,"50","54",292,30.8433168837801,0.105627797547192
"3940",-111.625,36.375,-111.375,36.125,"51","54",127,13.7403214424849,0.108191507421141
"3941",-111.625,36.125,-111.375,35.875,"52","54",2189,222.191800300963,0.10150379182319
"3942",-111.625,35.875,-111.375,35.625,"53","54",436,41.7413483634591,0.0957370375308695
"3943",-111.625,35.625,-111.375,35.375,"54","54",11341,13741.5598192613,1.2116709125528
"3944",-111.625,35.375,-111.375,35.125,"55","54",97036,104123.775845038,1.07304274542477
"3945",-111.625,35.125,-111.375,34.875,"56","54",312107,282266.708910124,0.904390830420734
"3946",-111.625,34.875,-111.375,34.625,"57","54",341799,328264.933345834,0.960403434023605
"3947",-111.625,34.625,-111.375,34.375,"58","54",227851,166490.020559889,0.730696905257772
"3948",-111.625,34.375,-111.375,34.125,"59","54",79814,6316.99272393164,0.0791464244860757
"3949",-111.625,34.125,-111.375,33.875,"60","54",62953,21520.7430011239,0.341854129288897
"3950",-111.625,33.875,-111.375,33.625,"61","54",7579,94.5608283935871,0.0124766893249224
"3951",-111.625,33.625,-111.375,33.375,"62","54",0,0,
"3952",-111.625,33.375,-111.375,33.125,"63","54",0,0,
"3953",-111.625,33.125,-111.375,32.875,"64","54",0,0,
"3954",-111.625,32.875,-111.375,32.625,"65","54",0,0,
"3955",-111.625,32.625,-111.375,32.375,"66","54",0,0,
"3956",-111.625,32.375,-111.375,32.125,"67","54",0,0,
"3957",-111.625,32.125,-111.375,31.875,"68","54",1,0.162446781992912,0.162446781992912
"3958",-111.625,31.875,-111.375,31.625,"69","54",0,0,
"3959",-111.625,31.625,-111.375,31.375,"70","54",0,0,
"3960",-111.625,31.375,-111.375,31.125,"71","54",0,0,
"3961",-111.375,49.125,-111.125,48.875,"0","55",3,2.81948804855347,0.939829349517822
"3962",-111.375,48.875,-111.125,48.625,"1","55",153,143.793890476227,0.939829349517822
"3963",-111.375,48.625,-111.125,48.375,"2","55",0,0,
"3964",-111.375,48.375,-111.125,48.125,"3","55",0,0,
"3965",-111.375,48.125,-111.125,47.875,"4","55",0,0,
"3966",-111.375,47.875,-111.125,47.625,"5","55",0,0,
"3967",-111.375,47.625,-111.125,47.375,"6","55",0,0,
"3968",-111.375,47.375,-111.125,47.125,"7","55",5397,3394.87316102564,0.629029675935823
"3969",-111.375,47.125,-111.125,46.875,"8","55",106818,66093.196903806,0.618745875262653
"3970",-111.375,46.875,-111.125,46.625,"9","55",35093,16035.5228336067,0.456943630741365
"3971",-111.375,46.625,-111.125,46.375,"10","55",105255,55853.7892447548,0.530652123364732
"3972",-111.375,46.375,-111.125,46.125,"11","55",49039,29812.475971512,0.607934011124044
"3973",-111.375,46.125,-111.125,45.875,"12","55",15595,7554.67761275635,0.484429471802267
"3974",-111.375,45.875,-111.125,45.625,"13","55",141,65.9838290797779,0.467970419005517
"3975",-111.375,45.625,-111.125,45.375,"14","55",29579,13317.5047244953,0.450235123719373
"3976",-111.375,45.375,-111.125,45.125,"15","55",72437,36816.6100292229,0.50825696852745
"3977",-111.375,45.125,-111.125,44.875,"16","55",32026,14486.2867368029,0.452328943258692
"3978",-111.375,44.875,-111.125,44.625,"17","55",60555,14815.9294294893,0.244668969193118
"3979",-111.375,44.625,-111.125,44.375,"18","55",68985,16287.8465690633,0.23610707500273
"3980",-111.375,44.375,-111.125,44.125,"19","55",105375,29966.6645642684,0.284381158379771
"3981",-111.375,44.125,-111.125,43.875,"20","55",27642,10954.473974951,0.39629816854609
"3982",-111.375,43.875,-111.125,43.625,"21","55",62856,40657.1544405747,0.646830126647809
"3983",-111.375,43.625,-111.125,43.375,"22","55",125648,147293.261936066,1.17226905271923
"3984",-111.375,43.375,-111.125,43.125,"23","55",111293,104292.530680851,0.937098745481303
"3985",-111.375,43.125,-111.125,42.875,"24","55",106568,105111.738039308,0.986334903904627
"3986",-111.375,42.875,-111.125,42.625,"25","55",98073,100177.501462079,1.02145852030711
"3987",-111.375,42.625,-111.125,42.375,"26","55",123499,136769.053905373,1.10745069923945
"3988",-111.375,42.375,-111.125,42.125,"27","55",4830,4552.76175369052,0.942600777161598
"3989",-111.375,42.125,-111.125,41.875,"28","55",0,0,
"3990",-111.375,41.875,-111.125,41.625,"29","55",133,82.1058277229313,0.617337050548356
"3991",-111.375,41.625,-111.125,41.375,"30","55",0,0,
"3992",-111.375,41.375,-111.125,41.125,"31","55",26511,34515.4612512195,1.30192981219945
"3993",-111.375,41.125,-111.125,40.875,"32","55",83327,108820.792150657,1.30594875791348
"3994",-111.375,40.875,-111.125,40.625,"33","55",175367,353478.790345154,2.01565169242305
"3995",-111.375,40.625,-111.125,40.375,"34","55",186009,366081.705691582,1.96808598342866
"3996",-111.375,40.375,-111.125,40.125,"35","55",209680,486962.879427741,2.3224097645352
"3997",-111.375,40.125,-111.125,39.875,"36","55",198472,443572.173007409,2.2349357743531
"3998",-111.375,39.875,-111.125,39.625,"37","55",288022,731671.470406179,2.54033188578018
"3999",-111.375,39.625,-111.125,39.375,"38","55",367629,1047295.13975701,2.8487827123459
"4000",-111.375,39.375,-111.125,39.125,"39","55",240977,699768.636098109,2.90388143307498
"4001",-111.375,39.125,-111.125,38.875,"40","55",94853,215973.728175371,2.27693091600025
"4002",-111.375,38.875,-111.125,38.625,"41","55",2307,1484.48930280213,0.643471739402745
"4003",-111.375,38.625,-111.125,38.375,"42","55",263,122.864061043831,0.467163730204679
"4004",-111.375,38.375,-111.125,38.125,"43","55",51287,36235.0309830748,0.70651492547965
"4005",-111.375,38.125,-111.125,37.875,"44","55",68672,38670.3152071791,0.563116193021597
"4006",-111.375,37.875,-111.125,37.625,"45","55",1719,186.3612906544,0.108412618181734
"4007",-111.375,37.625,-111.125,37.375,"46","55",6323,574.833224949427,0.0909114700220508
"4008",-111.375,37.375,-111.125,37.125,"47","55",5300,807.085782867623,0.152280336390118
"4009",-111.375,37.125,-111.125,36.875,"48","55",23,1.88959534437163,0.0821563193205056
"4010",-111.375,36.875,-111.125,36.625,"49","55",130,16.5462310044095,0.127278700033919
"4011",-111.375,36.625,-111.125,36.375,"50","55",46,4.44965509884059,0.0967316325834912
"4012",-111.375,36.375,-111.125,36.125,"51","55",45,4.95368342846632,0.110081853965918
"4013",-111.375,36.125,-111.125,35.875,"52","55",0,0,
"4014",-111.375,35.875,-111.125,35.625,"53","55",0,0,
"4015",-111.375,35.625,-111.125,35.375,"54","55",0,0,
"4016",-111.375,35.375,-111.125,35.125,"55","55",72,46.1611074581742,0.641126492474642
"4017",-111.375,35.125,-111.125,34.875,"56","55",8274,8244.86504146636,0.996478733558902
"4018",-111.375,34.875,-111.125,34.625,"57","55",166941,106425.446767691,0.637503350091895
"4019",-111.375,34.625,-111.125,34.375,"58","55",478813,736102.844559285,1.53734932961153
"4020",-111.375,34.375,-111.125,34.125,"59","55",159626,18384.3218055809,0.11517122402103
"4021",-111.375,34.125,-111.125,33.875,"60","55",38098,1356.68789349466,0.035610475444765
"4022",-111.375,33.875,-111.125,33.625,"61","55",20993,4851.32960005561,0.23109272614946
"4023",-111.375,33.625,-111.125,33.375,"62","55",7742,131.828585999785,0.0170277171273295
"4024",-111.375,33.375,-111.125,33.125,"63","55",0,0,
"4025",-111.375,33.125,-111.125,32.875,"64","55",0,0,
"4026",-111.375,32.875,-111.125,32.625,"65","55",0,0,
"4027",-111.375,32.625,-111.125,32.375,"66","55",0,0,
"4028",-111.375,32.375,-111.125,32.125,"67","55",0,0,
"4029",-111.375,32.125,-111.125,31.875,"68","55",1,0.470476925373077,0.470476925373077
"4030",-111.375,31.875,-111.125,31.625,"69","55",1,0.470476925373077,0.470476925373077
"4031",-111.375,31.625,-111.125,31.375,"70","55",0,0,
"4032",-111.375,31.375,-111.125,31.125,"71","55",0,0,
"4033",-111.125,49.125,-110.875,48.875,"0","56",13,12.2177815437317,0.939829349517822
"4034",-111.125,48.875,-110.875,48.625,"1","56",8,7.51863479614258,0.939829349517822
"4035",-111.125,48.625,-110.875,48.375,"2","56",0,0,
"4036",-111.125,48.375,-110.875,48.125,"3","56",0,0,
"4037",-111.125,48.125,-110.875,47.875,"4","56",0,0,
"4038",-111.125,47.875,-110.875,47.625,"5","56",0,0,
"4039",-111.125,47.625,-110.875,47.375,"6","56",0,0,
"4040",-111.125,47.375,-110.875,47.125,"7","56",24881,18944.9608210167,0.761422805394343
"4041",-111.125,47.125,-110.875,46.875,"8","56",241341,227106.364871779,0.941018578988979
"4042",-111.125,46.875,-110.875,46.625,"9","56",102989,82936.6378083513,0.805296078303035
"4043",-111.125,46.625,-110.875,46.375,"10","56",9854,4526.03877696827,0.459309800788337
"4044",-111.125,46.375,-110.875,46.125,"11","56",42508,17010.8023327535,0.400178844752836
"4045",-111.125,46.125,-110.875,45.875,"12","56",55179,12309.9103441243,0.223090493559585
"4046",-111.125,45.875,-110.875,45.625,"13","56",44675,12134.5082950364,0.271617421265503
"4047",-111.125,45.625,-110.875,45.375,"14","56",43422,17922.448523141,0.412750415069342
"4048",-111.125,45.375,-110.875,45.125,"15","56",59266,35688.5235839174,0.602175338033905
"4049",-111.125,45.125,-110.875,44.875,"16","56",57393,20908.9489122342,0.364311830924228
"4050",-111.125,44.875,-110.875,44.625,"17","56",108627,13639.8601822489,0.125566021175665
"4051",-111.125,44.625,-110.875,44.375,"18","56",5951,1168.83100885592,0.196409176416724
"4052",-111.125,44.375,-110.875,44.125,"19","56",31055,5322.94633084966,0.171403842564794
"4053",-111.125,44.125,-110.875,43.875,"20","56",54124,20783.1474079737,0.383991342250641
"4054",-111.125,43.875,-110.875,43.625,"21","56",27487,17218.9726846391,0.626440596814462
"4055",-111.125,43.625,-110.875,43.375,"22","56",80472,62768.7764102557,0.780007659934582
"4056",-111.125,43.375,-110.875,43.125,"23","56",97266,87704.3719530623,0.901696090648966
"4057",-111.125,43.125,-110.875,42.875,"24","56",57405,46816.3219844295,0.815544325135955
"4058",-111.125,42.875,-110.875,42.625,"25","56",51115,41303.8701474485,0.808057715884741
"4059",-111.125,42.625,-110.875,42.375,"26","56",90216,75441.2908018954,0.83622961339336
"4060",-111.125,42.375,-110.875,42.125,"27","56",30788,33181.5414498203,1.07774267408797
"4061",-111.125,42.125,-110.875,41.875,"28","56",11,8.97472396958619,0.815883997235109
"4062",-111.125,41.875,-110.875,41.625,"29","56",0,0,
"4063",-111.125,41.625,-110.875,41.375,"30","56",0,0,
"4064",-111.125,41.375,-110.875,41.125,"31","56",0,0,
"4065",-111.125,41.125,-110.875,40.875,"32","56",44025,40721.1346681839,0.924954790873001
"4066",-111.125,40.875,-110.875,40.625,"33","56",167949,175990.399564916,1.0478800086033
"4067",-111.125,40.625,-110.875,40.375,"34","56",242054,410191.021147525,1.69462607991409
"4068",-111.125,40.375,-110.875,40.125,"35","56",155596,302388.915875731,1.94342345481716
"4069",-111.125,40.125,-110.875,39.875,"36","56",320405,940702.073667967,2.93597813288796
"4070",-111.125,39.875,-110.875,39.625,"37","56",218243,525445.43960296,2.40761646239724
"4071",-111.125,39.625,-110.875,39.375,"38","56",92115,189102.726015397,2.0528982903479
"4072",-111.125,39.375,-110.875,39.125,"39","56",13807,18053.3028950915,1.30754710618465
"4073",-111.125,39.125,-110.875,38.875,"40","56",17,23.3962568044662,1.37625040026272
"4074",-111.125,38.875,-110.875,38.625,"41","56",33,44.2599118202925,1.34120944909977
"4075",-111.125,38.625,-110.875,38.375,"42","56",0,0,
"4076",-111.125,38.375,-110.875,38.125,"43","56",2,0.661488324403763,0.330744162201881
"4077",-111.125,38.125,-110.875,37.875,"44","56",284,111.731142491102,0.39341951581374
"4078",-111.125,37.875,-110.875,37.625,"45","56",1670,377.306723805144,0.2259321699432
"4079",-111.125,37.625,-110.875,37.375,"46","56",1928,230.86084356904,0.119741101436224
"4080",-111.125,37.375,-110.875,37.125,"47","56",3446,713.923584383738,0.20717457469058
"4081",-111.125,37.125,-110.875,36.875,"48","56",11933,5112.24631305621,0.42841249585655
"4082",-111.125,36.875,-110.875,36.625,"49","56",319,39.1826693648472,0.122829684529302
"4083",-111.125,36.625,-110.875,36.375,"50","56",534,59.7667040750384,0.111922666807188
"4084",-111.125,36.375,-110.875,36.125,"51","56",6,1.4136950224638,0.2356158370773
"4085",-111.125,36.125,-110.875,35.875,"52","56",12,2.55572856217623,0.212977380181352
"4086",-111.125,35.875,-110.875,35.625,"53","56",9,0.909682884812355,0.101075876090262
"4087",-111.125,35.625,-110.875,35.375,"54","56",0,0,
"4088",-111.125,35.375,-110.875,35.125,"55","56",34,3.15045896917582,0.0926605579169358
"4089",-111.125,35.125,-110.875,34.875,"56","56",148,18.4244241699344,0.124489352499556
"4090",-111.125,34.875,-110.875,34.625,"57","56",15083,9674.48007769858,0.641416169044526
"4091",-111.125,34.625,-110.875,34.375,"58","56",406195,602427.654729802,1.48309963128498
"4092",-111.125,34.375,-110.875,34.125,"59","56",283929,207024.261412081,0.729140952181992
"4093",-111.125,34.125,-110.875,33.875,"60","56",177088,18144.3047428786,0.102459256092331
"4094",-111.125,33.875,-110.875,33.625,"61","56",56376,47167.5068644726,0.836659338450274
"4095",-111.125,33.625,-110.875,33.375,"62","56",1780,23.2414076355053,0.0130569705817446
"4096",-111.125,33.375,-110.875,33.125,"63","56",5876,211.695470534847,0.0360271393013695
"4097",-111.125,33.125,-110.875,32.875,"64","56",0,0,
"4098",-111.125,32.875,-110.875,32.625,"65","56",0,0,
"4099",-111.125,32.625,-110.875,32.375,"66","56",28,13.1733539104462,0.470476925373077
"4100",-111.125,32.375,-110.875,32.125,"67","56",21,9.57433958351612,0.455920932548387
"4101",-111.125,32.125,-110.875,31.875,"68","56",0,0,
"4102",-111.125,31.875,-110.875,31.625,"69","56",702,328.276445746422,0.467630264596042
"4103",-111.125,31.625,-110.875,31.375,"70","56",0,0,
"4104",-111.125,31.375,-110.875,31.125,"71","56",0,0,
"4105",-110.875,49.125,-110.625,48.875,"0","57",0,0,
"4106",-110.875,48.875,-110.625,48.625,"1","57",0,0,
"4107",-110.875,48.625,-110.625,48.375,"2","57",0,0,
"4108",-110.875,48.375,-110.625,48.125,"3","57",0,0,
"4109",-110.875,48.125,-110.625,47.875,"4","57",0,0,
"4110",-110.875,47.875,-110.625,47.625,"5","57",0,0,
"4111",-110.875,47.625,-110.625,47.375,"6","57",334,313.903002738953,0.939829349517822
"4112",-110.875,47.375,-110.625,47.125,"7","57",5991,2570.71846151605,0.429096722002345
"4113",-110.875,47.125,-110.625,46.875,"8","57",179808,143752.210039241,0.799476163681486
"4114",-110.875,46.875,-110.625,46.625,"9","57",159553,165085.198227795,1.03467310691617
"4115",-110.875,46.625,-110.625,46.375,"10","57",72521,51312.0743888105,0.707547805308953
"4116",-110.875,46.375,-110.625,46.125,"11","57",1235,373.540074163931,0.302461598513305
"4117",-110.875,46.125,-110.625,45.875,"12","57",17461,3721.5076897681,0.213132563413785
"4118",-110.875,45.875,-110.625,45.625,"13","57",66181,12989.8923410999,0.196278272330426
"4119",-110.875,45.625,-110.625,45.375,"14","57",23077,12289.0637710885,0.532524321666094
"4120",-110.875,45.375,-110.625,45.125,"15","57",44758,28135.8565671221,0.628621845639262
"4121",-110.875,45.125,-110.625,44.875,"16","57",77713,37181.726841512,0.4784492535549
"4122",-110.875,44.875,-110.625,44.625,"17","57",65357,11403.8741297022,0.174485887199568
"4123",-110.875,44.625,-110.625,44.375,"18","57",28339,7968.15381494377,0.28117272362976
"4124",-110.875,44.375,-110.625,44.125,"19","57",5491,1739.12709934518,0.316723201483368
"4125",-110.875,44.125,-110.625,43.875,"20","57",21949,8308.56432865962,0.378539538414489
"4126",-110.875,43.875,-110.625,43.625,"21","57",59323,30864.0324285688,0.520270930812143
"4127",-110.875,43.625,-110.625,43.375,"22","57",59182,47029.0442973723,0.794651148953605
"4128",-110.875,43.375,-110.625,43.125,"23","57",82383,51533.9466222831,0.625541029366291
"4129",-110.875,43.125,-110.625,42.875,"24","57",80681,47453.2706088354,0.588159177611028
"4130",-110.875,42.875,-110.625,42.625,"25","57",108362,68402.3230067743,0.631239022967224
"4131",-110.875,42.625,-110.625,42.375,"26","57",156527,114647.532440966,0.732445727835873
"4132",-110.875,42.375,-110.625,42.125,"27","57",125231,81186.4547836756,0.648293591711921
"4133",-110.875,42.125,-110.625,41.875,"28","57",8721,4674.18623451715,0.535969067138763
"4134",-110.875,41.875,-110.625,41.625,"29","57",0,0,
"4135",-110.875,41.625,-110.625,41.375,"30","57",0,0,
"4136",-110.875,41.375,-110.625,41.125,"31","57",0,0,
"4137",-110.875,41.125,-110.625,40.875,"32","57",98694,71548.6425333284,0.724954328868304
"4138",-110.875,40.875,-110.625,40.625,"33","57",86223,57122.5709464012,0.662498068339088
"4139",-110.875,40.625,-110.625,40.375,"34","57",192870,327800.701619623,1.69959403546235
"4140",-110.875,40.375,-110.625,40.125,"35","57",49781,73875.5783829432,1.48401153819616
"4141",-110.875,40.125,-110.625,39.875,"36","57",283993,668395.487480263,2.35356324796831
"4142",-110.875,39.875,-110.625,39.625,"37","57",145751,325425.701937341,2.23275107503442
"4143",-110.875,39.625,-110.625,39.375,"38","57",13,12.5590368062258,0.96607975432506
"4144",-110.875,39.375,-110.625,39.125,"39","57",97,30.2240796089172,0.311588449576466
"4145",-110.875,39.125,-110.625,38.875,"40","57",33,19.8495439887047,0.601501332991051
"4146",-110.875,38.875,-110.625,38.625,"41","57",198,70.1808438301086,0.35444870621267
"4147",-110.875,38.625,-110.625,38.375,"42","57",0,0,
"4148",-110.875,38.375,-110.625,38.125,"43","57",16087,6739.77744648699,0.418958006246472
"4149",-110.875,38.125,-110.625,37.875,"44","57",75469,32060.7775492906,0.424820489860612
"4150",-110.875,37.875,-110.625,37.625,"45","57",1186,405.185772769153,0.341640617849202
"4151",-110.875,37.625,-110.625,37.375,"46","57",1,0.0109071442857385,0.0109071442857385
"4152",-110.875,37.375,-110.625,37.125,"47","57",64,9.16627227934077,0.1432230043647
"4153",-110.875,37.125,-110.625,36.875,"48","57",19128,11844.8564250875,0.61924176208111
"4154",-110.875,36.875,-110.625,36.625,"49","57",7161,818.463031915948,0.114294516396585
"4155",-110.875,36.625,-110.625,36.375,"50","57",798,74.6391774080694,0.0935328037695105
"4156",-110.875,36.375,-110.625,36.125,"51","57",31,3.14295188337564,0.101385544625021
"4157",-110.875,36.125,-110.625,35.875,"52","57",15,1.52223284542561,0.10148218969504
"4158",-110.875,35.875,-110.625,35.625,"53","57",1,0.102207392454147,0.102207392454147
"4159",-110.875,35.625,-110.625,35.375,"54","57",0,0,
"4160",-110.875,35.375,-110.625,35.125,"55","57",0,0,
"4161",-110.875,35.125,-110.625,34.875,"56","57",9,0.803501717746258,0.0892779686384731
"4162",-110.875,34.875,-110.625,34.625,"57","57",1239,955.032897748519,0.770809441282097
"4163",-110.875,34.625,-110.625,34.375,"58","57",118348,65055.6216005162,0.549697684798359
"4164",-110.875,34.375,-110.625,34.125,"59","57",284196,222311.572331943,0.782247365662933
"4165",-110.875,34.125,-110.625,33.875,"60","57",130627,1711.2017631002,0.0130999086184341
"4166",-110.875,33.875,-110.625,33.625,"61","57",14303,246.220389835187,0.0172145976253365
"4167",-110.875,33.625,-110.625,33.375,"62","57",15135,676.703869205259,0.0447111905652633
"4168",-110.875,33.375,-110.625,33.125,"63","57",25264,8439.93981637968,0.334069815404516
"4169",-110.875,33.125,-110.625,32.875,"64","57",0,0,
"4170",-110.875,32.875,-110.625,32.625,"65","57",0,0,
"4171",-110.875,32.625,-110.625,32.375,"66","57",25927,12168.2774943113,0.469328402603901
"4172",-110.875,32.375,-110.625,32.125,"67","57",440,207.009847164154,0.470476925373077
"4173",-110.875,32.125,-110.625,31.875,"68","57",0,0,
"4174",-110.875,31.875,-110.625,31.625,"69","57",2815,1322.34776520729,0.469750538261915
"4175",-110.875,31.625,-110.625,31.375,"70","57",507,238.53180116415,0.470476925373077
"4176",-110.875,31.375,-110.625,31.125,"71","57",505,237.590847313404,0.470476925373077
"4177",-110.625,49.125,-110.375,48.875,"0","58",0,0,
"4178",-110.625,48.875,-110.375,48.625,"1","58",0,0,
"4179",-110.625,48.625,-110.375,48.375,"2","58",0,0,
"4180",-110.625,48.375,-110.375,48.125,"3","58",0,0,
"4181",-110.625,48.125,-110.375,47.875,"4","58",0,0,
"4182",-110.625,47.875,-110.375,47.625,"5","58",0,0,
"4183",-110.625,47.625,-110.375,47.375,"6","58",322,302.625050544739,0.939829349517822
"4184",-110.625,47.375,-110.375,47.125,"7","58",7997,3413.51626821241,0.426849602127349
"4185",-110.625,47.125,-110.375,46.875,"8","58",153508,106312.254888192,0.692551885818277
"4186",-110.625,46.875,-110.375,46.625,"9","58",204664,200209.456186992,0.978234844364382
"4187",-110.625,46.625,-110.375,46.375,"10","58",59464,40742.4305180948,0.685161282760911
"4188",-110.625,46.375,-110.375,46.125,"11","58",50551,28801.2960454878,0.569747305602022
"4189",-110.625,46.125,-110.375,45.875,"12","58",25711,8147.1855092522,0.316875481671355
"4190",-110.625,45.875,-110.375,45.625,"13","58",3729,1857.52504079032,0.498129536280591
"4191",-110.625,45.625,-110.375,45.375,"14","58",39891,23824.3573553917,0.597236403083193
"4192",-110.625,45.375,-110.375,45.125,"15","58",27755,14112.8678739391,0.508480197223529
"4193",-110.625,45.125,-110.375,44.875,"16","58",69375,29020.3163707041,0.418310866604743
"4194",-110.625,44.875,-110.375,44.625,"17","58",35369,9208.42423445224,0.260352971089153
"4195",-110.625,44.625,-110.375,44.375,"18","58",27636,4675.94408222011,0.169197571364167
"4196",-110.625,44.375,-110.375,44.125,"19","58",21901,7150.7933317467,0.326505334539368
"4197",-110.625,44.125,-110.375,43.875,"20","58",29794,10417.1674486085,0.349639774740165
"4198",-110.625,43.875,-110.375,43.625,"21","58",53243,29932.44621518,0.562185568341002
"4199",-110.625,43.625,-110.375,43.375,"22","58",47135,23826.8253362323,0.505501757425105
"4200",-110.625,43.375,-110.375,43.125,"23","58",70447,35821.4841645034,0.508488426256667
"4201",-110.625,43.125,-110.375,42.875,"24","58",33475,14508.5125961622,0.433413371057871
"4202",-110.625,42.875,-110.375,42.625,"25","58",49332,23712.3387853212,0.480668506959403
"4203",-110.625,42.625,-110.375,42.375,"26","58",73799,39124.788569964,0.530153370234882
"4204",-110.625,42.375,-110.375,42.125,"27","58",79280,48210.4162754542,0.608103131627827
"4205",-110.625,42.125,-110.375,41.875,"28","58",19966,11831.9376382007,0.592604309235736
"4206",-110.625,41.875,-110.375,41.625,"29","58",0,0,
"4207",-110.625,41.625,-110.375,41.375,"30","58",0,0,
"4208",-110.625,41.375,-110.375,41.125,"31","58",490,1058.53598255618,2.16027751542077
"4209",-110.625,41.125,-110.375,40.875,"32","58",137911,90103.4889230124,0.653345193081135
"4210",-110.625,40.875,-110.375,40.625,"33","58",53287,31261.4521642298,0.586661890596765
"4211",-110.625,40.625,-110.375,40.375,"34","58",186431,333004.567447028,1.78620812765596
"4212",-110.625,40.375,-110.375,40.125,"35","58",11947,6045.06142321886,0.505989907359074
"4213",-110.625,40.125,-110.375,39.875,"36","58",152657,220791.151821672,1.44632183143696
"4214",-110.625,39.875,-110.375,39.625,"37","58",234124,466975.995663203,1.99456696307599
"4215",-110.625,39.625,-110.375,39.375,"38","58",19125,27286.7342870665,1.42675734834335
"4216",-110.625,39.375,-110.375,39.125,"39","58",388,118.912445887923,0.306475375999802
"4217",-110.625,39.125,-110.375,38.875,"40","58",4,1.28041669726372,0.320104174315929
"4218",-110.625,38.875,-110.375,38.625,"41","58",1,0.324342668056488,0.324342668056488
"4219",-110.625,38.625,-110.375,38.375,"42","58",0,0,
"4220",-110.625,38.375,-110.375,38.125,"43","58",0,0,
"4221",-110.625,38.125,-110.375,37.875,"44","58",0,0,
"4222",-110.625,37.875,-110.375,37.625,"45","58",160,38.6935059353709,0.241834412096068
"4223",-110.625,37.625,-110.375,37.375,"46","58",258,31.7881277389824,0.123209797437916
"4224",-110.625,37.375,-110.375,37.125,"47","58",161,24.7446046546102,0.153693196612485
"4225",-110.625,37.125,-110.375,36.875,"48","58",3760,617.888665039209,0.164332091765747
"4226",-110.625,36.875,-110.375,36.625,"49","58",14777,2171.88435617165,0.146977353737
"4227",-110.625,36.625,-110.375,36.375,"50","58",669,71.2955817431211,0.10657037629764
"4228",-110.625,36.375,-110.375,36.125,"51","58",19,1.90837856382132,0.100440977043227
"4229",-110.625,36.125,-110.375,35.875,"52","58",2,0.197701327502728,0.0988506637513638
"4230",-110.625,35.875,-110.375,35.625,"53","58",5,0.507048793137074,0.101409758627415
"4231",-110.625,35.625,-110.375,35.375,"54","58",34,4.16152181476355,0.122397700434222
"4232",-110.625,35.375,-110.375,35.125,"55","58",6,1.04481326788664,0.174135544647773
"4233",-110.625,35.125,-110.375,34.875,"56","58",0,0,
"4234",-110.625,34.875,-110.375,34.625,"57","58",86,13.3884592112154,0.155679758269946
"4235",-110.625,34.625,-110.375,34.375,"58","58",2296,872.730114616672,0.380108934937575
"4236",-110.625,34.375,-110.375,34.125,"59","58",163122,107812.123143654,0.660929385022583
"4237",-110.625,34.125,-110.375,33.875,"60","58",110863,12604.9502140818,0.113698440544472
"4238",-110.625,33.875,-110.375,33.625,"61","58",52557,972.948651024378,0.0185122562365504
"4239",-110.625,33.625,-110.375,33.375,"62","58",13023,236.513038652629,0.0181611793482783
"4240",-110.625,33.375,-110.375,33.125,"63","58",1,0.0104916337877512,0.0104916337877512
"4241",-110.625,33.125,-110.375,32.875,"64","58",0,0,
"4242",-110.625,32.875,-110.375,32.625,"65","58",603,283.697585999966,0.470476925373077
"4243",-110.625,32.625,-110.375,32.375,"66","58",0,0,
"4244",-110.625,32.375,-110.375,32.125,"67","58",8005,3765.89771345258,0.470443187189579
"4245",-110.625,32.125,-110.375,31.875,"68","58",1904,895.75338229537,0.470458709188745
"4246",-110.625,31.875,-110.375,31.625,"69","58",198,93.1544312238693,0.470476925373077
"4247",-110.625,31.625,-110.375,31.375,"70","58",704,331.210954666138,0.470470106059855
"4248",-110.625,31.375,-110.375,31.125,"71","58",0,0,
"4249",-110.375,49.125,-110.125,48.875,"0","59",0,0,
"4250",-110.375,48.875,-110.125,48.625,"1","59",0,0,
"4251",-110.375,48.625,-110.125,48.375,"2","59",0,0,
"4252",-110.375,48.375,-110.125,48.125,"3","59",0,0,
"4253",-110.375,48.125,-110.125,47.875,"4","59",0,0,
"4254",-110.375,47.875,-110.125,47.625,"5","59",0,0,
"4255",-110.375,47.625,-110.125,47.375,"6","59",37,34.7736859321594,0.939829349517822
"4256",-110.375,47.375,-110.125,47.125,"7","59",0,0,
"4257",-110.375,47.125,-110.125,46.875,"8","59",27013,20952.0842973208,0.775629670800016
"4258",-110.375,46.875,-110.125,46.625,"9","59",172140,145532.008394357,0.845428188650846
"4259",-110.375,46.625,-110.125,46.375,"10","59",4015,3262.02744575008,0.81246013592779
"4260",-110.375,46.375,-110.125,46.125,"11","59",22020,7752.52162217107,0.352067285293872
"4261",-110.375,46.125,-110.125,45.875,"12","59",17651,6463.07064015186,0.366158894122251
"4262",-110.375,45.875,-110.125,45.625,"13","59",3365,1357.49705568331,0.403416658449722
"4263",-110.375,45.625,-110.125,45.375,"14","59",34375,18987.2261367334,0.552355669432243
"4264",-110.375,45.375,-110.125,45.125,"15","59",23379,11252.8187571583,0.481321645800004
"4265",-110.375,45.125,-110.125,44.875,"16","59",33451,10850.9580305817,0.324383666574444
"4266",-110.375,44.875,-110.125,44.625,"17","59",35887,11123.5901288243,0.309961549553439
"4267",-110.375,44.625,-110.125,44.375,"18","59",41254,8582.99572750872,0.208052448914256
"4268",-110.375,44.375,-110.125,44.125,"19","59",28555,7942.4639363634,0.278146171821516
"4269",-110.375,44.125,-110.125,43.875,"20","59",26762,9428.03684968245,0.352291938184084
"4270",-110.375,43.875,-110.125,43.625,"21","59",33835,12024.3337800525,0.355381521502956
"4271",-110.375,43.625,-110.125,43.375,"22","59",47148,18922.6326433387,0.401345394149034
"4272",-110.375,43.375,-110.125,43.125,"23","59",43383,16015.6084624172,0.369167841376051
"4273",-110.375,43.125,-110.125,42.875,"24","59",9254,4145.37369566016,0.447954797456253
"4274",-110.375,42.875,-110.125,42.625,"25","59",0,0,
"4275",-110.375,42.625,-110.125,42.375,"26","59",90,79.5302146915346,0.883669052128163
"4276",-110.375,42.375,-110.125,42.125,"27","59",1097,729.328136430122,0.664838775232563
"4277",-110.375,42.125,-110.125,41.875,"28","59",0,0,
"4278",-110.375,41.875,-110.125,41.625,"29","59",0,0,
"4279",-110.375,41.625,-110.125,41.375,"30","59",0,0,
"4280",-110.375,41.375,-110.125,41.125,"31","59",0,0,
"4281",-110.375,41.125,-110.125,40.875,"32","59",102791,88463.0287914,0.860610644817153
"4282",-110.375,40.875,-110.125,40.625,"33","59",65685,58311.649881454,0.887746820148496
"4283",-110.375,40.625,-110.125,40.375,"34","59",157079,255910.57179067,1.62918386156438
"4284",-110.375,40.375,-110.125,40.125,"35","59",253,62.9421723153209,0.248783289783877
"4285",-110.375,40.125,-110.125,39.875,"36","59",20325,12531.5791064389,0.61655985763537
"4286",-110.375,39.875,-110.125,39.625,"37","59",134323,219729.708458806,1.63583085889093
"4287",-110.375,39.625,-110.125,39.375,"38","59",286809,537238.154481949,1.87315654139845
"4288",-110.375,39.375,-110.125,39.125,"39","59",12849,15954.5583733565,1.24169650349105
"4289",-110.375,39.125,-110.125,38.875,"40","59",1770,2759.51902529597,1.55905029677739
"4290",-110.375,38.875,-110.125,38.625,"41","59",0,0,
"4291",-110.375,38.625,-110.125,38.375,"42","59",0,0,
"4292",-110.375,38.375,-110.125,38.125,"43","59",197,63.2189864516258,0.320908560668151
"4293",-110.375,38.125,-110.125,37.875,"44","59",180,56.0490581095219,0.31138365616401
"4294",-110.375,37.875,-110.125,37.625,"45","59",33,10.5977031737566,0.321142520416867
"4295",-110.375,37.625,-110.125,37.375,"46","59",1857,232.143050380051,0.125009720183119
"4296",-110.375,37.375,-110.125,37.125,"47","59",155,32.724121645093,0.211123365452213
"4297",-110.375,37.125,-110.125,36.875,"48","59",352,69.3825546444859,0.197109530240017
"4298",-110.375,36.875,-110.125,36.625,"49","59",4566,882.21321030613,0.193213580881763
"4299",-110.375,36.625,-110.125,36.375,"50","59",6149,900.993431174429,0.146526822438515
"4300",-110.375,36.375,-110.125,36.125,"51","59",204,25.4794336408377,0.12489918451391
"4301",-110.375,36.125,-110.125,35.875,"52","59",29,3.90749584138393,0.134741235909791
"4302",-110.375,35.875,-110.125,35.625,"53","59",29,10.8322706222534,0.373526573181152
"4303",-110.375,35.625,-110.125,35.375,"54","59",89,8.7687955275178,0.0985257924440202
"4304",-110.375,35.375,-110.125,35.125,"55","59",3,0.428589046001434,0.142863015333811
"4305",-110.375,35.125,-110.125,34.875,"56","59",7,1.37168447673321,0.195954925247601
"4306",-110.375,34.875,-110.125,34.625,"57","59",0,0,
"4307",-110.375,34.625,-110.125,34.375,"58","59",227,89.6116526643746,0.394764989710901
"4308",-110.375,34.375,-110.125,34.125,"59","59",92361,34167.3678627245,0.369932848959241
"4309",-110.375,34.125,-110.125,33.875,"60","59",98431,16946.791300668,0.172169248515895
"4310",-110.375,33.875,-110.125,33.625,"61","59",27499,1803.87190646429,0.0655977274251531
"4311",-110.375,33.625,-110.125,33.375,"62","59",31901,858.218859905861,0.0269025691955068
"4312",-110.375,33.375,-110.125,33.125,"63","59",0,0,
"4313",-110.375,33.125,-110.125,32.875,"64","59",10,4.66725698113441,0.466725698113441
"4314",-110.375,32.875,-110.125,32.625,"65","59",254,119.501139044762,0.470476925373077
"4315",-110.375,32.625,-110.125,32.375,"66","59",1154,542.930371880531,0.470476925373077
"4316",-110.375,32.375,-110.125,32.125,"67","59",0,0,
"4317",-110.375,32.125,-110.125,31.875,"68","59",0,0,
"4318",-110.375,31.875,-110.125,31.625,"69","59",0,0,
"4319",-110.375,31.625,-110.125,31.375,"70","59",4109,1929.37375992537,0.469548250164362
"4320",-110.375,31.375,-110.125,31.125,"71","59",2,0.940953850746155,0.470476925373077
"4321",-110.125,49.125,-109.875,48.875,"0","60",0,0,
"4322",-110.125,48.875,-109.875,48.625,"1","60",0,0,
"4323",-110.125,48.625,-109.875,48.375,"2","60",0,0,
"4324",-110.125,48.375,-109.875,48.125,"3","60",0,0,
"4325",-110.125,48.125,-109.875,47.875,"4","60",0,0,
"4326",-110.125,47.875,-109.875,47.625,"5","60",0,0,
"4327",-110.125,47.625,-109.875,47.375,"6","60",0,0,
"4328",-110.125,47.375,-109.875,47.125,"7","60",0,0,
"4329",-110.125,47.125,-109.875,46.875,"8","60",30,23.0848597586155,0.769495325287183
"4330",-110.125,46.875,-109.875,46.625,"9","60",67901,58640.8926771782,0.863623402853834
"4331",-110.125,46.625,-109.875,46.375,"10","60",48,13.7087579634972,0.285599124239525
"4332",-110.125,46.375,-109.875,46.125,"11","60",498,109.596395613858,0.220073083561965
"4333",-110.125,46.125,-109.875,45.875,"12","60",67,34.1901245880872,0.510300366986376
"4334",-110.125,45.875,-109.875,45.625,"13","60",1221,744.961363974347,0.610123967218958
"4335",-110.125,45.625,-109.875,45.375,"14","60",43730,22714.791917081,0.519432698767002
"4336",-110.125,45.375,-109.875,45.125,"15","60",34142,19940.4460491406,0.584044462806531
"4337",-110.125,45.125,-109.875,44.875,"16","60",30041,10266.9739741755,0.341765386444377
"4338",-110.125,44.875,-109.875,44.625,"17","60",49149,20203.1333331857,0.411058888953706
"4339",-110.125,44.625,-109.875,44.375,"18","60",40705,21709.9614193597,0.533348763526832
"4340",-110.125,44.375,-109.875,44.125,"19","60",31163,13383.7242654135,0.429474834432292
"4341",-110.125,44.125,-109.875,43.875,"20","60",27893,13643.083946828,0.489122143434841
"4342",-110.125,43.875,-109.875,43.625,"21","60",32356,9073.3582564141,0.280422742502599
"4343",-110.125,43.625,-109.875,43.375,"22","60",43629,11159.2948890241,0.255777003576155
"4344",-110.125,43.375,-109.875,43.125,"23","60",48915,18275.3378377142,0.373614184559219
"4345",-110.125,43.125,-109.875,42.875,"24","60",7592,3434.14947761729,0.452337918548115
"4346",-110.125,42.875,-109.875,42.625,"25","60",0,0,
"4347",-110.125,42.625,-109.875,42.375,"26","60",0,0,
"4348",-110.125,42.375,-109.875,42.125,"27","60",0,0,
"4349",-110.125,42.125,-109.875,41.875,"28","60",0,0,
"4350",-110.125,41.875,-109.875,41.625,"29","60",0,0,
"4351",-110.125,41.625,-109.875,41.375,"30","60",0,0,
"4352",-110.125,41.375,-109.875,41.125,"31","60",0,0,
"4353",-110.125,41.125,-109.875,40.875,"32","60",85302,107055.112725012,1.25501292730547
"4354",-110.125,40.875,-109.875,40.625,"33","60",144590,111299.524661381,0.769759490015778
"4355",-110.125,40.625,-109.875,40.375,"34","60",75161,128852.792348315,1.71435707811651
"4356",-110.125,40.375,-109.875,40.125,"35","60",7,8.47696000337601,1.21099428619657
"4357",-110.125,40.125,-109.875,39.875,"36","60",49,74.061376273632,1.51145665864555
"4358",-110.125,39.875,-109.875,39.625,"37","60",26459,26900.6125260933,1.01669044658125
"4359",-110.125,39.625,-109.875,39.375,"38","60",111988,117930.310996461,1.05306203340055
"4360",-110.125,39.375,-109.875,39.125,"39","60",61530,71386.0207489333,1.16018236224497
"4361",-110.125,39.125,-109.875,38.875,"40","60",4514,5723.39111476205,1.26792005200754
"4362",-110.125,38.875,-109.875,38.625,"41","60",0,0,
"4363",-110.125,38.625,-109.875,38.375,"42","60",0,0,
"4364",-110.125,38.375,-109.875,38.125,"43","60",2,0.655172765254974,0.327586382627487
"4365",-110.125,38.125,-109.875,37.875,"44","60",3773,1237.11498689651,0.327886293903131
"4366",-110.125,37.875,-109.875,37.625,"45","60",86291,27201.268018268,0.315227173381558
"4367",-110.125,37.625,-109.875,37.375,"46","60",3629,1111.08443824458,0.306168211144828
"4368",-110.125,37.375,-109.875,37.125,"47","60",582,120.260982974432,0.206633991365004
"4369",-110.125,37.125,-109.875,36.875,"48","60",406,86.6891113519669,0.213519978699426
"4370",-110.125,36.875,-109.875,36.625,"49","60",8,1.4594504153356,0.182431301916949
"4371",-110.125,36.625,-109.875,36.375,"50","60",6531,823.857941953465,0.126145757457275
"4372",-110.125,36.375,-109.875,36.125,"51","60",2419,295.363771042321,0.122101600265532
"4373",-110.125,36.125,-109.875,35.875,"52","60",1491,210.621261358261,0.141261744707083
"4374",-110.125,35.875,-109.875,35.625,"53","60",69,7.05356493592262,0.102225578781487
"4375",-110.125,35.625,-109.875,35.375,"54","60",29,2.93426825851202,0.101181664086621
"4376",-110.125,35.375,-109.875,35.125,"55","60",0,0,
"4377",-110.125,35.125,-109.875,34.875,"56","60",0,0,
"4378",-110.125,34.875,-109.875,34.625,"57","60",12,1.80438030138612,0.15036502511551
"4379",-110.125,34.625,-109.875,34.375,"58","60",107,17.5153263024986,0.163694638341108
"4380",-110.125,34.375,-109.875,34.125,"59","60",56759,23829.7661770268,0.41984119130053
"4381",-110.125,34.125,-109.875,33.875,"60","60",294291,120211.537008767,0.408478468620402
"4382",-110.125,33.875,-109.875,33.625,"61","60",55000,7708.55409858113,0.140155529065111
"4383",-110.125,33.625,-109.875,33.375,"62","60",32372,5503.56684960937,0.170010096676429
"4384",-110.125,33.375,-109.875,33.125,"63","60",2554,1026.12819475972,0.401772981503416
"4385",-110.125,33.125,-109.875,32.875,"64","60",1,0.102207392454147,0.102207392454147
"4386",-110.125,32.875,-109.875,32.625,"65","60",5749,2695.58722111583,0.468879321815242
"4387",-110.125,32.625,-109.875,32.375,"66","60",5,2.35238462686539,0.470476925373077
"4388",-110.125,32.375,-109.875,32.125,"67","60",27,12.7028769850731,0.470476925373077
"4389",-110.125,32.125,-109.875,31.875,"68","60",94,44.2248309850693,0.470476925373077
"4390",-110.125,31.875,-109.875,31.625,"69","60",0,0,
"4391",-110.125,31.625,-109.875,31.375,"70","60",9,4.2342923283577,0.470476925373077
"4392",-110.125,31.375,-109.875,31.125,"71","60",0,0,
"4393",-109.875,49.125,-109.625,48.875,"0","61",0,0,
"4394",-109.875,48.875,-109.625,48.625,"1","61",0,0,
"4395",-109.875,48.625,-109.625,48.375,"2","61",0,0,
"4396",-109.875,48.375,-109.625,48.125,"3","61",491,461.456210613251,0.939829349517822
"4397",-109.875,48.125,-109.625,47.875,"4","61",51,47.9312968254089,0.939829349517822
"4398",-109.875,47.875,-109.625,47.625,"5","61",0,0,
"4399",-109.875,47.625,-109.625,47.375,"6","61",0,0,
"4400",-109.875,47.375,-109.625,47.125,"7","61",0,0,
"4401",-109.875,47.125,-109.625,46.875,"8","61",0,0,
"4402",-109.875,46.875,-109.625,46.625,"9","61",4560,3476.64683052601,0.762422550553949
"4403",-109.875,46.625,-109.625,46.375,"10","61",0,0,
"4404",-109.875,46.375,-109.625,46.125,"11","61",0,0,
"4405",-109.875,46.125,-109.625,45.875,"12","61",0,0,
"4406",-109.875,45.875,-109.625,45.625,"13","61",105,73.8202909901738,0.703050390382608
"4407",-109.875,45.625,-109.625,45.375,"14","61",13579,11952.6668469681,0.88023174364593
"4408",-109.875,45.375,-109.625,45.125,"15","61",51183,26660.7507776488,0.520890740629678
"4409",-109.875,45.125,-109.625,44.875,"16","61",42247,13840.0750478269,0.327599002244583
"4410",-109.875,44.875,-109.625,44.625,"17","61",54181,30719.0187850671,0.566970317732546
"4411",-109.875,44.625,-109.625,44.375,"18","61",45323,24267.0946048295,0.535425603001335
"4412",-109.875,44.375,-109.625,44.125,"19","61",42791,22524.9338560544,0.526394191677091
"4413",-109.875,44.125,-109.625,43.875,"20","61",34567,19325.0214069684,0.559059837618782
"4414",-109.875,43.875,-109.625,43.625,"21","61",26657,8842.88468076332,0.331728427083442
"4415",-109.875,43.625,-109.625,43.375,"22","61",31324,14823.913937205,0.473244602771199
"4416",-109.875,43.375,-109.625,43.125,"23","61",52522,36412.5413448083,0.693281698046692
"4417",-109.875,43.125,-109.625,42.875,"24","61",62105,40637.7043758446,0.654338690537713
"4418",-109.875,42.875,-109.625,42.625,"25","61",826,638.809308583383,0.773376886904821
"4419",-109.875,42.625,-109.625,42.375,"26","61",0,0,
"4420",-109.875,42.375,-109.625,42.125,"27","61",0,0,
"4421",-109.875,42.125,-109.625,41.875,"28","61",0,0,
"4422",-109.875,41.875,-109.625,41.625,"29","61",0,0,
"4423",-109.875,41.625,-109.625,41.375,"30","61",0,0,
"4424",-109.875,41.375,-109.625,41.125,"31","61",0,0,
"4425",-109.875,41.125,-109.625,40.875,"32","61",53650,94945.245431738,1.76971566508365
"4426",-109.875,40.875,-109.625,40.625,"33","61",305912,423564.825458829,1.38459696075613
"4427",-109.875,40.625,-109.625,40.375,"34","61",52026,122730.855684887,2.35902924854664
"4428",-109.875,40.375,-109.625,40.125,"35","61",1,2.45650219917297,2.45650219917297
"4429",-109.875,40.125,-109.625,39.875,"36","61",92,140.958708643913,1.53215987656427
"4430",-109.875,39.875,-109.625,39.625,"37","61",1736,2363.11996864155,1.36124422156771
"4431",-109.875,39.625,-109.625,39.375,"38","61",92994,73501.5849178385,0.790390615715406
"4432",-109.875,39.375,-109.625,39.125,"39","61",263496,424105.741036811,1.60953388680212
"4433",-109.875,39.125,-109.625,38.875,"40","61",35212,27747.4943864148,0.788012449915223
"4434",-109.875,38.875,-109.625,38.625,"41","61",0,0,
"4435",-109.875,38.625,-109.625,38.375,"42","61",0,0,
"4436",-109.875,38.375,-109.625,38.125,"43","61",0,0,
"4437",-109.875,38.125,-109.625,37.875,"44","61",43717,14309.6959113125,0.32732566075697
"4438",-109.875,37.875,-109.625,37.625,"45","61",186715,59158.5335681736,0.316838676957789
"4439",-109.875,37.625,-109.625,37.375,"46","61",19050,5455.09484052099,0.286356684541784
"4440",-109.875,37.375,-109.625,37.125,"47","61",141,21.4905725583667,0.152415408215367
"4441",-109.875,37.125,-109.625,36.875,"48","61",21,1.7279454683885,0.0822831175423094
"4442",-109.875,36.875,-109.625,36.625,"49","61",3,0.308958955109119,0.102986318369706
"4443",-109.875,36.625,-109.625,36.375,"50","61",1072,136.18742435053,0.127040507789673
"4444",-109.875,36.375,-109.625,36.125,"51","61",3774,465.26134541491,0.123280695658429
"4445",-109.875,36.125,-109.625,35.875,"52","61",508,60.2922520190477,0.118685535470566
"4446",-109.875,35.875,-109.625,35.625,"53","61",947,100.300288850442,0.105913715787161
"4447",-109.875,35.625,-109.625,35.375,"54","61",99,9.92696235328913,0.10027234700292
"4448",-109.875,35.375,-109.625,35.125,"55","61",6,0.56476953625679,0.0941282560427984
"4449",-109.875,35.125,-109.625,34.875,"56","61",0,0,
"4450",-109.875,34.875,-109.625,34.625,"57","61",0,0,
"4451",-109.875,34.625,-109.625,34.375,"58","61",440,45.4640883132815,0.103327473439276
"4452",-109.875,34.375,-109.625,34.125,"59","61",162186,194359.956584683,1.19837690420062
"4453",-109.875,34.125,-109.625,33.875,"60","61",575405,1620141.47961253,2.81565415596411
"4454",-109.875,33.875,-109.625,33.625,"61","61",466630,987515.915430306,2.11627181156442
"4455",-109.875,33.625,-109.625,33.375,"62","61",47032,34541.7308298675,0.734430405465799
"4456",-109.875,33.375,-109.625,33.125,"63","61",29933,17778.6602336396,0.59394849275514
"4457",-109.875,33.125,-109.625,32.875,"64","61",453,79.5113971745595,0.17552184806746
"4458",-109.875,32.875,-109.625,32.625,"65","61",2152,1009.25741785765,0.468985788967308
"4459",-109.875,32.625,-109.625,32.375,"66","61",493,231.920682966709,0.470427348816854
"4460",-109.875,32.375,-109.625,32.125,"67","61",0,0,
"4461",-109.875,32.125,-109.625,31.875,"68","61",9,4.2342923283577,0.470476925373077
"4462",-109.875,31.875,-109.625,31.625,"69","61",0,0,
"4463",-109.875,31.625,-109.625,31.375,"70","61",0,0,
"4464",-109.875,31.375,-109.625,31.125,"71","61",0,0,
"4465",-109.625,49.125,-109.375,48.875,"0","62",0,0,
"4466",-109.625,48.875,-109.375,48.625,"1","62",0,0,
"4467",-109.625,48.625,-109.375,48.375,"2","62",0,0,
"4468",-109.625,48.375,-109.375,48.125,"3","62",156,146.61337852478,0.939829349517822
"4469",-109.625,48.125,-109.375,47.875,"4","62",2,1.87965869903564,0.939829349517822
"4470",-109.625,47.875,-109.375,47.625,"5","62",0,0,
"4471",-109.625,47.625,-109.375,47.375,"6","62",0,0,
"4472",-109.625,47.375,-109.375,47.125,"7","62",23510,10593.7820983096,0.450607490357701
"4473",-109.625,47.125,-109.375,46.875,"8","62",21432,13506.2191362598,0.630189396055422
"4474",-109.625,46.875,-109.375,46.625,"9","62",102987,84146.2958297795,0.817057452200564
"4475",-109.625,46.625,-109.375,46.375,"10","62",0,0,
"4476",-109.625,46.375,-109.375,46.125,"11","62",0,0,
"4477",-109.625,46.125,-109.375,45.875,"12","62",0,0,
"4478",-109.625,45.875,-109.375,45.625,"13","62",3,2.81948804855347,0.939829349517822
"4479",-109.625,45.625,-109.375,45.375,"14","62",138,127.926168596372,0.927001221712841
"4480",-109.625,45.375,-109.375,45.125,"15","62",55801,30622.6819844192,0.548783749115952
"4481",-109.625,45.125,-109.375,44.875,"16","62",32517,13876.4073533951,0.42674316060507
"4482",-109.625,44.875,-109.375,44.625,"17","62",101656,60631.0846121585,0.59643390072557
"4483",-109.625,44.625,-109.375,44.375,"18","62",47629,30968.7786229261,0.650208457513827
"4484",-109.625,44.375,-109.375,44.125,"19","62",38452,21431.6384368239,0.557360824841982
"4485",-109.625,44.125,-109.375,43.875,"20","62",19926,12761.9116027842,0.640465301755707
"4486",-109.625,43.875,-109.375,43.625,"21","62",43908,24010.6850767283,0.546840782470808
"4487",-109.625,43.625,-109.375,43.375,"22","62",14953,11621.8196158085,0.777223273979033
"4488",-109.625,43.375,-109.375,43.125,"23","62",48683,36976.1175517928,0.75952832717361
"4489",-109.625,43.125,-109.375,42.875,"24","62",30660,21388.9886338874,0.697618676904352
"4490",-109.625,42.875,-109.375,42.625,"25","62",27700,12912.0218159472,0.466137971694845
"4491",-109.625,42.625,-109.375,42.375,"26","62",7,8.7211399115622,1.24587713022317
"4492",-109.625,42.375,-109.375,42.125,"27","62",0,0,
"4493",-109.625,42.125,-109.375,41.875,"28","62",0,0,
"4494",-109.625,41.875,-109.375,41.625,"29","62",0,0,
"4495",-109.625,41.625,-109.375,41.375,"30","62",0,0,
"4496",-109.625,41.375,-109.375,41.125,"31","62",0,0,
"4497",-109.625,41.125,-109.375,40.875,"32","62",39953,44245.3150684659,1.107434111793
"4498",-109.625,40.875,-109.375,40.625,"33","62",298875,640006.750666347,2.14138603317891
"4499",-109.625,40.625,-109.375,40.375,"34","62",3751,7632.06917243109,2.03467586575076
"4500",-109.625,40.375,-109.375,40.125,"35","62",0,0,
"4501",-109.625,40.125,-109.375,39.875,"36","62",30,39.1862123012543,1.30620707670848
"4502",-109.625,39.875,-109.375,39.625,"37","62",786,1026.96774262749,1.30657473616729
"4503",-109.625,39.625,-109.375,39.375,"38","62",91156,78003.9681054755,0.855719514957605
"4504",-109.625,39.375,-109.375,39.125,"39","62",131713,190235.196950824,1.44431602765728
"4505",-109.625,39.125,-109.375,38.875,"40","62",4514,5527.57678833604,1.22454071518299
"4506",-109.625,38.875,-109.375,38.625,"41","62",0,0,
"4507",-109.625,38.625,-109.375,38.375,"42","62",212,92.1918744295835,0.434867332215017
"4508",-109.625,38.375,-109.375,38.125,"43","62",0,0,
"4509",-109.625,38.125,-109.375,37.875,"44","62",59678,25232.3542637359,0.422808308987163
"4510",-109.625,37.875,-109.375,37.625,"45","62",121546,59862.4646499096,0.492508718097754
"4511",-109.625,37.625,-109.375,37.375,"46","62",81,10.3294483590871,0.12752405381589
"4512",-109.625,37.375,-109.375,37.125,"47","62",5,0.984660096466541,0.196932019293308
"4513",-109.625,37.125,-109.375,36.875,"48","62",71,7.29489359259605,0.102744980177409
"4514",-109.625,36.875,-109.375,36.625,"49","62",464,52.3269520848989,0.112773603631248
"4515",-109.625,36.625,-109.375,36.375,"50","62",331,38.9701432590373,0.117734571779569
"4516",-109.625,36.375,-109.375,36.125,"51","62",3989,826.331915885676,0.207152648755497
"4517",-109.625,36.125,-109.375,35.875,"52","62",4576,625.05076488154,0.136593261556281
"4518",-109.625,35.875,-109.375,35.625,"53","62",1954,211.468891397119,0.108223588227799
"4519",-109.625,35.625,-109.375,35.375,"54","62",1741,185.532891940325,0.106566853498177
"4520",-109.625,35.375,-109.375,35.125,"55","62",120,11.77611412853,0.0981342844044169
"4521",-109.625,35.125,-109.375,34.875,"56","62",87,8.67594054341316,0.0997234545219904
"4522",-109.625,34.875,-109.375,34.625,"57","62",0,0,
"4523",-109.625,34.625,-109.375,34.375,"58","62",15,2.85137843154371,0.190091895436247
"4524",-109.625,34.375,-109.375,34.125,"59","62",79498,194122.632638121,2.44185555156257
"4525",-109.625,34.125,-109.375,33.875,"60","62",361263,1282686.26055439,3.55056083948367
"4526",-109.625,33.875,-109.375,33.625,"61","62",385408,886200.156127193,2.29938183983517
"4527",-109.625,33.625,-109.375,33.375,"62","62",118536,206050.221515388,1.73829234591507
"4528",-109.625,33.375,-109.375,33.125,"63","62",10432,10783.1416738647,1.03366005309286
"4529",-109.625,33.125,-109.375,32.875,"64","62",1324,518.94921864965,0.391955603209705
"4530",-109.625,32.875,-109.375,32.625,"65","62",0,0,
"4531",-109.625,32.625,-109.375,32.375,"66","62",0,0,
"4532",-109.625,32.375,-109.375,32.125,"67","62",20,9.40953850746155,0.470476925373077
"4533",-109.625,32.125,-109.375,31.875,"68","62",17,7.99810773134232,0.470476925373077
"4534",-109.625,31.875,-109.375,31.625,"69","62",11,5.17524617910385,0.470476925373077
"4535",-109.625,31.625,-109.375,31.375,"70","62",1,0.470476925373077,0.470476925373077
"4536",-109.625,31.375,-109.375,31.125,"71","62",0,0,
"4537",-109.375,49.125,-109.125,48.875,"0","63",0,0,
"4538",-109.375,48.875,-109.125,48.625,"1","63",0,0,
"4539",-109.375,48.625,-109.125,48.375,"2","63",0,0,
"4540",-109.375,48.375,-109.125,48.125,"3","63",0,0,
"4541",-109.375,48.125,-109.125,47.875,"4","63",0,0,
"4542",-109.375,47.875,-109.125,47.625,"5","63",0,0,
"4543",-109.375,47.625,-109.125,47.375,"6","63",0,0,
"4544",-109.375,47.375,-109.125,47.125,"7","63",64393,29281.5005179328,0.45473111235589
"4545",-109.375,47.125,-109.125,46.875,"8","63",46801,24026.7884828728,0.513381946600987
"4546",-109.375,46.875,-109.125,46.625,"9","63",139902,130173.552289401,0.930462411469462
"4547",-109.375,46.625,-109.125,46.375,"10","63",0,0,
"4548",-109.375,46.375,-109.125,46.125,"11","63",0,0,
"4549",-109.375,46.125,-109.125,45.875,"12","63",0,0,
"4550",-109.375,45.875,-109.125,45.625,"13","63",0,0,
"4551",-109.375,45.625,-109.125,45.375,"14","63",0,0,
"4552",-109.375,45.375,-109.125,45.125,"15","63",18569,10003.0820507564,0.53869794015598
"4553",-109.375,45.125,-109.125,44.875,"16","63",34979,19355.3285575935,0.553341392195131
"4554",-109.375,44.875,-109.125,44.625,"17","63",26093,25995.5062227921,0.99626360413874
"4555",-109.375,44.625,-109.125,44.375,"18","63",35987,40852.0675662824,1.13518958419103
"4556",-109.375,44.375,-109.125,44.125,"19","63",11993,8154.21230177398,0.679914308494453
"4557",-109.375,44.125,-109.125,43.875,"20","63",42457,28357.0529727933,0.667900534017789
"4558",-109.375,43.875,-109.125,43.625,"21","63",33286,17119.0045619321,0.514300443487716
"4559",-109.375,43.625,-109.125,43.375,"22","63",5924,2901.30617393478,0.4897545870923
"4560",-109.375,43.375,-109.125,43.125,"23","63",35240,34440.5660698929,0.97731458768141
"4561",-109.375,43.125,-109.125,42.875,"24","63",49040,34459.7099108255,0.702685764902641
"4562",-109.375,42.875,-109.125,42.625,"25","63",50387,21549.8769371303,0.427687239508808
"4563",-109.375,42.625,-109.125,42.375,"26","63",32395,14821.5037309277,0.457524424476854
"4564",-109.375,42.375,-109.125,42.125,"27","63",0,0,
"4565",-109.375,42.125,-109.125,41.875,"28","63",0,0,
"4566",-109.375,41.875,-109.125,41.625,"29","63",0,0,
"4567",-109.375,41.625,-109.125,41.375,"30","63",0,0,
"4568",-109.375,41.375,-109.125,41.125,"31","63",0,0,
"4569",-109.375,41.125,-109.125,40.875,"32","63",16625,16196.3094983807,0.974214105165756
"4570",-109.375,40.875,-109.125,40.625,"33","63",128107,392687.99898096,3.06531258230198
"4571",-109.375,40.625,-109.125,40.375,"34","63",15172,13436.3122534757,0.885599278504855
"4572",-109.375,40.375,-109.125,40.125,"35","63",1803,1073.80524735086,0.595565860982173
"4573",-109.375,40.125,-109.125,39.875,"36","63",6,8.69866734743118,1.44977789123853
"4574",-109.375,39.875,-109.125,39.625,"37","63",8666,7251.9532352949,0.8368282062422
"4575",-109.375,39.625,-109.125,39.375,"38","63",159102,193241.230036172,1.21457448703456
"4576",-109.375,39.375,-109.125,39.125,"39","63",7325,8866.54860835709,1.21045032196001
"4577",-109.375,39.125,-109.125,38.875,"40","63",0,0,
"4578",-109.375,38.875,-109.125,38.625,"41","63",5340,1595.08970934898,0.298705938080333
"4579",-109.375,38.625,-109.125,38.375,"42","63",206597,103420.699917916,0.500591489314538
"4580",-109.375,38.375,-109.125,38.125,"43","63",15778,5350.62277471274,0.339119202352183
"4581",-109.375,38.125,-109.125,37.875,"44","63",1421,461.837719395757,0.325008951017422
"4582",-109.375,37.875,-109.125,37.625,"45","63",2098,515.589631590061,0.245752922588208
"4583",-109.375,37.625,-109.125,37.375,"46","63",622,68.2879264876246,0.109787663163384
"4584",-109.375,37.375,-109.125,37.125,"47","63",6,0.998596712946892,0.166432785491149
"4585",-109.375,37.125,-109.125,36.875,"48","63",375,35.5588508099318,0.094823602159818
"4586",-109.375,36.875,-109.125,36.625,"49","63",69597,39638.3092002815,0.56954048594453
"4587",-109.375,36.625,-109.125,36.375,"50","63",101077,85588.5119009576,0.846765455058595
"4588",-109.375,36.375,-109.125,36.125,"51","63",44448,32149.9934006884,0.723316986156597
"4589",-109.375,36.125,-109.125,35.875,"52","63",142971,26016.4473353646,0.181970101176914
"4590",-109.375,35.875,-109.125,35.625,"53","63",91570,21331.8159056163,0.232956382064173
"4591",-109.375,35.625,-109.125,35.375,"54","63",34342,5381.92908681975,0.156715656828949
"4592",-109.375,35.375,-109.125,35.125,"55","63",1128,135.452260226011,0.120081790980506
"4593",-109.375,35.125,-109.125,34.875,"56","63",584,57.906600445509,0.0991551377491592
"4594",-109.375,34.875,-109.125,34.625,"57","63",188,18.8778946101665,0.100414333032801
"4595",-109.375,34.625,-109.125,34.375,"58","63",193,19.3921030936763,0.10047721810195
"4596",-109.375,34.375,-109.125,34.125,"59","63",1161,132.79515564302,0.114379979020689
"4597",-109.375,34.125,-109.125,33.875,"60","63",153594,335746.185557373,2.18593295022835
"4598",-109.375,33.875,-109.125,33.625,"61","63",349923,704671.682646215,2.01379069865718
"4599",-109.375,33.625,-109.125,33.375,"62","63",143308,260836.780572033,1.82011318678673
"4600",-109.375,33.375,-109.125,33.125,"63","63",14630,14149.2731235384,0.967141020064141
"4601",-109.375,33.125,-109.125,32.875,"64","63",746,767.568541002693,1.02891225335482
"4602",-109.375,32.875,-109.125,32.625,"65","63",0,0,
"4603",-109.375,32.625,-109.125,32.375,"66","63",0,0,
"4604",-109.375,32.375,-109.125,32.125,"67","63",0,0,
"4605",-109.375,32.125,-109.125,31.875,"68","63",4181,1963.37423974276,0.469594412758373
"4606",-109.375,31.875,-109.125,31.625,"69","63",10864,5095.11430707574,0.468990639458371
"4607",-109.375,31.625,-109.125,31.375,"70","63",1,0.470476925373077,0.470476925373077
"4608",-109.375,31.375,-109.125,31.125,"71","63",0,0,
"4609",-109.125,49.125,-108.875,48.875,"0","64",0,0,
"4610",-109.125,48.875,-108.875,48.625,"1","64",0,0,
"4611",-109.125,48.625,-108.875,48.375,"2","64",0,0,
"4612",-109.125,48.375,-108.875,48.125,"3","64",1,0.939829349517822,0.939829349517822
"4613",-109.125,48.125,-108.875,47.875,"4","64",0,0,
"4614",-109.125,47.875,-108.875,47.625,"5","64",0,0,
"4615",-109.125,47.625,-108.875,47.375,"6","64",0,0,
"4616",-109.125,47.375,-108.875,47.125,"7","64",9082,3732.22538155112,0.410947520540753
"4617",-109.125,47.125,-108.875,46.875,"8","64",28225,17159.6412426249,0.607958945708589
"4618",-109.125,46.875,-108.875,46.625,"9","64",106364,103294.093583798,0.971137730658852
"4619",-109.125,46.625,-108.875,46.375,"10","64",0,0,
"4620",-109.125,46.375,-108.875,46.125,"11","64",0,0,
"4621",-109.125,46.125,-108.875,45.875,"12","64",0,0,
"4622",-109.125,45.875,-108.875,45.625,"13","64",0,0,
"4623",-109.125,45.625,-108.875,45.375,"14","64",0,0,
"4624",-109.125,45.375,-108.875,45.125,"15","64",0,0,
"4625",-109.125,45.125,-108.875,44.875,"16","64",2,0.337027311325073,0.168513655662537
"4626",-109.125,44.875,-108.875,44.625,"17","64",1207,2818.27810965572,2.33494458132205
"4627",-109.125,44.625,-108.875,44.375,"18","64",0,0,
"4628",-109.125,44.375,-108.875,44.125,"19","64",0,0,
"4629",-109.125,44.125,-108.875,43.875,"20","64",50934,48599.1123710464,0.954158565418904
"4630",-109.125,43.875,-108.875,43.625,"21","64",71937,59844.0697729371,0.831895544336532
"4631",-109.125,43.625,-108.875,43.375,"22","64",4210,3172.95321851746,0.753670598222675
"4632",-109.125,43.375,-108.875,43.125,"23","64",0,0,
"4633",-109.125,43.125,-108.875,42.875,"24","64",45739,50887.7656417932,1.11256839112777
"4634",-109.125,42.875,-108.875,42.625,"25","64",122373,87688.9349625104,0.716570934458666
"4635",-109.125,42.625,-108.875,42.375,"26","64",65676,37614.5925809847,0.572729651333587
"4636",-109.125,42.375,-108.875,42.125,"27","64",0,0,
"4637",-109.125,42.125,-108.875,41.875,"28","64",0,0,
"4638",-109.125,41.875,-108.875,41.625,"29","64",0,0,
"4639",-109.125,41.625,-108.875,41.375,"30","64",0,0,
"4640",-109.125,41.375,-108.875,41.125,"31","64",0,0,
"4641",-109.125,41.125,-108.875,40.875,"32","64",40412,139831.208261211,3.46014075673589
"4642",-109.125,40.875,-108.875,40.625,"33","64",70502,154837.20465218,2.19621010258121
"4643",-109.125,40.625,-108.875,40.375,"34","64",42446,48006.2872659256,1.13099673151594
"4644",-109.125,40.375,-108.875,40.125,"35","64",1734,885.564146889024,0.510705967064028
"4645",-109.125,40.125,-108.875,39.875,"36","64",2772,1706.97238708567,0.615790904432059
"4646",-109.125,39.875,-108.875,39.625,"37","64",72869,112330.301046868,1.54153756805868
"4647",-109.125,39.625,-108.875,39.375,"38","64",180712,315036.302356339,1.74330593627617
"4648",-109.125,39.375,-108.875,39.125,"39","64",67,104.717936396599,1.5629542745761
"4649",-109.125,39.125,-108.875,38.875,"40","64",20985,5154.43469219655,0.24562471728361
"4650",-109.125,38.875,-108.875,38.625,"41","64",34887,7910.25827386416,0.22673942367828
"4651",-109.125,38.625,-108.875,38.375,"42","64",74401,22910.908691816,0.307938182172498
"4652",-109.125,38.375,-108.875,38.125,"43","64",5711,1739.69704410434,0.304622140449017
"4653",-109.125,38.125,-108.875,37.875,"44","64",15067,2535.33962124493,0.168271030812035
"4654",-109.125,37.875,-108.875,37.625,"45","64",1076,172.609203610569,0.160417475474507
"4655",-109.125,37.625,-108.875,37.375,"46","64",4560,575.207905027084,0.126142084435764
"4656",-109.125,37.375,-108.875,37.125,"47","64",276,29.5049756702501,0.106902085761776
"4657",-109.125,37.125,-108.875,36.875,"48","64",12,1.20558692514896,0.100465577095747
"4658",-109.125,36.875,-108.875,36.625,"49","64",8950,2548.28962675075,0.284725097960977
"4659",-109.125,36.625,-108.875,36.375,"50","64",104941,116194.343700338,1.10723495774138
"4660",-109.125,36.375,-108.875,36.125,"51","64",346234,419300.250379864,1.211031413379
"4661",-109.125,36.125,-108.875,35.875,"52","64",231222,130506.863480229,0.564422345106558
"4662",-109.125,35.875,-108.875,35.625,"53","64",72222,24693.4546508348,0.341910424120556
"4663",-109.125,35.625,-108.875,35.375,"54","64",15282,1529.93097993429,0.100113269201301
"4664",-109.125,35.375,-108.875,35.125,"55","64",10096,1126.78980109585,0.111607547652124
"4665",-109.125,35.125,-108.875,34.875,"56","64",1337,130.604344055057,0.0976846253216579
"4666",-109.125,34.875,-108.875,34.625,"57","64",4246,445.615566000342,0.104949497409407
"4667",-109.125,34.625,-108.875,34.375,"58","64",512,51.6652405634522,0.100908672975493
"4668",-109.125,34.375,-108.875,34.125,"59","64",834,467.981732905697,0.56112917614592
"4669",-109.125,34.125,-108.875,33.875,"60","64",151180,229934.607260092,1.5209327110735
"4670",-109.125,33.875,-108.875,33.625,"61","64",249552,276650.807843653,1.10858982433983
"4671",-109.125,33.625,-108.875,33.375,"62","64",112146,117886.870114805,1.05119103770803
"4672",-109.125,33.375,-108.875,33.125,"63","64",23419,25511.7976493595,1.08936323708781
"4673",-109.125,33.125,-108.875,32.875,"64","64",12852,10513.8074113838,0.818067803562385
"4674",-109.125,32.875,-108.875,32.625,"65","64",304,333.404686947353,1.09672594390577
"4675",-109.125,32.625,-108.875,32.375,"66","64",0,0,
"4676",-109.125,32.375,-108.875,32.125,"67","64",0,0,
"4677",-109.125,32.125,-108.875,31.875,"68","64",0,0,
"4678",-109.125,31.875,-108.875,31.625,"69","64",0,0,
"4679",-109.125,31.625,-108.875,31.375,"70","64",10,4.70476925373077,0.470476925373077
"4680",-109.125,31.375,-108.875,31.125,"71","64",0,0,
"4681",-108.875,49.125,-108.625,48.875,"0","65",0,0,
"4682",-108.875,48.875,-108.625,48.625,"1","65",0,0,
"4683",-108.875,48.625,-108.625,48.375,"2","65",0,0,
"4684",-108.875,48.375,-108.625,48.125,"3","65",0,0,
"4685",-108.875,48.125,-108.625,47.875,"4","65",60,56.3897609710693,0.939829349517822
"4686",-108.875,47.875,-108.625,47.625,"5","65",1,0.939829349517822,0.939829349517822
"4687",-108.875,47.625,-108.625,47.375,"6","65",0,0,
"4688",-108.875,47.375,-108.625,47.125,"7","65",0,0,
"4689",-108.875,47.125,-108.625,46.875,"8","65",28,3.10923689976335,0.111044174991548
"4690",-108.875,46.875,-108.625,46.625,"9","65",401,226.20704177802,0.564107336104787
"4691",-108.875,46.625,-108.625,46.375,"10","65",0,0,
"4692",-108.875,46.375,-108.625,46.125,"11","65",0,0,
"4693",-108.875,46.125,-108.625,45.875,"12","65",0,0,
"4694",-108.875,45.875,-108.625,45.625,"13","65",0,0,
"4695",-108.875,45.625,-108.625,45.375,"14","65",0,0,
"4696",-108.875,45.375,-108.625,45.125,"15","65",9849,13221.7767503421,1.34244864964383
"4697",-108.875,45.125,-108.625,44.875,"16","65",0,0,
"4698",-108.875,44.875,-108.625,44.625,"17","65",0,0,
"4699",-108.875,44.625,-108.625,44.375,"18","65",0,0,
"4700",-108.875,44.375,-108.625,44.125,"19","65",0,0,
"4701",-108.875,44.125,-108.625,43.875,"20","65",6935,7986.70684869221,1.15165203297653
"4702",-108.875,43.875,-108.625,43.625,"21","65",6680,7728.24090211553,1.15692229073586
"4703",-108.875,43.625,-108.625,43.375,"22","65",7306,9580.14213594154,1.31127048124029
"4704",-108.875,43.375,-108.625,43.125,"23","65",0,0,
"4705",-108.875,43.125,-108.625,42.875,"24","65",0,0,
"4706",-108.875,42.875,-108.625,42.625,"25","65",69165,117813.605897625,1.70337028696053
"4707",-108.875,42.625,-108.625,42.375,"26","65",74959,71720.7986746435,0.956800366528949
"4708",-108.875,42.375,-108.625,42.125,"27","65",0,0,
"4709",-108.875,42.125,-108.625,41.875,"28","65",0,0,
"4710",-108.875,41.875,-108.625,41.625,"29","65",0,0,
"4711",-108.875,41.625,-108.625,41.375,"30","65",0,0,
"4712",-108.875,41.375,-108.625,41.125,"31","65",0,0,
"4713",-108.875,41.125,-108.625,40.875,"32","65",5660,16356.2352531579,2.88979421433886
"4714",-108.875,40.875,-108.625,40.625,"33","65",5141,8674.59873074798,1.68733684706244
"4715",-108.875,40.625,-108.625,40.375,"34","65",29125,27908.3442835177,0.95822641316799
"4716",-108.875,40.375,-108.625,40.125,"35","65",4389,2311.63996902545,0.526689443842663
"4717",-108.875,40.125,-108.625,39.875,"36","65",9811,12226.6128764725,1.24621474635333
"4718",-108.875,39.875,-108.625,39.625,"37","65",121601,217647.716000991,1.78985136636205
"4719",-108.875,39.625,-108.625,39.375,"38","65",204267,416905.618939237,2.04098370730092
"4720",-108.875,39.375,-108.625,39.125,"39","65",1188,1752.16029199213,1.47488240066677
"4721",-108.875,39.125,-108.625,38.875,"40","65",40215,12489.4362861477,0.310566611616255
"4722",-108.875,38.875,-108.625,38.625,"41","65",169348,60992.1964661079,0.360158941741903
"4723",-108.875,38.625,-108.625,38.375,"42","65",54637,19684.0536343534,0.36026966404366
"4724",-108.875,38.375,-108.625,38.125,"43","65",20,5.17352174967527,0.258676087483764
"4725",-108.875,38.125,-108.625,37.875,"44","65",31921,11744.8018591315,0.367933393663468
"4726",-108.875,37.875,-108.625,37.625,"45","65",191988,138185.988168862,0.71976367360909
"4727",-108.875,37.625,-108.625,37.375,"46","65",14416,2979.70699417405,0.206694436332828
"4728",-108.875,37.375,-108.625,37.125,"47","65",49457,62998.7922020162,1.2738094142794
"4729",-108.875,37.125,-108.625,36.875,"48","65",1478,179.154033038765,0.121213824789422
"4730",-108.875,36.875,-108.625,36.625,"49","65",5,1.09474338591099,0.218948677182198
"4731",-108.875,36.625,-108.625,36.375,"50","65",8,1.13792999088764,0.142241248860955
"4732",-108.875,36.375,-108.625,36.125,"51","65",8248,2996.45999581882,0.363295343818965
"4733",-108.875,36.125,-108.625,35.875,"52","65",187974,224774.005329403,1.19577178402015
"4734",-108.875,35.875,-108.625,35.625,"53","65",6724,692.637726653367,0.103009774933576
"4735",-108.875,35.625,-108.625,35.375,"54","65",18286,2157.73473019898,0.117999274319095
"4736",-108.875,35.375,-108.625,35.125,"55","65",21323,2890.19013013341,0.135543316143761
"4737",-108.875,35.125,-108.625,34.875,"56","65",36356,5231.3813739013,0.14389320535541
"4738",-108.875,34.875,-108.625,34.625,"57","65",6266,641.285680221394,0.102343708940535
"4739",-108.875,34.625,-108.625,34.375,"58","65",3587,379.950576972216,0.105924331467024
"4740",-108.875,34.375,-108.625,34.125,"59","65",3027,773.421180658101,0.255507492784308
"4741",-108.875,34.125,-108.625,33.875,"60","65",93343,98354.4105129402,1.05368812351157
"4742",-108.875,33.875,-108.625,33.625,"61","65",104582,69897.4982396545,0.668351133461346
"4743",-108.875,33.625,-108.625,33.375,"62","65",239297,408296.222002578,1.70623209652682
"4744",-108.875,33.375,-108.625,33.125,"63","65",213021,534841.413154869,2.51074501178226
"4745",-108.875,33.125,-108.625,32.875,"64","65",700,79.2911291228957,0.113273041604137
"4746",-108.875,32.875,-108.625,32.625,"65","65",875,175.953150321031,0.201089314652607
"4747",-108.875,32.625,-108.625,32.375,"66","65",0,0,
"4748",-108.875,32.375,-108.625,32.125,"67","65",0,0,
"4749",-108.875,32.125,-108.625,31.875,"68","65",0,0,
"4750",-108.875,31.875,-108.625,31.625,"69","65",0,0,
"4751",-108.875,31.625,-108.625,31.375,"70","65",180,84.6792107820511,0.470440059900284
"4752",-108.875,31.375,-108.625,31.125,"71","65",0,0,
"4753",-108.625,49.125,-108.375,48.875,"0","66",0,0,
"4754",-108.625,48.875,-108.375,48.625,"1","66",0,0,
"4755",-108.625,48.625,-108.375,48.375,"2","66",0,0,
"4756",-108.625,48.375,-108.375,48.125,"3","66",0,0,
"4757",-108.625,48.125,-108.375,47.875,"4","66",1444,1357.11358070374,0.939829349517822
"4758",-108.625,47.875,-108.375,47.625,"5","66",0,0,
"4759",-108.625,47.625,-108.375,47.375,"6","66",0,0,
"4760",-108.625,47.375,-108.375,47.125,"7","66",0,0,
"4761",-108.625,47.125,-108.375,46.875,"8","66",0,0,
"4762",-108.625,46.875,-108.375,46.625,"9","66",0,0,
"4763",-108.625,46.625,-108.375,46.375,"10","66",0,0,
"4764",-108.625,46.375,-108.375,46.125,"11","66",3,2.81948804855347,0.939829349517822
"4765",-108.625,46.125,-108.375,45.875,"12","66",0,0,
"4766",-108.625,45.875,-108.375,45.625,"13","66",0,0,
"4767",-108.625,45.625,-108.375,45.375,"14","66",196,353.783055857755,1.805015591111
"4768",-108.625,45.375,-108.375,45.125,"15","66",176611,206413.578599986,1.16874701236042
"4769",-108.625,45.125,-108.375,44.875,"16","66",12392,13106.5042175776,1.05765850690587
"4770",-108.625,44.875,-108.375,44.625,"17","66",0,0,
"4771",-108.625,44.625,-108.375,44.375,"18","66",0,0,
"4772",-108.625,44.375,-108.375,44.125,"19","66",0,0,
"4773",-108.625,44.125,-108.375,43.875,"20","66",0,0,
"4774",-108.625,43.875,-108.375,43.625,"21","66",0,0,
"4775",-108.625,43.625,-108.375,43.375,"22","66",147,142.36263447348,0.968453295737961
"4776",-108.625,43.375,-108.375,43.125,"23","66",0,0,
"4777",-108.625,43.125,-108.375,42.875,"24","66",0,0,
"4778",-108.625,42.875,-108.375,42.625,"25","66",0,0,
"4779",-108.625,42.625,-108.375,42.375,"26","66",540,1430.58132578875,2.64922467738657
"4780",-108.625,42.375,-108.375,42.125,"27","66",0,0,
"4781",-108.625,42.125,-108.375,41.875,"28","66",0,0,
"4782",-108.625,41.875,-108.375,41.625,"29","66",0,0,
"4783",-108.625,41.625,-108.375,41.375,"30","66",0,0,
"4784",-108.625,41.375,-108.375,41.125,"31","66",0,0,
"4785",-108.625,41.125,-108.375,40.875,"32","66",0,0,
"4786",-108.625,40.875,-108.375,40.625,"33","66",0,0,
"4787",-108.625,40.625,-108.375,40.375,"34","66",8458,3408.81534205205,0.403028534174989
"4788",-108.625,40.375,-108.375,40.125,"35","66",2336,838.323039829964,0.358871164310772
"4789",-108.625,40.125,-108.375,39.875,"36","66",29597,36437.8513702792,1.23113326925969
"4790",-108.625,39.875,-108.375,39.625,"37","66",95953,175661.112620325,1.8306995364431
"4791",-108.625,39.625,-108.375,39.375,"38","66",282166,602169.343173478,2.13409603982577
"4792",-108.625,39.375,-108.375,39.125,"39","66",43127,78669.5043559757,1.8241357932612
"4793",-108.625,39.125,-108.375,38.875,"40","66",7341,2139.06190941855,0.291385629943952
"4794",-108.625,38.875,-108.375,38.625,"41","66",44024,11860.8359020054,0.269417497319767
"4795",-108.625,38.625,-108.375,38.375,"42","66",187302,52675.7704122767,0.281234425752404
"4796",-108.625,38.375,-108.375,38.125,"43","66",7373,1802.0608017873,0.244413508990547
"4797",-108.625,38.125,-108.375,37.875,"44","66",16895,5301.59349617409,0.313796596399768
"4798",-108.625,37.875,-108.375,37.625,"45","66",148930,153836.649380049,1.03294601074363
"4799",-108.625,37.625,-108.375,37.375,"46","66",209551,235621.688498204,1.12441214071135
"4800",-108.625,37.375,-108.375,37.125,"47","66",75642,35259.000627332,0.466129936111314
"4801",-108.625,37.125,-108.375,36.875,"48","66",16561,1709.63950051274,0.103232866403764
"4802",-108.625,36.875,-108.375,36.625,"49","66",70,7.0535873696208,0.100765533851726
"4803",-108.625,36.625,-108.375,36.375,"50","66",8,1.84340552985668,0.230425691232085
"4804",-108.625,36.375,-108.375,36.125,"51","66",0,0,
"4805",-108.625,36.125,-108.375,35.875,"52","66",3,0.302634008228779,0.100878002742926
"4806",-108.625,35.875,-108.375,35.625,"53","66",18807,2243.75852373056,0.119304435780856
"4807",-108.625,35.625,-108.375,35.375,"54","66",44109,18838.1031413159,0.427080712356115
"4808",-108.625,35.375,-108.375,35.125,"55","66",174069,103935.735678409,0.597095035178056
"4809",-108.625,35.125,-108.375,34.875,"56","66",46031,6931.18351625514,0.150576427109017
"4810",-108.625,34.875,-108.375,34.625,"57","66",3302,340.42404986918,0.103096320372253
"4811",-108.625,34.625,-108.375,34.375,"58","66",7542,683.377791372128,0.0906096249498976
"4812",-108.625,34.375,-108.375,34.125,"59","66",35815,46425.5270361349,1.29625930576951
"4813",-108.625,34.125,-108.375,33.875,"60","66",138594,147040.769276652,1.06094613963557
"4814",-108.625,33.875,-108.375,33.625,"61","66",166964,262993.88195406,1.57515321838277
"4815",-108.625,33.625,-108.375,33.375,"62","66",180043,294391.960928049,1.63512028197736
"4816",-108.625,33.375,-108.375,33.125,"63","66",349421,583212.781905984,1.66908337479998
"4817",-108.625,33.125,-108.375,32.875,"64","66",66819,61068.6615651482,0.913941566996636
"4818",-108.625,32.875,-108.375,32.625,"65","66",3957,1632.55564376514,0.412574082326293
"4819",-108.625,32.625,-108.375,32.375,"66","66",5491,4518.12718776223,0.822824109954878
"4820",-108.625,32.375,-108.375,32.125,"67","66",0,0,
"4821",-108.625,32.125,-108.375,31.875,"68","66",0,0,
"4822",-108.625,31.875,-108.375,31.625,"69","66",0,0,
"4823",-108.625,31.625,-108.375,31.375,"70","66",0,0,
"4824",-108.625,31.375,-108.375,31.125,"71","66",0,0,
"4825",-108.375,49.125,-108.125,48.875,"0","67",0,0,
"4826",-108.375,48.875,-108.125,48.625,"1","67",0,0,
"4827",-108.375,48.625,-108.125,48.375,"2","67",0,0,
"4828",-108.375,48.375,-108.125,48.125,"3","67",0,0,
"4829",-108.375,48.125,-108.125,47.875,"4","67",0,0,
"4830",-108.375,47.875,-108.125,47.625,"5","67",0,0,
"4831",-108.375,47.625,-108.125,47.375,"6","67",0,0,
"4832",-108.375,47.375,-108.125,47.125,"7","67",0,0,
"4833",-108.375,47.125,-108.125,46.875,"8","67",0,0,
"4834",-108.375,46.875,-108.125,46.625,"9","67",0,0,
"4835",-108.375,46.625,-108.125,46.375,"10","67",0,0,
"4836",-108.375,46.375,-108.125,46.125,"11","67",45,42.292320728302,0.939829349517822
"4837",-108.375,46.125,-108.125,45.875,"12","67",0,0,
"4838",-108.375,45.875,-108.125,45.625,"13","67",0,0,
"4839",-108.375,45.625,-108.125,45.375,"14","67",0.467961500022146,0.236131726950483,0.504596482700624
"4840",-108.375,45.375,-108.125,45.125,"15","67",28746,22866.4196122866,0.795464398952431
"4841",-108.375,45.125,-108.125,44.875,"16","67",17392,16175.9081674684,0.930077516528774
"4842",-108.375,44.875,-108.125,44.625,"17","67",0,0,
"4843",-108.375,44.625,-108.125,44.375,"18","67",0,0,
"4844",-108.375,44.375,-108.125,44.125,"19","67",0,0,
"4845",-108.375,44.125,-108.125,43.875,"20","67",0,0,
"4846",-108.375,43.875,-108.125,43.625,"21","67",0,0,
"4847",-108.375,43.625,-108.125,43.375,"22","67",0,0,
"4848",-108.375,43.375,-108.125,43.125,"23","67",0,0,
"4849",-108.375,43.125,-108.125,42.875,"24","67",0,0,
"4850",-108.375,42.875,-108.125,42.625,"25","67",0,0,
"4851",-108.375,42.625,-108.125,42.375,"26","67",0,0,
"4852",-108.375,42.375,-108.125,42.125,"27","67",0,0,
"4853",-108.375,42.125,-108.125,41.875,"28","67",0,0,
"4854",-108.375,41.875,-108.125,41.625,"29","67",0,0,
"4855",-108.375,41.625,-108.125,41.375,"30","67",0,0,
"4856",-108.375,41.375,-108.125,41.125,"31","67",0,0,
"4857",-108.375,41.125,-108.125,40.875,"32","67",0,0,
"4858",-108.375,40.875,-108.125,40.625,"33","67",0,0,
"4859",-108.375,40.625,-108.125,40.375,"34","67",0,0,
"4860",-108.375,40.375,-108.125,40.125,"35","67",16407,21448.289632007,1.30726455976151
"4861",-108.375,40.125,-108.125,39.875,"36","67",13933,11790.5756050006,0.846233804995375
"4862",-108.375,39.875,-108.125,39.625,"37","67",94146,143723.296389674,1.52660013584936
"4863",-108.375,39.625,-108.125,39.375,"38","67",98982,198003.984422184,2.000403956499
"4864",-108.375,39.375,-108.125,39.125,"39","67",10372,7334.92439341003,0.707185151697844
"4865",-108.375,39.125,-108.125,38.875,"40","67",142542,293851.441274448,2.06150777507295
"4866",-108.375,38.875,-108.125,38.625,"41","67",2981,5013.19102301495,1.68171453304762
"4867",-108.375,38.625,-108.125,38.375,"42","67",91086,36272.9032409427,0.398226985935739
"4868",-108.375,38.375,-108.125,38.125,"43","67",134304,43807.3954960561,0.326180869490529
"4869",-108.375,38.125,-108.125,37.875,"44","67",171046,195473.266207447,1.14281109296591
"4870",-108.375,37.875,-108.125,37.625,"45","67",412704,980567.976509689,2.37595946855298
"4871",-108.375,37.625,-108.125,37.375,"46","67",531545,1314848.14906704,2.47363468580654
"4872",-108.375,37.375,-108.125,37.125,"47","67",158686,170254.544628385,1.07290211252653
"4873",-108.375,37.125,-108.125,36.875,"48","67",5652,889.254487951868,0.157334481237061
"4874",-108.375,36.875,-108.125,36.625,"49","67",89,25.9744426067919,0.291847669739234
"4875",-108.375,36.625,-108.125,36.375,"50","67",1656,657.260579275433,0.396896485069706
"4876",-108.375,36.375,-108.125,36.125,"51","67",0,0,
"4877",-108.375,36.125,-108.125,35.875,"52","67",7,0.708970986306667,0.101281569472381
"4878",-108.375,35.875,-108.125,35.625,"53","67",33289,5515.98412378086,0.165699904586526
"4879",-108.375,35.625,-108.125,35.375,"54","67",75886,18097.6465111067,0.238484654759859
"4880",-108.375,35.375,-108.125,35.125,"55","67",295433,226253.79613078,0.765837926469893
"4881",-108.375,35.125,-108.125,34.875,"56","67",59773,39960.7292730696,0.668541469778489
"4882",-108.375,34.875,-108.125,34.625,"57","67",3457,546.186832294508,0.157994455393262
"4883",-108.375,34.625,-108.125,34.375,"58","67",3215,407.902883088216,0.126874924755277
"4884",-108.375,34.375,-108.125,34.125,"59","67",21287,22739.4379817791,1.068231220077
"4885",-108.375,34.125,-108.125,33.875,"60","67",55165,59856.7018862914,1.08504852508459
"4886",-108.375,33.875,-108.125,33.625,"61","67",30617,26114.3611526805,0.852936641495918
"4887",-108.375,33.625,-108.125,33.375,"62","67",112891,142209.660479747,1.25970768688157
"4888",-108.375,33.375,-108.125,33.125,"63","67",101540,83230.2325311533,0.819679264636137
"4889",-108.375,33.125,-108.125,32.875,"64","67",179554,194309.266394008,1.0821773193246
"4890",-108.375,32.875,-108.125,32.625,"65","67",13944,11214.4215416835,0.804247098514309
"4891",-108.375,32.625,-108.125,32.375,"66","67",33,2.9425478419289,0.0891681164220879
"4892",-108.375,32.375,-108.125,32.125,"67","67",0,0,
"4893",-108.375,32.125,-108.125,31.875,"68","67",0,0,
"4894",-108.375,31.875,-108.125,31.625,"69","67",0,0,
"4895",-108.375,31.625,-108.125,31.375,"70","67",0,0,
"4896",-108.375,31.375,-108.125,31.125,"71","67",0,0,
"4897",-108.125,49.125,-107.875,48.875,"0","68",0,0,
"4898",-108.125,48.875,-107.875,48.625,"1","68",0,0,
"4899",-108.125,48.625,-107.875,48.375,"2","68",0,0,
"4900",-108.125,48.375,-107.875,48.125,"3","68",0,0,
"4901",-108.125,48.125,-107.875,47.875,"4","68",0,0,
"4902",-108.125,47.875,-107.875,47.625,"5","68",0,0,
"4903",-108.125,47.625,-107.875,47.375,"6","68",0,0,
"4904",-108.125,47.375,-107.875,47.125,"7","68",0,0,
"4905",-108.125,47.125,-107.875,46.875,"8","68",0,0,
"4906",-108.125,46.875,-107.875,46.625,"9","68",0,0,
"4907",-108.125,46.625,-107.875,46.375,"10","68",0,0,
"4908",-108.125,46.375,-107.875,46.125,"11","68",0,0,
"4909",-108.125,46.125,-107.875,45.875,"12","68",0,0,
"4910",-108.125,45.875,-107.875,45.625,"13","68",0,0,
"4911",-108.125,45.625,-107.875,45.375,"14","68",0,0,
"4912",-108.125,45.375,-107.875,45.125,"15","68",35889,34402.3426985538,0.958576240590537
"4913",-108.125,45.125,-107.875,44.875,"16","68",76097,44610.4778243674,0.586231754528659
"4914",-108.125,44.875,-107.875,44.625,"17","68",26003,13233.7369718759,0.508931160707454
"4915",-108.125,44.625,-107.875,44.375,"18","68",0,0,
"4916",-108.125,44.375,-107.875,44.125,"19","68",0,0,
"4917",-108.125,44.125,-107.875,43.875,"20","68",0,0,
"4918",-108.125,43.875,-107.875,43.625,"21","68",0,0,
"4919",-108.125,43.625,-107.875,43.375,"22","68",0,0,
"4920",-108.125,43.375,-107.875,43.125,"23","68",0,0,
"4921",-108.125,43.125,-107.875,42.875,"24","68",0,0,
"4922",-108.125,42.875,-107.875,42.625,"25","68",0,0,
"4923",-108.125,42.625,-107.875,42.375,"26","68",0,0,
"4924",-108.125,42.375,-107.875,42.125,"27","68",0,0,
"4925",-108.125,42.125,-107.875,41.875,"28","68",0,0,
"4926",-108.125,41.875,-107.875,41.625,"29","68",0,0,
"4927",-108.125,41.625,-107.875,41.375,"30","68",0,0,
"4928",-108.125,41.375,-107.875,41.125,"31","68",0,0,
"4929",-108.125,41.125,-107.875,40.875,"32","68",0,0,
"4930",-108.125,40.875,-107.875,40.625,"33","68",0,0,
"4931",-108.125,40.625,-107.875,40.375,"34","68",26,20.1622543483973,0.775471321092202
"4932",-108.125,40.375,-107.875,40.125,"35","68",111010,190924.960346779,1.71988974278695
"4933",-108.125,40.125,-107.875,39.875,"36","68",110910,156336.618584063,1.40958090870132
"4934",-108.125,39.875,-107.875,39.625,"37","68",213854,408748.212749346,1.91134237727303
"4935",-108.125,39.625,-107.875,39.375,"38","68",126054,258020.771163092,2.0469066524116
"4936",-108.125,39.375,-107.875,39.125,"39","68",136498,261693.341217883,1.91719542570501
"4937",-108.125,39.125,-107.875,38.875,"40","68",126545,145266.152991821,1.14794067716481
"4938",-108.125,38.875,-107.875,38.625,"41","68",408,240.762480766411,0.590104119525516
"4939",-108.125,38.625,-107.875,38.375,"42","68",2354,734.158695545979,0.311877100911631
"4940",-108.125,38.375,-107.875,38.125,"43","68",162483,135760.052186959,0.835533884695375
"4941",-108.125,38.125,-107.875,37.875,"44","68",278368,502579.910124518,1.8054514532005
"4942",-108.125,37.875,-107.875,37.625,"45","68",226314,332628.660907777,1.46976616960408
"4943",-108.125,37.625,-107.875,37.375,"46","68",464584,1295215.00374821,2.78790273394738
"4944",-108.125,37.375,-107.875,37.125,"47","68",270021,461587.164436475,1.70944913335065
"4945",-108.125,37.125,-107.875,36.875,"48","68",11714,4433.87227321143,0.378510523579599
"4946",-108.125,36.875,-107.875,36.625,"49","68",33,10.5520948236808,0.319760449202449
"4947",-108.125,36.625,-107.875,36.375,"50","68",80,17.6032515697589,0.220040644621986
"4948",-108.125,36.375,-107.875,36.125,"51","68",8,0.814447425305843,0.10180592816323
"4949",-108.125,36.125,-107.875,35.875,"52","68",181,20.0010436475277,0.110503003577501
"4950",-108.125,35.875,-107.875,35.625,"53","68",89,9.02540171891451,0.101409008077691
"4951",-108.125,35.625,-107.875,35.375,"54","68",34678,3813.32595151477,0.10996383734687
"4952",-108.125,35.375,-107.875,35.125,"55","68",66241,29377.1142563549,0.443488387197579
"4953",-108.125,35.125,-107.875,34.875,"56","68",61915,18374.7595258572,0.296773956647939
"4954",-108.125,34.875,-107.875,34.625,"57","68",4169,712.657107756939,0.170941978353787
"4955",-108.125,34.625,-107.875,34.375,"58","68",936,190.319239135832,0.203332520444265
"4956",-108.125,34.375,-107.875,34.125,"59","68",105215,57121.2002171399,0.54289977871159
"4957",-108.125,34.125,-107.875,33.875,"60","68",11746,7765.53100541784,0.661121318356704
"4958",-108.125,33.875,-107.875,33.625,"61","68",22337,21700.7953397761,0.971517900334696
"4959",-108.125,33.625,-107.875,33.375,"62","68",30701,29186.4545859475,0.950667880067342
"4960",-108.125,33.375,-107.875,33.125,"63","68",151249,204621.783083076,1.35288023777398
"4961",-108.125,33.125,-107.875,32.875,"64","68",110133,163399.004682773,1.48365162742115
"4962",-108.125,32.875,-107.875,32.625,"65","68",8932,7762.37583618712,0.869052377539982
"4963",-108.125,32.625,-107.875,32.375,"66","68",0,0,
"4964",-108.125,32.375,-107.875,32.125,"67","68",0,0,
"4965",-108.125,32.125,-107.875,31.875,"68","68",0,0,
"4966",-108.125,31.875,-107.875,31.625,"69","68",0,0,
"4967",-108.125,31.625,-107.875,31.375,"70","68",0,0,
"4968",-108.125,31.375,-107.875,31.125,"71","68",0,0,
"4969",-107.875,49.125,-107.625,48.875,"0","69",0,0,
"4970",-107.875,48.875,-107.625,48.625,"1","69",0,0,
"4971",-107.875,48.625,-107.625,48.375,"2","69",0,0,
"4972",-107.875,48.375,-107.625,48.125,"3","69",0,0,
"4973",-107.875,48.125,-107.625,47.875,"4","69",0,0,
"4974",-107.875,47.875,-107.625,47.625,"5","69",0,0,
"4975",-107.875,47.625,-107.625,47.375,"6","69",0,0,
"4976",-107.875,47.375,-107.625,47.125,"7","69",0,0,
"4977",-107.875,47.125,-107.625,46.875,"8","69",0,0,
"4978",-107.875,46.875,-107.625,46.625,"9","69",0,0,
"4979",-107.875,46.625,-107.625,46.375,"10","69",0,0,
"4980",-107.875,46.375,-107.625,46.125,"11","69",0,0,
"4981",-107.875,46.125,-107.625,45.875,"12","69",0,0,
"4982",-107.875,45.875,-107.625,45.625,"13","69",0,0,
"4983",-107.875,45.625,-107.625,45.375,"14","69",0,0,
"4984",-107.875,45.375,-107.625,45.125,"15","69",1595,1645.84404103947,1.03187714171754
"4985",-107.875,45.125,-107.625,44.875,"16","69",88318,58413.6545134709,0.661401464180245
"4986",-107.875,44.875,-107.625,44.625,"17","69",55026,26116.0194599644,0.474612355249599
"4987",-107.875,44.625,-107.625,44.375,"18","69",5232,3947.06321815797,0.754408107446095
"4988",-107.875,44.375,-107.625,44.125,"19","69",0,0,
"4989",-107.875,44.125,-107.625,43.875,"20","69",0,0,
"4990",-107.875,43.875,-107.625,43.625,"21","69",0,0,
"4991",-107.875,43.625,-107.625,43.375,"22","69",0,0,
"4992",-107.875,43.375,-107.625,43.125,"23","69",0,0,
"4993",-107.875,43.125,-107.625,42.875,"24","69",0,0,
"4994",-107.875,42.875,-107.625,42.625,"25","69",0,0,
"4995",-107.875,42.625,-107.625,42.375,"26","69",0,0,
"4996",-107.875,42.375,-107.625,42.125,"27","69",0,0,
"4997",-107.875,42.125,-107.625,41.875,"28","69",0,0,
"4998",-107.875,41.875,-107.625,41.625,"29","69",0,0,
"4999",-107.875,41.625,-107.625,41.375,"30","69",0,0,
"5000",-107.875,41.375,-107.625,41.125,"31","69",0,0,
"5001",-107.875,41.125,-107.625,40.875,"32","69",0,0,
"5002",-107.875,40.875,-107.625,40.625,"33","69",0,0,
"5003",-107.875,40.625,-107.625,40.375,"34","69",483,209.020862729521,0.432755409377891
"5004",-107.875,40.375,-107.625,40.125,"35","69",63058,84182.7535435327,1.33500513088795
"5005",-107.875,40.125,-107.625,39.875,"36","69",111479,191759.094282457,1.72013647666786
"5006",-107.875,39.875,-107.625,39.625,"37","69",253144,636955.392410686,2.51617811368504
"5007",-107.875,39.625,-107.625,39.375,"38","69",64201,111791.362534702,1.7412713592421
"5008",-107.875,39.375,-107.625,39.125,"39","69",201088,260495.379140449,1.29542975781971
"5009",-107.875,39.125,-107.625,38.875,"40","69",140763,138994.768000861,0.987438233064519
"5010",-107.875,38.875,-107.625,38.625,"41","69",5385,3602.69747147406,0.669024600088034
"5011",-107.875,38.625,-107.625,38.375,"42","69",79270,128681.648975752,1.62333353066421
"5012",-107.875,38.375,-107.625,38.125,"43","69",168695,262973.225724321,1.55886793161814
"5013",-107.875,38.125,-107.625,37.875,"44","69",232385,474831.100540284,2.04329496542498
"5014",-107.875,37.875,-107.625,37.625,"45","69",193314,255000.202243513,1.31909847317583
"5015",-107.875,37.625,-107.625,37.375,"46","69",439702,1411261.41239395,3.20958606600368
"5016",-107.875,37.375,-107.625,37.125,"47","69",209564,458922.168141861,2.18989028717652
"5017",-107.875,37.125,-107.625,36.875,"48","69",8971,2726.28454327044,0.303899737294665
"5018",-107.875,36.875,-107.625,36.625,"49","69",6100,606.967621817021,0.0995028888224624
"5019",-107.875,36.625,-107.625,36.375,"50","69",15219,1497.58179207891,0.0984021152558586
"5020",-107.875,36.375,-107.625,36.125,"51","69",1491,176.588572047651,0.118436332694601
"5021",-107.875,36.125,-107.625,35.875,"52","69",2698,275.022052228451,0.101935527141753
"5022",-107.875,35.875,-107.625,35.625,"53","69",705,73.0155668631196,0.103568179947687
"5023",-107.875,35.625,-107.625,35.375,"54","69",17903,2250.13650444429,0.125684885463011
"5024",-107.875,35.375,-107.625,35.125,"55","69",86821,140589.210657838,1.61929960099328
"5025",-107.875,35.125,-107.625,34.875,"56","69",1611,594.046072168276,0.368743682289432
"5026",-107.875,34.875,-107.625,34.625,"57","69",12635,4394.16721977823,0.34777738185819
"5027",-107.875,34.625,-107.625,34.375,"58","69",2938,1091.21298393735,0.371413541163156
"5028",-107.875,34.375,-107.625,34.125,"59","69",27690,10921.95312246,0.394436732483207
"5029",-107.875,34.125,-107.625,33.875,"60","69",2288,1819.92161347994,0.79542028561186
"5030",-107.875,33.875,-107.625,33.625,"61","69",19670,14720.2582294293,0.748360865756448
"5031",-107.875,33.625,-107.625,33.375,"62","69",41769,32978.8659928592,0.789553640088564
"5032",-107.875,33.375,-107.625,33.125,"63","69",138983,180478.809698313,1.29856752047598
"5033",-107.875,33.125,-107.625,32.875,"64","69",163661,305213.02184481,1.86490991650307
"5034",-107.875,32.875,-107.625,32.625,"65","69",27882,35417.1639615333,1.27025191742104
"5035",-107.875,32.625,-107.625,32.375,"66","69",519,341.96241796203,0.658887125167687
"5036",-107.875,32.375,-107.625,32.125,"67","69",0,0,
"5037",-107.875,32.125,-107.625,31.875,"68","69",0,0,
"5038",-107.875,31.875,-107.625,31.625,"69","69",0,0,
"5039",-107.875,31.625,-107.625,31.375,"70","69",0,0,
"5040",-107.875,31.375,-107.625,31.125,"71","69",0,0,
"5041",-107.625,49.125,-107.375,48.875,"0","70",0,0,
"5042",-107.625,48.875,-107.375,48.625,"1","70",0,0,
"5043",-107.625,48.625,-107.375,48.375,"2","70",0,0,
"5044",-107.625,48.375,-107.375,48.125,"3","70",0,0,
"5045",-107.625,48.125,-107.375,47.875,"4","70",0,0,
"5046",-107.625,47.875,-107.375,47.625,"5","70",0,0,
"5047",-107.625,47.625,-107.375,47.375,"6","70",0,0,
"5048",-107.625,47.375,-107.375,47.125,"7","70",0,0,
"5049",-107.625,47.125,-107.375,46.875,"8","70",0,0,
"5050",-107.625,46.875,-107.375,46.625,"9","70",0,0,
"5051",-107.625,46.625,-107.375,46.375,"10","70",0,0,
"5052",-107.625,46.375,-107.375,46.125,"11","70",0,0,
"5053",-107.625,46.125,-107.375,45.875,"12","70",0,0,
"5054",-107.625,45.875,-107.375,45.625,"13","70",0,0,
"5055",-107.625,45.625,-107.375,45.375,"14","70",0,0,
"5056",-107.625,45.375,-107.375,45.125,"15","70",0,0,
"5057",-107.625,45.125,-107.375,44.875,"16","70",29394,18752.5570925581,0.637972276401922
"5058",-107.625,44.875,-107.375,44.625,"17","70",71566,30736.1319920616,0.429479529274538
"5059",-107.625,44.625,-107.375,44.375,"18","70",64493,34514.19756012,0.535161917729366
"5060",-107.625,44.375,-107.375,44.125,"19","70",25421,18801.3976379426,0.739601024269015
"5061",-107.625,44.125,-107.375,43.875,"20","70",54,44.079140946269,0.816280387893871
"5062",-107.625,43.875,-107.375,43.625,"21","70",0,0,
"5063",-107.625,43.625,-107.375,43.375,"22","70",2333,5497.01115142833,2.35619852182955
"5064",-107.625,43.375,-107.375,43.125,"23","70",248,377.955970660783,1.52401601072897
"5065",-107.625,43.125,-107.375,42.875,"24","70",0,0,
"5066",-107.625,42.875,-107.375,42.625,"25","70",0,0,
"5067",-107.625,42.625,-107.375,42.375,"26","70",0,0,
"5068",-107.625,42.375,-107.375,42.125,"27","70",0,0,
"5069",-107.625,42.125,-107.375,41.875,"28","70",0,0,
"5070",-107.625,41.875,-107.375,41.625,"29","70",0,0,
"5071",-107.625,41.625,-107.375,41.375,"30","70",0,0,
"5072",-107.625,41.375,-107.375,41.125,"31","70",0,0,
"5073",-107.625,41.125,-107.375,40.875,"32","70",13522,22321.6180187554,1.65076305418987
"5074",-107.625,40.875,-107.375,40.625,"33","70",40234,43096.6827061328,1.07115083526701
"5075",-107.625,40.625,-107.375,40.375,"34","70",11188,8314.14321156766,0.74313042648978
"5076",-107.625,40.375,-107.375,40.125,"35","70",91950,117253.795653593,1.27519081733109
"5077",-107.625,40.125,-107.375,39.875,"36","70",173708,292480.518602673,1.68374812100003
"5078",-107.625,39.875,-107.375,39.625,"37","70",183051,334366.472936995,1.82663013551958
"5079",-107.625,39.625,-107.375,39.375,"38","70",175016,324723.328850073,1.85539224328103
"5080",-107.625,39.375,-107.375,39.125,"39","70",214456,320139.370953393,1.49279745473847
"5081",-107.625,39.125,-107.375,38.875,"40","70",236774,355327.306005314,1.50070238288543
"5082",-107.625,38.875,-107.375,38.625,"41","70",185996,299043.267788862,1.60779408045798
"5083",-107.625,38.625,-107.375,38.375,"42","70",227210,525126.181622285,2.31119308843046
"5084",-107.625,38.375,-107.375,38.125,"43","70",312269,526440.760955429,1.68585662027108
"5085",-107.625,38.125,-107.375,37.875,"44","70",107782,111235.025282867,1.03203712385061
"5086",-107.625,37.875,-107.375,37.625,"45","70",63683,50198.7882396235,0.788260418630144
"5087",-107.625,37.625,-107.375,37.375,"46","70",375208,1244848.55811227,3.31775590635666
"5088",-107.625,37.375,-107.375,37.125,"47","70",363414,1058580.55116212,2.91287774043409
"5089",-107.625,37.125,-107.375,36.875,"48","70",32571,32766.9907974758,1.00601734050154
"5090",-107.625,36.875,-107.375,36.625,"49","70",5725,543.72189538274,0.094973256835413
"5091",-107.625,36.625,-107.375,36.375,"50","70",14854,1448.70447539166,0.0975295863330858
"5092",-107.625,36.375,-107.375,36.125,"51","70",6654,709.601889401674,0.106642904929617
"5093",-107.625,36.125,-107.375,35.875,"52","70",401,41.022695120424,0.102300985337716
"5094",-107.625,35.875,-107.375,35.625,"53","70",1971,237.68947134912,0.120593339091385
"5095",-107.625,35.625,-107.375,35.375,"54","70",43606,19425.8288247038,0.445485227370174
"5096",-107.625,35.375,-107.375,35.125,"55","70",262772,536536.779448563,2.04183390714598
"5097",-107.625,35.125,-107.375,34.875,"56","70",69,10.7729258574545,0.156129360252964
"5098",-107.625,34.875,-107.375,34.625,"57","70",1602,217.248360931873,0.135610712192181
"5099",-107.625,34.625,-107.375,34.375,"58","70",20,15.6409828905016,0.782049144525081
"5100",-107.625,34.375,-107.375,34.125,"59","70",4588,1127.77194401174,0.245809054928452
"5101",-107.625,34.125,-107.375,33.875,"60","70",31712,45408.675270235,1.43190827668501
"5102",-107.625,33.875,-107.375,33.625,"61","70",146698,207926.579159043,1.41737841796782
"5103",-107.625,33.625,-107.375,33.375,"62","70",50091,75106.6519652474,1.49940412379963
"5104",-107.625,33.375,-107.375,33.125,"63","70",1230,99.1185854173891,0.0805842157864952
"5105",-107.625,33.125,-107.375,32.875,"64","70",1025,236.282459467417,0.230519472651138
"5106",-107.625,32.875,-107.375,32.625,"65","70",207,159.620251063257,0.771112323977089
"5107",-107.625,32.625,-107.375,32.375,"66","70",0,0,
"5108",-107.625,32.375,-107.375,32.125,"67","70",0,0,
"5109",-107.625,32.125,-107.375,31.875,"68","70",0,0,
"5110",-107.625,31.875,-107.375,31.625,"69","70",0,0,
"5111",-107.625,31.625,-107.375,31.375,"70","70",0,0,
"5112",-107.625,31.375,-107.375,31.125,"71","70",0,0,
"5113",-107.375,49.125,-107.125,48.875,"0","71",0,0,
"5114",-107.375,48.875,-107.125,48.625,"1","71",0,0,
"5115",-107.375,48.625,-107.125,48.375,"2","71",0,0,
"5116",-107.375,48.375,-107.125,48.125,"3","71",0,0,
"5117",-107.375,48.125,-107.125,47.875,"4","71",0,0,
"5118",-107.375,47.875,-107.125,47.625,"5","71",0,0,
"5119",-107.375,47.625,-107.125,47.375,"6","71",0,0,
"5120",-107.375,47.375,-107.125,47.125,"7","71",0,0,
"5121",-107.375,47.125,-107.125,46.875,"8","71",0,0,
"5122",-107.375,46.875,-107.125,46.625,"9","71",0,0,
"5123",-107.375,46.625,-107.125,46.375,"10","71",0,0,
"5124",-107.375,46.375,-107.125,46.125,"11","71",0,0,
"5125",-107.375,46.125,-107.125,45.875,"12","71",0,0,
"5126",-107.375,45.875,-107.125,45.625,"13","71",0,0,
"5127",-107.375,45.625,-107.125,45.375,"14","71",0,0,
"5128",-107.375,45.375,-107.125,45.125,"15","71",2,1.87965869903564,0.939829349517822
"5129",-107.375,45.125,-107.125,44.875,"16","71",65,38.312920929864,0.589429552767139
"5130",-107.375,44.875,-107.125,44.625,"17","71",75598,46804.9439511672,0.619129394311585
"5131",-107.375,44.625,-107.125,44.375,"18","71",82549,56349.9779612304,0.682624598253527
"5132",-107.375,44.375,-107.125,44.125,"19","71",87052,80318.8945825256,0.922654213372761
"5133",-107.375,44.125,-107.125,43.875,"20","71",54321,45589.3354590079,0.839258030209457
"5134",-107.375,43.875,-107.125,43.625,"21","71",9843,13056.1216053216,1.32643722496409
"5135",-107.375,43.625,-107.125,43.375,"22","71",36714,43763.9117589761,1.19202243718952
"5136",-107.375,43.375,-107.125,43.125,"23","71",2386,5144.16116922826,2.15597701979391
"5137",-107.375,43.125,-107.125,42.875,"24","71",0,0,
"5138",-107.375,42.875,-107.125,42.625,"25","71",0,0,
"5139",-107.375,42.625,-107.125,42.375,"26","71",0,0,
"5140",-107.375,42.375,-107.125,42.125,"27","71",0,0,
"5141",-107.375,42.125,-107.125,41.875,"28","71",0,0,
"5142",-107.375,41.875,-107.125,41.625,"29","71",0,0,
"5143",-107.375,41.625,-107.125,41.375,"30","71",1889,6413.80832635751,3.39534585831525
"5144",-107.375,41.375,-107.125,41.125,"31","71",167293,421141.468511561,2.51738846521708
"5145",-107.375,41.125,-107.125,40.875,"32","71",83664,138693.601877564,1.65774528922313
"5146",-107.375,40.875,-107.125,40.625,"33","71",92106,101927.763603856,1.10663543747266
"5147",-107.375,40.625,-107.125,40.375,"34","71",18289,13164.875596468,0.719824790664771
"5148",-107.375,40.375,-107.125,40.125,"35","71",112730,125845.968487081,1.11634851846963
"5149",-107.375,40.125,-107.125,39.875,"36","71",58773,38761.6714883273,0.659514938633851
"5150",-107.375,39.875,-107.125,39.625,"37","71",117355,159948.55550547,1.36294623582693
"5151",-107.375,39.625,-107.125,39.375,"38","71",200473,442462.724717108,2.20709384663824
"5152",-107.375,39.375,-107.125,39.125,"39","71",312299,825173.210491115,2.6422537711972
"5153",-107.375,39.125,-107.125,38.875,"40","71",287090,637421.08128458,2.22028312126713
"5154",-107.375,38.875,-107.125,38.625,"41","71",313926,483164.840813622,1.53910425008958
"5155",-107.375,38.625,-107.125,38.375,"42","71",190219,484213.330024914,2.54555712113361
"5156",-107.375,38.375,-107.125,38.125,"43","71",257887,437717.84894043,1.69732421153618
"5157",-107.375,38.125,-107.125,37.875,"44","71",192924,248339.779548895,1.28724150208836
"5158",-107.375,37.875,-107.125,37.625,"45","71",168854,165435.67242642,0.979755720482901
"5159",-107.375,37.625,-107.125,37.375,"46","71",441085,1780945.70460713,4.03764740267099
"5160",-107.375,37.375,-107.125,37.125,"47","71",414388,1736470.99452151,4.19044710397383
"5161",-107.375,37.125,-107.125,36.875,"48","71",112414,69749.0633471696,0.620465985973007
"5162",-107.375,36.875,-107.125,36.625,"49","71",58647,18654.0487084743,0.318073366216077
"5163",-107.375,36.625,-107.125,36.375,"50","71",24808,3200.51540055079,0.129011423756482
"5164",-107.375,36.375,-107.125,36.125,"51","71",4589,595.499667445914,0.129766761265181
"5165",-107.375,36.125,-107.125,35.875,"52","71",2033,221.2014047259,0.108805413047664
"5166",-107.375,35.875,-107.125,35.625,"53","71",278,29.0747860148549,0.104585561204514
"5167",-107.375,35.625,-107.125,35.375,"54","71",73765,37795.6738246654,0.512379500097139
"5168",-107.375,35.375,-107.125,35.125,"55","71",9330,3236.00660834223,0.346838864774087
"5169",-107.375,35.125,-107.125,34.875,"56","71",5,1.53112813830376,0.306225627660751
"5170",-107.375,34.875,-107.125,34.625,"57","71",224,219.549936953932,0.980133647115768
"5171",-107.375,34.625,-107.125,34.375,"58","71",6,1.468107432127,0.244684572021166
"5172",-107.375,34.375,-107.125,34.125,"59","71",3979,218.306414792954,0.0548646430743791
"5173",-107.375,34.125,-107.125,33.875,"60","71",97826,194978.555871324,1.99311589834322
"5174",-107.375,33.875,-107.125,33.625,"61","71",8961,2849.6045585197,0.31800073189596
"5175",-107.375,33.625,-107.125,33.375,"62","71",3703,1130.12661618777,0.305192172883546
"5176",-107.375,33.375,-107.125,33.125,"63","71",0,0,
"5177",-107.375,33.125,-107.125,32.875,"64","71",0,0,
"5178",-107.375,32.875,-107.125,32.625,"65","71",0,0,
"5179",-107.375,32.625,-107.125,32.375,"66","71",0,0,
"5180",-107.375,32.375,-107.125,32.125,"67","71",0,0,
"5181",-107.375,32.125,-107.125,31.875,"68","71",0,0,
"5182",-107.375,31.875,-107.125,31.625,"69","71",0,0,
"5183",-107.375,31.625,-107.125,31.375,"70","71",0,0,
"5184",-107.375,31.375,-107.125,31.125,"71","71",0,0,
"5185",-107.125,49.125,-106.875,48.875,"0","72",0,0,
"5186",-107.125,48.875,-106.875,48.625,"1","72",0,0,
"5187",-107.125,48.625,-106.875,48.375,"2","72",0,0,
"5188",-107.125,48.375,-106.875,48.125,"3","72",0,0,
"5189",-107.125,48.125,-106.875,47.875,"4","72",0,0,
"5190",-107.125,47.875,-106.875,47.625,"5","72",0,0,
"5191",-107.125,47.625,-106.875,47.375,"6","72",0,0,
"5192",-107.125,47.375,-106.875,47.125,"7","72",0,0,
"5193",-107.125,47.125,-106.875,46.875,"8","72",0,0,
"5194",-107.125,46.875,-106.875,46.625,"9","72",0,0,
"5195",-107.125,46.625,-106.875,46.375,"10","72",0,0,
"5196",-107.125,46.375,-106.875,46.125,"11","72",0,0,
"5197",-107.125,46.125,-106.875,45.875,"12","72",0,0,
"5198",-107.125,45.875,-106.875,45.625,"13","72",0,0,
"5199",-107.125,45.625,-106.875,45.375,"14","72",14,13.1576108932495,0.939829349517822
"5200",-107.125,45.375,-106.875,45.125,"15","72",0,0,
"5201",-107.125,45.125,-106.875,44.875,"16","72",0,0,
"5202",-107.125,44.875,-106.875,44.625,"17","72",2170,1766.55870809789,0.814082353962163
"5203",-107.125,44.625,-106.875,44.375,"18","72",95494,33222.7526790611,0.347904084854139
"5204",-107.125,44.375,-106.875,44.125,"19","72",142027,50132.4995668274,0.352978655937445
"5205",-107.125,44.125,-106.875,43.875,"20","72",162585,106133.665376723,0.652788789720596
"5206",-107.125,43.875,-106.875,43.625,"21","72",83906,105564.506102411,1.2581282161277
"5207",-107.125,43.625,-106.875,43.375,"22","72",23802,31118.5171484682,1.30739085574608
"5208",-107.125,43.375,-106.875,43.125,"23","72",0,0,
"5209",-107.125,43.125,-106.875,42.875,"24","72",0,0,
"5210",-107.125,42.875,-106.875,42.625,"25","72",0,0,
"5211",-107.125,42.625,-106.875,42.375,"26","72",0,0,
"5212",-107.125,42.375,-106.875,42.125,"27","72",0,0,
"5213",-107.125,42.125,-106.875,41.875,"28","72",0,0,
"5214",-107.125,41.875,-106.875,41.625,"29","72",0,0,
"5215",-107.125,41.625,-106.875,41.375,"30","72",0,0,
"5216",-107.125,41.375,-106.875,41.125,"31","72",143143,180315.978984919,1.25969121078166
"5217",-107.125,41.125,-106.875,40.875,"32","72",158726,206985.276777597,1.3040414095838
"5218",-107.125,40.875,-106.875,40.625,"33","72",156454,209696.803963526,1.34030963710436
"5219",-107.125,40.625,-106.875,40.375,"34","72",73027,96462.215646597,1.3209116579703
"5220",-107.125,40.375,-106.875,40.125,"35","72",105189,110969.051310721,1.05494919916266
"5221",-107.125,40.125,-106.875,39.875,"36","72",116652,127367.391668737,1.09185776213641
"5222",-107.125,39.875,-106.875,39.625,"37","72",115648,175489.106147558,1.51744177285865
"5223",-107.125,39.625,-106.875,39.375,"38","72",264666,623482.695294258,2.35573400170123
"5224",-107.125,39.375,-106.875,39.125,"39","72",246353,498347.231056289,2.02289897446465
"5225",-107.125,39.125,-106.875,38.875,"40","72",85437,63004.38095561,0.737436718934537
"5226",-107.125,38.875,-106.875,38.625,"41","72",188352,229300.724734474,1.2174053088604
"5227",-107.125,38.625,-106.875,38.375,"42","72",76142,177571.868229279,2.3321145784098
"5228",-107.125,38.375,-106.875,38.125,"43","72",229877,302153.430399947,1.31441349243268
"5229",-107.125,38.125,-106.875,37.875,"44","72",160978,158440.625642681,0.984237756977235
"5230",-107.125,37.875,-106.875,37.625,"45","72",213017,256576.54949816,1.2044886065345
"5231",-107.125,37.625,-106.875,37.375,"46","72",257483,735739.59637487,2.85742979682103
"5232",-107.125,37.375,-106.875,37.125,"47","72",362042,761891.562693581,2.10442866488855
"5233",-107.125,37.125,-106.875,36.875,"48","72",212229,253951.058940836,1.19658981072726
"5234",-107.125,36.875,-106.875,36.625,"49","72",240493,230781.736554294,0.959619350892933
"5235",-107.125,36.625,-106.875,36.375,"50","72",152210,120659.887300298,0.792719842982048
"5236",-107.125,36.375,-106.875,36.125,"51","72",84358,149551.354774888,1.77281769097048
"5237",-107.125,36.125,-106.875,35.875,"52","72",93771,207823.923681739,2.21629206984824
"5238",-107.125,35.875,-106.875,35.625,"53","72",17181,50998.4167172497,2.96830316729234
"5239",-107.125,35.625,-106.875,35.375,"54","72",244,28.6918891966343,0.117589709822272
"5240",-107.125,35.375,-106.875,35.125,"55","72",0,0,
"5241",-107.125,35.125,-106.875,34.875,"56","72",0,0,
"5242",-107.125,34.875,-106.875,34.625,"57","72",0.434565629805956,0.00843968292223902,0.019420962780714
"5243",-107.125,34.625,-106.875,34.375,"58","72",2915,1373.94570378121,0.471336433544154
"5244",-107.125,34.375,-106.875,34.125,"59","72",0,0,
"5245",-107.125,34.125,-106.875,33.875,"60","72",7397,3469.39049304277,0.469026699072971
"5246",-107.125,33.875,-106.875,33.625,"61","72",0,0,
"5247",-107.125,33.625,-106.875,33.375,"62","72",0,0,
"5248",-107.125,33.375,-106.875,33.125,"63","72",0,0,
"5249",-107.125,33.125,-106.875,32.875,"64","72",0,0,
"5250",-107.125,32.875,-106.875,32.625,"65","72",0,0,
"5251",-107.125,32.625,-106.875,32.375,"66","72",0,0,
"5252",-107.125,32.375,-106.875,32.125,"67","72",0,0,
"5253",-107.125,32.125,-106.875,31.875,"68","72",0,0,
"5254",-107.125,31.875,-106.875,31.625,"69","72",0,0,
"5255",-107.125,31.625,-106.875,31.375,"70","72",0,0,
"5256",-107.125,31.375,-106.875,31.125,"71","72",0,0,
"5257",-106.875,49.125,-106.625,48.875,"0","73",0,0,
"5258",-106.875,48.875,-106.625,48.625,"1","73",0,0,
"5259",-106.875,48.625,-106.625,48.375,"2","73",0,0,
"5260",-106.875,48.375,-106.625,48.125,"3","73",0,0,
"5261",-106.875,48.125,-106.625,47.875,"4","73",0,0,
"5262",-106.875,47.875,-106.625,47.625,"5","73",0,0,
"5263",-106.875,47.625,-106.625,47.375,"6","73",0,0,
"5264",-106.875,47.375,-106.625,47.125,"7","73",0,0,
"5265",-106.875,47.125,-106.625,46.875,"8","73",0,0,
"5266",-106.875,46.875,-106.625,46.625,"9","73",0,0,
"5267",-106.875,46.625,-106.625,46.375,"10","73",0,0,
"5268",-106.875,46.375,-106.625,46.125,"11","73",0,0,
"5269",-106.875,46.125,-106.625,45.875,"12","73",0,0,
"5270",-106.875,45.875,-106.625,45.625,"13","73",0,0,
"5271",-106.875,45.625,-106.625,45.375,"14","73",2,1.87965869903564,0.939829349517822
"5272",-106.875,45.375,-106.625,45.125,"15","73",0,0,
"5273",-106.875,45.125,-106.625,44.875,"16","73",0,0,
"5274",-106.875,44.875,-106.625,44.625,"17","73",0,0,
"5275",-106.875,44.625,-106.625,44.375,"18","73",186,131.926192306913,0.70928060380061
"5276",-106.875,44.375,-106.625,44.125,"19","73",43584,29645.6310948878,0.680195280260824
"5277",-106.875,44.125,-106.625,43.875,"20","73",43432,43952.1551372352,1.01197631095126
"5278",-106.875,43.875,-106.625,43.625,"21","73",12111,7788.81707772327,0.643119236869232
"5279",-106.875,43.625,-106.625,43.375,"22","73",3,0.353759232908487,0.117919744302829
"5280",-106.875,43.375,-106.625,43.125,"23","73",0,0,
"5281",-106.875,43.125,-106.625,42.875,"24","73",0,0,
"5282",-106.875,42.875,-106.625,42.625,"25","73",0,0,
"5283",-106.875,42.625,-106.625,42.375,"26","73",0,0,
"5284",-106.875,42.375,-106.625,42.125,"27","73",0,0,
"5285",-106.875,42.125,-106.625,41.875,"28","73",0,0,
"5286",-106.875,41.875,-106.625,41.625,"29","73",282,571.033579025418,2.02494176959368
"5287",-106.875,41.625,-106.625,41.375,"30","73",1163,1551.38353902288,1.33394973260781
"5288",-106.875,41.375,-106.625,41.125,"31","73",23770,30729.7887147474,1.29279716932046
"5289",-106.875,41.125,-106.625,40.875,"32","73",117696,108670.912246115,0.923318653532106
"5290",-106.875,40.875,-106.625,40.625,"33","73",126132,150881.319739887,1.19621761123178
"5291",-106.875,40.625,-106.625,40.375,"34","73",123806,162613.317077142,1.3134526361981
"5292",-106.875,40.375,-106.625,40.125,"35","73",128373,114556.479709517,0.892372069746107
"5293",-106.875,40.125,-106.625,39.875,"36","73",136796,115983.306084696,0.847855975940053
"5294",-106.875,39.875,-106.625,39.625,"37","73",81195,123558.283782421,1.52174744482321
"5295",-106.875,39.625,-106.625,39.375,"38","73",335797,587228.499586078,1.74876041056376
"5296",-106.875,39.375,-106.625,39.125,"39","73",306613,402956.602964058,1.31421891101831
"5297",-106.875,39.125,-106.625,38.875,"40","73",152982,105004.617474694,0.686385440605394
"5298",-106.875,38.875,-106.625,38.625,"41","73",243970,249199.097611952,1.02143336316741
"5299",-106.875,38.625,-106.625,38.375,"42","73",68910,84977.6540189349,1.23316868406523
"5300",-106.875,38.375,-106.625,38.125,"43","73",165137,200347.589539994,1.21322047475729
"5301",-106.875,38.125,-106.625,37.875,"44","73",162381,150953.294291498,0.929624120380448
"5302",-106.875,37.875,-106.625,37.625,"45","73",276686,380123.383082194,1.3738439352992
"5303",-106.875,37.625,-106.625,37.375,"46","73",271892,528184.453091295,1.94262594372507
"5304",-106.875,37.375,-106.625,37.125,"47","73",370078,988568.877188784,2.67124464893559
"5305",-106.875,37.125,-106.625,36.875,"48","73",393479,854647.042644265,2.17202707805058
"5306",-106.875,36.875,-106.625,36.625,"49","73",226737,196479.767404541,0.866553616765422
"5307",-106.875,36.625,-106.625,36.375,"50","73",161362,147728.553134608,0.915510176712037
"5308",-106.875,36.375,-106.625,36.125,"51","73",362609,983126.949157554,2.71125909494126
"5309",-106.875,36.125,-106.625,35.875,"52","73",586397,2408217.21413516,4.10680343544589
"5310",-106.875,35.875,-106.625,35.625,"53","73",256294,758298.458714732,2.95870546604576
"5311",-106.875,35.625,-106.625,35.375,"54","73",195,42.2432357972721,0.216631978447549
"5312",-106.875,35.375,-106.625,35.125,"55","73",0,0,
"5313",-106.875,35.125,-106.625,34.875,"56","73",0,0,
"5314",-106.875,34.875,-106.625,34.625,"57","73",0,0,
"5315",-106.875,34.625,-106.625,34.375,"58","73",0,0,
"5316",-106.875,34.375,-106.625,34.125,"59","73",251,188.717936495115,0.75186428882516
"5317",-106.875,34.125,-106.625,33.875,"60","73",27,20.4920122148469,0.7589634153647
"5318",-106.875,33.875,-106.625,33.625,"61","73",0,0,
"5319",-106.875,33.625,-106.625,33.375,"62","73",0,0,
"5320",-106.875,33.375,-106.625,33.125,"63","73",2777,131.643289236585,0.0474048574852664
"5321",-106.875,33.125,-106.625,32.875,"64","73",2369,340.330534495122,0.143659997676286
"5322",-106.875,32.875,-106.625,32.625,"65","73",14,0.507837902754545,0.0362741359110389
"5323",-106.875,32.625,-106.625,32.375,"66","73",0,0,
"5324",-106.875,32.375,-106.625,32.125,"67","73",0,0,
"5325",-106.875,32.125,-106.625,31.875,"68","73",0,0,
"5326",-106.875,31.875,-106.625,31.625,"69","73",0,0,
"5327",-106.875,31.625,-106.625,31.375,"70","73",0,0,
"5328",-106.875,31.375,-106.625,31.125,"71","73",0,0,
"5329",-106.625,49.125,-106.375,48.875,"0","74",0,0,
"5330",-106.625,48.875,-106.375,48.625,"1","74",0,0,
"5331",-106.625,48.625,-106.375,48.375,"2","74",0,0,
"5332",-106.625,48.375,-106.375,48.125,"3","74",0,0,
"5333",-106.625,48.125,-106.375,47.875,"4","74",0,0,
"5334",-106.625,47.875,-106.375,47.625,"5","74",0,0,
"5335",-106.625,47.625,-106.375,47.375,"6","74",0,0,
"5336",-106.625,47.375,-106.375,47.125,"7","74",0,0,
"5337",-106.625,47.125,-106.375,46.875,"8","74",0,0,
"5338",-106.625,46.875,-106.375,46.625,"9","74",0,0,
"5339",-106.625,46.625,-106.375,46.375,"10","74",0,0,
"5340",-106.625,46.375,-106.375,46.125,"11","74",0,0,
"5341",-106.625,46.125,-106.375,45.875,"12","74",0,0,
"5342",-106.625,45.875,-106.375,45.625,"13","74",0,0,
"5343",-106.625,45.625,-106.375,45.375,"14","74",0,0,
"5344",-106.625,45.375,-106.375,45.125,"15","74",0,0,
"5345",-106.625,45.125,-106.375,44.875,"16","74",0,0,
"5346",-106.625,44.875,-106.375,44.625,"17","74",0,0,
"5347",-106.625,44.625,-106.375,44.375,"18","74",0,0,
"5348",-106.625,44.375,-106.375,44.125,"19","74",0,0,
"5349",-106.625,44.125,-106.375,43.875,"20","74",0,0,
"5350",-106.625,43.875,-106.375,43.625,"21","74",0,0,
"5351",-106.625,43.625,-106.375,43.375,"22","74",0,0,
"5352",-106.625,43.375,-106.375,43.125,"23","74",0,0,
"5353",-106.625,43.125,-106.375,42.875,"24","74",0,0,
"5354",-106.625,42.875,-106.375,42.625,"25","74",2925,7996.47910753777,2.73383901112402
"5355",-106.625,42.625,-106.375,42.375,"26","74",0,0,
"5356",-106.625,42.375,-106.375,42.125,"27","74",0,0,
"5357",-106.625,42.125,-106.375,41.875,"28","74",0,0,
"5358",-106.625,41.875,-106.375,41.625,"29","74",23516,39094.9820832422,1.66248435461992
"5359",-106.625,41.625,-106.375,41.375,"30","74",131813,132674.337004066,1.00653453759543
"5360",-106.625,41.375,-106.375,41.125,"31","74",132955,133518.455312717,1.00423794000013
"5361",-106.625,41.125,-106.375,40.875,"32","74",118063,111754.861388458,0.946569724540782
"5362",-106.625,40.875,-106.375,40.625,"33","74",47981,36758.5857137879,0.766107119772157
"5363",-106.625,40.625,-106.375,40.375,"34","74",58056,39179.7363158638,0.67486110506862
"5364",-106.625,40.375,-106.375,40.125,"35","74",60359,44318.4966778378,0.73424835861823
"5365",-106.625,40.125,-106.375,39.875,"36","74",157082,133692.610646259,0.851100766773142
"5366",-106.625,39.875,-106.375,39.625,"37","74",183589,175627.832323567,0.956635922215203
"5367",-106.625,39.625,-106.375,39.375,"38","74",228112,235065.57064689,1.03048314269696
"5368",-106.625,39.375,-106.375,39.125,"39","74",168827,113869.205595407,0.674472718199146
"5369",-106.625,39.125,-106.375,38.875,"40","74",110599,80364.1023466835,0.726625940077971
"5370",-106.625,38.875,-106.375,38.625,"41","74",150225,86388.9615989839,0.575063814937486
"5371",-106.625,38.625,-106.375,38.375,"42","74",220323,285543.060440261,1.29602020869479
"5372",-106.625,38.375,-106.375,38.125,"43","74",278686,333259.367418725,1.19582385702448
"5373",-106.625,38.125,-106.375,37.875,"44","74",299476,442200.44911675,1.47658059115505
"5374",-106.625,37.875,-106.375,37.625,"45","74",149384,264053.543379877,1.76761596543055
"5375",-106.625,37.625,-106.375,37.375,"46","74",281860,367177.639790005,1.30269509611156
"5376",-106.625,37.375,-106.375,37.125,"47","74",232209,338910.200678234,1.45950501779963
"5377",-106.625,37.125,-106.375,36.875,"48","74",292954,695808.365508872,2.37514546826079
"5378",-106.625,36.875,-106.375,36.625,"49","74",350691,969815.763364699,2.76544240760299
"5379",-106.625,36.625,-106.375,36.375,"50","74",192622,485772.816680968,2.52189685851547
"5380",-106.625,36.375,-106.375,36.125,"51","74",81742,198677.032865167,2.43053794701827
"5381",-106.625,36.125,-106.375,35.875,"52","74",525107,1734164.53500754,3.3024974624363
"5382",-106.625,35.875,-106.375,35.625,"53","74",267637,967191.943763381,3.61382000158192
"5383",-106.625,35.625,-106.375,35.375,"54","74",162,45.5292774226982,0.281044922362335
"5384",-106.625,35.375,-106.375,35.125,"55","74",75100,206436.713258089,2.74882441089333
"5385",-106.625,35.125,-106.375,34.875,"56","74",13302,24332.4180216813,1.82923004222533
"5386",-106.625,34.875,-106.375,34.625,"57","74",67269,126672.326363676,1.88307134584543
"5387",-106.625,34.625,-106.375,34.375,"58","74",27112,52942.1096727047,1.952718710265
"5388",-106.625,34.375,-106.375,34.125,"59","74",2471,886.706420825649,0.358845172329279
"5389",-106.625,34.125,-106.375,33.875,"60","74",87,12.8311897122767,0.147484939221571
"5390",-106.625,33.875,-106.375,33.625,"61","74",1654,1436.52672728937,0.868516763778337
"5391",-106.625,33.625,-106.375,33.375,"62","74",216,52.25883904699,0.241939069661991
"5392",-106.625,33.375,-106.375,33.125,"63","74",3056,756.944662197013,0.247691316163944
"5393",-106.625,33.125,-106.375,32.875,"64","74",3144,982.238834974094,0.312416932243669
"5394",-106.625,32.875,-106.375,32.625,"65","74",5413,3100.45707167036,0.572779802636313
"5395",-106.625,32.625,-106.375,32.375,"66","74",2606,981.972489649866,0.376812160264722
"5396",-106.625,32.375,-106.375,32.125,"67","74",10544,11410.9973011908,1.08222660292022
"5397",-106.625,32.125,-106.375,31.875,"68","74",0,0,
"5398",-106.625,31.875,-106.375,31.625,"69","74",0,0,
"5399",-106.625,31.625,-106.375,31.375,"70","74",0,0,
"5400",-106.625,31.375,-106.375,31.125,"71","74",0,0,
"5401",-106.375,49.125,-106.125,48.875,"0","75",0,0,
"5402",-106.375,48.875,-106.125,48.625,"1","75",0,0,
"5403",-106.375,48.625,-106.125,48.375,"2","75",0,0,
"5404",-106.375,48.375,-106.125,48.125,"3","75",0,0,
"5405",-106.375,48.125,-106.125,47.875,"4","75",0,0,
"5406",-106.375,47.875,-106.125,47.625,"5","75",0,0,
"5407",-106.375,47.625,-106.125,47.375,"6","75",0,0,
"5408",-106.375,47.375,-106.125,47.125,"7","75",0,0,
"5409",-106.375,47.125,-106.125,46.875,"8","75",0,0,
"5410",-106.375,46.875,-106.125,46.625,"9","75",0,0,
"5411",-106.375,46.625,-106.125,46.375,"10","75",0,0,
"5412",-106.375,46.375,-106.125,46.125,"11","75",0,0,
"5413",-106.375,46.125,-106.125,45.875,"12","75",0,0,
"5414",-106.375,45.875,-106.125,45.625,"13","75",0,0,
"5415",-106.375,45.625,-106.125,45.375,"14","75",0,0,
"5416",-106.375,45.375,-106.125,45.125,"15","75",0,0,
"5417",-106.375,45.125,-106.125,44.875,"16","75",0,0,
"5418",-106.375,44.875,-106.125,44.625,"17","75",0,0,
"5419",-106.375,44.625,-106.125,44.375,"18","75",0,0,
"5420",-106.375,44.375,-106.125,44.125,"19","75",0,0,
"5421",-106.375,44.125,-106.125,43.875,"20","75",0,0,
"5422",-106.375,43.875,-106.125,43.625,"21","75",0,0,
"5423",-106.375,43.625,-106.125,43.375,"22","75",0,0,
"5424",-106.375,43.375,-106.125,43.125,"23","75",0,0,
"5425",-106.375,43.125,-106.125,42.875,"24","75",0,0,
"5426",-106.375,42.875,-106.125,42.625,"25","75",74692,204357.69379376,2.736005111575
"5427",-106.375,42.625,-106.125,42.375,"26","75",20494,36831.1791549779,1.79716888625832
"5428",-106.375,42.375,-106.125,42.125,"27","75",0,0,
"5429",-106.375,42.125,-106.125,41.875,"28","75",0,0,
"5430",-106.375,41.875,-106.125,41.625,"29","75",0,0,
"5431",-106.375,41.625,-106.125,41.375,"30","75",110556,52190.4447790928,0.472072477107464
"5432",-106.375,41.375,-106.125,41.125,"31","75",84236,37494.9041476447,0.445117338758306
"5433",-106.375,41.125,-106.125,40.875,"32","75",164600,106493.608688029,0.646984256913904
"5434",-106.375,40.875,-106.125,40.625,"33","75",10174,7660.45304340638,0.752944077393983
"5435",-106.375,40.625,-106.125,40.375,"34","75",80178,53237.7071557651,0.663993952901857
"5436",-106.375,40.375,-106.125,40.125,"35","75",160617,118150.623338236,0.735604720161852
"5437",-106.375,40.125,-106.125,39.875,"36","75",63250,59664.9867610106,0.943319948790681
"5438",-106.375,39.875,-106.125,39.625,"37","75",156534,135430.167439729,0.865180519502021
"5439",-106.375,39.625,-106.125,39.375,"38","75",219136,165519.663804641,0.755328489178597
"5440",-106.375,39.375,-106.125,39.125,"39","75",125223,77363.7677074563,0.617807972237179
"5441",-106.375,39.125,-106.125,38.875,"40","75",169147,179106.956757647,1.05888343723298
"5442",-106.375,38.875,-106.125,38.625,"41","75",174372,205904.619546415,1.18083533793507
"5443",-106.375,38.625,-106.125,38.375,"42","75",265483,398186.058231726,1.49985520064082
"5444",-106.375,38.375,-106.125,38.125,"43","75",226070,342124.726829858,1.51335748586658
"5445",-106.375,38.125,-106.125,37.875,"44","75",117343,220033.218426588,1.87512862656134
"5446",-106.375,37.875,-106.125,37.625,"45","75",6027,12435.6312322708,2.06332026418962
"5447",-106.375,37.625,-106.125,37.375,"46","75",79692,153841.172985513,1.93044688281776
"5448",-106.375,37.375,-106.125,37.125,"47","75",141514,282695.352769213,1.99764936874948
"5449",-106.375,37.125,-106.125,36.875,"48","75",267151,689476.92830272,2.5808510104874
"5450",-106.375,36.875,-106.125,36.625,"49","75",413067,1144879.75708073,2.77165631018875
"5451",-106.375,36.625,-106.125,36.375,"50","75",519916,1879984.37691299,3.61593868415858
"5452",-106.375,36.375,-106.125,36.125,"51","75",33637,67496.1704448386,2.00660494232062
"5453",-106.375,36.125,-106.125,35.875,"52","75",94483,222065.484799443,2.35032211931715
"5454",-106.375,35.875,-106.125,35.625,"53","75",10385,7367.13435947834,0.709401479006099
"5455",-106.375,35.625,-106.125,35.375,"54","75",159,20.8135203117272,0.130902643469982
"5456",-106.375,35.375,-106.125,35.125,"55","75",15606,18902.885977278,1.21125759177739
"5457",-106.375,35.125,-106.125,34.875,"56","75",20647,12811.6382642531,0.62050846438965
"5458",-106.375,34.875,-106.125,34.625,"57","75",10175,8792.39272554202,0.864117221183491
"5459",-106.375,34.625,-106.125,34.375,"58","75",848,251.615077659604,0.296715893466514
"5460",-106.375,34.375,-106.125,34.125,"59","75",411,244.323891966662,0.594462024249786
"5461",-106.375,34.125,-106.125,33.875,"60","75",73,14.7047844636254,0.201435403611307
"5462",-106.375,33.875,-106.125,33.625,"61","75",1993,1671.88603872972,0.838879096201564
"5463",-106.375,33.625,-106.125,33.375,"62","75",650,244.611847425462,0.376325919116095
"5464",-106.375,33.375,-106.125,33.125,"63","75",0,0,
"5465",-106.375,33.125,-106.125,32.875,"64","75",0,0,
"5466",-106.375,32.875,-106.125,32.625,"65","75",0,0,
"5467",-106.375,32.625,-106.125,32.375,"66","75",0,0,
"5468",-106.375,32.375,-106.125,32.125,"67","75",0,0,
"5469",-106.375,32.125,-106.125,31.875,"68","75",0,0,
"5470",-106.375,31.875,-106.125,31.625,"69","75",0,0,
"5471",-106.375,31.625,-106.125,31.375,"70","75",0,0,
"5472",-106.375,31.375,-106.125,31.125,"71","75",0,0,
"5473",-106.125,49.125,-105.875,48.875,"0","76",0,0,
"5474",-106.125,48.875,-105.875,48.625,"1","76",0,0,
"5475",-106.125,48.625,-105.875,48.375,"2","76",0,0,
"5476",-106.125,48.375,-105.875,48.125,"3","76",0,0,
"5477",-106.125,48.125,-105.875,47.875,"4","76",0,0,
"5478",-106.125,47.875,-105.875,47.625,"5","76",0,0,
"5479",-106.125,47.625,-105.875,47.375,"6","76",0,0,
"5480",-106.125,47.375,-105.875,47.125,"7","76",0,0,
"5481",-106.125,47.125,-105.875,46.875,"8","76",0,0,
"5482",-106.125,46.875,-105.875,46.625,"9","76",0,0,
"5483",-106.125,46.625,-105.875,46.375,"10","76",0,0,
"5484",-106.125,46.375,-105.875,46.125,"11","76",0,0,
"5485",-106.125,46.125,-105.875,45.875,"12","76",0,0,
"5486",-106.125,45.875,-105.875,45.625,"13","76",0,0,
"5487",-106.125,45.625,-105.875,45.375,"14","76",0,0,
"5488",-106.125,45.375,-105.875,45.125,"15","76",0,0,
"5489",-106.125,45.125,-105.875,44.875,"16","76",0,0,
"5490",-106.125,44.875,-105.875,44.625,"17","76",0,0,
"5491",-106.125,44.625,-105.875,44.375,"18","76",0,0,
"5492",-106.125,44.375,-105.875,44.125,"19","76",0,0,
"5493",-106.125,44.125,-105.875,43.875,"20","76",0,0,
"5494",-106.125,43.875,-105.875,43.625,"21","76",0,0,
"5495",-106.125,43.625,-105.875,43.375,"22","76",0,0,
"5496",-106.125,43.375,-105.875,43.125,"23","76",0,0,
"5497",-106.125,43.125,-105.875,42.875,"24","76",0,0,
"5498",-106.125,42.875,-105.875,42.625,"25","76",15356,26573.7062868857,1.73050965660886
"5499",-106.125,42.625,-105.875,42.375,"26","76",166870,234970.262694305,1.40810368966444
"5500",-106.125,42.375,-105.875,42.125,"27","76",577,599.715619127499,1.03936849068891
"5501",-106.125,42.125,-105.875,41.875,"28","76",0,0,
"5502",-106.125,41.875,-105.875,41.625,"29","76",0,0,
"5503",-106.125,41.625,-105.875,41.375,"30","76",12754,9496.12560611218,0.744560577553096
"5504",-106.125,41.375,-105.875,41.125,"31","76",29760,28294.6674266283,0.950761674281865
"5505",-106.125,41.125,-105.875,40.875,"32","76",72227,51576.5009593073,0.714088927399827
"5506",-106.125,40.875,-105.875,40.625,"33","76",94932,63028.0881395434,0.663928792604637
"5507",-106.125,40.625,-105.875,40.375,"34","76",124389,78148.5861053908,0.628259621874851
"5508",-106.125,40.375,-105.875,40.125,"35","76",167315,126980.238568671,0.758929196836332
"5509",-106.125,40.125,-105.875,39.875,"36","76",139205,105870.633100268,0.76053757480168
"5510",-106.125,39.875,-105.875,39.625,"37","76",144202,105603.8236366,0.73233258648701
"5511",-106.125,39.625,-105.875,39.375,"38","76",159971,111392.015121814,0.696326303653872
"5512",-106.125,39.375,-105.875,39.125,"39","76",144911,118624.653697685,0.818603513174883
"5513",-106.125,39.125,-105.875,38.875,"40","76",133069,135733.008519806,1.02001975305898
"5514",-106.125,38.875,-105.875,38.625,"41","76",107317,128226.739069891,1.19484088327004
"5515",-106.125,38.625,-105.875,38.375,"42","76",224902,513210.905721072,2.28193126660089
"5516",-106.125,38.375,-105.875,38.125,"43","76",138911,266182.480584586,1.91620879976809
"5517",-106.125,38.125,-105.875,37.875,"44","76",403,716.75372774899,1.77854523014638
"5518",-106.125,37.875,-105.875,37.625,"45","76",0,0,
"5519",-106.125,37.625,-105.875,37.375,"46","76",0,0,
"5520",-106.125,37.375,-105.875,37.125,"47","76",0,0,
"5521",-106.125,37.125,-105.875,36.875,"48","76",488,1918.39199673291,3.93113114084613
"5522",-106.125,36.875,-105.875,36.625,"49","76",87847,303375.108193233,3.45344870278134
"5523",-106.125,36.625,-105.875,36.375,"50","76",126431,332729.699460171,2.63170978209593
"5524",-106.125,36.375,-105.875,36.125,"51","76",66,9.04650699347258,0.137068287779888
"5525",-106.125,36.125,-105.875,35.875,"52","76",3031,2688.89634469672,0.887131753446626
"5526",-106.125,35.875,-105.875,35.625,"53","76",22336,43669.4243178697,1.95511391107941
"5527",-106.125,35.625,-105.875,35.375,"54","76",1718,1062.27113660297,0.618318472993579
"5528",-106.125,35.375,-105.875,35.125,"55","76",220,36.0761913056485,0.163982687752948
"5529",-106.125,35.125,-105.875,34.875,"56","76",0,0,
"5530",-106.125,34.875,-105.875,34.625,"57","76",0,0,
"5531",-106.125,34.625,-105.875,34.375,"58","76",116,8.57348260490107,0.0739093328008713
"5532",-106.125,34.375,-105.875,34.125,"59","76",2,0.287508487701416,0.143754243850708
"5533",-106.125,34.125,-105.875,33.875,"60","76",1,0.0371976532042027,0.0371976532042027
"5534",-106.125,33.875,-105.875,33.625,"61","76",0,0,
"5535",-106.125,33.625,-105.875,33.375,"62","76",4596,3838.65860086754,0.835217276080839
"5536",-106.125,33.375,-105.875,33.125,"63","76",10001,16157.5805831261,1.61559649866274
"5537",-106.125,33.125,-105.875,32.875,"64","76",1524,981.36721806752,0.643941744138793
"5538",-106.125,32.875,-105.875,32.625,"65","76",6432,7239.31764320855,1.12551580273765
"5539",-106.125,32.625,-105.875,32.375,"66","76",0,0,
"5540",-106.125,32.375,-105.875,32.125,"67","76",0,0,
"5541",-106.125,32.125,-105.875,31.875,"68","76",0,0,
"5542",-106.125,31.875,-105.875,31.625,"69","76",0,0,
"5543",-106.125,31.625,-105.875,31.375,"70","76",0,0,
"5544",-106.125,31.375,-105.875,31.125,"71","76",0,0,
"5545",-105.875,49.125,-105.625,48.875,"0","77",0,0,
"5546",-105.875,48.875,-105.625,48.625,"1","77",0,0,
"5547",-105.875,48.625,-105.625,48.375,"2","77",0,0,
"5548",-105.875,48.375,-105.625,48.125,"3","77",0,0,
"5549",-105.875,48.125,-105.625,47.875,"4","77",0,0,
"5550",-105.875,47.875,-105.625,47.625,"5","77",0,0,
"5551",-105.875,47.625,-105.625,47.375,"6","77",0,0,
"5552",-105.875,47.375,-105.625,47.125,"7","77",0,0,
"5553",-105.875,47.125,-105.625,46.875,"8","77",0,0,
"5554",-105.875,46.875,-105.625,46.625,"9","77",0,0,
"5555",-105.875,46.625,-105.625,46.375,"10","77",0,0,
"5556",-105.875,46.375,-105.625,46.125,"11","77",0,0,
"5557",-105.875,46.125,-105.625,45.875,"12","77",0,0,
"5558",-105.875,45.875,-105.625,45.625,"13","77",0,0,
"5559",-105.875,45.625,-105.625,45.375,"14","77",0,0,
"5560",-105.875,45.375,-105.625,45.125,"15","77",0,0,
"5561",-105.875,45.125,-105.625,44.875,"16","77",0,0,
"5562",-105.875,44.875,-105.625,44.625,"17","77",0,0,
"5563",-105.875,44.625,-105.625,44.375,"18","77",0,0,
"5564",-105.875,44.375,-105.625,44.125,"19","77",0,0,
"5565",-105.875,44.125,-105.625,43.875,"20","77",0,0,
"5566",-105.875,43.875,-105.625,43.625,"21","77",0,0,
"5567",-105.875,43.625,-105.625,43.375,"22","77",0,0,
"5568",-105.875,43.375,-105.625,43.125,"23","77",0,0,
"5569",-105.875,43.125,-105.625,42.875,"24","77",0,0,
"5570",-105.875,42.875,-105.625,42.625,"25","77",3747,3364.51206903084,0.897921555652746
"5571",-105.875,42.625,-105.625,42.375,"26","77",179210,234371.182344038,1.30780192145549
"5572",-105.875,42.375,-105.625,42.125,"27","77",53960,67163.2635454086,1.24468612945531
"5573",-105.875,42.125,-105.625,41.875,"28","77",159,139.204246504232,0.875498405686996
"5574",-105.875,41.875,-105.625,41.625,"29","77",0,0,
"5575",-105.875,41.625,-105.625,41.375,"30","77",0,0,
"5576",-105.875,41.375,-105.625,41.125,"31","77",0,0,
"5577",-105.875,41.125,-105.625,40.875,"32","77",71299,62730.1627346331,0.879818268624148
"5578",-105.875,40.875,-105.625,40.625,"33","77",178837,170388.773196163,0.952760184951454
"5579",-105.875,40.625,-105.625,40.375,"34","77",112679,81488.8803800818,0.723194919905943
"5580",-105.875,40.375,-105.625,40.125,"35","77",137643,117730.199058448,0.855330086226307
"5581",-105.875,40.125,-105.625,39.875,"36","77",133549,101529.14890057,0.760238930284539
"5582",-105.875,39.875,-105.625,39.625,"37","77",189152,197644.761857675,1.04489913856409
"5583",-105.875,39.625,-105.625,39.375,"38","77",177754,163945.427130049,0.922316387423342
"5584",-105.875,39.375,-105.625,39.125,"39","77",100681,139833.257438695,1.38887434013066
"5585",-105.875,39.125,-105.625,38.875,"40","77",25069,27121.6497264441,1.08188000025705
"5586",-105.875,38.875,-105.625,38.625,"41","77",76517,96595.8876288606,1.26241080581911
"5587",-105.875,38.625,-105.625,38.375,"42","77",248308,449654.144790826,1.81087256468106
"5588",-105.875,38.375,-105.625,38.125,"43","77",256614,575433.498744599,2.24240882704996
"5589",-105.875,38.125,-105.625,37.875,"44","77",84261,190900.269184041,2.26558276289198
"5590",-105.875,37.875,-105.625,37.625,"45","77",0,0,
"5591",-105.875,37.625,-105.625,37.375,"46","77",0,0,
"5592",-105.875,37.375,-105.625,37.125,"47","77",1,0.939829349517822,0.939829349517822
"5593",-105.875,37.125,-105.625,36.875,"48","77",175,164.470136165619,0.939829349517822
"5594",-105.875,36.875,-105.625,36.625,"49","77",12497,23604.1112991436,1.88878221166229
"5595",-105.875,36.625,-105.625,36.375,"50","77",4653,5961.58945234836,1.28123564417545
"5596",-105.875,36.375,-105.625,36.125,"51","77",157802,643148.165243764,4.07566548740677
"5597",-105.875,36.125,-105.625,35.875,"52","77",467148,1805347.90236321,3.86461657197122
"5598",-105.875,35.875,-105.625,35.625,"53","77",591753,2808434.16520463,4.74595678467981
"5599",-105.875,35.625,-105.625,35.375,"54","77",50577,73113.7838044566,1.44559352678998
"5600",-105.875,35.375,-105.625,35.125,"55","77",297,192.910806641594,0.649531335493582
"5601",-105.875,35.125,-105.625,34.875,"56","77",55,26.1305007349001,0.47510001336182
"5602",-105.875,34.875,-105.625,34.625,"57","77",4,0.0909893084317446,0.0227473271079361
"5603",-105.875,34.625,-105.625,34.375,"58","77",0,0,
"5604",-105.875,34.375,-105.625,34.125,"59","77",7484,3266.55569409089,0.436471899263881
"5605",-105.875,34.125,-105.625,33.875,"60","77",1256,553.14159942008,0.440399362595605
"5606",-105.875,33.875,-105.625,33.625,"61","77",56841,89386.2955679165,1.57256725898412
"5607",-105.875,33.625,-105.625,33.375,"62","77",188725,481357.134989062,2.55057430117399
"5608",-105.875,33.375,-105.625,33.125,"63","77",302967,510487.170983953,1.68495965231841
"5609",-105.875,33.125,-105.625,32.875,"64","77",474830,1494394.1541991,3.14721932944233
"5610",-105.875,32.875,-105.625,32.625,"65","77",414816,1629862.59084608,3.92912180544163
"5611",-105.875,32.625,-105.625,32.375,"66","77",6038,4648.49182436359,0.769872776476249
"5612",-105.875,32.375,-105.625,32.125,"67","77",0,0,
"5613",-105.875,32.125,-105.625,31.875,"68","77",0,0,
"5614",-105.875,31.875,-105.625,31.625,"69","77",0,0,
"5615",-105.875,31.625,-105.625,31.375,"70","77",0,0,
"5616",-105.875,31.375,-105.625,31.125,"71","77",0,0,
"5617",-105.625,49.125,-105.375,48.875,"0","78",0,0,
"5618",-105.625,48.875,-105.375,48.625,"1","78",0,0,
"5619",-105.625,48.625,-105.375,48.375,"2","78",0,0,
"5620",-105.625,48.375,-105.375,48.125,"3","78",0,0,
"5621",-105.625,48.125,-105.375,47.875,"4","78",0,0,
"5622",-105.625,47.875,-105.375,47.625,"5","78",0,0,
"5623",-105.625,47.625,-105.375,47.375,"6","78",0,0,
"5624",-105.625,47.375,-105.375,47.125,"7","78",0,0,
"5625",-105.625,47.125,-105.375,46.875,"8","78",0,0,
"5626",-105.625,46.875,-105.375,46.625,"9","78",0,0,
"5627",-105.625,46.625,-105.375,46.375,"10","78",0,0,
"5628",-105.625,46.375,-105.375,46.125,"11","78",0,0,
"5629",-105.625,46.125,-105.375,45.875,"12","78",0,0,
"5630",-105.625,45.875,-105.375,45.625,"13","78",0,0,
"5631",-105.625,45.625,-105.375,45.375,"14","78",0,0,
"5632",-105.625,45.375,-105.375,45.125,"15","78",0,0,
"5633",-105.625,45.125,-105.375,44.875,"16","78",0,0,
"5634",-105.625,44.875,-105.375,44.625,"17","78",0,0,
"5635",-105.625,44.625,-105.375,44.375,"18","78",0,0,
"5636",-105.625,44.375,-105.375,44.125,"19","78",0,0,
"5637",-105.625,44.125,-105.375,43.875,"20","78",0,0,
"5638",-105.625,43.875,-105.375,43.625,"21","78",0,0,
"5639",-105.625,43.625,-105.375,43.375,"22","78",0,0,
"5640",-105.625,43.375,-105.375,43.125,"23","78",0,0,
"5641",-105.625,43.125,-105.375,42.875,"24","78",0,0,
"5642",-105.625,42.875,-105.375,42.625,"25","78",40,19.1397035056725,0.478492587641813
"5643",-105.625,42.625,-105.375,42.375,"26","78",89406,87800.1325672278,0.982038482509314
"5644",-105.625,42.375,-105.375,42.125,"27","78",137849,187011.617924395,1.35664109224147
"5645",-105.625,42.125,-105.375,41.875,"28","78",16947,26320.3606795418,1.55309852360547
"5646",-105.625,41.875,-105.375,41.625,"29","78",584,573.899281054502,0.982704248380997
"5647",-105.625,41.625,-105.375,41.375,"30","78",3163,3953.81743428946,1.25002131972478
"5648",-105.625,41.375,-105.375,41.125,"31","78",39358,52249.3755226257,1.3275414279848
"5649",-105.625,41.125,-105.375,40.875,"32","78",147339,241855.10426356,1.64148734729814
"5650",-105.625,40.875,-105.375,40.625,"33","78",277563,501065.558304356,1.80523181513514
"5651",-105.625,40.625,-105.375,40.375,"34","78",384111,817885.432274962,2.12929448069689
"5652",-105.625,40.375,-105.375,40.125,"35","78",348875,798159.054912334,2.28780811153661
"5653",-105.625,40.125,-105.375,39.875,"36","78",360692,1117059.65132471,3.09699037218654
"5654",-105.625,39.875,-105.375,39.625,"37","78",459916,1257856.79056086,2.73497071326255
"5655",-105.625,39.625,-105.375,39.375,"38","78",434614,974593.981893038,2.24243577494751
"5656",-105.625,39.375,-105.375,39.125,"39","78",480467,979332.84933141,2.03829367954804
"5657",-105.625,39.125,-105.375,38.875,"40","78",222006,304734.607613952,1.37264131426156
"5658",-105.625,38.875,-105.375,38.625,"41","78",210031,381837.588928919,1.81800586070113
"5659",-105.625,38.625,-105.375,38.375,"42","78",232444,537216.185110791,2.311163915226
"5660",-105.625,38.375,-105.375,38.125,"43","78",88943,177828.321617358,1.99935151296176
"5661",-105.625,38.125,-105.375,37.875,"44","78",204267,482283.033308526,2.36104232846483
"5662",-105.625,37.875,-105.375,37.625,"45","78",250423,783149.671878519,3.12730728359024
"5663",-105.625,37.625,-105.375,37.375,"46","78",92308,183930.256541803,1.99257113729907
"5664",-105.625,37.375,-105.375,37.125,"47","78",0,0,
"5665",-105.625,37.125,-105.375,36.875,"48","78",71967,215288.894747591,2.99149463987093
"5666",-105.625,36.875,-105.375,36.625,"49","78",435432,1071188.00642949,2.46005807205142
"5667",-105.625,36.625,-105.375,36.375,"50","78",442154,1459287.58364592,3.30040570399888
"5668",-105.625,36.375,-105.375,36.125,"51","78",593456,2571935.69864347,4.33382710536834
"5669",-105.625,36.125,-105.375,35.875,"52","78",524156,1783942.2133179,3.4034566299306
"5670",-105.625,35.875,-105.375,35.625,"53","78",579006,2381492.72676535,4.11307089523313
"5671",-105.625,35.625,-105.375,35.375,"54","78",199467,585139.265615305,2.93351414326834
"5672",-105.625,35.375,-105.375,35.125,"55","78",5976,2843.79776068177,0.475869772537111
"5673",-105.625,35.125,-105.375,34.875,"56","78",547,313.865294754039,0.573793957502814
"5674",-105.625,34.875,-105.375,34.625,"57","78",24,19.5525266714394,0.814688611309975
"5675",-105.625,34.625,-105.375,34.375,"58","78",405,109.044123383705,0.269244749095567
"5676",-105.625,34.375,-105.375,34.125,"59","78",1046,695.332182084967,0.664753520157712
"5677",-105.625,34.125,-105.375,33.875,"60","78",576,99.172320728132,0.172174167930785
"5678",-105.625,33.875,-105.375,33.625,"61","78",33933,58621.1951412149,1.72755710197197
"5679",-105.625,33.625,-105.375,33.375,"62","78",61085,110386.671857033,1.80709948198465
"5680",-105.625,33.375,-105.375,33.125,"63","78",181483,275475.715060376,1.51791470859737
"5681",-105.625,33.125,-105.375,32.875,"64","78",278554,444934.996036871,1.59730248367236
"5682",-105.625,32.875,-105.375,32.625,"65","78",197199,353681.856273828,1.79352763591006
"5683",-105.625,32.625,-105.375,32.375,"66","78",5494,3488.91178782732,0.63504036909853
"5684",-105.625,32.375,-105.375,32.125,"67","78",0,0,
"5685",-105.625,32.125,-105.375,31.875,"68","78",0,0,
"5686",-105.625,31.875,-105.375,31.625,"69","78",0,0,
"5687",-105.625,31.625,-105.375,31.375,"70","78",0,0,
"5688",-105.625,31.375,-105.375,31.125,"71","78",0,0,
"5689",-105.375,49.125,-105.125,48.875,"0","79",0,0,
"5690",-105.375,48.875,-105.125,48.625,"1","79",0,0,
"5691",-105.375,48.625,-105.125,48.375,"2","79",0,0,
"5692",-105.375,48.375,-105.125,48.125,"3","79",0,0,
"5693",-105.375,48.125,-105.125,47.875,"4","79",0,0,
"5694",-105.375,47.875,-105.125,47.625,"5","79",0,0,
"5695",-105.375,47.625,-105.125,47.375,"6","79",0,0,
"5696",-105.375,47.375,-105.125,47.125,"7","79",0,0,
"5697",-105.375,47.125,-105.125,46.875,"8","79",0,0,
"5698",-105.375,46.875,-105.125,46.625,"9","79",0,0,
"5699",-105.375,46.625,-105.125,46.375,"10","79",0,0,
"5700",-105.375,46.375,-105.125,46.125,"11","79",0,0,
"5701",-105.375,46.125,-105.125,45.875,"12","79",0,0,
"5702",-105.375,45.875,-105.125,45.625,"13","79",0,0,
"5703",-105.375,45.625,-105.125,45.375,"14","79",0,0,
"5704",-105.375,45.375,-105.125,45.125,"15","79",0,0,
"5705",-105.375,45.125,-105.125,44.875,"16","79",0,0,
"5706",-105.375,44.875,-105.125,44.625,"17","79",0,0,
"5707",-105.375,44.625,-105.125,44.375,"18","79",0,0,
"5708",-105.375,44.375,-105.125,44.125,"19","79",0,0,
"5709",-105.375,44.125,-105.125,43.875,"20","79",0,0,
"5710",-105.375,43.875,-105.125,43.625,"21","79",0,0,
"5711",-105.375,43.625,-105.125,43.375,"22","79",0,0,
"5712",-105.375,43.375,-105.125,43.125,"23","79",0,0,
"5713",-105.375,43.125,-105.125,42.875,"24","79",0,0,
"5714",-105.375,42.875,-105.125,42.625,"25","79",8,1.21366121992469,0.151707652490586
"5715",-105.375,42.625,-105.125,42.375,"26","79",16793,10178.3921783245,0.606109222790717
"5716",-105.375,42.375,-105.125,42.125,"27","79",24033,18710.9429313263,0.778552112983242
"5717",-105.375,42.125,-105.125,41.875,"28","79",38028,38798.012289289,1.02024856130454
"5718",-105.375,41.875,-105.125,41.625,"29","79",2285,1396.44699000148,0.611136538293865
"5719",-105.375,41.625,-105.125,41.375,"30","79",2452,2389.60171449005,0.974552085844231
"5720",-105.375,41.375,-105.125,41.125,"31","79",42122,52566.1082513852,1.24794901123843
"5721",-105.375,41.125,-105.125,40.875,"32","79",14074,11813.0288089426,0.839351201431196
"5722",-105.375,40.875,-105.125,40.625,"33","79",25432,30577.9717685194,1.20234239416953
"5723",-105.375,40.625,-105.125,40.375,"34","79",170463,397451.880124914,2.33160204927118
"5724",-105.375,40.375,-105.125,40.125,"35","79",107815,239763.899958064,2.22384547565797
"5725",-105.375,40.125,-105.125,39.875,"36","79",118971,370689.794018188,3.1157995983743
"5726",-105.375,39.875,-105.125,39.625,"37","79",153787,428074.843748059,2.78355676193735
"5727",-105.375,39.625,-105.125,39.375,"38","79",337577,1283800.09696258,3.80298449527835
"5728",-105.375,39.375,-105.125,39.125,"39","79",215028,640237.716931254,2.97746208368796
"5729",-105.375,39.125,-105.125,38.875,"40","79",341804,608922.682662605,1.78149665499118
"5730",-105.375,38.875,-105.125,38.625,"41","79",285994,611415.654657377,2.13786182457456
"5731",-105.375,38.625,-105.125,38.375,"42","79",110365,311425.012899762,2.82177332396831
"5732",-105.375,38.375,-105.125,38.125,"43","79",308602,1275233.55773137,4.13229194150191
"5733",-105.375,38.125,-105.125,37.875,"44","79",280243,842458.572788111,3.00617168952698
"5734",-105.375,37.875,-105.125,37.625,"45","79",170664,602755.910403113,3.53182809733226
"5735",-105.375,37.625,-105.125,37.375,"46","79",366874,1364521.59880191,3.71931943610588
"5736",-105.375,37.375,-105.125,37.125,"47","79",311610,528318.359235822,1.69544738370342
"5737",-105.375,37.125,-105.125,36.875,"48","79",391696,643847.363990445,1.64374250436677
"5738",-105.375,36.875,-105.125,36.625,"49","79",529136,1114222.22778165,2.10573884177537
"5739",-105.375,36.625,-105.125,36.375,"50","79",524172,1640258.45259797,3.129237068363
"5740",-105.375,36.375,-105.125,36.125,"51","79",599196,2346100.64569415,3.91541439811706
"5741",-105.375,36.125,-105.125,35.875,"52","79",269643,833929.597647132,3.09271739910597
"5742",-105.375,35.875,-105.125,35.625,"53","79",151361,260951.959693124,1.72403696918707
"5743",-105.375,35.625,-105.125,35.375,"54","79",46257,15954.4139196832,0.344908098659299
"5744",-105.375,35.375,-105.125,35.125,"55","79",3675,1172.78630135659,0.319125524178665
"5745",-105.375,35.125,-105.125,34.875,"56","79",520,518.945686784835,0.997972474586221
"5746",-105.375,34.875,-105.125,34.625,"57","79",34,25.8132024817169,0.759211837697555
"5747",-105.375,34.625,-105.125,34.375,"58","79",0,0,
"5748",-105.375,34.375,-105.125,34.125,"59","79",0,0,
"5749",-105.375,34.125,-105.125,33.875,"60","79",4,3.08930100500584,0.772325251251459
"5750",-105.375,33.875,-105.125,33.625,"61","79",6807,9671.77712652652,1.42085751822044
"5751",-105.375,33.625,-105.125,33.375,"62","79",65531,150971.940119182,2.30382475651497
"5752",-105.375,33.375,-105.125,33.125,"63","79",524,515.999987019342,0.984732799655234
"5753",-105.375,33.125,-105.125,32.875,"64","79",6343,3649.46702100662,0.575353463819426
"5754",-105.375,32.875,-105.125,32.625,"65","79",6065,2929.85727591743,0.483076220266682
"5755",-105.375,32.625,-105.125,32.375,"66","79",79,79.7678945448715,1.0097201841123
"5756",-105.375,32.375,-105.125,32.125,"67","79",0,0,
"5757",-105.375,32.125,-105.125,31.875,"68","79",0,0,
"5758",-105.375,31.875,-105.125,31.625,"69","79",0,0,
"5759",-105.375,31.625,-105.125,31.375,"70","79",0,0,
"5760",-105.375,31.375,-105.125,31.125,"71","79",0,0,
"5761",-105.125,49.125,-104.875,48.875,"0","80",0,0,
"5762",-105.125,48.875,-104.875,48.625,"1","80",0,0,
"5763",-105.125,48.625,-104.875,48.375,"2","80",0,0,
"5764",-105.125,48.375,-104.875,48.125,"3","80",0,0,
"5765",-105.125,48.125,-104.875,47.875,"4","80",0,0,
"5766",-105.125,47.875,-104.875,47.625,"5","80",0,0,
"5767",-105.125,47.625,-104.875,47.375,"6","80",0,0,
"5768",-105.125,47.375,-104.875,47.125,"7","80",0,0,
"5769",-105.125,47.125,-104.875,46.875,"8","80",0,0,
"5770",-105.125,46.875,-104.875,46.625,"9","80",0,0,
"5771",-105.125,46.625,-104.875,46.375,"10","80",0,0,
"5772",-105.125,46.375,-104.875,46.125,"11","80",0,0,
"5773",-105.125,46.125,-104.875,45.875,"12","80",0,0,
"5774",-105.125,45.875,-104.875,45.625,"13","80",0,0,
"5775",-105.125,45.625,-104.875,45.375,"14","80",0,0,
"5776",-105.125,45.375,-104.875,45.125,"15","80",0,0,
"5777",-105.125,45.125,-104.875,44.875,"16","80",1,0.939829349517822,0.939829349517822
"5778",-105.125,44.875,-104.875,44.625,"17","80",0,0,
"5779",-105.125,44.625,-104.875,44.375,"18","80",0,0,
"5780",-105.125,44.375,-104.875,44.125,"19","80",0,0,
"5781",-105.125,44.125,-104.875,43.875,"20","80",0,0,
"5782",-105.125,43.875,-104.875,43.625,"21","80",0,0,
"5783",-105.125,43.625,-104.875,43.375,"22","80",0,0,
"5784",-105.125,43.375,-104.875,43.125,"23","80",0,0,
"5785",-105.125,43.125,-104.875,42.875,"24","80",0,0,
"5786",-105.125,42.875,-104.875,42.625,"25","80",0,0,
"5787",-105.125,42.625,-104.875,42.375,"26","80",0,0,
"5788",-105.125,42.375,-104.875,42.125,"27","80",0,0,
"5789",-105.125,42.125,-104.875,41.875,"28","80",0,0,
"5790",-105.125,41.875,-104.875,41.625,"29","80",86,15.0398710804293,0.174882221865457
"5791",-105.125,41.625,-104.875,41.375,"30","80",32,5.08390026760753,0.158871883362735
"5792",-105.125,41.375,-104.875,41.125,"31","80",0,0,
"5793",-105.125,41.125,-104.875,40.875,"32","80",0,0,
"5794",-105.125,40.875,-104.875,40.625,"33","80",0,0,
"5795",-105.125,40.625,-104.875,40.375,"34","80",0,0,
"5796",-105.125,40.375,-104.875,40.125,"35","80",0,0,
"5797",-105.125,40.125,-104.875,39.875,"36","80",0,0,
"5798",-105.125,39.875,-104.875,39.625,"37","80",0,0,
"5799",-105.125,39.625,-104.875,39.375,"38","80",29836,97929.9926390096,3.28227619784856
"5800",-105.125,39.375,-104.875,39.125,"39","80",286074,1494737.16603846,5.22500180386355
"5801",-105.125,39.125,-104.875,38.875,"40","80",402433,1103436.41191943,2.7419133418965
"5802",-105.125,38.875,-104.875,38.625,"41","80",433768,1006275.10835848,2.31984634264972
"5803",-105.125,38.625,-104.875,38.375,"42","80",85863,242735.199982792,2.82700581138316
"5804",-105.125,38.375,-104.875,38.125,"43","80",35401,66491.4344043308,1.87823604995144
"5805",-105.125,38.125,-104.875,37.875,"44","80",333753,1291949.23431944,3.87097414650787
"5806",-105.125,37.875,-104.875,37.625,"45","80",90922,339309.732987985,3.73187713631447
"5807",-105.125,37.625,-104.875,37.375,"46","80",199542,761563.671436586,3.81655827563413
"5808",-105.125,37.375,-104.875,37.125,"47","80",478897,1609594.033191,3.36104430220068
"5809",-105.125,37.125,-104.875,36.875,"48","80",481976,1571546.22045715,3.26063169215303
"5810",-105.125,36.875,-104.875,36.625,"49","80",355476,550627.523508523,1.54898649559611
"5811",-105.125,36.625,-104.875,36.375,"50","80",307886,899134.83181033,2.9203498431573
"5812",-105.125,36.375,-104.875,36.125,"51","80",279339,1032615.09050532,3.69663774304811
"5813",-105.125,36.125,-104.875,35.875,"52","80",28167,30368.3710987743,1.07815426203622
"5814",-105.125,35.875,-104.875,35.625,"53","80",3235,3111.11930696946,0.961706122710806
"5815",-105.125,35.625,-104.875,35.375,"54","80",6260,2680.0919706874,0.42812970777754
"5816",-105.125,35.375,-104.875,35.125,"55","80",1207,277.886142112489,0.230228783854589
"5817",-105.125,35.125,-104.875,34.875,"56","80",32,36.3957610819489,1.1373675338109
"5818",-105.125,34.875,-104.875,34.625,"57","80",51,51.8504013782367,1.01667453682817
"5819",-105.125,34.625,-104.875,34.375,"58","80",0,0,
"5820",-105.125,34.375,-104.875,34.125,"59","80",0,0,
"5821",-105.125,34.125,-104.875,33.875,"60","80",0,0,
"5822",-105.125,33.875,-104.875,33.625,"61","80",0,0,
"5823",-105.125,33.625,-104.875,33.375,"62","80",6,8.65892542898655,1.44315423816442
"5824",-105.125,33.375,-104.875,33.125,"63","80",0,0,
"5825",-105.125,33.125,-104.875,32.875,"64","80",0,0,
"5826",-105.125,32.875,-104.875,32.625,"65","80",0,0,
"5827",-105.125,32.625,-104.875,32.375,"66","80",184,110.685974646593,0.601554210035829
"5828",-105.125,32.375,-104.875,32.125,"67","80",132,147.941365512554,1.12076792054965
"5829",-105.125,32.125,-104.875,31.875,"68","80",534,783.117361543234,1.46651191300231
"5830",-105.125,31.875,-104.875,31.625,"69","80",0,0,
"5831",-105.125,31.625,-104.875,31.375,"70","80",0,0,
"5832",-105.125,31.375,-104.875,31.125,"71","80",0,0,
"5833",-104.875,49.125,-104.625,48.875,"0","81",0,0,
"5834",-104.875,48.875,-104.625,48.625,"1","81",0,0,
"5835",-104.875,48.625,-104.625,48.375,"2","81",0,0,
"5836",-104.875,48.375,-104.625,48.125,"3","81",0,0,
"5837",-104.875,48.125,-104.625,47.875,"4","81",0,0,
"5838",-104.875,47.875,-104.625,47.625,"5","81",0,0,
"5839",-104.875,47.625,-104.625,47.375,"6","81",0,0,
"5840",-104.875,47.375,-104.625,47.125,"7","81",0,0,
"5841",-104.875,47.125,-104.625,46.875,"8","81",0,0,
"5842",-104.875,46.875,-104.625,46.625,"9","81",0,0,
"5843",-104.875,46.625,-104.625,46.375,"10","81",0,0,
"5844",-104.875,46.375,-104.625,46.125,"11","81",0,0,
"5845",-104.875,46.125,-104.625,45.875,"12","81",0,0,
"5846",-104.875,45.875,-104.625,45.625,"13","81",0,0,
"5847",-104.875,45.625,-104.625,45.375,"14","81",0,0,
"5848",-104.875,45.375,-104.625,45.125,"15","81",0,0,
"5849",-104.875,45.125,-104.625,44.875,"16","81",0,0,
"5850",-104.875,44.875,-104.625,44.625,"17","81",0,0,
"5851",-104.875,44.625,-104.625,44.375,"18","81",0,0,
"5852",-104.875,44.375,-104.625,44.125,"19","81",0,0,
"5853",-104.875,44.125,-104.625,43.875,"20","81",0,0,
"5854",-104.875,43.875,-104.625,43.625,"21","81",0,0,
"5855",-104.875,43.625,-104.625,43.375,"22","81",0,0,
"5856",-104.875,43.375,-104.625,43.125,"23","81",0,0,
"5857",-104.875,43.125,-104.625,42.875,"24","81",0,0,
"5858",-104.875,42.875,-104.625,42.625,"25","81",0,0,
"5859",-104.875,42.625,-104.625,42.375,"26","81",0,0,
"5860",-104.875,42.375,-104.625,42.125,"27","81",0,0,
"5861",-104.875,42.125,-104.625,41.875,"28","81",0,0,
"5862",-104.875,41.875,-104.625,41.625,"29","81",0,0,
"5863",-104.875,41.625,-104.625,41.375,"30","81",0,0,
"5864",-104.875,41.375,-104.625,41.125,"31","81",0,0,
"5865",-104.875,41.125,-104.625,40.875,"32","81",0,0,
"5866",-104.875,40.875,-104.625,40.625,"33","81",0,0,
"5867",-104.875,40.625,-104.625,40.375,"34","81",0,0,
"5868",-104.875,40.375,-104.625,40.125,"35","81",0,0,
"5869",-104.875,40.125,-104.625,39.875,"36","81",0,0,
"5870",-104.875,39.875,-104.625,39.625,"37","81",0,0,
"5871",-104.875,39.625,-104.625,39.375,"38","81",0,0,
"5872",-104.875,39.375,-104.625,39.125,"39","81",72,67.6677131652832,0.939829349517822
"5873",-104.875,39.125,-104.625,38.875,"40","81",97,70.7940307462122,0.729835368517652
"5874",-104.875,38.875,-104.625,38.625,"41","81",20588,60676.8172138988,2.94719337545652
"5875",-104.875,38.625,-104.625,38.375,"42","81",0,0,
"5876",-104.875,38.375,-104.625,38.125,"43","81",0,0,
"5877",-104.875,38.125,-104.625,37.875,"44","81",0,0,
"5878",-104.875,37.875,-104.625,37.625,"45","81",28,3.47045945283026,0.123944980458223
"5879",-104.875,37.625,-104.625,37.375,"46","81",78660,109712.10577926,1.39476361275439
"5880",-104.875,37.375,-104.625,37.125,"47","81",171820,249795.181968845,1.45381900808314
"5881",-104.875,37.125,-104.625,36.875,"48","81",360384,712462.677304508,1.97695424132178
"5882",-104.875,36.875,-104.625,36.625,"49","81",262714,406675.052835207,1.54797632724258
"5883",-104.875,36.625,-104.625,36.375,"50","81",10163,5466.20779781864,0.537853763437828
"5884",-104.875,36.375,-104.625,36.125,"51","81",0,0,
"5885",-104.875,36.125,-104.625,35.875,"52","81",2425,2074.69119558204,0.85554276106476
"5886",-104.875,35.875,-104.625,35.625,"53","81",772,1207.01155687752,1.56348647263928
"5887",-104.875,35.625,-104.625,35.375,"54","81",1943,965.537314222574,0.496931196203075
"5888",-104.875,35.375,-104.625,35.125,"55","81",0,0,
"5889",-104.875,35.125,-104.625,34.875,"56","81",4,0.254059897735715,0.0635149744339287
"5890",-104.875,34.875,-104.625,34.625,"57","81",7,5.53242894727737,0.790346992468195
"5891",-104.875,34.625,-104.625,34.375,"58","81",0,0,
"5892",-104.875,34.375,-104.625,34.125,"59","81",0,0,
"5893",-104.875,34.125,-104.625,33.875,"60","81",0,0,
"5894",-104.875,33.875,-104.625,33.625,"61","81",0,0,
"5895",-104.875,33.625,-104.625,33.375,"62","81",0,0,
"5896",-104.875,33.375,-104.625,33.125,"63","81",0,0,
"5897",-104.875,33.125,-104.625,32.875,"64","81",0,0,
"5898",-104.875,32.875,-104.625,32.625,"65","81",0,0,
"5899",-104.875,32.625,-104.625,32.375,"66","81",4,8.45763516426086,2.11440879106522
"5900",-104.875,32.375,-104.625,32.125,"67","81",4341,1822.95122435822,0.41993808439489
"5901",-104.875,32.125,-104.625,31.875,"68","81",6515,2974.93301074543,0.456628244166605
"5902",-104.875,31.875,-104.625,31.625,"69","81",40,78.3102780338377,1.95775695084594
"5903",-104.875,31.625,-104.625,31.375,"70","81",7,10.7380447760224,1.53400639657463
"5904",-104.875,31.375,-104.625,31.125,"71","81",0,0,
"5905",-104.625,49.125,-104.375,48.875,"0","82",0,0,
"5906",-104.625,48.875,-104.375,48.625,"1","82",0,0,
"5907",-104.625,48.625,-104.375,48.375,"2","82",0,0,
"5908",-104.625,48.375,-104.375,48.125,"3","82",0,0,
"5909",-104.625,48.125,-104.375,47.875,"4","82",0,0,
"5910",-104.625,47.875,-104.375,47.625,"5","82",0,0,
"5911",-104.625,47.625,-104.375,47.375,"6","82",0,0,
"5912",-104.625,47.375,-104.375,47.125,"7","82",0,0,
"5913",-104.625,47.125,-104.375,46.875,"8","82",0,0,
"5914",-104.625,46.875,-104.375,46.625,"9","82",0,0,
"5915",-104.625,46.625,-104.375,46.375,"10","82",0,0,
"5916",-104.625,46.375,-104.375,46.125,"11","82",0,0,
"5917",-104.625,46.125,-104.375,45.875,"12","82",0,0,
"5918",-104.625,45.875,-104.375,45.625,"13","82",0,0,
"5919",-104.625,45.625,-104.375,45.375,"14","82",0,0,
"5920",-104.625,45.375,-104.375,45.125,"15","82",0,0,
"5921",-104.625,45.125,-104.375,44.875,"16","82",0,0,
"5922",-104.625,44.875,-104.375,44.625,"17","82",0,0,
"5923",-104.625,44.625,-104.375,44.375,"18","82",0,0,
"5924",-104.625,44.375,-104.375,44.125,"19","82",0,0,
"5925",-104.625,44.125,-104.375,43.875,"20","82",0,0,
"5926",-104.625,43.875,-104.375,43.625,"21","82",0,0,
"5927",-104.625,43.625,-104.375,43.375,"22","82",0,0,
"5928",-104.625,43.375,-104.375,43.125,"23","82",0,0,
"5929",-104.625,43.125,-104.375,42.875,"24","82",0,0,
"5930",-104.625,42.875,-104.375,42.625,"25","82",0,0,
"5931",-104.625,42.625,-104.375,42.375,"26","82",0,0,
"5932",-104.625,42.375,-104.375,42.125,"27","82",0,0,
"5933",-104.625,42.125,-104.375,41.875,"28","82",0,0,
"5934",-104.625,41.875,-104.375,41.625,"29","82",0,0,
"5935",-104.625,41.625,-104.375,41.375,"30","82",0,0,
"5936",-104.625,41.375,-104.375,41.125,"31","82",0,0,
"5937",-104.625,41.125,-104.375,40.875,"32","82",0,0,
"5938",-104.625,40.875,-104.375,40.625,"33","82",0,0,
"5939",-104.625,40.625,-104.375,40.375,"34","82",0,0,
"5940",-104.625,40.375,-104.375,40.125,"35","82",0,0,
"5941",-104.625,40.125,-104.375,39.875,"36","82",0,0,
"5942",-104.625,39.875,-104.375,39.625,"37","82",0,0,
"5943",-104.625,39.625,-104.375,39.375,"38","82",0,0,
"5944",-104.625,39.375,-104.375,39.125,"39","82",15,14.0974402427673,0.939829349517822
"5945",-104.625,39.125,-104.375,38.875,"40","82",21,19.7364163398743,0.939829349517822
"5946",-104.625,38.875,-104.375,38.625,"41","82",0,0,
"5947",-104.625,38.625,-104.375,38.375,"42","82",0,0,
"5948",-104.625,38.375,-104.375,38.125,"43","82",0,0,
"5949",-104.625,38.125,-104.375,37.875,"44","82",0,0,
"5950",-104.625,37.875,-104.375,37.625,"45","82",0,0,
"5951",-104.625,37.625,-104.375,37.375,"46","82",104,23.4724232584485,0.225696377485082
"5952",-104.625,37.375,-104.375,37.125,"47","82",56140,22860.0010997928,0.407196314567024
"5953",-104.625,37.125,-104.375,36.875,"48","82",299994,617717.962242561,2.05910105616299
"5954",-104.625,36.875,-104.375,36.625,"49","82",44696,64727.8896177885,1.44818081299867
"5955",-104.625,36.625,-104.375,36.375,"50","82",0,0,
"5956",-104.625,36.375,-104.375,36.125,"51","82",0,0,
"5957",-104.625,36.125,-104.375,35.875,"52","82",0,0,
"5958",-104.625,35.875,-104.375,35.625,"53","82",9,4.33101607230492,0.48122400803388
"5959",-104.625,35.625,-104.375,35.375,"54","82",0,0,
"5960",-104.625,35.375,-104.375,35.125,"55","82",0,0,
"5961",-104.625,35.125,-104.375,34.875,"56","82",0,0,
"5962",-104.625,34.875,-104.375,34.625,"57","82",0,0,
"5963",-104.625,34.625,-104.375,34.375,"58","82",0,0,
"5964",-104.625,34.375,-104.375,34.125,"59","82",0,0,
"5965",-104.625,34.125,-104.375,33.875,"60","82",0,0,
"5966",-104.625,33.875,-104.375,33.625,"61","82",0,0,
"5967",-104.625,33.625,-104.375,33.375,"62","82",0,0,
"5968",-104.625,33.375,-104.375,33.125,"63","82",0,0,
"5969",-104.625,33.125,-104.375,32.875,"64","82",0,0,
"5970",-104.625,32.875,-104.375,32.625,"65","82",0,0,
"5971",-104.625,32.625,-104.375,32.375,"66","82",0,0,
"5972",-104.625,32.375,-104.375,32.125,"67","82",1657,590.520565199666,0.356379339287668
"5973",-104.625,32.125,-104.375,31.875,"68","82",0,0,
"5974",-104.625,31.875,-104.375,31.625,"69","82",0,0,
"5975",-104.625,31.625,-104.375,31.375,"70","82",0,0,
"5976",-104.625,31.375,-104.375,31.125,"71","82",0,0,
"5977",-104.375,49.125,-104.125,48.875,"0","83",0,0,
"5978",-104.375,48.875,-104.125,48.625,"1","83",0,0,
"5979",-104.375,48.625,-104.125,48.375,"2","83",0,0,
"5980",-104.375,48.375,-104.125,48.125,"3","83",0,0,
"5981",-104.375,48.125,-104.125,47.875,"4","83",0,0,
"5982",-104.375,47.875,-104.125,47.625,"5","83",0,0,
"5983",-104.375,47.625,-104.125,47.375,"6","83",0,0,
"5984",-104.375,47.375,-104.125,47.125,"7","83",0,0,
"5985",-104.375,47.125,-104.125,46.875,"8","83",0,0,
"5986",-104.375,46.875,-104.125,46.625,"9","83",0,0,
"5987",-104.375,46.625,-104.125,46.375,"10","83",0,0,
"5988",-104.375,46.375,-104.125,46.125,"11","83",0,0,
"5989",-104.375,46.125,-104.125,45.875,"12","83",0,0,
"5990",-104.375,45.875,-104.125,45.625,"13","83",0,0,
"5991",-104.375,45.625,-104.125,45.375,"14","83",0,0,
"5992",-104.375,45.375,-104.125,45.125,"15","83",0,0,
"5993",-104.375,45.125,-104.125,44.875,"16","83",0,0,
"5994",-104.375,44.875,-104.125,44.625,"17","83",0,0,
"5995",-104.375,44.625,-104.125,44.375,"18","83",0,0,
"5996",-104.375,44.375,-104.125,44.125,"19","83",0,0,
"5997",-104.375,44.125,-104.125,43.875,"20","83",0,0,
"5998",-104.375,43.875,-104.125,43.625,"21","83",0,0,
"5999",-104.375,43.625,-104.125,43.375,"22","83",0,0,
"6000",-104.375,43.375,-104.125,43.125,"23","83",0,0,
"6001",-104.375,43.125,-104.125,42.875,"24","83",0,0,
"6002",-104.375,42.875,-104.125,42.625,"25","83",0,0,
"6003",-104.375,42.625,-104.125,42.375,"26","83",0,0,
"6004",-104.375,42.375,-104.125,42.125,"27","83",0,0,
"6005",-104.375,42.125,-104.125,41.875,"28","83",0,0,
"6006",-104.375,41.875,-104.125,41.625,"29","83",0,0,
"6007",-104.375,41.625,-104.125,41.375,"30","83",0,0,
"6008",-104.375,41.375,-104.125,41.125,"31","83",0,0,
"6009",-104.375,41.125,-104.125,40.875,"32","83",0,0,
"6010",-104.375,40.875,-104.125,40.625,"33","83",0,0,
"6011",-104.375,40.625,-104.125,40.375,"34","83",0,0,
"6012",-104.375,40.375,-104.125,40.125,"35","83",0,0,
"6013",-104.375,40.125,-104.125,39.875,"36","83",0,0,
"6014",-104.375,39.875,-104.125,39.625,"37","83",0,0,
"6015",-104.375,39.625,-104.125,39.375,"38","83",0,0,
"6016",-104.375,39.375,-104.125,39.125,"39","83",0,0,
"6017",-104.375,39.125,-104.125,38.875,"40","83",0,0,
"6018",-104.375,38.875,-104.125,38.625,"41","83",0,0,
"6019",-104.375,38.625,-104.125,38.375,"42","83",0,0,
"6020",-104.375,38.375,-104.125,38.125,"43","83",0,0,
"6021",-104.375,38.125,-104.125,37.875,"44","83",0,0,
"6022",-104.375,37.875,-104.125,37.625,"45","83",0,0,
"6023",-104.375,37.625,-104.125,37.375,"46","83",0,0,
"6024",-104.375,37.375,-104.125,37.125,"47","83",0,0,
"6025",-104.375,37.125,-104.125,36.875,"48","83",90695,235247.907128433,2.59383546092324
"6026",-104.375,36.875,-104.125,36.625,"49","83",674,524.187093447894,0.777725657934561
"6027",-104.375,36.625,-104.125,36.375,"50","83",0,0,
"6028",-104.375,36.375,-104.125,36.125,"51","83",0,0,
"6029",-104.375,36.125,-104.125,35.875,"52","83",0,0,
"6030",-104.375,35.875,-104.125,35.625,"53","83",0,0,
"6031",-104.375,35.625,-104.125,35.375,"54","83",0,0,
"6032",-104.375,35.375,-104.125,35.125,"55","83",0,0,
"6033",-104.375,35.125,-104.125,34.875,"56","83",0,0,
"6034",-104.375,34.875,-104.125,34.625,"57","83",0,0,
"6035",-104.375,34.625,-104.125,34.375,"58","83",0,0,
"6036",-104.375,34.375,-104.125,34.125,"59","83",0,0,
"6037",-104.375,34.125,-104.125,33.875,"60","83",0,0,
"6038",-104.375,33.875,-104.125,33.625,"61","83",0,0,
"6039",-104.375,33.625,-104.125,33.375,"62","83",0,0,
"6040",-104.375,33.375,-104.125,33.125,"63","83",0,0,
"6041",-104.375,33.125,-104.125,32.875,"64","83",0,0,
"6042",-104.375,32.875,-104.125,32.625,"65","83",0,0,
"6043",-104.375,32.625,-104.125,32.375,"66","83",0,0,
"6044",-104.375,32.375,-104.125,32.125,"67","83",0,0,
"6045",-104.375,32.125,-104.125,31.875,"68","83",0,0,
"6046",-104.375,31.875,-104.125,31.625,"69","83",0,0,
"6047",-104.375,31.625,-104.125,31.375,"70","83",0,0,
"6048",-104.375,31.375,-104.125,31.125,"71","83",0,0,
"6049",-104.125,49.125,-103.875,48.875,"0","84",0,0,
"6050",-104.125,48.875,-103.875,48.625,"1","84",0,0,
"6051",-104.125,48.625,-103.875,48.375,"2","84",0,0,
"6052",-104.125,48.375,-103.875,48.125,"3","84",0,0,
"6053",-104.125,48.125,-103.875,47.875,"4","84",0,0,
"6054",-104.125,47.875,-103.875,47.625,"5","84",0,0,
"6055",-104.125,47.625,-103.875,47.375,"6","84",0,0,
"6056",-104.125,47.375,-103.875,47.125,"7","84",0,0,
"6057",-104.125,47.125,-103.875,46.875,"8","84",0,0,
"6058",-104.125,46.875,-103.875,46.625,"9","84",0,0,
"6059",-104.125,46.625,-103.875,46.375,"10","84",0,0,
"6060",-104.125,46.375,-103.875,46.125,"11","84",0,0,
"6061",-104.125,46.125,-103.875,45.875,"12","84",0,0,
"6062",-104.125,45.875,-103.875,45.625,"13","84",0,0,
"6063",-104.125,45.625,-103.875,45.375,"14","84",0,0,
"6064",-104.125,45.375,-103.875,45.125,"15","84",0,0,
"6065",-104.125,45.125,-103.875,44.875,"16","84",0,0,
"6066",-104.125,44.875,-103.875,44.625,"17","84",0,0,
"6067",-104.125,44.625,-103.875,44.375,"18","84",0,0,
"6068",-104.125,44.375,-103.875,44.125,"19","84",0,0,
"6069",-104.125,44.125,-103.875,43.875,"20","84",0,0,
"6070",-104.125,43.875,-103.875,43.625,"21","84",0,0,
"6071",-104.125,43.625,-103.875,43.375,"22","84",0,0,
"6072",-104.125,43.375,-103.875,43.125,"23","84",0,0,
"6073",-104.125,43.125,-103.875,42.875,"24","84",0,0,
"6074",-104.125,42.875,-103.875,42.625,"25","84",2,1.87965869903564,0.939829349517822
"6075",-104.125,42.625,-103.875,42.375,"26","84",0,0,
"6076",-104.125,42.375,-103.875,42.125,"27","84",0,0,
"6077",-104.125,42.125,-103.875,41.875,"28","84",0,0,
"6078",-104.125,41.875,-103.875,41.625,"29","84",0,0,
"6079",-104.125,41.625,-103.875,41.375,"30","84",0,0,
"6080",-104.125,41.375,-103.875,41.125,"31","84",0,0,
"6081",-104.125,41.125,-103.875,40.875,"32","84",0,0,
"6082",-104.125,40.875,-103.875,40.625,"33","84",0,0,
"6083",-104.125,40.625,-103.875,40.375,"34","84",0,0,
"6084",-104.125,40.375,-103.875,40.125,"35","84",0,0,
"6085",-104.125,40.125,-103.875,39.875,"36","84",0,0,
"6086",-104.125,39.875,-103.875,39.625,"37","84",0,0,
"6087",-104.125,39.625,-103.875,39.375,"38","84",0,0,
"6088",-104.125,39.375,-103.875,39.125,"39","84",0,0,
"6089",-104.125,39.125,-103.875,38.875,"40","84",0,0,
"6090",-104.125,38.875,-103.875,38.625,"41","84",0,0,
"6091",-104.125,38.625,-103.875,38.375,"42","84",0,0,
"6092",-104.125,38.375,-103.875,38.125,"43","84",0,0,
"6093",-104.125,38.125,-103.875,37.875,"44","84",0,0,
"6094",-104.125,37.875,-103.875,37.625,"45","84",0,0,
"6095",-104.125,37.625,-103.875,37.375,"46","84",0,0,
"6096",-104.125,37.375,-103.875,37.125,"47","84",0,0,
"6097",-104.125,37.125,-103.875,36.875,"48","84",46,43.2321500778198,0.939829349517822
"6098",-104.125,36.875,-103.875,36.625,"49","84",0,0,
"6099",-104.125,36.625,-103.875,36.375,"50","84",0,0,
"6100",-104.125,36.375,-103.875,36.125,"51","84",0,0,
"6101",-104.125,36.125,-103.875,35.875,"52","84",0,0,
"6102",-104.125,35.875,-103.875,35.625,"53","84",0,0,
"6103",-104.125,35.625,-103.875,35.375,"54","84",0,0,
"6104",-104.125,35.375,-103.875,35.125,"55","84",0,0,
"6105",-104.125,35.125,-103.875,34.875,"56","84",0,0,
"6106",-104.125,34.875,-103.875,34.625,"57","84",0,0,
"6107",-104.125,34.625,-103.875,34.375,"58","84",0,0,
"6108",-104.125,34.375,-103.875,34.125,"59","84",0,0,
"6109",-104.125,34.125,-103.875,33.875,"60","84",0,0,
"6110",-104.125,33.875,-103.875,33.625,"61","84",0,0,
"6111",-104.125,33.625,-103.875,33.375,"62","84",0,0,
"6112",-104.125,33.375,-103.875,33.125,"63","84",0,0,
"6113",-104.125,33.125,-103.875,32.875,"64","84",0,0,
"6114",-104.125,32.875,-103.875,32.625,"65","84",0,0,
"6115",-104.125,32.625,-103.875,32.375,"66","84",0,0,
"6116",-104.125,32.375,-103.875,32.125,"67","84",0,0,
"6117",-104.125,32.125,-103.875,31.875,"68","84",0,0,
"6118",-104.125,31.875,-103.875,31.625,"69","84",0,0,
"6119",-104.125,31.625,-103.875,31.375,"70","84",0,0,
"6120",-104.125,31.375,-103.875,31.125,"71","84",0,0,
"6121",-103.875,49.125,-103.625,48.875,"0","85",0,0,
"6122",-103.875,48.875,-103.625,48.625,"1","85",0,0,
"6123",-103.875,48.625,-103.625,48.375,"2","85",0,0,
"6124",-103.875,48.375,-103.625,48.125,"3","85",0,0,
"6125",-103.875,48.125,-103.625,47.875,"4","85",0,0,
"6126",-103.875,47.875,-103.625,47.625,"5","85",0,0,
"6127",-103.875,47.625,-103.625,47.375,"6","85",0,0,
"6128",-103.875,47.375,-103.625,47.125,"7","85",0,0,
"6129",-103.875,47.125,-103.625,46.875,"8","85",0,0,
"6130",-103.875,46.875,-103.625,46.625,"9","85",0,0,
"6131",-103.875,46.625,-103.625,46.375,"10","85",0,0,
"6132",-103.875,46.375,-103.625,46.125,"11","85",0,0,
"6133",-103.875,46.125,-103.625,45.875,"12","85",0,0,
"6134",-103.875,45.875,-103.625,45.625,"13","85",0,0,
"6135",-103.875,45.625,-103.625,45.375,"14","85",0,0,
"6136",-103.875,45.375,-103.625,45.125,"15","85",0,0,
"6137",-103.875,45.125,-103.625,44.875,"16","85",0,0,
"6138",-103.875,44.875,-103.625,44.625,"17","85",0,0,
"6139",-103.875,44.625,-103.625,44.375,"18","85",0,0,
"6140",-103.875,44.375,-103.625,44.125,"19","85",0,0,
"6141",-103.875,44.125,-103.625,43.875,"20","85",0,0,
"6142",-103.875,43.875,-103.625,43.625,"21","85",0,0,
"6143",-103.875,43.625,-103.625,43.375,"22","85",0,0,
"6144",-103.875,43.375,-103.625,43.125,"23","85",0,0,
"6145",-103.875,43.125,-103.625,42.875,"24","85",0,0,
"6146",-103.875,42.875,-103.625,42.625,"25","85",0,0,
"6147",-103.875,42.625,-103.625,42.375,"26","85",0,0,
"6148",-103.875,42.375,-103.625,42.125,"27","85",0,0,
"6149",-103.875,42.125,-103.625,41.875,"28","85",0,0,
"6150",-103.875,41.875,-103.625,41.625,"29","85",0,0,
"6151",-103.875,41.625,-103.625,41.375,"30","85",0,0,
"6152",-103.875,41.375,-103.625,41.125,"31","85",0,0,
"6153",-103.875,41.125,-103.625,40.875,"32","85",0,0,
"6154",-103.875,40.875,-103.625,40.625,"33","85",0,0,
"6155",-103.875,40.625,-103.625,40.375,"34","85",0,0,
"6156",-103.875,40.375,-103.625,40.125,"35","85",0,0,
"6157",-103.875,40.125,-103.625,39.875,"36","85",0,0,
"6158",-103.875,39.875,-103.625,39.625,"37","85",0,0,
"6159",-103.875,39.625,-103.625,39.375,"38","85",0,0,
"6160",-103.875,39.375,-103.625,39.125,"39","85",0,0,
"6161",-103.875,39.125,-103.625,38.875,"40","85",0,0,
"6162",-103.875,38.875,-103.625,38.625,"41","85",0,0,
"6163",-103.875,38.625,-103.625,38.375,"42","85",0,0,
"6164",-103.875,38.375,-103.625,38.125,"43","85",0,0,
"6165",-103.875,38.125,-103.625,37.875,"44","85",0,0,
"6166",-103.875,37.875,-103.625,37.625,"45","85",0,0,
"6167",-103.875,37.625,-103.625,37.375,"46","85",0,0,
"6168",-103.875,37.375,-103.625,37.125,"47","85",0,0,
"6169",-103.875,37.125,-103.625,36.875,"48","85",0,0,
"6170",-103.875,36.875,-103.625,36.625,"49","85",1,0.939829349517822,0.939829349517822
"6171",-103.875,36.625,-103.625,36.375,"50","85",0,0,
"6172",-103.875,36.375,-103.625,36.125,"51","85",0,0,
"6173",-103.875,36.125,-103.625,35.875,"52","85",0,0,
"6174",-103.875,35.875,-103.625,35.625,"53","85",0,0,
"6175",-103.875,35.625,-103.625,35.375,"54","85",0,0,
"6176",-103.875,35.375,-103.625,35.125,"55","85",0,0,
"6177",-103.875,35.125,-103.625,34.875,"56","85",0,0,
"6178",-103.875,34.875,-103.625,34.625,"57","85",0,0,
"6179",-103.875,34.625,-103.625,34.375,"58","85",0,0,
"6180",-103.875,34.375,-103.625,34.125,"59","85",0,0,
"6181",-103.875,34.125,-103.625,33.875,"60","85",0,0,
"6182",-103.875,33.875,-103.625,33.625,"61","85",0,0,
"6183",-103.875,33.625,-103.625,33.375,"62","85",0,0,
"6184",-103.875,33.375,-103.625,33.125,"63","85",0,0,
"6185",-103.875,33.125,-103.625,32.875,"64","85",0,0,
"6186",-103.875,32.875,-103.625,32.625,"65","85",0,0,
"6187",-103.875,32.625,-103.625,32.375,"66","85",0,0,
"6188",-103.875,32.375,-103.625,32.125,"67","85",0,0,
"6189",-103.875,32.125,-103.625,31.875,"68","85",0,0,
"6190",-103.875,31.875,-103.625,31.625,"69","85",0,0,
"6191",-103.875,31.625,-103.625,31.375,"70","85",0,0,
"6192",-103.875,31.375,-103.625,31.125,"71","85",0,0,
"6193",-103.625,49.125,-103.375,48.875,"0","86",0,0,
"6194",-103.625,48.875,-103.375,48.625,"1","86",0,0,
"6195",-103.625,48.625,-103.375,48.375,"2","86",0,0,
"6196",-103.625,48.375,-103.375,48.125,"3","86",0,0,
"6197",-103.625,48.125,-103.375,47.875,"4","86",0,0,
"6198",-103.625,47.875,-103.375,47.625,"5","86",0,0,
"6199",-103.625,47.625,-103.375,47.375,"6","86",0,0,
"6200",-103.625,47.375,-103.375,47.125,"7","86",0,0,
"6201",-103.625,47.125,-103.375,46.875,"8","86",0,0,
"6202",-103.625,46.875,-103.375,46.625,"9","86",0,0,
"6203",-103.625,46.625,-103.375,46.375,"10","86",0,0,
"6204",-103.625,46.375,-103.375,46.125,"11","86",0,0,
"6205",-103.625,46.125,-103.375,45.875,"12","86",0,0,
"6206",-103.625,45.875,-103.375,45.625,"13","86",0,0,
"6207",-103.625,45.625,-103.375,45.375,"14","86",0,0,
"6208",-103.625,45.375,-103.375,45.125,"15","86",0,0,
"6209",-103.625,45.125,-103.375,44.875,"16","86",0,0,
"6210",-103.625,44.875,-103.375,44.625,"17","86",0,0,
"6211",-103.625,44.625,-103.375,44.375,"18","86",0,0,
"6212",-103.625,44.375,-103.375,44.125,"19","86",0,0,
"6213",-103.625,44.125,-103.375,43.875,"20","86",0,0,
"6214",-103.625,43.875,-103.375,43.625,"21","86",0,0,
"6215",-103.625,43.625,-103.375,43.375,"22","86",0,0,
"6216",-103.625,43.375,-103.375,43.125,"23","86",0,0,
"6217",-103.625,43.125,-103.375,42.875,"24","86",0,0,
"6218",-103.625,42.875,-103.375,42.625,"25","86",0,0,
"6219",-103.625,42.625,-103.375,42.375,"26","86",0,0,
"6220",-103.625,42.375,-103.375,42.125,"27","86",0,0,
"6221",-103.625,42.125,-103.375,41.875,"28","86",0,0,
"6222",-103.625,41.875,-103.375,41.625,"29","86",0,0,
"6223",-103.625,41.625,-103.375,41.375,"30","86",1,0.939829349517822,0.939829349517822
"6224",-103.625,41.375,-103.375,41.125,"31","86",0,0,
"6225",-103.625,41.125,-103.375,40.875,"32","86",0,0,
"6226",-103.625,40.875,-103.375,40.625,"33","86",0,0,
"6227",-103.625,40.625,-103.375,40.375,"34","86",0,0,
"6228",-103.625,40.375,-103.375,40.125,"35","86",0,0,
"6229",-103.625,40.125,-103.375,39.875,"36","86",0,0,
"6230",-103.625,39.875,-103.375,39.625,"37","86",0,0,
"6231",-103.625,39.625,-103.375,39.375,"38","86",0,0,
"6232",-103.625,39.375,-103.375,39.125,"39","86",0,0,
"6233",-103.625,39.125,-103.375,38.875,"40","86",0,0,
"6234",-103.625,38.875,-103.375,38.625,"41","86",0,0,
"6235",-103.625,38.625,-103.375,38.375,"42","86",0,0,
"6236",-103.625,38.375,-103.375,38.125,"43","86",0,0,
"6237",-103.625,38.125,-103.375,37.875,"44","86",0,0,
"6238",-103.625,37.875,-103.375,37.625,"45","86",0,0,
"6239",-103.625,37.625,-103.375,37.375,"46","86",0,0,
"6240",-103.625,37.375,-103.375,37.125,"47","86",0,0,
"6241",-103.625,37.125,-103.375,36.875,"48","86",0,0,
"6242",-103.625,36.875,-103.375,36.625,"49","86",0,0,
"6243",-103.625,36.625,-103.375,36.375,"50","86",0,0,
"6244",-103.625,36.375,-103.375,36.125,"51","86",0,0,
"6245",-103.625,36.125,-103.375,35.875,"52","86",0,0,
"6246",-103.625,35.875,-103.375,35.625,"53","86",0,0,
"6247",-103.625,35.625,-103.375,35.375,"54","86",0,0,
"6248",-103.625,35.375,-103.375,35.125,"55","86",0,0,
"6249",-103.625,35.125,-103.375,34.875,"56","86",0,0,
"6250",-103.625,34.875,-103.375,34.625,"57","86",0,0,
"6251",-103.625,34.625,-103.375,34.375,"58","86",0,0,
"6252",-103.625,34.375,-103.375,34.125,"59","86",0,0,
"6253",-103.625,34.125,-103.375,33.875,"60","86",0,0,
"6254",-103.625,33.875,-103.375,33.625,"61","86",0,0,
"6255",-103.625,33.625,-103.375,33.375,"62","86",0,0,
"6256",-103.625,33.375,-103.375,33.125,"63","86",0,0,
"6257",-103.625,33.125,-103.375,32.875,"64","86",0,0,
"6258",-103.625,32.875,-103.375,32.625,"65","86",0,0,
"6259",-103.625,32.625,-103.375,32.375,"66","86",0,0,
"6260",-103.625,32.375,-103.375,32.125,"67","86",0,0,
"6261",-103.625,32.125,-103.375,31.875,"68","86",0,0,
"6262",-103.625,31.875,-103.375,31.625,"69","86",0,0,
"6263",-103.625,31.625,-103.375,31.375,"70","86",0,0,
"6264",-103.625,31.375,-103.375,31.125,"71","86",0,0,
"6265",-103.375,49.125,-103.125,48.875,"0","87",0,0,
"6266",-103.375,48.875,-103.125,48.625,"1","87",0,0,
"6267",-103.375,48.625,-103.125,48.375,"2","87",0,0,
"6268",-103.375,48.375,-103.125,48.125,"3","87",0,0,
"6269",-103.375,48.125,-103.125,47.875,"4","87",0,0,
"6270",-103.375,47.875,-103.125,47.625,"5","87",0,0,
"6271",-103.375,47.625,-103.125,47.375,"6","87",0,0,
"6272",-103.375,47.375,-103.125,47.125,"7","87",0,0,
"6273",-103.375,47.125,-103.125,46.875,"8","87",0,0,
"6274",-103.375,46.875,-103.125,46.625,"9","87",0,0,
"6275",-103.375,46.625,-103.125,46.375,"10","87",0,0,
"6276",-103.375,46.375,-103.125,46.125,"11","87",0,0,
"6277",-103.375,46.125,-103.125,45.875,"12","87",0,0,
"6278",-103.375,45.875,-103.125,45.625,"13","87",0,0,
"6279",-103.375,45.625,-103.125,45.375,"14","87",0,0,
"6280",-103.375,45.375,-103.125,45.125,"15","87",0,0,
"6281",-103.375,45.125,-103.125,44.875,"16","87",0,0,
"6282",-103.375,44.875,-103.125,44.625,"17","87",0,0,
"6283",-103.375,44.625,-103.125,44.375,"18","87",0,0,
"6284",-103.375,44.375,-103.125,44.125,"19","87",0,0,
"6285",-103.375,44.125,-103.125,43.875,"20","87",0,0,
"6286",-103.375,43.875,-103.125,43.625,"21","87",0,0,
"6287",-103.375,43.625,-103.125,43.375,"22","87",0,0,
"6288",-103.375,43.375,-103.125,43.125,"23","87",0,0,
"6289",-103.375,43.125,-103.125,42.875,"24","87",0,0,
"6290",-103.375,42.875,-103.125,42.625,"25","87",0,0,
"6291",-103.375,42.625,-103.125,42.375,"26","87",0,0,
"6292",-103.375,42.375,-103.125,42.125,"27","87",0,0,
"6293",-103.375,42.125,-103.125,41.875,"28","87",0,0,
"6294",-103.375,41.875,-103.125,41.625,"29","87",0,0,
"6295",-103.375,41.625,-103.125,41.375,"30","87",0,0,
"6296",-103.375,41.375,-103.125,41.125,"31","87",0,0,
"6297",-103.375,41.125,-103.125,40.875,"32","87",0,0,
"6298",-103.375,40.875,-103.125,40.625,"33","87",0,0,
"6299",-103.375,40.625,-103.125,40.375,"34","87",0,0,
"6300",-103.375,40.375,-103.125,40.125,"35","87",0,0,
"6301",-103.375,40.125,-103.125,39.875,"36","87",0,0,
"6302",-103.375,39.875,-103.125,39.625,"37","87",0,0,
"6303",-103.375,39.625,-103.125,39.375,"38","87",0,0,
"6304",-103.375,39.375,-103.125,39.125,"39","87",0,0,
"6305",-103.375,39.125,-103.125,38.875,"40","87",0,0,
"6306",-103.375,38.875,-103.125,38.625,"41","87",0,0,
"6307",-103.375,38.625,-103.125,38.375,"42","87",0,0,
"6308",-103.375,38.375,-103.125,38.125,"43","87",0,0,
"6309",-103.375,38.125,-103.125,37.875,"44","87",0,0,
"6310",-103.375,37.875,-103.125,37.625,"45","87",0,0,
"6311",-103.375,37.625,-103.125,37.375,"46","87",0,0,
"6312",-103.375,37.375,-103.125,37.125,"47","87",0,0,
"6313",-103.375,37.125,-103.125,36.875,"48","87",0,0,
"6314",-103.375,36.875,-103.125,36.625,"49","87",0,0,
"6315",-103.375,36.625,-103.125,36.375,"50","87",0,0,
"6316",-103.375,36.375,-103.125,36.125,"51","87",0,0,
"6317",-103.375,36.125,-103.125,35.875,"52","87",0,0,
"6318",-103.375,35.875,-103.125,35.625,"53","87",0,0,
"6319",-103.375,35.625,-103.125,35.375,"54","87",0,0,
"6320",-103.375,35.375,-103.125,35.125,"55","87",0,0,
"6321",-103.375,35.125,-103.125,34.875,"56","87",0,0,
"6322",-103.375,34.875,-103.125,34.625,"57","87",0,0,
"6323",-103.375,34.625,-103.125,34.375,"58","87",0,0,
"6324",-103.375,34.375,-103.125,34.125,"59","87",0,0,
"6325",-103.375,34.125,-103.125,33.875,"60","87",0,0,
"6326",-103.375,33.875,-103.125,33.625,"61","87",0,0,
"6327",-103.375,33.625,-103.125,33.375,"62","87",0,0,
"6328",-103.375,33.375,-103.125,33.125,"63","87",0,0,
"6329",-103.375,33.125,-103.125,32.875,"64","87",0,0,
"6330",-103.375,32.875,-103.125,32.625,"65","87",0,0,
"6331",-103.375,32.625,-103.125,32.375,"66","87",0,0,
"6332",-103.375,32.375,-103.125,32.125,"67","87",0,0,
"6333",-103.375,32.125,-103.125,31.875,"68","87",0,0,
"6334",-103.375,31.875,-103.125,31.625,"69","87",0,0,
"6335",-103.375,31.625,-103.125,31.375,"70","87",0,0,
"6336",-103.375,31.375,-103.125,31.125,"71","87",0,0,
"6337",-103.125,49.125,-102.875,48.875,"0","88",0,0,
"6338",-103.125,48.875,-102.875,48.625,"1","88",0,0,
"6339",-103.125,48.625,-102.875,48.375,"2","88",0,0,
"6340",-103.125,48.375,-102.875,48.125,"3","88",0,0,
"6341",-103.125,48.125,-102.875,47.875,"4","88",0,0,
"6342",-103.125,47.875,-102.875,47.625,"5","88",0,0,
"6343",-103.125,47.625,-102.875,47.375,"6","88",0,0,
"6344",-103.125,47.375,-102.875,47.125,"7","88",0,0,
"6345",-103.125,47.125,-102.875,46.875,"8","88",0,0,
"6346",-103.125,46.875,-102.875,46.625,"9","88",0,0,
"6347",-103.125,46.625,-102.875,46.375,"10","88",0,0,
"6348",-103.125,46.375,-102.875,46.125,"11","88",0,0,
"6349",-103.125,46.125,-102.875,45.875,"12","88",0,0,
"6350",-103.125,45.875,-102.875,45.625,"13","88",0,0,
"6351",-103.125,45.625,-102.875,45.375,"14","88",0,0,
"6352",-103.125,45.375,-102.875,45.125,"15","88",0,0,
"6353",-103.125,45.125,-102.875,44.875,"16","88",0,0,
"6354",-103.125,44.875,-102.875,44.625,"17","88",0,0,
"6355",-103.125,44.625,-102.875,44.375,"18","88",0,0,
"6356",-103.125,44.375,-102.875,44.125,"19","88",0,0,
"6357",-103.125,44.125,-102.875,43.875,"20","88",0,0,
"6358",-103.125,43.875,-102.875,43.625,"21","88",0,0,
"6359",-103.125,43.625,-102.875,43.375,"22","88",0,0,
"6360",-103.125,43.375,-102.875,43.125,"23","88",0,0,
"6361",-103.125,43.125,-102.875,42.875,"24","88",0,0,
"6362",-103.125,42.875,-102.875,42.625,"25","88",0,0,
"6363",-103.125,42.625,-102.875,42.375,"26","88",0,0,
"6364",-103.125,42.375,-102.875,42.125,"27","88",0,0,
"6365",-103.125,42.125,-102.875,41.875,"28","88",0,0,
"6366",-103.125,41.875,-102.875,41.625,"29","88",0,0,
"6367",-103.125,41.625,-102.875,41.375,"30","88",0,0,
"6368",-103.125,41.375,-102.875,41.125,"31","88",0,0,
"6369",-103.125,41.125,-102.875,40.875,"32","88",0,0,
"6370",-103.125,40.875,-102.875,40.625,"33","88",0,0,
"6371",-103.125,40.625,-102.875,40.375,"34","88",0,0,
"6372",-103.125,40.375,-102.875,40.125,"35","88",0,0,
"6373",-103.125,40.125,-102.875,39.875,"36","88",0,0,
"6374",-103.125,39.875,-102.875,39.625,"37","88",0,0,
"6375",-103.125,39.625,-102.875,39.375,"38","88",0,0,
"6376",-103.125,39.375,-102.875,39.125,"39","88",0,0,
"6377",-103.125,39.125,-102.875,38.875,"40","88",0,0,
"6378",-103.125,38.875,-102.875,38.625,"41","88",0,0,
"6379",-103.125,38.625,-102.875,38.375,"42","88",0,0,
"6380",-103.125,38.375,-102.875,38.125,"43","88",0,0,
"6381",-103.125,38.125,-102.875,37.875,"44","88",0,0,
"6382",-103.125,37.875,-102.875,37.625,"45","88",0,0,
"6383",-103.125,37.625,-102.875,37.375,"46","88",0,0,
"6384",-103.125,37.375,-102.875,37.125,"47","88",0,0,
"6385",-103.125,37.125,-102.875,36.875,"48","88",0,0,
"6386",-103.125,36.875,-102.875,36.625,"49","88",0,0,
"6387",-103.125,36.625,-102.875,36.375,"50","88",0,0,
"6388",-103.125,36.375,-102.875,36.125,"51","88",0,0,
"6389",-103.125,36.125,-102.875,35.875,"52","88",0,0,
"6390",-103.125,35.875,-102.875,35.625,"53","88",0,0,
"6391",-103.125,35.625,-102.875,35.375,"54","88",0,0,
"6392",-103.125,35.375,-102.875,35.125,"55","88",0,0,
"6393",-103.125,35.125,-102.875,34.875,"56","88",0,0,
"6394",-103.125,34.875,-102.875,34.625,"57","88",0,0,
"6395",-103.125,34.625,-102.875,34.375,"58","88",0,0,
"6396",-103.125,34.375,-102.875,34.125,"59","88",0,0,
"6397",-103.125,34.125,-102.875,33.875,"60","88",0,0,
"6398",-103.125,33.875,-102.875,33.625,"61","88",0,0,
"6399",-103.125,33.625,-102.875,33.375,"62","88",0,0,
"6400",-103.125,33.375,-102.875,33.125,"63","88",0,0,
"6401",-103.125,33.125,-102.875,32.875,"64","88",0,0,
"6402",-103.125,32.875,-102.875,32.625,"65","88",0,0,
"6403",-103.125,32.625,-102.875,32.375,"66","88",0,0,
"6404",-103.125,32.375,-102.875,32.125,"67","88",0,0,
"6405",-103.125,32.125,-102.875,31.875,"68","88",0,0,
"6406",-103.125,31.875,-102.875,31.625,"69","88",0,0,
"6407",-103.125,31.625,-102.875,31.375,"70","88",0,0,
"6408",-103.125,31.375,-102.875,31.125,"71","88",0,0,
"6409",-102.875,49.125,-102.625,48.875,"0","89",0,0,
"6410",-102.875,48.875,-102.625,48.625,"1","89",0,0,
"6411",-102.875,48.625,-102.625,48.375,"2","89",0,0,
"6412",-102.875,48.375,-102.625,48.125,"3","89",0,0,
"6413",-102.875,48.125,-102.625,47.875,"4","89",0,0,
"6414",-102.875,47.875,-102.625,47.625,"5","89",0,0,
"6415",-102.875,47.625,-102.625,47.375,"6","89",0,0,
"6416",-102.875,47.375,-102.625,47.125,"7","89",0,0,
"6417",-102.875,47.125,-102.625,46.875,"8","89",0,0,
"6418",-102.875,46.875,-102.625,46.625,"9","89",0,0,
"6419",-102.875,46.625,-102.625,46.375,"10","89",0,0,
"6420",-102.875,46.375,-102.625,46.125,"11","89",0,0,
"6421",-102.875,46.125,-102.625,45.875,"12","89",0,0,
"6422",-102.875,45.875,-102.625,45.625,"13","89",0,0,
"6423",-102.875,45.625,-102.625,45.375,"14","89",0,0,
"6424",-102.875,45.375,-102.625,45.125,"15","89",0,0,
"6425",-102.875,45.125,-102.625,44.875,"16","89",0,0,
"6426",-102.875,44.875,-102.625,44.625,"17","89",0,0,
"6427",-102.875,44.625,-102.625,44.375,"18","89",0,0,
"6428",-102.875,44.375,-102.625,44.125,"19","89",0,0,
"6429",-102.875,44.125,-102.625,43.875,"20","89",0,0,
"6430",-102.875,43.875,-102.625,43.625,"21","89",0,0,
"6431",-102.875,43.625,-102.625,43.375,"22","89",0,0,
"6432",-102.875,43.375,-102.625,43.125,"23","89",0,0,
"6433",-102.875,43.125,-102.625,42.875,"24","89",0,0,
"6434",-102.875,42.875,-102.625,42.625,"25","89",0,0,
"6435",-102.875,42.625,-102.625,42.375,"26","89",0,0,
"6436",-102.875,42.375,-102.625,42.125,"27","89",0,0,
"6437",-102.875,42.125,-102.625,41.875,"28","89",0,0,
"6438",-102.875,41.875,-102.625,41.625,"29","89",0,0,
"6439",-102.875,41.625,-102.625,41.375,"30","89",0,0,
"6440",-102.875,41.375,-102.625,41.125,"31","89",0,0,
"6441",-102.875,41.125,-102.625,40.875,"32","89",0,0,
"6442",-102.875,40.875,-102.625,40.625,"33","89",0,0,
"6443",-102.875,40.625,-102.625,40.375,"34","89",0,0,
"6444",-102.875,40.375,-102.625,40.125,"35","89",0,0,
"6445",-102.875,40.125,-102.625,39.875,"36","89",0,0,
"6446",-102.875,39.875,-102.625,39.625,"37","89",0,0,
"6447",-102.875,39.625,-102.625,39.375,"38","89",0,0,
"6448",-102.875,39.375,-102.625,39.125,"39","89",0,0,
"6449",-102.875,39.125,-102.625,38.875,"40","89",0,0,
"6450",-102.875,38.875,-102.625,38.625,"41","89",0,0,
"6451",-102.875,38.625,-102.625,38.375,"42","89",0,0,
"6452",-102.875,38.375,-102.625,38.125,"43","89",0,0,
"6453",-102.875,38.125,-102.625,37.875,"44","89",0,0,
"6454",-102.875,37.875,-102.625,37.625,"45","89",0,0,
"6455",-102.875,37.625,-102.625,37.375,"46","89",0,0,
"6456",-102.875,37.375,-102.625,37.125,"47","89",0,0,
"6457",-102.875,37.125,-102.625,36.875,"48","89",0,0,
"6458",-102.875,36.875,-102.625,36.625,"49","89",0,0,
"6459",-102.875,36.625,-102.625,36.375,"50","89",0,0,
"6460",-102.875,36.375,-102.625,36.125,"51","89",0,0,
"6461",-102.875,36.125,-102.625,35.875,"52","89",0,0,
"6462",-102.875,35.875,-102.625,35.625,"53","89",0,0,
"6463",-102.875,35.625,-102.625,35.375,"54","89",0,0,
"6464",-102.875,35.375,-102.625,35.125,"55","89",0,0,
"6465",-102.875,35.125,-102.625,34.875,"56","89",0,0,
"6466",-102.875,34.875,-102.625,34.625,"57","89",0,0,
"6467",-102.875,34.625,-102.625,34.375,"58","89",0,0,
"6468",-102.875,34.375,-102.625,34.125,"59","89",0,0,
"6469",-102.875,34.125,-102.625,33.875,"60","89",0,0,
"6470",-102.875,33.875,-102.625,33.625,"61","89",0,0,
"6471",-102.875,33.625,-102.625,33.375,"62","89",0,0,
"6472",-102.875,33.375,-102.625,33.125,"63","89",0,0,
"6473",-102.875,33.125,-102.625,32.875,"64","89",0,0,
"6474",-102.875,32.875,-102.625,32.625,"65","89",0,0,
"6475",-102.875,32.625,-102.625,32.375,"66","89",0,0,
"6476",-102.875,32.375,-102.625,32.125,"67","89",0,0,
"6477",-102.875,32.125,-102.625,31.875,"68","89",0,0,
"6478",-102.875,31.875,-102.625,31.625,"69","89",0,0,
"6479",-102.875,31.625,-102.625,31.375,"70","89",0,0,
"6480",-102.875,31.375,-102.625,31.125,"71","89",0,0,
"6481",-102.625,49.125,-102.375,48.875,"0","90",0,0,
"6482",-102.625,48.875,-102.375,48.625,"1","90",0,0,
"6483",-102.625,48.625,-102.375,48.375,"2","90",0,0,
"6484",-102.625,48.375,-102.375,48.125,"3","90",0,0,
"6485",-102.625,48.125,-102.375,47.875,"4","90",0,0,
"6486",-102.625,47.875,-102.375,47.625,"5","90",0,0,
"6487",-102.625,47.625,-102.375,47.375,"6","90",0,0,
"6488",-102.625,47.375,-102.375,47.125,"7","90",0,0,
"6489",-102.625,47.125,-102.375,46.875,"8","90",0,0,
"6490",-102.625,46.875,-102.375,46.625,"9","90",0,0,
"6491",-102.625,46.625,-102.375,46.375,"10","90",0,0,
"6492",-102.625,46.375,-102.375,46.125,"11","90",0,0,
"6493",-102.625,46.125,-102.375,45.875,"12","90",0,0,
"6494",-102.625,45.875,-102.375,45.625,"13","90",0,0,
"6495",-102.625,45.625,-102.375,45.375,"14","90",0,0,
"6496",-102.625,45.375,-102.375,45.125,"15","90",0,0,
"6497",-102.625,45.125,-102.375,44.875,"16","90",0,0,
"6498",-102.625,44.875,-102.375,44.625,"17","90",0,0,
"6499",-102.625,44.625,-102.375,44.375,"18","90",0,0,
"6500",-102.625,44.375,-102.375,44.125,"19","90",0,0,
"6501",-102.625,44.125,-102.375,43.875,"20","90",0,0,
"6502",-102.625,43.875,-102.375,43.625,"21","90",0,0,
"6503",-102.625,43.625,-102.375,43.375,"22","90",0,0,
"6504",-102.625,43.375,-102.375,43.125,"23","90",0,0,
"6505",-102.625,43.125,-102.375,42.875,"24","90",0,0,
"6506",-102.625,42.875,-102.375,42.625,"25","90",0,0,
"6507",-102.625,42.625,-102.375,42.375,"26","90",0,0,
"6508",-102.625,42.375,-102.375,42.125,"27","90",0,0,
"6509",-102.625,42.125,-102.375,41.875,"28","90",0,0,
"6510",-102.625,41.875,-102.375,41.625,"29","90",0,0,
"6511",-102.625,41.625,-102.375,41.375,"30","90",0,0,
"6512",-102.625,41.375,-102.375,41.125,"31","90",0,0,
"6513",-102.625,41.125,-102.375,40.875,"32","90",0,0,
"6514",-102.625,40.875,-102.375,40.625,"33","90",0,0,
"6515",-102.625,40.625,-102.375,40.375,"34","90",0,0,
"6516",-102.625,40.375,-102.375,40.125,"35","90",0,0,
"6517",-102.625,40.125,-102.375,39.875,"36","90",0,0,
"6518",-102.625,39.875,-102.375,39.625,"37","90",0,0,
"6519",-102.625,39.625,-102.375,39.375,"38","90",0,0,
"6520",-102.625,39.375,-102.375,39.125,"39","90",0,0,
"6521",-102.625,39.125,-102.375,38.875,"40","90",0,0,
"6522",-102.625,38.875,-102.375,38.625,"41","90",0,0,
"6523",-102.625,38.625,-102.375,38.375,"42","90",0,0,
"6524",-102.625,38.375,-102.375,38.125,"43","90",0,0,
"6525",-102.625,38.125,-102.375,37.875,"44","90",0,0,
"6526",-102.625,37.875,-102.375,37.625,"45","90",0,0,
"6527",-102.625,37.625,-102.375,37.375,"46","90",0,0,
"6528",-102.625,37.375,-102.375,37.125,"47","90",0,0,
"6529",-102.625,37.125,-102.375,36.875,"48","90",0,0,
"6530",-102.625,36.875,-102.375,36.625,"49","90",0,0,
"6531",-102.625,36.625,-102.375,36.375,"50","90",0,0,
"6532",-102.625,36.375,-102.375,36.125,"51","90",0,0,
"6533",-102.625,36.125,-102.375,35.875,"52","90",0,0,
"6534",-102.625,35.875,-102.375,35.625,"53","90",0,0,
"6535",-102.625,35.625,-102.375,35.375,"54","90",0,0,
"6536",-102.625,35.375,-102.375,35.125,"55","90",0,0,
"6537",-102.625,35.125,-102.375,34.875,"56","90",0,0,
"6538",-102.625,34.875,-102.375,34.625,"57","90",0,0,
"6539",-102.625,34.625,-102.375,34.375,"58","90",0,0,
"6540",-102.625,34.375,-102.375,34.125,"59","90",0,0,
"6541",-102.625,34.125,-102.375,33.875,"60","90",0,0,
"6542",-102.625,33.875,-102.375,33.625,"61","90",0,0,
"6543",-102.625,33.625,-102.375,33.375,"62","90",0,0,
"6544",-102.625,33.375,-102.375,33.125,"63","90",0,0,
"6545",-102.625,33.125,-102.375,32.875,"64","90",0,0,
"6546",-102.625,32.875,-102.375,32.625,"65","90",0,0,
"6547",-102.625,32.625,-102.375,32.375,"66","90",0,0,
"6548",-102.625,32.375,-102.375,32.125,"67","90",0,0,
"6549",-102.625,32.125,-102.375,31.875,"68","90",0,0,
"6550",-102.625,31.875,-102.375,31.625,"69","90",0,0,
"6551",-102.625,31.625,-102.375,31.375,"70","90",0,0,
"6552",-102.625,31.375,-102.375,31.125,"71","90",0,0,
"6553",-102.375,49.125,-102.125,48.875,"0","91",0,0,
"6554",-102.375,48.875,-102.125,48.625,"1","91",0,0,
"6555",-102.375,48.625,-102.125,48.375,"2","91",0,0,
"6556",-102.375,48.375,-102.125,48.125,"3","91",0,0,
"6557",-102.375,48.125,-102.125,47.875,"4","91",0,0,
"6558",-102.375,47.875,-102.125,47.625,"5","91",0,0,
"6559",-102.375,47.625,-102.125,47.375,"6","91",0,0,
"6560",-102.375,47.375,-102.125,47.125,"7","91",0,0,
"6561",-102.375,47.125,-102.125,46.875,"8","91",0,0,
"6562",-102.375,46.875,-102.125,46.625,"9","91",0,0,
"6563",-102.375,46.625,-102.125,46.375,"10","91",0,0,
"6564",-102.375,46.375,-102.125,46.125,"11","91",0,0,
"6565",-102.375,46.125,-102.125,45.875,"12","91",0,0,
"6566",-102.375,45.875,-102.125,45.625,"13","91",0,0,
"6567",-102.375,45.625,-102.125,45.375,"14","91",0,0,
"6568",-102.375,45.375,-102.125,45.125,"15","91",0,0,
"6569",-102.375,45.125,-102.125,44.875,"16","91",0,0,
"6570",-102.375,44.875,-102.125,44.625,"17","91",0,0,
"6571",-102.375,44.625,-102.125,44.375,"18","91",0,0,
"6572",-102.375,44.375,-102.125,44.125,"19","91",0,0,
"6573",-102.375,44.125,-102.125,43.875,"20","91",0,0,
"6574",-102.375,43.875,-102.125,43.625,"21","91",0,0,
"6575",-102.375,43.625,-102.125,43.375,"22","91",0,0,
"6576",-102.375,43.375,-102.125,43.125,"23","91",0,0,
"6577",-102.375,43.125,-102.125,42.875,"24","91",0,0,
"6578",-102.375,42.875,-102.125,42.625,"25","91",0,0,
"6579",-102.375,42.625,-102.125,42.375,"26","91",0,0,
"6580",-102.375,42.375,-102.125,42.125,"27","91",0,0,
"6581",-102.375,42.125,-102.125,41.875,"28","91",0,0,
"6582",-102.375,41.875,-102.125,41.625,"29","91",0,0,
"6583",-102.375,41.625,-102.125,41.375,"30","91",0,0,
"6584",-102.375,41.375,-102.125,41.125,"31","91",0,0,
"6585",-102.375,41.125,-102.125,40.875,"32","91",0,0,
"6586",-102.375,40.875,-102.125,40.625,"33","91",0,0,
"6587",-102.375,40.625,-102.125,40.375,"34","91",0,0,
"6588",-102.375,40.375,-102.125,40.125,"35","91",0,0,
"6589",-102.375,40.125,-102.125,39.875,"36","91",0,0,
"6590",-102.375,39.875,-102.125,39.625,"37","91",0,0,
"6591",-102.375,39.625,-102.125,39.375,"38","91",0,0,
"6592",-102.375,39.375,-102.125,39.125,"39","91",0,0,
"6593",-102.375,39.125,-102.125,38.875,"40","91",0,0,
"6594",-102.375,38.875,-102.125,38.625,"41","91",0,0,
"6595",-102.375,38.625,-102.125,38.375,"42","91",0,0,
"6596",-102.375,38.375,-102.125,38.125,"43","91",0,0,
"6597",-102.375,38.125,-102.125,37.875,"44","91",0,0,
"6598",-102.375,37.875,-102.125,37.625,"45","91",0,0,
"6599",-102.375,37.625,-102.125,37.375,"46","91",0,0,
"6600",-102.375,37.375,-102.125,37.125,"47","91",0,0,
"6601",-102.375,37.125,-102.125,36.875,"48","91",0,0,
"6602",-102.375,36.875,-102.125,36.625,"49","91",0,0,
"6603",-102.375,36.625,-102.125,36.375,"50","91",0,0,
"6604",-102.375,36.375,-102.125,36.125,"51","91",0,0,
"6605",-102.375,36.125,-102.125,35.875,"52","91",0,0,
"6606",-102.375,35.875,-102.125,35.625,"53","91",0,0,
"6607",-102.375,35.625,-102.125,35.375,"54","91",0,0,
"6608",-102.375,35.375,-102.125,35.125,"55","91",0,0,
"6609",-102.375,35.125,-102.125,34.875,"56","91",0,0,
"6610",-102.375,34.875,-102.125,34.625,"57","91",0,0,
"6611",-102.375,34.625,-102.125,34.375,"58","91",0,0,
"6612",-102.375,34.375,-102.125,34.125,"59","91",0,0,
"6613",-102.375,34.125,-102.125,33.875,"60","91",0,0,
"6614",-102.375,33.875,-102.125,33.625,"61","91",0,0,
"6615",-102.375,33.625,-102.125,33.375,"62","91",0,0,
"6616",-102.375,33.375,-102.125,33.125,"63","91",0,0,
"6617",-102.375,33.125,-102.125,32.875,"64","91",0,0,
"6618",-102.375,32.875,-102.125,32.625,"65","91",0,0,
"6619",-102.375,32.625,-102.125,32.375,"66","91",0,0,
"6620",-102.375,32.375,-102.125,32.125,"67","91",0,0,
"6621",-102.375,32.125,-102.125,31.875,"68","91",0,0,
"6622",-102.375,31.875,-102.125,31.625,"69","91",0,0,
"6623",-102.375,31.625,-102.125,31.375,"70","91",0,0,
"6624",-102.375,31.375,-102.125,31.125,"71","91",0,0,
"6625",-102.125,49.125,-101.875,48.875,"0","92",0,0,
"6626",-102.125,48.875,-101.875,48.625,"1","92",0,0,
"6627",-102.125,48.625,-101.875,48.375,"2","92",0,0,
"6628",-102.125,48.375,-101.875,48.125,"3","92",0,0,
"6629",-102.125,48.125,-101.875,47.875,"4","92",0,0,
"6630",-102.125,47.875,-101.875,47.625,"5","92",0,0,
"6631",-102.125,47.625,-101.875,47.375,"6","92",0,0,
"6632",-102.125,47.375,-101.875,47.125,"7","92",0,0,
"6633",-102.125,47.125,-101.875,46.875,"8","92",0,0,
"6634",-102.125,46.875,-101.875,46.625,"9","92",0,0,
"6635",-102.125,46.625,-101.875,46.375,"10","92",0,0,
"6636",-102.125,46.375,-101.875,46.125,"11","92",0,0,
"6637",-102.125,46.125,-101.875,45.875,"12","92",0,0,
"6638",-102.125,45.875,-101.875,45.625,"13","92",0,0,
"6639",-102.125,45.625,-101.875,45.375,"14","92",0,0,
"6640",-102.125,45.375,-101.875,45.125,"15","92",0,0,
"6641",-102.125,45.125,-101.875,44.875,"16","92",0,0,
"6642",-102.125,44.875,-101.875,44.625,"17","92",0,0,
"6643",-102.125,44.625,-101.875,44.375,"18","92",0,0,
"6644",-102.125,44.375,-101.875,44.125,"19","92",0,0,
"6645",-102.125,44.125,-101.875,43.875,"20","92",0,0,
"6646",-102.125,43.875,-101.875,43.625,"21","92",0,0,
"6647",-102.125,43.625,-101.875,43.375,"22","92",0,0,
"6648",-102.125,43.375,-101.875,43.125,"23","92",0,0,
"6649",-102.125,43.125,-101.875,42.875,"24","92",0,0,
"6650",-102.125,42.875,-101.875,42.625,"25","92",0,0,
"6651",-102.125,42.625,-101.875,42.375,"26","92",0,0,
"6652",-102.125,42.375,-101.875,42.125,"27","92",0,0,
"6653",-102.125,42.125,-101.875,41.875,"28","92",0,0,
"6654",-102.125,41.875,-101.875,41.625,"29","92",0,0,
"6655",-102.125,41.625,-101.875,41.375,"30","92",0,0,
"6656",-102.125,41.375,-101.875,41.125,"31","92",0,0,
"6657",-102.125,41.125,-101.875,40.875,"32","92",0,0,
"6658",-102.125,40.875,-101.875,40.625,"33","92",0,0,
"6659",-102.125,40.625,-101.875,40.375,"34","92",0,0,
"6660",-102.125,40.375,-101.875,40.125,"35","92",0,0,
"6661",-102.125,40.125,-101.875,39.875,"36","92",0,0,
"6662",-102.125,39.875,-101.875,39.625,"37","92",0,0,
"6663",-102.125,39.625,-101.875,39.375,"38","92",0,0,
"6664",-102.125,39.375,-101.875,39.125,"39","92",0,0,
"6665",-102.125,39.125,-101.875,38.875,"40","92",0,0,
"6666",-102.125,38.875,-101.875,38.625,"41","92",0,0,
"6667",-102.125,38.625,-101.875,38.375,"42","92",0,0,
"6668",-102.125,38.375,-101.875,38.125,"43","92",0,0,
"6669",-102.125,38.125,-101.875,37.875,"44","92",0,0,
"6670",-102.125,37.875,-101.875,37.625,"45","92",0,0,
"6671",-102.125,37.625,-101.875,37.375,"46","92",0,0,
"6672",-102.125,37.375,-101.875,37.125,"47","92",0,0,
"6673",-102.125,37.125,-101.875,36.875,"48","92",0,0,
"6674",-102.125,36.875,-101.875,36.625,"49","92",0,0,
"6675",-102.125,36.625,-101.875,36.375,"50","92",0,0,
"6676",-102.125,36.375,-101.875,36.125,"51","92",0,0,
"6677",-102.125,36.125,-101.875,35.875,"52","92",0,0,
"6678",-102.125,35.875,-101.875,35.625,"53","92",0,0,
"6679",-102.125,35.625,-101.875,35.375,"54","92",0,0,
"6680",-102.125,35.375,-101.875,35.125,"55","92",0,0,
"6681",-102.125,35.125,-101.875,34.875,"56","92",0,0,
"6682",-102.125,34.875,-101.875,34.625,"57","92",0,0,
"6683",-102.125,34.625,-101.875,34.375,"58","92",0,0,
"6684",-102.125,34.375,-101.875,34.125,"59","92",0,0,
"6685",-102.125,34.125,-101.875,33.875,"60","92",0,0,
"6686",-102.125,33.875,-101.875,33.625,"61","92",0,0,
"6687",-102.125,33.625,-101.875,33.375,"62","92",0,0,
"6688",-102.125,33.375,-101.875,33.125,"63","92",0,0,
"6689",-102.125,33.125,-101.875,32.875,"64","92",0,0,
"6690",-102.125,32.875,-101.875,32.625,"65","92",0,0,
"6691",-102.125,32.625,-101.875,32.375,"66","92",0,0,
"6692",-102.125,32.375,-101.875,32.125,"67","92",0,0,
"6693",-102.125,32.125,-101.875,31.875,"68","92",0,0,
"6694",-102.125,31.875,-101.875,31.625,"69","92",0,0,
"6695",-102.125,31.625,-101.875,31.375,"70","92",0,0,
"6696",-102.125,31.375,-101.875,31.125,"71","92",0,0,
"6697",-101.875,49.125,-101.625,48.875,"0","93",0,0,
"6698",-101.875,48.875,-101.625,48.625,"1","93",0,0,
"6699",-101.875,48.625,-101.625,48.375,"2","93",0,0,
"6700",-101.875,48.375,-101.625,48.125,"3","93",0,0,
"6701",-101.875,48.125,-101.625,47.875,"4","93",0,0,
"6702",-101.875,47.875,-101.625,47.625,"5","93",0,0,
"6703",-101.875,47.625,-101.625,47.375,"6","93",0,0,
"6704",-101.875,47.375,-101.625,47.125,"7","93",0,0,
"6705",-101.875,47.125,-101.625,46.875,"8","93",0,0,
"6706",-101.875,46.875,-101.625,46.625,"9","93",0,0,
"6707",-101.875,46.625,-101.625,46.375,"10","93",0,0,
"6708",-101.875,46.375,-101.625,46.125,"11","93",0,0,
"6709",-101.875,46.125,-101.625,45.875,"12","93",0,0,
"6710",-101.875,45.875,-101.625,45.625,"13","93",0,0,
"6711",-101.875,45.625,-101.625,45.375,"14","93",0,0,
"6712",-101.875,45.375,-101.625,45.125,"15","93",0,0,
"6713",-101.875,45.125,-101.625,44.875,"16","93",0,0,
"6714",-101.875,44.875,-101.625,44.625,"17","93",0,0,
"6715",-101.875,44.625,-101.625,44.375,"18","93",0,0,
"6716",-101.875,44.375,-101.625,44.125,"19","93",0,0,
"6717",-101.875,44.125,-101.625,43.875,"20","93",0,0,
"6718",-101.875,43.875,-101.625,43.625,"21","93",0,0,
"6719",-101.875,43.625,-101.625,43.375,"22","93",0,0,
"6720",-101.875,43.375,-101.625,43.125,"23","93",0,0,
"6721",-101.875,43.125,-101.625,42.875,"24","93",0,0,
"6722",-101.875,42.875,-101.625,42.625,"25","93",0,0,
"6723",-101.875,42.625,-101.625,42.375,"26","93",0,0,
"6724",-101.875,42.375,-101.625,42.125,"27","93",0,0,
"6725",-101.875,42.125,-101.625,41.875,"28","93",0,0,
"6726",-101.875,41.875,-101.625,41.625,"29","93",0,0,
"6727",-101.875,41.625,-101.625,41.375,"30","93",0,0,
"6728",-101.875,41.375,-101.625,41.125,"31","93",0,0,
"6729",-101.875,41.125,-101.625,40.875,"32","93",0,0,
"6730",-101.875,40.875,-101.625,40.625,"33","93",0,0,
"6731",-101.875,40.625,-101.625,40.375,"34","93",0,0,
"6732",-101.875,40.375,-101.625,40.125,"35","93",0,0,
"6733",-101.875,40.125,-101.625,39.875,"36","93",0,0,
"6734",-101.875,39.875,-101.625,39.625,"37","93",0,0,
"6735",-101.875,39.625,-101.625,39.375,"38","93",0,0,
"6736",-101.875,39.375,-101.625,39.125,"39","93",0,0,
"6737",-101.875,39.125,-101.625,38.875,"40","93",0,0,
"6738",-101.875,38.875,-101.625,38.625,"41","93",0,0,
"6739",-101.875,38.625,-101.625,38.375,"42","93",0,0,
"6740",-101.875,38.375,-101.625,38.125,"43","93",0,0,
"6741",-101.875,38.125,-101.625,37.875,"44","93",0,0,
"6742",-101.875,37.875,-101.625,37.625,"45","93",0,0,
"6743",-101.875,37.625,-101.625,37.375,"46","93",0,0,
"6744",-101.875,37.375,-101.625,37.125,"47","93",0,0,
"6745",-101.875,37.125,-101.625,36.875,"48","93",0,0,
"6746",-101.875,36.875,-101.625,36.625,"49","93",0,0,
"6747",-101.875,36.625,-101.625,36.375,"50","93",0,0,
"6748",-101.875,36.375,-101.625,36.125,"51","93",0,0,
"6749",-101.875,36.125,-101.625,35.875,"52","93",0,0,
"6750",-101.875,35.875,-101.625,35.625,"53","93",0,0,
"6751",-101.875,35.625,-101.625,35.375,"54","93",0,0,
"6752",-101.875,35.375,-101.625,35.125,"55","93",0,0,
"6753",-101.875,35.125,-101.625,34.875,"56","93",0,0,
"6754",-101.875,34.875,-101.625,34.625,"57","93",0,0,
"6755",-101.875,34.625,-101.625,34.375,"58","93",0,0,
"6756",-101.875,34.375,-101.625,34.125,"59","93",0,0,
"6757",-101.875,34.125,-101.625,33.875,"60","93",0,0,
"6758",-101.875,33.875,-101.625,33.625,"61","93",0,0,
"6759",-101.875,33.625,-101.625,33.375,"62","93",0,0,
"6760",-101.875,33.375,-101.625,33.125,"63","93",0,0,
"6761",-101.875,33.125,-101.625,32.875,"64","93",0,0,
"6762",-101.875,32.875,-101.625,32.625,"65","93",0,0,
"6763",-101.875,32.625,-101.625,32.375,"66","93",0,0,
"6764",-101.875,32.375,-101.625,32.125,"67","93",0,0,
"6765",-101.875,32.125,-101.625,31.875,"68","93",0,0,
"6766",-101.875,31.875,-101.625,31.625,"69","93",0,0,
"6767",-101.875,31.625,-101.625,31.375,"70","93",0,0,
"6768",-101.875,31.375,-101.625,31.125,"71","93",0,0,
"6769",-101.625,49.125,-101.375,48.875,"0","94",0,0,
"6770",-101.625,48.875,-101.375,48.625,"1","94",0,0,
"6771",-101.625,48.625,-101.375,48.375,"2","94",0,0,
"6772",-101.625,48.375,-101.375,48.125,"3","94",0,0,
"6773",-101.625,48.125,-101.375,47.875,"4","94",0,0,
"6774",-101.625,47.875,-101.375,47.625,"5","94",0,0,
"6775",-101.625,47.625,-101.375,47.375,"6","94",0,0,
"6776",-101.625,47.375,-101.375,47.125,"7","94",0,0,
"6777",-101.625,47.125,-101.375,46.875,"8","94",0,0,
"6778",-101.625,46.875,-101.375,46.625,"9","94",0,0,
"6779",-101.625,46.625,-101.375,46.375,"10","94",0,0,
"6780",-101.625,46.375,-101.375,46.125,"11","94",0,0,
"6781",-101.625,46.125,-101.375,45.875,"12","94",0,0,
"6782",-101.625,45.875,-101.375,45.625,"13","94",0,0,
"6783",-101.625,45.625,-101.375,45.375,"14","94",0,0,
"6784",-101.625,45.375,-101.375,45.125,"15","94",0,0,
"6785",-101.625,45.125,-101.375,44.875,"16","94",0,0,
"6786",-101.625,44.875,-101.375,44.625,"17","94",0,0,
"6787",-101.625,44.625,-101.375,44.375,"18","94",0,0,
"6788",-101.625,44.375,-101.375,44.125,"19","94",0,0,
"6789",-101.625,44.125,-101.375,43.875,"20","94",0,0,
"6790",-101.625,43.875,-101.375,43.625,"21","94",0,0,
"6791",-101.625,43.625,-101.375,43.375,"22","94",0,0,
"6792",-101.625,43.375,-101.375,43.125,"23","94",0,0,
"6793",-101.625,43.125,-101.375,42.875,"24","94",0,0,
"6794",-101.625,42.875,-101.375,42.625,"25","94",0,0,
"6795",-101.625,42.625,-101.375,42.375,"26","94",0,0,
"6796",-101.625,42.375,-101.375,42.125,"27","94",0,0,
"6797",-101.625,42.125,-101.375,41.875,"28","94",0,0,
"6798",-101.625,41.875,-101.375,41.625,"29","94",0,0,
"6799",-101.625,41.625,-101.375,41.375,"30","94",0,0,
"6800",-101.625,41.375,-101.375,41.125,"31","94",0,0,
"6801",-101.625,41.125,-101.375,40.875,"32","94",0,0,
"6802",-101.625,40.875,-101.375,40.625,"33","94",0,0,
"6803",-101.625,40.625,-101.375,40.375,"34","94",0,0,
"6804",-101.625,40.375,-101.375,40.125,"35","94",0,0,
"6805",-101.625,40.125,-101.375,39.875,"36","94",0,0,
"6806",-101.625,39.875,-101.375,39.625,"37","94",0,0,
"6807",-101.625,39.625,-101.375,39.375,"38","94",0,0,
"6808",-101.625,39.375,-101.375,39.125,"39","94",0,0,
"6809",-101.625,39.125,-101.375,38.875,"40","94",0,0,
"6810",-101.625,38.875,-101.375,38.625,"41","94",0,0,
"6811",-101.625,38.625,-101.375,38.375,"42","94",0,0,
"6812",-101.625,38.375,-101.375,38.125,"43","94",0,0,
"6813",-101.625,38.125,-101.375,37.875,"44","94",0,0,
"6814",-101.625,37.875,-101.375,37.625,"45","94",0,0,
"6815",-101.625,37.625,-101.375,37.375,"46","94",0,0,
"6816",-101.625,37.375,-101.375,37.125,"47","94",0,0,
"6817",-101.625,37.125,-101.375,36.875,"48","94",0,0,
"6818",-101.625,36.875,-101.375,36.625,"49","94",0,0,
"6819",-101.625,36.625,-101.375,36.375,"50","94",0,0,
"6820",-101.625,36.375,-101.375,36.125,"51","94",0,0,
"6821",-101.625,36.125,-101.375,35.875,"52","94",0,0,
"6822",-101.625,35.875,-101.375,35.625,"53","94",0,0,
"6823",-101.625,35.625,-101.375,35.375,"54","94",0,0,
"6824",-101.625,35.375,-101.375,35.125,"55","94",0,0,
"6825",-101.625,35.125,-101.375,34.875,"56","94",0,0,
"6826",-101.625,34.875,-101.375,34.625,"57","94",0,0,
"6827",-101.625,34.625,-101.375,34.375,"58","94",0,0,
"6828",-101.625,34.375,-101.375,34.125,"59","94",0,0,
"6829",-101.625,34.125,-101.375,33.875,"60","94",0,0,
"6830",-101.625,33.875,-101.375,33.625,"61","94",0,0,
"6831",-101.625,33.625,-101.375,33.375,"62","94",0,0,
"6832",-101.625,33.375,-101.375,33.125,"63","94",0,0,
"6833",-101.625,33.125,-101.375,32.875,"64","94",0,0,
"6834",-101.625,32.875,-101.375,32.625,"65","94",0,0,
"6835",-101.625,32.625,-101.375,32.375,"66","94",0,0,
"6836",-101.625,32.375,-101.375,32.125,"67","94",0,0,
"6837",-101.625,32.125,-101.375,31.875,"68","94",0,0,
"6838",-101.625,31.875,-101.375,31.625,"69","94",0,0,
"6839",-101.625,31.625,-101.375,31.375,"70","94",0,0,
"6840",-101.625,31.375,-101.375,31.125,"71","94",0,0,
"6841",-101.375,49.125,-101.125,48.875,"0","95",0,0,
"6842",-101.375,48.875,-101.125,48.625,"1","95",0,0,
"6843",-101.375,48.625,-101.125,48.375,"2","95",0,0,
"6844",-101.375,48.375,-101.125,48.125,"3","95",0,0,
"6845",-101.375,48.125,-101.125,47.875,"4","95",0,0,
"6846",-101.375,47.875,-101.125,47.625,"5","95",0,0,
"6847",-101.375,47.625,-101.125,47.375,"6","95",0,0,
"6848",-101.375,47.375,-101.125,47.125,"7","95",0,0,
"6849",-101.375,47.125,-101.125,46.875,"8","95",0,0,
"6850",-101.375,46.875,-101.125,46.625,"9","95",0,0,
"6851",-101.375,46.625,-101.125,46.375,"10","95",0,0,
"6852",-101.375,46.375,-101.125,46.125,"11","95",0,0,
"6853",-101.375,46.125,-101.125,45.875,"12","95",0,0,
"6854",-101.375,45.875,-101.125,45.625,"13","95",0,0,
"6855",-101.375,45.625,-101.125,45.375,"14","95",0,0,
"6856",-101.375,45.375,-101.125,45.125,"15","95",0,0,
"6857",-101.375,45.125,-101.125,44.875,"16","95",0,0,
"6858",-101.375,44.875,-101.125,44.625,"17","95",0,0,
"6859",-101.375,44.625,-101.125,44.375,"18","95",0,0,
"6860",-101.375,44.375,-101.125,44.125,"19","95",0,0,
"6861",-101.375,44.125,-101.125,43.875,"20","95",0,0,
"6862",-101.375,43.875,-101.125,43.625,"21","95",0,0,
"6863",-101.375,43.625,-101.125,43.375,"22","95",0,0,
"6864",-101.375,43.375,-101.125,43.125,"23","95",0,0,
"6865",-101.375,43.125,-101.125,42.875,"24","95",0,0,
"6866",-101.375,42.875,-101.125,42.625,"25","95",0,0,
"6867",-101.375,42.625,-101.125,42.375,"26","95",0,0,
"6868",-101.375,42.375,-101.125,42.125,"27","95",0,0,
"6869",-101.375,42.125,-101.125,41.875,"28","95",0,0,
"6870",-101.375,41.875,-101.125,41.625,"29","95",0,0,
"6871",-101.375,41.625,-101.125,41.375,"30","95",0,0,
"6872",-101.375,41.375,-101.125,41.125,"31","95",0,0,
"6873",-101.375,41.125,-101.125,40.875,"32","95",0,0,
"6874",-101.375,40.875,-101.125,40.625,"33","95",0,0,
"6875",-101.375,40.625,-101.125,40.375,"34","95",0,0,
"6876",-101.375,40.375,-101.125,40.125,"35","95",0,0,
"6877",-101.375,40.125,-101.125,39.875,"36","95",0,0,
"6878",-101.375,39.875,-101.125,39.625,"37","95",0,0,
"6879",-101.375,39.625,-101.125,39.375,"38","95",0,0,
"6880",-101.375,39.375,-101.125,39.125,"39","95",0,0,
"6881",-101.375,39.125,-101.125,38.875,"40","95",0,0,
"6882",-101.375,38.875,-101.125,38.625,"41","95",0,0,
"6883",-101.375,38.625,-101.125,38.375,"42","95",0,0,
"6884",-101.375,38.375,-101.125,38.125,"43","95",0,0,
"6885",-101.375,38.125,-101.125,37.875,"44","95",0,0,
"6886",-101.375,37.875,-101.125,37.625,"45","95",0,0,
"6887",-101.375,37.625,-101.125,37.375,"46","95",0,0,
"6888",-101.375,37.375,-101.125,37.125,"47","95",0,0,
"6889",-101.375,37.125,-101.125,36.875,"48","95",0,0,
"6890",-101.375,36.875,-101.125,36.625,"49","95",0,0,
"6891",-101.375,36.625,-101.125,36.375,"50","95",0,0,
"6892",-101.375,36.375,-101.125,36.125,"51","95",0,0,
"6893",-101.375,36.125,-101.125,35.875,"52","95",0,0,
"6894",-101.375,35.875,-101.125,35.625,"53","95",0,0,
"6895",-101.375,35.625,-101.125,35.375,"54","95",0,0,
"6896",-101.375,35.375,-101.125,35.125,"55","95",0,0,
"6897",-101.375,35.125,-101.125,34.875,"56","95",0,0,
"6898",-101.375,34.875,-101.125,34.625,"57","95",0,0,
"6899",-101.375,34.625,-101.125,34.375,"58","95",0,0,
"6900",-101.375,34.375,-101.125,34.125,"59","95",0,0,
"6901",-101.375,34.125,-101.125,33.875,"60","95",0,0,
"6902",-101.375,33.875,-101.125,33.625,"61","95",0,0,
"6903",-101.375,33.625,-101.125,33.375,"62","95",0,0,
"6904",-101.375,33.375,-101.125,33.125,"63","95",0,0,
"6905",-101.375,33.125,-101.125,32.875,"64","95",0,0,
"6906",-101.375,32.875,-101.125,32.625,"65","95",0,0,
"6907",-101.375,32.625,-101.125,32.375,"66","95",0,0,
"6908",-101.375,32.375,-101.125,32.125,"67","95",0,0,
"6909",-101.375,32.125,-101.125,31.875,"68","95",0,0,
"6910",-101.375,31.875,-101.125,31.625,"69","95",0,0,
"6911",-101.375,31.625,-101.125,31.375,"70","95",0,0,
"6912",-101.375,31.375,-101.125,31.125,"71","95",0,0,
"6913",-101.125,49.125,-100.875,48.875,"0","96",0,0,
"6914",-101.125,48.875,-100.875,48.625,"1","96",0,0,
"6915",-101.125,48.625,-100.875,48.375,"2","96",0,0,
"6916",-101.125,48.375,-100.875,48.125,"3","96",0,0,
"6917",-101.125,48.125,-100.875,47.875,"4","96",0,0,
"6918",-101.125,47.875,-100.875,47.625,"5","96",0,0,
"6919",-101.125,47.625,-100.875,47.375,"6","96",0,0,
"6920",-101.125,47.375,-100.875,47.125,"7","96",0,0,
"6921",-101.125,47.125,-100.875,46.875,"8","96",0,0,
"6922",-101.125,46.875,-100.875,46.625,"9","96",0,0,
"6923",-101.125,46.625,-100.875,46.375,"10","96",0,0,
"6924",-101.125,46.375,-100.875,46.125,"11","96",0,0,
"6925",-101.125,46.125,-100.875,45.875,"12","96",0,0,
"6926",-101.125,45.875,-100.875,45.625,"13","96",0,0,
"6927",-101.125,45.625,-100.875,45.375,"14","96",0,0,
"6928",-101.125,45.375,-100.875,45.125,"15","96",0,0,
"6929",-101.125,45.125,-100.875,44.875,"16","96",0,0,
"6930",-101.125,44.875,-100.875,44.625,"17","96",0,0,
"6931",-101.125,44.625,-100.875,44.375,"18","96",0,0,
"6932",-101.125,44.375,-100.875,44.125,"19","96",0,0,
"6933",-101.125,44.125,-100.875,43.875,"20","96",0,0,
"6934",-101.125,43.875,-100.875,43.625,"21","96",0,0,
"6935",-101.125,43.625,-100.875,43.375,"22","96",0,0,
"6936",-101.125,43.375,-100.875,43.125,"23","96",0,0,
"6937",-101.125,43.125,-100.875,42.875,"24","96",0,0,
"6938",-101.125,42.875,-100.875,42.625,"25","96",0,0,
"6939",-101.125,42.625,-100.875,42.375,"26","96",0,0,
"6940",-101.125,42.375,-100.875,42.125,"27","96",0,0,
"6941",-101.125,42.125,-100.875,41.875,"28","96",0,0,
"6942",-101.125,41.875,-100.875,41.625,"29","96",0,0,
"6943",-101.125,41.625,-100.875,41.375,"30","96",0,0,
"6944",-101.125,41.375,-100.875,41.125,"31","96",0,0,
"6945",-101.125,41.125,-100.875,40.875,"32","96",0,0,
"6946",-101.125,40.875,-100.875,40.625,"33","96",0,0,
"6947",-101.125,40.625,-100.875,40.375,"34","96",0,0,
"6948",-101.125,40.375,-100.875,40.125,"35","96",0,0,
"6949",-101.125,40.125,-100.875,39.875,"36","96",0,0,
"6950",-101.125,39.875,-100.875,39.625,"37","96",0,0,
"6951",-101.125,39.625,-100.875,39.375,"38","96",0,0,
"6952",-101.125,39.375,-100.875,39.125,"39","96",0,0,
"6953",-101.125,39.125,-100.875,38.875,"40","96",0,0,
"6954",-101.125,38.875,-100.875,38.625,"41","96",0,0,
"6955",-101.125,38.625,-100.875,38.375,"42","96",0,0,
"6956",-101.125,38.375,-100.875,38.125,"43","96",0,0,
"6957",-101.125,38.125,-100.875,37.875,"44","96",0,0,
"6958",-101.125,37.875,-100.875,37.625,"45","96",0,0,
"6959",-101.125,37.625,-100.875,37.375,"46","96",0,0,
"6960",-101.125,37.375,-100.875,37.125,"47","96",0,0,
"6961",-101.125,37.125,-100.875,36.875,"48","96",0,0,
"6962",-101.125,36.875,-100.875,36.625,"49","96",0,0,
"6963",-101.125,36.625,-100.875,36.375,"50","96",0,0,
"6964",-101.125,36.375,-100.875,36.125,"51","96",0,0,
"6965",-101.125,36.125,-100.875,35.875,"52","96",0,0,
"6966",-101.125,35.875,-100.875,35.625,"53","96",0,0,
"6967",-101.125,35.625,-100.875,35.375,"54","96",0,0,
"6968",-101.125,35.375,-100.875,35.125,"55","96",0,0,
"6969",-101.125,35.125,-100.875,34.875,"56","96",0,0,
"6970",-101.125,34.875,-100.875,34.625,"57","96",0,0,
"6971",-101.125,34.625,-100.875,34.375,"58","96",0,0,
"6972",-101.125,34.375,-100.875,34.125,"59","96",0,0,
"6973",-101.125,34.125,-100.875,33.875,"60","96",0,0,
"6974",-101.125,33.875,-100.875,33.625,"61","96",0,0,
"6975",-101.125,33.625,-100.875,33.375,"62","96",0,0,
"6976",-101.125,33.375,-100.875,33.125,"63","96",0,0,
"6977",-101.125,33.125,-100.875,32.875,"64","96",0,0,
"6978",-101.125,32.875,-100.875,32.625,"65","96",0,0,
"6979",-101.125,32.625,-100.875,32.375,"66","96",0,0,
"6980",-101.125,32.375,-100.875,32.125,"67","96",0,0,
"6981",-101.125,32.125,-100.875,31.875,"68","96",0,0,
"6982",-101.125,31.875,-100.875,31.625,"69","96",0,0,
"6983",-101.125,31.625,-100.875,31.375,"70","96",0,0,
"6984",-101.125,31.375,-100.875,31.125,"71","96",0,0,
"6985",-100.875,49.125,-100.625,48.875,"0","97",0,0,
"6986",-100.875,48.875,-100.625,48.625,"1","97",0,0,
"6987",-100.875,48.625,-100.625,48.375,"2","97",0,0,
"6988",-100.875,48.375,-100.625,48.125,"3","97",0,0,
"6989",-100.875,48.125,-100.625,47.875,"4","97",0,0,
"6990",-100.875,47.875,-100.625,47.625,"5","97",0,0,
"6991",-100.875,47.625,-100.625,47.375,"6","97",0,0,
"6992",-100.875,47.375,-100.625,47.125,"7","97",0,0,
"6993",-100.875,47.125,-100.625,46.875,"8","97",0,0,
"6994",-100.875,46.875,-100.625,46.625,"9","97",0,0,
"6995",-100.875,46.625,-100.625,46.375,"10","97",0,0,
"6996",-100.875,46.375,-100.625,46.125,"11","97",0,0,
"6997",-100.875,46.125,-100.625,45.875,"12","97",0,0,
"6998",-100.875,45.875,-100.625,45.625,"13","97",0,0,
"6999",-100.875,45.625,-100.625,45.375,"14","97",0,0,
"7000",-100.875,45.375,-100.625,45.125,"15","97",0,0,
"7001",-100.875,45.125,-100.625,44.875,"16","97",0,0,
"7002",-100.875,44.875,-100.625,44.625,"17","97",0,0,
"7003",-100.875,44.625,-100.625,44.375,"18","97",0,0,
"7004",-100.875,44.375,-100.625,44.125,"19","97",0,0,
"7005",-100.875,44.125,-100.625,43.875,"20","97",0,0,
"7006",-100.875,43.875,-100.625,43.625,"21","97",0,0,
"7007",-100.875,43.625,-100.625,43.375,"22","97",0,0,
"7008",-100.875,43.375,-100.625,43.125,"23","97",0,0,
"7009",-100.875,43.125,-100.625,42.875,"24","97",0,0,
"7010",-100.875,42.875,-100.625,42.625,"25","97",0,0,
"7011",-100.875,42.625,-100.625,42.375,"26","97",0,0,
"7012",-100.875,42.375,-100.625,42.125,"27","97",0,0,
"7013",-100.875,42.125,-100.625,41.875,"28","97",0,0,
"7014",-100.875,41.875,-100.625,41.625,"29","97",0,0,
"7015",-100.875,41.625,-100.625,41.375,"30","97",0,0,
"7016",-100.875,41.375,-100.625,41.125,"31","97",0,0,
"7017",-100.875,41.125,-100.625,40.875,"32","97",0,0,
"7018",-100.875,40.875,-100.625,40.625,"33","97",0,0,
"7019",-100.875,40.625,-100.625,40.375,"34","97",0,0,
"7020",-100.875,40.375,-100.625,40.125,"35","97",0,0,
"7021",-100.875,40.125,-100.625,39.875,"36","97",0,0,
"7022",-100.875,39.875,-100.625,39.625,"37","97",0,0,
"7023",-100.875,39.625,-100.625,39.375,"38","97",0,0,
"7024",-100.875,39.375,-100.625,39.125,"39","97",0,0,
"7025",-100.875,39.125,-100.625,38.875,"40","97",0,0,
"7026",-100.875,38.875,-100.625,38.625,"41","97",0,0,
"7027",-100.875,38.625,-100.625,38.375,"42","97",0,0,
"7028",-100.875,38.375,-100.625,38.125,"43","97",0,0,
"7029",-100.875,38.125,-100.625,37.875,"44","97",0,0,
"7030",-100.875,37.875,-100.625,37.625,"45","97",0,0,
"7031",-100.875,37.625,-100.625,37.375,"46","97",0,0,
"7032",-100.875,37.375,-100.625,37.125,"47","97",0,0,
"7033",-100.875,37.125,-100.625,36.875,"48","97",0,0,
"7034",-100.875,36.875,-100.625,36.625,"49","97",0,0,
"7035",-100.875,36.625,-100.625,36.375,"50","97",0,0,
"7036",-100.875,36.375,-100.625,36.125,"51","97",0,0,
"7037",-100.875,36.125,-100.625,35.875,"52","97",0,0,
"7038",-100.875,35.875,-100.625,35.625,"53","97",0,0,
"7039",-100.875,35.625,-100.625,35.375,"54","97",0,0,
"7040",-100.875,35.375,-100.625,35.125,"55","97",0,0,
"7041",-100.875,35.125,-100.625,34.875,"56","97",0,0,
"7042",-100.875,34.875,-100.625,34.625,"57","97",0,0,
"7043",-100.875,34.625,-100.625,34.375,"58","97",0,0,
"7044",-100.875,34.375,-100.625,34.125,"59","97",0,0,
"7045",-100.875,34.125,-100.625,33.875,"60","97",0,0,
"7046",-100.875,33.875,-100.625,33.625,"61","97",0,0,
"7047",-100.875,33.625,-100.625,33.375,"62","97",0,0,
"7048",-100.875,33.375,-100.625,33.125,"63","97",0,0,
"7049",-100.875,33.125,-100.625,32.875,"64","97",0,0,
"7050",-100.875,32.875,-100.625,32.625,"65","97",0,0,
"7051",-100.875,32.625,-100.625,32.375,"66","97",0,0,
"7052",-100.875,32.375,-100.625,32.125,"67","97",0,0,
"7053",-100.875,32.125,-100.625,31.875,"68","97",0,0,
"7054",-100.875,31.875,-100.625,31.625,"69","97",0,0,
"7055",-100.875,31.625,-100.625,31.375,"70","97",0,0,
"7056",-100.875,31.375,-100.625,31.125,"71","97",0,0,
"7057",-100.625,49.125,-100.375,48.875,"0","98",0,0,
"7058",-100.625,48.875,-100.375,48.625,"1","98",0,0,
"7059",-100.625,48.625,-100.375,48.375,"2","98",0,0,
"7060",-100.625,48.375,-100.375,48.125,"3","98",0,0,
"7061",-100.625,48.125,-100.375,47.875,"4","98",0,0,
"7062",-100.625,47.875,-100.375,47.625,"5","98",0,0,
"7063",-100.625,47.625,-100.375,47.375,"6","98",0,0,
"7064",-100.625,47.375,-100.375,47.125,"7","98",0,0,
"7065",-100.625,47.125,-100.375,46.875,"8","98",0,0,
"7066",-100.625,46.875,-100.375,46.625,"9","98",0,0,
"7067",-100.625,46.625,-100.375,46.375,"10","98",0,0,
"7068",-100.625,46.375,-100.375,46.125,"11","98",0,0,
"7069",-100.625,46.125,-100.375,45.875,"12","98",0,0,
"7070",-100.625,45.875,-100.375,45.625,"13","98",0,0,
"7071",-100.625,45.625,-100.375,45.375,"14","98",0,0,
"7072",-100.625,45.375,-100.375,45.125,"15","98",0,0,
"7073",-100.625,45.125,-100.375,44.875,"16","98",0,0,
"7074",-100.625,44.875,-100.375,44.625,"17","98",0,0,
"7075",-100.625,44.625,-100.375,44.375,"18","98",0,0,
"7076",-100.625,44.375,-100.375,44.125,"19","98",0,0,
"7077",-100.625,44.125,-100.375,43.875,"20","98",0,0,
"7078",-100.625,43.875,-100.375,43.625,"21","98",0,0,
"7079",-100.625,43.625,-100.375,43.375,"22","98",0,0,
"7080",-100.625,43.375,-100.375,43.125,"23","98",0,0,
"7081",-100.625,43.125,-100.375,42.875,"24","98",0,0,
"7082",-100.625,42.875,-100.375,42.625,"25","98",0,0,
"7083",-100.625,42.625,-100.375,42.375,"26","98",0,0,
"7084",-100.625,42.375,-100.375,42.125,"27","98",0,0,
"7085",-100.625,42.125,-100.375,41.875,"28","98",0,0,
"7086",-100.625,41.875,-100.375,41.625,"29","98",0,0,
"7087",-100.625,41.625,-100.375,41.375,"30","98",0,0,
"7088",-100.625,41.375,-100.375,41.125,"31","98",0,0,
"7089",-100.625,41.125,-100.375,40.875,"32","98",0,0,
"7090",-100.625,40.875,-100.375,40.625,"33","98",0,0,
"7091",-100.625,40.625,-100.375,40.375,"34","98",0,0,
"7092",-100.625,40.375,-100.375,40.125,"35","98",0,0,
"7093",-100.625,40.125,-100.375,39.875,"36","98",0,0,
"7094",-100.625,39.875,-100.375,39.625,"37","98",0,0,
"7095",-100.625,39.625,-100.375,39.375,"38","98",0,0,
"7096",-100.625,39.375,-100.375,39.125,"39","98",0,0,
"7097",-100.625,39.125,-100.375,38.875,"40","98",0,0,
"7098",-100.625,38.875,-100.375,38.625,"41","98",0,0,
"7099",-100.625,38.625,-100.375,38.375,"42","98",0,0,
"7100",-100.625,38.375,-100.375,38.125,"43","98",0,0,
"7101",-100.625,38.125,-100.375,37.875,"44","98",0,0,
"7102",-100.625,37.875,-100.375,37.625,"45","98",0,0,
"7103",-100.625,37.625,-100.375,37.375,"46","98",0,0,
"7104",-100.625,37.375,-100.375,37.125,"47","98",0,0,
"7105",-100.625,37.125,-100.375,36.875,"48","98",0,0,
"7106",-100.625,36.875,-100.375,36.625,"49","98",0,0,
"7107",-100.625,36.625,-100.375,36.375,"50","98",0,0,
"7108",-100.625,36.375,-100.375,36.125,"51","98",0,0,
"7109",-100.625,36.125,-100.375,35.875,"52","98",0,0,
"7110",-100.625,35.875,-100.375,35.625,"53","98",0,0,
"7111",-100.625,35.625,-100.375,35.375,"54","98",0,0,
"7112",-100.625,35.375,-100.375,35.125,"55","98",0,0,
"7113",-100.625,35.125,-100.375,34.875,"56","98",0,0,
"7114",-100.625,34.875,-100.375,34.625,"57","98",0,0,
"7115",-100.625,34.625,-100.375,34.375,"58","98",0,0,
"7116",-100.625,34.375,-100.375,34.125,"59","98",0,0,
"7117",-100.625,34.125,-100.375,33.875,"60","98",0,0,
"7118",-100.625,33.875,-100.375,33.625,"61","98",0,0,
"7119",-100.625,33.625,-100.375,33.375,"62","98",0,0,
"7120",-100.625,33.375,-100.375,33.125,"63","98",0,0,
"7121",-100.625,33.125,-100.375,32.875,"64","98",0,0,
"7122",-100.625,32.875,-100.375,32.625,"65","98",0,0,
"7123",-100.625,32.625,-100.375,32.375,"66","98",0,0,
"7124",-100.625,32.375,-100.375,32.125,"67","98",0,0,
"7125",-100.625,32.125,-100.375,31.875,"68","98",0,0,
"7126",-100.625,31.875,-100.375,31.625,"69","98",0,0,
"7127",-100.625,31.625,-100.375,31.375,"70","98",0,0,
"7128",-100.625,31.375,-100.375,31.125,"71","98",0,0,
"7129",-100.375,49.125,-100.125,48.875,"0","99",0,0,
"7130",-100.375,48.875,-100.125,48.625,"1","99",0,0,
"7131",-100.375,48.625,-100.125,48.375,"2","99",0,0,
"7132",-100.375,48.375,-100.125,48.125,"3","99",0,0,
"7133",-100.375,48.125,-100.125,47.875,"4","99",0,0,
"7134",-100.375,47.875,-100.125,47.625,"5","99",0,0,
"7135",-100.375,47.625,-100.125,47.375,"6","99",0,0,
"7136",-100.375,47.375,-100.125,47.125,"7","99",0,0,
"7137",-100.375,47.125,-100.125,46.875,"8","99",0,0,
"7138",-100.375,46.875,-100.125,46.625,"9","99",0,0,
"7139",-100.375,46.625,-100.125,46.375,"10","99",0,0,
"7140",-100.375,46.375,-100.125,46.125,"11","99",0,0,
"7141",-100.375,46.125,-100.125,45.875,"12","99",0,0,
"7142",-100.375,45.875,-100.125,45.625,"13","99",0,0,
"7143",-100.375,45.625,-100.125,45.375,"14","99",0,0,
"7144",-100.375,45.375,-100.125,45.125,"15","99",0,0,
"7145",-100.375,45.125,-100.125,44.875,"16","99",0,0,
"7146",-100.375,44.875,-100.125,44.625,"17","99",0,0,
"7147",-100.375,44.625,-100.125,44.375,"18","99",0,0,
"7148",-100.375,44.375,-100.125,44.125,"19","99",0,0,
"7149",-100.375,44.125,-100.125,43.875,"20","99",0,0,
"7150",-100.375,43.875,-100.125,43.625,"21","99",0,0,
"7151",-100.375,43.625,-100.125,43.375,"22","99",0,0,
"7152",-100.375,43.375,-100.125,43.125,"23","99",0,0,
"7153",-100.375,43.125,-100.125,42.875,"24","99",0,0,
"7154",-100.375,42.875,-100.125,42.625,"25","99",0,0,
"7155",-100.375,42.625,-100.125,42.375,"26","99",0,0,
"7156",-100.375,42.375,-100.125,42.125,"27","99",0,0,
"7157",-100.375,42.125,-100.125,41.875,"28","99",0,0,
"7158",-100.375,41.875,-100.125,41.625,"29","99",0,0,
"7159",-100.375,41.625,-100.125,41.375,"30","99",0,0,
"7160",-100.375,41.375,-100.125,41.125,"31","99",0,0,
"7161",-100.375,41.125,-100.125,40.875,"32","99",0,0,
"7162",-100.375,40.875,-100.125,40.625,"33","99",0,0,
"7163",-100.375,40.625,-100.125,40.375,"34","99",0,0,
"7164",-100.375,40.375,-100.125,40.125,"35","99",0,0,
"7165",-100.375,40.125,-100.125,39.875,"36","99",0,0,
"7166",-100.375,39.875,-100.125,39.625,"37","99",0,0,
"7167",-100.375,39.625,-100.125,39.375,"38","99",0,0,
"7168",-100.375,39.375,-100.125,39.125,"39","99",0,0,
"7169",-100.375,39.125,-100.125,38.875,"40","99",0,0,
"7170",-100.375,38.875,-100.125,38.625,"41","99",0,0,
"7171",-100.375,38.625,-100.125,38.375,"42","99",0,0,
"7172",-100.375,38.375,-100.125,38.125,"43","99",0,0,
"7173",-100.375,38.125,-100.125,37.875,"44","99",0,0,
"7174",-100.375,37.875,-100.125,37.625,"45","99",0,0,
"7175",-100.375,37.625,-100.125,37.375,"46","99",0,0,
"7176",-100.375,37.375,-100.125,37.125,"47","99",0,0,
"7177",-100.375,37.125,-100.125,36.875,"48","99",0,0,
"7178",-100.375,36.875,-100.125,36.625,"49","99",0,0,
"7179",-100.375,36.625,-100.125,36.375,"50","99",0,0,
"7180",-100.375,36.375,-100.125,36.125,"51","99",0,0,
"7181",-100.375,36.125,-100.125,35.875,"52","99",0,0,
"7182",-100.375,35.875,-100.125,35.625,"53","99",0,0,
"7183",-100.375,35.625,-100.125,35.375,"54","99",0,0,
"7184",-100.375,35.375,-100.125,35.125,"55","99",0,0,
"7185",-100.375,35.125,-100.125,34.875,"56","99",0,0,
"7186",-100.375,34.875,-100.125,34.625,"57","99",0,0,
"7187",-100.375,34.625,-100.125,34.375,"58","99",0,0,
"7188",-100.375,34.375,-100.125,34.125,"59","99",0,0,
"7189",-100.375,34.125,-100.125,33.875,"60","99",0,0,
"7190",-100.375,33.875,-100.125,33.625,"61","99",0,0,
"7191",-100.375,33.625,-100.125,33.375,"62","99",0,0,
"7192",-100.375,33.375,-100.125,33.125,"63","99",0,0,
"7193",-100.375,33.125,-100.125,32.875,"64","99",0,0,
"7194",-100.375,32.875,-100.125,32.625,"65","99",0,0,
"7195",-100.375,32.625,-100.125,32.375,"66","99",0,0,
"7196",-100.375,32.375,-100.125,32.125,"67","99",0,0,
"7197",-100.375,32.125,-100.125,31.875,"68","99",0,0,
"7198",-100.375,31.875,-100.125,31.625,"69","99",0,0,
"7199",-100.375,31.625,-100.125,31.375,"70","99",0,0,
"7200",-100.375,31.375,-100.125,31.125,"71","99",0,0,
"7201",-100.125,49.125,-99.875,48.875,"0","100",0,0,
"7202",-100.125,48.875,-99.875,48.625,"1","100",0,0,
"7203",-100.125,48.625,-99.875,48.375,"2","100",0,0,
"7204",-100.125,48.375,-99.875,48.125,"3","100",0,0,
"7205",-100.125,48.125,-99.875,47.875,"4","100",0,0,
"7206",-100.125,47.875,-99.875,47.625,"5","100",0,0,
"7207",-100.125,47.625,-99.875,47.375,"6","100",0,0,
"7208",-100.125,47.375,-99.875,47.125,"7","100",0,0,
"7209",-100.125,47.125,-99.875,46.875,"8","100",0,0,
"7210",-100.125,46.875,-99.875,46.625,"9","100",0,0,
"7211",-100.125,46.625,-99.875,46.375,"10","100",0,0,
"7212",-100.125,46.375,-99.875,46.125,"11","100",0,0,
"7213",-100.125,46.125,-99.875,45.875,"12","100",0,0,
"7214",-100.125,45.875,-99.875,45.625,"13","100",0,0,
"7215",-100.125,45.625,-99.875,45.375,"14","100",0,0,
"7216",-100.125,45.375,-99.875,45.125,"15","100",0,0,
"7217",-100.125,45.125,-99.875,44.875,"16","100",0,0,
"7218",-100.125,44.875,-99.875,44.625,"17","100",0,0,
"7219",-100.125,44.625,-99.875,44.375,"18","100",0,0,
"7220",-100.125,44.375,-99.875,44.125,"19","100",0,0,
"7221",-100.125,44.125,-99.875,43.875,"20","100",0,0,
"7222",-100.125,43.875,-99.875,43.625,"21","100",0,0,
"7223",-100.125,43.625,-99.875,43.375,"22","100",0,0,
"7224",-100.125,43.375,-99.875,43.125,"23","100",0,0,
"7225",-100.125,43.125,-99.875,42.875,"24","100",0,0,
"7226",-100.125,42.875,-99.875,42.625,"25","100",0,0,
"7227",-100.125,42.625,-99.875,42.375,"26","100",0,0,
"7228",-100.125,42.375,-99.875,42.125,"27","100",0,0,
"7229",-100.125,42.125,-99.875,41.875,"28","100",0,0,
"7230",-100.125,41.875,-99.875,41.625,"29","100",0,0,
"7231",-100.125,41.625,-99.875,41.375,"30","100",0,0,
"7232",-100.125,41.375,-99.875,41.125,"31","100",0,0,
"7233",-100.125,41.125,-99.875,40.875,"32","100",0,0,
"7234",-100.125,40.875,-99.875,40.625,"33","100",0,0,
"7235",-100.125,40.625,-99.875,40.375,"34","100",0,0,
"7236",-100.125,40.375,-99.875,40.125,"35","100",0,0,
"7237",-100.125,40.125,-99.875,39.875,"36","100",0,0,
"7238",-100.125,39.875,-99.875,39.625,"37","100",0,0,
"7239",-100.125,39.625,-99.875,39.375,"38","100",0,0,
"7240",-100.125,39.375,-99.875,39.125,"39","100",0,0,
"7241",-100.125,39.125,-99.875,38.875,"40","100",0,0,
"7242",-100.125,38.875,-99.875,38.625,"41","100",0,0,
"7243",-100.125,38.625,-99.875,38.375,"42","100",0,0,
"7244",-100.125,38.375,-99.875,38.125,"43","100",0,0,
"7245",-100.125,38.125,-99.875,37.875,"44","100",0,0,
"7246",-100.125,37.875,-99.875,37.625,"45","100",0,0,
"7247",-100.125,37.625,-99.875,37.375,"46","100",0,0,
"7248",-100.125,37.375,-99.875,37.125,"47","100",0,0,
"7249",-100.125,37.125,-99.875,36.875,"48","100",0,0,
"7250",-100.125,36.875,-99.875,36.625,"49","100",0,0,
"7251",-100.125,36.625,-99.875,36.375,"50","100",0,0,
"7252",-100.125,36.375,-99.875,36.125,"51","100",0,0,
"7253",-100.125,36.125,-99.875,35.875,"52","100",0,0,
"7254",-100.125,35.875,-99.875,35.625,"53","100",0,0,
"7255",-100.125,35.625,-99.875,35.375,"54","100",0,0,
"7256",-100.125,35.375,-99.875,35.125,"55","100",0,0,
"7257",-100.125,35.125,-99.875,34.875,"56","100",0,0,
"7258",-100.125,34.875,-99.875,34.625,"57","100",0,0,
"7259",-100.125,34.625,-99.875,34.375,"58","100",0,0,
"7260",-100.125,34.375,-99.875,34.125,"59","100",0,0,
"7261",-100.125,34.125,-99.875,33.875,"60","100",0,0,
"7262",-100.125,33.875,-99.875,33.625,"61","100",0,0,
"7263",-100.125,33.625,-99.875,33.375,"62","100",0,0,
"7264",-100.125,33.375,-99.875,33.125,"63","100",0,0,
"7265",-100.125,33.125,-99.875,32.875,"64","100",0,0,
"7266",-100.125,32.875,-99.875,32.625,"65","100",0,0,
"7267",-100.125,32.625,-99.875,32.375,"66","100",0,0,
"7268",-100.125,32.375,-99.875,32.125,"67","100",0,0,
"7269",-100.125,32.125,-99.875,31.875,"68","100",0,0,
"7270",-100.125,31.875,-99.875,31.625,"69","100",0,0,
"7271",-100.125,31.625,-99.875,31.375,"70","100",0,0,
"7272",-100.125,31.375,-99.875,31.125,"71","100",0,0,
