id,left,top,right,bottom,row_index,col_index,_count,_sum,_mean
"1",-125.125,49.125,-124.875,48.875,"0","0",0,0,
"2",-125.125,48.875,-124.875,48.625,"1","0",0,0,
"3",-125.125,48.625,-124.875,48.375,"2","0",0,0,
"4",-125.125,48.375,-124.875,48.125,"3","0",0,0,
"5",-125.125,48.125,-124.875,47.875,"4","0",0,0,
"6",-125.125,47.875,-124.875,47.625,"5","0",0,0,
"7",-125.125,47.625,-124.875,47.375,"6","0",0,0,
"8",-125.125,47.375,-124.875,47.125,"7","0",0,0,
"9",-125.125,47.125,-124.875,46.875,"8","0",0,0,
"10",-125.125,46.875,-124.875,46.625,"9","0",0,0,
"11",-125.125,46.625,-124.875,46.375,"10","0",0,0,
"12",-125.125,46.375,-124.875,46.125,"11","0",0,0,
"13",-125.125,46.125,-124.875,45.875,"12","0",0,0,
"14",-125.125,45.875,-124.875,45.625,"13","0",0,0,
"15",-125.125,45.625,-124.875,45.375,"14","0",0,0,
"16",-125.125,45.375,-124.875,45.125,"15","0",0,0,
"17",-125.125,45.125,-124.875,44.875,"16","0",0,0,
"18",-125.125,44.875,-124.875,44.625,"17","0",0,0,
"19",-125.125,44.625,-124.875,44.375,"18","0",0,0,
"20",-125.125,44.375,-124.875,44.125,"19","0",0,0,
"21",-125.125,44.125,-124.875,43.875,"20","0",0,0,
"22",-125.125,43.875,-124.875,43.625,"21","0",0,0,
"23",-125.125,43.625,-124.875,43.375,"22","0",0,0,
"24",-125.125,43.375,-124.875,43.125,"23","0",0,0,
"25",-125.125,43.125,-124.875,42.875,"24","0",0,0,
"26",-125.125,42.875,-124.875,42.625,"25","0",0,0,
"27",-125.125,42.625,-124.875,42.375,"26","0",0,0,
"28",-125.125,42.375,-124.875,42.125,"27","0",0,0,
"29",-125.125,42.125,-124.875,41.875,"28","0",0,0,
"30",-125.125,41.875,-124.875,41.625,"29","0",0,0,
"31",-125.125,41.625,-124.875,41.375,"30","0",0,0,
"32",-125.125,41.375,-124.875,41.125,"31","0",0,0,
"33",-125.125,41.125,-124.875,40.875,"32","0",0,0,
"34",-125.125,40.875,-124.875,40.625,"33","0",0,0,
"35",-125.125,40.625,-124.875,40.375,"34","0",0,0,
"36",-125.125,40.375,-124.875,40.125,"35","0",0,0,
"37",-125.125,40.125,-124.875,39.875,"36","0",0,0,
"38",-125.125,39.875,-124.875,39.625,"37","0",0,0,
"39",-125.125,39.625,-124.875,39.375,"38","0",0,0,
"40",-125.125,39.375,-124.875,39.125,"39","0",0,0,
"41",-125.125,39.125,-124.875,38.875,"40","0",0,0,
"42",-125.125,38.875,-124.875,38.625,"41","0",0,0,
"43",-125.125,38.625,-124.875,38.375,"42","0",0,0,
"44",-125.125,38.375,-124.875,38.125,"43","0",0,0,
"45",-125.125,38.125,-124.875,37.875,"44","0",0,0,
"46",-125.125,37.875,-124.875,37.625,"45","0",0,0,
"47",-125.125,37.625,-124.875,37.375,"46","0",0,0,
"48",-125.125,37.375,-124.875,37.125,"47","0",0,0,
"49",-125.125,37.125,-124.875,36.875,"48","0",0,0,
"50",-125.125,36.875,-124.875,36.625,"49","0",0,0,
"51",-125.125,36.625,-124.875,36.375,"50","0",0,0,
"52",-125.125,36.375,-124.875,36.125,"51","0",0,0,
"53",-125.125,36.125,-124.875,35.875,"52","0",0,0,
"54",-125.125,35.875,-124.875,35.625,"53","0",,,
"55",-125.125,35.625,-124.875,35.375,"54","0",,,
"56",-125.125,35.375,-124.875,35.125,"55","0",,,
"57",-125.125,35.125,-124.875,34.875,"56","0",,,
"58",-125.125,34.875,-124.875,34.625,"57","0",,,
"59",-125.125,34.625,-124.875,34.375,"58","0",,,
"60",-125.125,34.375,-124.875,34.125,"59","0",,,
"61",-125.125,34.125,-124.875,33.875,"60","0",,,
"62",-125.125,33.875,-124.875,33.625,"61","0",,,
"63",-125.125,33.625,-124.875,33.375,"62","0",,,
"64",-125.125,33.375,-124.875,33.125,"63","0",,,
"65",-125.125,33.125,-124.875,32.875,"64","0",,,
"66",-125.125,32.875,-124.875,32.625,"65","0",,,
"67",-125.125,32.625,-124.875,32.375,"66","0",,,
"68",-125.125,32.375,-124.875,32.125,"67","0",,,
"69",-125.125,32.125,-124.875,31.875,"68","0",,,
"70",-125.125,31.875,-124.875,31.625,"69","0",,,
"71",-125.125,31.625,-124.875,31.375,"70","0",,,
"72",-125.125,31.375,-124.875,31.125,"71","0",,,
"73",-124.875,49.125,-124.625,48.875,"0","1",0,0,
"74",-124.875,48.875,-124.625,48.625,"1","1",0,0,
"75",-124.875,48.625,-124.625,48.375,"2","1",10099,162040.659105524,16.0452182498786
"76",-124.875,48.375,-124.625,48.125,"3","1",130468,2623750.91220585,20.1103022366086
"77",-124.875,48.125,-124.625,47.875,"4","1",70806,1440934.32753016,20.3504551525318
"78",-124.875,47.875,-124.625,47.625,"5","1",0,0,
"79",-124.875,47.625,-124.625,47.375,"6","1",0,0,
"80",-124.875,47.375,-124.625,47.125,"7","1",0,0,
"81",-124.875,47.125,-124.625,46.875,"8","1",0,0,
"82",-124.875,46.875,-124.625,46.625,"9","1",0,0,
"83",-124.875,46.625,-124.625,46.375,"10","1",0,0,
"84",-124.875,46.375,-124.625,46.125,"11","1",0,0,
"85",-124.875,46.125,-124.625,45.875,"12","1",0,0,
"86",-124.875,45.875,-124.625,45.625,"13","1",0,0,
"87",-124.875,45.625,-124.625,45.375,"14","1",0,0,
"88",-124.875,45.375,-124.625,45.125,"15","1",0,0,
"89",-124.875,45.125,-124.625,44.875,"16","1",0,0,
"90",-124.875,44.875,-124.625,44.625,"17","1",0,0,
"91",-124.875,44.625,-124.625,44.375,"18","1",0,0,
"92",-124.875,44.375,-124.625,44.125,"19","1",0,0,
"93",-124.875,44.125,-124.625,43.875,"20","1",0,0,
"94",-124.875,43.875,-124.625,43.625,"21","1",0,0,
"95",-124.875,43.625,-124.625,43.375,"22","1",0,0,
"96",-124.875,43.375,-124.625,43.125,"23","1",0,0,
"97",-124.875,43.125,-124.625,42.875,"24","1",0,0,
"98",-124.875,42.875,-124.625,42.625,"25","1",0,0,
"99",-124.875,42.625,-124.625,42.375,"26","1",0,0,
"100",-124.875,42.375,-124.625,42.125,"27","1",0,0,
"101",-124.875,42.125,-124.625,41.875,"28","1",0,0,
"102",-124.875,41.875,-124.625,41.625,"29","1",0,0,
"103",-124.875,41.625,-124.625,41.375,"30","1",0,0,
"104",-124.875,41.375,-124.625,41.125,"31","1",0,0,
"105",-124.875,41.125,-124.625,40.875,"32","1",0,0,
"106",-124.875,40.875,-124.625,40.625,"33","1",0,0,
"107",-124.875,40.625,-124.625,40.375,"34","1",0,0,
"108",-124.875,40.375,-124.625,40.125,"35","1",0,0,
"109",-124.875,40.125,-124.625,39.875,"36","1",0,0,
"110",-124.875,39.875,-124.625,39.625,"37","1",0,0,
"111",-124.875,39.625,-124.625,39.375,"38","1",0,0,
"112",-124.875,39.375,-124.625,39.125,"39","1",0,0,
"113",-124.875,39.125,-124.625,38.875,"40","1",0,0,
"114",-124.875,38.875,-124.625,38.625,"41","1",0,0,
"115",-124.875,38.625,-124.625,38.375,"42","1",0,0,
"116",-124.875,38.375,-124.625,38.125,"43","1",0,0,
"117",-124.875,38.125,-124.625,37.875,"44","1",0,0,
"118",-124.875,37.875,-124.625,37.625,"45","1",0,0,
"119",-124.875,37.625,-124.625,37.375,"46","1",0,0,
"120",-124.875,37.375,-124.625,37.125,"47","1",0,0,
"121",-124.875,37.125,-124.625,36.875,"48","1",0,0,
"122",-124.875,36.875,-124.625,36.625,"49","1",0,0,
"123",-124.875,36.625,-124.625,36.375,"50","1",0,0,
"124",-124.875,36.375,-124.625,36.125,"51","1",0,0,
"125",-124.875,36.125,-124.625,35.875,"52","1",0,0,
"126",-124.875,35.875,-124.625,35.625,"53","1",0,0,
"127",-124.875,35.625,-124.625,35.375,"54","1",0,0,
"128",-124.875,35.375,-124.625,35.125,"55","1",,,
"129",-124.875,35.125,-124.625,34.875,"56","1",,,
"130",-124.875,34.875,-124.625,34.625,"57","1",,,
"131",-124.875,34.625,-124.625,34.375,"58","1",,,
"132",-124.875,34.375,-124.625,34.125,"59","1",,,
"133",-124.875,34.125,-124.625,33.875,"60","1",,,
"134",-124.875,33.875,-124.625,33.625,"61","1",,,
"135",-124.875,33.625,-124.625,33.375,"62","1",,,
"136",-124.875,33.375,-124.625,33.125,"63","1",,,
"137",-124.875,33.125,-124.625,32.875,"64","1",,,
"138",-124.875,32.875,-124.625,32.625,"65","1",,,
"139",-124.875,32.625,-124.625,32.375,"66","1",,,
"140",-124.875,32.375,-124.625,32.125,"67","1",,,
"141",-124.875,32.125,-124.625,31.875,"68","1",,,
"142",-124.875,31.875,-124.625,31.625,"69","1",,,
"143",-124.875,31.625,-124.625,31.375,"70","1",,,
"144",-124.875,31.375,-124.625,31.125,"71","1",,,
"145",-124.625,49.125,-124.375,48.875,"0","2",0,0,
"146",-124.625,48.875,-124.375,48.625,"1","2",0,0,
"147",-124.625,48.625,-124.375,48.375,"2","2",105,2453.14881801605,23.3633220763434
"148",-124.625,48.375,-124.375,48.125,"3","2",395518,8271331.11554442,20.9126540778028
"149",-124.625,48.125,-124.375,47.875,"4","2",467672,9860914.08891694,21.0851068460736
"150",-124.625,47.875,-124.375,47.625,"5","2",156453,4312130.50751803,27.5618269225776
"151",-124.625,47.625,-124.375,47.375,"6","2",269,5264.03283035755,19.5688952801396
"152",-124.625,47.375,-124.375,47.125,"7","2",0,0,
"153",-124.625,47.125,-124.375,46.875,"8","2",0,0,
"154",-124.625,46.875,-124.375,46.625,"9","2",0,0,
"155",-124.625,46.625,-124.375,46.375,"10","2",0,0,
"156",-124.625,46.375,-124.375,46.125,"11","2",0,0,
"157",-124.625,46.125,-124.375,45.875,"12","2",0,0,
"158",-124.625,45.875,-124.375,45.625,"13","2",0,0,
"159",-124.625,45.625,-124.375,45.375,"14","2",0,0,
"160",-124.625,45.375,-124.375,45.125,"15","2",0,0,
"161",-124.625,45.125,-124.375,44.875,"16","2",0,0,
"162",-124.625,44.875,-124.375,44.625,"17","2",0,0,
"163",-124.625,44.625,-124.375,44.375,"18","2",0,0,
"164",-124.625,44.375,-124.375,44.125,"19","2",0,0,
"165",-124.625,44.125,-124.375,43.875,"20","2",0,0,
"166",-124.625,43.875,-124.375,43.625,"21","2",0,0,
"167",-124.625,43.625,-124.375,43.375,"22","2",0,0,
"168",-124.625,43.375,-124.375,43.125,"23","2",31908,1420770.27588889,44.5270864952015
"169",-124.625,43.125,-124.375,42.875,"24","2",154505,6101928.30545537,39.4934034850352
"170",-124.625,42.875,-124.375,42.625,"25","2",239794,15990827.1652468,66.6856850682117
"171",-124.625,42.625,-124.375,42.375,"26","2",66515,5031324.95950556,75.6419598512449
"172",-124.625,42.375,-124.375,42.125,"27","2",47190,3595604.0019465,76.1941937263509
"173",-124.625,42.125,-124.375,41.875,"28","2",0,0,
"174",-124.625,41.875,-124.375,41.625,"29","2",0,0,
"175",-124.625,41.625,-124.375,41.375,"30","2",0,0,
"176",-124.625,41.375,-124.375,41.125,"31","2",0,0,
"177",-124.625,41.125,-124.375,40.875,"32","2",0,0,
"178",-124.625,40.875,-124.375,40.625,"33","2",0,0,
"179",-124.625,40.625,-124.375,40.375,"34","2",5983,128588.290770948,21.4922765787979
"180",-124.625,40.375,-124.375,40.125,"35","2",0,0,
"181",-124.625,40.125,-124.375,39.875,"36","2",0,0,
"182",-124.625,39.875,-124.375,39.625,"37","2",0,0,
"183",-124.625,39.625,-124.375,39.375,"38","2",0,0,
"184",-124.625,39.375,-124.375,39.125,"39","2",0,0,
"185",-124.625,39.125,-124.375,38.875,"40","2",0,0,
"186",-124.625,38.875,-124.375,38.625,"41","2",0,0,
"187",-124.625,38.625,-124.375,38.375,"42","2",0,0,
"188",-124.625,38.375,-124.375,38.125,"43","2",0,0,
"189",-124.625,38.125,-124.375,37.875,"44","2",0,0,
"190",-124.625,37.875,-124.375,37.625,"45","2",0,0,
"191",-124.625,37.625,-124.375,37.375,"46","2",0,0,
"192",-124.625,37.375,-124.375,37.125,"47","2",0,0,
"193",-124.625,37.125,-124.375,36.875,"48","2",0,0,
"194",-124.625,36.875,-124.375,36.625,"49","2",0,0,
"195",-124.625,36.625,-124.375,36.375,"50","2",0,0,
"196",-124.625,36.375,-124.375,36.125,"51","2",0,0,
"197",-124.625,36.125,-124.375,35.875,"52","2",0,0,
"198",-124.625,35.875,-124.375,35.625,"53","2",0,0,
"199",-124.625,35.625,-124.375,35.375,"54","2",0,0,
"200",-124.625,35.375,-124.375,35.125,"55","2",0,0,
"201",-124.625,35.125,-124.375,34.875,"56","2",0,0,
"202",-124.625,34.875,-124.375,34.625,"57","2",0,0,
"203",-124.625,34.625,-124.375,34.375,"58","2",,,
"204",-124.625,34.375,-124.375,34.125,"59","2",,,
"205",-124.625,34.125,-124.375,33.875,"60","2",,,
"206",-124.625,33.875,-124.375,33.625,"61","2",,,
"207",-124.625,33.625,-124.375,33.375,"62","2",,,
"208",-124.625,33.375,-124.375,33.125,"63","2",,,
"209",-124.625,33.125,-124.375,32.875,"64","2",,,
"210",-124.625,32.875,-124.375,32.625,"65","2",,,
"211",-124.625,32.625,-124.375,32.375,"66","2",,,
"212",-124.625,32.375,-124.375,32.125,"67","2",,,
"213",-124.625,32.125,-124.375,31.875,"68","2",,,
"214",-124.625,31.875,-124.375,31.625,"69","2",,,
"215",-124.625,31.625,-124.375,31.375,"70","2",,,
"216",-124.625,31.375,-124.375,31.125,"71","2",,,
"217",-124.375,49.125,-124.125,48.875,"0","3",0,0,
"218",-124.375,48.875,-124.125,48.625,"1","3",0,0,
"219",-124.375,48.625,-124.125,48.375,"2","3",0,0,
"220",-124.375,48.375,-124.125,48.125,"3","3",276955,8037119.90775812,29.0195876866571
"221",-124.375,48.125,-124.125,47.875,"4","3",535778,26396714.5145906,49.2680074855455
"222",-124.375,47.875,-124.125,47.625,"5","3",510628,16336920.4039417,31.9937809989693
"223",-124.375,47.625,-124.125,47.375,"6","3",465863,12061325.8131954,25.8902849404126
"224",-124.375,47.375,-124.125,47.125,"7","3",224018,5769422.36818992,25.754280317608
"225",-124.375,47.125,-124.125,46.875,"8","3",45579,1154559.72780202,25.3309578490538
"226",-124.375,46.875,-124.125,46.625,"9","3",0,0,
"227",-124.375,46.625,-124.125,46.375,"10","3",0,0,
"228",-124.375,46.375,-124.125,46.125,"11","3",0,0,
"229",-124.375,46.125,-124.125,45.875,"12","3",0,0,
"230",-124.375,45.875,-124.125,45.625,"13","3",0,0,
"231",-124.375,45.625,-124.125,45.375,"14","3",0,0,
"232",-124.375,45.375,-124.125,45.125,"15","3",0,0,
"233",-124.375,45.125,-124.125,44.875,"16","3",0,0,
"234",-124.375,44.875,-124.125,44.625,"17","3",0,0,
"235",-124.375,44.625,-124.125,44.375,"18","3",0,0,
"236",-124.375,44.375,-124.125,44.125,"19","3",87,6792.92372608185,78.079583058412
"237",-124.375,44.125,-124.125,43.875,"20","3",16786,1214342.79125452,72.3425944986608
"238",-124.375,43.875,-124.125,43.625,"21","3",98028,6243786.00925102,63.6939038769639
"239",-124.375,43.625,-124.125,43.375,"22","3",195560,9420688.53491889,48.1728806244574
"240",-124.375,43.375,-124.125,43.125,"23","3",458162,18907820.9140024,41.2688544968862
"241",-124.375,43.125,-124.125,42.875,"24","3",499665,25390931.8863172,50.8159104326243
"242",-124.375,42.875,-124.125,42.625,"25","3",582730,54684562.4573885,93.842023677155
"243",-124.375,42.625,-124.125,42.375,"26","3",570130,47971576.1045349,84.1414696727675
"244",-124.375,42.375,-124.125,42.125,"27","3",581448,40354992.3409718,69.404301572921
"245",-124.375,42.125,-124.125,41.875,"28","3",221808,12654235.3006525,57.0504008000277
"246",-124.375,41.875,-124.125,41.625,"29","3",67950,2431955.84866471,35.7903730487816
"247",-124.375,41.625,-124.125,41.375,"30","3",0,0,
"248",-124.375,41.375,-124.125,41.125,"31","3",6391,173920.089355387,27.2132826404924
"249",-124.375,41.125,-124.125,40.875,"32","3",18388,558443.577440931,30.3700009484952
"250",-124.375,40.875,-124.125,40.625,"33","3",82753,2083785.6596135,25.1807869154411
"251",-124.375,40.625,-124.125,40.375,"34","3",306479,13618994.6764666,44.4369587360525
"252",-124.375,40.375,-124.125,40.125,"35","3",341151,17525160.6849811,51.3706853709387
"253",-124.375,40.125,-124.125,39.875,"36","3",2785,177611.840130568,63.7744488799165
"254",-124.375,39.875,-124.125,39.625,"37","3",0,0,
"255",-124.375,39.625,-124.125,39.375,"38","3",0,0,
"256",-124.375,39.375,-124.125,39.125,"39","3",0,0,
"257",-124.375,39.125,-124.125,38.875,"40","3",0,0,
"258",-124.375,38.875,-124.125,38.625,"41","3",0,0,
"259",-124.375,38.625,-124.125,38.375,"42","3",0,0,
"260",-124.375,38.375,-124.125,38.125,"43","3",0,0,
"261",-124.375,38.125,-124.125,37.875,"44","3",0,0,
"262",-124.375,37.875,-124.125,37.625,"45","3",0,0,
"263",-124.375,37.625,-124.125,37.375,"46","3",0,0,
"264",-124.375,37.375,-124.125,37.125,"47","3",0,0,
"265",-124.375,37.125,-124.125,36.875,"48","3",0,0,
"266",-124.375,36.875,-124.125,36.625,"49","3",0,0,
"267",-124.375,36.625,-124.125,36.375,"50","3",0,0,
"268",-124.375,36.375,-124.125,36.125,"51","3",0,0,
"269",-124.375,36.125,-124.125,35.875,"52","3",0,0,
"270",-124.375,35.875,-124.125,35.625,"53","3",0,0,
"271",-124.375,35.625,-124.125,35.375,"54","3",0,0,
"272",-124.375,35.375,-124.125,35.125,"55","3",0,0,
"273",-124.375,35.125,-124.125,34.875,"56","3",0,0,
"274",-124.375,34.875,-124.125,34.625,"57","3",0,0,
"275",-124.375,34.625,-124.125,34.375,"58","3",0,0,
"276",-124.375,34.375,-124.125,34.125,"59","3",0,0,
"277",-124.375,34.125,-124.125,33.875,"60","3",0,0,
"278",-124.375,33.875,-124.125,33.625,"61","3",,,
"279",-124.375,33.625,-124.125,33.375,"62","3",,,
"280",-124.375,33.375,-124.125,33.125,"63","3",,,
"281",-124.375,33.125,-124.125,32.875,"64","3",,,
"282",-124.375,32.875,-124.125,32.625,"65","3",,,
"283",-124.375,32.625,-124.125,32.375,"66","3",,,
"284",-124.375,32.375,-124.125,32.125,"67","3",,,
"285",-124.375,32.125,-124.125,31.875,"68","3",,,
"286",-124.375,31.875,-124.125,31.625,"69","3",,,
"287",-124.375,31.625,-124.125,31.375,"70","3",,,
"288",-124.375,31.375,-124.125,31.125,"71","3",,,
"289",-124.125,49.125,-123.875,48.875,"0","4",0,0,
"290",-124.125,48.875,-123.875,48.625,"1","4",0,0,
"291",-124.125,48.625,-123.875,48.375,"2","4",0,0,
"292",-124.125,48.375,-123.875,48.125,"3","4",107339,3474637.47592802,32.3706898324749
"293",-124.125,48.125,-123.875,47.875,"4","4",551697,37462952.171304,67.9049408847683
"294",-124.125,47.875,-123.875,47.625,"5","4",559627,29075215.8283942,51.9546337621206
"295",-124.125,47.625,-123.875,47.375,"6","4",527532,16679877.8010035,31.6187033222695
"296",-124.125,47.375,-123.875,47.125,"7","4",525389,14864145.3721024,28.2916950528131
"297",-124.125,47.125,-123.875,46.875,"8","4",305077,10327368.2917795,33.8516777462067
"298",-124.125,46.875,-123.875,46.625,"9","4",300365,11206561.4027304,37.3098110722968
"299",-124.125,46.625,-123.875,46.375,"10","4",188388,7429709.11578351,39.438335328065
"300",-124.125,46.375,-123.875,46.125,"11","4",168178,5953490.53165124,35.3999365651348
"301",-124.125,46.125,-123.875,45.875,"12","4",133450,6323343.19946636,47.3836133343302
"302",-124.125,45.875,-123.875,45.625,"13","4",150220,5838656.8934581,38.8673738081354
"303",-124.125,45.625,-123.875,45.375,"14","4",119957,4721538.65785449,39.3602595751352
"304",-124.125,45.375,-123.875,45.125,"15","4",182079,9105057.37122989,50.0060818173973
"305",-124.125,45.125,-123.875,44.875,"16","4",283358,20896522.3565418,73.7460116056079
"306",-124.125,44.875,-123.875,44.625,"17","4",371730,18097844.2537292,48.6854551791062
"307",-124.125,44.625,-123.875,44.375,"18","4",410457,35448526.3884433,86.3635566903312
"308",-124.125,44.375,-123.875,44.125,"19","4",547697,57838400.4406164,105.602916285129
"309",-124.125,44.125,-123.875,43.875,"20","4",517332,50529502.5427387,97.6732592276114
"310",-124.125,43.875,-123.875,43.625,"21","4",543696,49656040.7965981,91.3305244044431
"311",-124.125,43.625,-123.875,43.375,"22","4",569956,52858379.5413819,92.7411581620019
"312",-124.125,43.375,-123.875,43.125,"23","4",550430,51424503.6465805,93.4260553505088
"313",-124.125,43.125,-123.875,42.875,"24","4",523015,49399923.6760234,94.4522120322045
"314",-124.125,42.875,-123.875,42.625,"25","4",588786,61339264.8367818,104.179217638976
"315",-124.125,42.625,-123.875,42.375,"26","4",608980,43107980.5022587,70.7871859539866
"316",-124.125,42.375,-123.875,42.125,"27","4",533652,27236737.7385076,51.0383878229776
"317",-124.125,42.125,-123.875,41.875,"28","4",528617,29935819.4239056,56.6304515819688
"318",-124.125,41.875,-123.875,41.625,"29","4",585871,40139990.3099404,68.5133592718199
"319",-124.125,41.625,-123.875,41.375,"30","4",438554,20600925.8523968,46.9746618487046
"320",-124.125,41.375,-123.875,41.125,"31","4",510176,28282750.5635454,55.4372423703691
"321",-124.125,41.125,-123.875,40.875,"32","4",487104,21577362.7076604,44.2972398248842
"322",-124.125,40.875,-123.875,40.625,"33","4",510782,25850815.7771933,50.6102716563883
"323",-124.125,40.625,-123.875,40.375,"34","4",535176,28437968.3483848,53.1376002443772
"324",-124.125,40.375,-123.875,40.125,"35","4",560844,36791135.5244432,65.5995883426464
"325",-124.125,40.125,-123.875,39.875,"36","4",353820,17220070.559008,48.6690140721497
"326",-124.125,39.875,-123.875,39.625,"37","4",6531,263941.29739143,40.4136116048736
"327",-124.125,39.625,-123.875,39.375,"38","4",0,0,
"328",-124.125,39.375,-123.875,39.125,"39","4",0,0,
"329",-124.125,39.125,-123.875,38.875,"40","4",0,0,
"330",-124.125,38.875,-123.875,38.625,"41","4",0,0,
"331",-124.125,38.625,-123.875,38.375,"42","4",0,0,
"332",-124.125,38.375,-123.875,38.125,"43","4",0,0,
"333",-124.125,38.125,-123.875,37.875,"44","4",0,0,
"334",-124.125,37.875,-123.875,37.625,"45","4",0,0,
"335",-124.125,37.625,-123.875,37.375,"46","4",0,0,
"336",-124.125,37.375,-123.875,37.125,"47","4",0,0,
"337",-124.125,37.125,-123.875,36.875,"48","4",0,0,
"338",-124.125,36.875,-123.875,36.625,"49","4",0,0,
"339",-124.125,36.625,-123.875,36.375,"50","4",0,0,
"340",-124.125,36.375,-123.875,36.125,"51","4",0,0,
"341",-124.125,36.125,-123.875,35.875,"52","4",0,0,
"342",-124.125,35.875,-123.875,35.625,"53","4",0,0,
"343",-124.125,35.625,-123.875,35.375,"54","4",0,0,
"344",-124.125,35.375,-123.875,35.125,"55","4",0,0,
"345",-124.125,35.125,-123.875,34.875,"56","4",0,0,
"346",-124.125,34.875,-123.875,34.625,"57","4",0,0,
"347",-124.125,34.625,-123.875,34.375,"58","4",0,0,
"348",-124.125,34.375,-123.875,34.125,"59","4",0,0,
"349",-124.125,34.125,-123.875,33.875,"60","4",0,0,
"350",-124.125,33.875,-123.875,33.625,"61","4",0,0,
"351",-124.125,33.625,-123.875,33.375,"62","4",0,0,
"352",-124.125,33.375,-123.875,33.125,"63","4",,,
"353",-124.125,33.125,-123.875,32.875,"64","4",,,
"354",-124.125,32.875,-123.875,32.625,"65","4",,,
"355",-124.125,32.625,-123.875,32.375,"66","4",,,
"356",-124.125,32.375,-123.875,32.125,"67","4",,,
"357",-124.125,32.125,-123.875,31.875,"68","4",,,
"358",-124.125,31.875,-123.875,31.625,"69","4",,,
"359",-124.125,31.625,-123.875,31.375,"70","4",,,
"360",-124.125,31.375,-123.875,31.125,"71","4",,,
"361",-123.875,49.125,-123.625,48.875,"0","5",0,0,
"362",-123.875,48.875,-123.625,48.625,"1","5",0,0,
"363",-123.875,48.625,-123.625,48.375,"2","5",0,0,
"364",-123.875,48.375,-123.625,48.125,"3","5",63872,2164152.13663048,33.8826424196906
"365",-123.875,48.125,-123.625,47.875,"4","5",448375,27800205.9684124,62.0021320734036
"366",-123.875,47.875,-123.625,47.625,"5","5",392456,19396439.7178647,49.4232212473874
"367",-123.875,47.625,-123.625,47.375,"6","5",522583,20506989.5626046,39.2415933212612
"368",-123.875,47.375,-123.625,47.125,"7","5",542062,18163167.3238762,33.5075458598393
"369",-123.875,47.125,-123.625,46.875,"8","5",474141,21688027.1436451,45.741724811069
"370",-123.875,46.875,-123.625,46.625,"9","5",481647,17703753.0513095,36.756697438808
"371",-123.875,46.625,-123.625,46.375,"10","5",494332,19988164.1552952,40.4346960247268
"372",-123.875,46.375,-123.625,46.125,"11","5",287331,11172455.7045566,38.8835722722457
"373",-123.875,46.125,-123.625,45.875,"12","5",506929,23623624.6314311,46.601446418396
"374",-123.875,45.875,-123.625,45.625,"13","5",533987,23720926.095949,44.4222913590575
"375",-123.875,45.625,-123.625,45.375,"14","5",491374,23379779.8476092,47.5804170501679
"376",-123.875,45.375,-123.625,45.125,"15","5",553964,39961475.4997206,72.1373148791628
"377",-123.875,45.125,-123.625,44.875,"16","5",516487,31282302.628868,60.5674540285971
"378",-123.875,44.875,-123.625,44.625,"17","5",529584,32151327.7934356,60.7105346714318
"379",-123.875,44.625,-123.625,44.375,"18","5",545960,55835135.7018279,102.269645581779
"380",-123.875,44.375,-123.625,44.125,"19","5",571359,66685299.7834495,116.713484487773
"381",-123.875,44.125,-123.625,43.875,"20","5",578018,57646314.8715686,99.7310029645592
"382",-123.875,43.875,-123.625,43.625,"21","5",561158,60076656.0625902,107.058361571233
"383",-123.875,43.625,-123.625,43.375,"22","5",547789,60380908.2421422,110.226580384313
"384",-123.875,43.375,-123.625,43.125,"23","5",563476,60102049.9327121,106.663016584046
"385",-123.875,43.125,-123.625,42.875,"24","5",536871,43884327.0465486,81.7409155021386
"386",-123.875,42.875,-123.625,42.625,"25","5",585492,50586889.1864589,86.4006496868598
"387",-123.875,42.625,-123.625,42.375,"26","5",589122,43802642.2902356,74.352413065945
"388",-123.875,42.375,-123.625,42.125,"27","5",439837,22854018.5972131,51.9602002496677
"389",-123.875,42.125,-123.625,41.875,"28","5",521657,33817794.5707105,64.827644545574
"390",-123.875,41.875,-123.625,41.625,"29","5",599227,41359393.9228212,69.0212455760859
"391",-123.875,41.625,-123.625,41.375,"30","5",600659,42707358.5848904,71.1008385538058
"392",-123.875,41.375,-123.625,41.125,"31","5",593950,37417452.180031,62.9976465696287
"393",-123.875,41.125,-123.625,40.875,"32","5",573709,38121657.5194304,66.4477244028425
"394",-123.875,40.875,-123.625,40.625,"33","5",558394,34821506.3576798,62.3601012146976
"395",-123.875,40.625,-123.625,40.375,"34","5",454998,27569597.694486,60.5927887473923
"396",-123.875,40.375,-123.625,40.125,"35","5",486351,25218095.9654482,51.8516379434774
"397",-123.875,40.125,-123.625,39.875,"36","5",527241,25094991.7447328,47.5968138758799
"398",-123.875,39.875,-123.625,39.625,"37","5",479287,22697430.2922468,47.3566574771416
"399",-123.875,39.625,-123.625,39.375,"38","5",365142,19033746.7254758,52.1269717684513
"400",-123.875,39.375,-123.625,39.125,"39","5",353976,19773765.1648064,55.8618809320586
"401",-123.875,39.125,-123.625,38.875,"40","5",131085,5971352.9580917,45.553289530394
"402",-123.875,38.875,-123.625,38.625,"41","5",6740,272808.843800131,40.4760895845892
"403",-123.875,38.625,-123.625,38.375,"42","5",0,0,
"404",-123.875,38.375,-123.625,38.125,"43","5",0,0,
"405",-123.875,38.125,-123.625,37.875,"44","5",0,0,
"406",-123.875,37.875,-123.625,37.625,"45","5",0,0,
"407",-123.875,37.625,-123.625,37.375,"46","5",0,0,
"408",-123.875,37.375,-123.625,37.125,"47","5",0,0,
"409",-123.875,37.125,-123.625,36.875,"48","5",0,0,
"410",-123.875,36.875,-123.625,36.625,"49","5",0,0,
"411",-123.875,36.625,-123.625,36.375,"50","5",0,0,
"412",-123.875,36.375,-123.625,36.125,"51","5",0,0,
"413",-123.875,36.125,-123.625,35.875,"52","5",0,0,
"414",-123.875,35.875,-123.625,35.625,"53","5",0,0,
"415",-123.875,35.625,-123.625,35.375,"54","5",0,0,
"416",-123.875,35.375,-123.625,35.125,"55","5",0,0,
"417",-123.875,35.125,-123.625,34.875,"56","5",0,0,
"418",-123.875,34.875,-123.625,34.625,"57","5",0,0,
"419",-123.875,34.625,-123.625,34.375,"58","5",0,0,
"420",-123.875,34.375,-123.625,34.125,"59","5",0,0,
"421",-123.875,34.125,-123.625,33.875,"60","5",0,0,
"422",-123.875,33.875,-123.625,33.625,"61","5",0,0,
"423",-123.875,33.625,-123.625,33.375,"62","5",0,0,
"424",-123.875,33.375,-123.625,33.125,"63","5",0,0,
"425",-123.875,33.125,-123.625,32.875,"64","5",0,0,
"426",-123.875,32.875,-123.625,32.625,"65","5",0,0,
"427",-123.875,32.625,-123.625,32.375,"66","5",,,
"428",-123.875,32.375,-123.625,32.125,"67","5",,,
"429",-123.875,32.125,-123.625,31.875,"68","5",,,
"430",-123.875,31.875,-123.625,31.625,"69","5",,,
"431",-123.875,31.625,-123.625,31.375,"70","5",,,
"432",-123.875,31.375,-123.625,31.125,"71","5",,,
"433",-123.625,49.125,-123.375,48.875,"0","6",0,0,
"434",-123.625,48.875,-123.375,48.625,"1","6",0,0,
"435",-123.625,48.625,-123.375,48.375,"2","6",0,0,
"436",-123.625,48.375,-123.375,48.125,"3","6",9039,514022.576114155,56.8671950563287
"437",-123.625,48.125,-123.375,47.875,"4","6",422595,31553518.7674298,74.6660958303572
"438",-123.625,47.875,-123.375,47.625,"5","6",339478,15886419.1593095,46.7966087914667
"439",-123.625,47.625,-123.375,47.375,"6","6",488496,21547696.9750735,44.1102833494512
"440",-123.625,47.375,-123.375,47.125,"7","6",463607,20594875.8939964,44.4231340208332
"441",-123.625,47.125,-123.375,46.875,"8","6",458372,21674219.670303,47.2852174005022
"442",-123.625,46.875,-123.375,46.625,"9","6",528083,26732091.7145849,50.6210041122038
"443",-123.625,46.625,-123.375,46.375,"10","6",506998,23243586.8136651,45.8455197331451
"444",-123.625,46.375,-123.375,46.125,"11","6",421376,18902978.2835441,44.8601208506039
"445",-123.625,46.125,-123.375,45.875,"12","6",536154,32929672.0575111,61.4183090259721
"446",-123.625,45.875,-123.375,45.625,"13","6",540197,36880010.1885404,68.271408742626
"447",-123.625,45.625,-123.375,45.375,"14","6",538485,39482557.9819817,73.3215558130342
"448",-123.625,45.375,-123.375,45.125,"15","6",522633,52732841.0585117,100.898414486861
"449",-123.625,45.125,-123.375,44.875,"16","6",369681,30814801.2953298,83.3551123680411
"450",-123.625,44.875,-123.375,44.625,"17","6",468795,39577554.6445245,84.4240118698461
"451",-123.625,44.625,-123.375,44.375,"18","6",479480,53141487.4359021,110.831499616047
"452",-123.625,44.375,-123.375,44.125,"19","6",513744,54169457.3413616,105.440564447199
"453",-123.625,44.125,-123.375,43.875,"20","6",522733,48916156.226937,93.5777083653356
"454",-123.625,43.875,-123.375,43.625,"21","6",550696,58996664.7683322,107.131093685685
"455",-123.625,43.625,-123.375,43.375,"22","6",473731,44462655.1164359,93.8563343256741
"456",-123.625,43.375,-123.375,43.125,"23","6",348434,23241304.3672712,66.7021713359522
"457",-123.625,43.125,-123.375,42.875,"24","6",465806,28580065.727937,61.3561562709304
"458",-123.625,42.875,-123.375,42.625,"25","6",537045,34620127.2725971,64.4641087294307
"459",-123.625,42.625,-123.375,42.375,"26","6",483854,28192711.9136198,58.2669811836211
"460",-123.625,42.375,-123.375,42.125,"27","6",547976,35658968.4437418,65.0739602532626
"461",-123.625,42.125,-123.375,41.875,"28","6",576796,37662053.8219571,65.2952756641118
"462",-123.625,41.875,-123.375,41.625,"29","6",573100,31207442.7701797,54.4537476359793
"463",-123.625,41.625,-123.375,41.375,"30","6",585182,33727715.0198987,57.6362824213641
"464",-123.625,41.375,-123.375,41.125,"31","6",593268,35059259.4920967,59.0951466994624
"465",-123.625,41.125,-123.375,40.875,"32","6",589452,35133973.894853,59.6044697360481
"466",-123.625,40.875,-123.375,40.625,"33","6",567625,34656424.8433613,61.0551417632439
"467",-123.625,40.625,-123.375,40.375,"34","6",551880,34170692.5880666,61.9168887947862
"468",-123.625,40.375,-123.375,40.125,"35","6",504715,31488943.4614863,62.3895534340892
"469",-123.625,40.125,-123.375,39.875,"36","6",361792,16324346.5041684,45.1208056125299
"470",-123.625,39.875,-123.375,39.625,"37","6",478448,25438417.1063478,53.1686141573333
"471",-123.625,39.625,-123.375,39.375,"38","6",548174,34783903.2177968,63.4541281012905
"472",-123.625,39.375,-123.375,39.125,"39","6",589046,37238839.7473124,63.2188992834386
"473",-123.625,39.125,-123.375,38.875,"40","6",561359,25807418.7917716,45.973109528433
"474",-123.625,38.875,-123.375,38.625,"41","6",310561,11714456.2699108,37.7203070247418
"475",-123.625,38.625,-123.375,38.375,"42","6",105,3074.53040027618,29.2812419073922
"476",-123.625,38.375,-123.375,38.125,"43","6",0,0,
"477",-123.625,38.125,-123.375,37.875,"44","6",0,0,
"478",-123.625,37.875,-123.375,37.625,"45","6",0,0,
"479",-123.625,37.625,-123.375,37.375,"46","6",0,0,
"480",-123.625,37.375,-123.375,37.125,"47","6",0,0,
"481",-123.625,37.125,-123.375,36.875,"48","6",0,0,
"482",-123.625,36.875,-123.375,36.625,"49","6",0,0,
"483",-123.625,36.625,-123.375,36.375,"50","6",0,0,
"484",-123.625,36.375,-123.375,36.125,"51","6",0,0,
"485",-123.625,36.125,-123.375,35.875,"52","6",0,0,
"486",-123.625,35.875,-123.375,35.625,"53","6",0,0,
"487",-123.625,35.625,-123.375,35.375,"54","6",0,0,
"488",-123.625,35.375,-123.375,35.125,"55","6",0,0,
"489",-123.625,35.125,-123.375,34.875,"56","6",0,0,
"490",-123.625,34.875,-123.375,34.625,"57","6",0,0,
"491",-123.625,34.625,-123.375,34.375,"58","6",0,0,
"492",-123.625,34.375,-123.375,34.125,"59","6",0,0,
"493",-123.625,34.125,-123.375,33.875,"60","6",0,0,
"494",-123.625,33.875,-123.375,33.625,"61","6",0,0,
"495",-123.625,33.625,-123.375,33.375,"62","6",0,0,
"496",-123.625,33.375,-123.375,33.125,"63","6",0,0,
"497",-123.625,33.125,-123.375,32.875,"64","6",0,0,
"498",-123.625,32.875,-123.375,32.625,"65","6",0,0,
"499",-123.625,32.625,-123.375,32.375,"66","6",0,0,
"500",-123.625,32.375,-123.375,32.125,"67","6",0,0,
"501",-123.625,32.125,-123.375,31.875,"68","6",0,0,
"502",-123.625,31.875,-123.375,31.625,"69","6",,,
"503",-123.625,31.625,-123.375,31.375,"70","6",,,
"504",-123.625,31.375,-123.375,31.125,"71","6",,,
"505",-123.375,49.125,-123.125,48.875,"0","7",0,0,
"506",-123.375,48.875,-123.125,48.625,"1","7",8237,828207.075767517,100.547174428495
"507",-123.375,48.625,-123.125,48.375,"2","7",21719,1758233.81599334,80.9537186791905
"508",-123.375,48.375,-123.125,48.125,"3","7",1343,85639.8956254721,63.767606571461
"509",-123.375,48.125,-123.125,47.875,"4","7",336211,21879779.7929866,65.0775251047307
"510",-123.375,47.875,-123.125,47.625,"5","7",277604,12569057.5267271,45.2769323450926
"511",-123.375,47.625,-123.125,47.375,"6","7",439150,27295481.6861409,62.1552583084159
"512",-123.375,47.375,-123.125,47.125,"7","7",368212,21306312.2598031,57.8642528212093
"513",-123.375,47.125,-123.125,46.875,"8","7",493453,25217456.2760473,51.1040692346531
"514",-123.375,46.875,-123.125,46.625,"9","7",458132,24468834.5102077,53.4100095828446
"515",-123.375,46.625,-123.125,46.375,"10","7",495615,27671838.2723681,55.8333348917367
"516",-123.375,46.375,-123.125,46.125,"11","7",467726,28203050.0963507,60.2982303663912
"517",-123.375,46.125,-123.125,45.875,"12","7",492169,27463458.8405669,55.8008709215064
"518",-123.375,45.875,-123.125,45.625,"13","7",479788,31427880.1767319,65.5036811607041
"519",-123.375,45.625,-123.125,45.375,"14","7",350296,24769285.5928511,70.7095873000293
"520",-123.375,45.375,-123.125,45.125,"15","7",178427,13308230.3269383,74.5864153235683
"521",-123.375,45.125,-123.125,44.875,"16","7",60738,3792212.29111654,62.4355805445773
"522",-123.375,44.875,-123.125,44.625,"17","7",143053,10204131.1195336,71.3311228672845
"523",-123.375,44.625,-123.125,44.375,"18","7",56097,3658624.10280677,65.2196035938957
"524",-123.375,44.375,-123.125,44.125,"19","7",57830,3377242.69340766,58.3994932285606
"525",-123.375,44.125,-123.125,43.875,"20","7",184898,13671471.4542093,73.9406129553014
"526",-123.375,43.875,-123.125,43.625,"21","7",471047,37880756.0021286,80.4182088032163
"527",-123.375,43.625,-123.125,43.375,"22","7",361183,21187306.3270582,58.6608625739811
"528",-123.375,43.375,-123.125,43.125,"23","7",300687,14262862.2865969,47.4342498564849
"529",-123.375,43.125,-123.125,42.875,"24","7",430738,25060401.5967995,58.1801503391842
"530",-123.375,42.875,-123.125,42.625,"25","7",555827,35670749.8607539,64.1759933590019
"531",-123.375,42.625,-123.125,42.375,"26","7",465293,23969543.4727997,51.5149453630286
"532",-123.375,42.375,-123.125,42.125,"27","7",481767,27052699.2524176,56.1530765959843
"533",-123.375,42.125,-123.125,41.875,"28","7",583509,34437836.1072547,59.0185174646059
"534",-123.375,41.875,-123.125,41.625,"29","7",529183,24663168.6556571,46.6061242626031
"535",-123.375,41.625,-123.125,41.375,"30","7",491885,21674243.6337625,44.0636401471126
"536",-123.375,41.375,-123.125,41.125,"31","7",556220,26689066.5191858,47.9829321476859
"537",-123.375,41.125,-123.125,40.875,"32","7",569455,28647797.8024064,50.3073953208005
"538",-123.375,40.875,-123.125,40.625,"33","7",588607,33344725.8161679,56.6502366029761
"539",-123.375,40.625,-123.125,40.375,"34","7",532170,28833254.3813979,54.1805332532798
"540",-123.375,40.375,-123.125,40.125,"35","7",564411,35359710.059108,62.6488676852647
"541",-123.375,40.125,-123.125,39.875,"36","7",495409,25280708.7339363,51.029974695527
"542",-123.375,39.875,-123.125,39.625,"37","7",335234,12402254.4036009,36.9958130845943
"543",-123.375,39.625,-123.125,39.375,"38","7",453337,20522369.8651702,45.2695673751982
"544",-123.375,39.375,-123.125,39.125,"39","7",297472,12167142.5179181,40.9018076253165
"545",-123.375,39.125,-123.125,38.875,"40","7",322521,14123520.9550629,43.7910119187988
"546",-123.375,38.875,-123.125,38.625,"41","7",472839,25058453.8747301,52.9957424720256
"547",-123.375,38.625,-123.125,38.375,"42","7",193577,10039778.6616441,51.8645224465927
"548",-123.375,38.375,-123.125,38.125,"43","7",0,0,
"549",-123.375,38.125,-123.125,37.875,"44","7",0,0,
"550",-123.375,37.875,-123.125,37.625,"45","7",0,0,
"551",-123.375,37.625,-123.125,37.375,"46","7",0,0,
"552",-123.375,37.375,-123.125,37.125,"47","7",0,0,
"553",-123.375,37.125,-123.125,36.875,"48","7",0,0,
"554",-123.375,36.875,-123.125,36.625,"49","7",0,0,
"555",-123.375,36.625,-123.125,36.375,"50","7",0,0,
"556",-123.375,36.375,-123.125,36.125,"51","7",0,0,
"557",-123.375,36.125,-123.125,35.875,"52","7",0,0,
"558",-123.375,35.875,-123.125,35.625,"53","7",0,0,
"559",-123.375,35.625,-123.125,35.375,"54","7",0,0,
"560",-123.375,35.375,-123.125,35.125,"55","7",0,0,
"561",-123.375,35.125,-123.125,34.875,"56","7",0,0,
"562",-123.375,34.875,-123.125,34.625,"57","7",0,0,
"563",-123.375,34.625,-123.125,34.375,"58","7",0,0,
"564",-123.375,34.375,-123.125,34.125,"59","7",0,0,
"565",-123.375,34.125,-123.125,33.875,"60","7",0,0,
"566",-123.375,33.875,-123.125,33.625,"61","7",0,0,
"567",-123.375,33.625,-123.125,33.375,"62","7",0,0,
"568",-123.375,33.375,-123.125,33.125,"63","7",0,0,
"569",-123.375,33.125,-123.125,32.875,"64","7",0,0,
"570",-123.375,32.875,-123.125,32.625,"65","7",0,0,
"571",-123.375,32.625,-123.125,32.375,"66","7",0,0,
"572",-123.375,32.375,-123.125,32.125,"67","7",0,0,
"573",-123.375,32.125,-123.125,31.875,"68","7",0,0,
"574",-123.375,31.875,-123.125,31.625,"69","7",0,0,
"575",-123.375,31.625,-123.125,31.375,"70","7",0,0,
"576",-123.375,31.375,-123.125,31.125,"71","7",0,0,
"577",-123.125,49.125,-122.875,48.875,"0","8",3661,235439.186959088,64.3100756512122
"578",-123.125,48.875,-122.875,48.625,"1","8",34728,2490133.17971542,71.7039040461709
"579",-123.125,48.625,-122.875,48.375,"2","8",56409,3798053.55521185,67.3306308428062
"580",-123.125,48.375,-122.875,48.125,"3","8",505,21096.2638832331,41.7747799667982
"581",-123.125,48.125,-122.875,47.875,"4","8",320427,22420770.4536826,69.9715393948781
"582",-123.125,47.875,-122.875,47.625,"5","8",454358,33737247.9465044,74.25256724104
"583",-123.125,47.625,-122.875,47.375,"6","8",343890,26357518.665343,76.6452024349152
"584",-123.125,47.375,-122.875,47.125,"7","8",249578,17757551.954844,71.1503095418827
"585",-123.125,47.125,-122.875,46.875,"8","8",244720,13110816.7574856,53.574766089758
"586",-123.125,46.875,-122.875,46.625,"9","8",220496,12049535.210206,54.6474095231026
"587",-123.125,46.625,-122.875,46.375,"10","8",321369,21178352.0364464,65.9004198800955
"588",-123.125,46.375,-122.875,46.125,"11","8",366966,20754128.7199082,56.5559989751317
"589",-123.125,46.125,-122.875,45.875,"12","8",425494,25219423.4536458,59.2709261555881
"590",-123.125,45.875,-122.875,45.625,"13","8",452820,28549986.5002018,63.0493054639852
"591",-123.125,45.625,-122.875,45.375,"14","8",59605,3353603.24008709,56.2637906230533
"592",-123.125,45.375,-122.875,45.125,"15","8",62499,3239086.27875799,51.8262096794828
"593",-123.125,45.125,-122.875,44.875,"16","8",20829,934138.855146304,44.847993429656
"594",-123.125,44.875,-122.875,44.625,"17","8",32979,1504765.31343275,45.627984882281
"595",-123.125,44.625,-122.875,44.375,"18","8",70341,4334127.5240602,61.6159497883198
"596",-123.125,44.375,-122.875,44.125,"19","8",227149,17932128.5286004,78.9443428260761
"597",-123.125,44.125,-122.875,43.875,"20","8",132862,8267253.4447646,62.2243639623414
"598",-123.125,43.875,-122.875,43.625,"21","8",414545,34113631.1528056,82.291744328856
"599",-123.125,43.625,-122.875,43.375,"22","8",573300,54397356.9516751,94.884627510335
"600",-123.125,43.375,-122.875,43.125,"23","8",559623,54461638.3157568,97.3184417290869
"601",-123.125,43.125,-122.875,42.875,"24","8",563969,44483746.8070763,78.8762268973584
"602",-123.125,42.875,-122.875,42.625,"25","8",595983,35524221.515552,59.6060986899828
"603",-123.125,42.625,-122.875,42.375,"26","8",319272,11769253.0082674,36.862778471859
"604",-123.125,42.375,-122.875,42.125,"27","8",399102,18265986.3065878,45.7677142850393
"605",-123.125,42.125,-122.875,41.875,"28","8",524978,26372577.3188327,50.2355857175591
"606",-123.125,41.875,-122.875,41.625,"29","8",445325,16294296.0853907,36.5896729026906
"607",-123.125,41.625,-122.875,41.375,"30","8",392485,12519542.3969379,31.8981423415873
"608",-123.125,41.375,-122.875,41.125,"31","8",465478,16423020.5742425,35.2820553801523
"609",-123.125,41.125,-122.875,40.875,"32","8",420755,15009720.3939825,35.6733025014141
"610",-123.125,40.875,-122.875,40.625,"33","8",522183,22752158.1045911,43.5712348057887
"611",-123.125,40.625,-122.875,40.375,"34","8",528670,21802174.8289635,41.2396671438959
"612",-123.125,40.375,-122.875,40.125,"35","8",506769,20955448.3374981,41.3510856770996
"613",-123.125,40.125,-122.875,39.875,"36","8",477491,16470174.69238,34.493162577682
"614",-123.125,39.875,-122.875,39.625,"37","8",476217,17750671.6865574,37.2743343613466
"615",-123.125,39.625,-122.875,39.375,"38","8",517227,22002048.3135025,42.538475975737
"616",-123.125,39.375,-122.875,39.125,"39","8",346769,13711629.2801756,39.5411045398396
"617",-123.125,39.125,-122.875,38.875,"40","8",256246,7757246.76719434,30.2726550548861
"618",-123.125,38.875,-122.875,38.625,"41","8",276396,8826201.3093389,31.9331730898381
"619",-123.125,38.625,-122.875,38.375,"42","8",427394,25114876.5667409,58.7628197090762
"620",-123.125,38.375,-122.875,38.125,"43","8",27830,1012575.6516967,36.3843209377183
"621",-123.125,38.125,-122.875,37.875,"44","8",11774,407042.119001633,34.5712688127767
"622",-123.125,37.875,-122.875,37.625,"45","8",0,0,
"623",-123.125,37.625,-122.875,37.375,"46","8",0,0,
"624",-123.125,37.375,-122.875,37.125,"47","8",0,0,
"625",-123.125,37.125,-122.875,36.875,"48","8",0,0,
"626",-123.125,36.875,-122.875,36.625,"49","8",0,0,
"627",-123.125,36.625,-122.875,36.375,"50","8",0,0,
"628",-123.125,36.375,-122.875,36.125,"51","8",0,0,
"629",-123.125,36.125,-122.875,35.875,"52","8",0,0,
"630",-123.125,35.875,-122.875,35.625,"53","8",0,0,
"631",-123.125,35.625,-122.875,35.375,"54","8",0,0,
"632",-123.125,35.375,-122.875,35.125,"55","8",0,0,
"633",-123.125,35.125,-122.875,34.875,"56","8",0,0,
"634",-123.125,34.875,-122.875,34.625,"57","8",0,0,
"635",-123.125,34.625,-122.875,34.375,"58","8",0,0,
"636",-123.125,34.375,-122.875,34.125,"59","8",0,0,
"637",-123.125,34.125,-122.875,33.875,"60","8",0,0,
"638",-123.125,33.875,-122.875,33.625,"61","8",0,0,
"639",-123.125,33.625,-122.875,33.375,"62","8",0,0,
"640",-123.125,33.375,-122.875,33.125,"63","8",0,0,
"641",-123.125,33.125,-122.875,32.875,"64","8",0,0,
"642",-123.125,32.875,-122.875,32.625,"65","8",0,0,
"643",-123.125,32.625,-122.875,32.375,"66","8",0,0,
"644",-123.125,32.375,-122.875,32.125,"67","8",0,0,
"645",-123.125,32.125,-122.875,31.875,"68","8",0,0,
"646",-123.125,31.875,-122.875,31.625,"69","8",0,0,
"647",-123.125,31.625,-122.875,31.375,"70","8",0,0,
"648",-123.125,31.375,-122.875,31.125,"71","8",0,0,
"649",-122.875,49.125,-122.625,48.875,"0","9",15154,363639.729905204,23.9962867827111
"650",-122.875,48.875,-122.625,48.625,"1","9",55064,3473326.78657902,63.0779962694141
"651",-122.875,48.625,-122.625,48.375,"2","9",79427,6106293.85533376,76.8793213307032
"652",-122.875,48.375,-122.625,48.125,"3","9",17947,1195471.19563834,66.6111994003646
"653",-122.875,48.125,-122.625,47.875,"4","9",169924,10336781.6223202,60.831793168241
"654",-122.875,47.875,-122.625,47.625,"5","9",179338,11444013.5269831,63.8125412739247
"655",-122.875,47.625,-122.625,47.375,"6","9",277346,19781124.0202666,71.3229108055159
"656",-122.875,47.375,-122.625,47.125,"7","9",143280,9671573.46889749,67.5012106986145
"657",-122.875,47.125,-122.625,46.875,"8","9",174889,11664424.6611296,66.6961596277046
"658",-122.875,46.875,-122.625,46.625,"9","9",388217,24086108.7275869,62.0429005622807
"659",-122.875,46.625,-122.625,46.375,"10","9",235891,14859705.9380638,62.9939503332632
"660",-122.875,46.375,-122.625,46.125,"11","9",419905,30946033.1052445,73.6977009210285
"661",-122.875,46.125,-122.625,45.875,"12","9",325693,20019412.8512674,61.4671265617235
"662",-122.875,45.875,-122.625,45.625,"13","9",40150,1404180.34459964,34.973358520539
"663",-122.875,45.625,-122.625,45.375,"14","9",65389,2724334.62571369,41.6635003703022
"664",-122.875,45.375,-122.625,45.125,"15","9",40973,1973855.40107993,48.1745393571359
"665",-122.875,45.125,-122.625,44.875,"16","9",111599,6859657.95481815,61.4670199089432
"666",-122.875,44.875,-122.625,44.625,"17","9",180078,14301126.7025737,79.4162901774438
"667",-122.875,44.625,-122.625,44.375,"18","9",301373,21563612.3238526,71.5512415639509
"668",-122.875,44.375,-122.625,44.125,"19","9",499527,40941311.5280688,81.9601573650049
"669",-122.875,44.125,-122.625,43.875,"20","9",425044,30071407.1027344,70.7489274115961
"670",-122.875,43.875,-122.625,43.625,"21","9",585791,64425167.4754182,109.979783703434
"671",-122.875,43.625,-122.625,43.375,"22","9",613003,74570669.7928582,121.648131889825
"672",-122.875,43.375,-122.625,43.125,"23","9",608018,64762125.2569088,106.513500022876
"673",-122.875,43.125,-122.625,42.875,"24","9",610417,55544179.3868649,90.9938278043779
"674",-122.875,42.875,-122.625,42.625,"25","9",514578,29071670.3776597,56.4961393173818
"675",-122.875,42.625,-122.625,42.375,"26","9",147308,3194849.09523202,21.6882253185979
"676",-122.875,42.375,-122.625,42.125,"27","9",276479,11524348.5954198,41.6825458549107
"677",-122.875,42.125,-122.625,41.875,"28","9",486947,19869606.0950198,40.8044532464926
"678",-122.875,41.875,-122.625,41.625,"29","9",344083,9543845.50618987,27.7370445682869
"679",-122.875,41.625,-122.625,41.375,"30","9",224493,3899387.8300164,17.3697524199703
"680",-122.875,41.375,-122.625,41.125,"31","9",385239,9393408.17187755,24.3833261219076
"681",-122.875,41.125,-122.625,40.875,"32","9",459791,19539043.199568,42.4954886014906
"682",-122.875,40.875,-122.625,40.625,"33","9",473977,22909856.5540325,48.3353760921574
"683",-122.875,40.625,-122.625,40.375,"34","9",367839,14986332.2626186,40.7415534041213
"684",-122.875,40.375,-122.625,40.125,"35","9",147940,3564213.39665594,24.0922900950111
"685",-122.875,40.125,-122.625,39.875,"36","9",450311,12320783.973033,27.3606107179993
"686",-122.875,39.875,-122.625,39.625,"37","9",434237,13259753.4990857,30.5357523635382
"687",-122.875,39.625,-122.625,39.375,"38","9",496255,18644555.6925164,37.5705145389293
"688",-122.875,39.375,-122.625,39.125,"39","9",453888,14652291.2403338,32.2817330273852
"689",-122.875,39.125,-122.625,38.875,"40","9",173756,3746650.99773522,21.5627143680519
"690",-122.875,38.875,-122.625,38.625,"41","9",259533,7660084.01811464,29.5148748641392
"691",-122.875,38.625,-122.625,38.375,"42","9",66168,1428904.44432805,21.5950979979453
"692",-122.875,38.375,-122.625,38.125,"43","9",50606,1720969.69696591,34.0072263558849
"693",-122.875,38.125,-122.625,37.875,"44","9",240211,12112508.4977693,50.4244539083109
"694",-122.875,37.875,-122.625,37.625,"45","9",0,0,
"695",-122.875,37.625,-122.625,37.375,"46","9",0,0,
"696",-122.875,37.375,-122.625,37.125,"47","9",0,0,
"697",-122.875,37.125,-122.625,36.875,"48","9",0,0,
"698",-122.875,36.875,-122.625,36.625,"49","9",0,0,
"699",-122.875,36.625,-122.625,36.375,"50","9",0,0,
"700",-122.875,36.375,-122.625,36.125,"51","9",0,0,
"701",-122.875,36.125,-122.625,35.875,"52","9",0,0,
"702",-122.875,35.875,-122.625,35.625,"53","9",0,0,
"703",-122.875,35.625,-122.625,35.375,"54","9",0,0,
"704",-122.875,35.375,-122.625,35.125,"55","9",0,0,
"705",-122.875,35.125,-122.625,34.875,"56","9",0,0,
"706",-122.875,34.875,-122.625,34.625,"57","9",0,0,
"707",-122.875,34.625,-122.625,34.375,"58","9",0,0,
"708",-122.875,34.375,-122.625,34.125,"59","9",0,0,
"709",-122.875,34.125,-122.625,33.875,"60","9",0,0,
"710",-122.875,33.875,-122.625,33.625,"61","9",0,0,
"711",-122.875,33.625,-122.625,33.375,"62","9",0,0,
"712",-122.875,33.375,-122.625,33.125,"63","9",0,0,
"713",-122.875,33.125,-122.625,32.875,"64","9",0,0,
"714",-122.875,32.875,-122.625,32.625,"65","9",0,0,
"715",-122.875,32.625,-122.625,32.375,"66","9",0,0,
"716",-122.875,32.375,-122.625,32.125,"67","9",0,0,
"717",-122.875,32.125,-122.625,31.875,"68","9",0,0,
"718",-122.875,31.875,-122.625,31.625,"69","9",0,0,
"719",-122.875,31.625,-122.625,31.375,"70","9",0,0,
"720",-122.875,31.375,-122.625,31.125,"71","9",0,0,
"721",-122.625,49.125,-122.375,48.875,"0","10",10339,326877.045577631,31.615924710091
"722",-122.625,48.875,-122.375,48.625,"1","10",91105,4112103.08396627,45.1358661321143
"723",-122.625,48.625,-122.375,48.375,"2","10",53579,2903857.59762818,54.1976818833532
"724",-122.625,48.375,-122.375,48.125,"3","10",42858,2254773.56104262,52.6103308843768
"725",-122.625,48.125,-122.375,47.875,"4","10",82171,4927549.40591373,59.9670127650111
"726",-122.625,47.875,-122.375,47.625,"5","10",97264,5791407.6155506,59.5431774916783
"727",-122.625,47.625,-122.375,47.375,"6","10",104468,6381794.8091805,61.08851331681
"728",-122.625,47.375,-122.375,47.125,"7","10",54297,3828397.85217975,70.5084599918918
"729",-122.625,47.125,-122.375,46.875,"8","10",168555,11084767.5709484,65.7635049150035
"730",-122.625,46.875,-122.375,46.625,"9","10",461087,29456069.6582494,63.8839734328865
"731",-122.625,46.625,-122.375,46.375,"10","10",436699,29928676.1639768,68.5338784013173
"732",-122.625,46.375,-122.375,46.125,"11","10",514949,33371423.8900634,64.8052989520583
"733",-122.625,46.125,-122.375,45.875,"12","10",452519,33904943.0621403,74.9249049479477
"734",-122.625,45.875,-122.375,45.625,"13","10",183127,11900970.2781582,64.9875238395113
"735",-122.625,45.625,-122.375,45.375,"14","10",38523,2020700.42002506,52.4543888073374
"736",-122.625,45.375,-122.375,45.125,"15","10",193640,12485469.0663327,64.477737380359
"737",-122.625,45.125,-122.375,44.875,"16","10",513238,39029254.7364607,76.045138388936
"738",-122.625,44.875,-122.375,44.625,"17","10",531997,45379541.7235095,85.300371474857
"739",-122.625,44.625,-122.375,44.375,"18","10",541682,49603457.0105065,91.5730207215792
"740",-122.625,44.375,-122.375,44.125,"19","10",556344,46011652.8463869,82.7036021712949
"741",-122.625,44.125,-122.375,43.875,"20","10",599469,69382746.351626,115.74034078764
"742",-122.625,43.875,-122.375,43.625,"21","10",580275,76359548.4169516,131.592001063206
"743",-122.625,43.625,-122.375,43.375,"22","10",601274,68938995.8812427,114.654875948807
"744",-122.625,43.375,-122.375,43.125,"23","10",598786,61757955.9641512,103.138610395285
"745",-122.625,43.125,-122.375,42.875,"24","10",607678,53485058.4554661,88.0154595944993
"746",-122.625,42.875,-122.375,42.625,"25","10",583771,35055948.6001778,60.0508565861919
"747",-122.625,42.625,-122.375,42.375,"26","10",519953,24851498.0780016,47.795662450263
"748",-122.625,42.375,-122.375,42.125,"27","10",463542,17171596.3628591,37.0443160767721
"749",-122.625,42.125,-122.375,41.875,"28","10",228864,5927051.06681394,25.8976993621275
"750",-122.625,41.875,-122.375,41.625,"29","10",30696,441163.356198795,14.3720144709016
"751",-122.625,41.625,-122.375,41.375,"30","10",134760,2713876.18396873,20.1385884829974
"752",-122.625,41.375,-122.375,41.125,"31","10",400717,9915717.75593721,24.7449390865304
"753",-122.625,41.125,-122.375,40.875,"32","10",530819,23306612.4825975,43.9068919586479
"754",-122.625,40.875,-122.375,40.625,"33","10",341344,10019227.6617759,29.3522887813347
"755",-122.625,40.625,-122.375,40.375,"34","10",96587,1598791.5178168,16.5528644415584
"756",-122.625,40.375,-122.375,40.125,"35","10",10863,12139.1899081529,1.11748042972962
"757",-122.625,40.125,-122.375,39.875,"36","10",7556,30042.2968600782,3.97595246957097
"758",-122.625,39.875,-122.375,39.625,"37","10",11020,94145.4735370142,8.54314641896681
"759",-122.625,39.625,-122.375,39.375,"38","10",13780,134111.697558494,9.73234379960043
"760",-122.625,39.375,-122.375,39.125,"39","10",86721,1407879.8000179,16.2345890847419
"761",-122.625,39.125,-122.375,38.875,"40","10",40507,343622.133224767,8.48303091378692
"762",-122.625,38.875,-122.375,38.625,"41","10",115576,3861123.45773003,33.4076577985917
"763",-122.625,38.625,-122.375,38.375,"42","10",237665,8450350.23907692,35.5557201905073
"764",-122.625,38.375,-122.375,38.125,"43","10",52636,1421000.28317697,26.9967376543996
"765",-122.625,38.125,-122.375,37.875,"44","10",93885,4067737.29728452,43.3268072352828
"766",-122.625,37.875,-122.375,37.625,"45","10",6703,179798.525908255,26.8235903189997
"767",-122.625,37.625,-122.375,37.375,"46","10",24054,649290.441786631,26.9930340810938
"768",-122.625,37.375,-122.375,37.125,"47","10",2149,90526.6997419298,42.1250347798649
"769",-122.625,37.125,-122.375,36.875,"48","10",0,0,
"770",-122.625,36.875,-122.375,36.625,"49","10",0,0,
"771",-122.625,36.625,-122.375,36.375,"50","10",0,0,
"772",-122.625,36.375,-122.375,36.125,"51","10",0,0,
"773",-122.625,36.125,-122.375,35.875,"52","10",0,0,
"774",-122.625,35.875,-122.375,35.625,"53","10",0,0,
"775",-122.625,35.625,-122.375,35.375,"54","10",0,0,
"776",-122.625,35.375,-122.375,35.125,"55","10",0,0,
"777",-122.625,35.125,-122.375,34.875,"56","10",0,0,
"778",-122.625,34.875,-122.375,34.625,"57","10",0,0,
"779",-122.625,34.625,-122.375,34.375,"58","10",0,0,
"780",-122.625,34.375,-122.375,34.125,"59","10",0,0,
"781",-122.625,34.125,-122.375,33.875,"60","10",0,0,
"782",-122.625,33.875,-122.375,33.625,"61","10",0,0,
"783",-122.625,33.625,-122.375,33.375,"62","10",0,0,
"784",-122.625,33.375,-122.375,33.125,"63","10",0,0,
"785",-122.625,33.125,-122.375,32.875,"64","10",0,0,
"786",-122.625,32.875,-122.375,32.625,"65","10",0,0,
"787",-122.625,32.625,-122.375,32.375,"66","10",0,0,
"788",-122.625,32.375,-122.375,32.125,"67","10",0,0,
"789",-122.625,32.125,-122.375,31.875,"68","10",0,0,
"790",-122.625,31.875,-122.375,31.625,"69","10",0,0,
"791",-122.625,31.625,-122.375,31.375,"70","10",0,0,
"792",-122.625,31.375,-122.375,31.125,"71","10",0,0,
"793",-122.375,49.125,-122.125,48.875,"0","11",128833,5583812.23000385,43.3414748550748
"794",-122.375,48.875,-122.125,48.625,"1","11",398286,16985225.7714619,42.6458016888917
"795",-122.375,48.625,-122.125,48.375,"2","11",184350,6738672.30830904,36.5536875959264
"796",-122.375,48.375,-122.125,48.125,"3","11",162752,8277764.96482958,50.8612180792222
"797",-122.375,48.125,-122.125,47.875,"4","11",62960,2784252.91064247,44.222568466367
"798",-122.375,47.875,-122.125,47.625,"5","11",26879,1492225.01834928,55.5163889411539
"799",-122.375,47.625,-122.125,47.375,"6","11",21214,1000150.45279006,47.1457741486784
"800",-122.375,47.375,-122.125,47.125,"7","11",51910,2537436.94836687,48.8814669305888
"801",-122.375,47.125,-122.125,46.875,"8","11",253847,12332495.2238516,48.5823950011292
"802",-122.375,46.875,-122.125,46.625,"9","11",508901,31078497.9345697,61.0698307422657
"803",-122.375,46.625,-122.125,46.375,"10","11",492875,29027874.295119,58.8950023740685
"804",-122.375,46.375,-122.125,46.125,"11","11",328312,15289735.3402923,46.5707477652121
"805",-122.375,46.125,-122.125,45.875,"12","11",517503,49305595.7159354,95.2759611363323
"806",-122.375,45.875,-122.125,45.625,"13","11",516022,37411216.2691774,72.4992660568298
"807",-122.375,45.625,-122.125,45.375,"14","11",271448,17046929.1996551,62.7999808422059
"808",-122.375,45.375,-122.125,45.125,"15","11",453953,41109786.118181,90.5595647967542
"809",-122.375,45.125,-122.125,44.875,"16","11",582145,49840669.2552327,85.6155584179761
"810",-122.375,44.875,-122.125,44.625,"17","11",568926,56036938.009948,98.4960047703005
"811",-122.375,44.625,-122.125,44.375,"18","11",592346,62706742.503125,105.861679665474
"812",-122.375,44.375,-122.125,44.125,"19","11",584606,66098689.6052241,113.065363005553
"813",-122.375,44.125,-122.125,43.875,"20","11",581577,61977795.1035402,106.568511312415
"814",-122.375,43.875,-122.125,43.625,"21","11",589674,69689028.2551139,118.182297769808
"815",-122.375,43.625,-122.125,43.375,"22","11",496678,40655834.5721438,81.8555172005682
"816",-122.375,43.375,-122.125,43.125,"23","11",485949,35718140.4636237,73.5018293352258
"817",-122.375,43.125,-122.125,42.875,"24","11",361070,18178958.6986536,50.3474636459788
"818",-122.375,42.875,-122.125,42.625,"25","11",383744,18598471.8245391,48.4658309303573
"819",-122.375,42.625,-122.125,42.375,"26","11",467147,17704657.8384335,37.8995430526868
"820",-122.375,42.375,-122.125,42.125,"27","11",455824,9165232.27336777,20.1069541607458
"821",-122.375,42.125,-122.125,41.875,"28","11",240806,2546046.67145447,10.5730200719852
"822",-122.375,41.875,-122.125,41.625,"29","11",244721,2710614.81284337,11.0763474031381
"823",-122.375,41.625,-122.125,41.375,"30","11",150029,1754453.11985784,11.6940932743526
"824",-122.375,41.375,-122.125,41.125,"31","11",492466,20564717.7467112,41.758654905539
"825",-122.375,41.125,-122.125,40.875,"32","11",560270,27666938.7371911,49.3814388369734
"826",-122.375,40.875,-122.125,40.625,"33","11",216844,4645701.55820131,21.4241646446354
"827",-122.375,40.625,-122.125,40.375,"34","11",12016,21033.8860040547,1.75048984720828
"828",-122.375,40.375,-122.125,40.125,"35","11",3663,4745.24499211519,1.29545317830062
"829",-122.375,40.125,-122.125,39.875,"36","11",352,406.334867319092,1.15436041852015
"830",-122.375,39.875,-122.125,39.625,"37","11",159,169.643532101065,1.06694045346582
"831",-122.375,39.625,-122.125,39.375,"38","11",19,15.7044073082507,0.826547753065825
"832",-122.375,39.375,-122.125,39.125,"39","11",71,70.8592793969437,0.998018019675264
"833",-122.375,39.125,-122.125,38.875,"40","11",10847,42192.7078714495,3.88980435802061
"834",-122.375,38.875,-122.125,38.625,"41","11",25139,136934.351311703,5.44708824184348
"835",-122.375,38.625,-122.125,38.375,"42","11",108036,1381458.16088585,12.7870169284854
"836",-122.375,38.375,-122.125,38.125,"43","11",22889,449776.787968534,19.650346802767
"837",-122.375,38.125,-122.125,37.875,"44","11",23099,518653.71652782,22.4535138546179
"838",-122.375,37.875,-122.125,37.625,"45","11",14869,294775.521171231,19.8248383328557
"839",-122.375,37.625,-122.125,37.375,"46","11",43860,1213083.61909256,27.6580852506283
"840",-122.375,37.375,-122.125,37.125,"47","11",358518,18809960.9438561,52.4658760337167
"841",-122.375,37.125,-122.125,36.875,"48","11",96946,5408987.92680659,55.7938226105934
"842",-122.375,36.875,-122.125,36.625,"49","11",0,0,
"843",-122.375,36.625,-122.125,36.375,"50","11",0,0,
"844",-122.375,36.375,-122.125,36.125,"51","11",0,0,
"845",-122.375,36.125,-122.125,35.875,"52","11",0,0,
"846",-122.375,35.875,-122.125,35.625,"53","11",0,0,
"847",-122.375,35.625,-122.125,35.375,"54","11",0,0,
"848",-122.375,35.375,-122.125,35.125,"55","11",0,0,
"849",-122.375,35.125,-122.125,34.875,"56","11",0,0,
"850",-122.375,34.875,-122.125,34.625,"57","11",0,0,
"851",-122.375,34.625,-122.125,34.375,"58","11",0,0,
"852",-122.375,34.375,-122.125,34.125,"59","11",0,0,
"853",-122.375,34.125,-122.125,33.875,"60","11",0,0,
"854",-122.375,33.875,-122.125,33.625,"61","11",0,0,
"855",-122.375,33.625,-122.125,33.375,"62","11",0,0,
"856",-122.375,33.375,-122.125,33.125,"63","11",0,0,
"857",-122.375,33.125,-122.125,32.875,"64","11",0,0,
"858",-122.375,32.875,-122.125,32.625,"65","11",0,0,
"859",-122.375,32.625,-122.125,32.375,"66","11",0,0,
"860",-122.375,32.375,-122.125,32.125,"67","11",0,0,
"861",-122.375,32.125,-122.125,31.875,"68","11",0,0,
"862",-122.375,31.875,-122.125,31.625,"69","11",0,0,
"863",-122.375,31.625,-122.125,31.375,"70","11",0,0,
"864",-122.375,31.375,-122.125,31.125,"71","11",0,0,
"865",-122.125,49.125,-121.875,48.875,"0","12",223027,9985270.2385294,44.7715758115807
"866",-122.125,48.875,-121.875,48.625,"1","12",359405,12868046.2122807,35.8037484516929
"867",-122.125,48.625,-121.875,48.375,"2","12",423737,19142537.2235965,45.175515056737
"868",-122.125,48.375,-121.875,48.125,"3","12",426460,24930256.0318346,58.4586034606636
"869",-122.125,48.125,-121.875,47.875,"4","12",237566,15332234.8927717,64.538843490953
"870",-122.125,47.875,-121.875,47.625,"5","12",179203,8524532.11430927,47.5691373152752
"871",-122.125,47.625,-121.875,47.375,"6","12",298073,17099248.060711,57.3659743106922
"872",-122.125,47.375,-121.875,47.125,"7","12",267341,13357135.540474,49.9629145565926
"873",-122.125,47.125,-121.875,46.875,"8","12",520235,25466757.3079758,48.9524105605655
"874",-122.125,46.875,-121.875,46.625,"9","12",510006,31106157.5471909,60.9917482288264
"875",-122.125,46.625,-121.875,46.375,"10","12",511727,41221568.2090439,80.553826960555
"876",-122.125,46.375,-121.875,46.125,"11","12",450589,29622852.1980586,65.7425107982189
"877",-122.125,46.125,-121.875,45.875,"12","12",541407,45398617.1583048,83.85302952918
"878",-122.125,45.875,-121.875,45.625,"13","12",532689,49532218.7948387,92.9852480431146
"879",-122.125,45.625,-121.875,45.375,"14","12",561419,42560918.4034282,75.8095440365008
"880",-122.125,45.375,-121.875,45.125,"15","12",582173,61595237.5994171,105.802291757634
"881",-122.125,45.125,-121.875,44.875,"16","12",585101,55354159.3387387,94.6061608828881
"882",-122.125,44.875,-121.875,44.625,"17","12",581464,57079509.0715696,98.1651642605038
"883",-122.125,44.625,-121.875,44.375,"18","12",526293,36107684.9599191,68.6075721317196
"884",-122.125,44.375,-121.875,44.125,"19","12",530601,49978503.1296275,94.1922520493317
"885",-122.125,44.125,-121.875,43.875,"20","12",505089,45574917.9870756,90.2314601725153
"886",-122.125,43.875,-121.875,43.625,"21","12",288941,10555736.9033446,36.5324993799585
"887",-122.125,43.625,-121.875,43.375,"22","12",276310,5787391.05656351,20.9452826772955
"888",-122.125,43.375,-121.875,43.125,"23","12",215759,3005864.65435378,13.9315841024188
"889",-122.125,43.125,-121.875,42.875,"24","12",177804,665666.206290783,3.74382019690661
"890",-122.125,42.875,-121.875,42.625,"25","12",348564,5406869.45441499,15.5118413101037
"891",-122.125,42.625,-121.875,42.375,"26","12",196995,3983642.78457682,20.2220502275531
"892",-122.125,42.375,-121.875,42.125,"27","12",304451,3176606.16823686,10.4338831806657
"893",-122.125,42.125,-121.875,41.875,"28","12",169568,1493185.12751044,8.80581906674868
"894",-122.125,41.875,-121.875,41.625,"29","12",77578,354730.246786377,4.57256241184843
"895",-122.125,41.625,-121.875,41.375,"30","12",285829,3053238.46549213,10.6820457878386
"896",-122.125,41.375,-121.875,41.125,"31","12",523802,13106771.7325872,25.022378174553
"897",-122.125,41.125,-121.875,40.875,"32","12",555285,26142992.1493407,47.0803139817224
"898",-122.125,40.875,-121.875,40.625,"33","12",339459,10192212.4112747,30.0248701942641
"899",-122.125,40.625,-121.875,40.375,"34","12",99724,1563906.61326428,15.6823494170338
"900",-122.125,40.375,-121.875,40.125,"35","12",31188,285703.316896015,9.16068093164086
"901",-122.125,40.125,-121.875,39.875,"36","12",2073,6574.86197264865,3.17166520629457
"902",-122.125,39.875,-121.875,39.625,"37","12",0,0,
"903",-122.125,39.625,-121.875,39.375,"38","12",0,0,
"904",-122.125,39.375,-121.875,39.125,"39","12",0,0,
"905",-122.125,39.125,-121.875,38.875,"40","12",19,13.0456009060144,0.68661057400076
"906",-122.125,38.875,-121.875,38.625,"41","12",775,1377.42367159331,1.77732086657201
"907",-122.125,38.625,-121.875,38.375,"42","12",31384,243612.735594541,7.76232269929075
"908",-122.125,38.375,-121.875,38.125,"43","12",3935,21097.2814058159,5.36144381342207
"909",-122.125,38.125,-121.875,37.875,"44","12",1494,17691.5838099662,11.8417562315704
"910",-122.125,37.875,-121.875,37.625,"45","12",22880,343715.030778099,15.0225100864554
"911",-122.125,37.625,-121.875,37.375,"46","12",2998,58517.2922582682,19.5187766038253
"912",-122.125,37.375,-121.875,37.125,"47","12",145346,4741102.79838784,32.6194239840645
"913",-122.125,37.125,-121.875,36.875,"48","12",195669,7910316.80003004,40.4270313643451
"914",-122.125,36.875,-121.875,36.625,"49","12",2,54.6621451377869,27.3310725688934
"915",-122.125,36.625,-121.875,36.375,"50","12",8262,100634.382221885,12.1803900050697
"916",-122.125,36.375,-121.875,36.125,"51","12",340,2903.97668766696,8.54110790490282
"917",-122.125,36.125,-121.875,35.875,"52","12",0,0,
"918",-122.125,35.875,-121.875,35.625,"53","12",0,0,
"919",-122.125,35.625,-121.875,35.375,"54","12",0,0,
"920",-122.125,35.375,-121.875,35.125,"55","12",0,0,
"921",-122.125,35.125,-121.875,34.875,"56","12",0,0,
"922",-122.125,34.875,-121.875,34.625,"57","12",0,0,
"923",-122.125,34.625,-121.875,34.375,"58","12",0,0,
"924",-122.125,34.375,-121.875,34.125,"59","12",0,0,
"925",-122.125,34.125,-121.875,33.875,"60","12",0,0,
"926",-122.125,33.875,-121.875,33.625,"61","12",0,0,
"927",-122.125,33.625,-121.875,33.375,"62","12",0,0,
"928",-122.125,33.375,-121.875,33.125,"63","12",0,0,
"929",-122.125,33.125,-121.875,32.875,"64","12",0,0,
"930",-122.125,32.875,-121.875,32.625,"65","12",0,0,
"931",-122.125,32.625,-121.875,32.375,"66","12",0,0,
"932",-122.125,32.375,-121.875,32.125,"67","12",0,0,
"933",-122.125,32.125,-121.875,31.875,"68","12",0,0,
"934",-122.125,31.875,-121.875,31.625,"69","12",0,0,
"935",-122.125,31.625,-121.875,31.375,"70","12",0,0,
"936",-122.125,31.375,-121.875,31.125,"71","12",0,0,
"937",-121.875,49.125,-121.625,48.875,"0","13",141512,5027084.92283102,35.5240892845202
"938",-121.875,48.875,-121.625,48.625,"1","13",224420,11488162.7901845,51.1904589171397
"939",-121.875,48.625,-121.625,48.375,"2","13",434818,20738355.7760102,47.6943359658757
"940",-121.875,48.375,-121.625,48.125,"3","13",431508,25862172.6426641,59.9343989976179
"941",-121.875,48.125,-121.625,47.875,"4","13",462419,30115161.8644364,65.1252692134978
"942",-121.875,47.875,-121.625,47.625,"5","13",457901,22561169.1803265,49.2708449650175
"943",-121.875,47.625,-121.625,47.375,"6","13",445617,26600335.0217468,59.6932680345382
"944",-121.875,47.375,-121.625,47.125,"7","13",534190,30946384.7214035,57.9314190108454
"945",-121.875,47.125,-121.625,46.875,"8","13",378499,19987312.1368085,52.8067766012816
"946",-121.875,46.875,-121.625,46.625,"9","13",295537,20170438.7056964,68.2501301214277
"947",-121.875,46.625,-121.625,46.375,"10","13",499469,40741188.1558276,81.5690025924083
"948",-121.875,46.375,-121.625,46.125,"11","13",497689,34039472.7009242,68.3950674033869
"949",-121.875,46.125,-121.625,45.875,"12","13",497280,26532619.2528328,53.3554923842358
"950",-121.875,45.875,-121.625,45.625,"13","13",517573,54396883.8859355,105.099925780393
"951",-121.875,45.625,-121.625,45.375,"14","13",491695,31241152.0704662,63.5376647524709
"952",-121.875,45.375,-121.625,45.125,"15","13",505677,34470384.6523854,68.1668034187543
"953",-121.875,45.125,-121.625,44.875,"16","13",584347,32821106.6226342,56.1671517482492
"954",-121.875,44.875,-121.625,44.625,"17","13",431833,18251839.2614973,42.2659668471315
"955",-121.875,44.625,-121.625,44.375,"18","13",427686,7138928.33310793,16.6919850851043
"956",-121.875,44.375,-121.625,44.125,"19","13",282478,2058725.39420267,7.28809108745699
"957",-121.875,44.125,-121.625,43.875,"20","13",129960,1299919.86387662,10.0024612486659
"958",-121.875,43.875,-121.625,43.625,"21","13",442046,4886677.99270775,11.0546820754124
"959",-121.875,43.625,-121.625,43.375,"22","13",360189,2342586.05921552,6.50376901908588
"960",-121.875,43.375,-121.625,43.125,"23","13",287023,589840.187789239,2.0550276033253
"961",-121.875,43.125,-121.625,42.875,"24","13",193913,1279955.63839991,6.6006695703739
"962",-121.875,42.875,-121.625,42.625,"25","13",351770,2122001.99331729,6.03235635022113
"963",-121.875,42.625,-121.625,42.375,"26","13",406018,4678190.81254987,11.522126636134
"964",-121.875,42.375,-121.625,42.125,"27","13",81227,837941.607925131,10.3160477172016
"965",-121.875,42.125,-121.625,41.875,"28","13",9529,25018.734090847,2.62553616233047
"966",-121.875,41.875,-121.625,41.625,"29","13",93955,117298.212964148,1.24845099211483
"967",-121.875,41.625,-121.625,41.375,"30","13",214197,1212378.86754483,5.66011133463507
"968",-121.875,41.375,-121.625,41.125,"31","13",490987,7668526.58422342,15.6185939428608
"969",-121.875,41.125,-121.625,40.875,"32","13",499120,15786695.721757,31.6290585866264
"970",-121.875,40.875,-121.625,40.625,"33","13",506595,13516724.8327114,26.6815204111991
"971",-121.875,40.625,-121.625,40.375,"34","13",344735,7321196.69069776,21.2371725838623
"972",-121.875,40.375,-121.625,40.125,"35","13",258154,6195951.0211157,24.0009878642814
"973",-121.875,40.125,-121.625,39.875,"36","13",278341,6909047.31391581,24.8222407547426
"974",-121.875,39.875,-121.625,39.625,"37","13",90495,1064849.76630515,11.7669458677844
"975",-121.875,39.625,-121.625,39.375,"38","13",0,0,
"976",-121.875,39.375,-121.625,39.125,"39","13",0,0,
"977",-121.875,39.125,-121.625,38.875,"40","13",0,0,
"978",-121.875,38.875,-121.625,38.625,"41","13",0,0,
"979",-121.875,38.625,-121.625,38.375,"42","13",0,0,
"980",-121.875,38.375,-121.625,38.125,"43","13",0,0,
"981",-121.875,38.125,-121.625,37.875,"44","13",28,245.32916945219,8.76175605186394
"982",-121.875,37.875,-121.625,37.625,"45","13",1993,19382.0435258839,9.72505947109078
"983",-121.875,37.625,-121.625,37.375,"46","13",20,251.464155733585,12.5732077866793
"984",-121.875,37.375,-121.625,37.125,"47","13",16081,294165.495147754,18.2927364683636
"985",-121.875,37.125,-121.625,36.875,"48","13",97733,1658163.52836758,16.9662604071048
"986",-121.875,36.875,-121.625,36.625,"49","13",7239,52221.2223705719,7.21387240925154
"987",-121.875,36.625,-121.625,36.375,"50","13",55473,727068.534694462,13.1067101958514
"988",-121.875,36.375,-121.625,36.125,"51","13",45171,816881.051957911,18.0841923348589
"989",-121.875,36.125,-121.625,35.875,"52","13",184,2979.93509718776,16.1952994412378
"990",-121.875,35.875,-121.625,35.625,"53","13",0,0,
"991",-121.875,35.625,-121.625,35.375,"54","13",0,0,
"992",-121.875,35.375,-121.625,35.125,"55","13",0,0,
"993",-121.875,35.125,-121.625,34.875,"56","13",0,0,
"994",-121.875,34.875,-121.625,34.625,"57","13",0,0,
"995",-121.875,34.625,-121.625,34.375,"58","13",0,0,
"996",-121.875,34.375,-121.625,34.125,"59","13",0,0,
"997",-121.875,34.125,-121.625,33.875,"60","13",0,0,
"998",-121.875,33.875,-121.625,33.625,"61","13",0,0,
"999",-121.875,33.625,-121.625,33.375,"62","13",0,0,
"1000",-121.875,33.375,-121.625,33.125,"63","13",0,0,
"1001",-121.875,33.125,-121.625,32.875,"64","13",0,0,
"1002",-121.875,32.875,-121.625,32.625,"65","13",0,0,
"1003",-121.875,32.625,-121.625,32.375,"66","13",0,0,
"1004",-121.875,32.375,-121.625,32.125,"67","13",0,0,
"1005",-121.875,32.125,-121.625,31.875,"68","13",0,0,
"1006",-121.875,31.875,-121.625,31.625,"69","13",0,0,
"1007",-121.875,31.625,-121.625,31.375,"70","13",0,0,
"1008",-121.875,31.375,-121.625,31.125,"71","13",0,0,
"1009",-121.625,49.125,-121.375,48.875,"0","14",130022,5154972.14789881,39.6469224277338
"1010",-121.625,48.875,-121.375,48.625,"1","14",217658,10519113.715876,48.3286335254207
"1011",-121.625,48.625,-121.375,48.375,"2","14",417251,26880285.2189198,64.4223386377019
"1012",-121.625,48.375,-121.375,48.125,"3","14",473759,34377517.0108352,72.5633011949857
"1013",-121.625,48.125,-121.375,47.875,"4","14",346706,18559285.4490736,53.5303267006444
"1014",-121.625,47.875,-121.375,47.625,"5","14",396958,21276711.1883778,53.5994014187341
"1015",-121.625,47.625,-121.375,47.375,"6","14",369140,19642426.6715318,53.2113200182366
"1016",-121.625,47.375,-121.375,47.125,"7","14",478812,25619250.1728102,53.5058648755883
"1017",-121.625,47.125,-121.375,46.875,"8","14",419586,18990861.8579903,45.2609521242137
"1018",-121.625,46.875,-121.375,46.625,"9","14",374076,22483810.1643366,60.1049256416787
"1019",-121.625,46.625,-121.375,46.375,"10","14",365440,19064449.6582317,52.1684808948984
"1020",-121.625,46.375,-121.375,46.125,"11","14",308000,9194872.9790443,29.8534836981958
"1021",-121.625,46.125,-121.375,45.875,"12","14",492683,24197009.7617625,49.1127352917849
"1022",-121.625,45.875,-121.375,45.625,"13","14",341646,22975704.2380511,67.2500314303435
"1023",-121.625,45.625,-121.375,45.375,"14","14",469173,32505282.9707369,69.2820835187382
"1024",-121.625,45.375,-121.375,45.125,"15","14",546471,29287571.7124914,53.5940090370603
"1025",-121.625,45.125,-121.375,44.875,"16","14",422206,13514000.4807171,32.008073027662
"1026",-121.625,44.875,-121.375,44.625,"17","14",393399,6770058.54669597,17.2091402029389
"1027",-121.625,44.625,-121.375,44.375,"18","14",383503,5920747.66588077,15.4385954370129
"1028",-121.625,44.375,-121.375,44.125,"19","14",180658,651970.065509352,3.60886351841242
"1029",-121.625,44.125,-121.375,43.875,"20","14",293406,1553301.19600011,5.29403350988087
"1030",-121.625,43.875,-121.375,43.625,"21","14",260315,522600.778266347,2.00757074416129
"1031",-121.625,43.625,-121.375,43.375,"22","14",207133,359685.521570705,1.73649549598908
"1032",-121.625,43.375,-121.375,43.125,"23","14",296755,637370.777277058,2.14780130840949
"1033",-121.625,43.125,-121.375,42.875,"24","14",202330,618067.95606392,3.0547519204464
"1034",-121.625,42.875,-121.375,42.625,"25","14",205846,721147.534675167,3.5033351858922
"1035",-121.625,42.625,-121.375,42.375,"26","14",143566,629244.06163517,4.38296018301806
"1036",-121.625,42.375,-121.375,42.125,"27","14",38524,228584.107848074,5.9335507176844
"1037",-121.625,42.125,-121.375,41.875,"28","14",11502,85355.2466374647,7.42090476764604
"1038",-121.625,41.875,-121.375,41.625,"29","14",37221,62882.9877309751,1.68944917468566
"1039",-121.625,41.625,-121.375,41.375,"30","14",200631,1060342.25182566,5.28503696749583
"1040",-121.625,41.375,-121.375,41.125,"31","14",315997,2291683.08953905,7.25223052604629
"1041",-121.625,41.125,-121.375,40.875,"32","14",169587,1194744.55846691,7.04502443269185
"1042",-121.625,40.875,-121.375,40.625,"33","14",175328,996932.159915187,5.68609782758708
"1043",-121.625,40.625,-121.375,40.375,"34","14",186811,1172641.08909134,6.27715225062408
"1044",-121.625,40.375,-121.375,40.125,"35","14",342335,5958714.23099423,17.4060912001234
"1045",-121.625,40.125,-121.375,39.875,"36","14",447123,10719531.2722862,23.9744573020985
"1046",-121.625,39.875,-121.375,39.625,"37","14",396578,11439811.2397285,28.8463082665416
"1047",-121.625,39.625,-121.375,39.375,"38","14",74324,960311.480764634,12.920610849317
"1048",-121.625,39.375,-121.375,39.125,"39","14",1032,1177.80074159231,1.14127978836464
"1049",-121.625,39.125,-121.375,38.875,"40","14",0,0,
"1050",-121.625,38.875,-121.375,38.625,"41","14",0,0,
"1051",-121.625,38.625,-121.375,38.375,"42","14",0,0,
"1052",-121.625,38.375,-121.375,38.125,"43","14",0,0,
"1053",-121.625,38.125,-121.375,37.875,"44","14",0,0,
"1054",-121.625,37.875,-121.375,37.625,"45","14",0,0,
"1055",-121.625,37.625,-121.375,37.375,"46","14",0,0,
"1056",-121.625,37.375,-121.375,37.125,"47","14",16,149.362442821264,9.33515267632902
"1057",-121.625,37.125,-121.375,36.875,"48","14",1790,10658.4827166181,5.95445961822241
"1058",-121.625,36.875,-121.375,36.625,"49","14",613,4671.49148379266,7.62070388873191
"1059",-121.625,36.625,-121.375,36.375,"50","14",14087,226532.540002276,16.0809640095319
"1060",-121.625,36.375,-121.375,36.125,"51","14",48204,877106.022453087,18.1957103653864
"1061",-121.625,36.125,-121.375,35.875,"52","14",44069,617368.682200483,14.0091375388705
"1062",-121.625,35.875,-121.375,35.625,"53","14",440,1227.87764613773,2.79063101394938
"1063",-121.625,35.625,-121.375,35.375,"54","14",0,0,
"1064",-121.625,35.375,-121.375,35.125,"55","14",0,0,
"1065",-121.625,35.125,-121.375,34.875,"56","14",0,0,
"1066",-121.625,34.875,-121.375,34.625,"57","14",0,0,
"1067",-121.625,34.625,-121.375,34.375,"58","14",0,0,
"1068",-121.625,34.375,-121.375,34.125,"59","14",0,0,
"1069",-121.625,34.125,-121.375,33.875,"60","14",0,0,
"1070",-121.625,33.875,-121.375,33.625,"61","14",0,0,
"1071",-121.625,33.625,-121.375,33.375,"62","14",0,0,
"1072",-121.625,33.375,-121.375,33.125,"63","14",0,0,
"1073",-121.625,33.125,-121.375,32.875,"64","14",0,0,
"1074",-121.625,32.875,-121.375,32.625,"65","14",0,0,
"1075",-121.625,32.625,-121.375,32.375,"66","14",0,0,
"1076",-121.625,32.375,-121.375,32.125,"67","14",0,0,
"1077",-121.625,32.125,-121.375,31.875,"68","14",0,0,
"1078",-121.625,31.875,-121.375,31.625,"69","14",0,0,
"1079",-121.625,31.625,-121.375,31.375,"70","14",0,0,
"1080",-121.625,31.375,-121.375,31.125,"71","14",0,0,
"1081",-121.375,49.125,-121.125,48.875,"0","15",114814,3943983.18391512,34.3510650610127
"1082",-121.375,48.875,-121.125,48.625,"1","15",254651,13786471.3360042,54.1386891706855
"1083",-121.375,48.625,-121.125,48.375,"2","15",293569,17545356.2776378,59.7656982775356
"1084",-121.375,48.375,-121.125,48.125,"3","15",349000,22060238.514948,63.209852478361
"1085",-121.375,48.125,-121.125,47.875,"4","15",258030,12003155.3721151,46.5184489094876
"1086",-121.375,47.875,-121.125,47.625,"5","15",400379,23174952.342046,57.8825371511643
"1087",-121.375,47.625,-121.125,47.375,"6","15",244570,8573495.42387279,35.0553846500911
"1088",-121.375,47.375,-121.125,47.125,"7","15",453226,20450535.1822604,45.1221580012188
"1089",-121.375,47.125,-121.125,46.875,"8","15",517260,18435730.2658966,35.6411287667645
"1090",-121.375,46.875,-121.125,46.625,"9","15",412632,8680133.41777347,21.0360161542815
"1091",-121.375,46.625,-121.125,46.375,"10","15",429288,8895073.82922829,20.7205275461422
"1092",-121.375,46.375,-121.125,46.125,"11","15",505581,10293835.0829776,20.3604072996762
"1093",-121.375,46.125,-121.125,45.875,"12","15",458242,11913034.5180934,25.99725585628
"1094",-121.375,45.875,-121.125,45.625,"13","15",233130,10331513.4430002,44.3165334491494
"1095",-121.375,45.625,-121.125,45.375,"14","15",76269,2530662.25778004,33.1807452278127
"1096",-121.375,45.375,-121.125,45.125,"15","15",88934,1922313.12004492,21.6150529611276
"1097",-121.375,45.125,-121.125,44.875,"16","15",49158,666819.249594945,13.564816501789
"1098",-121.375,44.875,-121.125,44.625,"17","15",4327,15436.6113246149,3.56750897264038
"1099",-121.375,44.625,-121.125,44.375,"18","15",11366,33697.1014766751,2.96472826646799
"1100",-121.375,44.375,-121.125,44.125,"19","15",28687,115086.959381794,4.01181578351846
"1101",-121.375,44.125,-121.125,43.875,"20","15",138784,309339.115999824,2.22892491929779
"1102",-121.375,43.875,-121.125,43.625,"21","15",296882,1614120.76086486,5.43691015576847
"1103",-121.375,43.625,-121.125,43.375,"22","15",163836,244365.935717025,1.49152772111761
"1104",-121.375,43.375,-121.125,43.125,"23","15",110539,365424.469963317,3.30584201018027
"1105",-121.375,43.125,-121.125,42.875,"24","15",170906,756222.437731752,4.42478577540726
"1106",-121.375,42.875,-121.125,42.625,"25","15",115048,549172.474370058,4.77342043642704
"1107",-121.375,42.625,-121.125,42.375,"26","15",120267,696460.448396716,5.79095220132469
"1108",-121.375,42.375,-121.125,42.125,"27","15",85237,340586.940154857,3.99576404794698
"1109",-121.375,42.125,-121.125,41.875,"28","15",25491,129478.380120062,5.07937625515133
"1110",-121.375,41.875,-121.125,41.625,"29","15",3679,2926.70230721177,0.79551571275123
"1111",-121.375,41.625,-121.125,41.375,"30","15",41384,81950.9854604632,1.98025771941966
"1112",-121.375,41.375,-121.125,41.125,"31","15",95484,552113.345055294,5.78226032691649
"1113",-121.375,41.125,-121.125,40.875,"32","15",72608,230564.29835209,3.17546686800477
"1114",-121.375,40.875,-121.125,40.625,"33","15",74098,141419.395543388,1.90854537967811
"1115",-121.375,40.625,-121.125,40.375,"34","15",151504,718848.826366457,4.74475146772664
"1116",-121.375,40.375,-121.125,40.125,"35","15",245813,2377879.5303055,9.67353040850363
"1117",-121.375,40.125,-121.125,39.875,"36","15",404276,8851639.05922745,21.8950396739541
"1118",-121.375,39.875,-121.125,39.625,"37","15",581820,22478744.1591617,38.6352207884942
"1119",-121.375,39.625,-121.125,39.375,"38","15",476508,19702932.1436469,41.3485862643374
"1120",-121.375,39.375,-121.125,39.125,"39","15",86605,980282.581323798,11.3190067700918
"1121",-121.375,39.125,-121.125,38.875,"40","15",10811,18646.4150655937,1.72476321021124
"1122",-121.375,38.875,-121.125,38.625,"41","15",4403,4185.1496010234,0.950522280495888
"1123",-121.375,38.625,-121.125,38.375,"42","15",1,0.177480772137642,0.177480772137642
"1124",-121.375,38.375,-121.125,38.125,"43","15",0,0,
"1125",-121.375,38.125,-121.125,37.875,"44","15",0,0,
"1126",-121.375,37.875,-121.125,37.625,"45","15",0,0,
"1127",-121.375,37.625,-121.125,37.375,"46","15",0,0,
"1128",-121.375,37.375,-121.125,37.125,"47","15",0,0,
"1129",-121.375,37.125,-121.125,36.875,"48","15",1,1.0226583480835,1.0226583480835
"1130",-121.375,36.875,-121.125,36.625,"49","15",0,0,
"1131",-121.375,36.625,-121.125,36.375,"50","15",98,417.745904542506,4.26271331165822
"1132",-121.375,36.375,-121.125,36.125,"51","15",1823,18381.8937072698,10.0833207390399
"1133",-121.375,36.125,-121.125,35.875,"52","15",17062,236718.548683355,13.8740211395707
"1134",-121.375,35.875,-121.125,35.625,"53","15",27177,187674.686978251,6.90564399964127
"1135",-121.375,35.625,-121.125,35.375,"54","15",30,199.775397777557,6.65917992591858
"1136",-121.375,35.375,-121.125,35.125,"55","15",0,0,
"1137",-121.375,35.125,-121.125,34.875,"56","15",0,0,
"1138",-121.375,34.875,-121.125,34.625,"57","15",0,0,
"1139",-121.375,34.625,-121.125,34.375,"58","15",0,0,
"1140",-121.375,34.375,-121.125,34.125,"59","15",0,0,
"1141",-121.375,34.125,-121.125,33.875,"60","15",0,0,
"1142",-121.375,33.875,-121.125,33.625,"61","15",0,0,
"1143",-121.375,33.625,-121.125,33.375,"62","15",0,0,
"1144",-121.375,33.375,-121.125,33.125,"63","15",0,0,
"1145",-121.375,33.125,-121.125,32.875,"64","15",0,0,
"1146",-121.375,32.875,-121.125,32.625,"65","15",0,0,
"1147",-121.375,32.625,-121.125,32.375,"66","15",0,0,
"1148",-121.375,32.375,-121.125,32.125,"67","15",0,0,
"1149",-121.375,32.125,-121.125,31.875,"68","15",0,0,
"1150",-121.375,31.875,-121.125,31.625,"69","15",0,0,
"1151",-121.375,31.625,-121.125,31.375,"70","15",0,0,
"1152",-121.375,31.375,-121.125,31.125,"71","15",0,0,
"1153",-121.125,49.125,-120.875,48.875,"0","16",196603,9524382.93435454,48.4447487289336
"1154",-121.125,48.875,-120.875,48.625,"1","16",362982,18874186.4372562,51.9975823518967
"1155",-121.125,48.625,-120.875,48.375,"2","16",184712,5749639.72203473,31.1275917213539
"1156",-121.125,48.375,-120.875,48.125,"3","16",205587,7597649.35404228,36.9558841465768
"1157",-121.125,48.125,-120.875,47.875,"4","16",197519,6432807.46583057,32.5680439139048
"1158",-121.125,47.875,-120.875,47.625,"5","16",320641,12316416.2805096,38.4118571252886
"1159",-121.125,47.625,-120.875,47.375,"6","16",317365,7800378.41263051,24.5785717159438
"1160",-121.125,47.375,-120.875,47.125,"7","16",447224,11632355.6688651,26.0101328838907
"1161",-121.125,47.125,-120.875,46.875,"8","16",504251,12444733.3394949,24.6796403765088
"1162",-121.125,46.875,-120.875,46.625,"9","16",425592,7618751.43999367,17.9015381867932
"1163",-121.125,46.625,-120.875,46.375,"10","16",344407,5320101.06366598,15.4471339539149
"1164",-121.125,46.375,-120.875,46.125,"11","16",446766,5911733.2837791,13.2322810683425
"1165",-121.125,46.125,-120.875,45.875,"12","16",450188,6260681.63897313,13.9068159057397
"1166",-121.125,45.875,-120.875,45.625,"13","16",26268,492649.981275327,18.7547579288612
"1167",-121.125,45.625,-120.875,45.375,"14","16",2,11.2656409740448,5.6328204870224
"1168",-121.125,45.375,-120.875,45.125,"15","16",8,59.57175552845,7.44646944105625
"1169",-121.125,45.125,-120.875,44.875,"16","16",2722,24422.9993268065,8.97244648302958
"1170",-121.125,44.875,-120.875,44.625,"17","16",2990,7758.92696554865,2.59495885135406
"1171",-121.125,44.625,-120.875,44.375,"18","16",68931,377518.104183246,5.47675362584681
"1172",-121.125,44.375,-120.875,44.125,"19","16",7641,20728.7769457299,2.71283561650698
"1173",-121.125,44.125,-120.875,43.875,"20","16",2543,5878.60122128889,2.31167959940578
"1174",-121.125,43.875,-120.875,43.625,"21","16",115347,199614.179497561,1.730553716157
"1175",-121.125,43.625,-120.875,43.375,"22","16",64332,102578.209966217,1.59451299456284
"1176",-121.125,43.375,-120.875,43.125,"23","16",1272,3401.04042480473,2.67377391887164
"1177",-121.125,43.125,-120.875,42.875,"24","16",162163,440519.83821187,2.71652496692753
"1178",-121.125,42.875,-120.875,42.625,"25","16",155670,1643166.96757784,10.5554504244738
"1179",-121.125,42.625,-120.875,42.375,"26","16",149766,881940.378574448,5.88878903472382
"1180",-121.125,42.375,-120.875,42.125,"27","16",43099,158765.149931719,3.68373163952107
"1181",-121.125,42.125,-120.875,41.875,"28","16",9128,29723.9111689819,3.25634434366586
"1182",-121.125,41.875,-120.875,41.625,"29","16",3232,1876.78792593424,0.580689333519259
"1183",-121.125,41.625,-120.875,41.375,"30","16",32041,101953.965843056,3.18198451493573
"1184",-121.125,41.375,-120.875,41.125,"31","16",52435,231921.802421011,4.42303427903139
"1185",-121.125,41.125,-120.875,40.875,"32","16",52316,102313.469753249,1.95568219575749
"1186",-121.125,40.875,-120.875,40.625,"33","16",82392,177306.086878819,2.15198182928948
"1187",-121.125,40.625,-120.875,40.375,"34","16",145821,492564.758894539,3.37787258964442
"1188",-121.125,40.375,-120.875,40.125,"35","16",304630,4361045.53614295,14.3158767558775
"1189",-121.125,40.125,-120.875,39.875,"36","16",500341,15592881.2837578,31.1645083728054
"1190",-121.125,39.875,-120.875,39.625,"37","16",557778,19288294.7934814,34.5805944183553
"1191",-121.125,39.625,-120.875,39.375,"38","16",604817,30960466.2283803,51.1898082037713
"1192",-121.125,39.375,-120.875,39.125,"39","16",392491,11626015.1921628,29.6211000816905
"1193",-121.125,39.125,-120.875,38.875,"40","16",200599,2510391.46823549,12.5144764841076
"1194",-121.125,38.875,-120.875,38.625,"41","16",50330,199108.501826882,3.95606004027185
"1195",-121.125,38.625,-120.875,38.375,"42","16",6176,11137.2621035432,1.80331316443381
"1196",-121.125,38.375,-120.875,38.125,"43","16",147,82.863281567581,0.563695792976741
"1197",-121.125,38.125,-120.875,37.875,"44","16",0,0,
"1198",-121.125,37.875,-120.875,37.625,"45","16",0,0,
"1199",-121.125,37.625,-120.875,37.375,"46","16",0,0,
"1200",-121.125,37.375,-120.875,37.125,"47","16",0,0,
"1201",-121.125,37.125,-120.875,36.875,"48","16",0,0,
"1202",-121.125,36.875,-120.875,36.625,"49","16",0,0,
"1203",-121.125,36.625,-120.875,36.375,"50","16",0,0,
"1204",-121.125,36.375,-120.875,36.125,"51","16",4,9.16246843338013,2.29061710834503
"1205",-121.125,36.125,-120.875,35.875,"52","16",0,0,
"1206",-121.125,35.875,-120.875,35.625,"53","16",11953,107673.507314925,9.0080738990149
"1207",-121.125,35.625,-120.875,35.375,"54","16",14491,92125.1348728042,6.35740355205329
"1208",-121.125,35.375,-120.875,35.125,"55","16",232,6351.84726297855,27.3786519955972
"1209",-121.125,35.125,-120.875,34.875,"56","16",0,0,
"1210",-121.125,34.875,-120.875,34.625,"57","16",0,0,
"1211",-121.125,34.625,-120.875,34.375,"58","16",0,0,
"1212",-121.125,34.375,-120.875,34.125,"59","16",0,0,
"1213",-121.125,34.125,-120.875,33.875,"60","16",0,0,
"1214",-121.125,33.875,-120.875,33.625,"61","16",0,0,
"1215",-121.125,33.625,-120.875,33.375,"62","16",0,0,
"1216",-121.125,33.375,-120.875,33.125,"63","16",0,0,
"1217",-121.125,33.125,-120.875,32.875,"64","16",0,0,
"1218",-121.125,32.875,-120.875,32.625,"65","16",0,0,
"1219",-121.125,32.625,-120.875,32.375,"66","16",0,0,
"1220",-121.125,32.375,-120.875,32.125,"67","16",0,0,
"1221",-121.125,32.125,-120.875,31.875,"68","16",0,0,
"1222",-121.125,31.875,-120.875,31.625,"69","16",0,0,
"1223",-121.125,31.625,-120.875,31.375,"70","16",0,0,
"1224",-121.125,31.375,-120.875,31.125,"71","16",0,0,
"1225",-120.875,49.125,-120.625,48.875,"0","17",164027,2763870.41857626,16.8500943050611
"1226",-120.875,48.875,-120.625,48.625,"1","17",278225,5550267.91369915,19.9488468458951
"1227",-120.875,48.625,-120.625,48.375,"2","17",202793,3926665.62098237,19.3629248592524
"1228",-120.875,48.375,-120.625,48.125,"3","17",228834,4273475.44802845,18.6750021763744
"1229",-120.875,48.125,-120.625,47.875,"4","17",332686,9811805.53908375,29.4926914239967
"1230",-120.875,47.875,-120.625,47.625,"5","17",430453,14204052.402894,32.9979170847782
"1231",-120.875,47.625,-120.625,47.375,"6","17",358848,7319522.70367302,20.3972788023704
"1232",-120.875,47.375,-120.625,47.125,"7","17",400870,9746386.5834637,24.3130854977018
"1233",-120.875,47.125,-120.625,46.875,"8","17",184641,2747111.92183377,14.878125236723
"1234",-120.875,46.875,-120.625,46.625,"9","17",57227,668751.211753756,11.6859386610124
"1235",-120.875,46.625,-120.625,46.375,"10","17",479,4115.64174893498,8.59215396437366
"1236",-120.875,46.375,-120.625,46.125,"11","17",100783,830247.04311707,8.23796714839874
"1237",-120.875,46.125,-120.625,45.875,"12","17",406322,4473144.99296745,11.0088673342016
"1238",-120.875,45.875,-120.625,45.625,"13","17",17454,120146.842469199,6.8836279631717
"1239",-120.875,45.625,-120.625,45.375,"14","17",19,160.724437505007,8.45918092131615
"1240",-120.875,45.375,-120.625,45.125,"15","17",39,282.09705966711,7.23325794018232
"1241",-120.875,45.125,-120.625,44.875,"16","17",2143,5717.54625202436,2.6680103835858
"1242",-120.875,44.875,-120.625,44.625,"17","17",18786,49312.7942057848,2.62497573755908
"1243",-120.875,44.625,-120.625,44.375,"18","17",432124,4147841.60076726,9.59872999594391
"1244",-120.875,44.375,-120.625,44.125,"19","17",41148,211144.867780147,5.13135189511392
"1245",-120.875,44.125,-120.625,43.875,"20","17",3692,12602.1413773955,3.41336440341156
"1246",-120.875,43.875,-120.625,43.625,"21","17",13886,32019.1204012104,2.30585628699485
"1247",-120.875,43.625,-120.625,43.375,"22","17",18531,46188.3786604557,2.49249250771441
"1248",-120.875,43.375,-120.625,43.125,"23","17",655,2339.10263864076,3.57114906662712
"1249",-120.875,43.125,-120.625,42.875,"24","17",55098,196872.37667711,3.57313108782732
"1250",-120.875,42.875,-120.625,42.625,"25","17",160326,914395.973727126,5.70335425150709
"1251",-120.875,42.625,-120.625,42.375,"26","17",231562,1536206.85024915,6.63410598565029
"1252",-120.875,42.375,-120.625,42.125,"27","17",81926,308308.258022737,3.76325291144126
"1253",-120.875,42.125,-120.625,41.875,"28","17",40219,131958.855910393,3.2810078796189
"1254",-120.875,41.875,-120.625,41.625,"29","17",9859,14769.9244250686,1.49811587636358
"1255",-120.875,41.625,-120.625,41.375,"30","17",15446,16188.5660554511,1.04807497445624
"1256",-120.875,41.375,-120.625,41.125,"31","17",80268,163129.515396278,2.03231070160311
"1257",-120.875,41.125,-120.625,40.875,"32","17",54456,62281.0069069078,1.14369411831401
"1258",-120.875,40.875,-120.625,40.625,"33","17",64600,93778.6315059106,1.45168160225868
"1259",-120.875,40.625,-120.625,40.375,"34","17",141502,501050.746382513,3.54094462539408
"1260",-120.875,40.375,-120.625,40.125,"35","17",226142,1982671.34220228,8.76737334153884
"1261",-120.875,40.125,-120.625,39.875,"36","17",403886,7419348.28473922,18.3699070647143
"1262",-120.875,39.875,-120.625,39.625,"37","17",412064,8153423.39008359,19.7867889213413
"1263",-120.875,39.625,-120.625,39.375,"38","17",552647,22003011.1430214,39.813861548188
"1264",-120.875,39.375,-120.625,39.125,"39","17",568690,21594888.9707923,37.9730415002766
"1265",-120.875,39.125,-120.625,38.875,"40","17",569469,18288143.8760775,32.1143800208221
"1266",-120.875,38.875,-120.625,38.625,"41","17",344900,7374148.63532634,21.3805411288093
"1267",-120.875,38.625,-120.625,38.375,"42","17",245548,2852764.32766832,11.6179497599993
"1268",-120.875,38.375,-120.625,38.125,"43","17",29268,161875.843102486,5.53081328080108
"1269",-120.875,38.125,-120.625,37.875,"44","17",3927,10967.0979921088,2.79274204026197
"1270",-120.875,37.875,-120.625,37.625,"45","17",35,69.408291041851,1.98309402976717
"1271",-120.875,37.625,-120.625,37.375,"46","17",0,0,
"1272",-120.875,37.375,-120.625,37.125,"47","17",0,0,
"1273",-120.875,37.125,-120.625,36.875,"48","17",0,0,
"1274",-120.875,36.875,-120.625,36.625,"49","17",0,0,
"1275",-120.875,36.625,-120.625,36.375,"50","17",0,0,
"1276",-120.875,36.375,-120.625,36.125,"51","17",0,0,
"1277",-120.875,36.125,-120.625,35.875,"52","17",0,0,
"1278",-120.875,35.875,-120.625,35.625,"53","17",0,0,
"1279",-120.875,35.625,-120.625,35.375,"54","17",25267,214553.445235163,8.49144913266959
"1280",-120.875,35.375,-120.625,35.125,"55","17",31464,420397.47536772,13.3612215664798
"1281",-120.875,35.125,-120.625,34.875,"56","17",483,6096.29805158079,12.6217350964406
"1282",-120.875,34.875,-120.625,34.625,"57","17",1,14.0601091384888,14.0601091384888
"1283",-120.875,34.625,-120.625,34.375,"58","17",111,1648.35695463419,14.8500626543621
"1284",-120.875,34.375,-120.625,34.125,"59","17",0,0,
"1285",-120.875,34.125,-120.625,33.875,"60","17",0,0,
"1286",-120.875,33.875,-120.625,33.625,"61","17",0,0,
"1287",-120.875,33.625,-120.625,33.375,"62","17",0,0,
"1288",-120.875,33.375,-120.625,33.125,"63","17",0,0,
"1289",-120.875,33.125,-120.625,32.875,"64","17",0,0,
"1290",-120.875,32.875,-120.625,32.625,"65","17",0,0,
"1291",-120.875,32.625,-120.625,32.375,"66","17",0,0,
"1292",-120.875,32.375,-120.625,32.125,"67","17",0,0,
"1293",-120.875,32.125,-120.625,31.875,"68","17",0,0,
"1294",-120.875,31.875,-120.625,31.625,"69","17",0,0,
"1295",-120.875,31.625,-120.625,31.375,"70","17",0,0,
"1296",-120.875,31.375,-120.625,31.125,"71","17",0,0,
"1297",-120.625,49.125,-120.375,48.875,"0","18",171805,1365967.28315924,7.95068410790861
"1298",-120.625,48.875,-120.375,48.625,"1","18",307334,3766298.33316174,12.2547402277709
"1299",-120.625,48.625,-120.375,48.375,"2","18",321540,5642386.87967368,17.5480092046827
"1300",-120.625,48.375,-120.375,48.125,"3","18",262281,4481230.64066938,17.0856091011906
"1301",-120.625,48.125,-120.375,47.875,"4","18",333763,6258776.2757949,18.7521572966293
"1302",-120.625,47.875,-120.375,47.625,"5","18",428309,11708144.7388273,27.3357429772134
"1303",-120.625,47.625,-120.375,47.375,"6","18",235867,5812523.28887092,24.6432238883393
"1304",-120.625,47.375,-120.375,47.125,"7","18",369694,4356529.61781253,11.7841501831583
"1305",-120.625,47.125,-120.375,46.875,"8","18",1945,22344.5904346891,11.488221303182
"1306",-120.625,46.875,-120.375,46.625,"9","18",331,1330.42046055943,4.01939716181096
"1307",-120.625,46.625,-120.375,46.375,"10","18",18,137.209481775761,7.62274898754226
"1308",-120.625,46.375,-120.375,46.125,"11","18",18,127.88844281435,7.10491348968612
"1309",-120.625,46.125,-120.375,45.875,"12","18",144498,1180239.80844806,8.16786258943417
"1310",-120.625,45.875,-120.375,45.625,"13","18",5897,28872.3333511651,4.8961053673334
"1311",-120.625,45.625,-120.375,45.375,"14","18",8,25.286552131176,3.160819016397
"1312",-120.625,45.375,-120.375,45.125,"15","18",45,275.109571278095,6.11354602840212
"1313",-120.625,45.125,-120.375,44.875,"16","18",2511,6211.42590093054,2.47368614135027
"1314",-120.625,44.875,-120.375,44.625,"17","18",59263,340697.744148733,5.74891153246938
"1315",-120.625,44.625,-120.375,44.375,"18","18",527605,6460362.36604885,12.2446951148091
"1316",-120.625,44.375,-120.375,44.125,"19","18",310710,2494602.34079097,8.02871597563958
"1317",-120.625,44.125,-120.375,43.875,"20","18",171853,1343819.30321559,7.81958594389153
"1318",-120.625,43.875,-120.375,43.625,"21","18",44,49.2035788055509,1.11826315467161
"1319",-120.625,43.625,-120.375,43.375,"22","18",171,458.143485659733,2.67920167052476
"1320",-120.625,43.375,-120.375,43.125,"23","18",193,852.867621495388,4.41900322018336
"1321",-120.625,43.125,-120.375,42.875,"24","18",46,94.2340420782566,2.04856613213601
"1322",-120.625,42.875,-120.375,42.625,"25","18",3648,7902.46545857308,2.16624601386323
"1323",-120.625,42.625,-120.375,42.375,"26","18",54896,238556.489792473,4.34560787293196
"1324",-120.625,42.375,-120.375,42.125,"27","18",50966,188421.85955505,3.69701093974513
"1325",-120.625,42.125,-120.375,41.875,"28","18",15077,36567.2028869665,2.42536332738386
"1326",-120.625,41.875,-120.375,41.625,"29","18",12413,18030.2081344735,1.45252623334194
"1327",-120.625,41.625,-120.375,41.375,"30","18",20879,38892.0415720323,1.86273488059928
"1328",-120.625,41.375,-120.375,41.125,"31","18",60214,49399.5530170985,0.8203997910303
"1329",-120.625,41.125,-120.375,40.875,"32","18",64479,49478.5838970602,0.767359665892154
"1330",-120.625,40.875,-120.375,40.625,"33","18",56625,42997.0316457784,0.759329477188139
"1331",-120.625,40.625,-120.375,40.375,"34","18",27718,22940.4619587742,0.827637706861035
"1332",-120.625,40.375,-120.375,40.125,"35","18",92787,464431.585283622,5.00535188424696
"1333",-120.625,40.125,-120.375,39.875,"36","18",170429,772446.545610738,4.53236565144863
"1334",-120.625,39.875,-120.375,39.625,"37","18",226584,1993038.79524746,8.79602617681504
"1335",-120.625,39.625,-120.375,39.375,"38","18",244982,2857408.65843813,11.6637494119491
"1336",-120.625,39.375,-120.375,39.125,"39","18",359439,6263980.98532125,17.4271044191678
"1337",-120.625,39.125,-120.375,38.875,"40","18",443468,12088480.4221792,27.2589689045865
"1338",-120.625,38.875,-120.375,38.625,"41","18",480822,14049586.5901385,29.2199329276499
"1339",-120.625,38.625,-120.375,38.375,"42","18",544514,16275788.7460241,29.8904871978022
"1340",-120.625,38.375,-120.375,38.125,"43","18",282602,5259577.47996404,18.6112535649572
"1341",-120.625,38.125,-120.375,37.875,"44","18",50274,333205.24212657,6.62778458301646
"1342",-120.625,37.875,-120.375,37.625,"45","18",1132,6024.06268584635,5.32161014650738
"1343",-120.625,37.625,-120.375,37.375,"46","18",0,0,
"1344",-120.625,37.375,-120.375,37.125,"47","18",0,0,
"1345",-120.625,37.125,-120.375,36.875,"48","18",0,0,
"1346",-120.625,36.875,-120.375,36.625,"49","18",0,0,
"1347",-120.625,36.625,-120.375,36.375,"50","18",0,0,
"1348",-120.625,36.375,-120.375,36.125,"51","18",0,0,
"1349",-120.625,36.125,-120.375,35.875,"52","18",0,0,
"1350",-120.625,35.875,-120.375,35.625,"53","18",0,0,
"1351",-120.625,35.625,-120.375,35.375,"54","18",3,26.1989846229553,8.73299487431844
"1352",-120.625,35.375,-120.375,35.125,"55","18",23503,143956.008650308,6.12500568652119
"1353",-120.625,35.125,-120.375,34.875,"56","18",9834,53247.1260912158,5.41459488419928
"1354",-120.625,34.875,-120.375,34.625,"57","18",9847,47272.1157051247,4.80066169443736
"1355",-120.625,34.625,-120.375,34.375,"58","18",6427,33406.0425212197,5.19776606833977
"1356",-120.625,34.375,-120.375,34.125,"59","18",0,0,
"1357",-120.625,34.125,-120.375,33.875,"60","18",193,9324.68265110254,48.3144178813603
"1358",-120.625,33.875,-120.375,33.625,"61","18",0,0,
"1359",-120.625,33.625,-120.375,33.375,"62","18",0,0,
"1360",-120.625,33.375,-120.375,33.125,"63","18",0,0,
"1361",-120.625,33.125,-120.375,32.875,"64","18",0,0,
"1362",-120.625,32.875,-120.375,32.625,"65","18",0,0,
"1363",-120.625,32.625,-120.375,32.375,"66","18",0,0,
"1364",-120.625,32.375,-120.375,32.125,"67","18",0,0,
"1365",-120.625,32.125,-120.375,31.875,"68","18",0,0,
"1366",-120.625,31.875,-120.375,31.625,"69","18",0,0,
"1367",-120.625,31.625,-120.375,31.375,"70","18",0,0,
"1368",-120.625,31.375,-120.375,31.125,"71","18",0,0,
"1369",-120.375,49.125,-120.125,48.875,"0","19",104624,706910.116826963,6.75667262604148
"1370",-120.375,48.875,-120.125,48.625,"1","19",335069,3923987.51838894,11.7109834642684
"1371",-120.375,48.625,-120.125,48.375,"2","19",256277,4630044.01723656,18.0665608589009
"1372",-120.375,48.375,-120.125,48.125,"3","19",328387,6218539.39558791,18.9366186712261
"1373",-120.375,48.125,-120.125,47.875,"4","19",313847,3916630.04614174,12.4794248348455
"1374",-120.375,47.875,-120.125,47.625,"5","19",114363,1360181.75410225,11.893547337008
"1375",-120.375,47.625,-120.125,47.375,"6","19",34072,471743.684345454,13.8454943750133
"1376",-120.375,47.375,-120.125,47.125,"7","19",186289,2074072.34261036,11.1336275497231
"1377",-120.375,47.125,-120.125,46.875,"8","19",18092,209496.626684242,11.5795172830114
"1378",-120.375,46.875,-120.125,46.625,"9","19",170,241.573317382485,1.42101951401462
"1379",-120.375,46.625,-120.125,46.375,"10","19",36,100.364036768675,2.78788991024097
"1380",-120.375,46.375,-120.125,46.125,"11","19",0,0,
"1381",-120.375,46.125,-120.125,45.875,"12","19",4604,37653.1676996414,8.17835962198989
"1382",-120.375,45.875,-120.125,45.625,"13","19",130,983.964459836483,7.56895738335756
"1383",-120.375,45.625,-120.125,45.375,"14","19",0,0,
"1384",-120.375,45.375,-120.125,45.125,"15","19",80,580.0263992697,7.25032999087125
"1385",-120.375,45.125,-120.125,44.875,"16","19",58354,530083.442831226,9.08392642888622
"1386",-120.375,44.875,-120.125,44.625,"17","19",18220,87275.8282840776,4.79011132184839
"1387",-120.375,44.625,-120.125,44.375,"18","19",310420,3533465.92441772,11.3828552426317
"1388",-120.375,44.375,-120.125,44.125,"19","19",261975,2398822.99804616,9.15668669928872
"1389",-120.375,44.125,-120.125,43.875,"20","19",98872,687445.763131948,6.95288618751465
"1390",-120.375,43.875,-120.125,43.625,"21","19",7752,27462.9212988535,3.54268850604405
"1391",-120.375,43.625,-120.125,43.375,"22","19",208,218.873699907213,1.05227740340006
"1392",-120.375,43.375,-120.125,43.125,"23","19",11,18.035133689642,1.63955760814927
"1393",-120.375,43.125,-120.125,42.875,"24","19",0,0,
"1394",-120.375,42.875,-120.125,42.625,"25","19",85,646.049326434731,7.60058031099684
"1395",-120.375,42.625,-120.125,42.375,"26","19",50134,313112.143821991,6.24550492324551
"1396",-120.375,42.375,-120.125,42.125,"27","19",107791,597971.326609701,5.54750699603585
"1397",-120.375,42.125,-120.125,41.875,"28","19",106000,712341.288603075,6.72020083587806
"1398",-120.375,41.875,-120.125,41.625,"29","19",91302,410714.388400296,4.49841611794152
"1399",-120.375,41.625,-120.125,41.375,"30","19",69065,224078.401326749,3.24445669046187
"1400",-120.375,41.375,-120.125,41.125,"31","19",87895,285133.270184737,3.24402150503142
"1401",-120.375,41.125,-120.125,40.875,"32","19",56110,43524.5727025944,0.775700814517812
"1402",-120.375,40.875,-120.125,40.625,"33","19",3618,3226.0496797224,0.891666578143285
"1403",-120.375,40.625,-120.125,40.375,"34","19",101,222.218771409243,2.20018585553706
"1404",-120.375,40.375,-120.125,40.125,"35","19",1823,6330.3159346038,3.47247171399002
"1405",-120.375,40.125,-120.125,39.875,"36","19",87453,172434.589605949,1.97174013019507
"1406",-120.375,39.875,-120.125,39.625,"37","19",42742,72576.1524309736,1.69800553158424
"1407",-120.375,39.625,-120.125,39.375,"38","19",142541,524651.417265513,3.68070532173559
"1408",-120.375,39.375,-120.125,39.125,"39","19",192358,1334206.05296589,6.93605700291066
"1409",-120.375,39.125,-120.125,38.875,"40","19",216964,2278313.27060618,10.5008815776174
"1410",-120.375,38.875,-120.125,38.625,"41","19",316067,4468174.58676471,14.1367956375221
"1411",-120.375,38.625,-120.125,38.375,"42","19",389449,7963441.86555827,20.4479710194615
"1412",-120.375,38.375,-120.125,38.125,"43","19",526298,12634975.0140714,24.0072639722579
"1413",-120.375,38.125,-120.125,37.875,"44","19",342140,6413433.06433635,18.7450548440298
"1414",-120.375,37.875,-120.125,37.625,"45","19",129284,1459040.0825245,11.2855425460575
"1415",-120.375,37.625,-120.125,37.375,"46","19",849,3316.00496166945,3.90577734001113
"1416",-120.375,37.375,-120.125,37.125,"47","19",0,0,
"1417",-120.375,37.125,-120.125,36.875,"48","19",0,0,
"1418",-120.375,36.875,-120.125,36.625,"49","19",0,0,
"1419",-120.375,36.625,-120.125,36.375,"50","19",0,0,
"1420",-120.375,36.375,-120.125,36.125,"51","19",0,0,
"1421",-120.375,36.125,-120.125,35.875,"52","19",0,0,
"1422",-120.375,35.875,-120.125,35.625,"53","19",0,0,
"1423",-120.375,35.625,-120.125,35.375,"54","19",0,0,
"1424",-120.375,35.375,-120.125,35.125,"55","19",0,0,
"1425",-120.375,35.125,-120.125,34.875,"56","19",2183,13528.4747887421,6.19719413135233
"1426",-120.375,34.875,-120.125,34.625,"57","19",7191,42085.1022620536,5.85246867779914
"1427",-120.375,34.625,-120.125,34.375,"58","19",14611,155678.940478585,10.6549134541499
"1428",-120.375,34.375,-120.125,34.125,"59","19",0,0,
"1429",-120.375,34.125,-120.125,33.875,"60","19",388,15597.032520324,40.1985374235154
"1430",-120.375,33.875,-120.125,33.625,"61","19",0,0,
"1431",-120.375,33.625,-120.125,33.375,"62","19",0,0,
"1432",-120.375,33.375,-120.125,33.125,"63","19",0,0,
"1433",-120.375,33.125,-120.125,32.875,"64","19",0,0,
"1434",-120.375,32.875,-120.125,32.625,"65","19",0,0,
"1435",-120.375,32.625,-120.125,32.375,"66","19",0,0,
"1436",-120.375,32.375,-120.125,32.125,"67","19",0,0,
"1437",-120.375,32.125,-120.125,31.875,"68","19",0,0,
"1438",-120.375,31.875,-120.125,31.625,"69","19",0,0,
"1439",-120.375,31.625,-120.125,31.375,"70","19",0,0,
"1440",-120.375,31.375,-120.125,31.125,"71","19",0,0,
"1441",-120.125,49.125,-119.875,48.875,"0","20",154609,901622.513904435,5.8316302020221
"1442",-120.125,48.875,-119.875,48.625,"1","20",327413,2063441.34550322,6.30225844881913
"1443",-120.125,48.625,-119.875,48.375,"2","20",332539,2672975.18065225,8.03808028728133
"1444",-120.125,48.375,-119.875,48.125,"3","20",139424,1350754.58501212,9.68810667469099
"1445",-120.125,48.125,-119.875,47.875,"4","20",153322,1630251.59813997,10.6328615472011
"1446",-120.125,47.875,-119.875,47.625,"5","20",947,9777.53198516369,10.3247433845446
"1447",-120.125,47.625,-119.875,47.375,"6","20",3658,50792.2422367558,13.8852493812892
"1448",-120.125,47.375,-119.875,47.125,"7","20",0,0,
"1449",-120.125,47.125,-119.875,46.875,"8","20",0,0,
"1450",-120.125,46.875,-119.875,46.625,"9","20",191,637.65368822217,3.33850098545639
"1451",-120.125,46.625,-119.875,46.375,"10","20",137,539.999266810715,3.94160048766945
"1452",-120.125,46.375,-119.875,46.125,"11","20",0,0,
"1453",-120.125,46.125,-119.875,45.875,"12","20",2,9.60485905408859,4.8024295270443
"1454",-120.125,45.875,-119.875,45.625,"13","20",0,0,
"1455",-120.125,45.625,-119.875,45.375,"14","20",0,0,
"1456",-120.125,45.375,-119.875,45.125,"15","20",1037,4213.7276638709,4.06338251096519
"1457",-120.125,45.125,-119.875,44.875,"16","20",291612,2502053.06491361,8.5800758024828
"1458",-120.125,44.875,-119.875,44.625,"17","20",116837,1131169.53366578,9.6816037185633
"1459",-120.125,44.625,-119.875,44.375,"18","20",301085,2880734.36265586,9.56784417242926
"1460",-120.125,44.375,-119.875,44.125,"19","20",165940,1107330.94425361,6.6730802956105
"1461",-120.125,44.125,-119.875,43.875,"20","20",8628,25068.7037132169,2.90550576184712
"1462",-120.125,43.875,-119.875,43.625,"21","20",352,712.350126899997,2.02372195142045
"1463",-120.125,43.625,-119.875,43.375,"22","20",775,1373.58297820191,1.77236513316376
"1464",-120.125,43.375,-119.875,43.125,"23","20",160,406.253008350584,2.53908130219115
"1465",-120.125,43.125,-119.875,42.875,"24","20",1314,2460.21592490468,1.87231044513294
"1466",-120.125,42.875,-119.875,42.625,"25","20",27,83.6519389152527,3.09821995982417
"1467",-120.125,42.625,-119.875,42.375,"26","20",1033,7478.24034771184,7.2393420597404
"1468",-120.125,42.375,-119.875,42.125,"27","20",25477,180098.931057141,7.06907921094089
"1469",-120.125,42.125,-119.875,41.875,"28","20",13874,62444.5659767034,4.500833643989
"1470",-120.125,41.875,-119.875,41.625,"29","20",6827,9966.22380897395,1.45982478526058
"1471",-120.125,41.625,-119.875,41.375,"30","20",3962,10939.3309611759,2.76106283724783
"1472",-120.125,41.375,-119.875,41.125,"31","20",15645,117661.432573615,7.52070518207831
"1473",-120.125,41.125,-119.875,40.875,"32","20",10706,25529.3187655614,2.38458049370086
"1474",-120.125,40.875,-119.875,40.625,"33","20",44,111.526074191555,2.53468350435353
"1475",-120.125,40.625,-119.875,40.375,"34","20",29,190.137941360474,6.55648073656806
"1476",-120.125,40.375,-119.875,40.125,"35","20",3,10.8242531567812,3.60808438559373
"1477",-120.125,40.125,-119.875,39.875,"36","20",10672,14537.0846056133,1.362170596478
"1478",-120.125,39.875,-119.875,39.625,"37","20",21188,30273.8818696402,1.42882206294318
"1479",-120.125,39.625,-119.875,39.375,"38","20",100986,287895.755944938,2.85084819623451
"1480",-120.125,39.375,-119.875,39.125,"39","20",85361,344567.975860987,4.03659722661388
"1481",-120.125,39.125,-119.875,38.875,"40","20",79746,374100.959825892,4.69115641945542
"1482",-120.125,38.875,-119.875,38.625,"41","20",129472,724757.539904631,5.59779365348979
"1483",-120.125,38.625,-119.875,38.375,"42","20",157946,1193514.50833548,7.55647188491938
"1484",-120.125,38.375,-119.875,38.125,"43","20",404827,6587548.15430664,16.2725019682646
"1485",-120.125,38.125,-119.875,37.875,"44","20",337662,5959566.98196853,17.649504480719
"1486",-120.125,37.875,-119.875,37.625,"45","20",272894,2807759.8611521,10.2888295864039
"1487",-120.125,37.625,-119.875,37.375,"46","20",64621,434121.532198237,6.71796369907982
"1488",-120.125,37.375,-119.875,37.125,"47","20",562,591.82959282212,1.05307756729915
"1489",-120.125,37.125,-119.875,36.875,"48","20",2,1.54252737760544,0.771263688802719
"1490",-120.125,36.875,-119.875,36.625,"49","20",0,0,
"1491",-120.125,36.625,-119.875,36.375,"50","20",0,0,
"1492",-120.125,36.375,-119.875,36.125,"51","20",0,0,
"1493",-120.125,36.125,-119.875,35.875,"52","20",0,0,
"1494",-120.125,35.875,-119.875,35.625,"53","20",0,0,
"1495",-120.125,35.625,-119.875,35.375,"54","20",0,0,
"1496",-120.125,35.375,-119.875,35.125,"55","20",0,0,
"1497",-120.125,35.125,-119.875,34.875,"56","20",0,0,
"1498",-120.125,34.875,-119.875,34.625,"57","20",3353,21152.3356994358,6.30848067385499
"1499",-120.125,34.625,-119.875,34.375,"58","20",24538,315281.769937486,12.848715051654
"1500",-120.125,34.375,-119.875,34.125,"59","20",0,0,
"1501",-120.125,34.125,-119.875,33.875,"60","20",670,24515.83396779,36.5907969668508
"1502",-120.125,33.875,-119.875,33.625,"61","20",0,0,
"1503",-120.125,33.625,-119.875,33.375,"62","20",0,0,
"1504",-120.125,33.375,-119.875,33.125,"63","20",0,0,
"1505",-120.125,33.125,-119.875,32.875,"64","20",0,0,
"1506",-120.125,32.875,-119.875,32.625,"65","20",0,0,
"1507",-120.125,32.625,-119.875,32.375,"66","20",0,0,
"1508",-120.125,32.375,-119.875,32.125,"67","20",0,0,
"1509",-120.125,32.125,-119.875,31.875,"68","20",0,0,
"1510",-120.125,31.875,-119.875,31.625,"69","20",0,0,
"1511",-120.125,31.625,-119.875,31.375,"70","20",0,0,
"1512",-120.125,31.375,-119.875,31.125,"71","20",0,0,
"1513",-119.875,49.125,-119.625,48.875,"0","21",155906,1451342.26695092,9.30908539088243
"1514",-119.875,48.875,-119.625,48.625,"1","21",383040,4511557.02547005,11.7782921508721
"1515",-119.875,48.625,-119.625,48.375,"2","21",259329,3201258.06684074,12.3443890457324
"1516",-119.875,48.375,-119.625,48.125,"3","21",53328,580431.910170678,10.8841867343736
"1517",-119.875,48.125,-119.625,47.875,"4","21",798,7364.24798758421,9.22838093682232
"1518",-119.875,47.875,-119.625,47.625,"5","21",27,207.559365332127,7.68738390118987
"1519",-119.875,47.625,-119.625,47.375,"6","21",0,0,
"1520",-119.875,47.375,-119.625,47.125,"7","21",0,0,
"1521",-119.875,47.125,-119.625,46.875,"8","21",0,0,
"1522",-119.875,46.875,-119.625,46.625,"9","21",44,117.679692983627,2.67453847690062
"1523",-119.875,46.625,-119.625,46.375,"10","21",37,385.133885264397,10.4090239260648
"1524",-119.875,46.375,-119.625,46.125,"11","21",0,0,
"1525",-119.875,46.125,-119.625,45.875,"12","21",0,0,
"1526",-119.875,45.875,-119.625,45.625,"13","21",0,0,
"1527",-119.875,45.625,-119.625,45.375,"14","21",1,0.612108945846558,0.612108945846558
"1528",-119.875,45.375,-119.625,45.125,"15","21",1414,13339.5822172025,9.43393367553219
"1529",-119.875,45.125,-119.625,44.875,"16","21",290911,2330817.76718245,8.01213349506363
"1530",-119.875,44.875,-119.625,44.625,"17","21",84025,746902.901957716,8.88905566150212
"1531",-119.875,44.625,-119.625,44.375,"18","21",174511,1794408.12574189,10.2824929416592
"1532",-119.875,44.375,-119.625,44.125,"19","21",248566,1851846.07459658,7.45011817624528
"1533",-119.875,44.125,-119.625,43.875,"20","21",73404,495888.367078057,6.755604150701
"1534",-119.875,43.875,-119.625,43.625,"21","21",179243,666197.92313344,3.71673048952227
"1535",-119.875,43.625,-119.625,43.375,"22","21",174,196.641748316069,1.13012499032224
"1536",-119.875,43.375,-119.625,43.125,"23","21",278,635.696873356588,2.28667940056327
"1537",-119.875,43.125,-119.625,42.875,"24","21",4,0.154809239320457,0.0387023098301142
"1538",-119.875,42.875,-119.625,42.625,"25","21",71,732.498667120934,10.3168826355061
"1539",-119.875,42.625,-119.625,42.375,"26","21",10656,73172.9170034289,6.86682779686832
"1540",-119.875,42.375,-119.625,42.125,"27","21",2467,8818.87339563943,3.57473587176304
"1541",-119.875,42.125,-119.625,41.875,"28","21",4621,16772.9491554858,3.62972282092314
"1542",-119.875,41.875,-119.625,41.625,"29","21",3175,4558.58027879451,1.43577331615575
"1543",-119.875,41.625,-119.625,41.375,"30","21",1232,1499.45931186277,1.21709359729121
"1544",-119.875,41.375,-119.625,41.125,"31","21",179,288.192240592092,1.61001251727426
"1545",-119.875,41.125,-119.625,40.875,"32","21",57,228.482157763094,4.00845890812445
"1546",-119.875,40.875,-119.625,40.625,"33","21",148,533.773494966328,3.60657766869141
"1547",-119.875,40.625,-119.625,40.375,"34","21",1,1.81945610046387,1.81945610046387
"1548",-119.875,40.375,-119.625,40.125,"35","21",4,0.644550696015358,0.161137674003839
"1549",-119.875,40.125,-119.625,39.875,"36","21",463,1268.46642217739,2.73966829843928
"1550",-119.875,39.875,-119.625,39.625,"37","21",178,147.805304170586,0.830366877362844
"1551",-119.875,39.625,-119.625,39.375,"38","21",4827,9160.76272095184,1.89781701283444
"1552",-119.875,39.375,-119.625,39.125,"39","21",37893,66412.9351443766,1.75264389582183
"1553",-119.875,39.125,-119.625,38.875,"40","21",28178,65169.2564136976,2.31277082879188
"1554",-119.875,38.875,-119.625,38.625,"41","21",93337,371783.61497578,3.98323939033588
"1555",-119.875,38.625,-119.625,38.375,"42","21",107247,437052.254991048,4.07519329203658
"1556",-119.875,38.375,-119.625,38.125,"43","21",77326,477322.232021399,6.17285559865244
"1557",-119.875,38.125,-119.625,37.875,"44","21",92312,585983.297399839,6.34785615521101
"1558",-119.875,37.875,-119.625,37.625,"45","21",205080,2188590.02337637,10.6718842567602
"1559",-119.875,37.625,-119.625,37.375,"46","21",361169,4728409.61888875,13.0919586644722
"1560",-119.875,37.375,-119.625,37.125,"47","21",45389,263805.776323524,5.81210813905404
"1561",-119.875,37.125,-119.625,36.875,"48","21",253,155.924365694518,0.616301840689795
"1562",-119.875,36.875,-119.625,36.625,"49","21",0,0,
"1563",-119.875,36.625,-119.625,36.375,"50","21",0,0,
"1564",-119.875,36.375,-119.625,36.125,"51","21",0,0,
"1565",-119.875,36.125,-119.625,35.875,"52","21",0,0,
"1566",-119.875,35.875,-119.625,35.625,"53","21",0,0,
"1567",-119.875,35.625,-119.625,35.375,"54","21",0,0,
"1568",-119.875,35.375,-119.625,35.125,"55","21",0,0,
"1569",-119.875,35.125,-119.625,34.875,"56","21",0,0,
"1570",-119.875,34.875,-119.625,34.625,"57","21",12,46.6276672482491,3.88563893735409
"1571",-119.875,34.625,-119.625,34.375,"58","21",23411,259387.512247634,11.079728001693
"1572",-119.875,34.375,-119.625,34.125,"59","21",0,0,
"1573",-119.875,34.125,-119.625,33.875,"60","21",2959,19999.115384303,6.7587412586357
"1574",-119.875,33.875,-119.625,33.625,"61","21",0,0,
"1575",-119.875,33.625,-119.625,33.375,"62","21",0,0,
"1576",-119.875,33.375,-119.625,33.125,"63","21",0,0,
"1577",-119.875,33.125,-119.625,32.875,"64","21",0,0,
"1578",-119.875,32.875,-119.625,32.625,"65","21",0,0,
"1579",-119.875,32.625,-119.625,32.375,"66","21",0,0,
"1580",-119.875,32.375,-119.625,32.125,"67","21",0,0,
"1581",-119.875,32.125,-119.625,31.875,"68","21",0,0,
"1582",-119.875,31.875,-119.625,31.625,"69","21",0,0,
"1583",-119.875,31.625,-119.625,31.375,"70","21",0,0,
"1584",-119.875,31.375,-119.625,31.125,"71","21",0,0,
"1585",-119.625,49.125,-119.375,48.875,"0","22",35476,535897.887682749,15.1059276040915
"1586",-119.625,48.875,-119.375,48.625,"1","22",41523,484945.675672927,11.6789652884649
"1587",-119.625,48.625,-119.375,48.375,"2","22",29730,286926.024004067,9.65106034322459
"1588",-119.625,48.375,-119.375,48.125,"3","22",10855,119172.824114205,10.9786111574578
"1589",-119.625,48.125,-119.375,47.875,"4","22",9,33.5528302788734,3.72809225320816
"1590",-119.625,47.875,-119.375,47.625,"5","22",1,0.0949287340044975,0.0949287340044975
"1591",-119.625,47.625,-119.375,47.375,"6","22",1,2.96031665802002,2.96031665802002
"1592",-119.625,47.375,-119.375,47.125,"7","22",0,0,
"1593",-119.625,47.125,-119.375,46.875,"8","22",0,0,
"1594",-119.625,46.875,-119.375,46.625,"9","22",0,0,
"1595",-119.625,46.625,-119.375,46.375,"10","22",9,56.7379340529442,6.30421489477158
"1596",-119.625,46.375,-119.375,46.125,"11","22",0,0,
"1597",-119.625,46.125,-119.375,45.875,"12","22",0,0,
"1598",-119.625,45.875,-119.375,45.625,"13","22",0,0,
"1599",-119.625,45.625,-119.375,45.375,"14","22",9,22.3855903595686,2.48728781772984
"1600",-119.625,45.375,-119.375,45.125,"15","22",66208,660619.621959416,9.97794257430244
"1601",-119.625,45.125,-119.375,44.875,"16","22",314360,2625400.09259177,8.35157174128951
"1602",-119.625,44.875,-119.375,44.625,"17","22",135469,1277664.5526926,9.43141643248714
"1603",-119.625,44.625,-119.375,44.375,"18","22",180401,1742603.2835587,9.65960988885153
"1604",-119.625,44.375,-119.375,44.125,"19","22",242124,2018726.90294947,8.33757456076006
"1605",-119.625,44.125,-119.375,43.875,"20","22",352918,3089775.57474654,8.75493903611191
"1606",-119.625,43.875,-119.375,43.625,"21","22",252559,1154103.09879831,4.56963758487447
"1607",-119.625,43.625,-119.375,43.375,"22","22",129,120.598971576197,0.934875748652691
"1608",-119.625,43.375,-119.375,43.125,"23","22",0,0,
"1609",-119.625,43.125,-119.375,42.875,"24","22",4,9.28020901419222,2.32005225354806
"1610",-119.625,42.875,-119.375,42.625,"25","22",349,1836.93386884406,5.26342082763342
"1611",-119.625,42.625,-119.375,42.375,"26","22",15,20.301566068083,1.3534377378722
"1612",-119.625,42.375,-119.375,42.125,"27","22",52,31.7316563073546,0.610224159756819
"1613",-119.625,42.125,-119.375,41.875,"28","22",173,224.545204691589,1.29794916006699
"1614",-119.625,41.875,-119.375,41.625,"29","22",214,568.659606371075,2.65728788023867
"1615",-119.625,41.625,-119.375,41.375,"30","22",33,160.08408343792,4.85103283145211
"1616",-119.625,41.375,-119.375,41.125,"31","22",40,91.1582563966513,2.27895640991628
"1617",-119.625,41.125,-119.375,40.875,"32","22",1678,4298.62534391461,2.5617552705093
"1618",-119.625,40.875,-119.375,40.625,"33","22",1580,7980.74953122041,5.05110729824077
"1619",-119.625,40.625,-119.375,40.375,"34","22",109,233.728493023664,2.14429810113453
"1620",-119.625,40.375,-119.375,40.125,"35","22",4,18.1563283223659,4.53908208059147
"1621",-119.625,40.125,-119.375,39.875,"36","22",0,0,
"1622",-119.625,39.875,-119.375,39.625,"37","22",265,571.090868387371,2.15505988070706
"1623",-119.625,39.625,-119.375,39.375,"38","22",1211,1311.91546851629,1.08333234394409
"1624",-119.625,39.375,-119.375,39.125,"39","22",10420,14068.5689966022,1.35015057548965
"1625",-119.625,39.125,-119.375,38.875,"40","22",14116,14376.0756275626,1.01842417310588
"1626",-119.625,38.875,-119.375,38.625,"41","22",19302,21802.4771731625,1.12954497840444
"1627",-119.625,38.625,-119.375,38.375,"42","22",53726,86661.9879530761,1.61303629440264
"1628",-119.625,38.375,-119.375,38.125,"43","22",50036,60273.8726376599,1.20461013345711
"1629",-119.625,38.125,-119.375,37.875,"44","22",67102,262093.702746678,3.90590001410805
"1630",-119.625,37.875,-119.375,37.625,"45","22",99689,441375.472445747,4.42752432510856
"1631",-119.625,37.625,-119.375,37.375,"46","22",225622,2015213.89140536,8.93181467855688
"1632",-119.625,37.375,-119.375,37.125,"47","22",243176,2500825.80524682,10.2840157139143
"1633",-119.625,37.125,-119.375,36.875,"48","22",62737,437507.339509916,6.9736732631448
"1634",-119.625,36.875,-119.375,36.625,"49","22",139,159.183999592438,1.14520863016143
"1635",-119.625,36.625,-119.375,36.375,"50","22",0,0,
"1636",-119.625,36.375,-119.375,36.125,"51","22",0,0,
"1637",-119.625,36.125,-119.375,35.875,"52","22",0,0,
"1638",-119.625,35.875,-119.375,35.625,"53","22",0,0,
"1639",-119.625,35.625,-119.375,35.375,"54","22",0,0,
"1640",-119.625,35.375,-119.375,35.125,"55","22",0,0,
"1641",-119.625,35.125,-119.375,34.875,"56","22",19,69.7501727342606,3.67106172285582
"1642",-119.625,34.875,-119.375,34.625,"57","22",0,0,
"1643",-119.625,34.625,-119.375,34.375,"58","22",5646,50246.0022367612,8.89939819992227
"1644",-119.625,34.375,-119.375,34.125,"59","22",97,243.484305799007,2.51014748246399
"1645",-119.625,34.125,-119.375,33.875,"60","22",138,1807.49415779114,13.0977837521097
"1646",-119.625,33.875,-119.375,33.625,"61","22",0,0,
"1647",-119.625,33.625,-119.375,33.375,"62","22",0,0,
"1648",-119.625,33.375,-119.375,33.125,"63","22",0,0,
"1649",-119.625,33.125,-119.375,32.875,"64","22",0,0,
"1650",-119.625,32.875,-119.375,32.625,"65","22",0,0,
"1651",-119.625,32.625,-119.375,32.375,"66","22",0,0,
"1652",-119.625,32.375,-119.375,32.125,"67","22",0,0,
"1653",-119.625,32.125,-119.375,31.875,"68","22",0,0,
"1654",-119.625,31.875,-119.375,31.625,"69","22",0,0,
"1655",-119.625,31.625,-119.375,31.375,"70","22",0,0,
"1656",-119.625,31.375,-119.375,31.125,"71","22",0,0,
"1657",-119.375,49.125,-119.125,48.875,"0","23",125157,2454891.65383504,19.6144974219184
"1658",-119.375,48.875,-119.125,48.625,"1","23",261999,4237111.9922348,16.1722449025943
"1659",-119.375,48.625,-119.125,48.375,"2","23",367282,6463211.02014802,17.5974074965504
"1660",-119.375,48.375,-119.125,48.125,"3","23",195682,2469171.31423153,12.6182853519053
"1661",-119.375,48.125,-119.125,47.875,"4","23",44,59.4069231376052,1.35015734403648
"1662",-119.375,47.875,-119.125,47.625,"5","23",8,83.5114772319794,10.4389346539974
"1663",-119.375,47.625,-119.125,47.375,"6","23",0,0,
"1664",-119.375,47.375,-119.125,47.125,"7","23",0,0,
"1665",-119.375,47.125,-119.125,46.875,"8","23",0,0,
"1666",-119.375,46.875,-119.125,46.625,"9","23",0,0,
"1667",-119.375,46.625,-119.125,46.375,"10","23",0,0,
"1668",-119.375,46.375,-119.125,46.125,"11","23",4,4.80310100317001,1.2007752507925
"1669",-119.375,46.125,-119.125,45.875,"12","23",8,36.2223834991455,4.52779793739319
"1670",-119.375,45.875,-119.125,45.625,"13","23",0,0,
"1671",-119.375,45.625,-119.125,45.375,"14","23",86,203.705750852823,2.36867152154446
"1672",-119.375,45.375,-119.125,45.125,"15","23",278950,2597680.64160764,9.31235218357283
"1673",-119.375,45.125,-119.125,44.875,"16","23",278086,2691762.67722495,9.67960514813746
"1674",-119.375,44.875,-119.125,44.625,"17","23",119071,919299.238892759,7.72059728139311
"1675",-119.375,44.625,-119.125,44.375,"18","23",205413,1901692.50979376,9.25789755173119
"1676",-119.375,44.375,-119.125,44.125,"19","23",515924,5558528.54139162,10.7739289922384
"1677",-119.375,44.125,-119.125,43.875,"20","23",440602,3945019.00570996,8.95370199343163
"1678",-119.375,43.875,-119.125,43.625,"21","23",158042,784025.469628571,4.96086780494154
"1679",-119.375,43.625,-119.125,43.375,"22","23",8180,24464.1514066199,2.99072755582151
"1680",-119.375,43.375,-119.125,43.125,"23","23",292,1401.11714074016,4.79834637239779
"1681",-119.375,43.125,-119.125,42.875,"24","23",0,0,
"1682",-119.375,42.875,-119.125,42.625,"25","23",0,0,
"1683",-119.375,42.625,-119.125,42.375,"26","23",3,4.61272573471069,1.53757524490356
"1684",-119.375,42.375,-119.125,42.125,"27","23",8,48.6361079216003,6.07951349020004
"1685",-119.375,42.125,-119.125,41.875,"28","23",7,26.3002908229828,3.75718440328326
"1686",-119.375,41.875,-119.125,41.625,"29","23",55,269.981329916976,4.90875145303593
"1687",-119.375,41.625,-119.125,41.375,"30","23",24,112.502072807401,4.68758636697506
"1688",-119.375,41.375,-119.125,41.125,"31","23",29,91.204507574439,3.14498301980824
"1689",-119.375,41.125,-119.125,40.875,"32","23",46,133.276392375119,2.89731287771998
"1690",-119.375,40.875,-119.125,40.625,"33","23",6,11.572033058852,1.92867217647533
"1691",-119.375,40.625,-119.125,40.375,"34","23",15,14.2463326919824,0.949755512798826
"1692",-119.375,40.375,-119.125,40.125,"35","23",0,0,
"1693",-119.375,40.125,-119.125,39.875,"36","23",0,0,
"1694",-119.375,39.875,-119.125,39.625,"37","23",5,0.145072620362043,0.0290145240724087
"1695",-119.375,39.625,-119.125,39.375,"38","23",145,178.879795284942,1.23365376058581
"1696",-119.375,39.375,-119.125,39.125,"39","23",7,9.51591330952942,1.35941618707563
"1697",-119.375,39.125,-119.125,38.875,"40","23",59,6.54476346960291,0.110928194400049
"1698",-119.375,38.875,-119.125,38.625,"41","23",4435,6752.57226202264,1.52256420789688
"1699",-119.375,38.625,-119.125,38.375,"42","23",43474,61138.2318891914,1.40631715253235
"1700",-119.375,38.375,-119.125,38.125,"43","23",21895,23148.2069057213,1.0572371274593
"1701",-119.375,38.125,-119.125,37.875,"44","23",41509,54867.8643071495,1.32183055017344
"1702",-119.375,37.875,-119.125,37.625,"45","23",35584,55828.8670679666,1.56893174089385
"1703",-119.375,37.625,-119.125,37.375,"46","23",116515,751457.524025481,6.44944877505455
"1704",-119.375,37.375,-119.125,37.125,"47","23",185129,1507351.90589755,8.14217062641481
"1705",-119.375,37.125,-119.125,36.875,"48","23",275653,2991738.26839573,10.8532766499756
"1706",-119.375,36.875,-119.125,36.625,"49","23",47896,329826.425248292,6.88630418507374
"1707",-119.375,36.625,-119.125,36.375,"50","23",203,147.329408505233,0.725760633030704
"1708",-119.375,36.375,-119.125,36.125,"51","23",0,0,
"1709",-119.375,36.125,-119.125,35.875,"52","23",0,0,
"1710",-119.375,35.875,-119.125,35.625,"53","23",0,0,
"1711",-119.375,35.625,-119.125,35.375,"54","23",0,0,
"1712",-119.375,35.375,-119.125,35.125,"55","23",0,0,
"1713",-119.375,35.125,-119.125,34.875,"56","23",11411,56802.5264462259,4.97787454615949
"1714",-119.375,34.875,-119.125,34.625,"57","23",7107,17766.3279808012,2.49983508946127
"1715",-119.375,34.625,-119.125,34.375,"58","23",1889,16427.7435432971,8.69652913885498
"1716",-119.375,34.375,-119.125,34.125,"59","23",524,2024.24386142194,3.86306080424035
"1717",-119.375,34.125,-119.125,33.875,"60","23",11,662.969787597656,60.269980690696
"1718",-119.375,33.875,-119.125,33.625,"61","23",0,0,
"1719",-119.375,33.625,-119.125,33.375,"62","23",0,0,
"1720",-119.375,33.375,-119.125,33.125,"63","23",0,0,
"1721",-119.375,33.125,-119.125,32.875,"64","23",0,0,
"1722",-119.375,32.875,-119.125,32.625,"65","23",0,0,
"1723",-119.375,32.625,-119.125,32.375,"66","23",0,0,
"1724",-119.375,32.375,-119.125,32.125,"67","23",0,0,
"1725",-119.375,32.125,-119.125,31.875,"68","23",0,0,
"1726",-119.375,31.875,-119.125,31.625,"69","23",0,0,
"1727",-119.375,31.625,-119.125,31.375,"70","23",0,0,
"1728",-119.375,31.375,-119.125,31.125,"71","23",0,0,
"1729",-119.125,49.125,-118.875,48.875,"0","24",189748,4626239.89307475,24.3809678788432
"1730",-119.125,48.875,-118.875,48.625,"1","24",455030,9965750.60940429,21.9013045500391
"1731",-119.125,48.625,-118.875,48.375,"2","24",428739,8021435.82574432,18.7093682304253
"1732",-119.125,48.375,-118.875,48.125,"3","24",303828,3983530.10342798,13.1111355879905
"1733",-119.125,48.125,-118.875,47.875,"4","24",5813,57606.483978495,9.90994047453897
"1734",-119.125,47.875,-118.875,47.625,"5","24",62,343.149200618267,5.53466452610108
"1735",-119.125,47.625,-118.875,47.375,"6","24",2,8.96920418739319,4.48460209369659
"1736",-119.125,47.375,-118.875,47.125,"7","24",0,0,
"1737",-119.125,47.125,-118.875,46.875,"8","24",0,0,
"1738",-119.125,46.875,-118.875,46.625,"9","24",0,0,
"1739",-119.125,46.625,-118.875,46.375,"10","24",0,0,
"1740",-119.125,46.375,-118.875,46.125,"11","24",0,0,
"1741",-119.125,46.125,-118.875,45.875,"12","24",0,0,
"1742",-119.125,45.875,-118.875,45.625,"13","24",0,0,
"1743",-119.125,45.625,-118.875,45.375,"14","24",32,211.000457823277,6.59376430697739
"1744",-119.125,45.375,-118.875,45.125,"15","24",190118,1505825.77833508,7.92047979852031
"1745",-119.125,45.125,-118.875,44.875,"16","24",327799,3106099.10748443,9.47562105889411
"1746",-119.125,44.875,-118.875,44.625,"17","24",246386,2554126.52390129,10.3663622279728
"1747",-119.125,44.625,-118.875,44.375,"18","24",288346,2779173.24060779,9.63832770563069
"1748",-119.125,44.375,-118.875,44.125,"19","24",326419,2821665.52240901,8.6443053940151
"1749",-119.125,44.125,-118.875,43.875,"20","24",350568,3075940.49323976,8.77416219746172
"1750",-119.125,43.875,-118.875,43.625,"21","24",192385,1263712.25212301,6.56866310847007
"1751",-119.125,43.625,-118.875,43.375,"22","24",370,1211.89893189631,3.27540251863869
"1752",-119.125,43.375,-118.875,43.125,"23","24",184,775.234916478395,4.21323324173041
"1753",-119.125,43.125,-118.875,42.875,"24","24",79,96.4598226509988,1.22101041330378
"1754",-119.125,42.875,-118.875,42.625,"25","24",371,520.589000917971,1.40320485422634
"1755",-119.125,42.625,-118.875,42.375,"26","24",659,3335.61216060728,5.06162695084564
"1756",-119.125,42.375,-118.875,42.125,"27","24",0,0,
"1757",-119.125,42.125,-118.875,41.875,"28","24",12,15.4001787900925,1.28334823250771
"1758",-119.125,41.875,-118.875,41.625,"29","24",153,1136.02865475416,7.4250238872821
"1759",-119.125,41.625,-118.875,41.375,"30","24",3810,35016.8813843005,9.19078251556443
"1760",-119.125,41.375,-118.875,41.125,"31","24",276,1679.88791435212,6.08655041431927
"1761",-119.125,41.125,-118.875,40.875,"32","24",6,0.158497783355415,0.0264162972259025
"1762",-119.125,40.875,-118.875,40.625,"33","24",0,0,
"1763",-119.125,40.625,-118.875,40.375,"34","24",9,16.983067035675,1.88700744840834
"1764",-119.125,40.375,-118.875,40.125,"35","24",3,3.09443628787994,1.03147876262665
"1765",-119.125,40.125,-118.875,39.875,"36","24",0,0,
"1766",-119.125,39.875,-118.875,39.625,"37","24",12,0.443726979196072,0.0369772482663393
"1767",-119.125,39.625,-118.875,39.375,"38","24",11,0.358250874560326,0.032568261323666
"1768",-119.125,39.375,-118.875,39.125,"39","24",0,0,
"1769",-119.125,39.125,-118.875,38.875,"40","24",401,504.420777209103,1.25790717508505
"1770",-119.125,38.875,-118.875,38.625,"41","24",873,704.656710905023,0.807166908253176
"1771",-119.125,38.625,-118.875,38.375,"42","24",2258,1961.82719633891,0.868834010778969
"1772",-119.125,38.375,-118.875,38.125,"43","24",3820,1412.60595041513,0.369792133616527
"1773",-119.125,38.125,-118.875,37.875,"44","24",3464,2474.26012049266,0.714278325777327
"1774",-119.125,37.875,-118.875,37.625,"45","24",36648,39090.4019811272,1.06664489143002
"1775",-119.125,37.625,-118.875,37.375,"46","24",57014,123683.060539094,2.16934543338643
"1776",-119.125,37.375,-118.875,37.125,"47","24",96093,260985.024196446,2.71596291297437
"1777",-119.125,37.125,-118.875,36.875,"48","24",193458,1749324.25468473,9.04239811579115
"1778",-119.125,36.875,-118.875,36.625,"49","24",286117,3770956.66258458,13.1797714312137
"1779",-119.125,36.625,-118.875,36.375,"50","24",77180,807361.22788448,10.4607570340047
"1780",-119.125,36.375,-118.875,36.125,"51","24",2770,10897.9010009945,3.93426028916769
"1781",-119.125,36.125,-118.875,35.875,"52","24",82,99.6806289190426,1.21561742584198
"1782",-119.125,35.875,-118.875,35.625,"53","24",6,5.3226860165596,0.887114336093267
"1783",-119.125,35.625,-118.875,35.375,"54","24",0,0,
"1784",-119.125,35.375,-118.875,35.125,"55","24",0,0,
"1785",-119.125,35.125,-118.875,34.875,"56","24",8590,28693.7871561031,3.34037103097824
"1786",-119.125,34.875,-118.875,34.625,"57","24",32880,117625.57886021,3.57742028163656
"1787",-119.125,34.625,-118.875,34.375,"58","24",446,2593.84508159989,5.81579614708497
"1788",-119.125,34.375,-118.875,34.125,"59","24",895,7388.11846525967,8.25488096677058
"1789",-119.125,34.125,-118.875,33.875,"60","24",2228,18530.0832646582,8.31691349401177
"1790",-119.125,33.875,-118.875,33.625,"61","24",0,0,
"1791",-119.125,33.625,-118.875,33.375,"62","24",0,0,
"1792",-119.125,33.375,-118.875,33.125,"63","24",0,0,
"1793",-119.125,33.125,-118.875,32.875,"64","24",0,0,
"1794",-119.125,32.875,-118.875,32.625,"65","24",0,0,
"1795",-119.125,32.625,-118.875,32.375,"66","24",0,0,
"1796",-119.125,32.375,-118.875,32.125,"67","24",0,0,
"1797",-119.125,32.125,-118.875,31.875,"68","24",0,0,
"1798",-119.125,31.875,-118.875,31.625,"69","24",0,0,
"1799",-119.125,31.625,-118.875,31.375,"70","24",0,0,
"1800",-119.125,31.375,-118.875,31.125,"71","24",0,0,
"1801",-118.875,49.125,-118.625,48.875,"0","25",213593,5453519.67845969,25.5322959013624
"1802",-118.875,48.875,-118.625,48.625,"1","25",435900,9126080.53704788,20.936179254526
"1803",-118.875,48.625,-118.625,48.375,"2","25",471842,10300677.5816069,21.8307772127257
"1804",-118.875,48.375,-118.625,48.125,"3","25",421482,6905445.71145163,16.3837262598442
"1805",-118.875,48.125,-118.625,47.875,"4","25",212606,2782561.70091944,13.087879462101
"1806",-118.875,47.875,-118.625,47.625,"5","25",297,4908.4934450984,16.5269139565603
"1807",-118.875,47.625,-118.625,47.375,"6","25",14,56.8004622459412,4.05717587471008
"1808",-118.875,47.375,-118.625,47.125,"7","25",2,5.96619951725006,2.98309975862503
"1809",-118.875,47.125,-118.625,46.875,"8","25",1,0.366718500852585,0.366718500852585
"1810",-118.875,46.875,-118.625,46.625,"9","25",0,0,
"1811",-118.875,46.625,-118.625,46.375,"10","25",0,0,
"1812",-118.875,46.375,-118.625,46.125,"11","25",2,4.39749598503113,2.19874799251556
"1813",-118.875,46.125,-118.625,45.875,"12","25",4,12.2720044255257,3.06800110638142
"1814",-118.875,45.875,-118.625,45.625,"13","25",22,26.8543615490198,1.22065279768272
"1815",-118.875,45.625,-118.625,45.375,"14","25",12795,206282.706583145,16.1221341604646
"1816",-118.875,45.375,-118.625,45.125,"15","25",430285,4065307.65054277,9.44794183051412
"1817",-118.875,45.125,-118.625,44.875,"16","25",540026,5789499.2584767,10.7207787374621
"1818",-118.875,44.875,-118.625,44.625,"17","25",505869,4715484.55798374,9.32155273002248
"1819",-118.875,44.625,-118.625,44.375,"18","25",305375,3465317.802027,11.347745565377
"1820",-118.875,44.375,-118.625,44.125,"19","25",487650,5127511.01346968,10.5147360062949
"1821",-118.875,44.125,-118.625,43.875,"20","25",423692,4288604.60652911,10.1219862695758
"1822",-118.875,43.875,-118.625,43.625,"21","25",259712,1881763.42454007,7.24557750331163
"1823",-118.875,43.625,-118.625,43.375,"22","25",5,19.9342979192734,3.98685958385468
"1824",-118.875,43.375,-118.625,43.125,"23","25",38,149.953372947872,3.94614139336504
"1825",-118.875,43.125,-118.625,42.875,"24","25",1073,2117.79433845426,1.97371326976166
"1826",-118.875,42.875,-118.625,42.625,"25","25",20653,119702.217447618,5.79587553612638
"1827",-118.875,42.625,-118.625,42.375,"26","25",4460,15454.3598776862,3.46510311158884
"1828",-118.875,42.375,-118.625,42.125,"27","25",175,852.935204915702,4.87391545666116
"1829",-118.875,42.125,-118.625,41.875,"28","25",577,3537.72628679127,6.13124139825176
"1830",-118.875,41.875,-118.625,41.625,"29","25",10191,75425.9428075925,7.40123077299504
"1831",-118.875,41.625,-118.625,41.375,"30","25",51,365.727070923895,7.17111903772342
"1832",-118.875,41.375,-118.625,41.125,"31","25",0,0,
"1833",-118.875,41.125,-118.625,40.875,"32","25",0,0,
"1834",-118.875,40.875,-118.625,40.625,"33","25",0,0,
"1835",-118.875,40.625,-118.625,40.375,"34","25",311,424.380671977997,1.36456807709967
"1836",-118.875,40.375,-118.625,40.125,"35","25",4,4.76973074674606,1.19243268668652
"1837",-118.875,40.125,-118.625,39.875,"36","25",0,0,
"1838",-118.875,39.875,-118.625,39.625,"37","25",0,0,
"1839",-118.875,39.625,-118.625,39.375,"38","25",37,6.53923378139734,0.176736048145874
"1840",-118.875,39.375,-118.625,39.125,"39","25",8,1.41662481799722,0.177078102249652
"1841",-118.875,39.125,-118.625,38.875,"40","25",280,263.174374038586,0.939908478709237
"1842",-118.875,38.875,-118.625,38.625,"41","25",1332,767.452642604243,0.576165647600783
"1843",-118.875,38.625,-118.625,38.375,"42","25",13309,16031.022980698,1.20452498164385
"1844",-118.875,38.375,-118.625,38.125,"43","25",4182,6659.59526573168,1.59244267473259
"1845",-118.875,38.125,-118.625,37.875,"44","25",421,618.765434968285,1.46975162700305
"1846",-118.875,37.875,-118.625,37.625,"45","25",7835,8595.20229211397,1.09702645719387
"1847",-118.875,37.625,-118.625,37.375,"46","25",39540,42607.8138999981,1.07758760495696
"1848",-118.875,37.375,-118.625,37.125,"47","25",25336,38249.4603744862,1.50968820549756
"1849",-118.875,37.125,-118.625,36.875,"48","25",72661,430673.405162029,5.92716044593425
"1850",-118.875,36.875,-118.625,36.625,"49","25",185921,1840926.46554794,9.90165965946794
"1851",-118.875,36.625,-118.625,36.375,"50","25",367644,4710298.74009795,12.8121191698979
"1852",-118.875,36.375,-118.625,36.125,"51","25",305322,3102807.33596443,10.1624099670657
"1853",-118.875,36.125,-118.625,35.875,"52","25",193083,2157014.01160536,11.1714341066037
"1854",-118.875,35.875,-118.625,35.625,"53","25",42971,400804.076439476,9.32731554861362
"1855",-118.875,35.625,-118.625,35.375,"54","25",14956,77674.7552733892,5.19355143577087
"1856",-118.875,35.375,-118.625,35.125,"55","25",13438,103670.949802948,7.71476036634531
"1857",-118.875,35.125,-118.625,34.875,"56","25",40335,274121.401657667,6.79611755690262
"1858",-118.875,34.875,-118.625,34.625,"57","25",11240,99020.011002542,8.80960951979911
"1859",-118.875,34.625,-118.625,34.375,"58","25",15,91.2931894883513,6.08621263255676
"1860",-118.875,34.375,-118.625,34.125,"59","25",262,2535.60326717794,9.67787506556465
"1861",-118.875,34.125,-118.625,33.875,"60","25",3267,32049.6209445149,9.81010742103302
"1862",-118.875,33.875,-118.625,33.625,"61","25",0,0,
"1863",-118.875,33.625,-118.625,33.375,"62","25",0,0,
"1864",-118.875,33.375,-118.625,33.125,"63","25",0,0,
"1865",-118.875,33.125,-118.625,32.875,"64","25",0,0,
"1866",-118.875,32.875,-118.625,32.625,"65","25",0,0,
"1867",-118.875,32.625,-118.625,32.375,"66","25",0,0,
"1868",-118.875,32.375,-118.625,32.125,"67","25",0,0,
"1869",-118.875,32.125,-118.625,31.875,"68","25",0,0,
"1870",-118.875,31.875,-118.625,31.625,"69","25",0,0,
"1871",-118.875,31.625,-118.625,31.375,"70","25",0,0,
"1872",-118.875,31.375,-118.625,31.125,"71","25",0,0,
"1873",-118.625,49.125,-118.375,48.875,"0","26",208297,4708427.30710904,22.6043932803115
"1874",-118.625,48.875,-118.375,48.625,"1","26",444171,7855439.46071639,17.6856198642334
"1875",-118.625,48.625,-118.375,48.375,"2","26",510866,9594951.79465621,18.7817388408236
"1876",-118.625,48.375,-118.375,48.125,"3","26",532030,11373016.3906026,21.3766449083748
"1877",-118.625,48.125,-118.375,47.875,"4","26",422577,6829140.65864984,16.1607012654495
"1878",-118.625,47.875,-118.375,47.625,"5","26",16701,136569.536046242,8.1773268694235
"1879",-118.625,47.625,-118.375,47.375,"6","26",368,1433.57349892333,3.89558016011775
"1880",-118.625,47.375,-118.375,47.125,"7","26",19,98.3549277186394,5.17657514308628
"1881",-118.625,47.125,-118.375,46.875,"8","26",4,16.3420103192329,4.08550257980824
"1882",-118.625,46.875,-118.375,46.625,"9","26",0,0,
"1883",-118.625,46.625,-118.375,46.375,"10","26",0,0,
"1884",-118.625,46.375,-118.375,46.125,"11","26",0,0,
"1885",-118.625,46.125,-118.375,45.875,"12","26",4,1.84642535448074,0.461606338620186
"1886",-118.625,45.875,-118.375,45.625,"13","26",16183,230286.024796284,14.2301195573308
"1887",-118.625,45.625,-118.375,45.375,"14","26",344690,4005872.21045179,11.6216664552258
"1888",-118.625,45.375,-118.375,45.125,"15","26",437608,4117044.50029677,9.40806498120868
"1889",-118.625,45.125,-118.375,44.875,"16","26",571962,6110331.69399155,10.6831077833694
"1890",-118.625,44.875,-118.375,44.625,"17","26",571781,6296792.76883903,11.0125953273002
"1891",-118.625,44.625,-118.375,44.375,"18","26",527010,6156437.30529697,11.6818225561127
"1892",-118.625,44.375,-118.375,44.125,"19","26",532440,6080810.41374753,11.420649113041
"1893",-118.625,44.125,-118.375,43.875,"20","26",276302,2653265.12036985,9.60277204062892
"1894",-118.625,43.875,-118.375,43.625,"21","26",2777,16243.2749867043,5.84921677591082
"1895",-118.625,43.625,-118.375,43.375,"22","26",8239,23856.2690253748,2.89552967901138
"1896",-118.625,43.375,-118.375,43.125,"23","26",8,9.42529910802841,1.17816238850355
"1897",-118.625,43.125,-118.375,42.875,"24","26",3555,9628.98720600514,2.70857586666811
"1898",-118.625,42.875,-118.375,42.625,"25","26",21318,143271.874110648,6.72069960177538
"1899",-118.625,42.625,-118.375,42.375,"26","26",5799,46040.7071044293,7.93942181486969
"1900",-118.625,42.375,-118.375,42.125,"27","26",22,103.204439759254,4.69111089814793
"1901",-118.625,42.125,-118.375,41.875,"28","26",913,7854.6367835179,8.60310710133395
"1902",-118.625,41.875,-118.375,41.625,"29","26",215,1212.13324353658,5.63782903970501
"1903",-118.625,41.625,-118.375,41.375,"30","26",5,13.6892793178558,2.73785586357117
"1904",-118.625,41.375,-118.375,41.125,"31","26",3839,5453.50198682491,1.42055274467958
"1905",-118.625,41.125,-118.375,40.875,"32","26",41,46.882397338748,1.14347310582312
"1906",-118.625,40.875,-118.375,40.625,"33","26",136,125.774893343449,0.92481539223124
"1907",-118.625,40.625,-118.375,40.375,"34","26",0,0,
"1908",-118.625,40.375,-118.375,40.125,"35","26",6,3.66977228224277,0.611628713707129
"1909",-118.625,40.125,-118.375,39.875,"36","26",1,0.0254148654639721,0.0254148654639721
"1910",-118.625,39.875,-118.375,39.625,"37","26",0,0,
"1911",-118.625,39.625,-118.375,39.375,"38","26",13,0.744961145799607,0.0573047035230467
"1912",-118.625,39.375,-118.375,39.125,"39","26",18,7.77302598580718,0.431834776989288
"1913",-118.625,39.125,-118.375,38.875,"40","26",0,0,
"1914",-118.625,38.875,-118.375,38.625,"41","26",48,16.6120611131191,0.346084606523315
"1915",-118.625,38.625,-118.375,38.375,"42","26",739,956.920006466564,1.29488498845272
"1916",-118.625,38.375,-118.375,38.125,"43","26",1282,1809.59410263831,1.41153986165235
"1917",-118.625,38.125,-118.375,37.875,"44","26",284,190.248852793593,0.669890326738003
"1918",-118.625,37.875,-118.375,37.625,"45","26",4223,5975.06533029443,1.41488641494066
"1919",-118.625,37.625,-118.375,37.375,"46","26",735,378.360560181551,0.514776272355851
"1920",-118.625,37.375,-118.375,37.125,"47","26",15515,11148.2567284501,0.718547001511445
"1921",-118.625,37.125,-118.375,36.875,"48","26",25202,33870.8056851318,1.34397292616189
"1922",-118.625,36.875,-118.375,36.625,"49","26",50821,171803.613404759,3.38056341679146
"1923",-118.625,36.625,-118.375,36.375,"50","26",55245,213676.178877198,3.86779217806495
"1924",-118.625,36.375,-118.375,36.125,"51","26",141630,528099.832703632,3.72872860766527
"1925",-118.625,36.125,-118.375,35.875,"52","26",162986,1319015.65601752,8.09281567752764
"1926",-118.625,35.875,-118.375,35.625,"53","26",107479,868192.903413921,8.07779104210051
"1927",-118.625,35.625,-118.375,35.375,"54","26",57626,252548.872407388,4.38255080011432
"1928",-118.625,35.375,-118.375,35.125,"55","26",24812,131989.049055023,5.31956509169043
"1929",-118.625,35.125,-118.375,34.875,"56","26",56310,311601.154434328,5.53367349377247
"1930",-118.625,34.875,-118.375,34.625,"57","26",0,0,
"1931",-118.625,34.625,-118.375,34.375,"58","26",0,0,
"1932",-118.625,34.375,-118.375,34.125,"59","26",192,3135.56684174761,16.3310773007688
"1933",-118.625,34.125,-118.375,33.875,"60","26",1413,17447.9131435454,12.3481338595509
"1934",-118.625,33.875,-118.375,33.625,"61","26",10,106.825294137001,10.6825294137001
"1935",-118.625,33.625,-118.375,33.375,"62","26",107,750.068000167608,7.00998130997765
"1936",-118.625,33.375,-118.375,33.125,"63","26",126,822.720652315766,6.52952898663306
"1937",-118.625,33.125,-118.375,32.875,"64","26",0,0,
"1938",-118.625,32.875,-118.375,32.625,"65","26",0,0,
"1939",-118.625,32.625,-118.375,32.375,"66","26",0,0,
"1940",-118.625,32.375,-118.375,32.125,"67","26",0,0,
"1941",-118.625,32.125,-118.375,31.875,"68","26",0,0,
"1942",-118.625,31.875,-118.375,31.625,"69","26",0,0,
"1943",-118.625,31.625,-118.375,31.375,"70","26",0,0,
"1944",-118.625,31.375,-118.375,31.125,"71","26",0,0,
"1945",-118.375,49.125,-118.125,48.875,"0","27",256372,5142561.25032474,20.0589816763326
"1946",-118.375,48.875,-118.125,48.625,"1","27",504065,10248821.7882872,20.3323416390489
"1947",-118.375,48.625,-118.125,48.375,"2","27",415197,7555937.07260026,18.1984385065409
"1948",-118.375,48.375,-118.125,48.125,"3","27",374322,5530765.24758838,14.7754212885921
"1949",-118.375,48.125,-118.125,47.875,"4","27",288461,3542230.69745238,12.2797560067128
"1950",-118.375,47.875,-118.125,47.625,"5","27",57904,640383.102614197,11.0593931786094
"1951",-118.375,47.625,-118.125,47.375,"6","27",123,591.635191619396,4.81004220828777
"1952",-118.375,47.375,-118.125,47.125,"7","27",22,68.6583622694016,3.12083464860916
"1953",-118.375,47.125,-118.125,46.875,"8","27",2,7.98915481567383,3.99457740783691
"1954",-118.375,46.875,-118.125,46.625,"9","27",0,0,
"1955",-118.375,46.625,-118.125,46.375,"10","27",55,36.3606135174632,0.661102063953876
"1956",-118.375,46.375,-118.125,46.125,"11","27",76,60.4245109651238,0.79505935480426
"1957",-118.375,46.125,-118.125,45.875,"12","27",59802,708791.478294036,11.8523039077963
"1958",-118.375,45.875,-118.125,45.625,"13","27",332115,4639077.87027679,13.9682877023826
"1959",-118.375,45.625,-118.125,45.375,"14","27",491808,6499934.95807285,13.2164075372358
"1960",-118.375,45.375,-118.125,45.125,"15","27",423403,4662948.20568595,11.0130259012949
"1961",-118.375,45.125,-118.125,44.875,"16","27",547783,5641104.96505042,10.2980650459222
"1962",-118.375,44.875,-118.125,44.625,"17","27",531233,6060028.46936783,11.4074774522061
"1963",-118.375,44.625,-118.125,44.375,"18","27",336937,3515304.85589121,10.4331220848147
"1964",-118.375,44.375,-118.125,44.125,"19","27",301391,3365925.22349432,11.1679685972518
"1965",-118.375,44.125,-118.125,43.875,"20","27",78829,743556.03963221,9.43251899215023
"1966",-118.375,43.875,-118.125,43.625,"21","27",290,766.533482911997,2.64321890659309
"1967",-118.375,43.625,-118.125,43.375,"22","27",138,267.730484493077,1.94007597458751
"1968",-118.375,43.375,-118.125,43.125,"23","27",128,112.5680138506,0.879437608207809
"1969",-118.375,43.125,-118.125,42.875,"24","27",811,380.135093072437,0.468723912543078
"1970",-118.375,42.875,-118.125,42.625,"25","27",0,0,
"1971",-118.375,42.625,-118.125,42.375,"26","27",0,0,
"1972",-118.375,42.375,-118.125,42.125,"27","27",228,1582.56291759014,6.94106542802694
"1973",-118.375,42.125,-118.125,41.875,"28","27",1996,17173.5711970618,8.6039935857023
"1974",-118.375,41.875,-118.125,41.625,"29","27",146,794.988496178761,5.4451266861559
"1975",-118.375,41.625,-118.125,41.375,"30","27",0,0,
"1976",-118.375,41.375,-118.125,41.125,"31","27",9,6.91177402436733,0.76797489159637
"1977",-118.375,41.125,-118.125,40.875,"32","27",0,0,
"1978",-118.375,40.875,-118.125,40.625,"33","27",118,135.166329741478,1.14547737069049
"1979",-118.375,40.625,-118.125,40.375,"34","27",6377,11272.1160067898,1.76762051227691
"1980",-118.375,40.375,-118.125,40.125,"35","27",1736,2619.44325269014,1.50889588288602
"1981",-118.375,40.125,-118.125,39.875,"36","27",58,17.7867308594286,0.306667773438425
"1982",-118.375,39.875,-118.125,39.625,"37","27",1988,1597.95093229506,0.803798255681621
"1983",-118.375,39.625,-118.125,39.375,"38","27",2315,3012.73051165231,1.30139546939624
"1984",-118.375,39.375,-118.125,39.125,"39","27",1411,2154.58232077397,1.52698959657971
"1985",-118.375,39.125,-118.125,38.875,"40","27",43,58.3280999064445,1.35646743968476
"1986",-118.375,38.875,-118.125,38.625,"41","27",912,266.7453558743,0.292483942844627
"1987",-118.375,38.625,-118.125,38.375,"42","27",2,0.561546683311462,0.280773341655731
"1988",-118.375,38.375,-118.125,38.125,"43","27",542,816.102840452921,1.50572479788362
"1989",-118.375,38.125,-118.125,37.875,"44","27",1877,2480.61830616067,1.32158673743243
"1990",-118.375,37.875,-118.125,37.625,"45","27",21617,28610.6661453564,1.32352621295075
"1991",-118.375,37.625,-118.125,37.375,"46","27",20574,23317.8963637012,1.13336718011574
"1992",-118.375,37.375,-118.125,37.125,"47","27",202,131.819178990554,0.652570193022545
"1993",-118.375,37.125,-118.125,36.875,"48","27",4219,2570.61461723356,0.609294765876643
"1994",-118.375,36.875,-118.125,36.625,"49","27",13683,12353.5137297726,0.902836638878359
"1995",-118.375,36.625,-118.125,36.375,"50","27",41358,39456.1407938604,0.954014720099145
"1996",-118.375,36.375,-118.125,36.125,"51","27",74301,114475.744859989,1.54070261315446
"1997",-118.375,36.125,-118.125,35.875,"52","27",42370,38998.6684455266,0.920431164633624
"1998",-118.375,35.875,-118.125,35.625,"53","27",23062,23763.4324484095,1.0304150745126
"1999",-118.375,35.625,-118.125,35.375,"54","27",35988,67151.4149998082,1.86593906301568
"2000",-118.375,35.375,-118.125,35.125,"55","27",32761,131591.693111421,4.01671783863193
"2001",-118.375,35.125,-118.125,34.875,"56","27",56,168.86189053813,3.01539090246661
"2002",-118.375,34.875,-118.125,34.625,"57","27",0,0,
"2003",-118.375,34.625,-118.125,34.375,"58","27",0,0,
"2004",-118.375,34.375,-118.125,34.125,"59","27",262,3507.12938821316,13.3859900313479
"2005",-118.375,34.125,-118.125,33.875,"60","27",6,282.687105178833,47.1145175298055
"2006",-118.375,33.875,-118.125,33.625,"61","27",95,1069.95424016565,11.26267621227
"2007",-118.375,33.625,-118.125,33.375,"62","27",0,0,
"2008",-118.375,33.375,-118.125,33.125,"63","27",147,492.711665183306,3.35178003526058
"2009",-118.375,33.125,-118.125,32.875,"64","27",0,0,
"2010",-118.375,32.875,-118.125,32.625,"65","27",0,0,
"2011",-118.375,32.625,-118.125,32.375,"66","27",0,0,
"2012",-118.375,32.375,-118.125,32.125,"67","27",0,0,
"2013",-118.375,32.125,-118.125,31.875,"68","27",0,0,
"2014",-118.375,31.875,-118.125,31.625,"69","27",0,0,
"2015",-118.375,31.625,-118.125,31.375,"70","27",0,0,
"2016",-118.375,31.375,-118.125,31.125,"71","27",0,0,
"2017",-118.125,49.125,-117.875,48.875,"0","28",263555,5928714.60986745,22.4951703055053
"2018",-118.125,48.875,-117.875,48.625,"1","28",365500,5894017.96248514,16.1259041381262
"2019",-118.125,48.625,-117.875,48.375,"2","28",379126,5701698.9274687,15.0390607013729
"2020",-118.125,48.375,-117.875,48.125,"3","28",436604,7192418.77261492,16.4735521722543
"2021",-118.125,48.125,-117.875,47.875,"4","28",481374,7818226.56452795,16.241480770727
"2022",-118.125,47.875,-117.875,47.625,"5","28",85670,951991.007409955,11.1123031097228
"2023",-118.125,47.625,-117.875,47.375,"6","28",848,6086.60233797505,7.1775970966687
"2024",-118.125,47.375,-117.875,47.125,"7","28",497,1386.59884656593,2.78993731703407
"2025",-118.125,47.125,-117.875,46.875,"8","28",29,196.795355424285,6.78604673876845
"2026",-118.125,46.875,-117.875,46.625,"9","28",12,48.8469319865108,4.07057766554256
"2027",-118.125,46.625,-117.875,46.375,"10","28",142,80.6236819699407,0.567772408239019
"2028",-118.125,46.375,-117.875,46.125,"11","28",89032,1144732.39915769,12.8575388529708
"2029",-118.125,46.125,-117.875,45.875,"12","28",468087,6989796.68250559,14.9326870485734
"2030",-118.125,45.875,-117.875,45.625,"13","28",525988,6001655.0507128,11.4102509006152
"2031",-118.125,45.625,-117.875,45.375,"14","28",239012,2854382.53588626,11.9424235431119
"2032",-118.125,45.375,-117.875,45.125,"15","28",176498,1946507.55428474,11.0284963811756
"2033",-118.125,45.125,-117.875,44.875,"16","28",178587,2152524.11529201,12.053084016709
"2034",-118.125,44.875,-117.875,44.625,"17","28",358161,4409473.96153805,12.3114296686073
"2035",-118.125,44.625,-117.875,44.375,"18","28",169253,1759568.72250571,10.3960858744348
"2036",-118.125,44.375,-117.875,44.125,"19","28",22130,237079.025834603,10.7130151755356
"2037",-118.125,44.125,-117.875,43.875,"20","28",2043,6454.23605292738,3.1591953269346
"2038",-118.125,43.875,-117.875,43.625,"21","28",882,1196.32696885196,1.35637978327887
"2039",-118.125,43.625,-117.875,43.375,"22","28",13,45.618149921298,3.50908845548446
"2040",-118.125,43.375,-117.875,43.125,"23","28",43,12.8935536165154,0.29985008410501
"2041",-118.125,43.125,-117.875,42.875,"24","28",0,0,
"2042",-118.125,42.875,-117.875,42.625,"25","28",0,0,
"2043",-118.125,42.625,-117.875,42.375,"26","28",1,6.71534633636475,6.71534633636475
"2044",-118.125,42.375,-117.875,42.125,"27","28",1509,11838.5969482863,7.84532600946737
"2045",-118.125,42.125,-117.875,41.875,"28","28",361,2424.23709510639,6.71533821359112
"2046",-118.125,41.875,-117.875,41.625,"29","28",122,917.197950080037,7.5180159842626
"2047",-118.125,41.625,-117.875,41.375,"30","28",15,1.84345346363261,0.122896897575508
"2048",-118.125,41.375,-117.875,41.125,"31","28",0,0,
"2049",-118.125,41.125,-117.875,40.875,"32","28",10,6.38220671191812,0.638220671191812
"2050",-118.125,40.875,-117.875,40.625,"33","28",249,333.267968028784,1.33842557441279
"2051",-118.125,40.625,-117.875,40.375,"34","28",425,424.387714674231,0.998559328645249
"2052",-118.125,40.375,-117.875,40.125,"35","28",425,649.659156746231,1.52860978057937
"2053",-118.125,40.125,-117.875,39.875,"36","28",2814,2495.28949449537,0.886741113893167
"2054",-118.125,39.875,-117.875,39.625,"37","28",1428,1633.37424967322,1.14381950257228
"2055",-118.125,39.625,-117.875,39.375,"38","28",31267,43421.8611948188,1.38874408145389
"2056",-118.125,39.375,-117.875,39.125,"39","28",883,955.766773670912,1.08240857720375
"2057",-118.125,39.125,-117.875,38.875,"40","28",0,0,
"2058",-118.125,38.875,-117.875,38.625,"41","28",9,2.52696007490158,0.280773341655731
"2059",-118.125,38.625,-117.875,38.375,"42","28",50,13.7064689397812,0.274129378795624
"2060",-118.125,38.375,-117.875,38.125,"43","28",73,20.282447129488,0.277841741499835
"2061",-118.125,38.125,-117.875,37.875,"44","28",1,0.0290145240724087,0.0290145240724087
"2062",-118.125,37.875,-117.875,37.625,"45","28",515,772.957800371572,1.50088893276033
"2063",-118.125,37.625,-117.875,37.375,"46","28",8936,12667.6614847416,1.41759864421907
"2064",-118.125,37.375,-117.875,37.125,"47","28",199,271.069629681762,1.36215894312443
"2065",-118.125,37.125,-117.875,36.875,"48","28",24006,41241.6274645803,1.71797165144465
"2066",-118.125,36.875,-117.875,36.625,"49","28",13604,18819.8026873837,1.38340213814935
"2067",-118.125,36.625,-117.875,36.375,"50","28",3746,1865.84480499687,0.498089910570441
"2068",-118.125,36.375,-117.875,36.125,"51","28",9849,6323.89367890073,0.642084849111659
"2069",-118.125,36.125,-117.875,35.875,"52","28",31856,13817.9903320469,0.433764136490674
"2070",-118.125,35.875,-117.875,35.625,"53","28",17603,17964.0549747424,1.02051099100962
"2071",-118.125,35.625,-117.875,35.375,"54","28",2433,1821.71334452819,0.748751888420959
"2072",-118.125,35.375,-117.875,35.125,"55","28",0,0,
"2073",-118.125,35.125,-117.875,34.875,"56","28",0,0,
"2074",-118.125,34.875,-117.875,34.625,"57","28",0,0,
"2075",-118.125,34.625,-117.875,34.375,"58","28",0,0,
"2076",-118.125,34.375,-117.875,34.125,"59","28",62,704.222876936197,11.3584334989709
"2077",-118.125,34.125,-117.875,33.875,"60","28",50,1692.48179015703,33.8496358031407
"2078",-118.125,33.875,-117.875,33.625,"61","28",0,0,
"2079",-118.125,33.625,-117.875,33.375,"62","28",0,0,
"2080",-118.125,33.375,-117.875,33.125,"63","28",0,0,
"2081",-118.125,33.125,-117.875,32.875,"64","28",0,0,
"2082",-118.125,32.875,-117.875,32.625,"65","28",0,0,
"2083",-118.125,32.625,-117.875,32.375,"66","28",0,0,
"2084",-118.125,32.375,-117.875,32.125,"67","28",0,0,
"2085",-118.125,32.125,-117.875,31.875,"68","28",0,0,
"2086",-118.125,31.875,-117.875,31.625,"69","28",0,0,
"2087",-118.125,31.625,-117.875,31.375,"70","28",0,0,
"2088",-118.125,31.375,-117.875,31.125,"71","28",0,0,
"2089",-117.875,49.125,-117.625,48.875,"0","29",210291,3203331.64967126,15.2328518561006
"2090",-117.875,48.875,-117.625,48.625,"1","29",512611,9364172.74894111,18.2676000884513
"2091",-117.875,48.625,-117.625,48.375,"2","29",459723,8898676.49673745,19.3566049484961
"2092",-117.875,48.375,-117.625,48.125,"3","29",383929,6186317.39916535,16.1131808203219
"2093",-117.875,48.125,-117.625,47.875,"4","29",435133,6111834.15435466,14.0458989650398
"2094",-117.875,47.875,-117.625,47.625,"5","29",102062,912227.062019741,8.9379696852868
"2095",-117.875,47.625,-117.625,47.375,"6","29",72431,560293.710378143,7.73555121947982
"2096",-117.875,47.375,-117.625,47.125,"7","29",9097,60970.6027037688,6.70227577264689
"2097",-117.875,47.125,-117.625,46.875,"8","29",131,300.72084824671,2.2955789942497
"2098",-117.875,46.875,-117.625,46.625,"9","29",70,28.3200821029022,0.404572601470032
"2099",-117.875,46.625,-117.625,46.375,"10","29",819,1320.6969328355,1.61257256756472
"2100",-117.875,46.375,-117.625,46.125,"11","29",275784,4002637.31907706,14.5136676495992
"2101",-117.875,46.125,-117.625,45.875,"12","29",514530,8584969.95621796,16.6850717280197
"2102",-117.875,45.875,-117.625,45.625,"13","29",422659,5536092.64205921,13.0982485693176
"2103",-117.875,45.625,-117.625,45.375,"14","29",363802,4665516.36833048,12.8243285312628
"2104",-117.875,45.375,-117.625,45.125,"15","29",322490,3254682.69202056,10.092352296259
"2105",-117.875,45.125,-117.625,44.875,"16","29",88519,960363.775671093,10.849238871554
"2106",-117.875,44.875,-117.625,44.625,"17","29",6482,38486.0609667995,5.9373744163529
"2107",-117.875,44.625,-117.625,44.375,"18","29",67644,584854.062664272,8.64605970469327
"2108",-117.875,44.375,-117.625,44.125,"19","29",644,2060.01289036137,3.19877778006423
"2109",-117.875,44.125,-117.625,43.875,"20","29",0,0,
"2110",-117.875,43.875,-117.625,43.625,"21","29",14,31.2099585607648,2.22928275434034
"2111",-117.875,43.625,-117.625,43.375,"22","29",6,20.2423447370529,3.37372412284215
"2112",-117.875,43.375,-117.625,43.125,"23","29",25,10.3449737234041,0.413798948936164
"2113",-117.875,43.125,-117.625,42.875,"24","29",0,0,
"2114",-117.875,42.875,-117.625,42.625,"25","29",1,0.243043765425682,0.243043765425682
"2115",-117.875,42.625,-117.625,42.375,"26","29",0,0,
"2116",-117.875,42.375,-117.625,42.125,"27","29",9,41.2021298799664,4.57801443110738
"2117",-117.875,42.125,-117.625,41.875,"28","29",23,101.902721077204,4.43055309031321
"2118",-117.875,41.875,-117.625,41.625,"29","29",595,4582.85751386732,7.70228153591146
"2119",-117.875,41.625,-117.625,41.375,"30","29",10416,70675.8998504598,6.78532064616549
"2120",-117.875,41.375,-117.625,41.125,"31","29",89,280.532197445631,3.15204716231046
"2121",-117.875,41.125,-117.625,40.875,"32","29",501,679.360773396445,1.35600952773742
"2122",-117.875,40.875,-117.625,40.625,"33","29",648,510.526969469385,0.787850261526829
"2123",-117.875,40.625,-117.625,40.375,"34","29",545,738.38338226825,1.35483189407018
"2124",-117.875,40.375,-117.625,40.125,"35","29",2243,2243.14622347476,1.00006519102753
"2125",-117.875,40.125,-117.625,39.875,"36","29",388,471.5476119183,1.21532889669665
"2126",-117.875,39.875,-117.625,39.625,"37","29",19572,17798.4540378194,0.909383508983213
"2127",-117.875,39.625,-117.625,39.375,"38","29",37498,48982.504792127,1.30626979551248
"2128",-117.875,39.375,-117.625,39.125,"39","29",44866,47656.580289474,1.06219810746387
"2129",-117.875,39.125,-117.625,38.875,"40","29",2998,3408.868280853,1.13704745859006
"2130",-117.875,38.875,-117.625,38.625,"41","29",224,299.375044618733,1.33649573490506
"2131",-117.875,38.625,-117.625,38.375,"42","29",76,21.122258991003,0.277924460407935
"2132",-117.875,38.375,-117.625,38.125,"43","29",1,0.280773341655731,0.280773341655731
"2133",-117.875,38.125,-117.625,37.875,"44","29",0,0,
"2134",-117.875,37.875,-117.625,37.625,"45","29",2338,3713.06915228721,1.58813907283456
"2135",-117.875,37.625,-117.625,37.375,"46","29",695,923.857686923351,1.32929163586094
"2136",-117.875,37.375,-117.625,37.125,"47","29",202,157.274869292043,0.778588461841798
"2137",-117.875,37.125,-117.625,36.875,"48","29",11,17.8876980543137,1.62615436857397
"2138",-117.875,36.875,-117.625,36.625,"49","29",449,589.568693323527,1.31307058646665
"2139",-117.875,36.625,-117.625,36.375,"50","29",1364,1941.87392372126,1.42366123439975
"2140",-117.875,36.375,-117.625,36.125,"51","29",2089,1945.69246683922,0.931398978860324
"2141",-117.875,36.125,-117.625,35.875,"52","29",51,1.47974072769284,0.0290145240724087
"2142",-117.875,35.875,-117.625,35.625,"53","29",0,0,
"2143",-117.875,35.625,-117.625,35.375,"54","29",0,0,
"2144",-117.875,35.375,-117.625,35.125,"55","29",0,0,
"2145",-117.875,35.125,-117.625,34.875,"56","29",0,0,
"2146",-117.875,34.875,-117.625,34.625,"57","29",0,0,
"2147",-117.875,34.625,-117.625,34.375,"58","29",0,0,
"2148",-117.875,34.375,-117.625,34.125,"59","29",33,280.927642509341,8.51295886391943
"2149",-117.875,34.125,-117.625,33.875,"60","29",5,155.879671096802,31.1759342193604
"2150",-117.875,33.875,-117.625,33.625,"61","29",1242,21632.2979070554,17.4173091039093
"2151",-117.875,33.625,-117.625,33.375,"62","29",251,2309.86903510988,9.20266547852541
"2152",-117.875,33.375,-117.625,33.125,"63","29",0,0,
"2153",-117.875,33.125,-117.625,32.875,"64","29",0,0,
"2154",-117.875,32.875,-117.625,32.625,"65","29",0,0,
"2155",-117.875,32.625,-117.625,32.375,"66","29",0,0,
"2156",-117.875,32.375,-117.625,32.125,"67","29",0,0,
"2157",-117.875,32.125,-117.625,31.875,"68","29",0,0,
"2158",-117.875,31.875,-117.625,31.625,"69","29",0,0,
"2159",-117.875,31.625,-117.625,31.375,"70","29",0,0,
"2160",-117.875,31.375,-117.625,31.125,"71","29",0,0,
"2161",-117.625,49.125,-117.375,48.875,"0","30",256275,4639883.87838126,18.1050975646523
"2162",-117.625,48.875,-117.375,48.625,"1","30",505127,9100693.15981944,18.0166436555944
"2163",-117.625,48.625,-117.375,48.375,"2","30",550293,10486861.6023729,19.0568689813843
"2164",-117.625,48.375,-117.375,48.125,"3","30",531046,9684223.86146969,18.2361299425468
"2165",-117.625,48.125,-117.375,47.875,"4","30",309672,4579197.459687,14.787250573791
"2166",-117.625,47.875,-117.375,47.625,"5","30",172753,1827380.46025295,10.577995521079
"2167",-117.625,47.625,-117.375,47.375,"6","30",117473,1109078.47120402,9.4411351647104
"2168",-117.625,47.375,-117.375,47.125,"7","30",17867,93567.7189192573,5.23690148985601
"2169",-117.625,47.125,-117.375,46.875,"8","30",2073,2649.65292586805,1.27817314320697
"2170",-117.625,46.875,-117.375,46.625,"9","30",2339,2556.79548041243,1.0931147842721
"2171",-117.625,46.625,-117.375,46.375,"10","30",1064,2678.27338214964,2.51717423134364
"2172",-117.625,46.375,-117.375,46.125,"11","30",300263,4126957.91714779,13.7444770655985
"2173",-117.625,46.125,-117.375,45.875,"12","30",333610,5734666.52318438,17.1897320919169
"2174",-117.625,45.875,-117.375,45.625,"13","30",392455,5042110.99344719,12.847615633505
"2175",-117.625,45.625,-117.375,45.375,"14","30",314178,4883697.31808118,15.5443643987841
"2176",-117.625,45.375,-117.375,45.125,"15","30",426905,4836907.97479415,11.3301741014843
"2177",-117.625,45.125,-117.375,44.875,"16","30",361134,4426617.21420303,12.2575476532341
"2178",-117.625,44.875,-117.375,44.625,"17","30",2578,33208.7669258472,12.881600824611
"2179",-117.625,44.625,-117.375,44.375,"18","30",27752,343271.551584896,12.3692545252557
"2180",-117.625,44.375,-117.375,44.125,"19","30",1,0.703758299350739,0.703758299350739
"2181",-117.625,44.125,-117.375,43.875,"20","30",0,0,
"2182",-117.625,43.875,-117.375,43.625,"21","30",0,0,
"2183",-117.625,43.625,-117.375,43.375,"22","30",0,0,
"2184",-117.625,43.375,-117.375,43.125,"23","30",1,4.79256677627563,4.79256677627563
"2185",-117.625,43.125,-117.375,42.875,"24","30",0,0,
"2186",-117.625,42.875,-117.375,42.625,"25","30",0,0,
"2187",-117.625,42.625,-117.375,42.375,"26","30",0,0,
"2188",-117.625,42.375,-117.375,42.125,"27","30",2,25.1016416549683,12.5508208274841
"2189",-117.625,42.125,-117.375,41.875,"28","30",316,2512.91215585172,7.95225365775861
"2190",-117.625,41.875,-117.375,41.625,"29","30",7604,55545.32584182,7.30475089976591
"2191",-117.625,41.625,-117.375,41.375,"30","30",284,2173.16527145356,7.65199039244211
"2192",-117.625,41.375,-117.375,41.125,"31","30",24,26.6153920777142,1.10897466990476
"2193",-117.625,41.125,-117.375,40.875,"32","30",274,240.6129982071,0.878149628493065
"2194",-117.625,40.875,-117.375,40.625,"33","30",191,206.246206399519,1.07982307015455
"2195",-117.625,40.625,-117.375,40.375,"34","30",1758,2441.99370692312,1.38907491861384
"2196",-117.625,40.375,-117.375,40.125,"35","30",3004,2846.4566167891,0.947555464976399
"2197",-117.625,40.125,-117.375,39.875,"36","30",4627,2432.82230586739,0.525788265802332
"2198",-117.625,39.875,-117.375,39.625,"37","30",14172,15750.0066768662,1.11134678781162
"2199",-117.625,39.625,-117.375,39.375,"38","30",34439,22287.3506884261,0.647154408909262
"2200",-117.625,39.375,-117.375,39.125,"39","30",57283,90737.5591052602,1.58402246923625
"2201",-117.625,39.125,-117.375,38.875,"40","30",50423,57573.0554105615,1.1418014677937
"2202",-117.625,38.875,-117.375,38.625,"41","30",68389,81555.1858280686,1.19251905756874
"2203",-117.625,38.625,-117.375,38.375,"42","30",1346,3235.24758465239,2.40360147448171
"2204",-117.625,38.375,-117.375,38.125,"43","30",2,0.561546683311462,0.280773341655731
"2205",-117.625,38.125,-117.375,37.875,"44","30",212,157.783101543784,0.744259912942378
"2206",-117.625,37.875,-117.375,37.625,"45","30",1,0.280773341655731,0.280773341655731
"2207",-117.625,37.625,-117.375,37.375,"46","30",1616,2241.9265156968,1.38733076466386
"2208",-117.625,37.375,-117.375,37.125,"47","30",188,128.718879403546,0.684674890444396
"2209",-117.625,37.125,-117.375,36.875,"48","30",6,8.15168815851212,1.35861469308535
"2210",-117.625,36.875,-117.375,36.625,"49","30",2,0.561546683311462,0.280773341655731
"2211",-117.625,36.625,-117.375,36.375,"50","30",1009,45.0547561352141,0.0446528802132945
"2212",-117.625,36.375,-117.375,36.125,"51","30",51,79.3716601724736,1.55630706220537
"2213",-117.625,36.125,-117.375,35.875,"52","30",521,269.300500478595,0.516891555621105
"2214",-117.625,35.875,-117.375,35.625,"53","30",0,0,
"2215",-117.625,35.625,-117.375,35.375,"54","30",0,0,
"2216",-117.625,35.375,-117.375,35.125,"55","30",0,0,
"2217",-117.625,35.125,-117.375,34.875,"56","30",0,0,
"2218",-117.625,34.875,-117.375,34.625,"57","30",0,0,
"2219",-117.625,34.625,-117.375,34.375,"58","30",0,0,
"2220",-117.625,34.375,-117.375,34.125,"59","30",0,0,
"2221",-117.625,34.125,-117.375,33.875,"60","30",0,0,
"2222",-117.625,33.875,-117.375,33.625,"61","30",570,6403.97773611546,11.2350486598517
"2223",-117.625,33.625,-117.375,33.375,"62","30",2678,43916.2502806103,16.398898536449
"2224",-117.625,33.375,-117.375,33.125,"63","30",1374,35403.5606279224,25.7667835719959
"2225",-117.625,33.125,-117.375,32.875,"64","30",0,0,
"2226",-117.625,32.875,-117.375,32.625,"65","30",0,0,
"2227",-117.625,32.625,-117.375,32.375,"66","30",0,0,
"2228",-117.625,32.375,-117.375,32.125,"67","30",0,0,
"2229",-117.625,32.125,-117.375,31.875,"68","30",0,0,
"2230",-117.625,31.875,-117.375,31.625,"69","30",0,0,
"2231",-117.625,31.625,-117.375,31.375,"70","30",0,0,
"2232",-117.625,31.375,-117.375,31.125,"71","30",0,0,
"2233",-117.375,49.125,-117.125,48.875,"0","31",243513,4722651.72943033,19.3938382321697
"2234",-117.375,48.875,-117.125,48.625,"1","31",502091,10178455.9635657,20.2721338633151
"2235",-117.375,48.625,-117.125,48.375,"2","31",487537,9501639.15918552,19.4890626951093
"2236",-117.375,48.375,-117.125,48.125,"3","31",411378,6403896.63822044,15.5669399876037
"2237",-117.375,48.125,-117.125,47.875,"4","31",416595,6428015.91896198,15.429892146958
"2238",-117.375,47.875,-117.125,47.625,"5","31",207774,3207454.95082164,15.4372296380762
"2239",-117.375,47.625,-117.125,47.375,"6","31",117546,1681882.79072656,14.308294546191
"2240",-117.375,47.375,-117.125,47.125,"7","31",2897,11613.5927665159,4.00883423076145
"2241",-117.375,47.125,-117.125,46.875,"8","31",5427,16087.7801086418,2.96439655585808
"2242",-117.375,46.875,-117.125,46.625,"9","31",2971,8947.97446932411,3.01177195197715
"2243",-117.375,46.625,-117.125,46.375,"10","31",1892,1980.63810624112,1.04684889336212
"2244",-117.375,46.375,-117.125,46.125,"11","31",64438,930037.68788422,14.4330626010152
"2245",-117.375,46.125,-117.125,45.875,"12","31",185258,2971377.14928557,16.0391300202181
"2246",-117.375,45.875,-117.125,45.625,"13","31",382110,5365544.10597136,14.041883504675
"2247",-117.375,45.625,-117.125,45.375,"14","31",93123,1024507.34408946,11.0016574217912
"2248",-117.375,45.375,-117.125,45.125,"15","31",237297,2720241.81130751,11.4634479631327
"2249",-117.375,45.125,-117.125,44.875,"16","31",385997,4966668.01403023,12.8671155838782
"2250",-117.375,44.875,-117.125,44.625,"17","31",30030,374675.62585696,12.4767108177476
"2251",-117.375,44.625,-117.125,44.375,"18","31",26344,318699.450082562,12.0976104647192
"2252",-117.375,44.375,-117.125,44.125,"19","31",0,0,
"2253",-117.375,44.125,-117.125,43.875,"20","31",0,0,
"2254",-117.375,43.875,-117.125,43.625,"21","31",0,0,
"2255",-117.375,43.625,-117.125,43.375,"22","31",3,7.20644819736481,2.4021493991216
"2256",-117.375,43.375,-117.125,43.125,"23","31",183,746.221669837832,4.07771404282969
"2257",-117.375,43.125,-117.125,42.875,"24","31",0,0,
"2258",-117.375,42.875,-117.125,42.625,"25","31",0,0,
"2259",-117.375,42.625,-117.125,42.375,"26","31",4,8.68643364310265,2.17160841077566
"2260",-117.375,42.375,-117.125,42.125,"27","31",7,38.4697093963623,5.4956727709089
"2261",-117.375,42.125,-117.125,41.875,"28","31",17,97.5727430954576,5.73957312326221
"2262",-117.375,41.875,-117.125,41.625,"29","31",83,512.350653685629,6.17289944199553
"2263",-117.375,41.625,-117.125,41.375,"30","31",7,5.63184952735901,0.804549932479858
"2264",-117.375,41.375,-117.125,41.125,"31","31",609,759.332934470847,1.24685210914753
"2265",-117.375,41.125,-117.125,40.875,"32","31",52,1.44398396229371,0.0277689223518022
"2266",-117.375,40.875,-117.125,40.625,"33","31",138,192.215897962451,1.39286882581486
"2267",-117.375,40.625,-117.125,40.375,"34","31",1021,1545.16458330676,1.51338352919369
"2268",-117.375,40.375,-117.125,40.125,"35","31",1395,1750.90313809784,1.25512769756118
"2269",-117.375,40.125,-117.125,39.875,"36","31",595,485.53746121889,0.816029346586369
"2270",-117.375,39.875,-117.125,39.625,"37","31",31884,17676.4932212838,0.554400113576835
"2271",-117.375,39.625,-117.125,39.375,"38","31",5481,2135.24370817299,0.389571922673415
"2272",-117.375,39.375,-117.125,39.125,"39","31",77856,205714.3713568,2.64224172005755
"2273",-117.375,39.125,-117.125,38.875,"40","31",112790,264455.443207502,2.34467100990781
"2274",-117.375,38.875,-117.125,38.625,"41","31",114336,247306.656685608,2.16298153412406
"2275",-117.375,38.625,-117.125,38.375,"42","31",1911,1973.21257739023,1.03255498555219
"2276",-117.375,38.375,-117.125,38.125,"43","31",75,116.437090098858,1.55249453465144
"2277",-117.375,38.125,-117.125,37.875,"44","31",0,0,
"2278",-117.375,37.875,-117.125,37.625,"45","31",95,60.3399629723281,0.635157504971874
"2279",-117.375,37.625,-117.125,37.375,"46","31",0,0,
"2280",-117.375,37.375,-117.125,37.125,"47","31",62,68.7401057705283,1.10871138339562
"2281",-117.375,37.125,-117.125,36.875,"48","31",1843,2979.46997541748,1.6166413322938
"2282",-117.375,36.875,-117.125,36.625,"49","31",0,0,
"2283",-117.375,36.625,-117.125,36.375,"50","31",0,0,
"2284",-117.375,36.375,-117.125,36.125,"51","31",28,25.8829923747107,0.924392584811098
"2285",-117.375,36.125,-117.125,35.875,"52","31",3,0.0771742779761553,0.0257247593253851
"2286",-117.375,35.875,-117.125,35.625,"53","31",0,0,
"2287",-117.375,35.625,-117.125,35.375,"54","31",0,0,
"2288",-117.375,35.375,-117.125,35.125,"55","31",0,0,
"2289",-117.375,35.125,-117.125,34.875,"56","31",0,0,
"2290",-117.375,34.875,-117.125,34.625,"57","31",0,0,
"2291",-117.375,34.625,-117.125,34.375,"58","31",0,0,
"2292",-117.375,34.375,-117.125,34.125,"59","31",0,0,
"2293",-117.375,34.125,-117.125,33.875,"60","31",0,0,
"2294",-117.375,33.875,-117.125,33.625,"61","31",0,0,
"2295",-117.375,33.625,-117.125,33.375,"62","31",232,3102.35722350515,13.3722294116601
"2296",-117.375,33.375,-117.125,33.125,"63","31",714,13480.4558918737,18.8801903247531
"2297",-117.375,33.125,-117.125,32.875,"64","31",260,4109.97386786342,15.8075917994747
"2298",-117.375,32.875,-117.125,32.625,"65","31",20,147.931169509888,7.39655847549438
"2299",-117.375,32.625,-117.125,32.375,"66","31",0,0,
"2300",-117.375,32.375,-117.125,32.125,"67","31",0,0,
"2301",-117.375,32.125,-117.125,31.875,"68","31",0,0,
"2302",-117.375,31.875,-117.125,31.625,"69","31",0,0,
"2303",-117.375,31.625,-117.125,31.375,"70","31",0,0,
"2304",-117.375,31.375,-117.125,31.125,"71","31",0,0,
"2305",-117.125,49.125,-116.875,48.875,"0","32",203555,3400790.8698507,16.7069876438835
"2306",-117.125,48.875,-116.875,48.625,"1","32",521135,10411306.4571032,19.9781370606527
"2307",-117.125,48.625,-116.875,48.375,"2","32",504306,10440283.1125895,20.7022782052751
"2308",-117.125,48.375,-116.875,48.125,"3","32",472347,8129327.79962087,17.2104994836865
"2309",-117.125,48.125,-116.875,47.875,"4","32",471467,7334301.05100213,15.5563402125751
"2310",-117.125,47.875,-116.875,47.625,"5","32",331089,5230107.64005269,15.7966819799289
"2311",-117.125,47.625,-116.875,47.375,"6","32",216668,3064729.87709082,14.1448200799879
"2312",-117.125,47.375,-116.875,47.125,"7","32",104608,1266558.4034032,12.1076629263843
"2313",-117.125,47.125,-116.875,46.875,"8","32",109163,1653283.89123949,15.1450939534411
"2314",-117.125,46.875,-116.875,46.625,"9","32",84601,1297800.4289766,15.3402492757367
"2315",-117.125,46.625,-116.875,46.375,"10","32",266,431.539222028106,1.6223279023613
"2316",-117.125,46.375,-116.875,46.125,"11","32",6038,58985.0485865248,9.76897127964968
"2317",-117.125,46.125,-116.875,45.875,"12","32",70989,1289162.49219293,18.1600317259425
"2318",-117.125,45.875,-116.875,45.625,"13","32",310681,4554444.93848729,14.6595541358734
"2319",-117.125,45.625,-116.875,45.375,"14","32",35592,659162.202256589,18.5199539856313
"2320",-117.125,45.375,-116.875,45.125,"15","32",417732,6287807.12209728,15.0522514964074
"2321",-117.125,45.125,-116.875,44.875,"16","32",332179,4799425.14026672,14.4483099180464
"2322",-117.125,44.875,-116.875,44.625,"17","32",22430,219083.9207503,9.76745076907269
"2323",-117.125,44.625,-116.875,44.375,"18","32",58526,598281.253589732,10.2224866484935
"2324",-117.125,44.375,-116.875,44.125,"19","32",0,0,
"2325",-117.125,44.125,-116.875,43.875,"20","32",0,0,
"2326",-117.125,43.875,-116.875,43.625,"21","32",0,0,
"2327",-117.125,43.625,-116.875,43.375,"22","32",2,4.01721334457397,2.00860667228699
"2328",-117.125,43.375,-116.875,43.125,"23","32",14,66.0880427658558,4.72057448327541
"2329",-117.125,43.125,-116.875,42.875,"24","32",989,6434.78146079043,6.50635132536949
"2330",-117.125,42.875,-116.875,42.625,"25","32",19924,159049.623474705,7.98281587405668
"2331",-117.125,42.625,-116.875,42.375,"26","32",11294,35414.6533659865,3.13570509704148
"2332",-117.125,42.375,-116.875,42.125,"27","32",53,35.9640292457771,0.678566589542963
"2333",-117.125,42.125,-116.875,41.875,"28","32",0,0,
"2334",-117.125,41.875,-116.875,41.625,"29","32",0,0,
"2335",-117.125,41.625,-116.875,41.375,"30","32",33,17.9857461974025,0.545022612042499
"2336",-117.125,41.375,-116.875,41.125,"31","32",2487,3496.31113664975,1.405834795597
"2337",-117.125,41.125,-116.875,40.875,"32","32",125,504.497109949589,4.03597687959671
"2338",-117.125,40.875,-116.875,40.625,"33","32",64,63.5819149240851,0.99346742068883
"2339",-117.125,40.625,-116.875,40.375,"34","32",9653,17273.3935717196,1.78943267085048
"2340",-117.125,40.375,-116.875,40.125,"35","32",20593,37480.0280484784,1.82003729658032
"2341",-117.125,40.125,-116.875,39.875,"36","32",6990,6322.54279709078,0.904512560384947
"2342",-117.125,39.875,-116.875,39.625,"37","32",58784,73376.1460773596,1.24823329609009
"2343",-117.125,39.625,-116.875,39.375,"38","32",52907,64777.5653292273,1.22436663067699
"2344",-117.125,39.375,-116.875,39.125,"39","32",34202,95577.4838359731,2.79449984901389
"2345",-117.125,39.125,-116.875,38.875,"40","32",10824,7360.21289050848,0.679990104444612
"2346",-117.125,38.875,-116.875,38.625,"41","32",95330,176717.874356815,1.85374881314188
"2347",-117.125,38.625,-116.875,38.375,"42","32",16336,24318.9551943396,1.48867257555948
"2348",-117.125,38.375,-116.875,38.125,"43","32",72,110.361099183559,1.5327930442161
"2349",-117.125,38.125,-116.875,37.875,"44","32",0,0,
"2350",-117.125,37.875,-116.875,37.625,"45","32",0,0,
"2351",-117.125,37.625,-116.875,37.375,"46","32",305,189.176192321815,0.620249810891195
"2352",-117.125,37.375,-116.875,37.125,"47","32",0,0,
"2353",-117.125,37.125,-116.875,36.875,"48","32",227,275.790478133131,1.2149360270182
"2354",-117.125,36.875,-116.875,36.625,"49","32",0,0,
"2355",-117.125,36.625,-116.875,36.375,"50","32",0,0,
"2356",-117.125,36.375,-116.875,36.125,"51","32",3576,4835.41991484584,1.35218677708217
"2357",-117.125,36.125,-116.875,35.875,"52","32",2213,1453.80927926768,0.65694047865688
"2358",-117.125,35.875,-116.875,35.625,"53","32",0,0,
"2359",-117.125,35.625,-116.875,35.375,"54","32",0,0,
"2360",-117.125,35.375,-116.875,35.125,"55","32",0,0,
"2361",-117.125,35.125,-116.875,34.875,"56","32",0,0,
"2362",-117.125,34.875,-116.875,34.625,"57","32",0,0,
"2363",-117.125,34.625,-116.875,34.375,"58","32",0,0,
"2364",-117.125,34.375,-116.875,34.125,"59","32",0,0,
"2365",-117.125,34.125,-116.875,33.875,"60","32",0,0,
"2366",-117.125,33.875,-116.875,33.625,"61","32",0,0,
"2367",-117.125,33.625,-116.875,33.375,"62","32",0,0,
"2368",-117.125,33.375,-116.875,33.125,"63","32",0,0,
"2369",-117.125,33.125,-116.875,32.875,"64","32",570,6838.72032951936,11.9977549640691
"2370",-117.125,32.875,-116.875,32.625,"65","32",101,1373.82797318697,13.602257160267
"2371",-117.125,32.625,-116.875,32.375,"66","32",33,145.882792949677,4.42069069544474
"2372",-117.125,32.375,-116.875,32.125,"67","32",0,0,
"2373",-117.125,32.125,-116.875,31.875,"68","32",0,0,
"2374",-117.125,31.875,-116.875,31.625,"69","32",0,0,
"2375",-117.125,31.625,-116.875,31.375,"70","32",0,0,
"2376",-117.125,31.375,-116.875,31.125,"71","32",0,0,
"2377",-116.875,49.125,-116.625,48.875,"0","33",190847,2413173.83175626,12.6445468451496
"2378",-116.875,48.875,-116.625,48.625,"1","33",357258,5659902.86579606,15.8426203634238
"2379",-116.875,48.625,-116.625,48.375,"2","33",419390,6702129.36818924,15.9806608841156
"2380",-116.875,48.375,-116.625,48.125,"3","33",459455,8131499.06834683,17.6981403365876
"2381",-116.875,48.125,-116.625,47.875,"4","33",444572,6627130.74345213,14.9067659309451
"2382",-116.875,47.875,-116.625,47.625,"5","33",313732,5330881.05877065,16.9918307943425
"2383",-116.875,47.625,-116.625,47.375,"6","33",351891,6118065.82942496,17.3862526447819
"2384",-116.875,47.375,-116.625,47.125,"7","33",416584,5900474.80246175,14.1639496535195
"2385",-116.875,47.125,-116.625,46.875,"8","33",400260,5913875.14221016,14.7750840508923
"2386",-116.875,46.875,-116.625,46.625,"9","33",206247,2488023.77057762,12.0633210208033
"2387",-116.875,46.625,-116.625,46.375,"10","33",8800,26675.7071932894,3.03133036287379
"2388",-116.875,46.375,-116.625,46.125,"11","33",150528,1573810.64042062,10.4552683913998
"2389",-116.875,46.125,-116.625,45.875,"12","33",140658,2174693.27886562,15.4608573907323
"2390",-116.875,45.875,-116.625,45.625,"13","33",100493,1837497.98979401,18.2848356581454
"2391",-116.875,45.625,-116.625,45.375,"14","33",245300,4730694.37179927,19.2853419152029
"2392",-116.875,45.375,-116.625,45.125,"15","33",300561,5981247.78608444,19.9002790983675
"2393",-116.875,45.125,-116.625,44.875,"16","33",169514,2498570.9930914,14.7396143863717
"2394",-116.875,44.875,-116.625,44.625,"17","33",62132,549261.119269973,8.84022917771798
"2395",-116.875,44.625,-116.625,44.375,"18","33",11382,134588.244426833,11.824656864069
"2396",-116.875,44.375,-116.625,44.125,"19","33",10,22.462567165494,2.2462567165494
"2397",-116.875,44.125,-116.625,43.875,"20","33",0,0,
"2398",-116.875,43.875,-116.625,43.625,"21","33",0,0,
"2399",-116.875,43.625,-116.625,43.375,"22","33",0,0,
"2400",-116.875,43.375,-116.625,43.125,"23","33",383,2215.10452306044,5.78356272339539
"2401",-116.875,43.125,-116.625,42.875,"24","33",117332,1059984.13900402,9.03405838990231
"2402",-116.875,42.875,-116.625,42.625,"25","33",43845,227552.412022353,5.18992843020535
"2403",-116.875,42.625,-116.625,42.375,"26","33",16756,57211.8622120421,3.41441049248282
"2404",-116.875,42.375,-116.625,42.125,"27","33",21,67.3535448350012,3.20731165880958
"2405",-116.875,42.125,-116.625,41.875,"28","33",4,21.7716491222382,5.44291228055954
"2406",-116.875,41.875,-116.625,41.625,"29","33",0,0,
"2407",-116.875,41.625,-116.625,41.375,"30","33",0,0,
"2408",-116.875,41.375,-116.625,41.125,"31","33",449,780.704539882485,1.73876289506121
"2409",-116.875,41.125,-116.625,40.875,"32","33",542,695.380623287521,1.28299007986628
"2410",-116.875,40.875,-116.625,40.625,"33","33",2197,1899.31004831655,0.864501615073531
"2411",-116.875,40.625,-116.625,40.375,"34","33",17133,24966.464185172,1.45721497607961
"2412",-116.875,40.375,-116.625,40.125,"35","33",15489,20943.5684764053,1.35215756190879
"2413",-116.875,40.125,-116.625,39.875,"36","33",24208,25226.5368829573,1.04207439205871
"2414",-116.875,39.875,-116.625,39.625,"37","33",32993,43316.6604062091,1.31290456782375
"2415",-116.875,39.625,-116.625,39.375,"38","33",32293,30157.0288178914,0.933856526736179
"2416",-116.875,39.375,-116.625,39.125,"39","33",45673,40299.8968802486,0.882357123032176
"2417",-116.875,39.125,-116.625,38.875,"40","33",85044,128396.611880741,1.50976684869881
"2418",-116.875,38.875,-116.625,38.625,"41","33",73946,100284.345752008,1.35618350893906
"2419",-116.875,38.625,-116.625,38.375,"42","33",48404,83090.323199397,1.7166003470663
"2420",-116.875,38.375,-116.625,38.125,"43","33",12232,20571.1157838395,1.6817458946893
"2421",-116.875,38.125,-116.625,37.875,"44","33",0,0,
"2422",-116.875,37.875,-116.625,37.625,"45","33",0,0,
"2423",-116.875,37.625,-116.625,37.375,"46","33",0,0,
"2424",-116.875,37.375,-116.625,37.125,"47","33",0,0,
"2425",-116.875,37.125,-116.625,36.875,"48","33",0,0,
"2426",-116.875,36.875,-116.625,36.625,"49","33",0,0,
"2427",-116.875,36.625,-116.625,36.375,"50","33",0,0,
"2428",-116.875,36.375,-116.625,36.125,"51","33",0,0,
"2429",-116.875,36.125,-116.625,35.875,"52","33",0,0,
"2430",-116.875,35.875,-116.625,35.625,"53","33",0,0,
"2431",-116.875,35.625,-116.625,35.375,"54","33",0,0,
"2432",-116.875,35.375,-116.625,35.125,"55","33",0,0,
"2433",-116.875,35.125,-116.625,34.875,"56","33",0,0,
"2434",-116.875,34.875,-116.625,34.625,"57","33",0,0,
"2435",-116.875,34.625,-116.625,34.375,"58","33",0,0,
"2436",-116.875,34.375,-116.625,34.125,"59","33",0,0,
"2437",-116.875,34.125,-116.625,33.875,"60","33",0,0,
"2438",-116.875,33.875,-116.625,33.625,"61","33",0,0,
"2439",-116.875,33.625,-116.625,33.375,"62","33",0,0,
"2440",-116.875,33.375,-116.625,33.125,"63","33",0,0,
"2441",-116.875,33.125,-116.625,32.875,"64","33",685,7315.25068747997,10.6791980839124
"2442",-116.875,32.875,-116.625,32.625,"65","33",687,4466.83552130312,6.50194399025199
"2443",-116.875,32.625,-116.625,32.375,"66","33",230,1738.64325409383,7.55931849606011
"2444",-116.875,32.375,-116.625,32.125,"67","33",0,0,
"2445",-116.875,32.125,-116.625,31.875,"68","33",0,0,
"2446",-116.875,31.875,-116.625,31.625,"69","33",0,0,
"2447",-116.875,31.625,-116.625,31.375,"70","33",0,0,
"2448",-116.875,31.375,-116.625,31.125,"71","33",0,0,
"2449",-116.625,49.125,-116.375,48.875,"0","34",152081,2840485.67516552,18.6774526414577
"2450",-116.625,48.875,-116.375,48.625,"1","34",366747,5618929.74518498,15.3209971593087
"2451",-116.625,48.625,-116.375,48.375,"2","34",445323,6465879.41625397,14.5195272111568
"2452",-116.625,48.375,-116.375,48.125,"3","34",309986,4903904.99309794,15.819762805733
"2453",-116.625,48.125,-116.375,47.875,"4","34",413461,8757996.55111455,21.1821587794606
"2454",-116.625,47.875,-116.375,47.625,"5","34",562554,12340596.397954,21.9367321145241
"2455",-116.625,47.625,-116.375,47.375,"6","34",495335,9791338.59802095,19.7671042789646
"2456",-116.625,47.375,-116.375,47.125,"7","34",484723,7993540.02108465,16.4909443560232
"2457",-116.625,47.125,-116.375,46.875,"8","34",534506,9799994.80372536,18.3346768861816
"2458",-116.625,46.875,-116.375,46.625,"9","34",309449,4991175.69874596,16.1292351849447
"2459",-116.625,46.625,-116.375,46.375,"10","34",90103,801130.394517478,8.89127325968589
"2460",-116.625,46.375,-116.375,46.125,"11","34",48822,379567.506528003,7.77451776920248
"2461",-116.625,46.125,-116.375,45.875,"12","34",162263,2240291.30368869,13.8065443365936
"2462",-116.625,45.875,-116.375,45.625,"13","34",155364,2199842.17089283,14.1592786674702
"2463",-116.625,45.625,-116.375,45.375,"14","34",251643,4212105.20943515,16.7384159679989
"2464",-116.625,45.375,-116.375,45.125,"15","34",356195,5838039.67719438,16.3900101831704
"2465",-116.625,45.125,-116.375,44.875,"16","34",425029,6002383.30318752,14.1222911923363
"2466",-116.625,44.875,-116.375,44.625,"17","34",59724,792601.865482779,13.2710780504115
"2467",-116.625,44.625,-116.375,44.375,"18","34",185,1609.9784411937,8.70258616861459
"2468",-116.625,44.375,-116.375,44.125,"19","34",8,22.704882144928,2.838110268116
"2469",-116.625,44.125,-116.375,43.875,"20","34",50,337.795624345541,6.75591248691082
"2470",-116.625,43.875,-116.375,43.625,"21","34",0,0,
"2471",-116.625,43.625,-116.375,43.375,"22","34",0,0,
"2472",-116.625,43.375,-116.375,43.125,"23","34",0,0,
"2473",-116.625,43.125,-116.375,42.875,"24","34",13861,100841.367760394,7.27518705435352
"2474",-116.625,42.875,-116.375,42.625,"25","34",4044,7673.87921622407,1.89759624535709
"2475",-116.625,42.625,-116.375,42.375,"26","34",199,287.671690047369,1.44558638214758
"2476",-116.625,42.375,-116.375,42.125,"27","34",36,189.262152671814,5.2572820186615
"2477",-116.625,42.125,-116.375,41.875,"28","34",0,0,
"2478",-116.625,41.875,-116.375,41.625,"29","34",2,15.7312097549438,7.86560487747192
"2479",-116.625,41.625,-116.375,41.375,"30","34",408,291.468703326769,0.714384076781297
"2480",-116.625,41.375,-116.375,41.125,"31","34",2007,2482.70228834008,1.23702156867966
"2481",-116.625,41.125,-116.375,40.875,"32","34",641,645.758414336247,1.00742342330148
"2482",-116.625,40.875,-116.375,40.625,"33","34",1405,1837.33834584238,1.30771412515472
"2483",-116.625,40.625,-116.375,40.375,"34","34",125,105.612222092459,0.844897776739672
"2484",-116.625,40.375,-116.375,40.125,"35","34",14718,32087.3967859568,2.18014654069553
"2485",-116.625,40.125,-116.375,39.875,"36","34",19365,18816.9983668091,0.971701439029644
"2486",-116.625,39.875,-116.375,39.625,"37","34",34448,29844.0032025581,0.866349373042211
"2487",-116.625,39.625,-116.375,39.375,"38","34",39682,73627.0547439261,1.85542701335432
"2488",-116.625,39.375,-116.375,39.125,"39","34",121754,130451.304758706,1.07143342115007
"2489",-116.625,39.125,-116.375,38.875,"40","34",93698,103499.469382881,1.10460702878269
"2490",-116.625,38.875,-116.375,38.625,"41","34",94795,154288.867544434,1.62760554401007
"2491",-116.625,38.625,-116.375,38.375,"42","34",5556,8063.55664608395,1.45132409036788
"2492",-116.625,38.375,-116.375,38.125,"43","34",3163,4193.68790767901,1.32585770081537
"2493",-116.625,38.125,-116.375,37.875,"44","34",14553,19289.8810989284,1.32549172671809
"2494",-116.625,37.875,-116.375,37.625,"45","34",160,208.575351595879,1.30359594747424
"2495",-116.625,37.625,-116.375,37.375,"46","34",0,0,
"2496",-116.625,37.375,-116.375,37.125,"47","34",4,0.0733956908807158,0.018348922720179
"2497",-116.625,37.125,-116.375,36.875,"48","34",160,51.0456333574839,0.319035208484274
"2498",-116.625,36.875,-116.375,36.625,"49","34",0,0,
"2499",-116.625,36.625,-116.375,36.375,"50","34",0,0,
"2500",-116.625,36.375,-116.375,36.125,"51","34",0,0,
"2501",-116.625,36.125,-116.375,35.875,"52","34",0,0,
"2502",-116.625,35.875,-116.375,35.625,"53","34",0,0,
"2503",-116.625,35.625,-116.375,35.375,"54","34",0,0,
"2504",-116.625,35.375,-116.375,35.125,"55","34",0,0,
"2505",-116.625,35.125,-116.375,34.875,"56","34",0,0,
"2506",-116.625,34.875,-116.375,34.625,"57","34",0,0,
"2507",-116.625,34.625,-116.375,34.375,"58","34",0,0,
"2508",-116.625,34.375,-116.375,34.125,"59","34",0,0,
"2509",-116.625,34.125,-116.375,33.875,"60","34",0,0,
"2510",-116.625,33.875,-116.375,33.625,"61","34",0,0,
"2511",-116.625,33.625,-116.375,33.375,"62","34",0,0,
"2512",-116.625,33.375,-116.375,33.125,"63","34",0,0,
"2513",-116.625,33.125,-116.375,32.875,"64","34",0,0,
"2514",-116.625,32.875,-116.375,32.625,"65","34",0,0,
"2515",-116.625,32.625,-116.375,32.375,"66","34",0,0,
"2516",-116.625,32.375,-116.375,32.125,"67","34",0,0,
"2517",-116.625,32.125,-116.375,31.875,"68","34",0,0,
"2518",-116.625,31.875,-116.375,31.625,"69","34",0,0,
"2519",-116.625,31.625,-116.375,31.375,"70","34",0,0,
"2520",-116.625,31.375,-116.375,31.125,"71","34",0,0,
"2521",-116.375,49.125,-116.125,48.875,"0","35",246494,4260977.98630584,17.2863355144784
"2522",-116.375,48.875,-116.125,48.625,"1","35",401940,6623922.07217919,16.4798777732477
"2523",-116.375,48.625,-116.125,48.375,"2","35",448753,6841726.37226136,15.2460849782873
"2524",-116.375,48.375,-116.125,48.125,"3","35",332717,5928851.79736539,17.8195036543531
"2525",-116.375,48.125,-116.125,47.875,"4","35",556852,15386907.2169739,27.6319510695372
"2526",-116.375,47.875,-116.125,47.625,"5","35",563552,13902440.6707505,24.6693129839847
"2527",-116.375,47.625,-116.125,47.375,"6","35",511701,10883488.7429201,21.2692348518375
"2528",-116.375,47.375,-116.125,47.125,"7","35",505317,8687630.81803704,17.1924372582696
"2529",-116.375,47.125,-116.125,46.875,"8","35",517269,8458751.00537437,16.3527120422341
"2530",-116.375,46.875,-116.125,46.625,"9","35",491281,6996289.05521994,14.2409111185247
"2531",-116.375,46.625,-116.125,46.375,"10","35",186874,2684944.1203007,14.3676708386437
"2532",-116.375,46.375,-116.125,46.125,"11","35",17059,130160.139334815,7.62999820240432
"2533",-116.375,46.125,-116.125,45.875,"12","35",3342,39484.5467040226,11.8146459317841
"2534",-116.375,45.875,-116.125,45.625,"13","35",181644,2590286.24437208,14.2602356497989
"2535",-116.375,45.625,-116.125,45.375,"14","35",259555,4179039.78507936,16.1007870589253
"2536",-116.375,45.375,-116.125,45.125,"15","35",369793,5778348.94985681,15.6259013822782
"2537",-116.375,45.125,-116.125,44.875,"16","35",448384,5707197.34821088,12.7283697638874
"2538",-116.375,44.875,-116.125,44.625,"17","35",434494,6591928.85950245,15.1715072233505
"2539",-116.375,44.625,-116.125,44.375,"18","35",354288,5240116.90444425,14.7905571299176
"2540",-116.375,44.375,-116.125,44.125,"19","35",248959,4112602.0376567,16.5191940747541
"2541",-116.375,44.125,-116.125,43.875,"20","35",53507,731314.550848794,13.6676425673051
"2542",-116.375,43.875,-116.125,43.625,"21","35",26894,416910.040848118,15.5019722186405
"2543",-116.375,43.625,-116.125,43.375,"22","35",0,0,
"2544",-116.375,43.375,-116.125,43.125,"23","35",0,0,
"2545",-116.375,43.125,-116.125,42.875,"24","35",0,0,
"2546",-116.375,42.875,-116.125,42.625,"25","35",45,237.064401626587,5.26809781392415
"2547",-116.375,42.625,-116.125,42.375,"26","35",43,149.726733356714,3.48201705480731
"2548",-116.375,42.375,-116.125,42.125,"27","35",7,29.9405065774918,4.27721522535597
"2549",-116.375,42.125,-116.125,41.875,"28","35",1,5.08611345291138,5.08611345291138
"2550",-116.375,41.875,-116.125,41.625,"29","35",2142,6740.09170271532,3.14663478184655
"2551",-116.375,41.625,-116.125,41.375,"30","35",535,686.676794607542,1.28350802730382
"2552",-116.375,41.375,-116.125,41.125,"31","35",3215,3930.9631316858,1.22269459772498
"2553",-116.375,41.125,-116.125,40.875,"32","35",2805,2745.43385487064,0.978764297636593
"2554",-116.375,40.875,-116.125,40.625,"33","35",93,119.923613898456,1.28950122471458
"2555",-116.375,40.625,-116.125,40.375,"34","35",643,664.294526041544,1.03311745885155
"2556",-116.375,40.375,-116.125,40.125,"35","35",2766,3369.03381819918,1.2180165647864
"2557",-116.375,40.125,-116.125,39.875,"36","35",35523,49106.4845451813,1.38238562467081
"2558",-116.375,39.875,-116.125,39.625,"37","35",54144,34389.1187455423,0.635141820802718
"2559",-116.375,39.625,-116.125,39.375,"38","35",16111,15383.4464517738,0.95484119246315
"2560",-116.375,39.375,-116.125,39.125,"39","35",45934,55210.2710539405,1.20194781760658
"2561",-116.375,39.125,-116.125,38.875,"40","35",66073,63628.5064552062,0.963003139787905
"2562",-116.375,38.875,-116.125,38.625,"41","35",33386,51505.1457237047,1.54271687904225
"2563",-116.375,38.625,-116.125,38.375,"42","35",2039,3039.20476808632,1.49053691421595
"2564",-116.375,38.375,-116.125,38.125,"43","35",26,37.6926426813006,1.44971702620387
"2565",-116.375,38.125,-116.125,37.875,"44","35",305,426.485959641635,1.39831462177585
"2566",-116.375,37.875,-116.125,37.625,"45","35",761,1014.20990374312,1.33273311924194
"2567",-116.375,37.625,-116.125,37.375,"46","35",175,255.386820890009,1.45935326222863
"2568",-116.375,37.375,-116.125,37.125,"47","35",1791,1722.65775213949,0.961841290976825
"2569",-116.375,37.125,-116.125,36.875,"48","35",28,3.70342204347253,0.132265072981162
"2570",-116.375,36.875,-116.125,36.625,"49","35",0,0,
"2571",-116.375,36.625,-116.125,36.375,"50","35",0,0,
"2572",-116.375,36.375,-116.125,36.125,"51","35",0,0,
"2573",-116.375,36.125,-116.125,35.875,"52","35",0,0,
"2574",-116.375,35.875,-116.125,35.625,"53","35",0,0,
"2575",-116.375,35.625,-116.125,35.375,"54","35",0,0,
"2576",-116.375,35.375,-116.125,35.125,"55","35",0,0,
"2577",-116.375,35.125,-116.125,34.875,"56","35",0,0,
"2578",-116.375,34.875,-116.125,34.625,"57","35",0,0,
"2579",-116.375,34.625,-116.125,34.375,"58","35",0,0,
"2580",-116.375,34.375,-116.125,34.125,"59","35",0,0,
"2581",-116.375,34.125,-116.125,33.875,"60","35",0,0,
"2582",-116.375,33.875,-116.125,33.625,"61","35",0,0,
"2583",-116.375,33.625,-116.125,33.375,"62","35",0,0,
"2584",-116.375,33.375,-116.125,33.125,"63","35",0,0,
"2585",-116.375,33.125,-116.125,32.875,"64","35",0,0,
"2586",-116.375,32.875,-116.125,32.625,"65","35",0,0,
"2587",-116.375,32.625,-116.125,32.375,"66","35",0,0,
"2588",-116.375,32.375,-116.125,32.125,"67","35",0,0,
"2589",-116.375,32.125,-116.125,31.875,"68","35",0,0,
"2590",-116.375,31.875,-116.125,31.625,"69","35",0,0,
"2591",-116.375,31.625,-116.125,31.375,"70","35",0,0,
"2592",-116.375,31.375,-116.125,31.125,"71","35",0,0,
"2593",-116.125,49.125,-115.875,48.875,"0","36",188958,1739120.77187857,9.20374248181377
"2594",-116.125,48.875,-115.875,48.625,"1","36",499196,9477090.08328213,18.984707576347
"2595",-116.125,48.625,-115.875,48.375,"2","36",509163,9538265.89248445,18.7332266729602
"2596",-116.125,48.375,-115.875,48.125,"3","36",412207,7885728.34871033,19.1305056651399
"2597",-116.125,48.125,-115.875,47.875,"4","36",515810,11607418.8373955,22.5032838397773
"2598",-116.125,47.875,-115.875,47.625,"5","36",546323,13926792.6217728,25.4918658408539
"2599",-116.125,47.625,-115.875,47.375,"6","36",544042,12966056.7358538,23.8328230832432
"2600",-116.125,47.375,-115.875,47.125,"7","36",512529,8932869.306476,17.4290026641927
"2601",-116.125,47.125,-115.875,46.875,"8","36",418589,4333306.98146836,10.352175956531
"2602",-116.125,46.875,-115.875,46.625,"9","36",511841,5871916.34773581,11.4721492567727
"2603",-116.125,46.625,-115.875,46.375,"10","36",313171,4863216.54941908,15.5289491984222
"2604",-116.125,46.375,-115.875,46.125,"11","36",77854,1202848.71700031,15.4500567344043
"2605",-116.125,46.125,-115.875,45.875,"12","36",138282,2137883.63506812,15.4603175761713
"2606",-116.125,45.875,-115.875,45.625,"13","36",560657,8241271.57584698,14.6993109438515
"2607",-116.125,45.625,-115.875,45.375,"14","36",454067,5789111.66151559,12.7494657429754
"2608",-116.125,45.375,-115.875,45.125,"15","36",386891,3044640.22331902,7.8695038740085
"2609",-116.125,45.125,-115.875,44.875,"16","36",328332,3149744.88551799,9.59317058805719
"2610",-116.125,44.875,-115.875,44.625,"17","36",383325,4564051.55267696,11.9064802782938
"2611",-116.125,44.625,-115.875,44.375,"18","36",419575,5170487.12634058,12.3231534918443
"2612",-116.125,44.375,-115.875,44.125,"19","36",526592,8938520.23129293,16.9742803371356
"2613",-116.125,44.125,-115.875,43.875,"20","36",418086,6867593.30814817,16.4262694951473
"2614",-116.125,43.875,-115.875,43.625,"21","36",357014,6122980.04349281,17.1505320337376
"2615",-116.125,43.625,-115.875,43.375,"22","36",5903,97373.7891306267,16.4956444402214
"2616",-116.125,43.375,-115.875,43.125,"23","36",0,0,
"2617",-116.125,43.125,-115.875,42.875,"24","36",0,0,
"2618",-116.125,42.875,-115.875,42.625,"25","36",0,0,
"2619",-116.125,42.625,-115.875,42.375,"26","36",63,342.868731476367,5.44236081708518
"2620",-116.125,42.375,-115.875,42.125,"27","36",29,133.45710337162,4.60196908178001
"2621",-116.125,42.125,-115.875,41.875,"28","36",12228,61629.5795410963,5.04003758105139
"2622",-116.125,41.875,-115.875,41.625,"29","36",6735,22210.1054137234,3.29771424108737
"2623",-116.125,41.625,-115.875,41.375,"30","36",13396,32534.9630604936,2.42870730520257
"2624",-116.125,41.375,-115.875,41.125,"31","36",3807,3965.56495677439,1.04165089487113
"2625",-116.125,41.125,-115.875,40.875,"32","36",245,157.666873101145,0.643538257555694
"2626",-116.125,40.875,-115.875,40.625,"33","36",209,130.43920879568,0.624111046869284
"2627",-116.125,40.625,-115.875,40.375,"34","36",11014,18211.4418924129,1.65348119596994
"2628",-116.125,40.375,-115.875,40.125,"35","36",20306,20461.2447923446,1.00764526703165
"2629",-116.125,40.125,-115.875,39.875,"36","36",19795,11590.7655737118,0.585540064345128
"2630",-116.125,39.875,-115.875,39.625,"37","36",4253,3649.44180838834,0.858086482104006
"2631",-116.125,39.625,-115.875,39.375,"38","36",90233,53798.9476694803,0.596222531329783
"2632",-116.125,39.375,-115.875,39.125,"39","36",18517,9524.79961775901,0.514381358630394
"2633",-116.125,39.125,-115.875,38.875,"40","36",28179,21973.0944676938,0.779768425696219
"2634",-116.125,38.875,-115.875,38.625,"41","36",722,1051.19223346375,1.45594492169494
"2635",-116.125,38.625,-115.875,38.375,"42","36",18,28.5166956186295,1.58426086770164
"2636",-116.125,38.375,-115.875,38.125,"43","36",1,1.57850408554077,1.57850408554077
"2637",-116.125,38.125,-115.875,37.875,"44","36",695,1521.07386491355,2.18859548908424
"2638",-116.125,37.875,-115.875,37.625,"45","36",10,9.48660087585449,0.948660087585449
"2639",-116.125,37.625,-115.875,37.375,"46","36",2332,3621.66478456417,1.55302949595376
"2640",-116.125,37.375,-115.875,37.125,"47","36",49,11.1316255363636,0.227176031354359
"2641",-116.125,37.125,-115.875,36.875,"48","36",0,0,
"2642",-116.125,36.875,-115.875,36.625,"49","36",0,0,
"2643",-116.125,36.625,-115.875,36.375,"50","36",0,0,
"2644",-116.125,36.375,-115.875,36.125,"51","36",0,0,
"2645",-116.125,36.125,-115.875,35.875,"52","36",0,0,
"2646",-116.125,35.875,-115.875,35.625,"53","36",0,0,
"2647",-116.125,35.625,-115.875,35.375,"54","36",0,0,
"2648",-116.125,35.375,-115.875,35.125,"55","36",0,0,
"2649",-116.125,35.125,-115.875,34.875,"56","36",0,0,
"2650",-116.125,34.875,-115.875,34.625,"57","36",0,0,
"2651",-116.125,34.625,-115.875,34.375,"58","36",0,0,
"2652",-116.125,34.375,-115.875,34.125,"59","36",0,0,
"2653",-116.125,34.125,-115.875,33.875,"60","36",0,0,
"2654",-116.125,33.875,-115.875,33.625,"61","36",0,0,
"2655",-116.125,33.625,-115.875,33.375,"62","36",0,0,
"2656",-116.125,33.375,-115.875,33.125,"63","36",0,0,
"2657",-116.125,33.125,-115.875,32.875,"64","36",0,0,
"2658",-116.125,32.875,-115.875,32.625,"65","36",0,0,
"2659",-116.125,32.625,-115.875,32.375,"66","36",0,0,
"2660",-116.125,32.375,-115.875,32.125,"67","36",0,0,
"2661",-116.125,32.125,-115.875,31.875,"68","36",0,0,
"2662",-116.125,31.875,-115.875,31.625,"69","36",0,0,
"2663",-116.125,31.625,-115.875,31.375,"70","36",0,0,
"2664",-116.125,31.375,-115.875,31.125,"71","36",0,0,
"2665",-115.875,49.125,-115.625,48.875,"0","37",267721,3996670.36448452,14.9284903481031
"2666",-115.875,48.875,-115.625,48.625,"1","37",529172,9981301.59811204,18.8621121263257
"2667",-115.875,48.625,-115.625,48.375,"2","37",491696,9690990.17582801,19.7093126155755
"2668",-115.875,48.375,-115.625,48.125,"3","37",388890,6980767.97210653,17.9504949268598
"2669",-115.875,48.125,-115.625,47.875,"4","37",473096,10952844.2828203,23.1514201828387
"2670",-115.875,47.875,-115.625,47.625,"5","37",515099,10792173.6833147,20.9516494563466
"2671",-115.875,47.625,-115.625,47.375,"6","37",461688,7368120.42593023,15.9590901776313
"2672",-115.875,47.375,-115.625,47.125,"7","37",501538,7439775.54542137,14.833921946934
"2673",-115.875,47.125,-115.625,46.875,"8","37",419585,5848405.8292761,13.938548397288
"2674",-115.875,46.875,-115.625,46.625,"9","37",511785,6094592.89128007,11.9085023814298
"2675",-115.875,46.625,-115.625,46.375,"10","37",506068,6037697.75296346,11.9306056754497
"2676",-115.875,46.375,-115.625,46.125,"11","37",471731,7825178.06766886,16.5882209726918
"2677",-115.875,46.125,-115.625,45.875,"12","37",540108,7250718.33193451,13.4245712559979
"2678",-115.875,45.875,-115.625,45.625,"13","37",558882,7020792.84477992,12.5622096341981
"2679",-115.875,45.625,-115.625,45.375,"14","37",365036,5386555.50280344,14.7562308999754
"2680",-115.875,45.375,-115.625,45.125,"15","37",374027,2703175.43540971,7.22722005472791
"2681",-115.875,45.125,-115.625,44.875,"16","37",424658,5953689.23262457,14.0199624936409
"2682",-115.875,44.875,-115.625,44.625,"17","37",458711,4810645.54749384,10.4873123764066
"2683",-115.875,44.625,-115.625,44.375,"18","37",513310,5464084.02815659,10.6448033900695
"2684",-115.875,44.375,-115.625,44.125,"19","37",494153,7953490.6442021,16.0951985401325
"2685",-115.875,44.125,-115.625,43.875,"20","37",459573,7833676.43526605,17.045554101886
"2686",-115.875,43.875,-115.625,43.625,"21","37",379129,6132843.91192999,16.1761403425483
"2687",-115.875,43.625,-115.625,43.375,"22","37",17582,199929.684364269,11.3712708659009
"2688",-115.875,43.375,-115.625,43.125,"23","37",109,942.33010233636,8.64523029666385
"2689",-115.875,43.125,-115.625,42.875,"24","37",0,0,
"2690",-115.875,42.875,-115.625,42.625,"25","37",0,0,
"2691",-115.875,42.625,-115.625,42.375,"26","37",8,85.0019376277924,10.625242203474
"2692",-115.875,42.375,-115.625,42.125,"27","37",80,319.271952673793,3.99089940842241
"2693",-115.875,42.125,-115.625,41.875,"28","37",1803,6279.71206827485,3.48292405339703
"2694",-115.875,41.875,-115.625,41.625,"29","37",3427,7211.83238315885,2.10441563558764
"2695",-115.875,41.625,-115.625,41.375,"30","37",172,49.2094347671373,0.286101364925217
"2696",-115.875,41.375,-115.625,41.125,"31","37",35,7.72982332017273,0.220852094862078
"2697",-115.875,41.125,-115.625,40.875,"32","37",46,25.6673463732004,0.557985790721748
"2698",-115.875,40.875,-115.625,40.625,"33","37",78,27.6279973487653,0.35420509421494
"2699",-115.875,40.625,-115.625,40.375,"34","37",2000,835.764288301705,0.417882144150852
"2700",-115.875,40.375,-115.625,40.125,"35","37",1968,2422.81604539478,1.23110571412336
"2701",-115.875,40.125,-115.625,39.875,"36","37",39446,62387.9043462288,1.58160280754015
"2702",-115.875,39.875,-115.625,39.625,"37","37",32699,54928.9244064534,1.67983499209313
"2703",-115.875,39.625,-115.625,39.375,"38","37",18386,22735.5820053476,1.23657032553832
"2704",-115.875,39.375,-115.625,39.125,"39","37",23895,5303.38591793391,0.221945424479343
"2705",-115.875,39.125,-115.625,38.875,"40","37",7580,6464.32981780567,0.852813960132674
"2706",-115.875,38.875,-115.625,38.625,"41","37",1911,2996.95873194188,1.56826725899627
"2707",-115.875,38.625,-115.625,38.375,"42","37",2,0.0580290481448174,0.0290145240724087
"2708",-115.875,38.375,-115.625,38.125,"43","37",46564,113482.077741505,2.43712047378886
"2709",-115.875,38.125,-115.625,37.875,"44","37",53982,116206.020866146,2.15268090967629
"2710",-115.875,37.875,-115.625,37.625,"45","37",19,28.9079121351242,1.52146905974338
"2711",-115.875,37.625,-115.625,37.375,"46","37",3479,4717.17369710095,1.35589930931329
"2712",-115.875,37.375,-115.625,37.125,"47","37",1,0.0290145240724087,0.0290145240724087
"2713",-115.875,37.125,-115.625,36.875,"48","37",0,0,
"2714",-115.875,36.875,-115.625,36.625,"49","37",0,0,
"2715",-115.875,36.625,-115.625,36.375,"50","37",0,0,
"2716",-115.875,36.375,-115.625,36.125,"51","37",0,0,
"2717",-115.875,36.125,-115.625,35.875,"52","37",0,0,
"2718",-115.875,35.875,-115.625,35.625,"53","37",0,0,
"2719",-115.875,35.625,-115.625,35.375,"54","37",0,0,
"2720",-115.875,35.375,-115.625,35.125,"55","37",0,0,
"2721",-115.875,35.125,-115.625,34.875,"56","37",0,0,
"2722",-115.875,34.875,-115.625,34.625,"57","37",0,0,
"2723",-115.875,34.625,-115.625,34.375,"58","37",0,0,
"2724",-115.875,34.375,-115.625,34.125,"59","37",0,0,
"2725",-115.875,34.125,-115.625,33.875,"60","37",0,0,
"2726",-115.875,33.875,-115.625,33.625,"61","37",0,0,
"2727",-115.875,33.625,-115.625,33.375,"62","37",0,0,
"2728",-115.875,33.375,-115.625,33.125,"63","37",0,0,
"2729",-115.875,33.125,-115.625,32.875,"64","37",0,0,
"2730",-115.875,32.875,-115.625,32.625,"65","37",0,0,
"2731",-115.875,32.625,-115.625,32.375,"66","37",0,0,
"2732",-115.875,32.375,-115.625,32.125,"67","37",0,0,
"2733",-115.875,32.125,-115.625,31.875,"68","37",0,0,
"2734",-115.875,31.875,-115.625,31.625,"69","37",0,0,
"2735",-115.875,31.625,-115.625,31.375,"70","37",0,0,
"2736",-115.875,31.375,-115.625,31.125,"71","37",0,0,
"2737",-115.625,49.125,-115.375,48.875,"0","38",249720,3671896.93559713,14.7040562854282
"2738",-115.625,48.875,-115.375,48.625,"1","38",508582,6347979.65385855,12.4817230139064
"2739",-115.625,48.625,-115.375,48.375,"2","38",499763,10606896.2068333,21.223852519761
"2740",-115.625,48.375,-115.375,48.125,"3","38",507836,8936498.55110185,17.5972135711172
"2741",-115.625,48.125,-115.375,47.875,"4","38",470075,6876156.34256765,14.6277856566881
"2742",-115.625,47.875,-115.375,47.625,"5","38",479046,9959384.75907038,20.7900384494816
"2743",-115.625,47.625,-115.375,47.375,"6","38",521393,9861053.3928411,18.9128994690015
"2744",-115.625,47.375,-115.375,47.125,"7","38",505829,9235730.46091316,18.2586021381003
"2745",-115.625,47.125,-115.375,46.875,"8","38",435168,6561410.08888088,15.0778781732133
"2746",-115.625,46.875,-115.375,46.625,"9","38",517250,10415741.0788702,20.1367638064189
"2747",-115.625,46.625,-115.375,46.375,"10","38",486590,8442748.65788107,17.3508470331924
"2748",-115.625,46.375,-115.375,46.125,"11","38",546355,9454041.15461842,17.3038430226106
"2749",-115.625,46.125,-115.375,45.875,"12","38",570893,8730903.46660119,15.2934148195917
"2750",-115.625,45.875,-115.375,45.625,"13","38",563565,6416216.30746034,11.3850510721218
"2751",-115.625,45.625,-115.375,45.375,"14","38",428325,5485318.20020043,12.806439503182
"2752",-115.625,45.375,-115.375,45.125,"15","38",371339,5797801.64796595,15.6132311660395
"2753",-115.625,45.125,-115.375,44.875,"16","38",423151,4380036.53690314,10.3510012664584
"2754",-115.625,44.875,-115.375,44.625,"17","38",391085,2315671.11338448,5.92114530954776
"2755",-115.625,44.625,-115.375,44.375,"18","38",358251,2118947.23557845,5.91470012806232
"2756",-115.625,44.375,-115.375,44.125,"19","38",415967,3856311.89306594,9.27071592954714
"2757",-115.625,44.125,-115.375,43.875,"20","38",468483,6750411.0977901,14.4090844231063
"2758",-115.625,43.875,-115.375,43.625,"21","38",264863,4333395.2746449,16.3608932717854
"2759",-115.625,43.625,-115.375,43.375,"22","38",179026,2486577.28088928,13.889475723578
"2760",-115.625,43.375,-115.375,43.125,"23","38",27946,393327.434748387,14.0745521630425
"2761",-115.625,43.125,-115.375,42.875,"24","38",0,0,
"2762",-115.625,42.875,-115.375,42.625,"25","38",0,0,
"2763",-115.625,42.625,-115.375,42.375,"26","38",0,0,
"2764",-115.625,42.375,-115.375,42.125,"27","38",16,139.009446714073,8.68809041962959
"2765",-115.625,42.125,-115.375,41.875,"28","38",3619,9178.27157578382,2.53613472666035
"2766",-115.625,41.875,-115.375,41.625,"29","38",31678,81085.7850117084,2.55968763847807
"2767",-115.625,41.625,-115.375,41.375,"30","38",361,167.192667891271,0.463137584186347
"2768",-115.625,41.375,-115.375,41.125,"31","38",113,99.4692403748631,0.88025876437932
"2769",-115.625,41.125,-115.375,40.875,"32","38",11,5.23159756883979,0.475599778985435
"2770",-115.625,40.875,-115.375,40.625,"33","38",43366,107064.294968626,2.46885336366338
"2771",-115.625,40.625,-115.375,40.375,"34","38",119446,288839.840650011,2.41816252239515
"2772",-115.625,40.375,-115.375,40.125,"35","38",59250,115660.437279281,1.95207489078956
"2773",-115.625,40.125,-115.375,39.875,"36","38",62950,44516.5581911691,0.707173283418095
"2774",-115.625,39.875,-115.375,39.625,"37","38",53598,22717.2858770363,0.423845775533347
"2775",-115.625,39.625,-115.375,39.375,"38","38",7460,2041.20323301191,0.273619736328674
"2776",-115.625,39.375,-115.375,39.125,"39","38",108738,94245.587296538,0.866721728342787
"2777",-115.625,39.125,-115.375,38.875,"40","38",88833,116513.405851495,1.31160048463403
"2778",-115.625,38.875,-115.375,38.625,"41","38",29449,35232.4784509329,1.19638963804995
"2779",-115.625,38.625,-115.375,38.375,"42","38",92125,91951.7945669268,0.998119886750902
"2780",-115.625,38.375,-115.375,38.125,"43","38",92837,163237.470586049,1.7583234118514
"2781",-115.625,38.125,-115.375,37.875,"44","38",2189,4349.41258140095,1.98694042092323
"2782",-115.625,37.875,-115.375,37.625,"45","38",8857,12589.8540806612,1.42145806488215
"2783",-115.625,37.625,-115.375,37.375,"46","38",576,39.0467813992873,0.0677895510404293
"2784",-115.625,37.375,-115.375,37.125,"47","38",0,0,
"2785",-115.625,37.125,-115.375,36.875,"48","38",0,0,
"2786",-115.625,36.875,-115.375,36.625,"49","38",0,0,
"2787",-115.625,36.625,-115.375,36.375,"50","38",0,0,
"2788",-115.625,36.375,-115.375,36.125,"51","38",0,0,
"2789",-115.625,36.125,-115.375,35.875,"52","38",0,0,
"2790",-115.625,35.875,-115.375,35.625,"53","38",0,0,
"2791",-115.625,35.625,-115.375,35.375,"54","38",0,0,
"2792",-115.625,35.375,-115.375,35.125,"55","38",0,0,
"2793",-115.625,35.125,-115.375,34.875,"56","38",0,0,
"2794",-115.625,34.875,-115.375,34.625,"57","38",0,0,
"2795",-115.625,34.625,-115.375,34.375,"58","38",0,0,
"2796",-115.625,34.375,-115.375,34.125,"59","38",0,0,
"2797",-115.625,34.125,-115.375,33.875,"60","38",0,0,
"2798",-115.625,33.875,-115.375,33.625,"61","38",0,0,
"2799",-115.625,33.625,-115.375,33.375,"62","38",0,0,
"2800",-115.625,33.375,-115.375,33.125,"63","38",0,0,
"2801",-115.625,33.125,-115.375,32.875,"64","38",0,0,
"2802",-115.625,32.875,-115.375,32.625,"65","38",0,0,
"2803",-115.625,32.625,-115.375,32.375,"66","38",0,0,
"2804",-115.625,32.375,-115.375,32.125,"67","38",0,0,
"2805",-115.625,32.125,-115.375,31.875,"68","38",0,0,
"2806",-115.625,31.875,-115.375,31.625,"69","38",0,0,
"2807",-115.625,31.625,-115.375,31.375,"70","38",0,0,
"2808",-115.625,31.375,-115.375,31.125,"71","38",0,0,
"2809",-115.375,49.125,-115.125,48.875,"0","39",197994,2835617.98003029,14.3217369214738
"2810",-115.375,48.875,-115.125,48.625,"1","39",465936,6314784.74146084,13.5529015604307
"2811",-115.375,48.625,-115.125,48.375,"2","39",486245,10133735.4576124,20.8408013606565
"2812",-115.375,48.375,-115.125,48.125,"3","39",493557,7220754.27591407,14.6300311330081
"2813",-115.375,48.125,-115.125,47.875,"4","39",473877,6040966.80021307,12.7479637125521
"2814",-115.375,47.875,-115.125,47.625,"5","39",485487,7478210.93372636,15.40352457167
"2815",-115.375,47.625,-115.125,47.375,"6","39",490839,10583959.7151493,21.5629966550117
"2816",-115.375,47.375,-115.125,47.125,"7","39",515724,11356847.6643363,22.0211734655286
"2817",-115.375,47.125,-115.125,46.875,"8","39",418695,5525827.96546122,13.1977405162737
"2818",-115.375,46.875,-115.125,46.625,"9","39",456366,7157142.08893032,15.6828994467825
"2819",-115.375,46.625,-115.125,46.375,"10","39",419061,4950456.55718941,11.8132122941276
"2820",-115.375,46.375,-115.125,46.125,"11","39",458332,5171415.71259909,11.2831216511155
"2821",-115.375,46.125,-115.125,45.875,"12","39",540976,9089205.96245462,16.8014957455684
"2822",-115.375,45.875,-115.125,45.625,"13","39",535072,5306925.24485889,9.9181516596998
"2823",-115.375,45.625,-115.125,45.375,"14","39",453774,5746613.72414537,12.6640436079312
"2824",-115.375,45.375,-115.125,45.125,"15","39",422304,5031317.63034853,11.9139710501168
"2825",-115.375,45.125,-115.125,44.875,"16","39",386337,4121716.29169895,10.6687070917333
"2826",-115.375,44.875,-115.125,44.625,"17","39",361445,4480631.65895634,12.3964411154016
"2827",-115.375,44.625,-115.125,44.375,"18","39",401496,4133879.47226419,10.296190926595
"2828",-115.375,44.375,-115.125,44.125,"19","39",388643,4572996.1921066,11.7665729013686
"2829",-115.375,44.125,-115.125,43.875,"20","39",308817,3979999.08258115,12.8878885637162
"2830",-115.375,43.875,-115.125,43.625,"21","39",354559,5699901.54571462,16.076031198516
"2831",-115.375,43.625,-115.125,43.375,"22","39",269769,4991282.77531574,18.5020620431397
"2832",-115.375,43.375,-115.125,43.125,"23","39",9088,113787.821673704,12.5206669975466
"2833",-115.375,43.125,-115.125,42.875,"24","39",0,0,
"2834",-115.375,42.875,-115.125,42.625,"25","39",0,0,
"2835",-115.375,42.625,-115.125,42.375,"26","39",0,0,
"2836",-115.375,42.375,-115.125,42.125,"27","39",20,41.4035583771765,2.07017791885883
"2837",-115.375,42.125,-115.125,41.875,"28","39",2183,4724.24519137296,2.16410682151762
"2838",-115.375,41.875,-115.125,41.625,"29","39",35985,83930.1617493804,2.33236520076088
"2839",-115.375,41.625,-115.125,41.375,"30","39",298,80.40468814224,0.269814389739061
"2840",-115.375,41.375,-115.125,41.125,"31","39",101,30.194364456227,0.298954103527
"2841",-115.375,41.125,-115.125,40.875,"32","39",24430,40486.7367771584,1.65725488240517
"2842",-115.375,40.875,-115.125,40.625,"33","39",43957,79425.5828074387,1.80689270895281
"2843",-115.375,40.625,-115.125,40.375,"34","39",13202,24973.6978847677,1.89166019427115
"2844",-115.375,40.375,-115.125,40.125,"35","39",53195,26374.5880184982,0.4958095313187
"2845",-115.375,40.125,-115.125,39.875,"36","39",75530,33400.6034142367,0.442216383082705
"2846",-115.375,39.875,-115.125,39.625,"37","39",39922,36794.4339435154,0.921658081847488
"2847",-115.375,39.625,-115.125,39.375,"38","39",20934,7344.01182766412,0.350817417964275
"2848",-115.375,39.375,-115.125,39.125,"39","39",68793,38886.82085748,0.565272932674545
"2849",-115.375,39.125,-115.125,38.875,"40","39",74809,46333.0260028991,0.619350960484689
"2850",-115.375,38.875,-115.125,38.625,"41","39",40135,18809.0361155085,0.468644228616132
"2851",-115.375,38.625,-115.125,38.375,"42","39",31629,19822.2563976463,0.626711448279942
"2852",-115.375,38.375,-115.125,38.125,"43","39",311,219.107138595526,0.704524561400404
"2853",-115.375,38.125,-115.125,37.875,"44","39",157,18.4739021197893,0.117668166368085
"2854",-115.375,37.875,-115.125,37.625,"45","39",868,700.259574466385,0.806750661827632
"2855",-115.375,37.625,-115.125,37.375,"46","39",46,12.1985880481079,0.265186696697998
"2856",-115.375,37.375,-115.125,37.125,"47","39",2092,2508.18803865882,1.19894265710268
"2857",-115.375,37.125,-115.125,36.875,"48","39",0,0,
"2858",-115.375,36.875,-115.125,36.625,"49","39",0,0,
"2859",-115.375,36.625,-115.125,36.375,"50","39",0,0,
"2860",-115.375,36.375,-115.125,36.125,"51","39",0,0,
"2861",-115.375,36.125,-115.125,35.875,"52","39",0,0,
"2862",-115.375,35.875,-115.125,35.625,"53","39",0,0,
"2863",-115.375,35.625,-115.125,35.375,"54","39",0,0,
"2864",-115.375,35.375,-115.125,35.125,"55","39",0,0,
"2865",-115.375,35.125,-115.125,34.875,"56","39",0,0,
"2866",-115.375,34.875,-115.125,34.625,"57","39",0,0,
"2867",-115.375,34.625,-115.125,34.375,"58","39",0,0,
"2868",-115.375,34.375,-115.125,34.125,"59","39",0,0,
"2869",-115.375,34.125,-115.125,33.875,"60","39",0,0,
"2870",-115.375,33.875,-115.125,33.625,"61","39",0,0,
"2871",-115.375,33.625,-115.125,33.375,"62","39",0,0,
"2872",-115.375,33.375,-115.125,33.125,"63","39",0,0,
"2873",-115.375,33.125,-115.125,32.875,"64","39",0,0,
"2874",-115.375,32.875,-115.125,32.625,"65","39",0,0,
"2875",-115.375,32.625,-115.125,32.375,"66","39",0,0,
"2876",-115.375,32.375,-115.125,32.125,"67","39",0,0,
"2877",-115.375,32.125,-115.125,31.875,"68","39",0,0,
"2878",-115.375,31.875,-115.125,31.625,"69","39",0,0,
"2879",-115.375,31.625,-115.125,31.375,"70","39",0,0,
"2880",-115.375,31.375,-115.125,31.125,"71","39",0,0,
"2881",-115.125,49.125,-114.875,48.875,"0","40",131764,2127003.56622375,16.1425242571852
"2882",-115.125,48.875,-114.875,48.625,"1","40",497173,8057367.1108037,16.2063650093704
"2883",-115.125,48.625,-114.875,48.375,"2","40",539416,7101962.36714915,13.1660209692504
"2884",-115.125,48.375,-114.875,48.125,"3","40",501887,6604878.65854516,13.1600911331538
"2885",-115.125,48.125,-114.875,47.875,"4","40",515763,6202470.59538659,12.0258153364755
"2886",-115.125,47.875,-114.875,47.625,"5","40",489491,7710861.02077788,15.7528147009401
"2887",-115.125,47.625,-114.875,47.375,"6","40",452154,8385036.70190383,18.5446478454328
"2888",-115.125,47.375,-114.875,47.125,"7","40",502627,12144584.4516747,24.1622205963362
"2889",-115.125,47.125,-114.875,46.875,"8","40",404503,5913537.20046938,14.6192666073413
"2890",-115.125,46.875,-114.875,46.625,"9","40",432656,7320086.38029057,16.9189526558988
"2891",-115.125,46.625,-114.875,46.375,"10","40",488517,7573780.86678478,15.5036178204336
"2892",-115.125,46.375,-114.875,46.125,"11","40",498094,6580887.94886453,13.2121405776109
"2893",-115.125,46.125,-114.875,45.875,"12","40",480074,7165369.45869981,14.9255520163554
"2894",-115.125,45.875,-114.875,45.625,"13","40",486952,4932183.17668578,10.128684504193
"2895",-115.125,45.625,-114.875,45.375,"14","40",419421,7045369.97919862,16.7978474592322
"2896",-115.125,45.375,-114.875,45.125,"15","40",454487,7871844.16438285,17.3202845502354
"2897",-115.125,45.125,-114.875,44.875,"16","40",405734,7188823.57495178,17.718070398221
"2898",-115.125,44.875,-114.875,44.625,"17","40",372271,6655700.8162403,17.8786443645632
"2899",-115.125,44.625,-114.875,44.375,"18","40",342579,3799791.1108034,11.091722232838
"2900",-115.125,44.375,-114.875,44.125,"19","40",340163,3341124.54959892,9.82212806683537
"2901",-115.125,44.125,-114.875,43.875,"20","40",261964,2234405.26995195,8.52943637275333
"2902",-115.125,43.875,-114.875,43.625,"21","40",299673,4446565.17140617,14.8380573872393
"2903",-115.125,43.625,-114.875,43.375,"22","40",244079,5401689.48454446,22.1309063235447
"2904",-115.125,43.375,-114.875,43.125,"23","40",250,2314.72242390644,9.25888969562575
"2905",-115.125,43.125,-114.875,42.875,"24","40",0,0,
"2906",-115.125,42.875,-114.875,42.625,"25","40",0,0,
"2907",-115.125,42.625,-114.875,42.375,"26","40",0,0,
"2908",-115.125,42.375,-114.875,42.125,"27","40",34,43.6464969031513,1.28372049715151
"2909",-115.125,42.125,-114.875,41.875,"28","40",5355,9244.10361667129,1.72625651104973
"2910",-115.125,41.875,-114.875,41.625,"29","40",493,447.604698804091,0.90792028154988
"2911",-115.125,41.625,-114.875,41.375,"30","40",4243,13360.2420112915,3.14877256924146
"2912",-115.125,41.375,-114.875,41.125,"31","40",3093,2522.66355225611,0.81560412294087
"2913",-115.125,41.125,-114.875,40.875,"32","40",37227,53093.5650583674,1.42621121923248
"2914",-115.125,40.875,-114.875,40.625,"33","40",16049,18853.9276111722,1.17477273419977
"2915",-115.125,40.625,-114.875,40.375,"34","40",5501,2890.24546957635,0.525403648350546
"2916",-115.125,40.375,-114.875,40.125,"35","40",81700,100327.655736007,1.22800068220327
"2917",-115.125,40.125,-114.875,39.875,"36","40",50236,78804.7368479231,1.56869051771485
"2918",-115.125,39.875,-114.875,39.625,"37","40",89626,83011.1312708913,0.926194756776955
"2919",-115.125,39.625,-114.875,39.375,"38","40",93943,77872.0905010389,0.828929143214917
"2920",-115.125,39.375,-114.875,39.125,"39","40",148706,118600.055265816,0.797547209028661
"2921",-115.125,39.125,-114.875,38.875,"40","40",99384,162590.183143498,1.63597946493901
"2922",-115.125,38.875,-114.875,38.625,"41","40",125827,117618.749041291,0.93476558323167
"2923",-115.125,38.625,-114.875,38.375,"42","40",84295,66631.8226240599,0.790459963509816
"2924",-115.125,38.375,-114.875,38.125,"43","40",21104,6079.75274167021,0.288085327031379
"2925",-115.125,38.125,-114.875,37.875,"44","40",43567,24576.451210443,0.564107035380976
"2926",-115.125,37.875,-114.875,37.625,"45","40",94,19.7393346214667,0.209992921504965
"2927",-115.125,37.625,-114.875,37.375,"46","40",620,406.150168218184,0.655080916480942
"2928",-115.125,37.375,-114.875,37.125,"47","40",0,0,
"2929",-115.125,37.125,-114.875,36.875,"48","40",0,0,
"2930",-115.125,36.875,-114.875,36.625,"49","40",0,0,
"2931",-115.125,36.625,-114.875,36.375,"50","40",0,0,
"2932",-115.125,36.375,-114.875,36.125,"51","40",0,0,
"2933",-115.125,36.125,-114.875,35.875,"52","40",0,0,
"2934",-115.125,35.875,-114.875,35.625,"53","40",0,0,
"2935",-115.125,35.625,-114.875,35.375,"54","40",0,0,
"2936",-115.125,35.375,-114.875,35.125,"55","40",0,0,
"2937",-115.125,35.125,-114.875,34.875,"56","40",0,0,
"2938",-115.125,34.875,-114.875,34.625,"57","40",0,0,
"2939",-115.125,34.625,-114.875,34.375,"58","40",0,0,
"2940",-115.125,34.375,-114.875,34.125,"59","40",0,0,
"2941",-115.125,34.125,-114.875,33.875,"60","40",0,0,
"2942",-115.125,33.875,-114.875,33.625,"61","40",0,0,
"2943",-115.125,33.625,-114.875,33.375,"62","40",0,0,
"2944",-115.125,33.375,-114.875,33.125,"63","40",0,0,
"2945",-115.125,33.125,-114.875,32.875,"64","40",0,0,
"2946",-115.125,32.875,-114.875,32.625,"65","40",0,0,
"2947",-115.125,32.625,-114.875,32.375,"66","40",0,0,
"2948",-115.125,32.375,-114.875,32.125,"67","40",0,0,
"2949",-115.125,32.125,-114.875,31.875,"68","40",0,0,
"2950",-115.125,31.875,-114.875,31.625,"69","40",0,0,
"2951",-115.125,31.625,-114.875,31.375,"70","40",0,0,
"2952",-115.125,31.375,-114.875,31.125,"71","40",0,0,
"2953",-114.875,49.125,-114.625,48.875,"0","41",161059,1508785.61428439,9.36790625972092
"2954",-114.875,48.875,-114.625,48.625,"1","41",398876,6224919.97839264,15.6061532365764
"2955",-114.875,48.625,-114.625,48.375,"2","41",530906,6465651.56880999,12.178524199783
"2956",-114.875,48.375,-114.625,48.125,"3","41",516153,5448730.37557416,10.5564248886942
"2957",-114.875,48.125,-114.625,47.875,"4","41",474032,4575250.09453671,9.65177476317361
"2958",-114.875,47.875,-114.625,47.625,"5","41",348011,3801450.83731994,10.9233640238956
"2959",-114.875,47.625,-114.625,47.375,"6","41",347032,5022700.88887914,14.4733076168167
"2960",-114.875,47.375,-114.625,47.125,"7","41",493840,9575257.3184192,19.3893919456083
"2961",-114.875,47.125,-114.625,46.875,"8","41",496706,10819397.5947739,21.7822969619329
"2962",-114.875,46.875,-114.625,46.625,"9","41",355337,4489714.25228599,12.635087965188
"2963",-114.875,46.625,-114.625,46.375,"10","41",478072,6571311.55433369,13.7454432686576
"2964",-114.875,46.375,-114.625,46.125,"11","41",459019,5132412.82749822,11.1812644520123
"2965",-114.875,46.125,-114.625,45.875,"12","41",485326,8885659.98312384,18.3086419914116
"2966",-114.875,45.875,-114.625,45.625,"13","41",513404,9112533.30379661,17.7492448516112
"2967",-114.875,45.625,-114.625,45.375,"14","41",361890,5272685.45365257,14.5698567345121
"2968",-114.875,45.375,-114.625,45.125,"15","41",321872,5049831.88154799,15.6889443056494
"2969",-114.875,45.125,-114.625,44.875,"16","41",233755,3827280.17316578,16.3730408896742
"2970",-114.875,44.875,-114.625,44.625,"17","41",304912,5358272.39572284,17.5731765090349
"2971",-114.875,44.625,-114.625,44.375,"18","41",340059,4270150.15399832,12.5570861350481
"2972",-114.875,44.375,-114.625,44.125,"19","41",392016,6015994.89874939,15.3462993825492
"2973",-114.875,44.125,-114.625,43.875,"20","41",246428,2605985.43961693,10.5750378999827
"2974",-114.875,43.875,-114.625,43.625,"21","41",363353,5451977.06164964,15.0046292769005
"2975",-114.875,43.625,-114.625,43.375,"22","41",222931,5127466.38936128,23.0002394882779
"2976",-114.875,43.375,-114.625,43.125,"23","41",57,574.502652585506,10.0789939050089
"2977",-114.875,43.125,-114.625,42.875,"24","41",0,0,
"2978",-114.875,42.875,-114.625,42.625,"25","41",0,0,
"2979",-114.875,42.625,-114.625,42.375,"26","41",1,1.59309995174408,1.59309995174408
"2980",-114.875,42.375,-114.625,42.125,"27","41",41,105.522723317146,2.57372495895479
"2981",-114.875,42.125,-114.625,41.875,"28","41",648,1236.93677988974,1.90885305538541
"2982",-114.875,41.875,-114.625,41.625,"29","41",277,1203.71302790986,4.34553439678651
"2983",-114.875,41.625,-114.625,41.375,"30","41",627,181.087926122651,0.288816469095137
"2984",-114.875,41.375,-114.625,41.125,"31","41",9226,2354.2393742109,0.255174438999664
"2985",-114.875,41.125,-114.625,40.875,"32","41",46074,38631.4610058591,0.838465533833814
"2986",-114.875,40.875,-114.625,40.625,"33","41",18936,31598.7462155482,1.66871283352071
"2987",-114.875,40.625,-114.625,40.375,"34","41",89858,112708.355884553,1.25429406268282
"2988",-114.875,40.375,-114.625,40.125,"35","41",25185,34777.0563794995,1.38086386259676
"2989",-114.875,40.125,-114.625,39.875,"36","41",52030,124709.262922357,2.39687224528842
"2990",-114.875,39.875,-114.625,39.625,"37","41",59209,115572.389830141,1.951939567129
"2991",-114.875,39.625,-114.625,39.375,"38","41",57850,87382.2532733677,1.51049703151889
"2992",-114.875,39.375,-114.625,39.125,"39","41",150241,275090.894249688,1.8309974923602
"2993",-114.875,39.125,-114.625,38.875,"40","41",182275,169127.65994915,0.927870854199148
"2994",-114.875,38.875,-114.625,38.625,"41","41",193375,160739.132499545,0.831230161600752
"2995",-114.875,38.625,-114.625,38.375,"42","41",77632,51658.1037563422,0.665422812195257
"2996",-114.875,38.375,-114.625,38.125,"43","41",49017,27571.6511586422,0.562491608189857
"2997",-114.875,38.125,-114.625,37.875,"44","41",3154,954.032998964176,0.30248351267095
"2998",-114.875,37.875,-114.625,37.625,"45","41",229,59.3931322908029,0.259358656291716
"2999",-114.875,37.625,-114.625,37.375,"46","41",13377,14782.3371264571,1.10505622534628
"3000",-114.875,37.375,-114.625,37.125,"47","41",9875,12113.4827587127,1.22668179835066
"3001",-114.875,37.125,-114.625,36.875,"48","41",0,0,
"3002",-114.875,36.875,-114.625,36.625,"49","41",0,0,
"3003",-114.875,36.625,-114.625,36.375,"50","41",0,0,
"3004",-114.875,36.375,-114.625,36.125,"51","41",0,0,
"3005",-114.875,36.125,-114.625,35.875,"52","41",0,0,
"3006",-114.875,35.875,-114.625,35.625,"53","41",0,0,
"3007",-114.875,35.625,-114.625,35.375,"54","41",0,0,
"3008",-114.875,35.375,-114.625,35.125,"55","41",0,0,
"3009",-114.875,35.125,-114.625,34.875,"56","41",0,0,
"3010",-114.875,34.875,-114.625,34.625,"57","41",0,0,
"3011",-114.875,34.625,-114.625,34.375,"58","41",0,0,
"3012",-114.875,34.375,-114.625,34.125,"59","41",0,0,
"3013",-114.875,34.125,-114.625,33.875,"60","41",0,0,
"3014",-114.875,33.875,-114.625,33.625,"61","41",0,0,
"3015",-114.875,33.625,-114.625,33.375,"62","41",0,0,
"3016",-114.875,33.375,-114.625,33.125,"63","41",0,0,
"3017",-114.875,33.125,-114.625,32.875,"64","41",0,0,
"3018",-114.875,32.875,-114.625,32.625,"65","41",0,0,
"3019",-114.875,32.625,-114.625,32.375,"66","41",0,0,
"3020",-114.875,32.375,-114.625,32.125,"67","41",0,0,
"3021",-114.875,32.125,-114.625,31.875,"68","41",0,0,
"3022",-114.875,31.875,-114.625,31.625,"69","41",0,0,
"3023",-114.875,31.625,-114.625,31.375,"70","41",0,0,
"3024",-114.875,31.375,-114.625,31.125,"71","41",0,0,
"3025",-114.625,49.125,-114.375,48.875,"0","42",203954,1606023.14139079,7.8744380663816
"3026",-114.625,48.875,-114.375,48.625,"1","42",357444,3294676.63677288,9.21732253660121
"3027",-114.625,48.625,-114.375,48.375,"2","42",455247,6581322.88390504,14.4565980311897
"3028",-114.625,48.375,-114.375,48.125,"3","42",417849,5479923.21837222,13.1146017302237
"3029",-114.625,48.125,-114.375,47.875,"4","42",470667,5719775.42208494,12.1524887491261
"3030",-114.625,47.875,-114.375,47.625,"5","42",160417,2325314.1834726,14.495434919445
"3031",-114.625,47.625,-114.375,47.375,"6","42",63418,956796.533013017,15.0871445490715
"3032",-114.625,47.375,-114.375,47.125,"7","42",413110,6758799.56372271,16.3607745242737
"3033",-114.625,47.125,-114.375,46.875,"8","42",489347,9152051.25966229,18.7025796820299
"3034",-114.625,46.875,-114.375,46.625,"9","42",529196,10060754.5142952,19.0113956157929
"3035",-114.625,46.625,-114.375,46.375,"10","42",426881,4019030.36190885,9.41487290816142
"3036",-114.625,46.375,-114.375,46.125,"11","42",317031,2244204.60925874,7.07881755808971
"3037",-114.625,46.125,-114.375,45.875,"12","42",315280,3554986.78954162,11.2756495481528
"3038",-114.625,45.875,-114.375,45.625,"13","42",485532,7134071.1625207,14.6933078819124
"3039",-114.625,45.625,-114.375,45.375,"14","42",403308,4693953.97301639,11.6386334340414
"3040",-114.625,45.375,-114.375,45.125,"15","42",280276,4778729.26398657,17.0500837174306
"3041",-114.625,45.125,-114.375,44.875,"16","42",461316,7738919.26382594,16.7757443137154
"3042",-114.625,44.875,-114.375,44.625,"17","42",416056,7662354.9363735,18.4166432796871
"3043",-114.625,44.625,-114.375,44.375,"18","42",383657,5098546.48959237,13.2893352384874
"3044",-114.625,44.375,-114.375,44.125,"19","42",325569,6633381.47431725,20.3747330805981
"3045",-114.625,44.125,-114.375,43.875,"20","42",285063,4107946.60885518,14.4106622355591
"3046",-114.625,43.875,-114.375,43.625,"21","42",327333,6360960.93228401,19.4326906614488
"3047",-114.625,43.625,-114.375,43.375,"22","42",159472,3612351.80525247,22.6519502185491
"3048",-114.625,43.375,-114.375,43.125,"23","42",9,37.167008638382,4.12966762648688
"3049",-114.625,43.125,-114.375,42.875,"24","42",3,3.98679533600807,1.32893177866936
"3050",-114.625,42.875,-114.375,42.625,"25","42",0,0,
"3051",-114.625,42.625,-114.375,42.375,"26","42",4,18.9193096160889,4.72982740402222
"3052",-114.625,42.375,-114.375,42.125,"27","42",180,950.739269647747,5.28188483137637
"3053",-114.625,42.125,-114.375,41.875,"28","42",16,94.925661444664,5.9328538402915
"3054",-114.625,41.875,-114.375,41.625,"29","42",644,1281.09725304646,1.98928144882991
"3055",-114.625,41.625,-114.375,41.375,"30","42",7190,874.618986744295,0.12164380900477
"3056",-114.625,41.375,-114.375,41.125,"31","42",15803,3140.70394840839,0.198740995279909
"3057",-114.625,41.125,-114.375,40.875,"32","42",57231,55549.8224434955,0.970624704155012
"3058",-114.625,40.875,-114.375,40.625,"33","42",38487,50590.6282098741,1.31448614362964
"3059",-114.625,40.625,-114.375,40.375,"34","42",11393,6983.73259939387,0.612984516755365
"3060",-114.625,40.375,-114.375,40.125,"35","42",31252,43352.2429248464,1.38718299388348
"3061",-114.625,40.125,-114.375,39.875,"36","42",97887,116707.063524291,1.19226315572335
"3062",-114.625,39.875,-114.375,39.625,"37","42",57405,89340.7730303898,1.55632389217646
"3063",-114.625,39.625,-114.375,39.375,"38","42",76410,187834.311953709,2.45824253309395
"3064",-114.625,39.375,-114.375,39.125,"39","42",93393,203872.523829113,2.18295293896879
"3065",-114.625,39.125,-114.375,38.875,"40","42",46479,40797.7014057264,0.877766333305933
"3066",-114.625,38.875,-114.375,38.625,"41","42",19331,11638.6870163237,0.602073716637715
"3067",-114.625,38.625,-114.375,38.375,"42","42",34565,41700.0076301753,1.20642290265226
"3068",-114.625,38.375,-114.375,38.125,"43","42",45901,71792.708582328,1.56407722233346
"3069",-114.625,38.125,-114.375,37.875,"44","42",66441,113495.612874702,1.70821650599332
"3070",-114.625,37.875,-114.375,37.625,"45","42",10200,7147.2235742787,0.700708193556735
"3071",-114.625,37.625,-114.375,37.375,"46","42",11904,17704.2370412291,1.48725109553336
"3072",-114.625,37.375,-114.375,37.125,"47","42",1,0.0290145240724087,0.0290145240724087
"3073",-114.625,37.125,-114.375,36.875,"48","42",0,0,
"3074",-114.625,36.875,-114.375,36.625,"49","42",0,0,
"3075",-114.625,36.625,-114.375,36.375,"50","42",0,0,
"3076",-114.625,36.375,-114.375,36.125,"51","42",0,0,
"3077",-114.625,36.125,-114.375,35.875,"52","42",0,0,
"3078",-114.625,35.875,-114.375,35.625,"53","42",0,0,
"3079",-114.625,35.625,-114.375,35.375,"54","42",0,0,
"3080",-114.625,35.375,-114.375,35.125,"55","42",0,0,
"3081",-114.625,35.125,-114.375,34.875,"56","42",0,0,
"3082",-114.625,34.875,-114.375,34.625,"57","42",0,0,
"3083",-114.625,34.625,-114.375,34.375,"58","42",0,0,
"3084",-114.625,34.375,-114.375,34.125,"59","42",0,0,
"3085",-114.625,34.125,-114.375,33.875,"60","42",0,0,
"3086",-114.625,33.875,-114.375,33.625,"61","42",0,0,
"3087",-114.625,33.625,-114.375,33.375,"62","42",0,0,
"3088",-114.625,33.375,-114.375,33.125,"63","42",0,0,
"3089",-114.625,33.125,-114.375,32.875,"64","42",0,0,
"3090",-114.625,32.875,-114.375,32.625,"65","42",0,0,
"3091",-114.625,32.625,-114.375,32.375,"66","42",0,0,
"3092",-114.625,32.375,-114.375,32.125,"67","42",0,0,
"3093",-114.625,32.125,-114.375,31.875,"68","42",0,0,
"3094",-114.625,31.875,-114.375,31.625,"69","42",0,0,
"3095",-114.625,31.625,-114.375,31.375,"70","42",0,0,
"3096",-114.625,31.375,-114.375,31.125,"71","42",0,0,
"3097",-114.375,49.125,-114.125,48.875,"0","43",167874,1463152.53575473,8.71577811784275
"3098",-114.375,48.875,-114.125,48.625,"1","43",450848,4426387.71684353,9.81791583159631
"3099",-114.375,48.625,-114.125,48.375,"2","43",351332,3466230.60619656,9.86596895869593
"3100",-114.375,48.375,-114.125,48.125,"3","43",98277,1263974.20892782,12.8613430296796
"3101",-114.375,48.125,-114.125,47.875,"4","43",312050,4260175.02382738,13.6522192719993
"3102",-114.375,47.875,-114.125,47.625,"5","43",100730,1551783.88609371,15.4053795899306
"3103",-114.375,47.625,-114.125,47.375,"6","43",18868,182390.612257289,9.66666378298117
"3104",-114.375,47.375,-114.125,47.125,"7","43",274463,4872947.49725388,17.7544787357636
"3105",-114.375,47.125,-114.125,46.875,"8","43",372128,6685839.56148441,17.9665049700222
"3106",-114.375,46.875,-114.125,46.625,"9","43",463367,7834156.14168159,16.9070221696443
"3107",-114.375,46.625,-114.125,46.375,"10","43",339281,4357683.12489371,12.843876093544
"3108",-114.375,46.375,-114.125,46.125,"11","43",269173,2986702.103921,11.0958458089073
"3109",-114.375,46.125,-114.125,45.875,"12","43",369938,5000255.21650809,13.5164682095597
"3110",-114.375,45.875,-114.125,45.625,"13","43",499779,9344957.98764641,18.6981805711052
"3111",-114.375,45.625,-114.125,45.375,"14","43",381233,6909084.18007317,18.1229961206747
"3112",-114.375,45.375,-114.125,45.125,"15","43",361049,6679405.22527008,18.4999964693714
"3113",-114.375,45.125,-114.125,44.875,"16","43",464188,9028625.53197468,19.4503639300772
"3114",-114.375,44.875,-114.125,44.625,"17","43",299510,5544371.64021192,18.5114742085804
"3115",-114.375,44.625,-114.125,44.375,"18","43",76328,1369647.50696637,17.9442341862274
"3116",-114.375,44.375,-114.125,44.125,"19","43",60164,1171495.31205901,19.471699223107
"3117",-114.375,44.125,-114.125,43.875,"20","43",241004,4104409.74373679,17.030463161345
"3118",-114.375,43.875,-114.125,43.625,"21","43",256199,5323333.56717071,20.7781200050379
"3119",-114.375,43.625,-114.125,43.375,"22","43",77130,1942977.35656279,25.1909420013327
"3120",-114.375,43.375,-114.125,43.125,"23","43",113,719.259913593531,6.36513197870381
"3121",-114.375,43.125,-114.125,42.875,"24","43",28,120.460229635239,4.30215105840138
"3122",-114.375,42.875,-114.125,42.625,"25","43",2,3.12407088279724,1.56203544139862
"3123",-114.375,42.625,-114.125,42.375,"26","43",7,36.5230169296265,5.2175738470895
"3124",-114.375,42.375,-114.125,42.125,"27","43",29707,189043.223935372,6.36359187852601
"3125",-114.375,42.125,-114.125,41.875,"28","43",7958,50663.7885037814,6.36639714799968
"3126",-114.375,41.875,-114.125,41.625,"29","43",48,57.8176200464368,1.20453375096743
"3127",-114.375,41.625,-114.125,41.375,"30","43",7647,935.602306250497,0.12234893503995
"3128",-114.375,41.375,-114.125,41.125,"31","43",30908,12775.5267970487,0.413340455450004
"3129",-114.375,41.125,-114.125,40.875,"32","43",34426,28950.7957740082,0.840957293150763
"3130",-114.375,40.875,-114.125,40.625,"33","43",52272,70282.5198769019,1.34455386969892
"3131",-114.375,40.625,-114.125,40.375,"34","43",66733,144122.914585655,2.1596948224365
"3132",-114.375,40.375,-114.125,40.125,"35","43",9427,14225.7978771242,1.50904825258557
"3133",-114.375,40.125,-114.125,39.875,"36","43",6615,10407.12822131,1.57326201380347
"3134",-114.375,39.875,-114.125,39.625,"37","43",73502,117843.742978858,1.60327260453944
"3135",-114.375,39.625,-114.125,39.375,"38","43",55016,92798.7923473497,1.68676007611149
"3136",-114.375,39.375,-114.125,39.125,"39","43",194872,450861.999063634,2.3136315071618
"3137",-114.375,39.125,-114.125,38.875,"40","43",231770,739834.214498352,3.19210516675304
"3138",-114.375,38.875,-114.125,38.625,"41","43",161447,258305.98979867,1.59994295216802
"3139",-114.375,38.625,-114.125,38.375,"42","43",63046,69278.5661421581,1.09885743968147
"3140",-114.375,38.375,-114.125,38.125,"43","43",182227,220204.028980498,1.20840506061395
"3141",-114.375,38.125,-114.125,37.875,"44","43",37792,45610.6794495834,1.20688715732386
"3142",-114.375,37.875,-114.125,37.625,"45","43",3514,3967.01182622812,1.12891628521005
"3143",-114.375,37.625,-114.125,37.375,"46","43",8666,14742.2054630807,1.70115456532202
"3144",-114.375,37.375,-114.125,37.125,"47","43",11771,20303.2556768754,1.72485393567882
"3145",-114.375,37.125,-114.125,36.875,"48","43",0,0,
"3146",-114.375,36.875,-114.125,36.625,"49","43",0,0,
"3147",-114.375,36.625,-114.125,36.375,"50","43",0,0,
"3148",-114.375,36.375,-114.125,36.125,"51","43",0,0,
"3149",-114.375,36.125,-114.125,35.875,"52","43",0,0,
"3150",-114.375,35.875,-114.125,35.625,"53","43",0,0,
"3151",-114.375,35.625,-114.125,35.375,"54","43",0,0,
"3152",-114.375,35.375,-114.125,35.125,"55","43",0,0,
"3153",-114.375,35.125,-114.125,34.875,"56","43",0,0,
"3154",-114.375,34.875,-114.125,34.625,"57","43",0,0,
"3155",-114.375,34.625,-114.125,34.375,"58","43",0,0,
"3156",-114.375,34.375,-114.125,34.125,"59","43",0,0,
"3157",-114.375,34.125,-114.125,33.875,"60","43",0,0,
"3158",-114.375,33.875,-114.125,33.625,"61","43",0,0,
"3159",-114.375,33.625,-114.125,33.375,"62","43",0,0,
"3160",-114.375,33.375,-114.125,33.125,"63","43",0,0,
"3161",-114.375,33.125,-114.125,32.875,"64","43",0,0,
"3162",-114.375,32.875,-114.125,32.625,"65","43",0,0,
"3163",-114.375,32.625,-114.125,32.375,"66","43",0,0,
"3164",-114.375,32.375,-114.125,32.125,"67","43",0,0,
"3165",-114.375,32.125,-114.125,31.875,"68","43",0,0,
"3166",-114.375,31.875,-114.125,31.625,"69","43",0,0,
"3167",-114.375,31.625,-114.125,31.375,"70","43",0,0,
"3168",-114.375,31.375,-114.125,31.125,"71","43",0,0,
"3169",-114.125,49.125,-113.875,48.875,"0","44",131152,1198193.60845499,9.13591564333741
"3170",-114.125,48.875,-113.875,48.625,"1","44",328281,2933582.45178438,8.93619323623475
"3171",-114.125,48.625,-113.875,48.375,"2","44",414321,5398427.10513426,13.0295763553724
"3172",-114.125,48.375,-113.875,48.125,"3","44",369431,6375559.55474236,17.2577817095543
"3173",-114.125,48.125,-113.875,47.875,"4","44",321258,5433226.26026186,16.9123454054432
"3174",-114.125,47.875,-113.875,47.625,"5","44",306782,4751170.0956234,15.4871214596143
"3175",-114.125,47.625,-113.875,47.375,"6","44",266412,4716937.81960924,17.7054255048918
"3176",-114.125,47.375,-113.875,47.125,"7","44",330052,7504500.30850081,22.7373271742053
"3177",-114.125,47.125,-113.875,46.875,"8","44",379944,5971250.28829405,15.71613260979
"3178",-114.125,46.875,-113.875,46.625,"9","44",264120,4498005.43291923,17.0301583860338
"3179",-114.125,46.625,-113.875,46.375,"10","44",143336,2521233.88483538,17.5896765978915
"3180",-114.125,46.375,-113.875,46.125,"11","44",304376,5788706.49459216,19.0182750761958
"3181",-114.125,46.125,-113.875,45.875,"12","44",402751,7045090.90108781,17.4924231127615
"3182",-114.125,45.875,-113.875,45.625,"13","44",446363,7333970.06113551,16.4305062497015
"3183",-114.125,45.625,-113.875,45.375,"14","44",388083,7838394.31627619,20.1977265592056
"3184",-114.125,45.375,-113.875,45.125,"15","44",361579,6105097.34125854,16.8845462298932
"3185",-114.125,45.125,-113.875,44.875,"16","44",293726,5950144.57986323,20.2574664138116
"3186",-114.125,44.875,-113.875,44.625,"17","44",100714,1966666.51565485,19.5272406582486
"3187",-114.125,44.625,-113.875,44.375,"18","44",50235,962640.515669161,19.1627454099564
"3188",-114.125,44.375,-113.875,44.125,"19","44",66900,1342426.59841787,20.0661673904016
"3189",-114.125,44.125,-113.875,43.875,"20","44",91784,1790063.50299905,19.5030016451565
"3190",-114.125,43.875,-113.875,43.625,"21","44",250962,4496939.00830954,17.9188044736237
"3191",-114.125,43.625,-113.875,43.375,"22","44",74136,1486031.43812923,20.0446670730715
"3192",-114.125,43.375,-113.875,43.125,"23","44",54,363.834579885006,6.73767740527789
"3193",-114.125,43.125,-113.875,42.875,"24","44",0,0,
"3194",-114.125,42.875,-113.875,42.625,"25","44",0,0,
"3195",-114.125,42.625,-113.875,42.375,"26","44",3,2.30507707595825,0.768359025319417
"3196",-114.125,42.375,-113.875,42.125,"27","44",1059,3674.35055321548,3.46964169331018
"3197",-114.125,42.125,-113.875,41.875,"28","44",970,2322.30638339277,2.3941302921575
"3198",-114.125,41.875,-113.875,41.625,"29","44",46,21.1893479423597,0.460637998746951
"3199",-114.125,41.625,-113.875,41.375,"30","44",224,132.481980783865,0.591437414213682
"3200",-114.125,41.375,-113.875,41.125,"31","44",5237,8649.63528665388,1.6516393520439
"3201",-114.125,41.125,-113.875,40.875,"32","44",7920,13462.126080194,1.69976339396389
"3202",-114.125,40.875,-113.875,40.625,"33","44",0,0,
"3203",-114.125,40.625,-113.875,40.375,"34","44",2,0.095343105494976,0.047671552747488
"3204",-114.125,40.375,-113.875,40.125,"35","44",6177,3440.18861475749,0.556935181278532
"3205",-114.125,40.125,-113.875,39.875,"36","44",57188,195201.717766518,3.4133335274274
"3206",-114.125,39.875,-113.875,39.625,"37","44",172528,498693.751888332,2.89050908773261
"3207",-114.125,39.625,-113.875,39.375,"38","44",2322,2036.60502063436,0.877090878826169
"3208",-114.125,39.375,-113.875,39.125,"39","44",23501,41672.9505864909,1.77324158914476
"3209",-114.125,39.125,-113.875,38.875,"40","44",1335,798.73540638783,0.598303675196877
"3210",-114.125,38.875,-113.875,38.625,"41","44",3170,4588.99081595079,1.44763117222422
"3211",-114.125,38.625,-113.875,38.375,"42","44",34785,51371.257412438,1.47682211908691
"3212",-114.125,38.375,-113.875,38.125,"43","44",92122,130494.600230837,1.41654111103577
"3213",-114.125,38.125,-113.875,37.875,"44","44",109878,136420.69395154,1.24156513543694
"3214",-114.125,37.875,-113.875,37.625,"45","44",6520,8925.90865320852,1.36900439466388
"3215",-114.125,37.625,-113.875,37.375,"46","44",16296,21665.8961215431,1.32952234422822
"3216",-114.125,37.375,-113.875,37.125,"47","44",299,491.687345620478,1.64443928301163
"3217",-114.125,37.125,-113.875,36.875,"48","44",0,0,
"3218",-114.125,36.875,-113.875,36.625,"49","44",4021,1400.90786189015,0.348397876620282
"3219",-114.125,36.625,-113.875,36.375,"50","44",1,0.0915218815207481,0.0915218815207481
"3220",-114.125,36.375,-113.875,36.125,"51","44",1,0.0789420902729034,0.0789420902729034
"3221",-114.125,36.125,-113.875,35.875,"52","44",138,54.5420880317688,0.395232521969339
"3222",-114.125,35.875,-113.875,35.625,"53","44",0,0,
"3223",-114.125,35.625,-113.875,35.375,"54","44",0,0,
"3224",-114.125,35.375,-113.875,35.125,"55","44",0,0,
"3225",-114.125,35.125,-113.875,34.875,"56","44",0,0,
"3226",-114.125,34.875,-113.875,34.625,"57","44",0,0,
"3227",-114.125,34.625,-113.875,34.375,"58","44",0,0,
"3228",-114.125,34.375,-113.875,34.125,"59","44",0,0,
"3229",-114.125,34.125,-113.875,33.875,"60","44",0,0,
"3230",-114.125,33.875,-113.875,33.625,"61","44",0,0,
"3231",-114.125,33.625,-113.875,33.375,"62","44",0,0,
"3232",-114.125,33.375,-113.875,33.125,"63","44",0,0,
"3233",-114.125,33.125,-113.875,32.875,"64","44",0,0,
"3234",-114.125,32.875,-113.875,32.625,"65","44",0,0,
"3235",-114.125,32.625,-113.875,32.375,"66","44",0,0,
"3236",-114.125,32.375,-113.875,32.125,"67","44",0,0,
"3237",-114.125,32.125,-113.875,31.875,"68","44",0,0,
"3238",-114.125,31.875,-113.875,31.625,"69","44",0,0,
"3239",-114.125,31.625,-113.875,31.375,"70","44",0,0,
"3240",-114.125,31.375,-113.875,31.125,"71","44",0,0,
"3241",-113.875,49.125,-113.625,48.875,"0","45",126669,812550.679003642,6.4147556150569
"3242",-113.875,48.875,-113.625,48.625,"1","45",216608,2080992.05101703,9.60718002574713
"3243",-113.875,48.625,-113.625,48.375,"2","45",399318,6777087.95555557,16.9716565633294
"3244",-113.875,48.375,-113.625,48.125,"3","45",365428,5909489.4606997,16.1714194333759
"3245",-113.875,48.125,-113.625,47.875,"4","45",385368,6158977.02080976,15.9820665462876
"3246",-113.875,47.875,-113.625,47.625,"5","45",444652,6981926.17334661,15.7020010555369
"3247",-113.875,47.625,-113.625,47.375,"6","45",466140,7211784.37377695,15.4712841073003
"3248",-113.875,47.375,-113.625,47.125,"7","45",410748,4973840.7841364,12.1092270300437
"3249",-113.875,47.125,-113.625,46.875,"8","45",522009,6716916.07874846,12.8674334709717
"3250",-113.875,46.875,-113.625,46.625,"9","45",480989,9432340.97526813,19.6103049659517
"3251",-113.875,46.625,-113.625,46.375,"10","45",500538,9566103.97692084,19.1116438250859
"3252",-113.875,46.375,-113.625,46.125,"11","45",464794,5334409.680999,11.4769331811491
"3253",-113.875,46.125,-113.625,45.875,"12","45",507649,7424934.18687243,14.6261180202708
"3254",-113.875,45.875,-113.625,45.625,"13","45",420483,4386058.32737106,10.431000367128
"3255",-113.875,45.625,-113.625,45.375,"14","45",414067,5718223.32354827,13.8098986964628
"3256",-113.875,45.375,-113.625,45.125,"15","45",169136,2597755.83499683,15.3589764154102
"3257",-113.875,45.125,-113.625,44.875,"16","45",163735,3337943.24699481,20.3862536842753
"3258",-113.875,44.875,-113.625,44.625,"17","45",217649,3170879.82261664,14.5687773553595
"3259",-113.875,44.625,-113.625,44.375,"18","45",81647,1333452.60322439,16.3319240538463
"3260",-113.875,44.375,-113.625,44.125,"19","45",116284,2161496.4522885,18.5880813550317
"3261",-113.875,44.125,-113.625,43.875,"20","45",80009,1515118.80672297,18.9368546878848
"3262",-113.875,43.875,-113.625,43.625,"21","45",139705,2339211.17235104,16.7439330900901
"3263",-113.875,43.625,-113.625,43.375,"22","45",102953,2230927.35792341,21.6693768799686
"3264",-113.875,43.375,-113.625,43.125,"23","45",0,0,
"3265",-113.875,43.125,-113.625,42.875,"24","45",0,0,
"3266",-113.875,42.875,-113.625,42.625,"25","45",0,0,
"3267",-113.875,42.625,-113.625,42.375,"26","45",1248,11674.0097447308,9.35417447494453
"3268",-113.875,42.375,-113.625,42.125,"27","45",48772,410491.090769705,8.41653183731864
"3269",-113.875,42.125,-113.625,41.875,"28","45",8063,36647.4911823304,4.54514339356695
"3270",-113.875,41.875,-113.625,41.625,"29","45",3675,27651.4714698885,7.52420992377917
"3271",-113.875,41.625,-113.625,41.375,"30","45",471,591.141015925481,1.25507646693308
"3272",-113.875,41.375,-113.625,41.125,"31","45",0,0,
"3273",-113.875,41.125,-113.625,40.875,"32","45",2,5.56320750713348,2.78160375356674
"3274",-113.875,40.875,-113.625,40.625,"33","45",0,0,
"3275",-113.875,40.625,-113.625,40.375,"34","45",0,0,
"3276",-113.875,40.375,-113.625,40.125,"35","45",5076,6439.33993110192,1.26858548682071
"3277",-113.875,40.125,-113.625,39.875,"36","45",45942,126777.303594734,2.75950771831296
"3278",-113.875,39.875,-113.625,39.625,"37","45",20579,51793.2765247239,2.51680239684746
"3279",-113.875,39.625,-113.625,39.375,"38","45",44,40.8820860809647,0.929138320021924
"3280",-113.875,39.375,-113.625,39.125,"39","45",4977,7415.44159017294,1.48994205147136
"3281",-113.875,39.125,-113.625,38.875,"40","45",47,53.4326227090787,1.13686431295912
"3282",-113.875,38.875,-113.625,38.625,"41","45",3021,4777.5776498022,1.58145569341351
"3283",-113.875,38.625,-113.625,38.375,"42","45",781,1065.52876573498,1.36431340042892
"3284",-113.875,38.375,-113.625,38.125,"43","45",74673,134180.581637206,1.79690894482887
"3285",-113.875,38.125,-113.625,37.875,"44","45",28537,45724.8336371012,1.60229994873677
"3286",-113.875,37.875,-113.625,37.625,"45","45",137,168.506198455347,1.22997225149888
"3287",-113.875,37.625,-113.625,37.375,"46","45",4307,4940.11922767572,1.14699773106007
"3288",-113.875,37.375,-113.625,37.125,"47","45",279,351.133084136061,1.25854152020094
"3289",-113.875,37.125,-113.625,36.875,"48","45",370,69.9285370158032,0.188996045988657
"3290",-113.875,36.875,-113.625,36.625,"49","45",53017,66782.4752251757,1.25964266603496
"3291",-113.875,36.625,-113.625,36.375,"50","45",10803,2749.78097337002,0.254538644207166
"3292",-113.875,36.375,-113.625,36.125,"51","45",11632,2454.93499616215,0.211050120027695
"3293",-113.875,36.125,-113.625,35.875,"52","45",2749,681.646252368664,0.247961532327633
"3294",-113.875,35.875,-113.625,35.625,"53","45",117,76.1758738616481,0.651075844971352
"3295",-113.875,35.625,-113.625,35.375,"54","45",0,0,
"3296",-113.875,35.375,-113.625,35.125,"55","45",0,0,
"3297",-113.875,35.125,-113.625,34.875,"56","45",0,0,
"3298",-113.875,34.875,-113.625,34.625,"57","45",0,0,
"3299",-113.875,34.625,-113.625,34.375,"58","45",0,0,
"3300",-113.875,34.375,-113.625,34.125,"59","45",0,0,
"3301",-113.875,34.125,-113.625,33.875,"60","45",0,0,
"3302",-113.875,33.875,-113.625,33.625,"61","45",0,0,
"3303",-113.875,33.625,-113.625,33.375,"62","45",0,0,
"3304",-113.875,33.375,-113.625,33.125,"63","45",0,0,
"3305",-113.875,33.125,-113.625,32.875,"64","45",0,0,
"3306",-113.875,32.875,-113.625,32.625,"65","45",0,0,
"3307",-113.875,32.625,-113.625,32.375,"66","45",0,0,
"3308",-113.875,32.375,-113.625,32.125,"67","45",0,0,
"3309",-113.875,32.125,-113.625,31.875,"68","45",0,0,
"3310",-113.875,31.875,-113.625,31.625,"69","45",0,0,
"3311",-113.875,31.625,-113.625,31.375,"70","45",0,0,
"3312",-113.875,31.375,-113.625,31.125,"71","45",0,0,
"3313",-113.625,49.125,-113.375,48.875,"0","46",114894,663192.872413095,5.77221501917503
"3314",-113.625,48.875,-113.375,48.625,"1","46",267501,2302144.83668066,8.60611674977164
"3315",-113.625,48.625,-113.375,48.375,"2","46",238502,2350458.15399204,9.85508781474384
"3316",-113.625,48.375,-113.375,48.125,"3","46",426201,7426794.63459491,17.4255682989831
"3317",-113.625,48.125,-113.375,47.875,"4","46",408020,5385381.94548112,13.1988185517404
"3318",-113.625,47.875,-113.375,47.625,"5","46",373057,4519025.67414689,12.1134992082896
"3319",-113.625,47.625,-113.375,47.375,"6","46",315327,3397463.17105907,10.7744125021298
"3320",-113.625,47.375,-113.375,47.125,"7","46",478843,6645655.5873607,13.878568940886
"3321",-113.625,47.125,-113.375,46.875,"8","46",479486,6962854.91451116,14.5214978425046
"3322",-113.625,46.875,-113.375,46.625,"9","46",461011,9212589.48353286,19.983448298485
"3323",-113.625,46.625,-113.375,46.375,"10","46",503580,9616575.07157387,19.0964197775405
"3324",-113.625,46.375,-113.375,46.125,"11","46",285170,6007108.32288148,21.0650079702685
"3325",-113.625,46.125,-113.375,45.875,"12","46",450594,4692027.81394633,10.4129833374309
"3326",-113.625,45.875,-113.375,45.625,"13","46",168807,1894895.17125873,11.2252167934904
"3327",-113.625,45.625,-113.375,45.375,"14","46",66532,571987.776918765,8.59718296336747
"3328",-113.625,45.375,-113.375,45.125,"15","46",286788,2038374.27633514,7.1075996078467
"3329",-113.625,45.125,-113.375,44.875,"16","46",286918,4525867.08823054,15.7740786155994
"3330",-113.625,44.875,-113.375,44.625,"17","46",118834,2020262.53136919,17.0007113399295
"3331",-113.625,44.625,-113.375,44.375,"18","46",318133,4775335.36542313,15.0104999023148
"3332",-113.625,44.375,-113.375,44.125,"19","46",81128,1609065.77843012,19.8336675183675
"3333",-113.625,44.125,-113.375,43.875,"20","46",116278,2227295.00713068,19.1549132865261
"3334",-113.625,43.875,-113.375,43.625,"21","46",30594,764528.167055377,24.9894805208661
"3335",-113.625,43.625,-113.375,43.375,"22","46",4074,75547.6687226743,18.54385584749
"3336",-113.625,43.375,-113.375,43.125,"23","46",0,0,
"3337",-113.625,43.125,-113.375,42.875,"24","46",0,0,
"3338",-113.625,42.875,-113.375,42.625,"25","46",6,55.0574307441711,9.17623845736186
"3339",-113.625,42.625,-113.375,42.375,"26","46",1305,3792.14372956916,2.90585726403767
"3340",-113.625,42.375,-113.375,42.125,"27","46",8036,61333.2461979548,7.63231037804315
"3341",-113.625,42.125,-113.375,41.875,"28","46",27775,160507.536823575,5.77884921056977
"3342",-113.625,41.875,-113.375,41.625,"29","46",1284,8991.39336485788,7.00264280752172
"3343",-113.625,41.625,-113.375,41.375,"30","46",0,0,
"3344",-113.625,41.375,-113.375,41.125,"31","46",0,0,
"3345",-113.625,41.125,-113.375,40.875,"32","46",0,0,
"3346",-113.625,40.875,-113.375,40.625,"33","46",0,0,
"3347",-113.625,40.625,-113.375,40.375,"34","46",0,0,
"3348",-113.625,40.375,-113.375,40.125,"35","46",0,0,
"3349",-113.625,40.125,-113.375,39.875,"36","46",12,0.348174288868904,0.0290145240724087
"3350",-113.625,39.875,-113.375,39.625,"37","46",688,990.750078572892,1.44004371885595
"3351",-113.625,39.625,-113.375,39.375,"38","46",0,0,
"3352",-113.625,39.375,-113.375,39.125,"39","46",11378,19719.1596653394,1.73309541794159
"3353",-113.625,39.125,-113.375,38.875,"40","46",11865,18461.1894617667,1.55593674351174
"3354",-113.625,38.875,-113.375,38.625,"41","46",5047,7987.70335860178,1.58266363356485
"3355",-113.625,38.625,-113.375,38.375,"42","46",34709,57982.6084259388,1.67053526249499
"3356",-113.625,38.375,-113.375,38.125,"43","46",47801,83727.5490721402,1.75158572147319
"3357",-113.625,38.125,-113.375,37.875,"44","46",140,82.3667679983191,0.588334057130851
"3358",-113.625,37.875,-113.375,37.625,"45","46",1695,1265.56894804281,0.746648346927913
"3359",-113.625,37.625,-113.375,37.375,"46","46",76077,132343.022779869,1.73959308042994
"3360",-113.625,37.375,-113.375,37.125,"47","46",82209,145234.187561034,1.76664583635653
"3361",-113.625,37.125,-113.375,36.875,"48","46",73,2.92926319199614,0.040126893041043
"3362",-113.625,36.875,-113.375,36.625,"49","46",1365,318.122030739583,0.233056432776252
"3363",-113.625,36.625,-113.375,36.375,"50","46",6788,1033.70977142709,0.152284880882011
"3364",-113.625,36.375,-113.375,36.125,"51","46",39625,8759.94975887464,0.221071287290212
"3365",-113.625,36.125,-113.375,35.875,"52","46",37863,11352.275826259,0.299825048893616
"3366",-113.625,35.875,-113.375,35.625,"53","46",4206,1108.91630102185,0.263651046367534
"3367",-113.625,35.625,-113.375,35.375,"54","46",1,0.0970454588532448,0.0970454588532448
"3368",-113.625,35.375,-113.375,35.125,"55","46",0,0,
"3369",-113.625,35.125,-113.375,34.875,"56","46",0,0,
"3370",-113.625,34.875,-113.375,34.625,"57","46",0,0,
"3371",-113.625,34.625,-113.375,34.375,"58","46",0,0,
"3372",-113.625,34.375,-113.375,34.125,"59","46",0,0,
"3373",-113.625,34.125,-113.375,33.875,"60","46",0,0,
"3374",-113.625,33.875,-113.375,33.625,"61","46",0,0,
"3375",-113.625,33.625,-113.375,33.375,"62","46",0,0,
"3376",-113.625,33.375,-113.375,33.125,"63","46",0,0,
"3377",-113.625,33.125,-113.375,32.875,"64","46",0,0,
"3378",-113.625,32.875,-113.375,32.625,"65","46",0,0,
"3379",-113.625,32.625,-113.375,32.375,"66","46",0,0,
"3380",-113.625,32.375,-113.375,32.125,"67","46",0,0,
"3381",-113.625,32.125,-113.375,31.875,"68","46",0,0,
"3382",-113.625,31.875,-113.375,31.625,"69","46",0,0,
"3383",-113.625,31.625,-113.375,31.375,"70","46",0,0,
"3384",-113.625,31.375,-113.375,31.125,"71","46",0,0,
"3385",-113.375,49.125,-113.125,48.875,"0","47",5614,31800.8260025838,5.66455753519484
"3386",-113.375,48.875,-113.125,48.625,"1","47",46882,314854.856842754,6.71590070480683
"3387",-113.375,48.625,-113.125,48.375,"2","47",166098,1337306.47166141,8.05130989934503
"3388",-113.375,48.375,-113.125,48.125,"3","47",307188,2374249.4787066,7.72897860172469
"3389",-113.375,48.125,-113.125,47.875,"4","47",389505,4346323.64956904,11.1585824304413
"3390",-113.375,47.875,-113.125,47.625,"5","47",328998,3536715.38907748,10.7499601489294
"3391",-113.375,47.625,-113.125,47.375,"6","47",402727,5150025.54809607,12.7878824814231
"3392",-113.375,47.375,-113.125,47.125,"7","47",425988,4874515.2934301,11.4428464966856
"3393",-113.375,47.125,-113.125,46.875,"8","47",436458,7683336.86119534,17.6038401431417
"3394",-113.375,46.875,-113.125,46.625,"9","47",352802,7193548.3448477,20.3897606726938
"3395",-113.375,46.625,-113.125,46.375,"10","47",250506,5354545.0173667,21.3749172369792
"3396",-113.375,46.375,-113.125,46.125,"11","47",388209,5315547.63434965,13.6924894434432
"3397",-113.375,46.125,-113.125,45.875,"12","47",397092,4581897.8283332,11.5386304139424
"3398",-113.375,45.875,-113.125,45.625,"13","47",376661,4352831.30473891,11.5563631614075
"3399",-113.375,45.625,-113.125,45.375,"14","47",350998,2855261.60565422,8.13469480069465
"3400",-113.375,45.375,-113.125,45.125,"15","47",232598,2572909.35401175,11.0616142615661
"3401",-113.375,45.125,-113.125,44.875,"16","47",90662,1271891.43381975,14.02893642121
"3402",-113.375,44.875,-113.125,44.625,"17","47",165119,3272053.56416438,19.8163358799677
"3403",-113.375,44.625,-113.125,44.375,"18","47",116233,2186162.27783459,18.8084474962755
"3404",-113.375,44.375,-113.125,44.125,"19","47",131047,2654270.18865359,20.2543376701
"3405",-113.375,44.125,-113.125,43.875,"20","47",111168,2581183.63612906,23.2187647176261
"3406",-113.375,43.875,-113.125,43.625,"21","47",84370,2142788.78770249,25.3975202998992
"3407",-113.375,43.625,-113.125,43.375,"22","47",0,0,
"3408",-113.375,43.375,-113.125,43.125,"23","47",0,0,
"3409",-113.375,43.125,-113.125,42.875,"24","47",0,0,
"3410",-113.375,42.875,-113.125,42.625,"25","47",0,0,
"3411",-113.375,42.625,-113.125,42.375,"26","47",13,11.5768131613731,0.890524089336395
"3412",-113.375,42.375,-113.125,42.125,"27","47",2276,19997.1390382347,8.78608920836323
"3413",-113.375,42.125,-113.125,41.875,"28","47",20192,179871.04002388,8.90803486647585
"3414",-113.375,41.875,-113.125,41.625,"29","47",296,1598.08062553871,5.39892103222539
"3415",-113.375,41.625,-113.125,41.375,"30","47",66,96.7647230403963,1.46613216727873
"3416",-113.375,41.375,-113.125,41.125,"31","47",3,9.04795390367508,3.01598463455836
"3417",-113.375,41.125,-113.125,40.875,"32","47",0,0,
"3418",-113.375,40.875,-113.125,40.625,"33","47",0,0,
"3419",-113.375,40.625,-113.125,40.375,"34","47",2,8.20086765289307,4.10043382644653
"3420",-113.375,40.375,-113.125,40.125,"35","47",11,18.5391471730545,1.68537701573223
"3421",-113.375,40.125,-113.125,39.875,"36","47",3,2.51891457661986,0.839638192206621
"3422",-113.375,39.875,-113.125,39.625,"37","47",13,0.364973034709692,0.0280748488238225
"3423",-113.375,39.625,-113.125,39.375,"38","47",16572,30285.7438459332,1.82752497260036
"3424",-113.375,39.375,-113.125,39.125,"39","47",3460,3357.02809865447,0.970239334871233
"3425",-113.375,39.125,-113.125,38.875,"40","47",3,6.4203320145607,2.14011067152023
"3426",-113.375,38.875,-113.125,38.625,"41","47",563,254.023892929312,0.451196967902863
"3427",-113.375,38.625,-113.125,38.375,"42","47",16677,22949.6614150638,1.37612648648221
"3428",-113.375,38.375,-113.125,38.125,"43","47",23,21.5789212957025,0.938213969378368
"3429",-113.375,38.125,-113.125,37.875,"44","47",24,32.1380001674406,1.33908334031003
"3430",-113.375,37.875,-113.125,37.625,"45","47",758,1132.07334895665,1.49350046036497
"3431",-113.375,37.625,-113.125,37.375,"46","47",145359,229630.004388673,1.57974397449537
"3432",-113.375,37.375,-113.125,37.125,"47","47",12519,6004.09605610861,0.47959869447309
"3433",-113.375,37.125,-113.125,36.875,"48","47",6797,1320.88268615887,0.194333189077368
"3434",-113.375,36.875,-113.125,36.625,"49","47",50,7.87007553462172,0.157401510692434
"3435",-113.375,36.625,-113.125,36.375,"50","47",32712,24068.1648167233,0.735759501611742
"3436",-113.375,36.375,-113.125,36.125,"51","47",44390,44279.7420034328,0.997516152363884
"3437",-113.375,36.125,-113.125,35.875,"52","47",71838,25267.5222482562,0.351729199702889
"3438",-113.375,35.875,-113.125,35.625,"53","47",96041,77517.1918161412,0.807126038006072
"3439",-113.375,35.625,-113.125,35.375,"54","47",2,0.341088369488716,0.170544184744358
"3440",-113.375,35.375,-113.125,35.125,"55","47",0,0,
"3441",-113.375,35.125,-113.125,34.875,"56","47",0,0,
"3442",-113.375,34.875,-113.125,34.625,"57","47",0,0,
"3443",-113.375,34.625,-113.125,34.375,"58","47",0,0,
"3444",-113.375,34.375,-113.125,34.125,"59","47",0,0,
"3445",-113.375,34.125,-113.125,33.875,"60","47",0,0,
"3446",-113.375,33.875,-113.125,33.625,"61","47",0,0,
"3447",-113.375,33.625,-113.125,33.375,"62","47",0,0,
"3448",-113.375,33.375,-113.125,33.125,"63","47",0,0,
"3449",-113.375,33.125,-113.125,32.875,"64","47",0,0,
"3450",-113.375,32.875,-113.125,32.625,"65","47",0,0,
"3451",-113.375,32.625,-113.125,32.375,"66","47",0,0,
"3452",-113.375,32.375,-113.125,32.125,"67","47",0,0,
"3453",-113.375,32.125,-113.125,31.875,"68","47",0,0,
"3454",-113.375,31.875,-113.125,31.625,"69","47",0,0,
"3455",-113.375,31.625,-113.125,31.375,"70","47",0,0,
"3456",-113.375,31.375,-113.125,31.125,"71","47",0,0,
"3457",-113.125,49.125,-112.875,48.875,"0","48",2,2.35976421833038,1.17988210916519
"3458",-113.125,48.875,-112.875,48.625,"1","48",1,1.40937960147858,1.40937960147858
"3459",-113.125,48.625,-112.875,48.375,"2","48",1079,7888.24886864424,7.31070330736259
"3460",-113.125,48.375,-112.875,48.125,"3","48",148095,1117904.76417346,7.54856520593846
"3461",-113.125,48.125,-112.875,47.875,"4","48",296360,2379776.17695527,8.03001814332321
"3462",-113.125,47.875,-112.875,47.625,"5","48",349287,3495452.43119033,10.0073934363155
"3463",-113.125,47.625,-112.875,47.375,"6","48",368591,4469941.8248928,12.1271051786202
"3464",-113.125,47.375,-112.875,47.125,"7","48",416192,5024697.1974934,12.0730268661901
"3465",-113.125,47.125,-112.875,46.875,"8","48",289548,5154168.46650569,17.8007393126725
"3466",-113.125,46.875,-112.875,46.625,"9","48",286984,5768648.10355411,20.1009397860303
"3467",-113.125,46.625,-112.875,46.375,"10","48",319294,4926176.77985874,15.4283412148638
"3468",-113.125,46.375,-112.875,46.125,"11","48",297981,3708989.34783169,12.4470665842174
"3469",-113.125,46.125,-112.875,45.875,"12","48",358687,4403980.25063572,12.2780592846569
"3470",-113.125,45.875,-112.875,45.625,"13","48",428652,6025735.12163924,14.0574058248631
"3471",-113.125,45.625,-112.875,45.375,"14","48",367126,3839731.48547346,10.4588928201039
"3472",-113.125,45.375,-112.875,45.125,"15","48",119558,1812444.61557088,15.1595427789933
"3473",-113.125,45.125,-112.875,44.875,"16","48",37312,878850.652753621,23.5541019713128
"3474",-113.125,44.875,-112.875,44.625,"17","48",186179,4210585.67623976,22.6157927383849
"3475",-113.125,44.625,-112.875,44.375,"18","48",99999,1727340.85332799,17.2735812690926
"3476",-113.125,44.375,-112.875,44.125,"19","48",79001,1796842.68557981,22.7445562154886
"3477",-113.125,44.125,-112.875,43.875,"20","48",131244,2947701.26146983,22.4597030071457
"3478",-113.125,43.875,-112.875,43.625,"21","48",18668,479882.130612373,25.7061351302964
"3479",-113.125,43.625,-112.875,43.375,"22","48",732,8542.33282038756,11.6698535797644
"3480",-113.125,43.375,-112.875,43.125,"23","48",0,0,
"3481",-113.125,43.125,-112.875,42.875,"24","48",0,0,
"3482",-113.125,42.875,-112.875,42.625,"25","48",3,2.36007830500603,0.786692768335342
"3483",-113.125,42.625,-112.875,42.375,"26","48",38100,593902.19287841,15.5879840650501
"3484",-113.125,42.375,-112.875,42.125,"27","48",10458,141832.376166385,13.5620937240758
"3485",-113.125,42.125,-112.875,41.875,"28","48",3138,41136.3590914309,13.1091010488945
"3486",-113.125,41.875,-112.875,41.625,"29","48",1,0.696027815341949,0.696027815341949
"3487",-113.125,41.625,-112.875,41.375,"30","48",7,9.17413526773453,1.3105907525335
"3488",-113.125,41.375,-112.875,41.125,"31","48",1,3.98634219169617,3.98634219169617
"3489",-113.125,41.125,-112.875,40.875,"32","48",26,35.2542173862457,1.35593143793253
"3490",-113.125,40.875,-112.875,40.625,"33","48",100,126.206266445108,1.26206266445108
"3491",-113.125,40.625,-112.875,40.375,"34","48",568,1433.26520103354,2.52335422717173
"3492",-113.125,40.375,-112.875,40.125,"35","48",4,8.72435408458114,2.18108852114528
"3493",-113.125,40.125,-112.875,39.875,"36","48",0,0,
"3494",-113.125,39.875,-112.875,39.625,"37","48",197,5.86205691611394,0.0297566340919489
"3495",-113.125,39.625,-112.875,39.375,"38","48",0,0,
"3496",-113.125,39.375,-112.875,39.125,"39","48",0,0,
"3497",-113.125,39.125,-112.875,38.875,"40","48",243,328.176992638968,1.35052260345254
"3498",-113.125,38.875,-112.875,38.625,"41","48",185,44.4040148635395,0.240021701965078
"3499",-113.125,38.625,-112.875,38.375,"42","48",113,15.5392322945409,0.137515330040185
"3500",-113.125,38.375,-112.875,38.125,"43","48",5617,7011.39484109986,1.24824547642867
"3501",-113.125,38.125,-112.875,37.875,"44","48",160,225.948609420797,1.41217880887998
"3502",-113.125,37.875,-112.875,37.625,"45","48",194403,736906.82067729,3.79061444873428
"3503",-113.125,37.625,-112.875,37.375,"46","48",317734,1004232.97293648,3.16060910364167
"3504",-113.125,37.375,-112.875,37.125,"47","48",160099,206763.941147,1.29147553168352
"3505",-113.125,37.125,-112.875,36.875,"48","48",71090,29793.2623107679,0.419092169232914
"3506",-113.125,36.875,-112.875,36.625,"49","48",0,0,
"3507",-113.125,36.625,-112.875,36.375,"50","48",20434,4716.64925042432,0.230823590605085
"3508",-113.125,36.375,-112.875,36.125,"51","48",24892,5024.87131781104,0.201866917797326
"3509",-113.125,36.125,-112.875,35.875,"52","48",82210,33131.4038019859,0.40300941250439
"3510",-113.125,35.875,-112.875,35.625,"53","48",53878,33083.2041579567,0.614039202605084
"3511",-113.125,35.625,-112.875,35.375,"54","48",0,0,
"3512",-113.125,35.375,-112.875,35.125,"55","48",0,0,
"3513",-113.125,35.125,-112.875,34.875,"56","48",122990,126492.619659341,1.02847889795382
"3514",-113.125,34.875,-112.875,34.625,"57","48",90472,85810.3665842412,0.948474296845889
"3515",-113.125,34.625,-112.875,34.375,"58","48",96,27.157688440755,0.282892587924531
"3516",-113.125,34.375,-112.875,34.125,"59","48",0,0,
"3517",-113.125,34.125,-112.875,33.875,"60","48",0,0,
"3518",-113.125,33.875,-112.875,33.625,"61","48",0,0,
"3519",-113.125,33.625,-112.875,33.375,"62","48",0,0,
"3520",-113.125,33.375,-112.875,33.125,"63","48",0,0,
"3521",-113.125,33.125,-112.875,32.875,"64","48",0,0,
"3522",-113.125,32.875,-112.875,32.625,"65","48",0,0,
"3523",-113.125,32.625,-112.875,32.375,"66","48",0,0,
"3524",-113.125,32.375,-112.875,32.125,"67","48",0,0,
"3525",-113.125,32.125,-112.875,31.875,"68","48",0,0,
"3526",-113.125,31.875,-112.875,31.625,"69","48",0,0,
"3527",-113.125,31.625,-112.875,31.375,"70","48",0,0,
"3528",-113.125,31.375,-112.875,31.125,"71","48",0,0,
"3529",-112.875,49.125,-112.625,48.875,"0","49",2,2.75223308801651,1.37611654400826
"3530",-112.875,48.875,-112.625,48.625,"1","49",1,1.33061242103577,1.33061242103577
"3531",-112.875,48.625,-112.625,48.375,"2","49",8,11.1503212451935,1.39379015564919
"3532",-112.875,48.375,-112.625,48.125,"3","49",31516,299061.036358625,9.48918125265343
"3533",-112.875,48.125,-112.625,47.875,"4","49",231346,2899941.12119052,12.5350821764393
"3534",-112.875,47.875,-112.625,47.625,"5","49",277984,3753070.82901218,13.5010318184218
"3535",-112.875,47.625,-112.625,47.375,"6","49",310357,4474792.67514454,14.4182108834166
"3536",-112.875,47.375,-112.625,47.125,"7","49",386408,4595387.81306071,11.8925793799836
"3537",-112.875,47.125,-112.625,46.875,"8","49",420187,6865979.8349573,16.3402957134735
"3538",-112.875,46.875,-112.625,46.625,"9","49",394719,7092159.58356936,17.9676164146377
"3539",-112.875,46.625,-112.625,46.375,"10","49",102852,1739518.62916905,16.9128323140926
"3540",-112.875,46.375,-112.625,46.125,"11","49",78497,1627493.92938043,20.7331990952575
"3541",-112.875,46.125,-112.625,45.875,"12","49",273067,5388568.16177927,19.7335018943309
"3542",-112.875,45.875,-112.625,45.625,"13","49",223370,4529518.40940663,20.2780964740414
"3543",-112.875,45.625,-112.625,45.375,"14","49",159372,3130088.91521906,19.6401432825029
"3544",-112.875,45.375,-112.625,45.125,"15","49",21373,383920.861902449,17.9628906518715
"3545",-112.875,45.125,-112.625,44.875,"16","49",65280,1488199.57248924,22.797174823671
"3546",-112.875,44.875,-112.625,44.625,"17","49",65396,1555412.31329046,23.7845176049065
"3547",-112.875,44.625,-112.625,44.375,"18","49",146472,3398787.75084792,23.2043513493905
"3548",-112.875,44.375,-112.625,44.125,"19","49",148110,3730113.81690668,25.1847533381047
"3549",-112.875,44.125,-112.625,43.875,"20","49",10301,264409.162797557,25.6683004366136
"3550",-112.875,43.875,-112.625,43.625,"21","49",2,0.210170842707157,0.105085421353579
"3551",-112.875,43.625,-112.625,43.375,"22","49",2,0.407897125929594,0.203948562964797
"3552",-112.875,43.375,-112.625,43.125,"23","49",0,0,
"3553",-112.875,43.125,-112.625,42.875,"24","49",3,13.694762468338,4.56492082277934
"3554",-112.875,42.875,-112.625,42.625,"25","49",10114,164481.035975152,16.2627087181286
"3555",-112.875,42.625,-112.625,42.375,"26","49",74849,1116316.26694468,14.9142442376609
"3556",-112.875,42.375,-112.625,42.125,"27","49",5019,67975.347479973,13.5436038015487
"3557",-112.875,42.125,-112.625,41.875,"28","49",25,28.5916248485446,1.14366499394178
"3558",-112.875,41.875,-112.625,41.625,"29","49",13,1.72554237348959,0.132734028729968
"3559",-112.875,41.625,-112.625,41.375,"30","49",137,5.41101768985391,0.0394964794879847
"3560",-112.875,41.375,-112.625,41.125,"31","49",0,0,
"3561",-112.875,41.125,-112.625,40.875,"32","49",10,21.4822577834129,2.14822577834129
"3562",-112.875,40.875,-112.625,40.625,"33","49",95,205.766425055917,2.16596236900966
"3563",-112.875,40.625,-112.625,40.375,"34","49",6440,20088.5245496639,3.11933611019626
"3564",-112.875,40.375,-112.625,40.125,"35","49",6,3.0516952238977,0.508615870649616
"3565",-112.875,40.125,-112.625,39.875,"36","49",9633,16876.9489137196,1.75199303578528
"3566",-112.875,39.875,-112.625,39.625,"37","49",1321,635.410845410544,0.481007452998141
"3567",-112.875,39.625,-112.625,39.375,"38","49",33,0.929373977705836,0.0281628478092678
"3568",-112.875,39.375,-112.625,39.125,"39","49",23,1.39365464448929,0.0605936801951864
"3569",-112.875,39.125,-112.625,38.875,"40","49",4,0.113945266231894,0.0284863165579736
"3570",-112.875,38.875,-112.625,38.625,"41","49",540,244.76890554023,0.453275751000425
"3571",-112.875,38.625,-112.625,38.375,"42","49",33478,33487.2987300011,1.0002777564371
"3572",-112.875,38.375,-112.625,38.125,"43","49",21363,24407.8380198095,1.14252857837427
"3573",-112.875,38.125,-112.625,37.875,"44","49",86836,161786.245416002,1.86312411230367
"3574",-112.875,37.875,-112.625,37.625,"45","49",359772,1670107.79913247,4.64212834554238
"3575",-112.875,37.625,-112.625,37.375,"46","49",437595,1467831.58129823,3.35431524879908
"3576",-112.875,37.375,-112.625,37.125,"47","49",165152,138632.905766061,0.839426139350789
"3577",-112.875,37.125,-112.625,36.875,"48","49",99775,30050.8055567353,0.301185723445105
"3578",-112.875,36.875,-112.625,36.625,"49","49",167,59.9802051705192,0.35916290521269
"3579",-112.875,36.625,-112.625,36.375,"50","49",9819,1369.72099184768,0.139496994790476
"3580",-112.875,36.375,-112.625,36.125,"51","49",8676,3080.84198542666,0.355099352861533
"3581",-112.875,36.125,-112.625,35.875,"52","49",3777,480.215341435654,0.127142001968667
"3582",-112.875,35.875,-112.625,35.625,"53","49",0,0,
"3583",-112.875,35.625,-112.625,35.375,"54","49",0,0,
"3584",-112.875,35.375,-112.625,35.125,"55","49",1276,624.824229894781,0.489674161359546
"3585",-112.875,35.125,-112.625,34.875,"56","49",51743,13628.6902104301,0.263391960466732
"3586",-112.875,34.875,-112.625,34.625,"57","49",71042,48955.2518249837,0.689102950719063
"3587",-112.875,34.625,-112.625,34.375,"58","49",10793,4340.88808795393,0.402194764009445
"3588",-112.875,34.375,-112.625,34.125,"59","49",3016,2327.30341900347,0.771652327255791
"3589",-112.875,34.125,-112.625,33.875,"60","49",0,0,
"3590",-112.875,33.875,-112.625,33.625,"61","49",0,0,
"3591",-112.875,33.625,-112.625,33.375,"62","49",0,0,
"3592",-112.875,33.375,-112.625,33.125,"63","49",0,0,
"3593",-112.875,33.125,-112.625,32.875,"64","49",0,0,
"3594",-112.875,32.875,-112.625,32.625,"65","49",0,0,
"3595",-112.875,32.625,-112.625,32.375,"66","49",0,0,
"3596",-112.875,32.375,-112.625,32.125,"67","49",0,0,
"3597",-112.875,32.125,-112.625,31.875,"68","49",0,0,
"3598",-112.875,31.875,-112.625,31.625,"69","49",0,0,
"3599",-112.875,31.625,-112.625,31.375,"70","49",0,0,
"3600",-112.875,31.375,-112.625,31.125,"71","49",0,0,
"3601",-112.625,49.125,-112.375,48.875,"0","50",0,0,
"3602",-112.625,48.875,-112.375,48.625,"1","50",0,0,
"3603",-112.625,48.625,-112.375,48.375,"2","50",0,0,
"3604",-112.625,48.375,-112.375,48.125,"3","50",6,6.2669345214963,1.04448908691605
"3605",-112.625,48.125,-112.375,47.875,"4","50",863,6836.17187229777,7.92140425526972
"3606",-112.625,47.875,-112.375,47.625,"5","50",476,2010.03952843649,4.22277211856406
"3607",-112.625,47.625,-112.375,47.375,"6","50",3285,32219.2600844848,9.80799393743831
"3608",-112.625,47.375,-112.375,47.125,"7","50",256014,3649396.02566402,14.2546736727836
"3609",-112.625,47.125,-112.375,46.875,"8","50",485360,8901289.52068282,18.3395613991322
"3610",-112.625,46.875,-112.375,46.625,"9","50",431783,8626252.99025552,19.9782135708342
"3611",-112.625,46.625,-112.375,46.375,"10","50",338183,6212700.08046259,18.3708231355881
"3612",-112.625,46.375,-112.375,46.125,"11","50",485795,8571139.24711015,17.6435312160688
"3613",-112.625,46.125,-112.375,45.875,"12","50",282371,5321519.62935654,18.8458433385742
"3614",-112.625,45.875,-112.375,45.625,"13","50",349192,6636673.97919719,19.0058019061067
"3615",-112.625,45.625,-112.375,45.375,"14","50",11662,314962.862455696,27.0076198298487
"3616",-112.625,45.375,-112.375,45.125,"15","50",11733,229333.572524275,19.5460302159955
"3617",-112.625,45.125,-112.375,44.875,"16","50",80134,1995042.11291713,24.8963250669769
"3618",-112.625,44.875,-112.375,44.625,"17","50",6507,144232.704582163,22.1657760230772
"3619",-112.625,44.625,-112.375,44.375,"18","50",87709,1847984.56953016,21.0694976516682
"3620",-112.625,44.375,-112.375,44.125,"19","50",2648,47758.3794395123,18.0356417822932
"3621",-112.625,44.125,-112.375,43.875,"20","50",14,89.5938630104065,6.39956164360046
"3622",-112.625,43.875,-112.375,43.625,"21","50",1,5.61307573318481,5.61307573318481
"3623",-112.625,43.625,-112.375,43.375,"22","50",0,0,
"3624",-112.625,43.375,-112.375,43.125,"23","50",2,10.1977886110544,5.09889430552721
"3625",-112.625,43.125,-112.375,42.875,"24","50",2830,2907.68491929909,1.02745050151911
"3626",-112.625,42.875,-112.375,42.625,"25","50",59331,569911.212476888,9.60562290332014
"3627",-112.625,42.625,-112.375,42.375,"26","50",7822,64529.6591221327,8.24976465381395
"3628",-112.625,42.375,-112.375,42.125,"27","50",13794,148047.573441977,10.7327514456993
"3629",-112.625,42.125,-112.375,41.875,"28","50",550,4365.7563459184,7.93773881076073
"3630",-112.625,41.875,-112.375,41.625,"29","50",13,8.01775971800089,0.61675074753853
"3631",-112.625,41.625,-112.375,41.375,"30","50",265,348.565521363169,1.31534159004969
"3632",-112.625,41.375,-112.375,41.125,"31","50",170,326.067725464702,1.91804544391001
"3633",-112.625,41.125,-112.375,40.875,"32","50",2,1.36609220504761,0.683046102523804
"3634",-112.625,40.875,-112.375,40.625,"33","50",1319,5800.15526078898,4.39738837057542
"3635",-112.625,40.625,-112.375,40.375,"34","50",32620,131603.392086288,4.03443875187886
"3636",-112.625,40.375,-112.375,40.125,"35","50",8658,23985.5154808414,2.77032980836699
"3637",-112.625,40.125,-112.375,39.875,"36","50",18348,34830.059963799,1.8983028103226
"3638",-112.625,39.875,-112.375,39.625,"37","50",39,17.2755343313329,0.442962418752125
"3639",-112.625,39.625,-112.375,39.375,"38","50",9,0.226178463082761,0.025130940342529
"3640",-112.625,39.375,-112.375,39.125,"39","50",1055,111.945823062677,0.106109784893533
"3641",-112.625,39.125,-112.375,38.875,"40","50",495,48.9441131453204,0.0988769962531726
"3642",-112.625,38.875,-112.375,38.625,"41","50",134242,262529.233475056,1.95564155387327
"3643",-112.625,38.625,-112.375,38.375,"42","50",267935,802567.650956305,2.99538190589623
"3644",-112.625,38.375,-112.375,38.125,"43","50",313383,1148647.38469442,3.66531491719213
"3645",-112.625,38.125,-112.375,37.875,"44","50",192637,357908.138160453,1.85794078064158
"3646",-112.625,37.875,-112.375,37.625,"45","50",199640,354295.563483264,1.77467222742568
"3647",-112.625,37.625,-112.375,37.375,"46","50",390635,917759.995029148,2.34940544249529
"3648",-112.625,37.375,-112.375,37.125,"47","50",139231,65071.0825113698,0.467360591472946
"3649",-112.625,37.125,-112.375,36.875,"48","50",38460,13499.6989926215,0.351006214056722
"3650",-112.625,36.875,-112.375,36.625,"49","50",15071,3373.47673953825,0.223838944963058
"3651",-112.625,36.625,-112.375,36.375,"50","50",140754,172507.050079835,1.22559252369265
"3652",-112.625,36.375,-112.375,36.125,"51","50",71765,57322.8789608293,0.798758154543709
"3653",-112.625,36.125,-112.375,35.875,"52","50",5235,1426.66133296836,0.272523654817261
"3654",-112.625,35.875,-112.375,35.625,"53","50",0,0,
"3655",-112.625,35.625,-112.375,35.375,"54","50",263,155.672155023552,0.591909334690314
"3656",-112.625,35.375,-112.375,35.125,"55","50",9663,5153.25642633706,0.533297777743667
"3657",-112.625,35.125,-112.375,34.875,"56","50",28224,10044.447760301,0.355883211461911
"3658",-112.625,34.875,-112.375,34.625,"57","50",25689,7763.85430837596,0.302224855322354
"3659",-112.625,34.625,-112.375,34.375,"58","50",276962,607265.480716369,2.19259494340873
"3660",-112.625,34.375,-112.375,34.125,"59","50",62570,90396.9823617803,1.44473361613841
"3661",-112.625,34.125,-112.375,33.875,"60","50",373,578.430866412818,1.55075299306386
"3662",-112.625,33.875,-112.375,33.625,"61","50",0,0,
"3663",-112.625,33.625,-112.375,33.375,"62","50",0,0,
"3664",-112.625,33.375,-112.375,33.125,"63","50",0,0,
"3665",-112.625,33.125,-112.375,32.875,"64","50",0,0,
"3666",-112.625,32.875,-112.375,32.625,"65","50",0,0,
"3667",-112.625,32.625,-112.375,32.375,"66","50",0,0,
"3668",-112.625,32.375,-112.375,32.125,"67","50",0,0,
"3669",-112.625,32.125,-112.375,31.875,"68","50",0,0,
"3670",-112.625,31.875,-112.375,31.625,"69","50",0,0,
"3671",-112.625,31.625,-112.375,31.375,"70","50",0,0,
"3672",-112.625,31.375,-112.375,31.125,"71","50",0,0,
"3673",-112.375,49.125,-112.125,48.875,"0","51",1,1.27449417114258,1.27449417114258
"3674",-112.375,48.875,-112.125,48.625,"1","51",0,0,
"3675",-112.375,48.625,-112.125,48.375,"2","51",3,2.25233742594719,0.750779141982396
"3676",-112.375,48.375,-112.125,48.125,"3","51",0,0,
"3677",-112.375,48.125,-112.125,47.875,"4","51",3,3.81458306312561,1.27152768770854
"3678",-112.375,47.875,-112.125,47.625,"5","51",2,2.82237100601196,1.41118550300598
"3679",-112.375,47.625,-112.125,47.375,"6","51",2,0.2767130471766,0.1383565235883
"3680",-112.375,47.375,-112.125,47.125,"7","51",32397,525134.115165839,16.2093439258524
"3681",-112.375,47.125,-112.125,46.875,"8","51",359246,6870081.80518465,19.1236139168833
"3682",-112.375,46.875,-112.125,46.625,"9","51",192822,3648977.11947966,18.9240704871833
"3683",-112.375,46.625,-112.125,46.375,"10","51",461987,8168843.42210952,17.6819768134374
"3684",-112.375,46.375,-112.125,46.125,"11","51",486131,8735203.71118648,17.9688267384439
"3685",-112.375,46.125,-112.125,45.875,"12","51",364687,5716032.13364924,15.673802832701
"3686",-112.375,45.875,-112.125,45.625,"13","51",84955,1530353.28690807,18.0136929775537
"3687",-112.375,45.625,-112.125,45.375,"14","51",67838,1628338.4967689,24.0033387890106
"3688",-112.375,45.375,-112.125,45.125,"15","51",158165,4193245.66449682,26.5118431037007
"3689",-112.375,45.125,-112.125,44.875,"16","51",9432,120264.019510893,12.7506382009005
"3690",-112.375,44.875,-112.125,44.625,"17","51",102726,1876446.57756164,18.2665204287292
"3691",-112.375,44.625,-112.125,44.375,"18","51",152366,3497191.71041891,22.9525728208321
"3692",-112.375,44.375,-112.125,44.125,"19","51",22937,457373.378439363,19.9404184696936
"3693",-112.375,44.125,-112.125,43.875,"20","51",7,26.1581437587738,3.73687767982483
"3694",-112.375,43.875,-112.125,43.625,"21","51",10,68.4485793113708,6.84485793113708
"3695",-112.375,43.625,-112.125,43.375,"22","51",0,0,
"3696",-112.375,43.375,-112.125,43.125,"23","51",98,126.950820318423,1.29541653386146
"3697",-112.375,43.125,-112.125,42.875,"24","51",55381,604513.874559891,10.9155463888317
"3698",-112.375,42.875,-112.125,42.625,"25","51",113552,1520330.66459772,13.3888497304999
"3699",-112.375,42.625,-112.125,42.375,"26","51",37342,376147.310150017,10.0730359956622
"3700",-112.375,42.375,-112.125,42.125,"27","51",66852,794044.212610529,11.8776433406709
"3701",-112.375,42.125,-112.125,41.875,"28","51",21987,98708.371846423,4.48939700033761
"3702",-112.375,41.875,-112.125,41.625,"29","51",23,105.404219027841,4.58279213164528
"3703",-112.375,41.625,-112.125,41.375,"30","51",74,42.7846211444121,0.578170556005569
"3704",-112.375,41.375,-112.125,41.125,"31","51",46,22.611728456337,0.491559314268196
"3705",-112.375,41.125,-112.125,40.875,"32","51",436,653.957108765142,1.49990162560812
"3706",-112.375,40.875,-112.125,40.625,"33","51",11738,27294.2026983024,2.32528562773065
"3707",-112.375,40.625,-112.125,40.375,"34","51",96108,260147.586805796,2.70682551718687
"3708",-112.375,40.375,-112.125,40.125,"35","51",19468,43693.9323662352,2.24439759432069
"3709",-112.375,40.125,-112.125,39.875,"36","51",17461,33289.2705959795,1.90649278941524
"3710",-112.375,39.875,-112.125,39.625,"37","51",381,391.374337762638,1.0272292329728
"3711",-112.375,39.625,-112.125,39.375,"38","51",19063,22893.6005995667,1.20094426898005
"3712",-112.375,39.375,-112.125,39.125,"39","51",63118,98535.9522554449,1.5611386966546
"3713",-112.375,39.125,-112.125,38.875,"40","51",216282,830301.908892505,3.83897831947414
"3714",-112.375,38.875,-112.125,38.625,"41","51",268383,662771.386670993,2.46949839099717
"3715",-112.375,38.625,-112.125,38.375,"42","51",196433,624994.801602879,3.18171998392775
"3716",-112.375,38.375,-112.125,38.125,"43","51",205028,546741.392853361,2.66666695696861
"3717",-112.375,38.125,-112.125,37.875,"44","51",293471,902136.179761672,3.07402155498046
"3718",-112.375,37.875,-112.125,37.625,"45","51",292581,411971.531856614,1.40805975732058
"3719",-112.375,37.625,-112.125,37.375,"46","51",455383,1146620.38754016,2.51792532338747
"3720",-112.375,37.375,-112.125,37.125,"47","51",140937,33103.1805459934,0.234879276172995
"3721",-112.375,37.125,-112.125,36.875,"48","51",26927,5317.05969832391,0.197462015758306
"3722",-112.375,36.875,-112.125,36.625,"49","51",332719,554460.492663621,1.66645275040987
"3723",-112.375,36.625,-112.125,36.375,"50","51",639496,1817729.18083396,2.84244026676314
"3724",-112.375,36.375,-112.125,36.125,"51","51",333660,821149.212603343,2.46103582270378
"3725",-112.375,36.125,-112.125,35.875,"52","51",64378,30662.9600489576,0.476295629702034
"3726",-112.375,35.875,-112.125,35.625,"53","51",5065,490.756287996834,0.0968916659421192
"3727",-112.375,35.625,-112.125,35.375,"54","51",4828,2662.07170188354,0.551381876943567
"3728",-112.375,35.375,-112.125,35.125,"55","51",206466,363974.589829236,1.76287906885025
"3729",-112.375,35.125,-112.125,34.875,"56","51",109282,109212.498781748,0.999364019525154
"3730",-112.375,34.875,-112.125,34.625,"57","51",115459,232697.551341141,2.01541284214432
"3731",-112.375,34.625,-112.125,34.375,"58","51",82660,153102.228210153,1.85219245354649
"3732",-112.375,34.375,-112.125,34.125,"59","51",90785,123091.747482385,1.35585997116687
"3733",-112.375,34.125,-112.125,33.875,"60","51",125,134.380857780576,1.07504686224461
"3734",-112.375,33.875,-112.125,33.625,"61","51",0,0,
"3735",-112.375,33.625,-112.125,33.375,"62","51",0,0,
"3736",-112.375,33.375,-112.125,33.125,"63","51",0,0,
"3737",-112.375,33.125,-112.125,32.875,"64","51",0,0,
"3738",-112.375,32.875,-112.125,32.625,"65","51",0,0,
"3739",-112.375,32.625,-112.125,32.375,"66","51",0,0,
"3740",-112.375,32.375,-112.125,32.125,"67","51",0,0,
"3741",-112.375,32.125,-112.125,31.875,"68","51",0,0,
"3742",-112.375,31.875,-112.125,31.625,"69","51",0,0,
"3743",-112.375,31.625,-112.125,31.375,"70","51",0,0,
"3744",-112.375,31.375,-112.125,31.125,"71","51",0,0,
"3745",-112.125,49.125,-111.875,48.875,"0","52",1,2.33260607719421,2.33260607719421
"3746",-112.125,48.875,-111.875,48.625,"1","52",0,0,
"3747",-112.125,48.625,-111.875,48.375,"2","52",0,0,
"3748",-112.125,48.375,-111.875,48.125,"3","52",0,0,
"3749",-112.125,48.125,-111.875,47.875,"4","52",0,0,
"3750",-112.125,47.875,-111.875,47.625,"5","52",0,0,
"3751",-112.125,47.625,-111.875,47.375,"6","52",21,10.0618970487267,0.47913795470127
"3752",-112.125,47.375,-111.875,47.125,"7","52",67363,618750.305614058,9.18531397969298
"3753",-112.125,47.125,-111.875,46.875,"8","52",136579,1963633.24060867,14.3772705951037
"3754",-112.125,46.875,-111.875,46.625,"9","52",60570,403185.233283426,6.65651697677772
"3755",-112.125,46.625,-111.875,46.375,"10","52",253250,3749628.51258669,14.8060355877066
"3756",-112.125,46.375,-111.875,46.125,"11","52",321788,5594483.0051169,17.3856172545803
"3757",-112.125,46.125,-111.875,45.875,"12","52",136492,2649326.25479343,19.4101211411177
"3758",-112.125,45.875,-111.875,45.625,"13","52",227023,4877876.2135796,21.4862644471247
"3759",-112.125,45.625,-111.875,45.375,"14","52",351772,6144030.41313255,17.4659450244265
"3760",-112.125,45.375,-111.875,45.125,"15","52",234336,5300542.25148204,22.6194108096154
"3761",-112.125,45.125,-111.875,44.875,"16","52",248076,5077808.21350195,20.4687604343103
"3762",-112.125,44.875,-111.875,44.625,"17","52",126494,1618464.14157454,12.7947898048487
"3763",-112.125,44.625,-111.875,44.375,"18","52",325706,6015152.07686671,18.4680419668864
"3764",-112.125,44.375,-111.875,44.125,"19","52",504,8780.92917539179,17.4224785226028
"3765",-112.125,44.125,-111.875,43.875,"20","52",25,114.376747131348,4.57506988525391
"3766",-112.125,43.875,-111.875,43.625,"21","52",42,272.381177783012,6.48526613769077
"3767",-112.125,43.625,-111.875,43.375,"22","52",103,352.4533579126,3.42187726128738
"3768",-112.125,43.375,-111.875,43.125,"23","52",32594,473874.463624663,14.5387023263381
"3769",-112.125,43.125,-111.875,42.875,"24","52",38794,552610.295235826,14.2447361766208
"3770",-112.125,42.875,-111.875,42.625,"25","52",153611,2365985.83031995,15.4024505427343
"3771",-112.125,42.625,-111.875,42.375,"26","52",211967,2928512.35793712,13.8158881237981
"3772",-112.125,42.375,-111.875,42.125,"27","52",54771,602284.756507618,10.9964170182691
"3773",-112.125,42.125,-111.875,41.875,"28","52",12702,108437.406272824,8.53703403187089
"3774",-112.125,41.875,-111.875,41.625,"29","52",39917,323840.008176712,8.11283433566431
"3775",-112.125,41.625,-111.875,41.375,"30","52",117110,825562.455166601,7.0494616614004
"3776",-112.125,41.375,-111.875,41.125,"31","52",72131,662745.105842304,9.1880759429691
"3777",-112.125,41.125,-111.875,40.875,"32","52",14526,122054.264218414,8.40246896725964
"3778",-112.125,40.875,-111.875,40.625,"33","52",575,612.75389389327,1.06565894590134
"3779",-112.125,40.625,-111.875,40.375,"34","52",2705,2244.45969382823,0.829744803633358
"3780",-112.125,40.375,-111.875,40.125,"35","52",1725,6311.78865977679,3.65900791871118
"3781",-112.125,40.125,-111.875,39.875,"36","52",3399,5040.35266385306,1.48289281078348
"3782",-112.125,39.875,-111.875,39.625,"37","52",1417,1853.35528317672,1.30794303682196
"3783",-112.125,39.625,-111.875,39.375,"38","52",2614,920.340503258471,0.352081294284036
"3784",-112.125,39.375,-111.875,39.125,"39","52",119955,160949.738966264,1.34175098133687
"3785",-112.125,39.125,-111.875,38.875,"40","52",169242,383554.283626844,2.26630673016653
"3786",-112.125,38.875,-111.875,38.625,"41","52",144399,430301.904632497,2.97995072426053
"3787",-112.125,38.625,-111.875,38.375,"42","52",319752,1090405.22620703,3.41015920528106
"3788",-112.125,38.375,-111.875,38.125,"43","52",156998,266494.972501007,1.69744183047559
"3789",-112.125,38.125,-111.875,37.875,"44","52",257813,472055.43041196,1.8309993305689
"3790",-112.125,37.875,-111.875,37.625,"45","52",327626,639569.284120586,1.95213226093346
"3791",-112.125,37.625,-111.875,37.375,"46","52",70073,20491.69562171,0.292433542472992
"3792",-112.125,37.375,-111.875,37.125,"47","52",37895,10313.0164486859,0.272147155262856
"3793",-112.125,37.125,-111.875,36.875,"48","52",11660,2187.03973029199,0.187567729870668
"3794",-112.125,36.875,-111.875,36.625,"49","52",33961,10447.7980805488,0.307641061233439
"3795",-112.125,36.625,-111.875,36.375,"50","52",217823,464479.502256088,2.13237124755461
"3796",-112.125,36.375,-111.875,36.125,"51","52",398803,957025.193809937,2.3997442191005
"3797",-112.125,36.125,-111.875,35.875,"52","52",183344,152470.54040107,0.83160910856679
"3798",-112.125,35.875,-111.875,35.625,"53","52",54291,10456.0646439522,0.192592964652561
"3799",-112.125,35.625,-111.875,35.375,"54","52",114397,113742.322886499,0.994277147884116
"3800",-112.125,35.375,-111.875,35.125,"55","52",321282,520607.744417456,1.6204074439821
"3801",-112.125,35.125,-111.875,34.875,"56","52",352039,527262.602543695,1.49773917816973
"3802",-112.125,34.875,-111.875,34.625,"57","52",47550,103653.89478452,2.17989263479538
"3803",-112.125,34.625,-111.875,34.375,"58","52",51111,34212.3095015278,0.669372728014084
"3804",-112.125,34.375,-111.875,34.125,"59","52",3247,2164.33006814634,0.666563002200907
"3805",-112.125,34.125,-111.875,33.875,"60","52",268,271.169722586987,1.01182732308577
"3806",-112.125,33.875,-111.875,33.625,"61","52",0,0,
"3807",-112.125,33.625,-111.875,33.375,"62","52",0,0,
"3808",-112.125,33.375,-111.875,33.125,"63","52",0,0,
"3809",-112.125,33.125,-111.875,32.875,"64","52",0,0,
"3810",-112.125,32.875,-111.875,32.625,"65","52",0,0,
"3811",-112.125,32.625,-111.875,32.375,"66","52",0,0,
"3812",-112.125,32.375,-111.875,32.125,"67","52",0,0,
"3813",-112.125,32.125,-111.875,31.875,"68","52",0,0,
"3814",-112.125,31.875,-111.875,31.625,"69","52",0,0,
"3815",-112.125,31.625,-111.875,31.375,"70","52",0,0,
"3816",-112.125,31.375,-111.875,31.125,"71","52",0,0,
"3817",-111.875,49.125,-111.625,48.875,"0","53",0,0,
"3818",-111.875,48.875,-111.625,48.625,"1","53",0,0,
"3819",-111.875,48.625,-111.625,48.375,"2","53",0,0,
"3820",-111.875,48.375,-111.625,48.125,"3","53",0,0,
"3821",-111.875,48.125,-111.625,47.875,"4","53",0,0,
"3822",-111.875,47.875,-111.625,47.625,"5","53",1,0.509948134422302,0.509948134422302
"3823",-111.875,47.625,-111.625,47.375,"6","53",7,9.87074857950211,1.41010693992887
"3824",-111.875,47.375,-111.625,47.125,"7","53",72025,1136569.06871267,15.7802022729978
"3825",-111.875,47.125,-111.625,46.875,"8","53",304603,6142915.169917,20.166955577972
"3826",-111.875,46.875,-111.625,46.625,"9","53",257752,4804397.01480595,18.6396110012956
"3827",-111.875,46.625,-111.625,46.375,"10","53",188233,3161016.33543543,16.7931039479551
"3828",-111.875,46.375,-111.625,46.125,"11","53",243671,4384412.99140718,17.9931669809176
"3829",-111.875,46.125,-111.625,45.875,"12","53",13469,154569.345057406,11.4759332584012
"3830",-111.875,45.875,-111.625,45.625,"13","53",22304,289016.349190059,12.9580500892243
"3831",-111.875,45.625,-111.625,45.375,"14","53",107394,2031101.77661782,18.9126187367807
"3832",-111.875,45.375,-111.625,45.125,"15","53",45293,765071.402738409,16.8916036195087
"3833",-111.875,45.125,-111.625,44.875,"16","53",265945,4682705.82103345,17.607797932029
"3834",-111.875,44.875,-111.625,44.625,"17","53",226900,3835638.34629252,16.9045321564236
"3835",-111.875,44.625,-111.625,44.375,"18","53",237134,4259173.74925199,17.9610420658868
"3836",-111.875,44.375,-111.625,44.125,"19","53",53477,529933.758113644,9.90956407640001
"3837",-111.875,44.125,-111.625,43.875,"20","53",47,209.498188078403,4.45740825698731
"3838",-111.875,43.875,-111.625,43.625,"21","53",7276,90483.6161799994,12.4359010692688
"3839",-111.875,43.625,-111.625,43.375,"22","53",4939,18619.6657274266,3.76992624568265
"3840",-111.875,43.375,-111.625,43.125,"23","53",64575,803019.817253108,12.4354598103462
"3841",-111.875,43.125,-111.625,42.875,"24","53",21892,325587.562873885,14.8724448599436
"3842",-111.875,42.875,-111.625,42.625,"25","53",17887,241501.389880412,13.5015033197525
"3843",-111.875,42.625,-111.625,42.375,"26","53",86305,1419584.08517192,16.4484570438784
"3844",-111.875,42.375,-111.625,42.125,"27","53",116590,1326234.93586386,11.3752031551922
"3845",-111.875,42.125,-111.625,41.875,"28","53",155532,1919223.03895509,12.339730981117
"3846",-111.875,41.875,-111.625,41.625,"29","53",219420,2570392.99199439,11.7144881596682
"3847",-111.875,41.625,-111.625,41.375,"30","53",254255,2692461.62342065,10.5896113092
"3848",-111.875,41.375,-111.625,41.125,"31","53",162975,1251057.72885397,7.67637814912697
"3849",-111.875,41.125,-111.625,40.875,"32","53",259010,2208441.79674529,8.5264730965804
"3850",-111.875,40.875,-111.625,40.625,"33","53",287408,2770705.84730264,9.64032263299086
"3851",-111.875,40.625,-111.625,40.375,"34","53",193858,1867156.57246037,9.63156832558044
"3852",-111.875,40.375,-111.625,40.125,"35","53",10501,45781.6637775126,4.35974324135916
"3853",-111.875,40.125,-111.625,39.875,"36","53",112640,857625.042437176,7.61385868640959
"3854",-111.875,39.875,-111.625,39.625,"37","53",218455,1414990.8051611,6.47726444879313
"3855",-111.875,39.625,-111.625,39.375,"38","53",296529,902747.510255365,3.04438186570408
"3856",-111.875,39.375,-111.625,39.125,"39","53",97991,168632.849121312,1.72090140034607
"3857",-111.875,39.125,-111.625,38.875,"40","53",141618,386029.667527228,2.72585171042684
"3858",-111.875,38.875,-111.625,38.625,"41","53",230847,507315.032113135,2.19762453968704
"3859",-111.875,38.625,-111.625,38.375,"42","53",181649,580895.883991555,3.19790301070501
"3860",-111.875,38.375,-111.625,38.125,"43","53",35909,63608.5250043664,1.77138113020041
"3861",-111.875,38.125,-111.625,37.875,"44","53",421087,901446.881933732,2.14076160492661
"3862",-111.875,37.875,-111.625,37.625,"45","53",318679,466413.040516132,1.46358260354818
"3863",-111.875,37.625,-111.625,37.375,"46","53",157275,154025.846607526,0.979340941710543
"3864",-111.875,37.375,-111.625,37.125,"47","53",8156,2855.99556350541,0.350171108816259
"3865",-111.875,37.125,-111.625,36.875,"48","53",5396,3641.47665313062,0.674847415331843
"3866",-111.875,36.875,-111.625,36.625,"49","53",8863,2173.07111387979,0.245184600460317
"3867",-111.875,36.625,-111.625,36.375,"50","53",2677,1697.3147716063,0.634036149273924
"3868",-111.875,36.375,-111.625,36.125,"51","53",7520,4128.13218257207,0.548953747682457
"3869",-111.875,36.125,-111.625,35.875,"52","53",94981,45761.7397389051,0.481798883344091
"3870",-111.875,35.875,-111.625,35.625,"53","53",35944,8036.11652809023,0.22357323970872
"3871",-111.875,35.625,-111.625,35.375,"54","53",199035,593829.386849211,2.98354252693854
"3872",-111.875,35.375,-111.625,35.125,"55","53",457071,1667969.71650129,3.6492573724898
"3873",-111.875,35.125,-111.625,34.875,"56","53",545485,963565.287805419,1.76643773486974
"3874",-111.875,34.875,-111.625,34.625,"57","53",73741,68655.5817274336,0.931036760112198
"3875",-111.875,34.625,-111.625,34.375,"58","53",32415,18959.1185581452,0.584887199078982
"3876",-111.875,34.375,-111.625,34.125,"59","53",61131,76904.8246885965,1.25803315320535
"3877",-111.875,34.125,-111.625,33.875,"60","53",12,7.19738533161581,0.599782110967984
"3878",-111.875,33.875,-111.625,33.625,"61","53",0,0,
"3879",-111.875,33.625,-111.625,33.375,"62","53",0,0,
"3880",-111.875,33.375,-111.625,33.125,"63","53",0,0,
"3881",-111.875,33.125,-111.625,32.875,"64","53",0,0,
"3882",-111.875,32.875,-111.625,32.625,"65","53",0,0,
"3883",-111.875,32.625,-111.625,32.375,"66","53",0,0,
"3884",-111.875,32.375,-111.625,32.125,"67","53",0,0,
"3885",-111.875,32.125,-111.625,31.875,"68","53",0,0,
"3886",-111.875,31.875,-111.625,31.625,"69","53",0,0,
"3887",-111.875,31.625,-111.625,31.375,"70","53",0,0,
"3888",-111.875,31.375,-111.625,31.125,"71","53",0,0,
"3889",-111.625,49.125,-111.375,48.875,"0","54",7408,60625.5623987736,8.18379622013683
"3890",-111.625,48.875,-111.375,48.625,"1","54",0,0,
"3891",-111.625,48.625,-111.375,48.375,"2","54",0,0,
"3892",-111.625,48.375,-111.375,48.125,"3","54",1,0.556826114654541,0.556826114654541
"3893",-111.625,48.125,-111.375,47.875,"4","54",0,0,
"3894",-111.625,47.875,-111.375,47.625,"5","54",2,0.196896642446518,0.098448321223259
"3895",-111.625,47.625,-111.375,47.375,"6","54",1,0.218320891261101,0.218320891261101
"3896",-111.625,47.375,-111.375,47.125,"7","54",870,12174.0861660764,13.9932024897429
"3897",-111.625,47.125,-111.375,46.875,"8","54",62640,1240619.16931993,19.8055422943794
"3898",-111.625,46.875,-111.375,46.625,"9","54",300923,7445799.412181,24.7432047805618
"3899",-111.625,46.625,-111.375,46.375,"10","54",89616,1701406.573009,18.9855223733373
"3900",-111.625,46.375,-111.375,46.125,"11","54",4381,31123.4605460523,7.1041909486538
"3901",-111.625,46.125,-111.375,45.875,"12","54",1906,12316.5614597877,6.46199446998303
"3902",-111.625,45.875,-111.375,45.625,"13","54",2815,17759.6255657698,6.30892560062872
"3903",-111.625,45.625,-111.375,45.375,"14","54",289441,3710966.40871233,12.8211497635523
"3904",-111.625,45.375,-111.375,45.125,"15","54",337511,3894331.00095202,11.5383824555408
"3905",-111.625,45.125,-111.375,44.875,"16","54",237185,2496992.81496855,10.5276169022854
"3906",-111.625,44.875,-111.375,44.625,"17","54",224783,4164053.55889224,18.5247708184882
"3907",-111.625,44.625,-111.375,44.375,"18","54",322604,5066844.39245788,15.7060804963915
"3908",-111.625,44.375,-111.375,44.125,"19","54",462478,7145082.71941958,15.4495623995511
"3909",-111.625,44.125,-111.375,43.875,"20","54",6466,82489.7248675943,12.7574582226406
"3910",-111.625,43.875,-111.375,43.625,"21","54",219353,3765827.53531819,17.1678870830041
"3911",-111.625,43.625,-111.375,43.375,"22","54",200352,3615414.70009047,18.0453137482554
"3912",-111.625,43.375,-111.375,43.125,"23","54",165751,2424685.40923307,14.6284813318355
"3913",-111.625,43.125,-111.375,42.875,"24","54",58841,860981.029652554,14.632331701578
"3914",-111.625,42.875,-111.375,42.625,"25","54",82708,1160642.01763401,14.0330079029115
"3915",-111.625,42.625,-111.375,42.375,"26","54",220692,3123076.96433606,14.1512921371688
"3916",-111.625,42.375,-111.375,42.125,"27","54",214945,2236122.81617577,10.4032325300694
"3917",-111.625,42.125,-111.375,41.875,"28","54",262235,2674315.51411108,10.1981639144701
"3918",-111.625,41.875,-111.375,41.625,"29","54",233691,2459023.07573115,10.5225407727775
"3919",-111.625,41.625,-111.375,41.375,"30","54",223187,1984397.18628388,8.89118625315938
"3920",-111.625,41.375,-111.375,41.125,"31","54",248259,2202999.76079538,8.87379615963722
"3921",-111.625,41.125,-111.375,40.875,"32","54",131168,840990.818435017,6.41155478802008
"3922",-111.625,40.875,-111.375,40.625,"33","54",193119,1477562.21611051,7.65104529388877
"3923",-111.625,40.625,-111.375,40.375,"34","54",214161,1504248.32170279,7.02391341888948
"3924",-111.625,40.375,-111.375,40.125,"35","54",285214,1895760.91115452,6.6468017388856
"3925",-111.625,40.125,-111.375,39.875,"36","54",209255,1382958.44452987,6.60896248371543
"3926",-111.625,39.875,-111.375,39.625,"37","54",172170,842397.196867526,4.89282219241172
"3927",-111.625,39.625,-111.375,39.375,"38","54",118443,385909.991026222,3.25819162826189
"3928",-111.625,39.375,-111.375,39.125,"39","54",260228,886570.240436432,3.40689795270468
"3929",-111.625,39.125,-111.375,38.875,"40","54",314351,1009859.13004324,3.21252081285964
"3930",-111.625,38.875,-111.375,38.625,"41","54",343060,941396.543731528,2.74411631706269
"3931",-111.625,38.625,-111.375,38.375,"42","54",280775,587468.470633292,2.09231046436931
"3932",-111.625,38.375,-111.375,38.125,"43","54",232702,384713.080499125,1.6532435496864
"3933",-111.625,38.125,-111.375,37.875,"44","54",361276,656570.038008132,1.81736411499278
"3934",-111.625,37.875,-111.375,37.625,"45","54",32864,11867.1401286278,0.361098470320952
"3935",-111.625,37.625,-111.375,37.375,"46","54",60167,23282.581834479,0.386965975276797
"3936",-111.625,37.375,-111.375,37.125,"47","54",7339,998.578759562248,0.136064689952616
"3937",-111.625,37.125,-111.375,36.875,"48","54",65,25.204533378128,0.387762051971199
"3938",-111.625,36.875,-111.375,36.625,"49","54",1337,633.520263229962,0.473837145272971
"3939",-111.625,36.625,-111.375,36.375,"50","54",2630,329.620807995347,0.125331105701653
"3940",-111.625,36.375,-111.375,36.125,"51","54",654,195.170816390666,0.29842632475637
"3941",-111.625,36.125,-111.375,35.875,"52","54",3334,1650.51002606541,0.49505399702022
"3942",-111.625,35.875,-111.375,35.625,"53","54",982,320.722166751861,0.326600984472363
"3943",-111.625,35.625,-111.375,35.375,"54","54",28710,32999.1369545326,1.14939522655982
"3944",-111.625,35.375,-111.375,35.125,"55","54",226910,364478.366424127,1.60626841665915
"3945",-111.625,35.125,-111.375,34.875,"56","54",424653,609157.144022397,1.43448213958784
"3946",-111.625,34.875,-111.375,34.625,"57","54",476714,752436.601374488,1.5783815901662
"3947",-111.625,34.625,-111.375,34.375,"58","54",427509,821208.917562396,1.92091609197092
"3948",-111.625,34.375,-111.375,34.125,"59","54",131280,89451.1730846099,0.681377003996114
"3949",-111.625,34.125,-111.375,33.875,"60","54",105771,145264.155386047,1.37338358705171
"3950",-111.625,33.875,-111.375,33.625,"61","54",13326,8080.65933342412,0.606382960635158
"3951",-111.625,33.625,-111.375,33.375,"62","54",0,0,
"3952",-111.625,33.375,-111.375,33.125,"63","54",0,0,
"3953",-111.625,33.125,-111.375,32.875,"64","54",0,0,
"3954",-111.625,32.875,-111.375,32.625,"65","54",0,0,
"3955",-111.625,32.625,-111.375,32.375,"66","54",0,0,
"3956",-111.625,32.375,-111.375,32.125,"67","54",0,0,
"3957",-111.625,32.125,-111.375,31.875,"68","54",431,730.786659665406,1.69556069527936
"3958",-111.625,31.875,-111.375,31.625,"69","54",839,1374.12358823605,1.63781118979267
"3959",-111.625,31.625,-111.375,31.375,"70","54",0,0,
"3960",-111.625,31.375,-111.375,31.125,"71","54",0,0,
"3961",-111.375,49.125,-111.125,48.875,"0","55",549,3898.41027244925,7.10092945801321
"3962",-111.375,48.875,-111.125,48.625,"1","55",5330,54604.2245475613,10.2446950370659
"3963",-111.375,48.625,-111.125,48.375,"2","55",0,0,
"3964",-111.375,48.375,-111.125,48.125,"3","55",0,0,
"3965",-111.375,48.125,-111.125,47.875,"4","55",0,0,
"3966",-111.375,47.875,-111.125,47.625,"5","55",8,1.00556920282543,0.125696150353178
"3967",-111.375,47.625,-111.125,47.375,"6","55",6,0.70102421566844,0.116837369278073
"3968",-111.375,47.375,-111.125,47.125,"7","55",26773,480174.070304722,17.9350117769664
"3969",-111.375,47.125,-111.125,46.875,"8","55",322434,6782260.24220037,21.0345690659185
"3970",-111.375,46.875,-111.125,46.625,"9","55",166923,3160220.01910415,18.9322023873531
"3971",-111.375,46.625,-111.125,46.375,"10","55",306141,6061388.53020967,19.7993360255884
"3972",-111.375,46.375,-111.125,46.125,"11","55",149804,3023139.76888646,20.1806344883078
"3973",-111.375,46.125,-111.125,45.875,"12","55",71024,1265070.04638367,17.8118670644243
"3974",-111.375,45.875,-111.125,45.625,"13","55",997,9012.42038719729,9.03953900420992
"3975",-111.375,45.625,-111.125,45.375,"14","55",275726,4181894.4064276,15.1668482712098
"3976",-111.375,45.375,-111.125,45.125,"15","55",437124,5095992.83787953,11.6580028501742
"3977",-111.375,45.125,-111.125,44.875,"16","55",340665,2678811.31880848,7.86347678454927
"3978",-111.375,44.875,-111.125,44.625,"17","55",382702,3545366.05544238,9.2640384827944
"3979",-111.375,44.625,-111.125,44.375,"18","55",401061,3459459.08279394,8.6257678577422
"3980",-111.375,44.375,-111.125,44.125,"19","55",507952,6735274.76092998,13.2596677657141
"3981",-111.375,44.125,-111.125,43.875,"20","55",115887,1874810.0675493,16.1779152756504
"3982",-111.375,43.875,-111.125,43.625,"21","55",177302,2568695.07633847,14.4876824645998
"3983",-111.375,43.625,-111.125,43.375,"22","55",341353,5585623.97368511,16.3631899344231
"3984",-111.375,43.375,-111.125,43.125,"23","55",372162,6449314.73324061,17.3293209227181
"3985",-111.375,43.125,-111.125,42.875,"24","55",337215,4601303.76013916,13.6450150798131
"3986",-111.375,42.875,-111.125,42.625,"25","55",320830,4085650.00852814,12.7346258408757
"3987",-111.375,42.625,-111.125,42.375,"26","55",279859,4075112.75349814,14.5613067776921
"3988",-111.375,42.375,-111.125,42.125,"27","55",16930,263910.582717014,15.5883392036039
"3989",-111.375,42.125,-111.125,41.875,"28","55",729,2054.20579865912,2.81784060172719
"3990",-111.375,41.875,-111.125,41.625,"29","55",6663,75516.6402744327,11.3337295924408
"3991",-111.375,41.625,-111.125,41.375,"30","55",2480,27723.3007958994,11.1787503209272
"3992",-111.375,41.375,-111.125,41.125,"31","55",54922,586176.44084127,10.6728895677737
"3993",-111.375,41.125,-111.125,40.875,"32","55",128447,655791.378846899,5.10554064203056
"3994",-111.375,40.875,-111.125,40.625,"33","55",256483,1770079.98713393,6.9013540356824
"3995",-111.375,40.625,-111.125,40.375,"34","55",232946,1698739.73882455,7.29241858123578
"3996",-111.375,40.375,-111.125,40.125,"35","55",256300,1887510.1505653,7.36445630341513
"3997",-111.375,40.125,-111.125,39.875,"36","55",244970,1441732.25997002,5.88534212340296
"3998",-111.375,39.875,-111.125,39.625,"37","55",305693,1048505.67860187,3.42993028496522
"3999",-111.375,39.625,-111.125,39.375,"38","55",381240,1483143.74372616,3.89031513935097
"4000",-111.375,39.375,-111.125,39.125,"39","55",289930,919408.287622366,3.17113885290369
"4001",-111.375,39.125,-111.125,38.875,"40","55",143237,351660.009970237,2.45509198021627
"4002",-111.375,38.875,-111.125,38.625,"41","55",6517,4034.69596911361,0.619103263635663
"4003",-111.375,38.625,-111.125,38.375,"42","55",2059,1207.90914297279,0.586648442434573
"4004",-111.375,38.375,-111.125,38.125,"43","55",96796,175265.828678782,1.81067222487275
"4005",-111.375,38.125,-111.125,37.875,"44","55",184897,238273.783009902,1.28868387810458
"4006",-111.375,37.875,-111.125,37.625,"45","55",16100,7062.91527068535,0.438690389483562
"4007",-111.375,37.625,-111.125,37.375,"46","55",22025,11748.916071434,0.533435462948196
"4008",-111.375,37.375,-111.125,37.125,"47","55",31768,26549.0785746102,0.835717658480552
"4009",-111.375,37.125,-111.125,36.875,"48","55",757,353.988032866328,0.467619594275202
"4010",-111.375,36.875,-111.125,36.625,"49","55",1134,732.794205792074,0.64620300334398
"4011",-111.375,36.625,-111.125,36.375,"50","55",319,44.5952927205362,0.13979715586375
"4012",-111.375,36.375,-111.125,36.125,"51","55",90,14.845393863041,0.164948820700455
"4013",-111.375,36.125,-111.125,35.875,"52","55",22,7.47405626997352,0.339729830453342
"4014",-111.375,35.875,-111.125,35.625,"53","55",13,2.78702591429465,0.214386608791896
"4015",-111.375,35.625,-111.125,35.375,"54","55",3,1.99585431814194,0.665284772713979
"4016",-111.375,35.375,-111.125,35.125,"55","55",489,171.447351098293,0.35060807995561
"4017",-111.375,35.125,-111.125,34.875,"56","55",86448,36970.6654263555,0.427663629307277
"4018",-111.375,34.875,-111.125,34.625,"57","55",288686,303705.285084766,1.05202637150664
"4019",-111.375,34.625,-111.125,34.375,"58","55",609690,1627221.55414614,2.66893266110014
"4020",-111.375,34.375,-111.125,34.125,"59","55",227630,120529.065404505,0.529495520821091
"4021",-111.375,34.125,-111.125,33.875,"60","55",75084,41147.5274390202,0.54801991688003
"4022",-111.375,33.875,-111.125,33.625,"61","55",34263,39316.3849629583,1.14748810562293
"4023",-111.375,33.625,-111.125,33.375,"62","55",10346,7087.39692462557,0.685037398475312
"4024",-111.375,33.375,-111.125,33.125,"63","55",0,0,
"4025",-111.375,33.125,-111.125,32.875,"64","55",0,0,
"4026",-111.375,32.875,-111.125,32.625,"65","55",0,0,
"4027",-111.375,32.625,-111.125,32.375,"66","55",0,0,
"4028",-111.375,32.375,-111.125,32.125,"67","55",0,0,
"4029",-111.375,32.125,-111.125,31.875,"68","55",592,847.497636332992,1.43158384515708
"4030",-111.375,31.875,-111.125,31.625,"69","55",76,129.907441705465,1.70930844349296
"4031",-111.375,31.625,-111.125,31.375,"70","55",2105,3558.02160738781,1.69027154745264
"4032",-111.375,31.375,-111.125,31.125,"71","55",86,146.972972393036,1.70898805108181
"4033",-111.125,49.125,-110.875,48.875,"0","56",357,2452.00869551301,6.86837169611487
"4034",-111.125,48.875,-110.875,48.625,"1","56",2167,12987.8488774197,5.99346971731413
"4035",-111.125,48.625,-110.875,48.375,"2","56",0,0,
"4036",-111.125,48.375,-110.875,48.125,"3","56",2,0.598949771374464,0.299474885687232
"4037",-111.125,48.125,-110.875,47.875,"4","56",0,0,
"4038",-111.125,47.875,-110.875,47.625,"5","56",0,0,
"4039",-111.125,47.625,-110.875,47.375,"6","56",33,24.2944469898939,0.736195363330119
"4040",-111.125,47.375,-110.875,47.125,"7","56",74709,1498274.296411,20.0548032554444
"4041",-111.125,47.125,-110.875,46.875,"8","56",521752,11087285.6212231,21.2501066047147
"4042",-111.125,46.875,-110.875,46.625,"9","56",214913,4014982.83046645,18.6818983982656
"4043",-111.125,46.625,-110.875,46.375,"10","56",37574,692620.639984457,18.4335082765864
"4044",-111.125,46.375,-110.875,46.125,"11","56",143484,2950774.7760773,20.5651834077479
"4045",-111.125,46.125,-110.875,45.875,"12","56",256960,5430614.23995994,21.1340840596199
"4046",-111.125,45.875,-110.875,45.625,"13","56",159666,3722372.23104028,23.3134933613937
"4047",-111.125,45.625,-110.875,45.375,"14","56",419081,5550723.43882066,13.2449894860914
"4048",-111.125,45.375,-110.875,45.125,"15","56",355675,3811095.21303425,10.7151056808442
"4049",-111.125,45.125,-110.875,44.875,"16","56",365740,2751115.6526792,7.52205296844535
"4050",-111.125,44.875,-110.875,44.625,"17","56",390474,2530631.33582828,6.48092148472954
"4051",-111.125,44.625,-110.875,44.375,"18","56",234852,775615.36535745,3.30257083336506
"4052",-111.125,44.375,-110.875,44.125,"19","56",412468,2129788.70781032,5.16352470448694
"4053",-111.125,44.125,-110.875,43.875,"20","56",519895,5985082.00049725,11.5120976360558
"4054",-111.125,43.875,-110.875,43.625,"21","56",181337,1944741.01791986,10.724457876329
"4055",-111.125,43.625,-110.875,43.375,"22","56",351715,3528775.53052514,10.0330538376957
"4056",-111.125,43.375,-110.875,43.125,"23","56",350097,5060728.72003543,14.4552187537609
"4057",-111.125,43.125,-110.875,42.875,"24","56",252208,3385676.10051524,13.4241423765909
"4058",-111.125,42.875,-110.875,42.625,"25","56",164266,2493013.64597132,15.1766868735546
"4059",-111.125,42.625,-110.875,42.375,"26","56",215750,3178150.80508867,14.7307105681978
"4060",-111.125,42.375,-110.875,42.125,"27","56",65825,1022321.26998881,15.5308966196553
"4061",-111.125,42.125,-110.875,41.875,"28","56",264,1777.87038596254,6.73435752258537
"4062",-111.125,41.875,-110.875,41.625,"29","56",1680,11428.7439986535,6.80282380872231
"4063",-111.125,41.625,-110.875,41.375,"30","56",1489,4717.99457422985,3.16856586583603
"4064",-111.125,41.375,-110.875,41.125,"31","56",132,592.212969772401,4.48646189221516
"4065",-111.125,41.125,-110.875,40.875,"32","56",67050,231294.113149691,3.44957663161358
"4066",-111.125,40.875,-110.875,40.625,"33","56",274207,1664592.14924462,6.07056767057232
"4067",-111.125,40.625,-110.875,40.375,"34","56",337849,2667480.33810138,7.89548093409002
"4068",-111.125,40.375,-110.875,40.125,"35","56",198571,1441734.22901564,7.26054775881491
"4069",-111.125,40.125,-110.875,39.875,"36","56",349381,1869878.40128043,5.35197506813602
"4070",-111.125,39.875,-110.875,39.625,"37","56",292164,1054744.11557018,3.61010978618236
"4071",-111.125,39.625,-110.875,39.375,"38","56",124155,330229.431298584,2.65981580523204
"4072",-111.125,39.375,-110.875,39.125,"39","56",22964,67205.3351589114,2.92655178361398
"4073",-111.125,39.125,-110.875,38.875,"40","56",245,226.019928889815,0.922530321999244
"4074",-111.125,38.875,-110.875,38.625,"41","56",1516,1404.63691834593,0.92654150286671
"4075",-111.125,38.625,-110.875,38.375,"42","56",22,16.2184126833454,0.737200576515699
"4076",-111.125,38.375,-110.875,38.125,"43","56",24,10.5476928385906,0.439487201607941
"4077",-111.125,38.125,-110.875,37.875,"44","56",2173,2569.82451501279,1.18261597561564
"4078",-111.125,37.875,-110.875,37.625,"45","56",7319,5231.95925549401,0.714846188754476
"4079",-111.125,37.625,-110.875,37.375,"46","56",15262,7528.04164265006,0.493253940679469
"4080",-111.125,37.375,-110.875,37.125,"47","56",25013,16873.7124057757,0.674597705424208
"4081",-111.125,37.125,-110.875,36.875,"48","56",23485,21169.1920083174,0.901392037824886
"4082",-111.125,36.875,-110.875,36.625,"49","56",2115,1241.26921650436,0.586888518441776
"4083",-111.125,36.625,-110.875,36.375,"50","56",2132,665.600020345097,0.312195131493948
"4084",-111.125,36.375,-110.875,36.125,"51","56",69,28.0723266052082,0.40684531311896
"4085",-111.125,36.125,-110.875,35.875,"52","56",356,116.469371250365,0.327161155197654
"4086",-111.125,35.875,-110.875,35.625,"53","56",188,44.7321076244407,0.237936742683195
"4087",-111.125,35.625,-110.875,35.375,"54","56",34,11.1727581750602,0.328610534560593
"4088",-111.125,35.375,-110.875,35.125,"55","56",125,36.3654659150634,0.290923727320507
"4089",-111.125,35.125,-110.875,34.875,"56","56",776,185.007100125818,0.238411211502343
"4090",-111.125,34.875,-110.875,34.625,"57","56",80448,46127.2198787685,0.573379324268701
"4091",-111.125,34.625,-110.875,34.375,"58","56",515121,1274294.83866922,2.4737776923659
"4092",-111.125,34.375,-110.875,34.125,"59","56",441626,777598.880348801,1.76076336164266
"4093",-111.125,34.125,-110.875,33.875,"60","56",282180,246324.910031252,0.872935395957376
"4094",-111.125,33.875,-110.875,33.625,"61","56",109729,180037.81379491,1.64074960853476
"4095",-111.125,33.625,-110.875,33.375,"62","56",3286,2805.69907288358,0.853834167036999
"4096",-111.125,33.375,-110.875,33.125,"63","56",9984,10756.6225556826,1.07738607328552
"4097",-111.125,33.125,-110.875,32.875,"64","56",10,17.8042041063309,1.78042041063309
"4098",-111.125,32.875,-110.875,32.625,"65","56",291,504.346495628357,1.73314946951325
"4099",-111.125,32.625,-110.875,32.375,"66","56",1322,2152.21139724844,1.62799651834224
"4100",-111.125,32.375,-110.875,32.125,"67","56",490,806.102957790717,1.64510807712391
"4101",-111.125,32.125,-110.875,31.875,"68","56",13,21.2191442251205,1.63224186347081
"4102",-111.125,31.875,-110.875,31.625,"69","56",8898,14772.2668553253,1.66017833842721
"4103",-111.125,31.625,-110.875,31.375,"70","56",592,974.919065576047,1.64682274590548
"4104",-111.125,31.375,-110.875,31.125,"71","56",374,635.45244371891,1.69907070513078
"4105",-110.875,49.125,-110.625,48.875,"0","57",0,0,
"4106",-110.875,48.875,-110.625,48.625,"1","57",0,0,
"4107",-110.875,48.625,-110.625,48.375,"2","57",0,0,
"4108",-110.875,48.375,-110.625,48.125,"3","57",0,0,
"4109",-110.875,48.125,-110.625,47.875,"4","57",0,0,
"4110",-110.875,47.875,-110.625,47.625,"5","57",4,1.91353914141655,0.478384785354137
"4111",-110.875,47.625,-110.625,47.375,"6","57",34726,473855.538289938,13.6455548663807
"4112",-110.875,47.375,-110.625,47.125,"7","57",34176,695523.30990238,20.351220444241
"4113",-110.875,47.125,-110.625,46.875,"8","57",453649,8687764.07009203,19.1508502610874
"4114",-110.875,46.875,-110.625,46.625,"9","57",388568,6567713.1904667,16.9023522021029
"4115",-110.875,46.625,-110.625,46.375,"10","57",239932,4077955.36786593,16.9962963167311
"4116",-110.875,46.375,-110.625,46.125,"11","57",14502,276636.65237874,19.0757586800952
"4117",-110.875,46.125,-110.625,45.875,"12","57",74674,1778368.38863384,23.8150947938216
"4118",-110.875,45.875,-110.625,45.625,"13","57",257573,6125072.15387,23.7799464768046
"4119",-110.875,45.625,-110.625,45.375,"14","57",216577,2815930.77019351,13.0019843759656
"4120",-110.875,45.375,-110.625,45.125,"15","57",218612,2454853.08425894,11.2292695929726
"4121",-110.875,45.125,-110.625,44.875,"16","57",262631,2458968.99472439,9.36282843504532
"4122",-110.875,44.875,-110.625,44.625,"17","57",249383,1085098.41025841,4.35113223539058
"4123",-110.875,44.625,-110.625,44.375,"18","57",261983,731293.694919178,2.79137842882621
"4124",-110.875,44.375,-110.625,44.125,"19","57",214100,569035.081028484,2.65780047187522
"4125",-110.875,44.125,-110.625,43.875,"20","57",296561,1468687.50799167,4.95239599270191
"4126",-110.875,43.875,-110.625,43.625,"21","57",179937,1444944.07915656,8.03027770362158
"4127",-110.875,43.625,-110.625,43.375,"22","57",197468,2247565.15887556,11.3819209131381
"4128",-110.875,43.375,-110.625,43.125,"23","57",363658,5442648.97342781,14.966394176473
"4129",-110.875,43.125,-110.625,42.875,"24","57",362465,3761780.06934833,10.3783263745419
"4130",-110.875,42.875,-110.625,42.625,"25","57",371179,3179371.47399151,8.56560170158201
"4131",-110.875,42.625,-110.625,42.375,"26","57",371984,3187024.01297126,8.56763735260456
"4132",-110.875,42.375,-110.625,42.125,"27","57",311125,2918666.14249712,9.3810080915938
"4133",-110.875,42.125,-110.625,41.875,"28","57",33179,444455.414600224,13.3956844570428
"4134",-110.875,41.875,-110.625,41.625,"29","57",1043,10916.9692131802,10.4668928218411
"4135",-110.875,41.625,-110.625,41.375,"30","57",382,1569.1381580444,4.10769151320523
"4136",-110.875,41.375,-110.625,41.125,"31","57",443,1759.97689180996,3.97285980092541
"4137",-110.875,41.125,-110.625,40.875,"32","57",177892,812424.303401514,4.56695243969102
"4138",-110.875,40.875,-110.625,40.625,"33","57",158512,509770.112688147,3.21597174149684
"4139",-110.875,40.625,-110.625,40.375,"34","57",270120,1928106.79127912,7.13796383562537
"4140",-110.875,40.375,-110.625,40.125,"35","57",100244,331077.577632775,3.30271714649031
"4141",-110.875,40.125,-110.625,39.875,"36","57",359388,1184329.54262593,3.29540647608136
"4142",-110.875,39.875,-110.625,39.625,"37","57",227959,788519.231394399,3.45903970185164
"4143",-110.875,39.625,-110.625,39.375,"38","57",161,78.7413223050535,0.489076536056233
"4144",-110.875,39.375,-110.625,39.125,"39","57",922,1262.69094194518,1.3695129522182
"4145",-110.875,39.125,-110.625,38.875,"40","57",1255,1348.63561040605,1.07461004813231
"4146",-110.875,38.875,-110.625,38.625,"41","57",3184,3503.39165360667,1.10031144899707
"4147",-110.875,38.625,-110.625,38.375,"42","57",0,0,
"4148",-110.875,38.375,-110.625,38.125,"43","57",26132,51620.2495343266,1.97536543449895
"4149",-110.875,38.125,-110.625,37.875,"44","57",132728,244117.00542452,1.83922763414291
"4150",-110.875,37.875,-110.625,37.625,"45","57",3441,6081.37484284956,1.76732776601266
"4151",-110.875,37.625,-110.625,37.375,"46","57",41,14.4071445446461,0.351393769381613
"4152",-110.875,37.375,-110.625,37.125,"47","57",829,413.329117890986,0.498587596973445
"4153",-110.875,37.125,-110.625,36.875,"48","57",40799,57825.048898118,1.41731534836927
"4154",-110.875,36.875,-110.625,36.625,"49","57",39494,21468.9047142566,0.54359914706681
"4155",-110.875,36.625,-110.625,36.375,"50","57",3387,1102.18301926132,0.325415712802281
"4156",-110.875,36.375,-110.625,36.125,"51","57",424,158.639019511407,0.37414863092313
"4157",-110.875,36.125,-110.625,35.875,"52","57",367,108.922008913942,0.296790215024364
"4158",-110.875,35.875,-110.625,35.625,"53","57",39,12.0788255920634,0.309713476719573
"4159",-110.875,35.625,-110.625,35.375,"54","57",45,11.8579280888662,0.263509513085915
"4160",-110.875,35.375,-110.625,35.125,"55","57",0,0,
"4161",-110.875,35.125,-110.625,34.875,"56","57",262,114.002151444089,0.435122715435453
"4162",-110.875,34.875,-110.625,34.625,"57","57",3840,1678.77706566722,0.437181527517506
"4163",-110.875,34.625,-110.625,34.375,"58","57",295758,438621.917415896,1.48304329017608
"4164",-110.875,34.375,-110.625,34.125,"59","57",501935,1060282.45927593,2.1123899693704
"4165",-110.875,34.125,-110.625,33.875,"60","57",196859,129397.049130052,0.65730827206301
"4166",-110.875,33.875,-110.625,33.625,"61","57",20383,11521.7950965728,0.565264931392475
"4167",-110.875,33.625,-110.625,33.375,"62","57",27928,25827.0354743167,0.924772109507185
"4168",-110.875,33.375,-110.625,33.125,"63","57",46913,93136.9961454691,1.98531315723721
"4169",-110.875,33.125,-110.625,32.875,"64","57",2,3.53227639198303,1.76613819599152
"4170",-110.875,32.875,-110.625,32.625,"65","57",5,3.52866237610579,0.705732475221157
"4171",-110.875,32.625,-110.625,32.375,"66","57",108733,175838.121117455,1.61715505980204
"4172",-110.875,32.375,-110.625,32.125,"67","57",10120,16389.7996506495,1.61954542002466
"4173",-110.875,32.125,-110.625,31.875,"68","57",1,1.81382596492767,1.81382596492767
"4174",-110.875,31.875,-110.625,31.625,"69","57",38029,58435.9302264622,1.53661495770234
"4175",-110.875,31.625,-110.625,31.375,"70","57",12001,17442.068078552,1.45338455783285
"4176",-110.875,31.375,-110.625,31.125,"71","57",3635,4903.92306747055,1.34908475033578
"4177",-110.625,49.125,-110.375,48.875,"0","58",0,0,
"4178",-110.625,48.875,-110.375,48.625,"1","58",0,0,
"4179",-110.625,48.625,-110.375,48.375,"2","58",6,3.23347598314285,0.538912663857142
"4180",-110.625,48.375,-110.375,48.125,"3","58",1,0.53852242231369,0.53852242231369
"4181",-110.625,48.125,-110.375,47.875,"4","58",1,0.525498330593109,0.525498330593109
"4182",-110.625,47.875,-110.375,47.625,"5","58",38,44.4151784330606,1.16882048508054
"4183",-110.625,47.625,-110.375,47.375,"6","58",107539,1646898.90606479,15.3144338897032
"4184",-110.625,47.375,-110.375,47.125,"7","58",21670,501254.252903687,23.1312530181674
"4185",-110.625,47.125,-110.375,46.875,"8","58",432535,8881507.01384582,20.533614652793
"4186",-110.625,46.875,-110.375,46.625,"9","58",464887,8828746.29532299,18.9911662303377
"4187",-110.625,46.625,-110.375,46.375,"10","58",131981,2759535.11135052,20.9085785935136
"4188",-110.625,46.375,-110.375,46.125,"11","58",281482,5651166.56086882,20.0764757990522
"4189",-110.625,46.125,-110.375,45.875,"12","58",142246,2802563.06555165,19.7022275884851
"4190",-110.625,45.875,-110.375,45.625,"13","58",15448,242233.596688317,15.6805797959812
"4191",-110.625,45.625,-110.375,45.375,"14","58",248349,3343087.17672451,13.4612467806374
"4192",-110.625,45.375,-110.375,45.125,"15","58",225708,1682733.26758619,7.45535500552124
"4193",-110.625,45.125,-110.375,44.875,"16","58",253736,1997927.26811442,7.87403942725675
"4194",-110.625,44.875,-110.375,44.625,"17","58",198696,923758.607717442,4.64910520452069
"4195",-110.625,44.625,-110.375,44.375,"18","58",154587,262020.660363475,1.69497215395521
"4196",-110.625,44.375,-110.375,44.125,"19","58",175264,633495.147970918,3.61451951325382
"4197",-110.625,44.125,-110.375,43.875,"20","58",291571,1650207.54052608,5.65971080980646
"4198",-110.625,43.875,-110.375,43.625,"21","58",285325,2196638.1409096,7.69872300327557
"4199",-110.625,43.625,-110.375,43.375,"22","58",237064,1725996.33489051,7.28071885604945
"4200",-110.625,43.375,-110.375,43.125,"23","58",332467,3987768.73322382,11.9944798528089
"4201",-110.625,43.125,-110.375,42.875,"24","58",253702,1516842.46666555,5.97883527392591
"4202",-110.625,42.875,-110.375,42.625,"25","58",204582,936549.733177679,4.57786967170953
"4203",-110.625,42.625,-110.375,42.375,"26","58",218307,1433956.00168532,6.56852964717265
"4204",-110.625,42.375,-110.375,42.125,"27","58",190126,1849333.56026269,9.72688406773765
"4205",-110.625,42.125,-110.375,41.875,"28","58",43778,496115.32204598,11.3325259729997
"4206",-110.625,41.875,-110.375,41.625,"29","58",36,189.774552106857,5.27151533630159
"4207",-110.625,41.625,-110.375,41.375,"30","58",127,154.516065868316,1.21666193597099
"4208",-110.625,41.375,-110.375,41.125,"31","58",4333,32138.9544864506,7.41725236243957
"4209",-110.625,41.125,-110.375,40.875,"32","58",272383,1067539.13512311,3.9192575715926
"4210",-110.625,40.875,-110.375,40.625,"33","58",93564,297118.532518946,3.17556466716842
"4211",-110.625,40.625,-110.375,40.375,"34","58",249698,1885105.49344733,7.54954182030825
"4212",-110.625,40.375,-110.375,40.125,"35","58",54100,84270.6765964405,1.55768348607099
"4213",-110.625,40.125,-110.375,39.875,"36","58",287387,565396.123213028,1.96736847252321
"4214",-110.625,39.875,-110.375,39.625,"37","58",342540,1417904.68049967,4.13938424855394
"4215",-110.625,39.625,-110.375,39.375,"38","58",35267,120563.591635442,3.41859505020111
"4216",-110.625,39.375,-110.375,39.125,"39","58",2055,3124.4937729463,1.52043492600793
"4217",-110.625,39.125,-110.375,38.875,"40","58",292,166.592880728189,0.570523564137633
"4218",-110.625,38.875,-110.375,38.625,"41","58",168,118.9892571331,0.708269387697025
"4219",-110.625,38.625,-110.375,38.375,"42","58",2,0.442261025309563,0.221130512654781
"4220",-110.625,38.375,-110.375,38.125,"43","58",4,1.01849649846554,0.254624124616385
"4221",-110.625,38.125,-110.375,37.875,"44","58",13,0.6040167841129,0.0464628295471462
"4222",-110.625,37.875,-110.375,37.625,"45","58",1197,1581.45646145998,1.32118334290725
"4223",-110.625,37.625,-110.375,37.375,"46","58",1851,647.606244288079,0.349868311338779
"4224",-110.625,37.375,-110.375,37.125,"47","58",1631,602.70152607793,0.369528832665806
"4225",-110.625,37.125,-110.375,36.875,"48","58",17763,10760.7836674652,0.605797650591973
"4226",-110.625,36.875,-110.375,36.625,"49","58",78944,49214.1098090435,0.623405322874994
"4227",-110.625,36.625,-110.375,36.375,"50","58",12823,2717.84421646994,0.211950730442949
"4228",-110.625,36.375,-110.375,36.125,"51","58",1639,474.054611643915,0.289234052253761
"4229",-110.625,36.125,-110.375,35.875,"52","58",252,78.223983053118,0.310412631163167
"4230",-110.625,35.875,-110.375,35.625,"53","58",900,275.620319736656,0.306244799707395
"4231",-110.625,35.625,-110.375,35.375,"54","58",156,59.9518920527771,0.384307000338315
"4232",-110.625,35.375,-110.375,35.125,"55","58",33,21.7691960856318,0.65967260865551
"4233",-110.625,35.125,-110.375,34.875,"56","58",10,0.604786108247936,0.0604786108247936
"4234",-110.625,34.875,-110.375,34.625,"57","58",1273,322.094207965118,0.253019802015018
"4235",-110.625,34.625,-110.375,34.375,"58","58",44478,20481.4390545058,0.460484712768241
"4236",-110.625,34.375,-110.375,34.125,"59","58",332610,511440.103566196,1.53765702644598
"4237",-110.625,34.125,-110.375,33.875,"60","58",223019,175171.546151908,0.785455706248832
"4238",-110.625,33.875,-110.375,33.625,"61","58",107575,69273.3183968859,0.643953691813952
"4239",-110.625,33.625,-110.375,33.375,"62","58",22638,18485.691772982,0.816577956223252
"4240",-110.625,33.375,-110.375,33.125,"63","58",288,277.87581798411,0.964846590222603
"4241",-110.625,33.125,-110.375,32.875,"64","58",3677,6324.74201567844,1.72008213643689
"4242",-110.625,32.875,-110.375,32.625,"65","58",25196,41477.189607914,1.64618152119043
"4243",-110.625,32.625,-110.375,32.375,"66","58",806,1188.18473793473,1.47417461282225
"4244",-110.625,32.375,-110.375,32.125,"67","58",68201,115847.905661477,1.6986247366091
"4245",-110.625,32.125,-110.375,31.875,"68","58",13586,22612.1384979445,1.6643705651365
"4246",-110.625,31.875,-110.375,31.625,"69","58",11273,16303.7179015807,1.44626256556203
"4247",-110.625,31.625,-110.375,31.375,"70","58",16737,24991.600290228,1.49319473562933
"4248",-110.625,31.375,-110.375,31.125,"71","58",27,35.1325564496219,1.30120579443044
"4249",-110.375,49.125,-110.125,48.875,"0","59",0,0,
"4250",-110.375,48.875,-110.125,48.625,"1","59",0,0,
"4251",-110.375,48.625,-110.125,48.375,"2","59",1,0.0721463784575462,0.0721463784575462
"4252",-110.375,48.375,-110.125,48.125,"3","59",0,0,
"4253",-110.375,48.125,-110.125,47.875,"4","59",1,0.589458525180817,0.589458525180817
"4254",-110.375,47.875,-110.125,47.625,"5","59",0,0,
"4255",-110.375,47.625,-110.125,47.375,"6","59",4020,23345.5138795289,5.80734176107683
"4256",-110.375,47.375,-110.125,47.125,"7","59",698,153.057896663406,0.219280654245567
"4257",-110.375,47.125,-110.125,46.875,"8","59",67281,1404575.03994877,20.8762509467572
"4258",-110.375,46.875,-110.125,46.625,"9","59",391938,7930369.70681972,20.2337352000054
"4259",-110.375,46.625,-110.125,46.375,"10","59",16295,244053.703643157,14.9772140928602
"4260",-110.375,46.375,-110.125,46.125,"11","59",181306,3110869.71066361,17.1581178265673
"4261",-110.375,46.125,-110.125,45.875,"12","59",192980,2809905.96377998,14.5606071291324
"4262",-110.375,45.875,-110.125,45.625,"13","59",27613,496761.894731783,17.9901457549626
"4263",-110.375,45.625,-110.125,45.375,"14","59",287021,3634746.2562072,12.6636944899753
"4264",-110.375,45.375,-110.125,45.125,"15","59",214772,1401433.1182401,6.52521333432709
"4265",-110.375,45.125,-110.125,44.875,"16","59",183216,1171283.88171862,6.3929126370984
"4266",-110.375,44.875,-110.125,44.625,"17","59",231410,1302539.25433945,5.6287077236915
"4267",-110.375,44.625,-110.125,44.375,"18","59",146423,349908.425315275,2.38970943987813
"4268",-110.375,44.375,-110.125,44.125,"19","59",165924,393779.22020001,2.37325052554188
"4269",-110.375,44.125,-110.125,43.875,"20","59",222510,810802.979957198,3.64389456634397
"4270",-110.375,43.875,-110.125,43.625,"21","59",252677,1364213.55802929,5.39904129789925
"4271",-110.375,43.625,-110.125,43.375,"22","59",220542,1140582.48987434,5.17172461424283
"4272",-110.375,43.375,-110.125,43.125,"23","59",252493,1818926.87931243,7.20387052042009
"4273",-110.375,43.125,-110.125,42.875,"24","59",49918,447502.109569196,8.96474437215426
"4274",-110.375,42.875,-110.125,42.625,"25","59",217,1654.27485099807,7.62338641012937
"4275",-110.375,42.625,-110.125,42.375,"26","59",919,7212.6795435088,7.84839993852971
"4276",-110.375,42.375,-110.125,42.125,"27","59",3526,40470.144785516,11.4776360707646
"4277",-110.375,42.125,-110.125,41.875,"28","59",8,31.5663667917252,3.94579584896564
"4278",-110.375,41.875,-110.125,41.625,"29","59",19,79.4584642648697,4.18202443499314
"4279",-110.375,41.625,-110.125,41.375,"30","59",13,86.491605758667,6.65320044297438
"4280",-110.375,41.375,-110.125,41.125,"31","59",494,2403.88899959996,4.86617206396754
"4281",-110.375,41.125,-110.125,40.875,"32","59",194826,1030868.25258421,5.29122526040782
"4282",-110.375,40.875,-110.125,40.625,"33","59",113766,594240.017491325,5.22335335241922
"4283",-110.375,40.625,-110.125,40.375,"34","59",199860,1420769.90033331,7.10882567964231
"4284",-110.375,40.375,-110.125,40.125,"35","59",1292,693.886534835794,0.537063881451853
"4285",-110.375,40.125,-110.125,39.875,"36","59",76707,34496.3698073179,0.449716059907413
"4286",-110.375,39.875,-110.125,39.625,"37","59",245315,614928.373694561,2.50668884370936
"4287",-110.375,39.625,-110.125,39.375,"38","59",426026,2013621.83997089,4.72652335766102
"4288",-110.375,39.375,-110.125,39.125,"39","59",69917,46918.1237681494,0.671054589987405
"4289",-110.375,39.125,-110.125,38.875,"40","59",4055,733.262479866418,0.180829218216133
"4290",-110.375,38.875,-110.125,38.625,"41","59",0,0,
"4291",-110.375,38.625,-110.125,38.375,"42","59",1,0.81672465801239,0.81672465801239
"4292",-110.375,38.375,-110.125,38.125,"43","59",1314,1763.37641751836,1.341991185326
"4293",-110.375,38.125,-110.125,37.875,"44","59",1594,2256.31119557586,1.41550263210531
"4294",-110.375,37.875,-110.125,37.625,"45","59",264,265.166255787946,1.0044176355604
"4295",-110.375,37.625,-110.125,37.375,"46","59",7446,2755.17779234508,0.370021191558566
"4296",-110.375,37.375,-110.125,37.125,"47","59",783,345.2859781062,0.44097826067203
"4297",-110.375,37.125,-110.125,36.875,"48","59",1883,1001.35370466922,0.531786354046321
"4298",-110.375,36.875,-110.125,36.625,"49","59",20278,16158.9608513122,0.796871528321933
"4299",-110.375,36.625,-110.125,36.375,"50","59",34162,22435.6423721295,0.656742648911935
"4300",-110.375,36.375,-110.125,36.125,"51","59",13730,2458.20908980179,0.179039263641791
"4301",-110.375,36.125,-110.125,35.875,"52","59",1026,277.93052610234,0.270887452341462
"4302",-110.375,35.875,-110.125,35.625,"53","59",2194,616.910807086737,0.28118086011246
"4303",-110.375,35.625,-110.125,35.375,"54","59",605,72.9671197710413,0.120606809538911
"4304",-110.375,35.375,-110.125,35.125,"55","59",197,42.7004276993684,0.216753440098317
"4305",-110.375,35.125,-110.125,34.875,"56","59",32,48.8584421426058,1.52682631695643
"4306",-110.375,34.875,-110.125,34.625,"57","59",67,0.750263733789325,0.0111979661759601
"4307",-110.375,34.625,-110.125,34.375,"58","59",5090,2292.54404823231,0.45040158118513
"4308",-110.375,34.375,-110.125,34.125,"59","59",294304,302111.817790685,1.02652977122528
"4309",-110.375,34.125,-110.125,33.875,"60","59",225569,205098.779435868,0.90925073674072
"4310",-110.375,33.875,-110.125,33.625,"61","59",97385,52308.6236868205,0.537132245076968
"4311",-110.375,33.625,-110.125,33.375,"62","59",64390,46714.0608967978,0.72548626955735
"4312",-110.375,33.375,-110.125,33.125,"63","59",205,55.1095648825285,0.268827145768432
"4313",-110.375,33.125,-110.125,32.875,"64","59",35955,59168.5539423693,1.64562797781586
"4314",-110.375,32.875,-110.125,32.625,"65","59",24891,40829.5080063214,1.64033216850755
"4315",-110.375,32.625,-110.125,32.375,"66","59",82027,135675.840131673,1.65403879371028
"4316",-110.375,32.375,-110.125,32.125,"67","59",68,120.231372356415,1.7681084170061
"4317",-110.375,32.125,-110.125,31.875,"68","59",73,111.791414954234,1.53138924594841
"4318",-110.375,31.875,-110.125,31.625,"69","59",37,30.7040549200028,0.829839322162238
"4319",-110.375,31.625,-110.125,31.375,"70","59",35950,59304.8645420504,1.64964852689987
"4320",-110.375,31.375,-110.125,31.125,"71","59",1522,2584.3756483699,1.69801290957286
"4321",-110.125,49.125,-109.875,48.875,"0","60",0,0,
"4322",-110.125,48.875,-109.875,48.625,"1","60",2,0.952400118112564,0.476200059056282
"4323",-110.125,48.625,-109.875,48.375,"2","60",0,0,
"4324",-110.125,48.375,-109.875,48.125,"3","60",639,717.60188515042,1.12300764499283
"4325",-110.125,48.125,-109.875,47.875,"4","60",110,55.1893939021975,0.50172176274725
"4326",-110.125,47.875,-109.875,47.625,"5","60",29,26.2075003162026,0.903706907455263
"4327",-110.125,47.625,-109.875,47.375,"6","60",1741,1719.56661700853,0.987689039062913
"4328",-110.125,47.375,-109.875,47.125,"7","60",0,0,
"4329",-110.125,47.125,-109.875,46.875,"8","60",357,4158.93948179111,11.6496904251852
"4330",-110.125,46.875,-109.875,46.625,"9","60",164718,3133249.89120799,19.0219034422953
"4331",-110.125,46.625,-109.875,46.375,"10","60",2705,15467.0616974143,5.7179525683602
"4332",-110.125,46.375,-109.875,46.125,"11","60",3891,77545.6120473691,19.9294813794318
"4333",-110.125,46.125,-109.875,45.875,"12","60",1657,13583.5848212623,8.19769753848057
"4334",-110.125,45.875,-109.875,45.625,"13","60",26926,231789.271411626,8.60838117104755
"4335",-110.125,45.625,-109.875,45.375,"14","60",282387,3721510.25350181,13.1787591266659
"4336",-110.125,45.375,-109.875,45.125,"15","60",175026,1657172.05759666,9.46814791857588
"4337",-110.125,45.125,-109.875,44.875,"16","60",198678,1068272.1918527,5.37690228335649
"4338",-110.125,44.875,-109.875,44.625,"17","60",238802,1418501.75234338,5.94007484168215
"4339",-110.125,44.625,-109.875,44.375,"18","60",248251,2079221.72075106,8.37548175335069
"4340",-110.125,44.375,-109.875,44.125,"19","60",178238,606925.055530138,3.40513838536192
"4341",-110.125,44.125,-109.875,43.875,"20","60",159154,468303.242656383,2.94245348942775
"4342",-110.125,43.875,-109.875,43.625,"21","60",163940,494754.742055518,3.01790131789385
"4343",-110.125,43.625,-109.875,43.375,"22","60",167586,460448.797562972,2.74753736924906
"4344",-110.125,43.375,-109.875,43.125,"23","60",208182,1060792.17898749,5.09550383312435
"4345",-110.125,43.125,-109.875,42.875,"24","60",27287,198765.774241168,7.28426628948467
"4346",-110.125,42.875,-109.875,42.625,"25","60",132,1116.50153261423,8.45834494404721
"4347",-110.125,42.625,-109.875,42.375,"26","60",175,1478.07830089331,8.44616171939032
"4348",-110.125,42.375,-109.875,42.125,"27","60",54,111.100686073303,2.05742011246858
"4349",-110.125,42.125,-109.875,41.875,"28","60",77,390.760290443897,5.07480896680386
"4350",-110.125,41.875,-109.875,41.625,"29","60",24,113.656058371067,4.73566909879446
"4351",-110.125,41.625,-109.875,41.375,"30","60",28,142.570400714874,5.09180002553122
"4352",-110.125,41.375,-109.875,41.125,"31","60",696,2378.00798779078,3.41667814337755
"4353",-110.125,41.125,-109.875,40.875,"32","60",149831,1175576.59012002,7.84601711341455
"4354",-110.125,40.875,-109.875,40.625,"33","60",212316,906865.209011014,4.27129942637867
"4355",-110.125,40.625,-109.875,40.375,"34","60",103426,790316.676644336,7.64137331661609
"4356",-110.125,40.375,-109.875,40.125,"35","60",58,16.8700373191386,0.290862712398942
"4357",-110.125,40.125,-109.875,39.875,"36","60",115,69.7224264263641,0.606281968924905
"4358",-110.125,39.875,-109.875,39.625,"37","60",101579,75743.4043095523,0.745660070581048
"4359",-110.125,39.625,-109.875,39.375,"38","60",296895,689058.619718504,2.32088320691997
"4360",-110.125,39.375,-109.875,39.125,"39","60",176143,387417.723159151,2.19945001027092
"4361",-110.125,39.125,-109.875,38.875,"40","60",37036,16607.6366162435,0.448418744363416
"4362",-110.125,38.875,-109.875,38.625,"41","60",1,0.185866579413414,0.185866579413414
"4363",-110.125,38.625,-109.875,38.375,"42","60",5,2.804817520082,0.560963504016399
"4364",-110.125,38.375,-109.875,38.125,"43","60",68,90.1478306814097,1.32570339237367
"4365",-110.125,38.125,-109.875,37.875,"44","60",9711,12448.5032793416,1.2818971557349
"4366",-110.125,37.875,-109.875,37.625,"45","60",150920,273455.607262331,1.81192424637113
"4367",-110.125,37.625,-109.875,37.375,"46","60",27820,8377.62558035944,0.301136792967629
"4368",-110.125,37.375,-109.875,37.125,"47","60",5576,2064.32786724857,0.370216618947018
"4369",-110.125,37.125,-109.875,36.875,"48","60",1698,1038.6946078351,0.611716494602534
"4370",-110.125,36.875,-109.875,36.625,"49","60",300,102.261799446394,0.340872664821315
"4371",-110.125,36.625,-109.875,36.375,"50","60",21604,13502.7487794262,0.625011515433542
"4372",-110.125,36.375,-109.875,36.125,"51","60",37668,7778.79380112111,0.20650933952217
"4373",-110.125,36.125,-109.875,35.875,"52","60",10780,2499.32821392126,0.231848628378595
"4374",-110.125,35.875,-109.875,35.625,"53","60",4749,829.610029163818,0.174691520143992
"4375",-110.125,35.625,-109.875,35.375,"54","60",284,33.5902990935429,0.118275701033602
"4376",-110.125,35.375,-109.875,35.125,"55","60",99,30.821012901084,0.311323362637212
"4377",-110.125,35.125,-109.875,34.875,"56","60",0,0,
"4378",-110.125,34.875,-109.875,34.625,"57","60",48,27.9452404212207,0.58219250877543
"4379",-110.125,34.625,-109.875,34.375,"58","60",1153,572.357872309694,0.496407521517515
"4380",-110.125,34.375,-109.875,34.125,"59","60",239439,292736.577464356,1.22259355186229
"4381",-110.125,34.125,-109.875,33.875,"60","60",575646,977705.501245779,1.69844922269203
"4382",-110.125,33.875,-109.875,33.625,"61","60",151288,121596.819219077,0.803743979820452
"4383",-110.125,33.625,-109.875,33.375,"62","60",108266,105554.392657793,0.974954211458749
"4384",-110.125,33.375,-109.875,33.125,"63","60",10966,10325.2292244714,0.941567501775619
"4385",-110.125,33.125,-109.875,32.875,"64","60",164,53.0743595931563,0.323624143860709
"4386",-110.125,32.875,-109.875,32.625,"65","60",82279,135141.160777454,1.64247451691749
"4387",-110.125,32.625,-109.875,32.375,"66","60",8429,14051.2550970975,1.66701329897941
"4388",-110.125,32.375,-109.875,32.125,"67","60",11844,19633.65830428,1.65768813781493
"4389",-110.125,32.125,-109.875,31.875,"68","60",6348,10261.4216583144,1.61648104258261
"4390",-110.125,31.875,-109.875,31.625,"69","60",675,754.660696932697,1.1180158473077
"4391",-110.125,31.625,-109.875,31.375,"70","60",1105,1653.35258197773,1.49624668052283
"4392",-110.125,31.375,-109.875,31.125,"71","60",1,1.81382596492767,1.81382596492767
"4393",-109.875,49.125,-109.625,48.875,"0","61",0,0,
"4394",-109.875,48.875,-109.625,48.625,"1","61",0,0,
"4395",-109.875,48.625,-109.625,48.375,"2","61",8,4.00913061201572,0.501141326501966
"4396",-109.875,48.375,-109.625,48.125,"3","61",59914,308247.116790626,5.14482619739336
"4397",-109.875,48.125,-109.625,47.875,"4","61",12336,42912.8180378492,3.4786655348451
"4398",-109.875,47.875,-109.625,47.625,"5","61",3843,2482.4356819063,0.645962966928518
"4399",-109.875,47.625,-109.625,47.375,"6","61",12866,9603.8900946452,0.746455005024499
"4400",-109.875,47.375,-109.625,47.125,"7","61",4152,4204.53813075856,1.01265369237923
"4401",-109.875,47.125,-109.625,46.875,"8","61",0,0,
"4402",-109.875,46.875,-109.625,46.625,"9","61",13101,254636.809526689,19.4364406935875
"4403",-109.875,46.625,-109.625,46.375,"10","61",0,0,
"4404",-109.875,46.375,-109.625,46.125,"11","61",4557,21563.9284865952,4.73204487307333
"4405",-109.875,46.125,-109.625,45.875,"12","61",1759,674.467568831136,0.383438072104114
"4406",-109.875,45.875,-109.625,45.625,"13","61",17014,30587.7346363309,1.79779796851598
"4407",-109.875,45.625,-109.625,45.375,"14","61",72077,965280.541034165,13.3923518047944
"4408",-109.875,45.375,-109.625,45.125,"15","61",231172,2389408.22784781,10.3360624463508
"4409",-109.875,45.125,-109.625,44.875,"16","61",223691,1104775.3168651,4.93884562572967
"4410",-109.875,44.875,-109.625,44.625,"17","61",222924,1848768.3996911,8.29326765934175
"4411",-109.875,44.625,-109.625,44.375,"18","61",191127,2279886.58077575,11.9286473432626
"4412",-109.875,44.375,-109.625,44.125,"19","61",185746,1528279.71119916,8.22779339097026
"4413",-109.875,44.125,-109.625,43.875,"20","61",155065,999614.605921948,6.44642315107825
"4414",-109.875,43.875,-109.625,43.625,"21","61",148947,695712.694607445,4.67087416737125
"4415",-109.875,43.625,-109.625,43.375,"22","61",135897,737649.461563932,5.42800401453992
"4416",-109.875,43.375,-109.625,43.125,"23","61",113902,696099.661812037,6.11139103625956
"4417",-109.875,43.125,-109.625,42.875,"24","61",189242,1215936.2299243,6.42529792500766
"4418",-109.875,42.875,-109.625,42.625,"25","61",1963,27295.2872658344,13.9048839866706
"4419",-109.875,42.625,-109.625,42.375,"26","61",18,82.1489090919495,4.56382828288608
"4420",-109.875,42.375,-109.625,42.125,"27","61",11,21.4392330907285,1.94902119006623
"4421",-109.875,42.125,-109.625,41.875,"28","61",87,436.02932402119,5.0118313105884
"4422",-109.875,41.875,-109.625,41.625,"29","61",134,724.561558037996,5.4071758062537
"4423",-109.875,41.625,-109.625,41.375,"30","61",36,102.148886680603,2.8374690744612
"4424",-109.875,41.375,-109.625,41.125,"31","61",0,0,
"4425",-109.875,41.125,-109.625,40.875,"32","61",92786,521824.733135187,5.62395979064931
"4426",-109.875,40.875,-109.625,40.625,"33","61",384897,2431197.19491501,6.31648777443059
"4427",-109.875,40.625,-109.625,40.375,"34","61",79661,526751.417854207,6.61241282251298
"4428",-109.875,40.375,-109.625,40.125,"35","61",18,3.14199075475335,0.174555041930742
"4429",-109.875,40.125,-109.625,39.875,"36","61",210,38.3516675658757,0.182626988408932
"4430",-109.875,39.875,-109.625,39.625,"37","61",34784,10465.058579694,0.300858399830208
"4431",-109.875,39.625,-109.625,39.375,"38","61",370730,332834.010304933,0.897780083362375
"4432",-109.875,39.375,-109.625,39.125,"39","61",451150,1915827.58792311,4.24654236489662
"4433",-109.875,39.125,-109.625,38.875,"40","61",191752,180048.604199168,0.938965977925487
"4434",-109.875,38.875,-109.625,38.625,"41","61",2,1.65400856733322,0.827004283666611
"4435",-109.875,38.625,-109.625,38.375,"42","61",10,4.75236637354828,0.475236637354828
"4436",-109.875,38.375,-109.625,38.125,"43","61",20,8.09556933725253,0.404778466862626
"4437",-109.875,38.125,-109.625,37.875,"44","61",75309,148889.957649183,1.97705397295387
"4438",-109.875,37.875,-109.625,37.625,"45","61",294334,585162.494751362,1.98809004311891
"4439",-109.875,37.625,-109.625,37.375,"46","61",67626,47459.700079505,0.701796647435971
"4440",-109.875,37.375,-109.625,37.125,"47","61",1725,588.440488945547,0.341124921127853
"4441",-109.875,37.125,-109.625,36.875,"48","61",502,168.33701026364,0.335332689768207
"4442",-109.875,36.875,-109.625,36.625,"49","61",144,35.0491517915762,0.243396887441501
"4443",-109.875,36.625,-109.625,36.375,"50","61",2955,2716.74696068126,0.919372913936128
"4444",-109.875,36.375,-109.625,36.125,"51","61",18129,5595.89483950262,0.308670905152111
"4445",-109.875,36.125,-109.625,35.875,"52","61",2979,565.032171580795,0.18967175951017
"4446",-109.875,35.875,-109.625,35.625,"53","61",3806,676.628490149425,0.177779424632009
"4447",-109.875,35.625,-109.625,35.375,"54","61",515,129.637367781768,0.251723044236443
"4448",-109.875,35.375,-109.625,35.125,"55","61",859,199.146876447252,0.231835711812866
"4449",-109.875,35.125,-109.625,34.875,"56","61",3,0.982952505350113,0.327650835116704
"4450",-109.875,34.875,-109.625,34.625,"57","61",0,0,
"4451",-109.875,34.625,-109.625,34.375,"58","61",9269,2133.76259038933,0.23020418495947
"4452",-109.875,34.375,-109.625,34.125,"59","61",323252,817897.262606202,2.5302156293115
"4453",-109.875,34.125,-109.625,33.875,"60","61",645531,5076010.01520901,7.8633094540913
"4454",-109.875,33.875,-109.625,33.625,"61","61",631301,3535044.69375448,5.59961839717422
"4455",-109.875,33.625,-109.625,33.375,"62","61",195782,354781.198291946,1.81212367986815
"4456",-109.875,33.375,-109.625,33.125,"63","61",102617,71194.5398006757,0.693788941410056
"4457",-109.875,33.125,-109.625,32.875,"64","61",6935,4545.43236298644,0.655433650034093
"4458",-109.875,32.875,-109.625,32.625,"65","61",26594,43002.6084797396,1.61700415431073
"4459",-109.875,32.625,-109.625,32.375,"66","61",12725,21320.8372393537,1.67550783806316
"4460",-109.875,32.375,-109.625,32.125,"67","61",155,213.120254695415,1.37496938513171
"4461",-109.875,32.125,-109.625,31.875,"68","61",119,135.395806658082,1.13777988788304
"4462",-109.875,31.875,-109.625,31.625,"69","61",63,107.263548001647,1.70259600002614
"4463",-109.875,31.625,-109.625,31.375,"70","61",14,23.6674910783768,1.69053507702691
"4464",-109.875,31.375,-109.625,31.125,"71","61",8,13.4346630573273,1.67933288216591
"4465",-109.625,49.125,-109.375,48.875,"0","62",0,0,
"4466",-109.625,48.875,-109.375,48.625,"1","62",4,1.7212290763855,0.430307269096375
"4467",-109.625,48.625,-109.375,48.375,"2","62",632,230.271096620505,0.364353000981812
"4468",-109.625,48.375,-109.375,48.125,"3","62",29297,140762.547097461,4.80467444098237
"4469",-109.625,48.125,-109.375,47.875,"4","62",13922,22630.2857880886,1.62550537193569
"4470",-109.625,47.875,-109.375,47.625,"5","62",29623,18789.070190218,0.634273037512002
"4471",-109.625,47.625,-109.375,47.375,"6","62",34059,33327.7805821596,0.978530801907266
"4472",-109.625,47.375,-109.375,47.125,"7","62",76062,1124443.25390713,14.7832459560244
"4473",-109.625,47.125,-109.375,46.875,"8","62",63451,792353.039434878,12.4876367501675
"4474",-109.625,46.875,-109.375,46.625,"9","62",271943,5201353.4643082,19.126631184874
"4475",-109.625,46.625,-109.375,46.375,"10","62",0,0,
"4476",-109.625,46.375,-109.375,46.125,"11","62",965,315.205882593174,0.326638220303808
"4477",-109.625,46.125,-109.375,45.875,"12","62",2093,1812.54196064945,0.866001892331321
"4478",-109.625,45.875,-109.375,45.625,"13","62",25957,9163.24890851103,0.353016485283778
"4479",-109.625,45.625,-109.375,45.375,"14","62",4826,25517.7489958827,5.28755677494461
"4480",-109.625,45.375,-109.375,45.125,"15","62",182695,2415422.96061054,13.2210676844497
"4481",-109.625,45.125,-109.375,44.875,"16","62",127752,793352.459056058,6.21009815154407
"4482",-109.625,44.875,-109.375,44.625,"17","62",324391,3529592.31721025,10.8806727597567
"4483",-109.625,44.625,-109.375,44.375,"18","62",139082,1583030.36332331,11.3819930927317
"4484",-109.625,44.375,-109.375,44.125,"19","62",126683,1323321.37551098,10.4459270423891
"4485",-109.625,44.125,-109.375,43.875,"20","62",68685,332551.501524921,4.84169034760021
"4486",-109.625,43.875,-109.375,43.625,"21","62",185637,1064051.48848065,5.73189336436511
"4487",-109.625,43.625,-109.375,43.375,"22","62",49209,380814.687406286,7.7387203033243
"4488",-109.625,43.375,-109.375,43.125,"23","62",132230,661853.710317875,5.00532186582375
"4489",-109.625,43.125,-109.375,42.875,"24","62",91326,290320.573862962,3.17894765853056
"4490",-109.625,42.875,-109.375,42.625,"25","62",106691,526071.650869257,4.93079688885901
"4491",-109.625,42.625,-109.375,42.375,"26","62",43,307.977869799361,7.1622760418456
"4492",-109.625,42.375,-109.375,42.125,"27","62",53,315.816117227077,5.95879466466184
"4493",-109.625,42.125,-109.375,41.875,"28","62",81,413.334631606936,5.10289668650539
"4494",-109.625,41.875,-109.375,41.625,"29","62",6,31.2290492355824,5.20484153926373
"4495",-109.625,41.625,-109.375,41.375,"30","62",67,230.374240666628,3.43842150248698
"4496",-109.625,41.375,-109.375,41.125,"31","62",38,93.7940222024918,2.46826374217084
"4497",-109.625,41.125,-109.375,40.875,"32","62",96084,287748.19787776,2.99475664915865
"4498",-109.625,40.875,-109.375,40.625,"33","62",396783,3309227.6804524,8.34014481581217
"4499",-109.625,40.625,-109.375,40.375,"34","62",13869,38372.8210997763,2.76680518420768
"4500",-109.625,40.375,-109.375,40.125,"35","62",5,1.03362407931127,0.206724815862253
"4501",-109.625,40.125,-109.375,39.875,"36","62",47,9.15706754662097,0.194831224396191
"4502",-109.625,39.875,-109.375,39.625,"37","62",24212,8722.68730563269,0.360262981399004
"4503",-109.625,39.625,-109.375,39.375,"38","62",384758,566713.332957756,1.47290851121421
"4504",-109.625,39.375,-109.375,39.125,"39","62",323937,597775.64029516,1.84534536127445
"4505",-109.625,39.125,-109.375,38.875,"40","62",26730,12602.0135675051,0.471455801253466
"4506",-109.625,38.875,-109.375,38.625,"41","62",8,3.17025522934273,0.396281903667841
"4507",-109.625,38.625,-109.375,38.375,"42","62",1019,2572.3876865732,2.52442363746143
"4508",-109.625,38.375,-109.375,38.125,"43","62",446,305.744897024008,0.685526674941721
"4509",-109.625,38.125,-109.375,37.875,"44","62",95789,190827.459099005,1.99216464415544
"4510",-109.625,37.875,-109.375,37.625,"45","62",211911,370660.295282948,1.74913192464265
"4511",-109.625,37.625,-109.375,37.375,"46","62",9685,743.339655437434,0.0767516422754191
"4512",-109.625,37.375,-109.375,37.125,"47","62",323,111.486971808015,0.345160903430388
"4513",-109.625,37.125,-109.375,36.875,"48","62",856,154.29073299648,0.180246183407103
"4514",-109.625,36.875,-109.375,36.625,"49","62",2569,899.43418771142,0.350110621919587
"4515",-109.625,36.625,-109.375,36.375,"50","62",1816,632.835758174851,0.348477840404654
"4516",-109.625,36.375,-109.375,36.125,"51","62",7312,6366.8251933788,0.870736487059464
"4517",-109.625,36.125,-109.375,35.875,"52","62",7775,5973.95606651413,0.768354478008249
"4518",-109.625,35.875,-109.375,35.625,"53","62",4477,1357.29388537951,0.303170401022896
"4519",-109.625,35.625,-109.375,35.375,"54","62",3969,1319.74512460126,0.332513258906842
"4520",-109.625,35.375,-109.375,35.125,"55","62",743,223.914584347978,0.301365524021505
"4521",-109.625,35.125,-109.375,34.875,"56","62",700,192.616523599951,0.275166462285644
"4522",-109.625,34.875,-109.375,34.625,"57","62",13,1.56311689177528,0.120239760905791
"4523",-109.625,34.625,-109.375,34.375,"58","62",85,57.0483507122844,0.671157067203346
"4524",-109.625,34.375,-109.375,34.125,"59","62",111185,639845.266408031,5.75478046866062
"4525",-109.625,34.125,-109.375,33.875,"60","62",403058,5118063.67163893,12.698082339611
"4526",-109.625,33.875,-109.375,33.625,"61","62",568831,3856757.4819796,6.78014644416285
"4527",-109.625,33.625,-109.375,33.375,"62","62",316105,1074923.86466117,3.40052787732295
"4528",-109.625,33.375,-109.375,33.125,"63","62",40879,38227.7865182601,0.935144854772869
"4529",-109.625,33.125,-109.375,32.875,"64","62",5208,3262.79886673391,0.62649747825152
"4530",-109.625,32.875,-109.375,32.625,"65","62",0,0,
"4531",-109.625,32.625,-109.375,32.375,"66","62",0,0,
"4532",-109.625,32.375,-109.375,32.125,"67","62",5472,7384.81034702039,1.34956329441162
"4533",-109.625,32.125,-109.375,31.875,"68","62",2418,3230.91940290621,1.33619495570976
"4534",-109.625,31.875,-109.375,31.625,"69","62",3509,3427.53398420964,0.976783694559602
"4535",-109.625,31.625,-109.375,31.375,"70","62",75,108.953075544909,1.45270767393212
"4536",-109.625,31.375,-109.375,31.125,"71","62",4,6.98478031158447,1.74619507789612
"4537",-109.375,49.125,-109.125,48.875,"0","63",1,0.125885054469109,0.125885054469109
"4538",-109.375,48.875,-109.125,48.625,"1","63",6,7.01515698432922,1.16919283072154
"4539",-109.375,48.625,-109.125,48.375,"2","63",4,5.68814814090729,1.42203703522682
"4540",-109.375,48.375,-109.125,48.125,"3","63",2940,12188.5571470205,4.14576773708179
"4541",-109.375,48.125,-109.125,47.875,"4","63",20034,14512.5502776939,0.72439604061565
"4542",-109.375,47.875,-109.125,47.625,"5","63",46131,26202.740295012,0.56800720329089
"4543",-109.375,47.625,-109.125,47.375,"6","63",20679,10004.440232907,0.483797100097053
"4544",-109.375,47.375,-109.125,47.125,"7","63",160250,2665846.60699506,16.6355482495791
"4545",-109.375,47.125,-109.125,46.875,"8","63",147532,2155789.03009121,14.6123487114064
"4546",-109.375,46.875,-109.125,46.625,"9","63",335128,6104528.57981075,18.2155134152048
"4547",-109.375,46.625,-109.125,46.375,"10","63",2,0.219420425593853,0.109710212796926
"4548",-109.375,46.375,-109.125,46.125,"11","63",2328,1757.78969011166,0.755064299876144
"4549",-109.375,46.125,-109.125,45.875,"12","63",3484,3641.63569695169,1.04524560762104
"4550",-109.375,45.875,-109.125,45.625,"13","63",13378,4560.60604387845,0.340903426811067
"4551",-109.375,45.625,-109.125,45.375,"14","63",27727,12575.3992298227,0.453543449699667
"4552",-109.375,45.375,-109.125,45.125,"15","63",62745,1078226.68589064,17.1842646567955
"4553",-109.375,45.125,-109.125,44.875,"16","63",121405,1617859.74334539,13.3261376660384
"4554",-109.375,44.875,-109.125,44.625,"17","63",81228,875561.613367744,10.7790615719671
"4555",-109.375,44.625,-109.125,44.375,"18","63",79205,872517.635865138,11.0159413656352
"4556",-109.375,44.375,-109.125,44.125,"19","63",42298,274015.657822227,6.47821783115577
"4557",-109.375,44.125,-109.125,43.875,"20","63",118806,1087662.84720929,9.15494880064383
"4558",-109.375,43.875,-109.125,43.625,"21","63",140541,679344.637518324,4.83378257959118
"4559",-109.375,43.625,-109.125,43.375,"22","63",29499,187467.915138698,6.35506000673574
"4560",-109.375,43.375,-109.125,43.125,"23","63",93716,770502.972315201,8.22168010067865
"4561",-109.375,43.125,-109.125,42.875,"24","63",160206,711041.324733954,4.43829397609299
"4562",-109.375,42.875,-109.125,42.625,"25","63",128741,384114.109109796,2.98361911985922
"4563",-109.375,42.625,-109.125,42.375,"26","63",68681,365523.950926769,5.32205341982163
"4564",-109.375,42.375,-109.125,42.125,"27","63",31,196.533004283905,6.33977433173887
"4565",-109.375,42.125,-109.125,41.875,"28","63",55,293.385946080089,5.33428992872888
"4566",-109.375,41.875,-109.125,41.625,"29","63",22,93.9102043863386,4.26864565392448
"4567",-109.375,41.625,-109.125,41.375,"30","63",634,733.389290917665,1.1567654430878
"4568",-109.375,41.375,-109.125,41.125,"31","63",2192,11188.2043736659,5.10410783470158
"4569",-109.375,41.125,-109.125,40.875,"32","63",69526,175132.392382183,2.51894819754024
"4570",-109.375,40.875,-109.125,40.625,"33","63",190654,1324610.28406807,6.94771829632772
"4571",-109.375,40.625,-109.125,40.375,"34","63",36835,58127.8682655406,1.57806076464071
"4572",-109.375,40.375,-109.125,40.125,"35","63",4553,5553.67923698289,1.2197845897173
"4573",-109.375,40.125,-109.125,39.875,"36","63",20,17.2925661415793,0.864628307078965
"4574",-109.375,39.875,-109.125,39.625,"37","63",97310,86887.9515375135,0.892898484611175
"4575",-109.375,39.625,-109.125,39.375,"38","63",445557,913744.107976932,2.0507906013752
"4576",-109.375,39.375,-109.125,39.125,"39","63",84420,44877.237520466,0.531594853357806
"4577",-109.375,39.125,-109.125,38.875,"40","63",10,5.79750834801234,0.579750834801234
"4578",-109.375,38.875,-109.125,38.625,"41","63",18533,29130.4826139736,1.57181690033851
"4579",-109.375,38.625,-109.125,38.375,"42","63",257049,390556.02668431,1.5193835676634
"4580",-109.375,38.375,-109.125,38.125,"43","63",38621,51290.0657087925,1.3280356725303
"4581",-109.375,38.125,-109.125,37.875,"44","63",4307,5401.09397315211,1.25402692666638
"4582",-109.375,37.875,-109.125,37.625,"45","63",31464,9003.72244635596,0.286159498040807
"4583",-109.375,37.625,-109.125,37.375,"46","63",12320,1557.24593142943,0.126399832096545
"4584",-109.375,37.375,-109.125,37.125,"47","63",299,94.1128199552186,0.314758595167955
"4585",-109.375,37.125,-109.125,36.875,"48","63",856,290.714599110914,0.339619858774432
"4586",-109.375,36.875,-109.125,36.625,"49","63",111052,174818.648020792,1.57420530941173
"4587",-109.375,36.625,-109.125,36.375,"50","63",172945,382946.97118128,2.21427026616138
"4588",-109.375,36.375,-109.125,36.125,"51","63",119784,139217.265469101,1.16223590353554
"4589",-109.375,36.125,-109.125,35.875,"52","63",271342,248425.108847775,0.91554241086074
"4590",-109.375,35.875,-109.125,35.625,"53","63",218591,141290.368388963,0.64636864458721
"4591",-109.375,35.625,-109.125,35.375,"54","63",92053,32178.4815595316,0.349564724229863
"4592",-109.375,35.375,-109.125,35.125,"55","63",3203,768.51185366977,0.239935015195058
"4593",-109.375,35.125,-109.125,34.875,"56","63",1541,369.297708851562,0.239648091402701
"4594",-109.375,34.875,-109.125,34.625,"57","63",215,41.9987636361038,0.195343086679553
"4595",-109.375,34.625,-109.125,34.375,"58","63",243,44.6436321947258,0.183718651007102
"4596",-109.375,34.375,-109.125,34.125,"59","63",7447,2214.62248437766,0.297384515157467
"4597",-109.375,34.125,-109.125,33.875,"60","63",313095,1499253.04008901,4.78849243868159
"4598",-109.375,33.875,-109.125,33.625,"61","63",511687,2964444.67039918,5.79347270968225
"4599",-109.375,33.625,-109.125,33.375,"62","63",308240,1176361.16435112,3.81638062662576
"4600",-109.375,33.375,-109.125,33.125,"63","63",57604,61693.2944461294,1.07098976540048
"4601",-109.375,33.125,-109.125,32.875,"64","63",2328,2007.78411482452,0.862450221144553
"4602",-109.375,32.875,-109.125,32.625,"65","63",8,13.823986530304,1.72799831628799
"4603",-109.375,32.625,-109.125,32.375,"66","63",0,0,
"4604",-109.375,32.375,-109.125,32.125,"67","63",11,8.97739066928625,0.816126424480568
"4605",-109.375,32.125,-109.125,31.875,"68","63",72033,96734.116606344,1.34291389510841
"4606",-109.375,31.875,-109.125,31.625,"69","63",124964,177429.147774635,1.41984209672093
"4607",-109.375,31.625,-109.125,31.375,"70","63",50,78.5351929143071,1.57070385828614
"4608",-109.375,31.375,-109.125,31.125,"71","63",1,1.54820418357849,1.54820418357849
"4609",-109.125,49.125,-108.875,48.875,"0","64",0,0,
"4610",-109.125,48.875,-108.875,48.625,"1","64",0,0,
"4611",-109.125,48.625,-108.875,48.375,"2","64",0,0,
"4612",-109.125,48.375,-108.875,48.125,"3","64",802,3744.4690905828,4.66891407803342
"4613",-109.125,48.125,-108.875,47.875,"4","64",39910,18505.2999521182,0.463675769283843
"4614",-109.125,47.875,-108.875,47.625,"5","64",73848,36938.0071767376,0.500189675776427
"4615",-109.125,47.625,-108.875,47.375,"6","64",61440,26709.3709188145,0.43472283396508
"4616",-109.125,47.375,-108.875,47.125,"7","64",32663,453061.97576343,13.8708010826755
"4617",-109.125,47.125,-108.875,46.875,"8","64",115476,1352029.89837631,11.7083194635796
"4618",-109.125,46.875,-108.875,46.625,"9","64",224365,3315193.57923561,14.7758945434253
"4619",-109.125,46.625,-108.875,46.375,"10","64",2,0.0546944858506322,0.0273472429253161
"4620",-109.125,46.375,-108.875,46.125,"11","64",1698,482.635469734058,0.284237614684368
"4621",-109.125,46.125,-108.875,45.875,"12","64",765,460.001317339949,0.601308911555489
"4622",-109.125,45.875,-108.875,45.625,"13","64",11165,3906.46315225461,0.349884742700816
"4623",-109.125,45.625,-108.875,45.375,"14","64",14352,6096.87681738898,0.424810257621863
"4624",-109.125,45.375,-108.875,45.125,"15","64",318,210.450279639997,0.66179333220125
"4625",-109.125,45.125,-108.875,44.875,"16","64",87,377.010442361236,4.33345336047397
"4626",-109.125,44.875,-108.875,44.625,"17","64",2209,21991.958121676,9.95561707635853
"4627",-109.125,44.625,-108.875,44.375,"18","64",421,2827.49792232551,6.71614708390857
"4628",-109.125,44.375,-108.875,44.125,"19","64",1072,4242.48301963648,3.95754013025791
"4629",-109.125,44.125,-108.875,43.875,"20","64",124114,1491475.24437948,12.0169782972065
"4630",-109.125,43.875,-108.875,43.625,"21","64",195557,1846184.31573547,9.44064551887924
"4631",-109.125,43.625,-108.875,43.375,"22","64",9403,105473.492930043,11.2170044592197
"4632",-109.125,43.375,-108.875,43.125,"23","64",134,413.950869063847,3.08918559002871
"4633",-109.125,43.125,-108.875,42.875,"24","64",81817,787882.85360254,9.62981841918599
"4634",-109.125,42.875,-108.875,42.625,"25","64",236341,1255914.32657677,5.31399260634749
"4635",-109.125,42.625,-108.875,42.375,"26","64",154576,758932.276487141,4.90976785844595
"4636",-109.125,42.375,-108.875,42.125,"27","64",324,2223.73985975981,6.86339462888829
"4637",-109.125,42.125,-108.875,41.875,"28","64",76,104.590655256994,1.37619283232887
"4638",-109.125,41.875,-108.875,41.625,"29","64",13,4.94197154045105,0.380151656957773
"4639",-109.125,41.625,-108.875,41.375,"30","64",175,1044.1754154563,5.96671665975026
"4640",-109.125,41.375,-108.875,41.125,"31","64",383,1059.72139866836,2.76689660226727
"4641",-109.125,41.125,-108.875,40.875,"32","64",75466,366757.221024695,4.85990010103483
"4642",-109.125,40.875,-108.875,40.625,"33","64",188474,550347.088508045,2.9200159624566
"4643",-109.125,40.625,-108.875,40.375,"34","64",95263,196786.487243452,2.06571793081734
"4644",-109.125,40.375,-108.875,40.125,"35","64",8357,4581.37014040697,0.548207507527459
"4645",-109.125,40.125,-108.875,39.875,"36","64",46266,27599.8375175268,0.596546870650732
"4646",-109.125,39.875,-108.875,39.625,"37","64",275280,574867.303211572,2.0883002877491
"4647",-109.125,39.625,-108.875,39.375,"38","64",346911,970990.77341533,2.79896219322918
"4648",-109.125,39.375,-108.875,39.125,"39","64",340,86.697490082588,0.254992617889965
"4649",-109.125,39.125,-108.875,38.875,"40","64",49873,51404.0241715554,1.03069845751319
"4650",-109.125,38.875,-108.875,38.625,"41","64",79572,84763.3272215955,1.06524062762775
"4651",-109.125,38.625,-108.875,38.375,"42","64",150832,223539.234726266,1.48204117644973
"4652",-109.125,38.375,-108.875,38.125,"43","64",24006,41043.1019949177,1.70970182433216
"4653",-109.125,38.125,-108.875,37.875,"44","64",39791,16972.903482134,0.426551317688271
"4654",-109.125,37.875,-108.875,37.625,"45","64",6506,1707.12276577967,0.262392063599704
"4655",-109.125,37.625,-108.875,37.375,"46","64",20038,4691.87704529341,0.234148969223146
"4656",-109.125,37.375,-108.875,37.125,"47","64",1841,292.190745330648,0.158713061016105
"4657",-109.125,37.125,-108.875,36.875,"48","64",183,40.8475813739933,0.223210827180291
"4658",-109.125,36.875,-108.875,36.625,"49","64",13541,13050.0593901727,0.963744139293456
"4659",-109.125,36.625,-108.875,36.375,"50","64",161837,435063.100513326,2.68827956841344
"4660",-109.125,36.375,-108.875,36.125,"51","64",475212,1562674.69793624,3.28837381618359
"4661",-109.125,36.125,-108.875,35.875,"52","64",318952,589544.967455269,1.84838147262055
"4662",-109.125,35.875,-108.875,35.625,"53","64",102631,80526.2269021692,0.784618944589541
"4663",-109.125,35.625,-108.875,35.375,"54","64",30140,9455.6613630081,0.313724663669811
"4664",-109.125,35.375,-108.875,35.125,"55","64",31173,7604.61230815676,0.243948683416956
"4665",-109.125,35.125,-108.875,34.875,"56","64",3442,616.212111293687,0.179027342037678
"4666",-109.125,34.875,-108.875,34.625,"57","64",5362,922.82369443855,0.172104381655828
"4667",-109.125,34.625,-108.875,34.375,"58","64",510,82.4090021075681,0.16158627864229
"4668",-109.125,34.375,-108.875,34.125,"59","64",29208,13804.6141721025,0.472631271299043
"4669",-109.125,34.125,-108.875,33.875,"60","64",367191,1191984.35444784,3.24622432044315
"4670",-109.125,33.875,-108.875,33.625,"61","64",544549,1598852.79360014,2.93610454449487
"4671",-109.125,33.625,-108.875,33.375,"62","64",266211,783256.756798344,2.94224039126236
"4672",-109.125,33.375,-108.875,33.125,"63","64",94297,184297.525095269,1.9544367805473
"4673",-109.125,33.125,-108.875,32.875,"64","64",74098,80334.0652689437,1.08415969754843
"4674",-109.125,32.875,-108.875,32.625,"65","64",391,143.256245235913,0.366384258915377
"4675",-109.125,32.625,-108.875,32.375,"66","64",9,12.5591487586498,1.39546097318331
"4676",-109.125,32.375,-108.875,32.125,"67","64",0,0,
"4677",-109.125,32.125,-108.875,31.875,"68","64",49,84.3890388160944,1.72222528196111
"4678",-109.125,31.875,-108.875,31.625,"69","64",1503,2018.58955632942,1.34304029030567
"4679",-109.125,31.625,-108.875,31.375,"70","64",6307,8970.7634304706,1.42235031401151
"4680",-109.125,31.375,-108.875,31.125,"71","64",93,121.245810471475,1.3037183921664
"4681",-108.875,49.125,-108.625,48.875,"0","65",1,1.40748083591461,1.40748083591461
"4682",-108.875,48.875,-108.625,48.625,"1","65",1,0.465293407440186,0.465293407440186
"4683",-108.875,48.625,-108.625,48.375,"2","65",4,1.69551721215248,0.42387930303812
"4684",-108.875,48.375,-108.625,48.125,"3","65",19,5.43747043609619,0.286182654531378
"4685",-108.875,48.125,-108.625,47.875,"4","65",41887,260165.00351721,6.21111570456729
"4686",-108.875,47.875,-108.625,47.625,"5","65",74567,38216.909534835,0.512517729489386
"4687",-108.875,47.625,-108.625,47.375,"6","65",54472,27155.8058599842,0.498527791525631
"4688",-108.875,47.375,-108.625,47.125,"7","65",41,9.34953509271145,0.228037441285645
"4689",-108.875,47.125,-108.625,46.875,"8","65",23463,20734.9665608286,0.883730407911546
"4690",-108.875,46.875,-108.625,46.625,"9","65",14790,47705.7344803082,3.22553985668074
"4691",-108.875,46.625,-108.625,46.375,"10","65",857,156.451895906124,0.182557638163506
"4692",-108.875,46.375,-108.625,46.125,"11","65",24222,5943.95019005174,0.245394690366268
"4693",-108.875,46.125,-108.625,45.875,"12","65",847,134.289578280644,0.158547317922839
"4694",-108.875,45.875,-108.625,45.625,"13","65",2271,545.666160636814,0.240275720227571
"4695",-108.875,45.625,-108.625,45.375,"14","65",155,107.788644311018,0.695410608458182
"4696",-108.875,45.375,-108.625,45.125,"15","65",24104,314486.628713817,13.0470722168029
"4697",-108.875,45.125,-108.625,44.875,"16","65",27,59.1192581504583,2.18960215372068
"4698",-108.875,44.875,-108.625,44.625,"17","65",154,727.403817303479,4.72340141106155
"4699",-108.875,44.625,-108.625,44.375,"18","65",7,17.6397149413824,2.51995927734034
"4700",-108.875,44.375,-108.625,44.125,"19","65",740,2619.84588339273,3.54033227485504
"4701",-108.875,44.125,-108.625,43.875,"20","65",24843,247193.361944533,9.95022187113203
"4702",-108.875,43.875,-108.625,43.625,"21","65",15246,162280.759451029,10.6441531845093
"4703",-108.875,43.625,-108.625,43.375,"22","65",14921,91788.1782095427,6.15161036187539
"4704",-108.875,43.375,-108.625,43.125,"23","65",11,29.5858690738678,2.68962446126071
"4705",-108.875,43.125,-108.625,42.875,"24","65",15,89.4184764986858,5.96123176657905
"4706",-108.875,42.875,-108.625,42.625,"25","65",97781,1043806.36240428,10.6749405549573
"4707",-108.875,42.625,-108.625,42.375,"26","65",140257,983872.674560406,7.01478482043967
"4708",-108.875,42.375,-108.625,42.125,"27","65",521,3588.3083017692,6.88734798804068
"4709",-108.875,42.125,-108.625,41.875,"28","65",4,0.20983555354178,0.0524588883854449
"4710",-108.875,41.875,-108.625,41.625,"29","65",8,20.303418815136,2.53792735189199
"4711",-108.875,41.625,-108.625,41.375,"30","65",37,18.5376285687089,0.501016988343484
"4712",-108.875,41.375,-108.625,41.125,"31","65",45,298.724353560247,6.63831896800548
"4713",-108.875,41.125,-108.625,40.875,"32","65",11398,37950.5582995306,3.32958047899023
"4714",-108.875,40.875,-108.625,40.625,"33","65",25683,47176.8636683892,1.83689069300273
"4715",-108.875,40.625,-108.625,40.375,"34","65",94586,136626.991614781,1.44447372354028
"4716",-108.875,40.375,-108.625,40.125,"35","65",20356,14375.6109800708,0.706210010811103
"4717",-108.875,40.125,-108.625,39.875,"36","65",105680,137981.707034306,1.30565581977958
"4718",-108.875,39.875,-108.625,39.625,"37","65",351486,791115.277324212,2.25077322375347
"4719",-108.875,39.625,-108.625,39.375,"38","65",355261,1025575.92325336,2.88682383727276
"4720",-108.875,39.375,-108.625,39.125,"39","65",10762,8628.68065660995,0.80177296567645
"4721",-108.875,39.125,-108.625,38.875,"40","65",85994,106457.563780191,1.23796501825931
"4722",-108.875,38.875,-108.625,38.625,"41","65",281483,383548.531910559,1.36259927565984
"4723",-108.875,38.625,-108.625,38.375,"42","65",90427,132038.316922016,1.46016473975711
"4724",-108.875,38.375,-108.625,38.125,"43","65",2572,5049.04455398279,1.96308108630746
"4725",-108.875,38.125,-108.625,37.875,"44","65",81637,53190.1656306236,0.651544834212718
"4726",-108.875,37.875,-108.625,37.625,"45","65",307237,473237.602135274,1.54030146803697
"4727",-108.875,37.625,-108.625,37.375,"46","65",58321,22842.670305034,0.391671444334527
"4728",-108.875,37.375,-108.625,37.125,"47","65",112232,107127.31518616,0.954516672483423
"4729",-108.875,37.125,-108.625,36.875,"48","65",5920,1527.84350004976,0.258081672305703
"4730",-108.875,36.875,-108.625,36.625,"49","65",40,21.5054235309362,0.537635588273406
"4731",-108.875,36.625,-108.625,36.375,"50","65",94,33.7471434138715,0.359012163977357
"4732",-108.875,36.375,-108.625,36.125,"51","65",17102,17383.9509000116,1.01648642848857
"4733",-108.875,36.125,-108.625,35.875,"52","65",237373,590286.838271725,2.48674802219176
"4734",-108.875,35.875,-108.625,35.625,"53","65",9523,2321.10150708882,0.243736375836273
"4735",-108.875,35.625,-108.625,35.375,"54","65",35646,7999.8453345799,0.224424769527574
"4736",-108.875,35.375,-108.625,35.125,"55","65",122470,23674.7944836757,0.193310969900185
"4737",-108.875,35.125,-108.625,34.875,"56","65",121190,34355.3425296453,0.283483311573936
"4738",-108.875,34.875,-108.625,34.625,"57","65",21002,2804.42576605432,0.133531366824794
"4739",-108.875,34.625,-108.625,34.375,"58","65",7106,1135.35362187927,0.159773940596575
"4740",-108.875,34.375,-108.625,34.125,"59","65",22925,8986.76017637854,0.392006986973982
"4741",-108.875,34.125,-108.625,33.875,"60","65",421195,698581.256687196,1.65856968075878
"4742",-108.875,33.875,-108.625,33.625,"61","65",416195,652308.254927273,1.56731401128623
"4743",-108.875,33.625,-108.625,33.375,"62","65",479718,2228108.41853901,4.64462125360943
"4744",-108.875,33.375,-108.625,33.125,"63","65",283199,2365393.79064342,8.35240869721794
"4745",-108.875,33.125,-108.625,32.875,"64","65",1997,1101.37903913762,0.551516794760953
"4746",-108.875,32.875,-108.625,32.625,"65","65",3212,1840.31633970907,0.572950292561976
"4747",-108.875,32.625,-108.625,32.375,"66","65",0,0,
"4748",-108.875,32.375,-108.625,32.125,"67","65",0,0,
"4749",-108.875,32.125,-108.625,31.875,"68","65",4,6.64740240573883,1.66185060143471
"4750",-108.875,31.875,-108.625,31.625,"69","65",2,3.53179657459259,1.7658982872963
"4751",-108.875,31.625,-108.625,31.375,"70","65",14312,22192.5562758093,1.55062578785699
"4752",-108.875,31.375,-108.625,31.125,"71","65",8,14.1575330495834,1.76969163119793
"4753",-108.625,49.125,-108.375,48.875,"0","66",0,0,
"4754",-108.625,48.875,-108.375,48.625,"1","66",2,2.81686043739319,1.40843021869659
"4755",-108.625,48.625,-108.375,48.375,"2","66",16,6.96253303438425,0.435158314649016
"4756",-108.625,48.375,-108.375,48.125,"3","66",18,8.2343223169446,0.457462350941367
"4757",-108.625,48.125,-108.375,47.875,"4","66",129261,1036433.62550698,8.01814642859778
"4758",-108.625,47.875,-108.375,47.625,"5","66",33204,12524.652398485,0.377203120060383
"4759",-108.625,47.625,-108.375,47.375,"6","66",56177,28088.8005634364,0.500005350293472
"4760",-108.625,47.375,-108.375,47.125,"7","66",5599,2454.89569293219,0.438452525974672
"4761",-108.625,47.125,-108.375,46.875,"8","66",8133,3460.7792151327,0.42552308067536
"4762",-108.625,46.875,-108.375,46.625,"9","66",1376,315.774749232223,0.229487463104813
"4763",-108.625,46.625,-108.375,46.375,"10","66",16853,6268.12197670384,0.371929150697433
"4764",-108.625,46.375,-108.375,46.125,"11","66",33837,16052.209906661,0.474398141285014
"4765",-108.625,46.125,-108.375,45.875,"12","66",668,129.776721745497,0.194276529559127
"4766",-108.625,45.875,-108.375,45.625,"13","66",5180,1717.28629849479,0.33152245144687
"4767",-108.625,45.625,-108.375,45.375,"14","66",795,7424.96561231127,9.33957938655505
"4768",-108.625,45.375,-108.375,45.125,"15","66",296902,5660114.91167672,19.063916415776
"4769",-108.625,45.125,-108.375,44.875,"16","66",24732,290003.259947718,11.7258313095471
"4770",-108.625,44.875,-108.375,44.625,"17","66",15,90.4604402780533,6.03069601853689
"4771",-108.625,44.625,-108.375,44.375,"18","66",14,109.173136293888,7.79808116384915
"4772",-108.625,44.375,-108.375,44.125,"19","66",0,0,
"4773",-108.625,44.125,-108.375,43.875,"20","66",36,55.5711224377155,1.54364228993654
"4774",-108.625,43.875,-108.375,43.625,"21","66",27,40.4856812395155,1.49946967553761
"4775",-108.625,43.625,-108.375,43.375,"22","66",548,3150.38855986577,5.74888423333169
"4776",-108.625,43.375,-108.375,43.125,"23","66",5,7.92403376102448,1.58480675220489
"4777",-108.625,43.125,-108.375,42.875,"24","66",3,4.11476594209671,1.37158864736557
"4778",-108.625,42.875,-108.375,42.625,"25","66",52,58.8635682538152,1.13199169718875
"4779",-108.625,42.625,-108.375,42.375,"26","66",1037,10129.9846427888,9.7685483537018
"4780",-108.625,42.375,-108.375,42.125,"27","66",6,30.8562867641449,5.14271446069082
"4781",-108.625,42.125,-108.375,41.875,"28","66",0,0,
"4782",-108.625,41.875,-108.375,41.625,"29","66",0,0,
"4783",-108.625,41.625,-108.375,41.375,"30","66",0,0,
"4784",-108.625,41.375,-108.375,41.125,"31","66",0,0,
"4785",-108.625,41.125,-108.375,40.875,"32","66",0,0,
"4786",-108.625,40.875,-108.375,40.625,"33","66",249,218.59150748048,0.877877540082248
"4787",-108.625,40.625,-108.375,40.375,"34","66",39750,48138.4707652686,1.21103071107594
"4788",-108.625,40.375,-108.375,40.125,"35","66",19654,25495.7226326171,1.2972281791298
"4789",-108.625,40.125,-108.375,39.875,"36","66",155745,295423.588428534,1.89684155785762
"4790",-108.625,39.875,-108.375,39.625,"37","66",175026,338935.099190196,1.9364842891353
"4791",-108.625,39.625,-108.375,39.375,"38","66",332555,1547746.34162232,4.65410636322509
"4792",-108.625,39.375,-108.375,39.125,"39","66",127743,167044.95710627,1.30766427206399
"4793",-108.625,39.125,-108.375,38.875,"40","66",13523,23881.1893434213,1.7659683016654
"4794",-108.625,38.875,-108.375,38.625,"41","66",94566,138059.913706893,1.45993183286691
"4795",-108.625,38.625,-108.375,38.375,"42","66",332624,370892.940290949,1.11505165078572
"4796",-108.625,38.375,-108.375,38.125,"43","66",37377,39184.215663742,1.04835100900934
"4797",-108.625,38.125,-108.375,37.875,"44","66",108931,105138.699071798,0.965186210278052
"4798",-108.625,37.875,-108.375,37.625,"45","66",280490,390404.844980871,1.39186725010115
"4799",-108.625,37.625,-108.375,37.375,"46","66",309184,762415.497447251,2.46589570432898
"4800",-108.625,37.375,-108.375,37.125,"47","66",156501,127964.517971294,0.817659426912892
"4801",-108.625,37.125,-108.375,36.875,"48","66",60916,17055.9769554584,0.279991741996494
"4802",-108.625,36.875,-108.375,36.625,"49","66",303,88.3537337454036,0.291596481007933
"4803",-108.625,36.625,-108.375,36.375,"50","66",171,84.6215562187135,0.494862901863822
"4804",-108.625,36.375,-108.375,36.125,"51","66",56,16.7086811102927,0.298369305540941
"4805",-108.625,36.125,-108.375,35.875,"52","66",42,12.7023874316365,0.302437795991344
"4806",-108.625,35.875,-108.375,35.625,"53","66",35124,8238.85080884349,0.234564708143819
"4807",-108.625,35.625,-108.375,35.375,"54","66",144639,83998.7773392329,0.58074777438473
"4808",-108.625,35.375,-108.375,35.125,"55","66",405265,338621.688478146,0.835556212547707
"4809",-108.625,35.125,-108.375,34.875,"56","66",161660,44667.9717765021,0.276308126787716
"4810",-108.625,34.875,-108.375,34.625,"57","66",40366,5032.14144049584,0.124662870745078
"4811",-108.625,34.625,-108.375,34.375,"58","66",26866,4694.25540179052,0.174728482162976
"4812",-108.625,34.375,-108.375,34.125,"59","66",204323,328539.491112625,1.60794179369246
"4813",-108.625,34.125,-108.375,33.875,"60","66",471399,844151.164401105,1.79073601004904
"4814",-108.625,33.875,-108.375,33.625,"61","66",539242,1677060.85354185,3.11003381328208
"4815",-108.625,33.625,-108.375,33.375,"62","66",403466,1620621.8112852,4.01674939470786
"4816",-108.625,33.375,-108.375,33.125,"63","66",517051,3111651.51893754,6.01807465595762
"4817",-108.625,33.125,-108.375,32.875,"64","66",105612,261065.907588694,2.47193413237789
"4818",-108.625,32.875,-108.375,32.625,"65","66",68122,54554.9840168655,0.80084237128777
"4819",-108.625,32.625,-108.375,32.375,"66","66",64104,142142.873811601,2.21737916216774
"4820",-108.625,32.375,-108.375,32.125,"67","66",0,0,
"4821",-108.625,32.125,-108.375,31.875,"68","66",0,0,
"4822",-108.625,31.875,-108.375,31.625,"69","66",32,31.7326441387413,0.991645129335666
"4823",-108.625,31.625,-108.375,31.375,"70","66",26,16.1909782141447,0.622729931313258
"4824",-108.625,31.375,-108.375,31.125,"71","66",0,0,
"4825",-108.375,49.125,-108.125,48.875,"0","67",0,0,
"4826",-108.375,48.875,-108.125,48.625,"1","67",28,11.2681177854538,0.402432778051921
"4827",-108.375,48.625,-108.125,48.375,"2","67",4,6.76287402678281,1.6907185066957
"4828",-108.375,48.375,-108.125,48.125,"3","67",0,0,
"4829",-108.375,48.125,-108.125,47.875,"4","67",1298,1034.8562955861,0.797269873332895
"4830",-108.375,47.875,-108.125,47.625,"5","67",19189,8098.05263703741,0.422015354475867
"4831",-108.375,47.625,-108.125,47.375,"6","67",37916,16371.1015770287,0.431772907928807
"4832",-108.375,47.375,-108.125,47.125,"7","67",32078,12841.5793054538,0.400323564606702
"4833",-108.375,47.125,-108.125,46.875,"8","67",841,321.622996555641,0.382429246796244
"4834",-108.375,46.875,-108.125,46.625,"9","67",3,0.588803298771381,0.196267766257127
"4835",-108.375,46.625,-108.125,46.375,"10","67",26834,9129.01422881399,0.340203258135723
"4836",-108.375,46.375,-108.125,46.125,"11","67",19369,22604.3899022809,1.16703959431467
"4837",-108.375,46.125,-108.125,45.875,"12","67",1279,243.317256308161,0.190240231671744
"4838",-108.375,45.875,-108.125,45.625,"13","67",9091,3974.23034035566,0.437160965829464
"4839",-108.375,45.625,-108.125,45.375,"14","67",1209,3656.50987601472,3.02440849959861
"4840",-108.375,45.375,-108.125,45.125,"15","67",87566,1231252.23685219,14.0608482384965
"4841",-108.375,45.125,-108.125,44.875,"16","67",47658,391756.320873063,8.22015864855981
"4842",-108.375,44.875,-108.125,44.625,"17","67",13,61.5718024820089,4.73629249861607
"4843",-108.375,44.625,-108.125,44.375,"18","67",2,2.18736135959625,1.09368067979813
"4844",-108.375,44.375,-108.125,44.125,"19","67",0,0,
"4845",-108.375,44.125,-108.125,43.875,"20","67",0,0,
"4846",-108.375,43.875,-108.125,43.625,"21","67",0,0,
"4847",-108.375,43.625,-108.125,43.375,"22","67",1328,5334.70481219731,4.01709699713653
"4848",-108.375,43.375,-108.125,43.125,"23","67",0,0,
"4849",-108.375,43.125,-108.125,42.875,"24","67",2,12.8271989822388,6.41359949111938
"4850",-108.375,42.875,-108.125,42.625,"25","67",41,132.2886909917,3.22655343882194
"4851",-108.375,42.625,-108.125,42.375,"26","67",37,135.744046840817,3.66875802272478
"4852",-108.375,42.375,-108.125,42.125,"27","67",1,5.03211498260498,5.03211498260498
"4853",-108.375,42.125,-108.125,41.875,"28","67",0,0,
"4854",-108.375,41.875,-108.125,41.625,"29","67",0,0,
"4855",-108.375,41.625,-108.125,41.375,"30","67",0,0,
"4856",-108.375,41.375,-108.125,41.125,"31","67",0,0,
"4857",-108.375,41.125,-108.125,40.875,"32","67",111,38.5397999845445,0.347205405266167
"4858",-108.375,40.875,-108.125,40.625,"33","67",10,20.6127210110426,2.06127210110426
"4859",-108.375,40.625,-108.125,40.375,"34","67",199,202.077490075812,1.01546477425031
"4860",-108.375,40.375,-108.125,40.125,"35","67",53068,74102.6864466971,1.39637232318341
"4861",-108.375,40.125,-108.125,39.875,"36","67",80619,70047.3874925683,0.86886946616267
"4862",-108.375,39.875,-108.125,39.625,"37","67",170508,259900.212437519,1.52426990192553
"4863",-108.375,39.625,-108.125,39.375,"38","67",126567,463178.491230931,3.65955178862524
"4864",-108.375,39.375,-108.125,39.125,"39","67",33826,24468.2737040167,0.723356994738269
"4865",-108.375,39.125,-108.125,38.875,"40","67",165877,750981.818767908,4.527341456428
"4866",-108.375,38.875,-108.125,38.625,"41","67",6443,15073.6232615146,2.33953488460571
"4867",-108.375,38.625,-108.125,38.375,"42","67",195292,222453.385454739,1.13908089145863
"4868",-108.375,38.375,-108.125,38.125,"43","67",266506,307708.239932595,1.15460154717941
"4869",-108.375,38.125,-108.125,37.875,"44","67",250541,600708.0406462,2.39764366170088
"4870",-108.375,37.875,-108.125,37.625,"45","67",427550,1305304.25850765,3.052986220343
"4871",-108.375,37.625,-108.125,37.375,"46","67",546263,2468348.14322363,4.51860759967933
"4872",-108.375,37.375,-108.125,37.125,"47","67",260601,468138.673264182,1.79638095503924
"4873",-108.375,37.125,-108.125,36.875,"48","67",47327,12992.9123043294,0.274534880814955
"4874",-108.375,36.875,-108.125,36.625,"49","67",649,259.75552751834,0.400239641784808
"4875",-108.375,36.625,-108.125,36.375,"50","67",1772,3480.97314282716,1.96443179617786
"4876",-108.375,36.375,-108.125,36.125,"51","67",41,12.3871318725869,0.302125167624071
"4877",-108.375,36.125,-108.125,35.875,"52","67",48,12.2125719450414,0.254428582188363
"4878",-108.375,35.875,-108.125,35.625,"53","67",50125,16198.8785034841,0.323169645954794
"4879",-108.375,35.625,-108.125,35.375,"54","67",155248,52824.8849425539,0.340261291240814
"4880",-108.375,35.375,-108.125,35.125,"55","67",475992,603430.991635388,1.26773347374617
"4881",-108.375,35.125,-108.125,34.875,"56","67",154506,176541.22817088,1.14261729752165
"4882",-108.375,34.875,-108.125,34.625,"57","67",56368,8984.14394054905,0.159383762782945
"4883",-108.375,34.625,-108.125,34.375,"58","67",30126,4303.00785822218,0.142833693760279
"4884",-108.375,34.375,-108.125,34.125,"59","67",124567,124685.878268567,1.00095433195442
"4885",-108.375,34.125,-108.125,33.875,"60","67",301371,733188.01143244,2.43284195039483
"4886",-108.375,33.875,-108.125,33.625,"61","67",99786,149434.934070826,1.49755410649616
"4887",-108.375,33.625,-108.125,33.375,"62","67",252663,985461.545907485,3.90030018604816
"4888",-108.375,33.375,-108.125,33.125,"63","67",317191,617167.487418671,1.94572824392455
"4889",-108.375,33.125,-108.125,32.875,"64","67",399194,1128940.88634265,2.82805073809388
"4890",-108.375,32.875,-108.125,32.625,"65","67",82107,107922.127546241,1.31440836404011
"4891",-108.375,32.625,-108.125,32.375,"66","67",1353,703.922805186914,0.520268148696906
"4892",-108.375,32.375,-108.125,32.125,"67","67",0,0,
"4893",-108.375,32.125,-108.125,31.875,"68","67",0,0,
"4894",-108.375,31.875,-108.125,31.625,"69","67",0,0,
"4895",-108.375,31.625,-108.125,31.375,"70","67",2,1.73671083897352,0.868355419486761
"4896",-108.375,31.375,-108.125,31.125,"71","67",0,0,
"4897",-108.125,49.125,-107.875,48.875,"0","68",0,0,
"4898",-108.125,48.875,-107.875,48.625,"1","68",0,0,
"4899",-108.125,48.625,-107.875,48.375,"2","68",17,7.76284927129745,0.456638192429262
"4900",-108.125,48.375,-107.875,48.125,"3","68",21,4.99885765463114,0.238040840696721
"4901",-108.125,48.125,-107.875,47.875,"4","68",0,0,
"4902",-108.125,47.875,-107.875,47.625,"5","68",5016,2192.47966801352,0.437097222490733
"4903",-108.125,47.625,-107.875,47.375,"6","68",11130,4802.49744877656,0.431491235289897
"4904",-108.125,47.375,-107.875,47.125,"7","68",22989,9290.59867127176,0.404132353354724
"4905",-108.125,47.125,-107.875,46.875,"8","68",11367,4360.77226639608,0.383634403659372
"4906",-108.125,46.875,-107.875,46.625,"9","68",116,24.8602900886326,0.21431284559166
"4907",-108.125,46.625,-107.875,46.375,"10","68",32592,10898.0499125656,0.334378065554909
"4908",-108.125,46.375,-107.875,46.125,"11","68",12797,3299.14553227829,0.257806168029873
"4909",-108.125,46.125,-107.875,45.875,"12","68",13541,4775.6966790549,0.35268419459825
"4910",-108.125,45.875,-107.875,45.625,"13","68",277,55.9241181713296,0.201892123362201
"4911",-108.125,45.625,-107.875,45.375,"14","68",3,0.157950097694993,0.0526500325649977
"4912",-108.125,45.375,-107.875,45.125,"15","68",127694,1741917.91322791,13.6413450375735
"4913",-108.125,45.125,-107.875,44.875,"16","68",233785,3641605.30932077,15.5767278025569
"4914",-108.125,44.875,-107.875,44.625,"17","68",78097,924821.295367794,11.8419567380027
"4915",-108.125,44.625,-107.875,44.375,"18","68",3,13.8930522203445,4.63101740678151
"4916",-108.125,44.375,-107.875,44.125,"19","68",1,0.489408254623413,0.489408254623413
"4917",-108.125,44.125,-107.875,43.875,"20","68",0,0,
"4918",-108.125,43.875,-107.875,43.625,"21","68",2,0.708611384034157,0.354305692017078
"4919",-108.125,43.625,-107.875,43.375,"22","68",1566,5417.38375764538,3.45937660130612
"4920",-108.125,43.375,-107.875,43.125,"23","68",2,15.2444109916687,7.62220549583435
"4921",-108.125,43.125,-107.875,42.875,"24","68",0,0,
"4922",-108.125,42.875,-107.875,42.625,"25","68",77,376.397579292767,4.88828025055541
"4923",-108.125,42.625,-107.875,42.375,"26","68",1078,4504.69011394354,4.17874778658955
"4924",-108.125,42.375,-107.875,42.125,"27","68",22,65.7933734701946,2.99060788500885
"4925",-108.125,42.125,-107.875,41.875,"28","68",1,3.56856679916382,3.56856679916382
"4926",-108.125,41.875,-107.875,41.625,"29","68",1,3.94902443885803,3.94902443885803
"4927",-108.125,41.625,-107.875,41.375,"30","68",3,18.5114436149597,6.17048120498657
"4928",-108.125,41.375,-107.875,41.125,"31","68",0,0,
"4929",-108.125,41.125,-107.875,40.875,"32","68",19,58.1731683388352,3.06174570204396
"4930",-108.125,40.875,-107.875,40.625,"33","68",3,11.3637737929821,3.7879245976607
"4931",-108.125,40.625,-107.875,40.375,"34","68",1383,1858.8926131404,1.34410167255271
"4932",-108.125,40.375,-107.875,40.125,"35","68",162338,407755.10408991,2.51176621672012
"4933",-108.125,40.125,-107.875,39.875,"36","68",176806,389294.71132959,2.20181844128361
"4934",-108.125,39.875,-107.875,39.625,"37","68",247985,789225.704729643,3.18255420581746
"4935",-108.125,39.625,-107.875,39.375,"38","68",149996,587498.266551249,3.91675955726319
"4936",-108.125,39.375,-107.875,39.125,"39","68",170521,624414.415937839,3.66180362499539
"4937",-108.125,39.125,-107.875,38.875,"40","68",163209,416692.064710576,2.55311940340653
"4938",-108.125,38.875,-107.875,38.625,"41","68",1282,912.395643736323,0.711697069997132
"4939",-108.125,38.625,-107.875,38.375,"42","68",16708,22216.0003531151,1.32966245829035
"4940",-108.125,38.375,-107.875,38.125,"43","68",285961,444306.277936794,1.55373032664172
"4941",-108.125,38.125,-107.875,37.875,"44","68",293129,1516309.59274563,5.17284060173382
"4942",-108.125,37.875,-107.875,37.625,"45","68",253612,1221564.6270254,4.81666729896614
"4943",-108.125,37.625,-107.875,37.375,"46","68",445549,3702068.76234387,8.30900476119096
"4944",-108.125,37.375,-107.875,37.125,"47","68",355999,1049090.76300533,2.94689244353308
"4945",-108.125,37.125,-107.875,36.875,"48","68",53633,24403.9355257507,0.455017163420854
"4946",-108.125,36.875,-107.875,36.625,"49","68",592,186.256040886226,0.314621690686193
"4947",-108.125,36.625,-107.875,36.375,"50","68",505,209.205767146312,0.414268845834281
"4948",-108.125,36.375,-107.875,36.125,"51","68",3,0.93484303355217,0.31161434451739
"4949",-108.125,36.125,-107.875,35.875,"52","68",514,152.810352148255,0.297296404957695
"4950",-108.125,35.875,-107.875,35.625,"53","68",92,25.4512621203903,0.276644153482503
"4951",-108.125,35.625,-107.875,35.375,"54","68",30952,9755.85425608313,0.315193016802893
"4952",-108.125,35.375,-107.875,35.125,"55","68",108892,100337.469113627,0.921440226220727
"4953",-108.125,35.125,-107.875,34.875,"56","68",151038,104447.0206934,0.691528096859065
"4954",-108.125,34.875,-107.875,34.625,"57","68",29948,6226.46482688841,0.207909203515708
"4955",-108.125,34.625,-107.875,34.375,"58","68",56053,8751.82051906933,0.156134738891216
"4956",-108.125,34.375,-107.875,34.125,"59","68",266130,197154.502973054,0.740820286976494
"4957",-108.125,34.125,-107.875,33.875,"60","68",35346,59078.4289168697,1.67143181454393
"4958",-108.125,33.875,-107.875,33.625,"61","68",74795,138158.726795676,1.84716527569591
"4959",-108.125,33.625,-107.875,33.375,"62","68",193030,127043.4293852,0.658153807103561
"4960",-108.125,33.375,-107.875,33.125,"63","68",391960,1276996.09931216,3.25797555697561
"4961",-108.125,33.125,-107.875,32.875,"64","68",302369,969589.330972026,3.20664264845942
"4962",-108.125,32.875,-107.875,32.625,"65","68",40323,51282.6582160649,1.27179669707276
"4963",-108.125,32.625,-107.875,32.375,"66","68",167,285.511864589062,1.70965188376684
"4964",-108.125,32.375,-107.875,32.125,"67","68",0,0,
"4965",-108.125,32.125,-107.875,31.875,"68","68",0,0,
"4966",-108.125,31.875,-107.875,31.625,"69","68",13,21.5159386396408,1.65507220304929
"4967",-108.125,31.625,-107.875,31.375,"70","68",0,0,
"4968",-108.125,31.375,-107.875,31.125,"71","68",0,0,
"4969",-107.875,49.125,-107.625,48.875,"0","69",0,0,
"4970",-107.875,48.875,-107.625,48.625,"1","69",0,0,
"4971",-107.875,48.625,-107.625,48.375,"2","69",57,26.0349793024361,0.456754022849756
"4972",-107.875,48.375,-107.625,48.125,"3","69",8,1.90996548160911,0.238745685201138
"4973",-107.875,48.125,-107.625,47.875,"4","69",0,0,
"4974",-107.875,47.875,-107.625,47.625,"5","69",2729,1199.44919327274,0.439519675072459
"4975",-107.875,47.625,-107.625,47.375,"6","69",9638,4379.36992754298,0.454385757163621
"4976",-107.875,47.375,-107.625,47.125,"7","69",7719,2827.69964168873,0.366329789051526
"4977",-107.875,47.125,-107.625,46.875,"8","69",11169,4473.29769981329,0.400510135178914
"4978",-107.875,46.875,-107.625,46.625,"9","69",31,8.91895256284624,0.287708147188589
"4979",-107.875,46.625,-107.625,46.375,"10","69",29774,8284.50608103303,0.278246325016223
"4980",-107.875,46.375,-107.625,46.125,"11","69",3490,659.811101047788,0.18905762207673
"4981",-107.875,46.125,-107.625,45.875,"12","69",20949,6990.41744719457,0.333687404992819
"4982",-107.875,45.875,-107.625,45.625,"13","69",2056,400.987305181974,0.19503273598345
"4983",-107.875,45.625,-107.625,45.375,"14","69",326,79.6292240473558,0.244261423458147
"4984",-107.875,45.375,-107.625,45.125,"15","69",7337,85114.0885486922,11.6006662871326
"4985",-107.875,45.125,-107.625,44.875,"16","69",268266,4427512.58844959,16.504188337134
"4986",-107.875,44.875,-107.625,44.625,"17","69",224633,1970093.36801621,8.77027581885214
"4987",-107.875,44.625,-107.625,44.375,"18","69",23666,299647.609138528,12.6615232459447
"4988",-107.875,44.375,-107.625,44.125,"19","69",0,0,
"4989",-107.875,44.125,-107.625,43.875,"20","69",0,0,
"4990",-107.875,43.875,-107.625,43.625,"21","69",0,0,
"4991",-107.875,43.625,-107.625,43.375,"22","69",383,1476.53496564742,3.8551826779306
"4992",-107.875,43.375,-107.625,43.125,"23","69",1,9.35251426696777,9.35251426696777
"4993",-107.875,43.125,-107.625,42.875,"24","69",0,0,
"4994",-107.875,42.875,-107.625,42.625,"25","69",6,25.2738443613052,4.21230739355087
"4995",-107.875,42.625,-107.625,42.375,"26","69",827,3386.241695581,4.09460906358042
"4996",-107.875,42.375,-107.625,42.125,"27","69",24311,114950.777892437,4.7283442841692
"4997",-107.875,42.125,-107.625,41.875,"28","69",0,0,
"4998",-107.875,41.875,-107.625,41.625,"29","69",0,0,
"4999",-107.875,41.625,-107.625,41.375,"30","69",13,66.9406859874725,5.14928353749789
"5000",-107.875,41.375,-107.625,41.125,"31","69",16,31.6987392902374,1.98117120563984
"5001",-107.875,41.125,-107.625,40.875,"32","69",144,974.047442212701,6.76421834869931
"5002",-107.875,40.875,-107.625,40.625,"33","69",0,0,
"5003",-107.875,40.625,-107.625,40.375,"34","69",4461,2958.06487648003,0.663094569934998
"5004",-107.875,40.375,-107.625,40.125,"35","69",84541,313257.471656156,3.70539113159481
"5005",-107.875,40.125,-107.625,39.875,"36","69",132250,664371.860167446,5.023605747958
"5006",-107.875,39.875,-107.625,39.625,"37","69",296428,2144352.35369856,7.23397369242636
"5007",-107.875,39.625,-107.625,39.375,"38","69",96230,320479.131283835,3.33034533184906
"5008",-107.875,39.375,-107.625,39.125,"39","69",230936,615394.679627301,2.66478452743315
"5009",-107.875,39.125,-107.625,38.875,"40","69",173081,328435.815345989,1.89758445667629
"5010",-107.875,38.875,-107.625,38.625,"41","69",19144,16915.9065303869,0.883614005975078
"5011",-107.875,38.625,-107.625,38.375,"42","69",119745,333970.199697959,2.78901164723336
"5012",-107.875,38.375,-107.625,38.125,"43","69",220933,665095.785868613,3.01039584792047
"5013",-107.875,38.125,-107.625,37.875,"44","69",253240,1710450.56962809,6.75426697847136
"5014",-107.875,37.875,-107.625,37.625,"45","69",236950,1458122.7070652,6.15371473756152
"5015",-107.875,37.625,-107.625,37.375,"46","69",435304,3297109.31920405,7.57426837153817
"5016",-107.875,37.375,-107.625,37.125,"47","69",301533,999375.1215819,3.31431425940743
"5017",-107.875,37.125,-107.625,36.875,"48","69",160986,47842.8581545527,0.297186451955777
"5018",-107.875,36.875,-107.625,36.625,"49","69",17733,4923.26463330287,0.277632923549477
"5019",-107.875,36.625,-107.625,36.375,"50","69",16009,5987.23309847881,0.373991698324618
"5020",-107.875,36.375,-107.625,36.125,"51","69",2750,879.750739782816,0.319909359921024
"5021",-107.875,36.125,-107.625,35.875,"52","69",1608,446.834692574688,0.277882271501672
"5022",-107.875,35.875,-107.625,35.625,"53","69",1120,286.802113970742,0.256073316045305
"5023",-107.875,35.625,-107.625,35.375,"54","69",23291,7202.1486837604,0.309224536677704
"5024",-107.875,35.375,-107.625,35.125,"55","69",138243,202557.488167127,1.46522781021193
"5025",-107.875,35.125,-107.625,34.875,"56","69",21881,5214.13266635195,0.238294989550384
"5026",-107.875,34.875,-107.625,34.625,"57","69",71806,21500.4132606574,0.299423631182038
"5027",-107.875,34.625,-107.625,34.375,"58","69",37811,8565.08767281253,0.226523701378237
"5028",-107.875,34.375,-107.625,34.125,"59","69",122371,56212.7364063413,0.459363218461411
"5029",-107.875,34.125,-107.625,33.875,"60","69",24241,8332.76485031356,0.343746745196715
"5030",-107.875,33.875,-107.625,33.625,"61","69",101597,129574.392377436,1.275376166397
"5031",-107.875,33.625,-107.625,33.375,"62","69",188434,287807.235591455,1.52736361586261
"5032",-107.875,33.375,-107.625,33.125,"63","69",250692,1174308.05053612,4.68426615343179
"5033",-107.875,33.125,-107.625,32.875,"64","69",291037,1841741.06429687,6.3282024769939
"5034",-107.875,32.875,-107.625,32.625,"65","69",65076,170984.93076422,2.62746528311851
"5035",-107.875,32.625,-107.625,32.375,"66","69",3967,2731.3616426076,0.688520706480364
"5036",-107.875,32.375,-107.625,32.125,"67","69",18,29.9911688566208,1.66617604759004
"5037",-107.875,32.125,-107.625,31.875,"68","69",10,16.6880866289139,1.66880866289139
"5038",-107.875,31.875,-107.625,31.625,"69","69",58,105.005151152611,1.81043364056225
"5039",-107.875,31.625,-107.625,31.375,"70","69",0,0,
"5040",-107.875,31.375,-107.625,31.125,"71","69",0,0,
"5041",-107.625,49.125,-107.375,48.875,"0","70",0,0,
"5042",-107.625,48.875,-107.375,48.625,"1","70",0,0,
"5043",-107.625,48.625,-107.375,48.375,"2","70",0,0,
"5044",-107.625,48.375,-107.375,48.125,"3","70",0,0,
"5045",-107.625,48.125,-107.375,47.875,"4","70",2,0.702717378735542,0.351358689367771
"5046",-107.625,47.875,-107.375,47.625,"5","70",19684,9316.58250279468,0.473307381771728
"5047",-107.625,47.625,-107.375,47.375,"6","70",28548,13139.2121963907,0.460249831735697
"5048",-107.625,47.375,-107.375,47.125,"7","70",459,159.358478144975,0.347186226895371
"5049",-107.625,47.125,-107.375,46.875,"8","70",1,0.121119432151318,0.121119432151318
"5050",-107.625,46.875,-107.375,46.625,"9","70",0,0,
"5051",-107.625,46.625,-107.375,46.375,"10","70",334,35.8495839238167,0.107334083604242
"5052",-107.625,46.375,-107.375,46.125,"11","70",6892,1742.25877676182,0.252794366912627
"5053",-107.625,46.125,-107.375,45.875,"12","70",44222,15728.3365230892,0.355667688550703
"5054",-107.625,45.875,-107.375,45.625,"13","70",10161,2875.96173575807,0.283039241783099
"5055",-107.625,45.625,-107.375,45.375,"14","70",973,393.686457194388,0.404610952923318
"5056",-107.625,45.375,-107.375,45.125,"15","70",1571,1159.36622245936,0.737979772412067
"5057",-107.625,45.125,-107.375,44.875,"16","70",104941,1939360.80778481,18.4804872050468
"5058",-107.625,44.875,-107.375,44.625,"17","70",335161,2588319.95604899,7.72261676044942
"5059",-107.625,44.625,-107.375,44.375,"18","70",212638,1855128.73928361,8.72435189986556
"5060",-107.625,44.375,-107.375,44.125,"19","70",66382,807442.713297006,12.1635791825646
"5061",-107.625,44.125,-107.375,43.875,"20","70",430,1305.55622816854,3.03617727481056
"5062",-107.625,43.875,-107.375,43.625,"21","70",32,7.88122363633011,0.246288238635316
"5063",-107.625,43.625,-107.375,43.375,"22","70",5462,30590.3880461695,5.60058367743858
"5064",-107.625,43.375,-107.375,43.125,"23","70",2697,4332.08559574536,1.60626088088445
"5065",-107.625,43.125,-107.375,42.875,"24","70",9,33.0938661620021,3.67709624022245
"5066",-107.625,42.875,-107.375,42.625,"25","70",116,473.746332165785,4.08402010487746
"5067",-107.625,42.625,-107.375,42.375,"26","70",199,390.130516115576,1.96045485485214
"5068",-107.625,42.375,-107.375,42.125,"27","70",5829,26113.7881148886,4.47997737431611
"5069",-107.625,42.125,-107.375,41.875,"28","70",0,0,
"5070",-107.625,41.875,-107.375,41.625,"29","70",5,28.1470265388489,5.62940530776978
"5071",-107.625,41.625,-107.375,41.375,"30","70",98,501.78005947452,5.12020468851551
"5072",-107.625,41.375,-107.375,41.125,"31","70",78,637.553454518318,8.17376223741434
"5073",-107.625,41.125,-107.375,40.875,"32","70",22123,116284.833568745,5.25628683129528
"5074",-107.625,40.875,-107.375,40.625,"33","70",67014,192487.813254965,2.87235224363514
"5075",-107.625,40.625,-107.375,40.375,"34","70",15377,31171.1824769007,2.02713029049234
"5076",-107.625,40.375,-107.375,40.125,"35","70",159428,626503.403689436,3.92969493244245
"5077",-107.625,40.125,-107.375,39.875,"36","70",266422,1755769.73419157,6.59018299611732
"5078",-107.625,39.875,-107.375,39.625,"37","70",251657,1653545.68700034,6.57063259516062
"5079",-107.625,39.625,-107.375,39.375,"38","70",221891,752402.504322307,3.39086535426091
"5080",-107.625,39.375,-107.375,39.125,"39","70",238795,767058.734302628,3.21220601060586
"5081",-107.625,39.125,-107.375,38.875,"40","70",328913,875056.714824511,2.66045037692189
"5082",-107.625,38.875,-107.375,38.625,"41","70",216089,972000.821973361,4.49815040086891
"5083",-107.625,38.625,-107.375,38.375,"42","70",243732,1308876.50941224,5.37014634685737
"5084",-107.625,38.375,-107.375,38.125,"43","70",334060,2186053.13000656,6.54389370174985
"5085",-107.625,38.125,-107.375,37.875,"44","70",126927,710884.314424395,5.60073360612316
"5086",-107.625,37.875,-107.375,37.625,"45","70",94335,347347.46992406,3.68206360231155
"5087",-107.625,37.625,-107.375,37.375,"46","70",403137,3617411.22441363,8.97315608444184
"5088",-107.625,37.375,-107.375,37.125,"47","70",468361,2055181.00284234,4.38802761724896
"5089",-107.625,37.125,-107.375,36.875,"48","70",180274,99895.8584469215,0.554133477078899
"5090",-107.625,36.875,-107.375,36.625,"49","70",59190,9122.9860836513,0.154130530218809
"5091",-107.625,36.625,-107.375,36.375,"50","70",20455,5750.91777450574,0.281149732315118
"5092",-107.625,36.375,-107.375,36.125,"51","70",11174,2728.43907342775,0.24417747211632
"5093",-107.625,36.125,-107.375,35.875,"52","70",2196,505.521532869723,0.230201062326832
"5094",-107.625,35.875,-107.375,35.625,"53","70",6649,1739.71629929668,0.261650819566352
"5095",-107.625,35.625,-107.375,35.375,"54","70",66551,45337.3374718694,0.681242016977497
"5096",-107.625,35.375,-107.375,35.125,"55","70",319073,849361.542526401,2.66196620374147
"5097",-107.625,35.125,-107.375,34.875,"56","70",1503,434.560618976699,0.28912882167445
"5098",-107.625,34.875,-107.375,34.625,"57","70",7141,2288.26837560414,0.320440887215256
"5099",-107.625,34.625,-107.375,34.375,"58","70",791,259.626451686723,0.328225602638082
"5100",-107.625,34.375,-107.375,34.125,"59","70",74288,80857.0101733105,1.08842626229419
"5101",-107.625,34.125,-107.375,33.875,"60","70",137767,475137.337888266,3.44884724127161
"5102",-107.625,33.875,-107.375,33.625,"61","70",337114,1441267.184662,4.27531097688617
"5103",-107.625,33.625,-107.375,33.375,"62","70",87915,393092.058935578,4.47127405943898
"5104",-107.625,33.375,-107.375,33.125,"63","70",3154,2329.61269837161,0.738621654524924
"5105",-107.625,33.125,-107.375,32.875,"64","70",398,178.2794234881,0.447938249970101
"5106",-107.625,32.875,-107.375,32.625,"65","70",265,92.4801223818213,0.348981593893665
"5107",-107.625,32.625,-107.375,32.375,"66","70",13,22.0636731386185,1.69720562604757
"5108",-107.625,32.375,-107.375,32.125,"67","70",3,4.42836577445269,1.47612192481756
"5109",-107.625,32.125,-107.375,31.875,"68","70",5,8.72506284713745,1.74501256942749
"5110",-107.625,31.875,-107.375,31.625,"69","70",0,0,
"5111",-107.625,31.625,-107.375,31.375,"70","70",0,0,
"5112",-107.625,31.375,-107.375,31.125,"71","70",0,0,
"5113",-107.375,49.125,-107.125,48.875,"0","71",2,0.358068257570267,0.179034128785133
"5114",-107.375,48.875,-107.125,48.625,"1","71",13,2.33668275922537,0.179744827632721
"5115",-107.375,48.625,-107.125,48.375,"2","71",123,30.7854137662798,0.250287916799023
"5116",-107.375,48.375,-107.125,48.125,"3","71",443,74.3284185482189,0.167784240515167
"5117",-107.375,48.125,-107.125,47.875,"4","71",9,3.52147304825485,0.391274783139427
"5118",-107.375,47.875,-107.125,47.625,"5","71",13252,5516.55559030734,0.416280983271004
"5119",-107.375,47.625,-107.125,47.375,"6","71",8049,3365.88471584558,0.418174272064303
"5120",-107.375,47.375,-107.125,47.125,"7","71",0,0,
"5121",-107.375,47.125,-107.125,46.875,"8","71",17,0.928938027471304,0.0546434133806649
"5122",-107.375,46.875,-107.125,46.625,"9","71",1406,203.481603855267,0.144723758076292
"5123",-107.375,46.625,-107.125,46.375,"10","71",0,0,
"5124",-107.375,46.375,-107.125,46.125,"11","71",22982,7592.13880329629,0.33035152742565
"5125",-107.375,46.125,-107.125,45.875,"12","71",42472,15385.8346441856,0.362258302980449
"5126",-107.375,45.875,-107.125,45.625,"13","71",18454,6300.28771493977,0.341404991597473
"5127",-107.375,45.625,-107.125,45.375,"14","71",10720,22143.4154689934,2.0656171146449
"5128",-107.375,45.375,-107.125,45.125,"15","71",40740,137058.385301202,3.36422153414831
"5129",-107.375,45.125,-107.125,44.875,"16","71",7093,23995.5095580597,3.38298457042995
"5130",-107.375,44.875,-107.125,44.625,"17","71",246615,2843657.6153462,11.5307569099454
"5131",-107.375,44.625,-107.125,44.375,"18","71",252072,1248402.42812145,4.95256287140757
"5132",-107.375,44.375,-107.125,44.125,"19","71",229356,1582658.67788337,6.90044593506764
"5133",-107.375,44.125,-107.125,43.875,"20","71",118751,1556677.71289738,13.1087545612026
"5134",-107.375,43.875,-107.125,43.625,"21","71",25824,371387.142274141,14.3814723619169
"5135",-107.375,43.625,-107.125,43.375,"22","71",63277,649720.28142114,10.2678742895703
"5136",-107.375,43.375,-107.125,43.125,"23","71",4734,25975.863592397,5.48708567646746
"5137",-107.375,43.125,-107.125,42.875,"24","71",4,3.25442662835121,0.813606657087803
"5138",-107.375,42.875,-107.125,42.625,"25","71",832,3041.15888136392,3.65523904010087
"5139",-107.375,42.625,-107.125,42.375,"26","71",404,475.556963047944,1.17712119566323
"5140",-107.375,42.375,-107.125,42.125,"27","71",23122,134646.708421629,5.8233158213662
"5141",-107.375,42.125,-107.125,41.875,"28","71",33,59.15021443367,1.79243074041424
"5142",-107.375,41.875,-107.125,41.625,"29","71",17,24.3133427798748,1.43019663411028
"5143",-107.375,41.625,-107.125,41.375,"30","71",3426,18409.4993329823,5.37346740600769
"5144",-107.375,41.375,-107.125,41.125,"31","71",213258,1793161.82231057,8.40841526372079
"5145",-107.375,41.125,-107.125,40.875,"32","71",113387,777848.607832746,6.86012159976669
"5146",-107.375,40.875,-107.125,40.625,"33","71",188611,545700.04504467,2.89325672969588
"5147",-107.375,40.625,-107.125,40.375,"34","71",26113,73916.8347908928,2.83065273200677
"5148",-107.375,40.375,-107.125,40.125,"35","71",201874,798501.757263021,3.95544625490663
"5149",-107.375,40.125,-107.125,39.875,"36","71",104857,264120.785790676,2.51886651144583
"5150",-107.375,39.875,-107.125,39.625,"37","71",149899,780575.092771923,5.20734022756605
"5151",-107.375,39.625,-107.125,39.375,"38","71",232223,1227787.32089802,5.28710472648282
"5152",-107.375,39.375,-107.125,39.125,"39","71",322432,2031410.40538783,6.30027542361748
"5153",-107.375,39.125,-107.125,38.875,"40","71",297120,1564412.27377264,5.26525401781314
"5154",-107.375,38.875,-107.125,38.625,"41","71",292319,1685987.14969489,5.76762765914939
"5155",-107.375,38.625,-107.125,38.375,"42","71",201203,1732372.48962286,8.61007285986225
"5156",-107.375,38.375,-107.125,38.125,"43","71",343404,2664778.17120585,7.75989263726064
"5157",-107.375,38.125,-107.125,37.875,"44","71",292691,1856795.5407724,6.34387644571374
"5158",-107.375,37.875,-107.125,37.625,"45","71",259838,1508200.77031088,5.80438877420116
"5159",-107.375,37.625,-107.125,37.375,"46","71",466992,4379162.53769561,9.37738234851049
"5160",-107.375,37.375,-107.125,37.125,"47","71",537716,3423300.91822787,6.36637354705434
"5161",-107.375,37.125,-107.125,36.875,"48","71",498437,518947.526376015,1.04114968667257
"5162",-107.375,36.875,-107.125,36.625,"49","71",407785,273689.744822357,0.67116187408158
"5163",-107.375,36.625,-107.125,36.375,"50","71",193783,48289.0906537316,0.24919157332548
"5164",-107.375,36.375,-107.125,36.125,"51","71",50879,7011.68897538881,0.137811061054439
"5165",-107.375,36.125,-107.125,35.875,"52","71",3167,714.273879011322,0.22553643164235
"5166",-107.375,35.875,-107.125,35.625,"53","71",672,192.8697412365,0.287008543506696
"5167",-107.375,35.625,-107.125,35.375,"54","71",115714,106706.338782132,0.92215582195873
"5168",-107.375,35.375,-107.125,35.125,"55","71",23478,15060.9630306986,0.641492590114088
"5169",-107.375,35.125,-107.125,34.875,"56","71",478,127.766665202158,0.267294278665603
"5170",-107.375,34.875,-107.125,34.625,"57","71",5114,947.99269141583,0.185372055419599
"5171",-107.375,34.625,-107.125,34.375,"58","71",1570,283.153069497836,0.1803522735655
"5172",-107.375,34.375,-107.125,34.125,"59","71",6247,1467.34352180069,0.234887709588713
"5173",-107.375,34.125,-107.125,33.875,"60","71",185967,1090055.20503987,5.86155180779314
"5174",-107.375,33.875,-107.125,33.625,"61","71",15145,14885.297834005,0.982852283526244
"5175",-107.375,33.625,-107.125,33.375,"62","71",7615,11044.1454908497,1.45031457529214
"5176",-107.375,33.375,-107.125,33.125,"63","71",1,1.85437858104706,1.85437858104706
"5177",-107.375,33.125,-107.125,32.875,"64","71",68,112.596888184547,1.65583659094923
"5178",-107.375,32.875,-107.125,32.625,"65","71",40,67.7676434516907,1.69419108629227
"5179",-107.375,32.625,-107.125,32.375,"66","71",77,110.476773828268,1.43476329647101
"5180",-107.375,32.375,-107.125,32.125,"67","71",0,0,
"5181",-107.375,32.125,-107.125,31.875,"68","71",0,0,
"5182",-107.375,31.875,-107.125,31.625,"69","71",0,0,
"5183",-107.375,31.625,-107.125,31.375,"70","71",0,0,
"5184",-107.375,31.375,-107.125,31.125,"71","71",0,0,
"5185",-107.125,49.125,-106.875,48.875,"0","72",0,0,
"5186",-107.125,48.875,-106.875,48.625,"1","72",104,20.2471699919552,0.194684326845723
"5187",-107.125,48.625,-106.875,48.375,"2","72",71,12.5682174544781,0.177017147246171
"5188",-107.125,48.375,-106.875,48.125,"3","72",146,24.9769854368642,0.171075242718248
"5189",-107.125,48.125,-106.875,47.875,"4","72",0,0,
"5190",-107.125,47.875,-106.875,47.625,"5","72",6079,2239.87287526205,0.368460746053965
"5191",-107.125,47.625,-106.875,47.375,"6","72",8400,2932.57720298748,0.349116333688986
"5192",-107.125,47.375,-106.875,47.125,"7","72",2,0.623428381979465,0.311714190989733
"5193",-107.125,47.125,-106.875,46.875,"8","72",15,3.22957840934396,0.215305227289597
"5194",-107.125,46.875,-106.875,46.625,"9","72",23,4.15467788651586,0.18063816897895
"5195",-107.125,46.625,-106.875,46.375,"10","72",91,14.9617844857275,0.164415214128874
"5196",-107.125,46.375,-106.875,46.125,"11","72",13142,4157.34852898739,0.316340627681281
"5197",-107.125,46.125,-106.875,45.875,"12","72",46520,14338.1436700259,0.308214610275706
"5198",-107.125,45.875,-106.875,45.625,"13","72",33742,24271.845245899,0.719336294407533
"5199",-107.125,45.625,-106.875,45.375,"14","72",49162,119830.969965232,2.43747142030903
"5200",-107.125,45.375,-106.875,45.125,"15","72",36891,77958.8703884032,2.11322193457492
"5201",-107.125,45.125,-106.875,44.875,"16","72",3202,2017.8276608676,0.630177283219111
"5202",-107.125,44.875,-106.875,44.625,"17","72",4473,103532.839667006,23.1461747522929
"5203",-107.125,44.625,-106.875,44.375,"18","72",353370,3649818.66102869,10.3286036195169
"5204",-107.125,44.375,-106.875,44.125,"19","72",328463,2198509.98172329,6.69332613330356
"5205",-107.125,44.125,-106.875,43.875,"20","72",281229,2839022.12611009,10.0950546569169
"5206",-107.125,43.875,-106.875,43.625,"21","72",125528,1590089.89542125,12.6672128562652
"5207",-107.125,43.625,-106.875,43.375,"22","72",46526,513744.122491252,11.0420866287936
"5208",-107.125,43.375,-106.875,43.125,"23","72",46,4.89558925805613,0.106425853436003
"5209",-107.125,43.125,-106.875,42.875,"24","72",204,117.876299360301,0.577824996864222
"5210",-107.125,42.875,-106.875,42.625,"25","72",852,2776.83581410151,3.25919696490787
"5211",-107.125,42.625,-106.875,42.375,"26","72",90,206.230820115656,2.29145355684062
"5212",-107.125,42.375,-106.875,42.125,"27","72",3195,10141.336432853,3.17412720903068
"5213",-107.125,42.125,-106.875,41.875,"28","72",67,76.7767320945859,1.14592137454606
"5214",-107.125,41.875,-106.875,41.625,"29","72",17,29.0862093642354,1.71095349201385
"5215",-107.125,41.625,-106.875,41.375,"30","72",16,109.923211216927,6.87020070105791
"5216",-107.125,41.375,-106.875,41.125,"31","72",255651,1349847.98981363,5.28004189232052
"5217",-107.125,41.125,-106.875,40.875,"32","72",322843,1756983.99384126,5.44222421994982
"5218",-107.125,40.875,-106.875,40.625,"33","72",284680,1415489.0779542,4.97221117730154
"5219",-107.125,40.625,-106.875,40.375,"34","72",108467,666466.654211145,6.14441861774683
"5220",-107.125,40.375,-106.875,40.125,"35","72",166556,1034797.48171223,6.21291026268781
"5221",-107.125,40.125,-106.875,39.875,"36","72",143244,646567.082268642,4.51374635076263
"5222",-107.125,39.875,-106.875,39.625,"37","72",188618,763535.518808307,4.04805224744355
"5223",-107.125,39.625,-106.875,39.375,"38","72",292485,2021527.52060397,6.91155963760182
"5224",-107.125,39.375,-106.875,39.125,"39","72",258723,1757982.07401766,6.79484264645066
"5225",-107.125,39.125,-106.875,38.875,"40","72",116121,420464.76480669,3.62091925497275
"5226",-107.125,38.875,-106.875,38.625,"41","72",188660,1188524.32240625,6.29982149054519
"5227",-107.125,38.625,-106.875,38.375,"42","72",85060,777890.570563163,9.14519833721094
"5228",-107.125,38.375,-106.875,38.125,"43","72",347005,2720389.82964999,7.83962718015586
"5229",-107.125,38.125,-106.875,37.875,"44","72",280120,1612979.41786481,5.75817298966447
"5230",-107.125,37.875,-106.875,37.625,"45","72",303684,2187162.97537948,7.20210144551403
"5231",-107.125,37.625,-106.875,37.375,"46","72",312090,1920942.22534838,6.15509059998198
"5232",-107.125,37.375,-106.875,37.125,"47","72",449971,1406284.5960367,3.12527828690449
"5233",-107.125,37.125,-106.875,36.875,"48","72",437374,843326.589065219,1.92815894192435
"5234",-107.125,36.875,-106.875,36.625,"49","72",485788,840530.437517335,1.73024125239268
"5235",-107.125,36.625,-106.875,36.375,"50","72",395140,444247.525010947,1.12427879994672
"5236",-107.125,36.375,-106.875,36.125,"51","72",207233,513390.778952556,2.47736016441665
"5237",-107.125,36.125,-106.875,35.875,"52","72",142796,665009.727996864,4.65706131822225
"5238",-107.125,35.875,-106.875,35.625,"53","72",30435,132555.606989888,4.35536740561485
"5239",-107.125,35.625,-106.875,35.375,"54","72",1532,351.151321796162,0.229211045558852
"5240",-107.125,35.375,-106.875,35.125,"55","72",525,66.0655287771006,0.125839102432572
"5241",-107.125,35.125,-106.875,34.875,"56","72",8,0.993003573734313,0.124125446716789
"5242",-107.125,34.875,-106.875,34.625,"57","72",96,14.4375793347135,0.150391451403266
"5243",-107.125,34.625,-106.875,34.375,"58","72",10894,4416.61950865703,0.405417615995688
"5244",-107.125,34.375,-106.875,34.125,"59","72",9,11.3064981950447,1.25627757722719
"5245",-107.125,34.125,-106.875,33.875,"60","72",15330,32935.5488758809,2.14843763052061
"5246",-107.125,33.875,-106.875,33.625,"61","72",8,14.6303923130035,1.82879903912544
"5247",-107.125,33.625,-106.875,33.375,"62","72",0,0,
"5248",-107.125,33.375,-106.875,33.125,"63","72",0,0,
"5249",-107.125,33.125,-106.875,32.875,"64","72",0,0,
"5250",-107.125,32.875,-106.875,32.625,"65","72",14,24.3616547584534,1.74011819703238
"5251",-107.125,32.625,-106.875,32.375,"66","72",3,4.80770981311798,1.60256993770599
"5252",-107.125,32.375,-106.875,32.125,"67","72",0,0,
"5253",-107.125,32.125,-106.875,31.875,"68","72",0,0,
"5254",-107.125,31.875,-106.875,31.625,"69","72",0,0,
"5255",-107.125,31.625,-106.875,31.375,"70","72",0,0,
"5256",-107.125,31.375,-106.875,31.125,"71","72",0,0,
"5257",-106.875,49.125,-106.625,48.875,"0","73",0,0,
"5258",-106.875,48.875,-106.625,48.625,"1","73",47,11.4127314053476,0.242824072454204
"5259",-106.875,48.625,-106.625,48.375,"2","73",63,8.29998503183015,0.131745794156034
"5260",-106.875,48.375,-106.625,48.125,"3","73",75,18.8191663390025,0.250922217853367
"5261",-106.875,48.125,-106.625,47.875,"4","73",305,94.09587787278,0.308511074992721
"5262",-106.875,47.875,-106.625,47.625,"5","73",20255,8442.57588800718,0.416814410664388
"5263",-106.875,47.625,-106.625,47.375,"6","73",1484,443.438142429688,0.298812764440491
"5264",-106.875,47.375,-106.625,47.125,"7","73",3,0.712249368429184,0.237416456143061
"5265",-106.875,47.125,-106.625,46.875,"8","73",3,1.08857472240925,0.362858240803083
"5266",-106.875,46.875,-106.625,46.625,"9","73",0,0,
"5267",-106.875,46.625,-106.625,46.375,"10","73",236,45.7908032853156,0.194028827480151
"5268",-106.875,46.375,-106.625,46.125,"11","73",19450,7182.46854283882,0.369278588320762
"5269",-106.875,46.125,-106.625,45.875,"12","73",41501,11836.7791908028,0.285216722267
"5270",-106.875,45.875,-106.625,45.625,"13","73",9815,4337.94581571119,0.441971045920652
"5271",-106.875,45.625,-106.625,45.375,"14","73",37357,17982.6200879224,0.481372168212715
"5272",-106.875,45.375,-106.625,45.125,"15","73",31928,8343.75911474315,0.261330465883962
"5273",-106.875,45.125,-106.625,44.875,"16","73",6905,2529.72532016726,0.366361378735302
"5274",-106.875,44.875,-106.625,44.625,"17","73",494,212.755237321835,0.430678618060395
"5275",-106.875,44.625,-106.625,44.375,"18","73",452,7026.62476935773,15.5456300207029
"5276",-106.875,44.375,-106.625,44.125,"19","73",99852,1453230.54983585,14.5538451892386
"5277",-106.875,44.125,-106.625,43.875,"20","73",100040,1306186.10218242,13.0566383664776
"5278",-106.875,43.875,-106.625,43.625,"21","73",23299,112530.177231858,4.82982862920545
"5279",-106.875,43.625,-106.625,43.375,"22","73",4140,2378.11337978349,0.574423521686834
"5280",-106.875,43.375,-106.625,43.125,"23","73",218,67.9477787585929,0.311687058525656
"5281",-106.875,43.125,-106.625,42.875,"24","73",629,179.878368577454,0.285975148771787
"5282",-106.875,42.875,-106.625,42.625,"25","73",54,142.009602710605,2.62980745760379
"5283",-106.875,42.625,-106.625,42.375,"26","73",233,349.01844156906,1.49793322561828
"5284",-106.875,42.375,-106.625,42.125,"27","73",12586,64487.5395311778,5.12375175045112
"5285",-106.875,42.125,-106.625,41.875,"28","73",408,2058.01921694539,5.04416474741518
"5286",-106.875,41.875,-106.625,41.625,"29","73",433,2956.09938829578,6.82701937250759
"5287",-106.875,41.625,-106.625,41.375,"30","73",2114,26159.9489304638,12.3746210645524
"5288",-106.875,41.375,-106.625,41.125,"31","73",37979,371108.76355633,9.77142008889991
"5289",-106.875,41.125,-106.625,40.875,"32","73",323886,1464105.13305023,4.52043352614879
"5290",-106.875,40.875,-106.625,40.625,"33","73",231064,1118970.1808408,4.84268506059273
"5291",-106.875,40.625,-106.625,40.375,"34","73",228426,1270758.6211626,5.56310849536654
"5292",-106.875,40.375,-106.625,40.125,"35","73",309826,1920169.19691514,6.19757282124527
"5293",-106.875,40.125,-106.625,39.875,"36","73",244985,1618923.67397638,6.60825631763733
"5294",-106.875,39.875,-106.625,39.625,"37","73",124241,632446.860791615,5.0904843070453
"5295",-106.875,39.625,-106.625,39.375,"38","73",333000,2377036.56537625,7.13824794407281
"5296",-106.875,39.375,-106.625,39.125,"39","73",309356,2864213.64148879,9.25863290671198
"5297",-106.875,39.125,-106.625,38.875,"40","73",214553,740248.031248327,3.45018727889299
"5298",-106.875,38.875,-106.625,38.625,"41","73",331849,2396906.10591606,7.22288181045012
"5299",-106.875,38.625,-106.625,38.375,"42","73",78689,525615.040660676,6.67965078550593
"5300",-106.875,38.375,-106.625,38.125,"43","73",247415,1990209.65002436,8.04401370177378
"5301",-106.875,38.125,-106.625,37.875,"44","73",278241,1530933.26539875,5.50218431287537
"5302",-106.875,37.875,-106.625,37.625,"45","73",380451,3077195.72638316,8.08828397450175
"5303",-106.875,37.625,-106.625,37.375,"46","73",330895,2651238.81175696,8.01232660438192
"5304",-106.875,37.375,-106.625,37.125,"47","73",412265,2843025.97503073,6.89611287650112
"5305",-106.875,37.125,-106.625,36.875,"48","73",471069,1581843.02977398,3.35798583599002
"5306",-106.875,36.875,-106.625,36.625,"49","73",358160,549016.695380855,1.53288110168879
"5307",-106.875,36.625,-106.625,36.375,"50","73",318647,585404.700378798,1.83715741989976
"5308",-106.875,36.375,-106.625,36.125,"51","73",430860,3163331.04673642,7.34190002956047
"5309",-106.875,36.125,-106.625,35.875,"52","73",624744,7143130.14082058,11.4336914653371
"5310",-106.875,35.875,-106.625,35.625,"53","73",303354,1984641.60804201,6.54232879092418
"5311",-106.875,35.625,-106.625,35.375,"54","73",1246,305.526825264853,0.245206119795227
"5312",-106.875,35.375,-106.625,35.125,"55","73",0,0,
"5313",-106.875,35.125,-106.625,34.875,"56","73",0,0,
"5314",-106.875,34.875,-106.625,34.625,"57","73",0,0,
"5315",-106.875,34.625,-106.625,34.375,"58","73",0,0,
"5316",-106.875,34.375,-106.625,34.125,"59","73",575,96.2668564128689,0.167420619848468
"5317",-106.875,34.125,-106.625,33.875,"60","73",53,95.3843685984612,1.79970506789549
"5318",-106.875,33.875,-106.625,33.625,"61","73",9,16.4102551937103,1.82336168819004
"5319",-106.875,33.625,-106.625,33.375,"62","73",0,0,
"5320",-106.875,33.375,-106.625,33.125,"63","73",11431,5602.10795470673,0.490080303972245
"5321",-106.875,33.125,-106.625,32.875,"64","73",2514,1220.67235543053,0.48554986293975
"5322",-106.875,32.875,-106.625,32.625,"65","73",1,0.0870485752820969,0.0870485752820969
"5323",-106.875,32.625,-106.625,32.375,"66","73",9,15.173987030983,1.68599855899811
"5324",-106.875,32.375,-106.625,32.125,"67","73",5,8.86521661281586,1.77304332256317
"5325",-106.875,32.125,-106.625,31.875,"68","73",14,25.4334738254547,1.81667670181819
"5326",-106.875,31.875,-106.625,31.625,"69","73",9,14.8243091106415,1.64714545673794
"5327",-106.875,31.625,-106.625,31.375,"70","73",0,0,
"5328",-106.875,31.375,-106.625,31.125,"71","73",0,0,
"5329",-106.625,49.125,-106.375,48.875,"0","74",1,0.0137669136747718,0.0137669136747718
"5330",-106.625,48.875,-106.375,48.625,"1","74",3,3.65832483768463,1.21944161256154
"5331",-106.625,48.625,-106.375,48.375,"2","74",4,0.936253167688847,0.234063291922212
"5332",-106.625,48.375,-106.375,48.125,"3","74",111,34.0175578147173,0.306464484817273
"5333",-106.625,48.125,-106.375,47.875,"4","74",878,303.806702220812,0.346021300934866
"5334",-106.625,47.875,-106.375,47.625,"5","74",4849,2484.66866268724,0.512408468279488
"5335",-106.625,47.625,-106.375,47.375,"6","74",21,6.70388305187225,0.319232526279631
"5336",-106.625,47.375,-106.375,47.125,"7","74",82,37.2559272125363,0.454340575762638
"5337",-106.625,47.125,-106.375,46.875,"8","74",1,0.544321596622467,0.544321596622467
"5338",-106.625,46.875,-106.375,46.625,"9","74",0,0,
"5339",-106.625,46.625,-106.375,46.375,"10","74",1,0.537106692790985,0.537106692790985
"5340",-106.625,46.375,-106.375,46.125,"11","74",5594,2050.1475924874,0.366490452714944
"5341",-106.625,46.125,-106.375,45.875,"12","74",28079,10643.1417426499,0.379042763013282
"5342",-106.625,45.875,-106.375,45.625,"13","74",25238,11935.961968638,0.47293612681821
"5343",-106.625,45.625,-106.375,45.375,"14","74",62525,38336.840248573,0.613144186302647
"5344",-106.625,45.375,-106.375,45.125,"15","74",63260,25342.8177043046,0.400613621629854
"5345",-106.625,45.125,-106.375,44.875,"16","74",867,288.746392282774,0.333040821548759
"5346",-106.625,44.875,-106.375,44.625,"17","74",3,1.19718745350838,0.399062484502792
"5347",-106.625,44.625,-106.375,44.375,"18","74",21,13.4989434406161,0.64280683050553
"5348",-106.625,44.375,-106.375,44.125,"19","74",5,0.530317284166813,0.106063456833363
"5349",-106.625,44.125,-106.375,43.875,"20","74",2,0.314008519053459,0.15700425952673
"5350",-106.625,43.875,-106.375,43.625,"21","74",415,169.464866123453,0.408349074996273
"5351",-106.625,43.625,-106.375,43.375,"22","74",6953,3326.41376869963,0.478414176427388
"5352",-106.625,43.375,-106.375,43.125,"23","74",53,23.9873961247504,0.452592379712271
"5353",-106.625,43.125,-106.375,42.875,"24","74",3,1.74541196227074,0.581803987423579
"5354",-106.625,42.875,-106.375,42.625,"25","74",7351,47160.9950967729,6.41558904866996
"5355",-106.625,42.625,-106.375,42.375,"26","74",410,2273.10354852746,5.54415499640845
"5356",-106.625,42.375,-106.375,42.125,"27","74",29478,196644.814688994,6.67090083075494
"5357",-106.625,42.125,-106.375,41.875,"28","74",922,5000.7593104979,5.42381703958558
"5358",-106.625,41.875,-106.375,41.625,"29","74",37195,379034.033427864,10.1904566051314
"5359",-106.625,41.625,-106.375,41.375,"30","74",236212,1654595.11709765,7.00470389775983
"5360",-106.625,41.375,-106.375,41.125,"31","74",245617,1695276.44036399,6.90211361739615
"5361",-106.625,41.125,-106.375,40.875,"32","74",236438,1658389.33060001,7.01405582266814
"5362",-106.625,40.875,-106.375,40.625,"33","74",93134,340589.445309157,3.65698289893226
"5363",-106.625,40.625,-106.375,40.375,"34","74",129039,435422.120307463,3.37434512285017
"5364",-106.625,40.375,-106.375,40.125,"35","74",137583,590903.271634847,4.29488578992206
"5365",-106.625,40.125,-106.375,39.875,"36","74",264814,2019552.5724821,7.62630590709744
"5366",-106.625,39.875,-106.375,39.625,"37","74",226750,1275253.4707493,5.6240505876485
"5367",-106.625,39.625,-106.375,39.375,"38","74",254692,1494636.63700912,5.8684082617794
"5368",-106.625,39.375,-106.375,39.125,"39","74",216133,938307.055357058,4.34134100464556
"5369",-106.625,39.125,-106.375,38.875,"40","74",195566,755370.846314791,3.86248553590497
"5370",-106.625,38.875,-106.375,38.625,"41","74",299500,1184455.41800369,3.9547760200457
"5371",-106.625,38.625,-106.375,38.375,"42","74",343020,2909058.8960127,8.48072676815549
"5372",-106.625,38.375,-106.375,38.125,"43","74",446195,4101487.42870017,9.19214116854777
"5373",-106.625,38.125,-106.375,37.875,"44","74",431390,3722940.44009471,8.63010371147849
"5374",-106.625,37.875,-106.375,37.625,"45","74",207596,1835614.10517648,8.84224216832924
"5375",-106.625,37.625,-106.375,37.375,"46","74",315427,2204449.05734182,6.98877729979304
"5376",-106.625,37.375,-106.375,37.125,"47","74",302003,1967905.66817363,6.51617920409277
"5377",-106.625,37.125,-106.375,36.875,"48","74",327357,2213255.33024464,6.76098366689773
"5378",-106.625,36.875,-106.375,36.625,"49","74",415636,2601399.86422928,6.25884154459498
"5379",-106.625,36.625,-106.375,36.375,"50","74",267516,897943.82864341,3.35659859090077
"5380",-106.625,36.375,-106.375,36.125,"51","74",119922,562157.883171758,4.68769602885007
"5381",-106.625,36.125,-106.375,35.875,"52","74",536994,5910630.71551938,11.0068840909198
"5382",-106.625,35.875,-106.375,35.625,"53","74",311077,2214940.6196466,7.12023267437515
"5383",-106.625,35.625,-106.375,35.375,"54","74",1107,309.897871207657,0.279943876429681
"5384",-106.625,35.375,-106.375,35.125,"55","74",148668,1026747.68805425,6.90631264330082
"5385",-106.625,35.125,-106.375,34.875,"56","74",81928,188616.505008133,2.30222274446018
"5386",-106.625,34.875,-106.375,34.625,"57","74",141659,697202.198590623,4.92169363464815
"5387",-106.625,34.625,-106.375,34.375,"58","74",64604,274907.009599596,4.25526298061414
"5388",-106.625,34.375,-106.375,34.125,"59","74",4039,1815.56595901388,0.449508779156693
"5389",-106.625,34.125,-106.375,33.875,"60","74",46,11.3828902840614,0.247454136610031
"5390",-106.625,33.875,-106.375,33.625,"61","74",2839,3109.45440926134,1.09526396944746
"5391",-106.625,33.625,-106.375,33.375,"62","74",382,167.675425027963,0.438940903214562
"5392",-106.625,33.375,-106.375,33.125,"63","74",6839,4793.86233946297,0.700959546638832
"5393",-106.625,33.125,-106.375,32.875,"64","74",2549,1409.42556599784,0.552932744604879
"5394",-106.625,32.875,-106.375,32.625,"65","74",5867,6450.85577314836,1.09951521614937
"5395",-106.625,32.625,-106.375,32.375,"66","74",3304,1076.63061462238,0.325856723553989
"5396",-106.625,32.375,-106.375,32.125,"67","74",10736,33230.616165,3.09525113310358
"5397",-106.625,32.125,-106.375,31.875,"68","74",2,3.53406369686127,1.76703184843063
"5398",-106.625,31.875,-106.375,31.625,"69","74",6,10.002849817276,1.66714163621267
"5399",-106.625,31.625,-106.375,31.375,"70","74",0,0,
"5400",-106.625,31.375,-106.375,31.125,"71","74",0,0,
"5401",-106.375,49.125,-106.125,48.875,"0","75",1,0.0410628989338875,0.0410628989338875
"5402",-106.375,48.875,-106.125,48.625,"1","75",2,0.306132435798645,0.153066217899323
"5403",-106.375,48.625,-106.125,48.375,"2","75",1,1.88220274448395,1.88220274448395
"5404",-106.375,48.375,-106.125,48.125,"3","75",34,6.03124296665192,0.177389499019174
"5405",-106.375,48.125,-106.125,47.875,"4","75",1522,300.817537621275,0.197646213943019
"5406",-106.375,47.875,-106.125,47.625,"5","75",70,12.5692768543959,0.179561097919941
"5407",-106.375,47.625,-106.125,47.375,"6","75",148,55.2557518575341,0.373349674713068
"5408",-106.375,47.375,-106.125,47.125,"7","75",20,10.2451246976852,0.512256234884262
"5409",-106.375,47.125,-106.125,46.875,"8","75",1,0.523479998111725,0.523479998111725
"5410",-106.375,46.875,-106.125,46.625,"9","75",0,0,
"5411",-106.375,46.625,-106.125,46.375,"10","75",0,0,
"5412",-106.375,46.375,-106.125,46.125,"11","75",7016,2381.98674939806,0.339507803505994
"5413",-106.375,46.125,-106.125,45.875,"12","75",31849,12336.244406615,0.387335376514648
"5414",-106.375,45.875,-106.125,45.625,"13","75",14153,5658.107250915,0.399781477489931
"5415",-106.375,45.625,-106.125,45.375,"14","75",23340,11790.9984724492,0.505184167628501
"5416",-106.375,45.375,-106.125,45.125,"15","75",36504,13701.4851820879,0.375342022301335
"5417",-106.375,45.125,-106.125,44.875,"16","75",12251,4131.24432014831,0.337216906387096
"5418",-106.375,44.875,-106.125,44.625,"17","75",288,62.6360088512301,0.217486141844549
"5419",-106.375,44.625,-106.125,44.375,"18","75",21,6.58659371733665,0.313647319873174
"5420",-106.375,44.375,-106.125,44.125,"19","75",10,0.84544476121664,0.084544476121664
"5421",-106.375,44.125,-106.125,43.875,"20","75",0,0,
"5422",-106.375,43.875,-106.125,43.625,"21","75",934,396.077667683363,0.42406602535692
"5423",-106.375,43.625,-106.125,43.375,"22","75",414,156.36054406804,0.3776824735943
"5424",-106.375,43.375,-106.125,43.125,"23","75",114,36.7644738939125,0.32249538503432
"5425",-106.375,43.125,-106.125,42.875,"24","75",0,0,
"5426",-106.375,42.875,-106.125,42.625,"25","75",100004,1243265.62668303,12.4321589804711
"5427",-106.375,42.625,-106.125,42.375,"26","75",33891,396559.811610942,11.7010360157842
"5428",-106.375,42.375,-106.125,42.125,"27","75",33,187.456011891365,5.68048520882924
"5429",-106.375,42.125,-106.125,41.875,"28","75",714,4093.76580778882,5.7335655571272
"5430",-106.375,41.875,-106.125,41.625,"29","75",97,506.798776179552,5.22472965133559
"5431",-106.375,41.625,-106.125,41.375,"30","75",228201,1111946.94268202,4.87266463636013
"5432",-106.375,41.375,-106.125,41.125,"31","75",268364,1032523.76349571,3.84747493514672
"5433",-106.375,41.125,-106.125,40.875,"32","75",394976,2381168.52413388,6.02864104181997
"5434",-106.375,40.875,-106.125,40.625,"33","75",17233,80818.7862143659,4.68976882808367
"5435",-106.375,40.625,-106.125,40.375,"34","75",128776,575322.610790856,4.46762293277362
"5436",-106.375,40.375,-106.125,40.125,"35","75",304732,1723220.28460275,5.65487144311312
"5437",-106.375,40.125,-106.125,39.875,"36","75",101580,705854.169772768,6.94875142520937
"5438",-106.375,39.875,-106.125,39.625,"37","75",224297,1178563.76272457,5.25447849380317
"5439",-106.375,39.625,-106.125,39.375,"38","75",246931,1106038.1000964,4.47913830218319
"5440",-106.375,39.375,-106.125,39.125,"39","75",166049,562014.064278397,3.3846278163578
"5441",-106.375,39.125,-106.125,38.875,"40","75",262893,1710366.02364502,6.50593976882237
"5442",-106.375,38.875,-106.125,38.625,"41","75",240914,1556189.8709924,6.45952444022513
"5443",-106.375,38.625,-106.125,38.375,"42","75",384353,2881254.42156872,7.49637552346078
"5444",-106.375,38.375,-106.125,38.125,"43","75",333676,2659590.15665072,7.97057671708699
"5445",-106.375,38.125,-106.125,37.875,"44","75",168097,1471175.8808605,8.75194608387124
"5446",-106.375,37.875,-106.125,37.625,"45","75",14018,70022.2553457879,4.99516730958681
"5447",-106.375,37.625,-106.125,37.375,"46","75",117328,1187345.07143793,10.1198782169468
"5448",-106.375,37.375,-106.125,37.125,"47","75",179576,1615795.39043961,8.99783596048253
"5449",-106.375,37.125,-106.125,36.875,"48","75",305037,2715390.05181529,8.90183830753412
"5450",-106.375,36.875,-106.125,36.625,"49","75",445684,4360285.97563798,9.78335766066984
"5451",-106.375,36.625,-106.125,36.375,"50","75",564896,4645525.9287728,8.22368352541494
"5452",-106.375,36.375,-106.125,36.125,"51","75",57593,157079.636647604,2.7274084810238
"5453",-106.375,36.125,-106.125,35.875,"52","75",153588,648811.296246508,4.22436190487869
"5454",-106.375,35.875,-106.125,35.625,"53","75",43855,54758.2696074732,1.24862090086588
"5455",-106.375,35.625,-106.125,35.375,"54","75",1655,296.869618985453,0.179377413284261
"5456",-106.375,35.375,-106.125,35.125,"55","75",94518,166075.910150232,1.75708235627322
"5457",-106.375,35.125,-106.125,34.875,"56","75",206137,187682.163482998,0.910472954797043
"5458",-106.375,34.875,-106.125,34.625,"57","75",104890,150274.00255647,1.43268188155658
"5459",-106.375,34.625,-106.125,34.375,"58","75",12642,5200.02861900185,0.411329585429667
"5460",-106.375,34.375,-106.125,34.125,"59","75",6323,2295.60705953767,0.363056628109705
"5461",-106.375,34.125,-106.125,33.875,"60","75",1841,310.704079565185,0.168769190421067
"5462",-106.375,33.875,-106.125,33.625,"61","75",21544,14206.596063394,0.659422394327608
"5463",-106.375,33.625,-106.125,33.375,"62","75",2751,1606.07693847269,0.583815681015154
"5464",-106.375,33.375,-106.125,33.125,"63","75",0,0,
"5465",-106.375,33.125,-106.125,32.875,"64","75",0,0,
"5466",-106.375,32.875,-106.125,32.625,"65","75",0,0,
"5467",-106.375,32.625,-106.125,32.375,"66","75",0,0,
"5468",-106.375,32.375,-106.125,32.125,"67","75",0,0,
"5469",-106.375,32.125,-106.125,31.875,"68","75",0,0,
"5470",-106.375,31.875,-106.125,31.625,"69","75",45,73.7303394079208,1.63845198684269
"5471",-106.375,31.625,-106.125,31.375,"70","75",0,0,
"5472",-106.375,31.375,-106.125,31.125,"71","75",0,0,
"5473",-106.125,49.125,-105.875,48.875,"0","76",0,0,
"5474",-106.125,48.875,-105.875,48.625,"1","76",4,1.2165093421936,0.304127335548401
"5475",-106.125,48.625,-105.875,48.375,"2","76",1,0.10447708517313,0.10447708517313
"5476",-106.125,48.375,-105.875,48.125,"3","76",2,0.479215480387211,0.239607740193605
"5477",-106.125,48.125,-105.875,47.875,"4","76",499,95.7842316110618,0.19195236795804
"5478",-106.125,47.875,-105.875,47.625,"5","76",26,6.79012766107917,0.261158756195353
"5479",-106.125,47.625,-105.875,47.375,"6","76",30,8.92913407459855,0.297637802486618
"5480",-106.125,47.375,-105.875,47.125,"7","76",0,0,
"5481",-106.125,47.125,-105.875,46.875,"8","76",1,0.592800557613373,0.592800557613373
"5482",-106.125,46.875,-105.875,46.625,"9","76",0,0,
"5483",-106.125,46.625,-105.875,46.375,"10","76",496,227.075807254761,0.457814127529761
"5484",-106.125,46.375,-105.875,46.125,"11","76",10184,4946.83809104492,0.485746081210224
"5485",-106.125,46.125,-105.875,45.875,"12","76",2905,990.686361133005,0.3410280072747
"5486",-106.125,45.875,-105.875,45.625,"13","76",16023,7738.37006770681,0.482953883024828
"5487",-106.125,45.625,-105.875,45.375,"14","76",61036,29848.4418200684,0.489030110427754
"5488",-106.125,45.375,-105.875,45.125,"15","76",38058,16273.6549878517,0.427601423822893
"5489",-106.125,45.125,-105.875,44.875,"16","76",15972,5208.69293950102,0.326114008233222
"5490",-106.125,44.875,-105.875,44.625,"17","76",5980,2106.71427469747,0.352293356972821
"5491",-106.125,44.625,-105.875,44.375,"18","76",7430,3311.79271718545,0.44573253259562
"5492",-106.125,44.375,-105.875,44.125,"19","76",2469,738.262451750954,0.299012738659763
"5493",-106.125,44.125,-105.875,43.875,"20","76",10,0.958288118243217,0.0958288118243217
"5494",-106.125,43.875,-105.875,43.625,"21","76",122,57.3619145834818,0.470179627733458
"5495",-106.125,43.625,-105.875,43.375,"22","76",3340,1727.78363061225,0.51730048820726
"5496",-106.125,43.375,-105.875,43.125,"23","76",821,371.144999182317,0.45206455442426
"5497",-106.125,43.125,-105.875,42.875,"24","76",0,0,
"5498",-106.125,42.875,-105.875,42.625,"25","76",34748,365173.806199101,10.509203585792
"5499",-106.125,42.625,-105.875,42.375,"26","76",233976,3130902.26695964,13.3812966584591
"5500",-106.125,42.375,-105.875,42.125,"27","76",1313,8045.01915210742,6.1272042285662
"5501",-106.125,42.125,-105.875,41.875,"28","76",0,0,
"5502",-106.125,41.875,-105.875,41.625,"29","76",18,63.5704284310341,3.53169046839078
"5503",-106.125,41.625,-105.875,41.375,"30","76",23637,150574.076493715,6.37027019053667
"5504",-106.125,41.375,-105.875,41.125,"31","76",73458,549965.350530341,7.48679994732148
"5505",-106.125,41.125,-105.875,40.875,"32","76",170856,1183232.1893552,6.92531833447581
"5506",-106.125,40.875,-105.875,40.625,"33","76",229753,1162463.59352364,5.05962313233621
"5507",-106.125,40.625,-105.875,40.375,"34","76",236680,923033.26312277,3.89992083455624
"5508",-106.125,40.375,-105.875,40.125,"35","76",364191,2148040.01245794,5.89811393597849
"5509",-106.125,40.125,-105.875,39.875,"36","76",298985,1897097.98791413,6.34512764156774
"5510",-106.125,39.875,-105.875,39.625,"37","76",229201,1109190.37357211,4.83937842143842
"5511",-106.125,39.625,-105.875,39.375,"38","76",227925,1032846.63140533,4.53151971659683
"5512",-106.125,39.375,-105.875,39.125,"39","76",143630,546730.052479858,3.80651710979501
"5513",-106.125,39.125,-105.875,38.875,"40","76",213806,1345427.25333278,6.29274788047473
"5514",-106.125,38.875,-105.875,38.625,"41","76",244039,1485256.69041543,6.08614479823073
"5515",-106.125,38.625,-105.875,38.375,"42","76",312732,2546685.93133683,8.1433493577147
"5516",-106.125,38.375,-105.875,38.125,"43","76",177726,1559362.71079611,8.77397066718494
"5517",-106.125,38.125,-105.875,37.875,"44","76",952,3641.74342484027,3.82536074037844
"5518",-106.125,37.875,-105.875,37.625,"45","76",0,0,
"5519",-106.125,37.625,-105.875,37.375,"46","76",38,43.8324850201607,1.15348644789897
"5520",-106.125,37.375,-105.875,37.125,"47","76",24,47.240930378437,1.96837209910154
"5521",-106.125,37.125,-105.875,36.875,"48","76",2211,12278.6701066326,5.55344645257017
"5522",-106.125,36.875,-105.875,36.625,"49","76",150875,993459.529251461,6.58465305220521
"5523",-106.125,36.625,-105.875,36.375,"50","76",288231,1183117.58900241,4.1047548286007
"5524",-106.125,36.375,-105.875,36.125,"51","76",17766,18035.2690624368,1.01515642589422
"5525",-106.125,36.125,-105.875,35.875,"52","76",8411,14016.5456837835,1.66645412956646
"5526",-106.125,35.875,-105.875,35.625,"53","76",51584,132637.896364611,2.57129916959931
"5527",-106.125,35.625,-105.875,35.375,"54","76",18379,13431.427533974,0.730802956307414
"5528",-106.125,35.375,-105.875,35.125,"55","76",1168,301.36048053822,0.258014110049846
"5529",-106.125,35.125,-105.875,34.875,"56","76",0,0,
"5530",-106.125,34.875,-105.875,34.625,"57","76",0,0,
"5531",-106.125,34.625,-105.875,34.375,"58","76",1030,383.686943268171,0.372511595405991
"5532",-106.125,34.375,-105.875,34.125,"59","76",666,90.6227690091182,0.136070223737415
"5533",-106.125,34.125,-105.875,33.875,"60","76",27,5.1619388917461,0.191182921916522
"5534",-106.125,33.875,-105.875,33.625,"61","76",0,0,
"5535",-106.125,33.625,-105.875,33.375,"62","76",7458,9462.39929152412,1.26875828526738
"5536",-106.125,33.375,-105.875,33.125,"63","76",24668,73329.3999616175,2.97265282802082
"5537",-106.125,33.125,-105.875,32.875,"64","76",1514,1869.91114759853,1.23508001822888
"5538",-106.125,32.875,-105.875,32.625,"65","76",9336,37107.0979731557,3.97462489001239
"5539",-106.125,32.625,-105.875,32.375,"66","76",0,0,
"5540",-106.125,32.375,-105.875,32.125,"67","76",0,0,
"5541",-106.125,32.125,-105.875,31.875,"68","76",0,0,
"5542",-106.125,31.875,-105.875,31.625,"69","76",0,0,
"5543",-106.125,31.625,-105.875,31.375,"70","76",0,0,
"5544",-106.125,31.375,-105.875,31.125,"71","76",0,0,
"5545",-105.875,49.125,-105.625,48.875,"0","77",0,0,
"5546",-105.875,48.875,-105.625,48.625,"1","77",9,2.65353018790483,0.294836687544982
"5547",-105.875,48.625,-105.625,48.375,"2","77",16,9.30208584293723,0.581380365183577
"5548",-105.875,48.375,-105.625,48.125,"3","77",1,0.339003622531891,0.339003622531891
"5549",-105.875,48.125,-105.625,47.875,"4","77",33,4.43400123715401,0.134363673853152
"5550",-105.875,47.875,-105.625,47.625,"5","77",4,0.744212850928307,0.186053212732077
"5551",-105.875,47.625,-105.625,47.375,"6","77",22,7.07650351524353,0.321659250692888
"5552",-105.875,47.375,-105.625,47.125,"7","77",4,0.853828623890877,0.213457155972719
"5553",-105.875,47.125,-105.625,46.875,"8","77",10,6.7481543738395,0.67481543738395
"5554",-105.875,46.875,-105.625,46.625,"9","77",53,23.3652959503233,0.440854640572139
"5555",-105.875,46.625,-105.625,46.375,"10","77",10365,4807.27571540797,0.46379891127911
"5556",-105.875,46.375,-105.625,46.125,"11","77",1643,781.966527872952,0.475938239727907
"5557",-105.875,46.125,-105.625,45.875,"12","77",31665,14083.4261767002,0.444763182589616
"5558",-105.875,45.875,-105.625,45.625,"13","77",27193,11929.0098066369,0.438679432450885
"5559",-105.875,45.625,-105.625,45.375,"14","77",10865,4239.83765488319,0.390228960412627
"5560",-105.875,45.375,-105.625,45.125,"15","77",26189,9763.22496586034,0.372798692804626
"5561",-105.875,45.125,-105.625,44.875,"16","77",46069,17247.3496051778,0.374380811504002
"5562",-105.875,44.875,-105.625,44.625,"17","77",3272,1213.28314865078,0.370807808267353
"5563",-105.875,44.625,-105.625,44.375,"18","77",205,83.3885077238083,0.406773208408821
"5564",-105.875,44.375,-105.625,44.125,"19","77",9,4.0647638887167,0.451640432079633
"5565",-105.875,44.125,-105.625,43.875,"20","77",1,0.0905938223004341,0.0905938223004341
"5566",-105.875,43.875,-105.625,43.625,"21","77",3,1.60225337743759,0.534084459145864
"5567",-105.875,43.625,-105.625,43.375,"22","77",0,0,
"5568",-105.875,43.375,-105.625,43.125,"23","77",0,0,
"5569",-105.875,43.125,-105.625,42.875,"24","77",0,0,
"5570",-105.875,42.875,-105.625,42.625,"25","77",11924,66217.3033152462,5.55327937900421
"5571",-105.875,42.625,-105.625,42.375,"26","77",263920,3067102.29589242,11.6213333430298
"5572",-105.875,42.375,-105.625,42.125,"27","77",81224,877683.313498919,10.8057139946188
"5573",-105.875,42.125,-105.625,41.875,"28","77",312,1054.81419132557,3.38081471578708
"5574",-105.875,41.875,-105.625,41.625,"29","77",0,0,
"5575",-105.875,41.625,-105.625,41.375,"30","77",6,67.3700132369995,11.2283355394999
"5576",-105.875,41.375,-105.625,41.125,"31","77",35,339.471404314041,9.69918298040118
"5577",-105.875,41.125,-105.625,40.875,"32","77",153368,1021938.008323,6.66330661104661
"5578",-105.875,40.875,-105.625,40.625,"33","77",393052,2592465.21921714,6.59573089366584
"5579",-105.875,40.625,-105.625,40.375,"34","77",177817,803087.20540212,4.51636910645281
"5580",-105.875,40.375,-105.625,40.125,"35","77",244790,1495214.15422066,6.10815047273444
"5581",-105.875,40.125,-105.625,39.875,"36","77",298537,1760463.42376584,5.89696896453651
"5582",-105.875,39.875,-105.625,39.625,"37","77",236062,1585462.80117698,6.71629826561235
"5583",-105.875,39.625,-105.625,39.375,"38","77",241116,1437733.09767934,5.9628274261324
"5584",-105.875,39.375,-105.625,39.125,"39","77",139066,1097272.55223523,7.89030066468606
"5585",-105.875,39.125,-105.625,38.875,"40","77",38636,203096.860876057,5.25667410901896
"5586",-105.875,38.875,-105.625,38.625,"41","77",122751,962881.020573925,7.84418066308157
"5587",-105.875,38.625,-105.625,38.375,"42","77",347551,2337150.22639171,6.72462523886194
"5588",-105.875,38.375,-105.625,38.125,"43","77",314201,2229396.35198535,7.0954463925492
"5589",-105.875,38.125,-105.625,37.875,"44","77",123119,813092.815955139,6.60412134565046
"5590",-105.875,37.875,-105.625,37.625,"45","77",9,13.7374106645584,1.52637896272871
"5591",-105.875,37.625,-105.625,37.375,"46","77",3,2.99234348535538,0.997447828451792
"5592",-105.875,37.375,-105.625,37.125,"47","77",1481,4206.97329106182,2.84063017627402
"5593",-105.875,37.125,-105.625,36.875,"48","77",8599,41048.3526029689,4.77361932817408
"5594",-105.875,36.875,-105.625,36.625,"49","77",79981,177089.909156889,2.21414972502081
"5595",-105.875,36.625,-105.625,36.375,"50","77",23843,33169.851304129,1.39117775884448
"5596",-105.875,36.375,-105.625,36.125,"51","77",216190,1374190.18224339,6.35640030641285
"5597",-105.875,36.125,-105.625,35.875,"52","77",509321,4685493.76482559,9.19949062541225
"5598",-105.875,35.875,-105.625,35.625,"53","77",630430,6338533.15911236,10.0543012850156
"5599",-105.875,35.625,-105.625,35.375,"54","77",209864,398355.989220133,1.8981625682353
"5600",-105.875,35.375,-105.625,35.125,"55","77",29768,12802.2016637654,0.430065898406524
"5601",-105.875,35.125,-105.625,34.875,"56","77",21937,10554.2308852245,0.481115507372227
"5602",-105.875,34.875,-105.625,34.625,"57","77",702,73.6357613394503,0.104894246922294
"5603",-105.875,34.625,-105.625,34.375,"58","77",0,0,
"5604",-105.875,34.375,-105.625,34.125,"59","77",51590,60867.2501602778,1.17982651987358
"5605",-105.875,34.125,-105.625,33.875,"60","77",8561,3934.67155358676,0.45960419969475
"5606",-105.875,33.875,-105.625,33.625,"61","77",113453,302793.207105968,2.66888673817323
"5607",-105.875,33.625,-105.625,33.375,"62","77",321780,2410431.54356015,7.49093027397648
"5608",-105.875,33.375,-105.625,33.125,"63","77",517103,4115408.41005608,7.95858544633484
"5609",-105.875,33.125,-105.625,32.875,"64","77",599568,7192873.78560351,11.9967606436693
"5610",-105.875,32.875,-105.625,32.625,"65","77",540508,7170429.9667392,13.2660940573298
"5611",-105.875,32.625,-105.625,32.375,"66","77",11979,21018.2365842995,1.75459024829281
"5612",-105.875,32.375,-105.625,32.125,"67","77",0,0,
"5613",-105.875,32.125,-105.625,31.875,"68","77",0,0,
"5614",-105.875,31.875,-105.625,31.625,"69","77",0,0,
"5615",-105.875,31.625,-105.625,31.375,"70","77",0,0,
"5616",-105.875,31.375,-105.625,31.125,"71","77",0,0,
"5617",-105.625,49.125,-105.375,48.875,"0","78",9,1.6352660022676,0.181696222474178
"5618",-105.625,48.875,-105.375,48.625,"1","78",0,0,
"5619",-105.625,48.625,-105.375,48.375,"2","78",12,5.33368467353284,0.444473722794404
"5620",-105.625,48.375,-105.375,48.125,"3","78",1,0.279105722904205,0.279105722904205
"5621",-105.625,48.125,-105.375,47.875,"4","78",1,0.102684803307056,0.102684803307056
"5622",-105.625,47.875,-105.375,47.625,"5","78",20,3.46721633616835,0.173360816808417
"5623",-105.625,47.625,-105.375,47.375,"6","78",10,1.45765762776136,0.145765762776136
"5624",-105.625,47.375,-105.375,47.125,"7","78",374,115.159917793586,0.307914218699428
"5625",-105.625,47.125,-105.375,46.875,"8","78",6,0.840446200221777,0.140074366703629
"5626",-105.625,46.875,-105.375,46.625,"9","78",197,78.8124272190034,0.400063082329967
"5627",-105.625,46.625,-105.375,46.375,"10","78",25250,11688.9525080526,0.462928812200104
"5628",-105.625,46.375,-105.375,46.125,"11","78",21622,9945.36789001001,0.459965215521691
"5629",-105.625,46.125,-105.375,45.875,"12","78",6619,2856.10377777225,0.431500797367012
"5630",-105.625,45.875,-105.375,45.625,"13","78",12661,5062.69720641122,0.399865508760068
"5631",-105.625,45.625,-105.375,45.375,"14","78",13952,5485.4837161547,0.393168270939987
"5632",-105.625,45.375,-105.375,45.125,"15","78",15433,5221.34870871011,0.338323638223943
"5633",-105.625,45.125,-105.375,44.875,"16","78",17322,5019.92074540251,0.289800297044366
"5634",-105.625,44.875,-105.375,44.625,"17","78",11108,3687.08319725027,0.331930428272441
"5635",-105.625,44.625,-105.375,44.375,"18","78",7508,2449.51981453761,0.326254636992222
"5636",-105.625,44.375,-105.375,44.125,"19","78",5,1.72351087629795,0.34470217525959
"5637",-105.625,44.125,-105.375,43.875,"20","78",0,0,
"5638",-105.625,43.875,-105.375,43.625,"21","78",0,0,
"5639",-105.625,43.625,-105.375,43.375,"22","78",0,0,
"5640",-105.625,43.375,-105.375,43.125,"23","78",0,0,
"5641",-105.625,43.125,-105.375,42.875,"24","78",0,0,
"5642",-105.625,42.875,-105.375,42.625,"25","78",1231,1156.98079753295,0.939870672244473
"5643",-105.625,42.625,-105.375,42.375,"26","78",136683,1136165.63628675,8.31241365997784
"5644",-105.625,42.375,-105.375,42.125,"27","78",200344,2098560.83295179,10.474787530207
"5645",-105.625,42.125,-105.375,41.875,"28","78",33597,153648.830086927,4.57329017730533
"5646",-105.625,41.875,-105.375,41.625,"29","78",5202,11846.3032945192,2.27725937995371
"5647",-105.625,41.625,-105.375,41.375,"30","78",5230,28192.4841395319,5.39053234025466
"5648",-105.625,41.375,-105.375,41.125,"31","78",57849,477204.360253184,8.24913758670304
"5649",-105.625,41.125,-105.375,40.875,"32","78",191358,1260987.71554817,6.58967858959734
"5650",-105.625,40.875,-105.375,40.625,"33","78",367317,2099434.88325062,5.71559411421365
"5651",-105.625,40.625,-105.375,40.375,"34","78",481588,4483526.87545425,9.30988080154458
"5652",-105.625,40.375,-105.375,40.125,"35","78",450654,3739528.58114239,8.29800374820236
"5653",-105.625,40.125,-105.375,39.875,"36","78",440945,4404369.7865582,9.9884788047448
"5654",-105.625,39.875,-105.375,39.625,"37","78",505596,5835186.21094604,11.5412032748401
"5655",-105.625,39.625,-105.375,39.375,"38","78",490136,4438500.8226915,9.05565153894327
"5656",-105.625,39.375,-105.375,39.125,"39","78",533744,4915550.52220738,9.20956586342401
"5657",-105.625,39.125,-105.375,38.875,"40","78",299653,2341959.77932475,7.81557261006815
"5658",-105.625,38.875,-105.375,38.625,"41","78",269733,2172817.89746043,8.05543962904216
"5659",-105.625,38.625,-105.375,38.375,"42","78",338857,1828735.33835895,5.39677603932911
"5660",-105.625,38.375,-105.375,38.125,"43","78",170865,679056.185002486,3.97422634830121
"5661",-105.625,38.125,-105.375,37.875,"44","78",229016,1844578.23115503,8.054364023278
"5662",-105.625,37.875,-105.375,37.625,"45","78",278663,2208918.61713791,7.92684574966145
"5663",-105.625,37.625,-105.375,37.375,"46","78",125412,843060.132507974,6.72232427923942
"5664",-105.625,37.375,-105.375,37.125,"47","78",3928,4815.8618708998,1.2260340811863
"5665",-105.625,37.125,-105.375,36.875,"48","78",151265,1175603.36149385,7.77181344986514
"5666",-105.625,36.875,-105.375,36.625,"49","78",460966,4359527.50257026,9.45737321748299
"5667",-105.625,36.625,-105.375,36.375,"50","78",462420,4859914.52490195,10.5097411982655
"5668",-105.625,36.375,-105.375,36.125,"51","78",611875,7462392.00373473,12.1959419877176
"5669",-105.625,36.125,-105.375,35.875,"52","78",531207,5384931.79416707,10.1371627146613
"5670",-105.625,35.875,-105.375,35.625,"53","78",607953,6742808.88227062,11.0910035517065
"5671",-105.625,35.625,-105.375,35.375,"54","78",329200,1557159.99863835,4.7301336532149
"5672",-105.625,35.375,-105.375,35.125,"55","78",140027,91799.8423542663,0.655586725090635
"5673",-105.625,35.125,-105.375,34.875,"56","78",46548,17317.9721427708,0.372045461518664
"5674",-105.625,34.875,-105.375,34.625,"57","78",5355,449.752463107434,0.0839873880686151
"5675",-105.625,34.625,-105.375,34.375,"58","78",242,109.485225372075,0.452418286661465
"5676",-105.625,34.375,-105.375,34.125,"59","78",10855,2804.48846243384,0.258359139791233
"5677",-105.625,34.125,-105.375,33.875,"60","78",2239,728.259421361843,0.325261018919984
"5678",-105.625,33.875,-105.375,33.625,"61","78",54919,176177.243009644,3.20794703125775
"5679",-105.625,33.625,-105.375,33.375,"62","78",159614,551920.86476749,3.4578474617984
"5680",-105.625,33.375,-105.375,33.125,"63","78",366623,2213945.72298508,6.03875295053796
"5681",-105.625,33.125,-105.375,32.875,"64","78",477227,3334723.62298152,6.98770946107726
"5682",-105.625,32.875,-105.375,32.625,"65","78",409689,2932955.25706417,7.15897975553204
"5683",-105.625,32.625,-105.375,32.375,"66","78",10775,29025.1210711352,2.69374673514015
"5684",-105.625,32.375,-105.375,32.125,"67","78",0,0,
"5685",-105.625,32.125,-105.375,31.875,"68","78",0,0,
"5686",-105.625,31.875,-105.375,31.625,"69","78",0,0,
"5687",-105.625,31.625,-105.375,31.375,"70","78",0,0,
"5688",-105.625,31.375,-105.375,31.125,"71","78",0,0,
"5689",-105.375,49.125,-105.125,48.875,"0","79",12,13.4024144858122,1.11686787381768
"5690",-105.375,48.875,-105.125,48.625,"1","79",1,1.38967549800873,1.38967549800873
"5691",-105.375,48.625,-105.125,48.375,"2","79",0,0,
"5692",-105.375,48.375,-105.125,48.125,"3","79",4,1.29417350888252,0.323543377220631
"5693",-105.375,48.125,-105.125,47.875,"4","79",25,5.60743075609207,0.224297230243683
"5694",-105.375,47.875,-105.125,47.625,"5","79",27,6.25998304784298,0.231851223994184
"5695",-105.375,47.625,-105.125,47.375,"6","79",74,18.5998845407739,0.25134979109154
"5696",-105.375,47.375,-105.125,47.125,"7","79",88,19.7628398137167,0.224577725155872
"5697",-105.375,47.125,-105.125,46.875,"8","79",482,221.537423513364,0.459621210608639
"5698",-105.375,46.875,-105.125,46.625,"9","79",277,130.926562659442,0.472659070972716
"5699",-105.375,46.625,-105.125,46.375,"10","79",7843,3371.40256988042,0.429861350233382
"5700",-105.375,46.375,-105.125,46.125,"11","79",3729,1487.36344912136,0.398863890888002
"5701",-105.375,46.125,-105.125,45.875,"12","79",137,61.7746453508735,0.450909820079368
"5702",-105.375,45.875,-105.125,45.625,"13","79",2,0.651991151273251,0.325995575636625
"5703",-105.375,45.625,-105.125,45.375,"14","79",21,5.46436391398311,0.260207805427767
"5704",-105.375,45.375,-105.125,45.125,"15","79",2704,983.81536811078,0.363837044419667
"5705",-105.375,45.125,-105.125,44.875,"16","79",3282,1297.77828942286,0.395423001042918
"5706",-105.375,44.875,-105.125,44.625,"17","79",14887,5478.71663625209,0.368020194549076
"5707",-105.375,44.625,-105.125,44.375,"18","79",12584,4428.70901680036,0.351931740050887
"5708",-105.375,44.375,-105.125,44.125,"19","79",5155,1564.42219274605,0.303476662026392
"5709",-105.375,44.125,-105.125,43.875,"20","79",3160,920.087368384236,0.291166888729189
"5710",-105.375,43.875,-105.125,43.625,"21","79",1878,817.056666329503,0.435067447459799
"5711",-105.375,43.625,-105.125,43.375,"22","79",584,285.61252427334,0.489062541563938
"5712",-105.375,43.375,-105.125,43.125,"23","79",0,0,
"5713",-105.375,43.125,-105.125,42.875,"24","79",0,0,
"5714",-105.375,42.875,-105.125,42.625,"25","79",252,107.686061902903,0.427325642471837
"5715",-105.375,42.625,-105.125,42.375,"26","79",30025,145926.479239827,4.86016583646386
"5716",-105.375,42.375,-105.125,42.125,"27","79",62196,191292.186215939,3.0756348674503
"5717",-105.375,42.125,-105.125,41.875,"28","79",78300,297315.444443464,3.79713211294334
"5718",-105.375,41.875,-105.125,41.625,"29","79",8580,21315.0672682258,2.48427357438529
"5719",-105.375,41.625,-105.125,41.375,"30","79",6970,19894.0825354113,2.85424426619961
"5720",-105.375,41.375,-105.125,41.125,"31","79",51899,204069.869675222,3.93205783686049
"5721",-105.375,41.125,-105.125,40.875,"32","79",24926,58406.956883168,2.34321418932713
"5722",-105.375,40.875,-105.125,40.625,"33","79",63733,158809.62599943,2.49179586712425
"5723",-105.375,40.625,-105.125,40.375,"34","79",235404,1353448.20552801,5.74946987106427
"5724",-105.375,40.375,-105.125,40.125,"35","79",170036,1008829.09070755,5.93303236201483
"5725",-105.375,40.125,-105.125,39.875,"36","79",171655,1211557.87222499,7.05809834974215
"5726",-105.375,39.875,-105.125,39.625,"37","79",217102,1513691.56855988,6.97225989884883
"5727",-105.375,39.625,-105.125,39.375,"38","79",430793,2980942.41605311,6.91966307728562
"5728",-105.375,39.375,-105.125,39.125,"39","79",376686,2073593.41401644,5.50483270951519
"5729",-105.375,39.125,-105.125,38.875,"40","79",428446,3663265.70798078,8.5501223210878
"5730",-105.375,38.875,-105.125,38.625,"41","79",353232,2821678.49282971,7.988173474741
"5731",-105.375,38.625,-105.125,38.375,"42","79",185380,906098.963671045,4.88779244617027
"5732",-105.375,38.375,-105.125,38.125,"43","79",404260,3297133.95476181,8.15597376629351
"5733",-105.375,38.125,-105.125,37.875,"44","79",284422,2111582.65670886,7.42411858684934
"5734",-105.375,37.875,-105.125,37.625,"45","79",225924,1452829.23955228,6.43061046879604
"5735",-105.375,37.625,-105.125,37.375,"46","79",427510,4115575.55629698,9.62685213514767
"5736",-105.375,37.375,-105.125,37.125,"47","79",354492,2434475.92675276,6.86750597122856
"5737",-105.375,37.125,-105.125,36.875,"48","79",456547,3460631.19863552,7.58001081736497
"5738",-105.375,36.875,-105.125,36.625,"49","79",560580,5750613.42695711,10.2583278514344
"5739",-105.375,36.625,-105.125,36.375,"50","79",544442,6852421.82339635,12.5861374093041
"5740",-105.375,36.375,-105.125,36.125,"51","79",598814,6994913.04065283,11.6812783947149
"5741",-105.375,36.125,-105.125,35.875,"52","79",414810,2590744.11278793,6.24561633708911
"5742",-105.375,35.875,-105.125,35.625,"53","79",290078,1095032.79789144,3.77495983111934
"5743",-105.375,35.625,-105.125,35.375,"54","79",120491,122531.56082131,1.01693537958279
"5744",-105.375,35.375,-105.125,35.125,"55","79",28476,14037.8160248155,0.49297008093888
"5745",-105.375,35.125,-105.125,34.875,"56","79",4844,2382.60414830843,0.491867082640057
"5746",-105.375,34.875,-105.125,34.625,"57","79",821,211.873339768877,0.25806740532141
"5747",-105.375,34.625,-105.125,34.375,"58","79",0,0,
"5748",-105.375,34.375,-105.125,34.125,"59","79",8,0.50414958037436,0.063018697546795
"5749",-105.375,34.125,-105.125,33.875,"60","79",74,29.3041517720558,0.396002050973727
"5750",-105.375,33.875,-105.125,33.625,"61","79",17030,28827.497498633,1.69274794472302
"5751",-105.375,33.625,-105.125,33.375,"62","79",93452,618024.723944449,6.61328515114122
"5752",-105.375,33.375,-105.125,33.125,"63","79",5037,3621.77540873392,0.719034228456207
"5753",-105.375,33.125,-105.125,32.875,"64","79",25900,33013.7941679939,1.27466386749011
"5754",-105.375,32.875,-105.125,32.625,"65","79",24922,33673.71949521,1.35116441277626
"5755",-105.375,32.625,-105.125,32.375,"66","79",496,285.315759849967,0.575233386794289
"5756",-105.375,32.375,-105.125,32.125,"67","79",0,0,
"5757",-105.375,32.125,-105.125,31.875,"68","79",0,0,
"5758",-105.375,31.875,-105.125,31.625,"69","79",0,0,
"5759",-105.375,31.625,-105.125,31.375,"70","79",0,0,
"5760",-105.375,31.375,-105.125,31.125,"71","79",0,0,
"5761",-105.125,49.125,-104.875,48.875,"0","80",31,8.87132134661078,0.286171656342283
"5762",-105.125,48.875,-104.875,48.625,"1","80",146,155.988945944235,1.06841743797421
"5763",-105.125,48.625,-104.875,48.375,"2","80",6,3.32518131285906,0.55419688547651
"5764",-105.125,48.375,-104.875,48.125,"3","80",0,0,
"5765",-105.125,48.125,-104.875,47.875,"4","80",180,45.422926582396,0.252349592124422
"5766",-105.125,47.875,-104.875,47.625,"5","80",58,16.6485346481204,0.287043700829662
"5767",-105.125,47.625,-104.875,47.375,"6","80",31,8.03692251071334,0.259255564861721
"5768",-105.125,47.375,-104.875,47.125,"7","80",23,11.2657225802541,0.489814025228438
"5769",-105.125,47.125,-104.875,46.875,"8","80",13,10.5185194909573,0.809116883919789
"5770",-105.125,46.875,-104.875,46.625,"9","80",25,9.07128841802478,0.362851536720991
"5771",-105.125,46.625,-104.875,46.375,"10","80",7228,3375.85360494978,0.467052241968702
"5772",-105.125,46.375,-104.875,46.125,"11","80",28360,15303.5257719226,0.539616564595297
"5773",-105.125,46.125,-104.875,45.875,"12","80",107,42.0989759583026,0.393448373442081
"5774",-105.125,45.875,-104.875,45.625,"13","80",1018,323.163850626908,0.317449755036256
"5775",-105.125,45.625,-104.875,45.375,"14","80",239,65.8870756141841,0.275678140645122
"5776",-105.125,45.375,-104.875,45.125,"15","80",25626,10642.0844854239,0.415284651737451
"5777",-105.125,45.125,-104.875,44.875,"16","80",21435,11352.7562823602,0.529636402256131
"5778",-105.125,44.875,-104.875,44.625,"17","80",1540,376.502292097546,0.244482007855549
"5779",-105.125,44.625,-104.875,44.375,"18","80",6068,2246.5138668377,0.370223115826911
"5780",-105.125,44.375,-104.875,44.125,"19","80",1,0.0504736341536045,0.0504736341536045
"5781",-105.125,44.125,-104.875,43.875,"20","80",10023,4139.22846323642,0.412973008404312
"5782",-105.125,43.875,-104.875,43.625,"21","80",1932,854.576242800802,0.442327247826502
"5783",-105.125,43.625,-104.875,43.375,"22","80",1561,742.747043852229,0.475814890360172
"5784",-105.125,43.375,-104.875,43.125,"23","80",1650,1270.01778402738,0.769707747895383
"5785",-105.125,43.125,-104.875,42.875,"24","80",2693,873.663532827049,0.324420175576327
"5786",-105.125,42.875,-104.875,42.625,"25","80",6824,2977.20836038771,0.436284929716839
"5787",-105.125,42.625,-104.875,42.375,"26","80",16236,9995.61415580419,0.615645119229132
"5788",-105.125,42.375,-104.875,42.125,"27","80",6791,3444.71172611761,0.507246609647712
"5789",-105.125,42.125,-104.875,41.875,"28","80",23,17.5090564627899,0.761263324469125
"5790",-105.125,41.875,-104.875,41.625,"29","80",972,3257.31061283546,3.35114260579779
"5791",-105.125,41.625,-104.875,41.375,"30","80",125,113.542895129416,0.908343161035329
"5792",-105.125,41.375,-104.875,41.125,"31","80",22,39.0282846093178,1.77401293678717
"5793",-105.125,41.125,-104.875,40.875,"32","80",5,7.37471413612366,1.47494282722473
"5794",-105.125,40.875,-104.875,40.625,"33","80",14,14.9425950050354,1.06732821464539
"5795",-105.125,40.625,-104.875,40.375,"34","80",4,2.74821098148823,0.687052745372057
"5796",-105.125,40.375,-104.875,40.125,"35","80",1,0.233750820159912,0.233750820159912
"5797",-105.125,40.125,-104.875,39.875,"36","80",5,3.96797350421548,0.793594700843096
"5798",-105.125,39.875,-104.875,39.625,"37","80",3,2.10063877701759,0.700212925672531
"5799",-105.125,39.625,-104.875,39.375,"38","80",54630,350437.998490763,6.41475377065281
"5800",-105.125,39.375,-104.875,39.125,"39","80",372737,3855798.88775933,10.3445563165431
"5801",-105.125,39.125,-104.875,38.875,"40","80",475401,5191125.59514506,10.9194671343667
"5802",-105.125,38.875,-104.875,38.625,"41","80",475897,5132038.56720087,10.7839271254092
"5803",-105.125,38.625,-104.875,38.375,"42","80",174363,861633.308934084,4.94160635532816
"5804",-105.125,38.375,-104.875,38.125,"43","80",70396,237377.85276563,3.37203609247159
"5805",-105.125,38.125,-104.875,37.875,"44","80",396416,3183041.01182993,8.02954727314218
"5806",-105.125,37.875,-104.875,37.625,"45","80",135337,838508.870843389,6.19571049190827
"5807",-105.125,37.625,-104.875,37.375,"46","80",213696,1769079.35350131,8.27848604326383
"5808",-105.125,37.375,-104.875,37.125,"47","80",525839,4167495.87820348,7.92542180820266
"5809",-105.125,37.125,-104.875,36.875,"48","80",544579,3901583.11376455,7.16440243521059
"5810",-105.125,36.875,-104.875,36.625,"49","80",483243,2119247.30764563,4.38546923110243
"5811",-105.125,36.625,-104.875,36.375,"50","80",417444,3185972.77583859,7.63209622329844
"5812",-105.125,36.375,-104.875,36.125,"51","80",348239,2668049.73213072,7.6615477649853
"5813",-105.125,36.125,-104.875,35.875,"52","80",84600,136447.732873421,1.61285736256998
"5814",-105.125,35.875,-104.875,35.625,"53","80",11023,8377.93342604756,0.760041134541192
"5815",-105.125,35.625,-104.875,35.375,"54","80",40183,22578.839038973,0.561900282183336
"5816",-105.125,35.375,-104.875,35.125,"55","80",6730,4042.07827277077,0.600605984066979
"5817",-105.125,35.125,-104.875,34.875,"56","80",179,256.638961137505,1.43373721305869
"5818",-105.125,34.875,-104.875,34.625,"57","80",2006,778.874823136415,0.388272593786847
"5819",-105.125,34.625,-104.875,34.375,"58","80",0,0,
"5820",-105.125,34.375,-104.875,34.125,"59","80",0,0,
"5821",-105.125,34.125,-104.875,33.875,"60","80",0,0,
"5822",-105.125,33.875,-104.875,33.625,"61","80",0,0,
"5823",-105.125,33.625,-104.875,33.375,"62","80",25,6.55036735907197,0.262014694362879
"5824",-105.125,33.375,-104.875,33.125,"63","80",0,0,
"5825",-105.125,33.125,-104.875,32.875,"64","80",0,0,
"5826",-105.125,32.875,-104.875,32.625,"65","80",206,66.5929724844173,0.323266856720472
"5827",-105.125,32.625,-104.875,32.375,"66","80",7458,3970.46764615524,0.532376997339131
"5828",-105.125,32.375,-104.875,32.125,"67","80",143,111.26002466213,0.778042130504403
"5829",-105.125,32.125,-104.875,31.875,"68","80",190,126.082807531406,0.663593723849504
"5830",-105.125,31.875,-104.875,31.625,"69","80",28,29.9489121269435,1.0696040045337
"5831",-105.125,31.625,-104.875,31.375,"70","80",27,46.7160189151764,1.73022292278431
"5832",-105.125,31.375,-104.875,31.125,"71","80",1,1.7202376127243,1.7202376127243
"5833",-104.875,49.125,-104.625,48.875,"0","81",9,13.9712602198124,1.55236224664582
"5834",-104.875,48.875,-104.625,48.625,"1","81",139,68.134407909587,0.490175596471849
"5835",-104.875,48.625,-104.625,48.375,"2","81",5,5.33358091115952,1.0667161822319
"5836",-104.875,48.375,-104.625,48.125,"3","81",2,0.100589662790298,0.0502948313951492
"5837",-104.875,48.125,-104.625,47.875,"4","81",4,1.51072511076927,0.377681277692318
"5838",-104.875,47.875,-104.625,47.625,"5","81",20,38.3687868081033,1.91843934040517
"5839",-104.875,47.625,-104.625,47.375,"6","81",100,46.4856089362875,0.464856089362875
"5840",-104.875,47.375,-104.625,47.125,"7","81",255,82.8931821697624,0.325071302626519
"5841",-104.875,47.125,-104.625,46.875,"8","81",3171,1578.75385970657,0.497872551153129
"5842",-104.875,46.875,-104.625,46.625,"9","81",265,121.182286325842,0.457291646512612
"5843",-104.875,46.625,-104.625,46.375,"10","81",29,13.900468878448,0.479326513049931
"5844",-104.875,46.375,-104.625,46.125,"11","81",2617,1058.57555206981,0.40449963777983
"5845",-104.875,46.125,-104.625,45.875,"12","81",89,22.9997380562127,0.258424023103513
"5846",-104.875,45.875,-104.625,45.625,"13","81",21097,10711.9084014073,0.507745575266972
"5847",-104.875,45.625,-104.625,45.375,"14","81",774,197.430863895919,0.255078635524443
"5848",-104.875,45.375,-104.625,45.125,"15","81",0,0,
"5849",-104.875,45.125,-104.625,44.875,"16","81",1786,648.517714774003,0.363111822381861
"5850",-104.875,44.875,-104.625,44.625,"17","81",29156,20574.5468666349,0.705671109433219
"5851",-104.875,44.625,-104.625,44.375,"18","81",6620,3035.32969683221,0.45850901764837
"5852",-104.875,44.375,-104.625,44.125,"19","81",15624,5184.71682906762,0.331843115019689
"5853",-104.875,44.125,-104.625,43.875,"20","81",972,280.524528315291,0.288605481805855
"5854",-104.875,43.875,-104.625,43.625,"21","81",0,0,
"5855",-104.875,43.625,-104.625,43.375,"22","81",116,31.4433660423383,0.271063500364985
"5856",-104.875,43.375,-104.625,43.125,"23","81",1,0.512070655822754,0.512070655822754
"5857",-104.875,43.125,-104.625,42.875,"24","81",512,166.821182076703,0.32582262124356
"5858",-104.875,42.875,-104.625,42.625,"25","81",1841,922.523738697055,0.501099260563311
"5859",-104.875,42.625,-104.625,42.375,"26","81",6984,4547.95369657894,0.651196119212335
"5860",-104.875,42.375,-104.625,42.125,"27","81",6754,5291.86197953467,0.783515247191986
"5861",-104.875,42.125,-104.625,41.875,"28","81",207,153.781955230981,0.742907996284933
"5862",-104.875,41.875,-104.625,41.625,"29","81",44,39.9619766821852,0.908226742776936
"5863",-104.875,41.625,-104.625,41.375,"30","81",2,2.35502052307129,1.17751026153564
"5864",-104.875,41.375,-104.625,41.125,"31","81",6,7.28206843137741,1.21367807189624
"5865",-104.875,41.125,-104.625,40.875,"32","81",1,2.83576655387878,2.83576655387878
"5866",-104.875,40.875,-104.625,40.625,"33","81",3,0.930550150573254,0.310183383524418
"5867",-104.875,40.625,-104.625,40.375,"34","81",11,6.46107840538025,0.587370764125477
"5868",-104.875,40.375,-104.625,40.125,"35","81",3,4.48570656776428,1.49523552258809
"5869",-104.875,40.125,-104.625,39.875,"36","81",0,0,
"5870",-104.875,39.875,-104.625,39.625,"37","81",2,2.26106059551239,1.1305302977562
"5871",-104.875,39.625,-104.625,39.375,"38","81",8437,11872.7100603314,1.40721939792952
"5872",-104.875,39.375,-104.625,39.125,"39","81",27956,71878.693783425,2.57113656400862
"5873",-104.875,39.125,-104.625,38.875,"40","81",67495,201528.013138598,2.98582136659898
"5874",-104.875,38.875,-104.625,38.625,"41","81",34163,258192.952653385,7.55767797480855
"5875",-104.875,38.625,-104.625,38.375,"42","81",7381,8505.51443790644,1.15235258608677
"5876",-104.875,38.375,-104.625,38.125,"43","81",9,10.2916144132614,1.1435127125846
"5877",-104.875,38.125,-104.625,37.875,"44","81",942,1047.45396763086,1.1119468870816
"5878",-104.875,37.875,-104.625,37.625,"45","81",1195,1071.91663054237,0.897001364470604
"5879",-104.875,37.625,-104.625,37.375,"46","81",124876,302725.920025917,2.4242121786886
"5880",-104.875,37.375,-104.625,37.125,"47","81",339279,969673.901198396,2.85804279427373
"5881",-104.875,37.125,-104.625,36.875,"48","81",536160,2246448.42315649,4.18988440606628
"5882",-104.875,36.875,-104.625,36.625,"49","81",453078,1705341.5272829,3.76390274363995
"5883",-104.875,36.625,-104.625,36.375,"50","81",29684,76416.2187150197,2.57432349801306
"5884",-104.875,36.375,-104.625,36.125,"51","81",12237,15891.3693916487,1.29863278513105
"5885",-104.875,36.125,-104.625,35.875,"52","81",21918,15433.6428073265,0.704153791738594
"5886",-104.875,35.875,-104.625,35.625,"53","81",10546,5242.51080651097,0.497108932913993
"5887",-104.875,35.625,-104.625,35.375,"54","81",17063,7871.60973312786,0.461326245861095
"5888",-104.875,35.375,-104.625,35.125,"55","81",0,0,
"5889",-104.875,35.125,-104.625,34.875,"56","81",25,6.24370091897435,0.249748036758974
"5890",-104.875,34.875,-104.625,34.625,"57","81",60,17.455240891315,0.290920681521917
"5891",-104.875,34.625,-104.625,34.375,"58","81",0,0,
"5892",-104.875,34.375,-104.625,34.125,"59","81",0,0,
"5893",-104.875,34.125,-104.625,33.875,"60","81",0,0,
"5894",-104.875,33.875,-104.625,33.625,"61","81",0,0,
"5895",-104.875,33.625,-104.625,33.375,"62","81",0,0,
"5896",-104.875,33.375,-104.625,33.125,"63","81",0,0,
"5897",-104.875,33.125,-104.625,32.875,"64","81",0,0,
"5898",-104.875,32.875,-104.625,32.625,"65","81",0,0,
"5899",-104.875,32.625,-104.625,32.375,"66","81",0,0,
"5900",-104.875,32.375,-104.625,32.125,"67","81",7879,16537.6425782932,2.09895197084569
"5901",-104.875,32.125,-104.625,31.875,"68","81",15761,51494.1034366758,3.26718504134737
"5902",-104.875,31.875,-104.625,31.625,"69","81",84,11.9702830491588,0.142503369632842
"5903",-104.875,31.625,-104.625,31.375,"70","81",0,0,
"5904",-104.875,31.375,-104.625,31.125,"71","81",12,20.0206207036972,1.66838505864143
"5905",-104.625,49.125,-104.375,48.875,"0","82",0,0,
"5906",-104.625,48.875,-104.375,48.625,"1","82",0,0,
"5907",-104.625,48.625,-104.375,48.375,"2","82",0,0,
"5908",-104.625,48.375,-104.375,48.125,"3","82",6,1.3551417067647,0.22585695112745
"5909",-104.625,48.125,-104.375,47.875,"4","82",260,105.329477102496,0.405113373471137
"5910",-104.625,47.875,-104.375,47.625,"5","82",12,1.60243842378259,0.133536535315216
"5911",-104.625,47.625,-104.375,47.375,"6","82",39,18.6902751922607,0.479237825442583
"5912",-104.625,47.375,-104.375,47.125,"7","82",626,276.704706756864,0.442020298333648
"5913",-104.625,47.125,-104.375,46.875,"8","82",877,435.942475848831,0.497083780899465
"5914",-104.625,46.875,-104.375,46.625,"9","82",7719,3887.52727207833,0.503630945987605
"5915",-104.625,46.625,-104.375,46.375,"10","82",286,138.391128062503,0.483885063155606
"5916",-104.625,46.375,-104.375,46.125,"11","82",247,106.823014631867,0.432481840614848
"5917",-104.625,46.125,-104.375,45.875,"12","82",11944,4757.84396998343,0.398345945243087
"5918",-104.625,45.875,-104.375,45.625,"13","82",14543,6533.1714937355,0.449231347984288
"5919",-104.625,45.625,-104.375,45.375,"14","82",1,0.117622375488281,0.117622375488281
"5920",-104.625,45.375,-104.375,45.125,"15","82",0,0,
"5921",-104.625,45.125,-104.375,44.875,"16","82",6135,2325.42434504442,0.379042273030875
"5922",-104.625,44.875,-104.375,44.625,"17","82",1133,529.859587384417,0.467660712607605
"5923",-104.625,44.625,-104.375,44.375,"18","82",0,0,
"5924",-104.625,44.375,-104.375,44.125,"19","82",5598,2378.22654018318,0.424835037546121
"5925",-104.625,44.125,-104.375,43.875,"20","82",18788,8693.28610459028,0.46270417844317
"5926",-104.625,43.875,-104.375,43.625,"21","82",0,0,
"5927",-104.625,43.625,-104.375,43.375,"22","82",46,16.3484045863152,0.355400099702503
"5928",-104.625,43.375,-104.375,43.125,"23","82",2916,863.162147829076,0.296008967019573
"5929",-104.625,43.125,-104.375,42.875,"24","82",8752,4156.1663729882,0.47488189819335
"5930",-104.625,42.875,-104.375,42.625,"25","82",8330,4346.42608903315,0.521779842621026
"5931",-104.625,42.625,-104.375,42.375,"26","82",4306,3760.95189899837,0.873421249186802
"5932",-104.625,42.375,-104.375,42.125,"27","82",1509,913.26780383673,0.605213919043559
"5933",-104.625,42.125,-104.375,41.875,"28","82",34,21.7661586254835,0.640181136043633
"5934",-104.625,41.875,-104.375,41.625,"29","82",506,772.862333815967,1.52739591663235
"5935",-104.625,41.625,-104.375,41.375,"30","82",5,3.82709953188896,0.765419906377792
"5936",-104.625,41.375,-104.375,41.125,"31","82",20,26.8972001671791,1.34486000835896
"5937",-104.625,41.125,-104.375,40.875,"32","82",11,11.4758937060833,1.04326306418939
"5938",-104.625,40.875,-104.375,40.625,"33","82",0,0,
"5939",-104.625,40.625,-104.375,40.375,"34","82",0,0,
"5940",-104.625,40.375,-104.375,40.125,"35","82",0,0,
"5941",-104.625,40.125,-104.375,39.875,"36","82",0,0,
"5942",-104.625,39.875,-104.375,39.625,"37","82",0,0,
"5943",-104.625,39.625,-104.375,39.375,"38","82",2976,5942.16350450736,1.99669472597694
"5944",-104.625,39.375,-104.375,39.125,"39","82",30069,72087.4529048117,2.39740107435604
"5945",-104.625,39.125,-104.375,38.875,"40","82",18254,78116.4344053427,4.27941461626727
"5946",-104.625,38.875,-104.375,38.625,"41","82",11,11.4390573501587,1.03991430455988
"5947",-104.625,38.625,-104.375,38.375,"42","82",0,0,
"5948",-104.625,38.375,-104.375,38.125,"43","82",0,0,
"5949",-104.625,38.125,-104.375,37.875,"44","82",304,352.999707907438,1.16118324969552
"5950",-104.625,37.875,-104.375,37.625,"45","82",726,823.671483635902,1.13453372401639
"5951",-104.625,37.625,-104.375,37.375,"46","82",352,377.992518503219,1.07384238211142
"5952",-104.625,37.375,-104.375,37.125,"47","82",131231,229114.761878732,1.74588901920074
"5953",-104.625,37.125,-104.375,36.875,"48","82",451000,1956657.78937358,4.33848733785716
"5954",-104.625,36.875,-104.375,36.625,"49","82",118968,436903.812483317,3.67244815818806
"5955",-104.625,36.625,-104.375,36.375,"50","82",1,1.1465539932251,1.1465539932251
"5956",-104.625,36.375,-104.375,36.125,"51","82",108,111.368065137416,1.03118578830941
"5957",-104.625,36.125,-104.375,35.875,"52","82",13946,15523.4579712674,1.11311185797128
"5958",-104.625,35.875,-104.375,35.625,"53","82",169,116.315519949421,0.688257514493617
"5959",-104.625,35.625,-104.375,35.375,"54","82",0,0,
"5960",-104.625,35.375,-104.375,35.125,"55","82",0,0,
"5961",-104.625,35.125,-104.375,34.875,"56","82",0,0,
"5962",-104.625,34.875,-104.375,34.625,"57","82",1,0.0480430796742439,0.0480430796742439
"5963",-104.625,34.625,-104.375,34.375,"58","82",0,0,
"5964",-104.625,34.375,-104.375,34.125,"59","82",0,0,
"5965",-104.625,34.125,-104.375,33.875,"60","82",0,0,
"5966",-104.625,33.875,-104.375,33.625,"61","82",0,0,
"5967",-104.625,33.625,-104.375,33.375,"62","82",0,0,
"5968",-104.625,33.375,-104.375,33.125,"63","82",0,0,
"5969",-104.625,33.125,-104.375,32.875,"64","82",0,0,
"5970",-104.625,32.875,-104.375,32.625,"65","82",0,0,
"5971",-104.625,32.625,-104.375,32.375,"66","82",1,1.78831827640533,1.78831827640533
"5972",-104.625,32.375,-104.375,32.125,"67","82",1999,2079.45494751655,1.04024759755706
"5973",-104.625,32.125,-104.375,31.875,"68","82",2,3.53406357765198,1.76703178882599
"5974",-104.625,31.875,-104.375,31.625,"69","82",0,0,
"5975",-104.625,31.625,-104.375,31.375,"70","82",0,0,
"5976",-104.625,31.375,-104.375,31.125,"71","82",15,9.1809456050396,0.612063040335973
"5977",-104.375,49.125,-104.125,48.875,"0","83",0,0,
"5978",-104.375,48.875,-104.125,48.625,"1","83",0,0,
"5979",-104.375,48.625,-104.125,48.375,"2","83",0,0,
"5980",-104.375,48.375,-104.125,48.125,"3","83",10,3.90007481724024,0.390007481724024
"5981",-104.375,48.125,-104.125,47.875,"4","83",522,185.861074612243,0.356055698490887
"5982",-104.375,47.875,-104.125,47.625,"5","83",28,7.05141066014767,0.251836095005274
"5983",-104.375,47.625,-104.125,47.375,"6","83",132,59.5647817291319,0.451248346432818
"5984",-104.375,47.375,-104.125,47.125,"7","83",103,37.7993377819657,0.366983861960832
"5985",-104.375,47.125,-104.125,46.875,"8","83",10,2.60197203606367,0.260197203606367
"5986",-104.375,46.875,-104.125,46.625,"9","83",821,367.019989843015,0.447040182512807
"5987",-104.375,46.625,-104.125,46.375,"10","83",443,157.176526966039,0.354800286605054
"5988",-104.375,46.375,-104.125,46.125,"11","83",5,0.784384416416287,0.156876883283257
"5989",-104.375,46.125,-104.125,45.875,"12","83",1497,534.423336543434,0.356996216795881
"5990",-104.375,45.875,-104.125,45.625,"13","83",13628,4683.89602875557,0.343696509301114
"5991",-104.375,45.625,-104.125,45.375,"14","83",11943,5913.87091874336,0.495174656178796
"5992",-104.375,45.375,-104.125,45.125,"15","83",36,13.5224258899689,0.375622941388024
"5993",-104.375,45.125,-104.125,44.875,"16","83",1927,690.569467191701,0.358365058220914
"5994",-104.375,44.875,-104.125,44.625,"17","83",5808,2184.70642864297,0.376154688127233
"5995",-104.375,44.625,-104.125,44.375,"18","83",0,0,
"5996",-104.375,44.375,-104.125,44.125,"19","83",0,0,
"5997",-104.375,44.125,-104.125,43.875,"20","83",2215,765.056794484844,0.34539810134756
"5998",-104.375,43.875,-104.125,43.625,"21","83",2230,662.246201473521,0.296971390795301
"5999",-104.375,43.625,-104.125,43.375,"22","83",0,0,
"6000",-104.375,43.375,-104.125,43.125,"23","83",1988,883.63570163399,0.444484759373234
"6001",-104.375,43.125,-104.125,42.875,"24","83",5128,2622.75674609811,0.511458023810084
"6002",-104.375,42.875,-104.125,42.625,"25","83",10222,5789.03077089734,0.566330539121243
"6003",-104.375,42.625,-104.125,42.375,"26","83",1,0.294413536787033,0.294413536787033
"6004",-104.375,42.375,-104.125,42.125,"27","83",16,13.5996435731649,0.849977723322809
"6005",-104.375,42.125,-104.125,41.875,"28","83",25,13.8851975239813,0.555407900959253
"6006",-104.375,41.875,-104.125,41.625,"29","83",56,58.4397775679827,1.04356745657112
"6007",-104.375,41.625,-104.125,41.375,"30","83",1153,837.225239028485,0.726127700805277
"6008",-104.375,41.375,-104.125,41.125,"31","83",4,2.14199122786522,0.535497806966305
"6009",-104.375,41.125,-104.125,40.875,"32","83",0,0,
"6010",-104.375,40.875,-104.125,40.625,"33","83",0,0,
"6011",-104.375,40.625,-104.125,40.375,"34","83",0,0,
"6012",-104.375,40.375,-104.125,40.125,"35","83",0,0,
"6013",-104.375,40.125,-104.125,39.875,"36","83",0,0,
"6014",-104.375,39.875,-104.125,39.625,"37","83",1,1.64344477653503,1.64344477653503
"6015",-104.375,39.625,-104.125,39.375,"38","83",5502,7112.26838502564,1.29266964467932
"6016",-104.375,39.375,-104.125,39.125,"39","83",3377,3689.89226282477,1.09265391259247
"6017",-104.375,39.125,-104.125,38.875,"40","83",206,244.891016876325,1.18879134405983
"6018",-104.375,38.875,-104.125,38.625,"41","83",5,5.52501010894775,1.10500202178955
"6019",-104.375,38.625,-104.125,38.375,"42","83",0,0,
"6020",-104.375,38.375,-104.125,38.125,"43","83",0,0,
"6021",-104.375,38.125,-104.125,37.875,"44","83",1,1.17052233219147,1.17052233219147
"6022",-104.375,37.875,-104.125,37.625,"45","83",31,34.0659974068403,1.09890314215614
"6023",-104.375,37.625,-104.125,37.375,"46","83",3,3.65166997909546,1.21722332636515
"6024",-104.375,37.375,-104.125,37.125,"47","83",618,669.079309046268,1.08265260363474
"6025",-104.375,37.125,-104.125,36.875,"48","83",164875,589951.215080965,3.57817264643496
"6026",-104.375,36.875,-104.125,36.625,"49","83",34350,73720.444810281,2.14615559855258
"6027",-104.375,36.625,-104.125,36.375,"50","83",54327,143030.29439396,2.6327662928923
"6028",-104.375,36.375,-104.125,36.125,"51","83",2,2.35308563709259,1.1765428185463
"6029",-104.375,36.125,-104.125,35.875,"52","83",135,150.772615045309,1.11683418552081
"6030",-104.375,35.875,-104.125,35.625,"53","83",70,81.308012008667,1.16154302869524
"6031",-104.375,35.625,-104.125,35.375,"54","83",0,0,
"6032",-104.375,35.375,-104.125,35.125,"55","83",0,0,
"6033",-104.375,35.125,-104.125,34.875,"56","83",0,0,
"6034",-104.375,34.875,-104.125,34.625,"57","83",0,0,
"6035",-104.375,34.625,-104.125,34.375,"58","83",0,0,
"6036",-104.375,34.375,-104.125,34.125,"59","83",0,0,
"6037",-104.375,34.125,-104.125,33.875,"60","83",0,0,
"6038",-104.375,33.875,-104.125,33.625,"61","83",0,0,
"6039",-104.375,33.625,-104.125,33.375,"62","83",0,0,
"6040",-104.375,33.375,-104.125,33.125,"63","83",0,0,
"6041",-104.375,33.125,-104.125,32.875,"64","83",0,0,
"6042",-104.375,32.875,-104.125,32.625,"65","83",0,0,
"6043",-104.375,32.625,-104.125,32.375,"66","83",40,68.0076011419296,1.70019002854824
"6044",-104.375,32.375,-104.125,32.125,"67","83",4,7.01353073120117,1.75338268280029
"6045",-104.375,32.125,-104.125,31.875,"68","83",0,0,
"6046",-104.375,31.875,-104.125,31.625,"69","83",0,0,
"6047",-104.375,31.625,-104.125,31.375,"70","83",0,0,
"6048",-104.375,31.375,-104.125,31.125,"71","83",1,0.353181838989258,0.353181838989258
"6049",-104.125,49.125,-103.875,48.875,"0","84",0,0,
"6050",-104.125,48.875,-103.875,48.625,"1","84",1,0.562487900257111,0.562487900257111
"6051",-104.125,48.625,-103.875,48.375,"2","84",2,0.929603964090347,0.464801982045174
"6052",-104.125,48.375,-103.875,48.125,"3","84",4,0.453703183680773,0.113425795920193
"6053",-104.125,48.125,-103.875,47.875,"4","84",162,68.1540038771927,0.420703727636992
"6054",-104.125,47.875,-103.875,47.625,"5","84",80,29.889963420108,0.373624542751349
"6055",-104.125,47.625,-103.875,47.375,"6","84",53,12.6509328968823,0.238696847110987
"6056",-104.125,47.375,-103.875,47.125,"7","84",24,7.15986207127571,0.298327586303155
"6057",-104.125,47.125,-103.875,46.875,"8","84",29,11.3373507903889,0.390943130703065
"6058",-104.125,46.875,-103.875,46.625,"9","84",10,5.73121023178101,0.573121023178101
"6059",-104.125,46.625,-103.875,46.375,"10","84",85,32.3613851945847,0.38072217875982
"6060",-104.125,46.375,-103.875,46.125,"11","84",3,1.39667651057243,0.465558836857478
"6061",-104.125,46.125,-103.875,45.875,"12","84",169,56.9665035577491,0.337079902708575
"6062",-104.125,45.875,-103.875,45.625,"13","84",1594,462.677105990471,0.29026167251598
"6063",-104.125,45.625,-103.875,45.375,"14","84",4829,2027.80228386362,0.419921781707108
"6064",-104.125,45.375,-103.875,45.125,"15","84",1352,675.730766637484,0.499800862897547
"6065",-104.125,45.125,-103.875,44.875,"16","84",1,0.531728506088257,0.531728506088257
"6066",-104.125,44.875,-103.875,44.625,"17","84",5339,3037.37402806681,0.568903170643719
"6067",-104.125,44.625,-103.875,44.375,"18","84",1978,1762.69343547142,0.891149360703447
"6068",-104.125,44.375,-103.875,44.125,"19","84",0,0,
"6069",-104.125,44.125,-103.875,43.875,"20","84",0,0,
"6070",-104.125,43.875,-103.875,43.625,"21","84",1203,386.885560204275,0.321600631923753
"6071",-104.125,43.625,-103.875,43.375,"22","84",5249,2019.33299372229,0.384708133686852
"6072",-104.125,43.375,-103.875,43.125,"23","84",5,1.98230160027742,0.396460320055485
"6073",-104.125,43.125,-103.875,42.875,"24","84",396,226.510229070671,0.57199552795624
"6074",-104.125,42.875,-103.875,42.625,"25","84",11154,21843.7741740507,1.95838032760002
"6075",-104.125,42.625,-103.875,42.375,"26","84",0,0,
"6076",-104.125,42.375,-103.875,42.125,"27","84",1,1.25226330757141,1.25226330757141
"6077",-104.125,42.125,-103.875,41.875,"28","84",2,0.80377385020256,0.40188692510128
"6078",-104.125,41.875,-103.875,41.625,"29","84",983,640.499496009434,0.651576292990268
"6079",-104.125,41.625,-103.875,41.375,"30","84",1787,1540.52261525718,0.862071972723663
"6080",-104.125,41.375,-103.875,41.125,"31","84",53,24.5652677332982,0.463495617609401
"6081",-104.125,41.125,-103.875,40.875,"32","84",42,16.2170215717051,0.386119561231074
"6082",-104.125,40.875,-103.875,40.625,"33","84",0,0,
"6083",-104.125,40.625,-103.875,40.375,"34","84",5,0.739696137607098,0.14793922752142
"6084",-104.125,40.375,-103.875,40.125,"35","84",2,0.138957068324089,0.0694785341620445
"6085",-104.125,40.125,-103.875,39.875,"36","84",0,0,
"6086",-104.125,39.875,-103.875,39.625,"37","84",0,0,
"6087",-104.125,39.625,-103.875,39.375,"38","84",8,4.82473864406347,0.603092330507934
"6088",-104.125,39.375,-103.875,39.125,"39","84",3,3.38853073120117,1.12951024373372
"6089",-104.125,39.125,-103.875,38.875,"40","84",12,29.1446608304977,2.42872173587481
"6090",-104.125,38.875,-103.875,38.625,"41","84",18,17.6828758120537,0.982381989558538
"6091",-104.125,38.625,-103.875,38.375,"42","84",0,0,
"6092",-104.125,38.375,-103.875,38.125,"43","84",0,0,
"6093",-104.125,38.125,-103.875,37.875,"44","84",0,0,
"6094",-104.125,37.875,-103.875,37.625,"45","84",0,0,
"6095",-104.125,37.625,-103.875,37.375,"46","84",8,9.61886858940125,1.20235857367516
"6096",-104.125,37.375,-103.875,37.125,"47","84",226,241.074908673763,1.06670313572462
"6097",-104.125,37.125,-103.875,36.875,"48","84",71016,188250.191309487,2.65081377871869
"6098",-104.125,36.875,-103.875,36.625,"49","84",33059,83958.0600365902,2.5396430635104
"6099",-104.125,36.625,-103.875,36.375,"50","84",2590,2896.49195297435,1.11833666138006
"6100",-104.125,36.375,-103.875,36.125,"51","84",75,77.8047335743904,1.03739644765854
"6101",-104.125,36.125,-103.875,35.875,"52","84",56,62.5112453103065,1.11627223768405
"6102",-104.125,35.875,-103.875,35.625,"53","84",107,123.013190329075,1.14965598438388
"6103",-104.125,35.625,-103.875,35.375,"54","84",0,0,
"6104",-104.125,35.375,-103.875,35.125,"55","84",0,0,
"6105",-104.125,35.125,-103.875,34.875,"56","84",0,0,
"6106",-104.125,34.875,-103.875,34.625,"57","84",0,0,
"6107",-104.125,34.625,-103.875,34.375,"58","84",0,0,
"6108",-104.125,34.375,-103.875,34.125,"59","84",0,0,
"6109",-104.125,34.125,-103.875,33.875,"60","84",0,0,
"6110",-104.125,33.875,-103.875,33.625,"61","84",0,0,
"6111",-104.125,33.625,-103.875,33.375,"62","84",0,0,
"6112",-104.125,33.375,-103.875,33.125,"63","84",0,0,
"6113",-104.125,33.125,-103.875,32.875,"64","84",0,0,
"6114",-104.125,32.875,-103.875,32.625,"65","84",0,0,
"6115",-104.125,32.625,-103.875,32.375,"66","84",0,0,
"6116",-104.125,32.375,-103.875,32.125,"67","84",6,9.9840247631073,1.66400412718455
"6117",-104.125,32.125,-103.875,31.875,"68","84",1,1.81203866004944,1.81203866004944
"6118",-104.125,31.875,-103.875,31.625,"69","84",0,0,
"6119",-104.125,31.625,-103.875,31.375,"70","84",0,0,
"6120",-104.125,31.375,-103.875,31.125,"71","84",0,0,
"6121",-103.875,49.125,-103.625,48.875,"0","85",0,0,
"6122",-103.875,48.875,-103.625,48.625,"1","85",2,1.31866616010666,0.659333080053329
"6123",-103.875,48.625,-103.625,48.375,"2","85",15,6.21333270706236,0.414222180470824
"6124",-103.875,48.375,-103.625,48.125,"3","85",54,23.8842002940364,0.442300005445119
"6125",-103.875,48.125,-103.625,47.875,"4","85",38,24.8783856667578,0.654694359651522
"6126",-103.875,47.875,-103.625,47.625,"5","85",7,11.5030195862055,1.64328851231507
"6127",-103.875,47.625,-103.625,47.375,"6","85",133,34.7612778851762,0.261362991617866
"6128",-103.875,47.375,-103.625,47.125,"7","85",210,76.9843767788261,0.366592270375362
"6129",-103.875,47.125,-103.625,46.875,"8","85",32,15.2281525805593,0.475879768142477
"6130",-103.875,46.875,-103.625,46.625,"9","85",36,10.1842394554988,0.282895540430521
"6131",-103.875,46.625,-103.625,46.375,"10","85",308,135.544453325216,0.440079393913038
"6132",-103.875,46.375,-103.625,46.125,"11","85",13,6.29441389255226,0.484185684042481
"6133",-103.875,46.125,-103.625,45.875,"12","85",15,2.94260561652482,0.196173707768321
"6134",-103.875,45.875,-103.625,45.625,"13","85",0,0,
"6135",-103.875,45.625,-103.625,45.375,"14","85",1164,609.772643031465,0.52385965896174
"6136",-103.875,45.375,-103.625,45.125,"15","85",3697,1857.24032166306,0.502364165989468
"6137",-103.875,45.125,-103.625,44.875,"16","85",0,0,
"6138",-103.875,44.875,-103.625,44.625,"17","85",211,99.9816977418959,0.473846908729365
"6139",-103.875,44.625,-103.625,44.375,"18","85",437,203.037724638358,0.464617218852077
"6140",-103.875,44.375,-103.625,44.125,"19","85",0,0,
"6141",-103.875,44.125,-103.625,43.875,"20","85",0,0,
"6142",-103.875,43.875,-103.625,43.625,"21","85",0,0,
"6143",-103.875,43.625,-103.625,43.375,"22","85",1093,394.195216537162,0.360654360967212
"6144",-103.875,43.375,-103.625,43.125,"23","85",4280,1290.32783731073,0.301478466661386
"6145",-103.875,43.125,-103.625,42.875,"24","85",0,0,
"6146",-103.875,42.875,-103.625,42.625,"25","85",3230,1544.42847161123,0.478151229601
"6147",-103.875,42.625,-103.625,42.375,"26","85",6319,1615.58925140015,0.25567166504196
"6148",-103.875,42.375,-103.625,42.125,"27","85",0,0,
"6149",-103.875,42.125,-103.625,41.875,"28","85",17,7.74737311899662,0.455727830529213
"6150",-103.875,41.875,-103.625,41.625,"29","85",14000,10896.1952581045,0.778299661293181
"6151",-103.875,41.625,-103.625,41.375,"30","85",379,151.532650661713,0.399822297260456
"6152",-103.875,41.375,-103.625,41.125,"31","85",22,6.38608875125647,0.290276761420748
"6153",-103.875,41.125,-103.625,40.875,"32","85",0,0,
"6154",-103.875,40.875,-103.625,40.625,"33","85",0,0,
"6155",-103.875,40.625,-103.625,40.375,"34","85",0,0,
"6156",-103.875,40.375,-103.625,40.125,"35","85",3,1.13184648752213,0.377282162507375
"6157",-103.875,40.125,-103.625,39.875,"36","85",0,0,
"6158",-103.875,39.875,-103.625,39.625,"37","85",0,0,
"6159",-103.875,39.625,-103.625,39.375,"38","85",797,1007.19084574189,1.26372753543525
"6160",-103.875,39.375,-103.625,39.125,"39","85",15,10.1768953762949,0.67845969175299
"6161",-103.875,39.125,-103.625,38.875,"40","85",17,15.3101395517588,0.900596444221104
"6162",-103.875,38.875,-103.625,38.625,"41","85",0,0,
"6163",-103.875,38.625,-103.625,38.375,"42","85",0,0,
"6164",-103.875,38.375,-103.625,38.125,"43","85",0,0,
"6165",-103.875,38.125,-103.625,37.875,"44","85",0,0,
"6166",-103.875,37.875,-103.625,37.625,"45","85",0,0,
"6167",-103.875,37.625,-103.625,37.375,"46","85",2243,2584.0804412514,1.15206439645626
"6168",-103.875,37.375,-103.625,37.125,"47","85",21812,34234.8460201211,1.56954181276917
"6169",-103.875,37.125,-103.625,36.875,"48","85",53313,61058.7173548232,1.14528759129712
"6170",-103.875,36.875,-103.625,36.625,"49","85",33617,56626.2087118961,1.68445157842449
"6171",-103.875,36.625,-103.625,36.375,"50","85",33,33.5928838402033,1.01796617697586
"6172",-103.875,36.375,-103.625,36.125,"51","85",384,392.645752454177,1.02251498034942
"6173",-103.875,36.125,-103.625,35.875,"52","85",133,154.854035615921,1.16431605726256
"6174",-103.875,35.875,-103.625,35.625,"53","85",29,33.9714889526367,1.1714306535392
"6175",-103.875,35.625,-103.625,35.375,"54","85",0,0,
"6176",-103.875,35.375,-103.625,35.125,"55","85",0,0,
"6177",-103.875,35.125,-103.625,34.875,"56","85",0,0,
"6178",-103.875,34.875,-103.625,34.625,"57","85",0,0,
"6179",-103.875,34.625,-103.625,34.375,"58","85",0,0,
"6180",-103.875,34.375,-103.625,34.125,"59","85",0,0,
"6181",-103.875,34.125,-103.625,33.875,"60","85",0,0,
"6182",-103.875,33.875,-103.625,33.625,"61","85",0,0,
"6183",-103.875,33.625,-103.625,33.375,"62","85",0,0,
"6184",-103.875,33.375,-103.625,33.125,"63","85",0,0,
"6185",-103.875,33.125,-103.625,32.875,"64","85",0,0,
"6186",-103.875,32.875,-103.625,32.625,"65","85",0,0,
"6187",-103.875,32.625,-103.625,32.375,"66","85",0,0,
"6188",-103.875,32.375,-103.625,32.125,"67","85",0,0,
"6189",-103.875,32.125,-103.625,31.875,"68","85",1,0.117210522294044,0.117210522294044
"6190",-103.875,31.875,-103.625,31.625,"69","85",0,0,
"6191",-103.875,31.625,-103.625,31.375,"70","85",0,0,
"6192",-103.875,31.375,-103.625,31.125,"71","85",0,0,
"6193",-103.625,49.125,-103.375,48.875,"0","86",2,2.77936291694641,1.38968145847321
"6194",-103.625,48.875,-103.375,48.625,"1","86",1,1.40748083591461,1.40748083591461
"6195",-103.625,48.625,-103.375,48.375,"2","86",1,0.128669396042824,0.128669396042824
"6196",-103.625,48.375,-103.375,48.125,"3","86",36,15.3451913110912,0.426255314196977
"6197",-103.625,48.125,-103.375,47.875,"4","86",87,38.2107150745578,0.439203621546641
"6198",-103.625,47.875,-103.375,47.625,"5","86",24,11.4266678541899,0.476111160591245
"6199",-103.625,47.625,-103.375,47.375,"6","86",1073,393.148421261343,0.366401138174598
"6200",-103.625,47.375,-103.375,47.125,"7","86",1355,478.556543270592,0.353178260716304
"6201",-103.625,47.125,-103.375,46.875,"8","86",818,360.701235112967,0.440955055150326
"6202",-103.625,46.875,-103.375,46.625,"9","86",356,148.699483238684,0.417695177636754
"6203",-103.625,46.625,-103.375,46.375,"10","86",4206,2188.99952254188,0.520446866985707
"6204",-103.625,46.375,-103.375,46.125,"11","86",3,0.868118740618229,0.28937291353941
"6205",-103.625,46.125,-103.375,45.875,"12","86",1915,855.33184427605,0.446648482650679
"6206",-103.625,45.875,-103.375,45.625,"13","86",2311,1007.82066798559,0.436097216783035
"6207",-103.625,45.625,-103.375,45.375,"14","86",0,0,
"6208",-103.625,45.375,-103.375,45.125,"15","86",2,0.192296028137207,0.0961480140686035
"6209",-103.625,45.125,-103.375,44.875,"16","86",0,0,
"6210",-103.625,44.875,-103.375,44.625,"17","86",17,7.67960968613625,0.451741746243309
"6211",-103.625,44.625,-103.375,44.375,"18","86",3774,2944.8314401328,0.780294499240274
"6212",-103.625,44.375,-103.375,44.125,"19","86",1829,856.842786046444,0.468476099533321
"6213",-103.625,44.125,-103.375,43.875,"20","86",0,0,
"6214",-103.625,43.875,-103.375,43.625,"21","86",0,0,
"6215",-103.625,43.625,-103.375,43.375,"22","86",1231,518.26801346289,0.421013820847189
"6216",-103.625,43.375,-103.375,43.125,"23","86",4597,1398.33201754396,0.304183601815088
"6217",-103.625,43.125,-103.375,42.875,"24","86",0,0,
"6218",-103.625,42.875,-103.375,42.625,"25","86",9619,5348.71317805175,0.556057093050395
"6219",-103.625,42.625,-103.375,42.375,"26","86",39852,21342.2804148618,0.535538502832022
"6220",-103.625,42.375,-103.375,42.125,"27","86",3,1.53786885738373,0.512622952461243
"6221",-103.625,42.125,-103.375,41.875,"28","86",2,0.322409556247294,0.161204778123647
"6222",-103.625,41.875,-103.375,41.625,"29","86",6585,3798.6215726721,0.576859768059544
"6223",-103.625,41.625,-103.375,41.375,"30","86",5893,3293.39757000364,0.55886603936936
"6224",-103.625,41.375,-103.375,41.125,"31","86",15,5.9804129935801,0.398694199572007
"6225",-103.625,41.125,-103.375,40.875,"32","86",2,1.27575141191483,0.637875705957413
"6226",-103.625,40.875,-103.375,40.625,"33","86",0,0,
"6227",-103.625,40.625,-103.375,40.375,"34","86",1,0.311924517154694,0.311924517154694
"6228",-103.625,40.375,-103.375,40.125,"35","86",2,0.899569988250732,0.449784994125366
"6229",-103.625,40.125,-103.375,39.875,"36","86",0,0,
"6230",-103.625,39.875,-103.375,39.625,"37","86",0,0,
"6231",-103.625,39.625,-103.375,39.375,"38","86",23,25.0401172041893,1.08870074800823
"6232",-103.625,39.375,-103.375,39.125,"39","86",0,0,
"6233",-103.625,39.125,-103.375,38.875,"40","86",0,0,
"6234",-103.625,38.875,-103.375,38.625,"41","86",0,0,
"6235",-103.625,38.625,-103.375,38.375,"42","86",0,0,
"6236",-103.625,38.375,-103.375,38.125,"43","86",0,0,
"6237",-103.625,38.125,-103.375,37.875,"44","86",0,0,
"6238",-103.625,37.875,-103.375,37.625,"45","86",0,0,
"6239",-103.625,37.625,-103.375,37.375,"46","86",6816,7762.73827474192,1.13889939476847
"6240",-103.625,37.375,-103.375,37.125,"47","86",12970,19085.6202959595,1.47152045458439
"6241",-103.625,37.125,-103.375,36.875,"48","86",24737,27613.5621794329,1.11628581393997
"6242",-103.625,36.875,-103.375,36.625,"49","86",2588,2929.89028664585,1.13210598402081
"6243",-103.625,36.625,-103.375,36.375,"50","86",132,143.868290670216,1.08991129295618
"6244",-103.625,36.375,-103.375,36.125,"51","86",59,67.4176740646362,1.1426724417735
"6245",-103.625,36.125,-103.375,35.875,"52","86",2,2.43913376331329,1.21956688165665
"6246",-103.625,35.875,-103.375,35.625,"53","86",0,0,
"6247",-103.625,35.625,-103.375,35.375,"54","86",0,0,
"6248",-103.625,35.375,-103.375,35.125,"55","86",0,0,
"6249",-103.625,35.125,-103.375,34.875,"56","86",0,0,
"6250",-103.625,34.875,-103.375,34.625,"57","86",0,0,
"6251",-103.625,34.625,-103.375,34.375,"58","86",0,0,
"6252",-103.625,34.375,-103.375,34.125,"59","86",0,0,
"6253",-103.625,34.125,-103.375,33.875,"60","86",0,0,
"6254",-103.625,33.875,-103.375,33.625,"61","86",0,0,
"6255",-103.625,33.625,-103.375,33.375,"62","86",0,0,
"6256",-103.625,33.375,-103.375,33.125,"63","86",0,0,
"6257",-103.625,33.125,-103.375,32.875,"64","86",0,0,
"6258",-103.625,32.875,-103.375,32.625,"65","86",0,0,
"6259",-103.625,32.625,-103.375,32.375,"66","86",0,0,
"6260",-103.625,32.375,-103.375,32.125,"67","86",0,0,
"6261",-103.625,32.125,-103.375,31.875,"68","86",0,0,
"6262",-103.625,31.875,-103.375,31.625,"69","86",0,0,
"6263",-103.625,31.625,-103.375,31.375,"70","86",3,1.94025191664696,0.646750638882319
"6264",-103.625,31.375,-103.375,31.125,"71","86",5,8.38457036018372,1.67691407203674
"6265",-103.375,49.125,-103.125,48.875,"0","87",0,0,
"6266",-103.375,48.875,-103.125,48.625,"1","87",0,0,
"6267",-103.375,48.625,-103.125,48.375,"2","87",0,0,
"6268",-103.375,48.375,-103.125,48.125,"3","87",13,8.87140062917024,0.682415433013095
"6269",-103.375,48.125,-103.125,47.875,"4","87",21,12.4231933588162,0.591580636134105
"6270",-103.375,47.875,-103.125,47.625,"5","87",31,18.0873344615102,0.583462401984199
"6271",-103.375,47.625,-103.125,47.375,"6","87",452,166.022168794414,0.367305683173482
"6272",-103.375,47.375,-103.125,47.125,"7","87",11,4.40443269349635,0.400402972136031
"6273",-103.375,47.125,-103.125,46.875,"8","87",122,55.6699875500053,0.456311373360699
"6274",-103.375,46.875,-103.125,46.625,"9","87",6,1.24664078745991,0.207773464576652
"6275",-103.375,46.625,-103.125,46.375,"10","87",0,0,
"6276",-103.375,46.375,-103.125,46.125,"11","87",27,14.5370467305183,0.538409138167346
"6277",-103.375,46.125,-103.125,45.875,"12","87",10,5.72271606326103,0.572271606326103
"6278",-103.375,45.875,-103.125,45.625,"13","87",13,5.31015948578715,0.408473806599012
"6279",-103.375,45.625,-103.125,45.375,"14","87",8536,4880.64807435029,0.571772267379369
"6280",-103.375,45.375,-103.125,45.125,"15","87",1646,952.150778547162,0.578463413455141
"6281",-103.375,45.125,-103.125,44.875,"16","87",1,0.238881498575211,0.238881498575211
"6282",-103.375,44.875,-103.125,44.625,"17","87",0,0,
"6283",-103.375,44.625,-103.125,44.375,"18","87",282,94.3438000635942,0.334552482495015
"6284",-103.375,44.375,-103.125,44.125,"19","87",3277,1566.87757702882,0.478143905104919
"6285",-103.375,44.125,-103.125,43.875,"20","87",2079,1182.41340445174,0.568741416282704
"6286",-103.375,43.875,-103.125,43.625,"21","87",5792,2809.68570894841,0.485097670743856
"6287",-103.375,43.625,-103.125,43.375,"22","87",5385,5600.80035934513,1.0400743471393
"6288",-103.375,43.375,-103.125,43.125,"23","87",31,14.8224065750837,0.478142147583346
"6289",-103.375,43.125,-103.125,42.875,"24","87",2,0.240855976939201,0.120427988469601
"6290",-103.375,42.875,-103.125,42.625,"25","87",4725,2668.67204293207,0.564798315964459
"6291",-103.375,42.625,-103.125,42.375,"26","87",27789,13009.2619266987,0.468144299064333
"6292",-103.375,42.375,-103.125,42.125,"27","87",47,21.8964840620756,0.46588263961863
"6293",-103.375,42.125,-103.125,41.875,"28","87",1,0.117707297205925,0.117707297205925
"6294",-103.375,41.875,-103.125,41.625,"29","87",121,86.713342115283,0.716639191035397
"6295",-103.375,41.625,-103.125,41.375,"30","87",3200,2151.23414990981,0.672260671846816
"6296",-103.375,41.375,-103.125,41.125,"31","87",7,4.63623520731926,0.662319315331323
"6297",-103.375,41.125,-103.125,40.875,"32","87",10,2.27492903918028,0.227492903918028
"6298",-103.375,40.875,-103.125,40.625,"33","87",2,2.17040348052979,1.08520174026489
"6299",-103.375,40.625,-103.125,40.375,"34","87",0,0,
"6300",-103.375,40.375,-103.125,40.125,"35","87",1,0.210077047348022,0.210077047348022
"6301",-103.375,40.125,-103.125,39.875,"36","87",0,0,
"6302",-103.375,39.875,-103.125,39.625,"37","87",0,0,
"6303",-103.375,39.625,-103.125,39.375,"38","87",2,2.23716330528259,1.1185816526413
"6304",-103.375,39.375,-103.125,39.125,"39","87",2,0.183687925338745,0.0918439626693726
"6305",-103.375,39.125,-103.125,38.875,"40","87",0,0,
"6306",-103.375,38.875,-103.125,38.625,"41","87",0,0,
"6307",-103.375,38.625,-103.125,38.375,"42","87",0,0,
"6308",-103.375,38.375,-103.125,38.125,"43","87",0,0,
"6309",-103.375,38.125,-103.125,37.875,"44","87",0,0,
"6310",-103.375,37.875,-103.125,37.625,"45","87",0,0,
"6311",-103.375,37.625,-103.125,37.375,"46","87",1226,1436.30267970078,1.17153562781466
"6312",-103.375,37.375,-103.125,37.125,"47","87",2192,2373.29894555826,1.08270937297366
"6313",-103.375,37.125,-103.125,36.875,"48","87",1221,1352.27025743015,1.10751044834574
"6314",-103.375,36.875,-103.125,36.625,"49","87",76,87.9875808954239,1.15773132757137
"6315",-103.375,36.625,-103.125,36.375,"50","87",22,24.1776864528656,1.09898574785753
"6316",-103.375,36.375,-103.125,36.125,"51","87",0,0,
"6317",-103.375,36.125,-103.125,35.875,"52","87",0,0,
"6318",-103.375,35.875,-103.125,35.625,"53","87",0,0,
"6319",-103.375,35.625,-103.125,35.375,"54","87",0,0,
"6320",-103.375,35.375,-103.125,35.125,"55","87",0,0,
"6321",-103.375,35.125,-103.125,34.875,"56","87",0,0,
"6322",-103.375,34.875,-103.125,34.625,"57","87",0,0,
"6323",-103.375,34.625,-103.125,34.375,"58","87",0,0,
"6324",-103.375,34.375,-103.125,34.125,"59","87",0,0,
"6325",-103.375,34.125,-103.125,33.875,"60","87",0,0,
"6326",-103.375,33.875,-103.125,33.625,"61","87",0,0,
"6327",-103.375,33.625,-103.125,33.375,"62","87",0,0,
"6328",-103.375,33.375,-103.125,33.125,"63","87",0,0,
"6329",-103.375,33.125,-103.125,32.875,"64","87",0,0,
"6330",-103.375,32.875,-103.125,32.625,"65","87",0,0,
"6331",-103.375,32.625,-103.125,32.375,"66","87",0,0,
"6332",-103.375,32.375,-103.125,32.125,"67","87",0,0,
"6333",-103.375,32.125,-103.125,31.875,"68","87",0,0,
"6334",-103.375,31.875,-103.125,31.625,"69","87",0,0,
"6335",-103.375,31.625,-103.125,31.375,"70","87",0,0,
"6336",-103.375,31.375,-103.125,31.125,"71","87",2,3.57113814353943,1.78556907176971
"6337",-103.125,49.125,-102.875,48.875,"0","88",0,0,
"6338",-103.125,48.875,-102.875,48.625,"1","88",0,0,
"6339",-103.125,48.625,-102.875,48.375,"2","88",31,31.1283526718616,1.00414040876973
"6340",-103.125,48.375,-102.875,48.125,"3","88",5,6.98763990402222,1.39752798080444
"6341",-103.125,48.125,-102.875,47.875,"4","88",64,76.5216835147003,1.19565130491719
"6342",-103.125,47.875,-102.875,47.625,"5","88",107,83.5493641151115,0.780835178645902
"6343",-103.125,47.625,-102.875,47.375,"6","88",1261,1431.07180715905,1.13487058458291
"6344",-103.125,47.375,-102.875,47.125,"7","88",10,4.98484133183956,0.498484133183956
"6345",-103.125,47.125,-102.875,46.875,"8","88",5,1.07191267702729,0.214382535405457
"6346",-103.125,46.875,-102.875,46.625,"9","88",4,1.11019146442413,0.277547866106033
"6347",-103.125,46.625,-102.875,46.375,"10","88",6,4.84430272877216,0.807383788128694
"6348",-103.125,46.375,-102.875,46.125,"11","88",0,0,
"6349",-103.125,46.125,-102.875,45.875,"12","88",2,1.11487126350403,0.557435631752014
"6350",-103.125,45.875,-102.875,45.625,"13","88",0,0,
"6351",-103.125,45.625,-102.875,45.375,"14","88",371,149.709592692321,0.403529899440219
"6352",-103.125,45.375,-102.875,45.125,"15","88",449,210.065982200089,0.46785296703806
"6353",-103.125,45.125,-102.875,44.875,"16","88",1,0.223745495080948,0.223745495080948
"6354",-103.125,44.875,-102.875,44.625,"17","88",0,0,
"6355",-103.125,44.625,-102.875,44.375,"18","88",5,2.92748934030533,0.585497868061066
"6356",-103.125,44.375,-102.875,44.125,"19","88",0,0,
"6357",-103.125,44.125,-102.875,43.875,"20","88",3,5.19221395254135,1.73073798418045
"6358",-103.125,43.875,-102.875,43.625,"21","88",8,2.28561113029718,0.285701391287148
"6359",-103.125,43.625,-102.875,43.375,"22","88",159,62.2136751711369,0.3912809759191
"6360",-103.125,43.375,-102.875,43.125,"23","88",0,0,
"6361",-103.125,43.125,-102.875,42.875,"24","88",35,11.2320462279022,0.320915606511491
"6362",-103.125,42.875,-102.875,42.625,"25","88",14156,7780.3054405814,0.549611856497697
"6363",-103.125,42.625,-102.875,42.375,"26","88",56,23.1492317779921,0.413379138892716
"6364",-103.125,42.375,-102.875,42.125,"27","88",57,24.0188458114862,0.421383259850636
"6365",-103.125,42.125,-102.875,41.875,"28","88",17,6.76187055557966,0.397757091504686
"6366",-103.125,41.875,-102.875,41.625,"29","88",1,0.514910876750946,0.514910876750946
"6367",-103.125,41.625,-102.875,41.375,"30","88",304,225.75712031126,0.74262210628704
"6368",-103.125,41.375,-102.875,41.125,"31","88",4,1.67487800121307,0.418719500303268
"6369",-103.125,41.125,-102.875,40.875,"32","88",0,0,
"6370",-103.125,40.875,-102.875,40.625,"33","88",0,0,
"6371",-103.125,40.625,-102.875,40.375,"34","88",11,1.5129604768008,0.137541861527345
"6372",-103.125,40.375,-102.875,40.125,"35","88",0,0,
"6373",-103.125,40.125,-102.875,39.875,"36","88",0,0,
"6374",-103.125,39.875,-102.875,39.625,"37","88",2,0.168039072304964,0.084019536152482
"6375",-103.125,39.625,-102.875,39.375,"38","88",0,0,
"6376",-103.125,39.375,-102.875,39.125,"39","88",2,0.700458765029907,0.350229382514954
"6377",-103.125,39.125,-102.875,38.875,"40","88",0,0,
"6378",-103.125,38.875,-102.875,38.625,"41","88",0,0,
"6379",-103.125,38.625,-102.875,38.375,"42","88",0,0,
"6380",-103.125,38.375,-102.875,38.125,"43","88",0,0,
"6381",-103.125,38.125,-102.875,37.875,"44","88",0,0,
"6382",-103.125,37.875,-102.875,37.625,"45","88",0,0,
"6383",-103.125,37.625,-102.875,37.375,"46","88",9,10.4686337709427,1.16318153010474
"6384",-103.125,37.375,-102.875,37.125,"47","88",22,24.3045023083687,1.10475010492585
"6385",-103.125,37.125,-102.875,36.875,"48","88",9,9.92001384496689,1.10222376055188
"6386",-103.125,36.875,-102.875,36.625,"49","88",8,9.45186698436737,1.18148337304592
"6387",-103.125,36.625,-102.875,36.375,"50","88",0,0,
"6388",-103.125,36.375,-102.875,36.125,"51","88",0,0,
"6389",-103.125,36.125,-102.875,35.875,"52","88",0,0,
"6390",-103.125,35.875,-102.875,35.625,"53","88",0,0,
"6391",-103.125,35.625,-102.875,35.375,"54","88",0,0,
"6392",-103.125,35.375,-102.875,35.125,"55","88",0,0,
"6393",-103.125,35.125,-102.875,34.875,"56","88",0,0,
"6394",-103.125,34.875,-102.875,34.625,"57","88",0,0,
"6395",-103.125,34.625,-102.875,34.375,"58","88",0,0,
"6396",-103.125,34.375,-102.875,34.125,"59","88",0,0,
"6397",-103.125,34.125,-102.875,33.875,"60","88",0,0,
"6398",-103.125,33.875,-102.875,33.625,"61","88",0,0,
"6399",-103.125,33.625,-102.875,33.375,"62","88",0,0,
"6400",-103.125,33.375,-102.875,33.125,"63","88",0,0,
"6401",-103.125,33.125,-102.875,32.875,"64","88",0,0,
"6402",-103.125,32.875,-102.875,32.625,"65","88",0,0,
"6403",-103.125,32.625,-102.875,32.375,"66","88",0,0,
"6404",-103.125,32.375,-102.875,32.125,"67","88",0,0,
"6405",-103.125,32.125,-102.875,31.875,"68","88",2,1.31471216678619,0.657356083393097
"6406",-103.125,31.875,-102.875,31.625,"69","88",0,0,
"6407",-103.125,31.625,-102.875,31.375,"70","88",0,0,
"6408",-103.125,31.375,-102.875,31.125,"71","88",91,148.850505709648,1.63571984296317
"6409",-102.875,49.125,-102.625,48.875,"0","89",0,0,
"6410",-102.875,48.875,-102.625,48.625,"1","89",5,4.71455909498036,0.942911818996072
"6411",-102.875,48.625,-102.625,48.375,"2","89",12,15.4236724739894,1.28530603949912
"6412",-102.875,48.375,-102.625,48.125,"3","89",29,35.7686346918053,1.23340119626915
"6413",-102.875,48.125,-102.625,47.875,"4","89",33,43.8685320615768,1.32934945641142
"6414",-102.875,47.875,-102.625,47.625,"5","89",296,341.291702036746,1.1530125068809
"6415",-102.875,47.625,-102.625,47.375,"6","89",158,151.329056857852,0.957778840872483
"6416",-102.875,47.375,-102.625,47.125,"7","89",2,1.00915164500475,0.504575822502375
"6417",-102.875,47.125,-102.625,46.875,"8","89",18,6.79737661778927,0.377632034321626
"6418",-102.875,46.875,-102.625,46.625,"9","89",25,11.0903764721006,0.443615058884025
"6419",-102.875,46.625,-102.625,46.375,"10","89",3,1.23133113235235,0.410443710784117
"6420",-102.875,46.375,-102.625,46.125,"11","89",0,0,
"6421",-102.875,46.125,-102.625,45.875,"12","89",9,3.08489186316729,0.342765762574143
"6422",-102.875,45.875,-102.625,45.625,"13","89",4,1.09509080275893,0.273772700689733
"6423",-102.875,45.625,-102.625,45.375,"14","89",34,18.7673243060708,0.551980126649141
"6424",-102.875,45.375,-102.625,45.125,"15","89",0,0,
"6425",-102.875,45.125,-102.625,44.875,"16","89",175,43.7204714845866,0.249831265626209
"6426",-102.875,44.875,-102.625,44.625,"17","89",0,0,
"6427",-102.875,44.625,-102.625,44.375,"18","89",1,0.646888077259064,0.646888077259064
"6428",-102.875,44.375,-102.625,44.125,"19","89",9,4.48000159859657,0.497777955399619
"6429",-102.875,44.125,-102.625,43.875,"20","89",4,1.82693764567375,0.456734411418438
"6430",-102.875,43.875,-102.625,43.625,"21","89",24,9.84602228924632,0.410250928718597
"6431",-102.875,43.625,-102.625,43.375,"22","89",59,29.7145697409287,0.503636775269978
"6432",-102.875,43.375,-102.625,43.125,"23","89",1885,890.649131956146,0.472492908199547
"6433",-102.875,43.125,-102.625,42.875,"24","89",3068,1212.58189814538,0.395235299265117
"6434",-102.875,42.875,-102.625,42.625,"25","89",20188,9285.88986308926,0.459970767935866
"6435",-102.875,42.625,-102.625,42.375,"26","89",37,12.4442326715216,0.336330612743827
"6436",-102.875,42.375,-102.625,42.125,"27","89",21,9.23749452829361,0.439880691823505
"6437",-102.875,42.125,-102.625,41.875,"28","89",3,1.54874032735825,0.516246775786082
"6438",-102.875,41.875,-102.625,41.625,"29","89",6,4.06960628181696,0.67826771363616
"6439",-102.875,41.625,-102.625,41.375,"30","89",731,461.38082618483,0.63116392090948
"6440",-102.875,41.375,-102.625,41.125,"31","89",4,2.14701718091965,0.536754295229912
"6441",-102.875,41.125,-102.625,40.875,"32","89",0,0,
"6442",-102.875,40.875,-102.625,40.625,"33","89",0,0,
"6443",-102.875,40.625,-102.625,40.375,"34","89",4,1.53685708343983,0.384214270859957
"6444",-102.875,40.375,-102.625,40.125,"35","89",0,0,
"6445",-102.875,40.125,-102.625,39.875,"36","89",1,0.475955426692963,0.475955426692963
"6446",-102.875,39.875,-102.625,39.625,"37","89",0,0,
"6447",-102.875,39.625,-102.625,39.375,"38","89",0,0,
"6448",-102.875,39.375,-102.625,39.125,"39","89",0,0,
"6449",-102.875,39.125,-102.625,38.875,"40","89",0,0,
"6450",-102.875,38.875,-102.625,38.625,"41","89",0,0,
"6451",-102.875,38.625,-102.625,38.375,"42","89",0,0,
"6452",-102.875,38.375,-102.625,38.125,"43","89",0,0,
"6453",-102.875,38.125,-102.625,37.875,"44","89",0,0,
"6454",-102.875,37.875,-102.625,37.625,"45","89",0,0,
"6455",-102.875,37.625,-102.625,37.375,"46","89",0,0,
"6456",-102.875,37.375,-102.625,37.125,"47","89",0,0,
"6457",-102.875,37.125,-102.625,36.875,"48","89",0,0,
"6458",-102.875,36.875,-102.625,36.625,"49","89",0,0,
"6459",-102.875,36.625,-102.625,36.375,"50","89",0,0,
"6460",-102.875,36.375,-102.625,36.125,"51","89",0,0,
"6461",-102.875,36.125,-102.625,35.875,"52","89",0,0,
"6462",-102.875,35.875,-102.625,35.625,"53","89",0,0,
"6463",-102.875,35.625,-102.625,35.375,"54","89",0,0,
"6464",-102.875,35.375,-102.625,35.125,"55","89",0,0,
"6465",-102.875,35.125,-102.625,34.875,"56","89",0,0,
"6466",-102.875,34.875,-102.625,34.625,"57","89",0,0,
"6467",-102.875,34.625,-102.625,34.375,"58","89",0,0,
"6468",-102.875,34.375,-102.625,34.125,"59","89",0,0,
"6469",-102.875,34.125,-102.625,33.875,"60","89",0,0,
"6470",-102.875,33.875,-102.625,33.625,"61","89",0,0,
"6471",-102.875,33.625,-102.625,33.375,"62","89",0,0,
"6472",-102.875,33.375,-102.625,33.125,"63","89",0,0,
"6473",-102.875,33.125,-102.625,32.875,"64","89",0,0,
"6474",-102.875,32.875,-102.625,32.625,"65","89",0,0,
"6475",-102.875,32.625,-102.625,32.375,"66","89",0,0,
"6476",-102.875,32.375,-102.625,32.125,"67","89",0,0,
"6477",-102.875,32.125,-102.625,31.875,"68","89",0,0,
"6478",-102.875,31.875,-102.625,31.625,"69","89",0,0,
"6479",-102.875,31.625,-102.625,31.375,"70","89",0,0,
"6480",-102.875,31.375,-102.625,31.125,"71","89",0,0,
"6481",-102.625,49.125,-102.375,48.875,"0","90",0,0,
"6482",-102.625,48.875,-102.375,48.625,"1","90",0,0,
"6483",-102.625,48.625,-102.375,48.375,"2","90",11,8.80589202046394,0.800535638223995
"6484",-102.625,48.375,-102.375,48.125,"3","90",208,277.214775552042,1.3327633440002
"6485",-102.625,48.125,-102.375,47.875,"4","90",170,235.149485691421,1.38323226877307
"6486",-102.625,47.875,-102.375,47.625,"5","90",133,178.569383487105,1.34262694351207
"6487",-102.625,47.625,-102.375,47.375,"6","90",75,60.323671602644,0.804315621368587
"6488",-102.625,47.375,-102.375,47.125,"7","90",0,0,
"6489",-102.625,47.125,-102.375,46.875,"8","90",12,4.89096391201019,0.407580326000849
"6490",-102.625,46.875,-102.375,46.625,"9","90",15,6.37572650797665,0.42504843386511
"6491",-102.625,46.625,-102.375,46.375,"10","90",8,3.45784260705113,0.432230325881392
"6492",-102.625,46.375,-102.375,46.125,"11","90",2,0.960552349686623,0.480276174843311
"6493",-102.625,46.125,-102.375,45.875,"12","90",2,0.21502885222435,0.107514426112175
"6494",-102.625,45.875,-102.375,45.625,"13","90",1,0.543997347354889,0.543997347354889
"6495",-102.625,45.625,-102.375,45.375,"14","90",0,0,
"6496",-102.625,45.375,-102.375,45.125,"15","90",0,0,
"6497",-102.625,45.125,-102.375,44.875,"16","90",0,0,
"6498",-102.625,44.875,-102.375,44.625,"17","90",7,2.4781242068857,0.354017743840814
"6499",-102.625,44.625,-102.375,44.375,"18","90",412,157.557093507901,0.382420129873547
"6500",-102.625,44.375,-102.375,44.125,"19","90",1359,389.504314224381,0.286610974410877
"6501",-102.625,44.125,-102.375,43.875,"20","90",403,84.7654958330095,0.210336217947914
"6502",-102.625,43.875,-102.375,43.625,"21","90",25,25.0476294867694,1.00190517947078
"6503",-102.625,43.625,-102.375,43.375,"22","90",85,38.9492432773113,0.45822639149778
"6504",-102.625,43.375,-102.375,43.125,"23","90",15385,7545.53282483472,0.490447372429946
"6505",-102.625,43.125,-102.375,42.875,"24","90",25676,13559.3203511474,0.528093174604588
"6506",-102.625,42.875,-102.375,42.625,"25","90",4407,2079.96104805227,0.471967562526042
"6507",-102.625,42.625,-102.375,42.375,"26","90",92,43.446199709666,0.472241301192021
"6508",-102.625,42.375,-102.375,42.125,"27","90",0,0,
"6509",-102.625,42.125,-102.375,41.875,"28","90",0,0,
"6510",-102.625,41.875,-102.375,41.625,"29","90",0,0,
"6511",-102.625,41.625,-102.375,41.375,"30","90",0,0,
"6512",-102.625,41.375,-102.375,41.125,"31","90",0,0,
"6513",-102.625,41.125,-102.375,40.875,"32","90",2,0.96253290772438,0.48126645386219
"6514",-102.625,40.875,-102.375,40.625,"33","90",0,0,
"6515",-102.625,40.625,-102.375,40.375,"34","90",1,0.446955978870392,0.446955978870392
"6516",-102.625,40.375,-102.375,40.125,"35","90",1,0.478670835494995,0.478670835494995
"6517",-102.625,40.125,-102.375,39.875,"36","90",0,0,
"6518",-102.625,39.875,-102.375,39.625,"37","90",0,0,
"6519",-102.625,39.625,-102.375,39.375,"38","90",3,1.14005011320114,0.38001670440038
"6520",-102.625,39.375,-102.375,39.125,"39","90",0,0,
"6521",-102.625,39.125,-102.375,38.875,"40","90",0,0,
"6522",-102.625,38.875,-102.375,38.625,"41","90",0,0,
"6523",-102.625,38.625,-102.375,38.375,"42","90",0,0,
"6524",-102.625,38.375,-102.375,38.125,"43","90",0,0,
"6525",-102.625,38.125,-102.375,37.875,"44","90",0,0,
"6526",-102.625,37.875,-102.375,37.625,"45","90",0,0,
"6527",-102.625,37.625,-102.375,37.375,"46","90",0,0,
"6528",-102.625,37.375,-102.375,37.125,"47","90",0,0,
"6529",-102.625,37.125,-102.375,36.875,"48","90",0,0,
"6530",-102.625,36.875,-102.375,36.625,"49","90",0,0,
"6531",-102.625,36.625,-102.375,36.375,"50","90",0,0,
"6532",-102.625,36.375,-102.375,36.125,"51","90",0,0,
"6533",-102.625,36.125,-102.375,35.875,"52","90",0,0,
"6534",-102.625,35.875,-102.375,35.625,"53","90",0,0,
"6535",-102.625,35.625,-102.375,35.375,"54","90",0,0,
"6536",-102.625,35.375,-102.375,35.125,"55","90",0,0,
"6537",-102.625,35.125,-102.375,34.875,"56","90",0,0,
"6538",-102.625,34.875,-102.375,34.625,"57","90",0,0,
"6539",-102.625,34.625,-102.375,34.375,"58","90",0,0,
"6540",-102.625,34.375,-102.375,34.125,"59","90",0,0,
"6541",-102.625,34.125,-102.375,33.875,"60","90",0,0,
"6542",-102.625,33.875,-102.375,33.625,"61","90",0,0,
"6543",-102.625,33.625,-102.375,33.375,"62","90",0,0,
"6544",-102.625,33.375,-102.375,33.125,"63","90",0,0,
"6545",-102.625,33.125,-102.375,32.875,"64","90",0,0,
"6546",-102.625,32.875,-102.375,32.625,"65","90",0,0,
"6547",-102.625,32.625,-102.375,32.375,"66","90",0,0,
"6548",-102.625,32.375,-102.375,32.125,"67","90",0,0,
"6549",-102.625,32.125,-102.375,31.875,"68","90",0,0,
"6550",-102.625,31.875,-102.375,31.625,"69","90",0,0,
"6551",-102.625,31.625,-102.375,31.375,"70","90",1,1.83254361152649,1.83254361152649
"6552",-102.625,31.375,-102.375,31.125,"71","90",46,84.2970061302185,1.83254361152649
"6553",-102.375,49.125,-102.125,48.875,"0","91",0,0,
"6554",-102.375,48.875,-102.125,48.625,"1","91",0,0,
"6555",-102.375,48.625,-102.125,48.375,"2","91",0,0,
"6556",-102.375,48.375,-102.125,48.125,"3","91",0,0,
"6557",-102.375,48.125,-102.125,47.875,"4","91",0,0,
"6558",-102.375,47.875,-102.125,47.625,"5","91",25,32.525563031435,1.3010225212574
"6559",-102.375,47.625,-102.125,47.375,"6","91",18,15.8367528151721,0.879819600842893
"6560",-102.375,47.375,-102.125,47.125,"7","91",0,0,
"6561",-102.375,47.125,-102.125,46.875,"8","91",0,0,
"6562",-102.375,46.875,-102.125,46.625,"9","91",0,0,
"6563",-102.375,46.625,-102.125,46.375,"10","91",0,0,
"6564",-102.375,46.375,-102.125,46.125,"11","91",2,1.17005077004433,0.585025385022163
"6565",-102.375,46.125,-102.125,45.875,"12","91",29,15.1149703077972,0.521205872682662
"6566",-102.375,45.875,-102.125,45.625,"13","91",20,6.18503846973181,0.30925192348659
"6567",-102.375,45.625,-102.125,45.375,"14","91",0,0,
"6568",-102.375,45.375,-102.125,45.125,"15","91",0,0,
"6569",-102.375,45.125,-102.125,44.875,"16","91",0,0,
"6570",-102.375,44.875,-102.125,44.625,"17","91",2,1.11912488937378,0.55956244468689
"6571",-102.375,44.625,-102.125,44.375,"18","91",939,341.769055936587,0.36397130557677
"6572",-102.375,44.375,-102.125,44.125,"19","91",1873,575.681156902079,0.307357798666353
"6573",-102.375,44.125,-102.125,43.875,"20","91",360,122.363040330412,0.339897334251145
"6574",-102.375,43.875,-102.125,43.625,"21","91",52,29.7820717953146,0.572732149909895
"6575",-102.375,43.625,-102.125,43.375,"22","91",1021,445.139841074822,0.435984173432735
"6576",-102.375,43.375,-102.125,43.125,"23","91",7083,3066.2473954829,0.432902357120274
"6577",-102.375,43.125,-102.125,42.875,"24","91",1245,518.911392567155,0.416796299250727
"6578",-102.375,42.875,-102.125,42.625,"25","91",37,16.5261721871793,0.446653302356198
"6579",-102.375,42.625,-102.125,42.375,"26","91",0,0,
"6580",-102.375,42.375,-102.125,42.125,"27","91",0,0,
"6581",-102.375,42.125,-102.125,41.875,"28","91",0,0,
"6582",-102.375,41.875,-102.125,41.625,"29","91",0,0,
"6583",-102.375,41.625,-102.125,41.375,"30","91",0,0,
"6584",-102.375,41.375,-102.125,41.125,"31","91",5,2.60643792897463,0.521287585794926
"6585",-102.375,41.125,-102.125,40.875,"32","91",0,0,
"6586",-102.375,40.875,-102.125,40.625,"33","91",1,0.579200446605682,0.579200446605682
"6587",-102.375,40.625,-102.125,40.375,"34","91",68,26.1725736856461,0.384890789494795
"6588",-102.375,40.375,-102.125,40.125,"35","91",0,0,
"6589",-102.375,40.125,-102.125,39.875,"36","91",1,0.808364510536194,0.808364510536194
"6590",-102.375,39.875,-102.125,39.625,"37","91",0,0,
"6591",-102.375,39.625,-102.125,39.375,"38","91",0,0,
"6592",-102.375,39.375,-102.125,39.125,"39","91",0,0,
"6593",-102.375,39.125,-102.125,38.875,"40","91",0,0,
"6594",-102.375,38.875,-102.125,38.625,"41","91",0,0,
"6595",-102.375,38.625,-102.125,38.375,"42","91",0,0,
"6596",-102.375,38.375,-102.125,38.125,"43","91",0,0,
"6597",-102.375,38.125,-102.125,37.875,"44","91",0,0,
"6598",-102.375,37.875,-102.125,37.625,"45","91",0,0,
"6599",-102.375,37.625,-102.125,37.375,"46","91",0,0,
"6600",-102.375,37.375,-102.125,37.125,"47","91",0,0,
"6601",-102.375,37.125,-102.125,36.875,"48","91",0,0,
"6602",-102.375,36.875,-102.125,36.625,"49","91",0,0,
"6603",-102.375,36.625,-102.125,36.375,"50","91",0,0,
"6604",-102.375,36.375,-102.125,36.125,"51","91",0,0,
"6605",-102.375,36.125,-102.125,35.875,"52","91",0,0,
"6606",-102.375,35.875,-102.125,35.625,"53","91",0,0,
"6607",-102.375,35.625,-102.125,35.375,"54","91",0,0,
"6608",-102.375,35.375,-102.125,35.125,"55","91",0,0,
"6609",-102.375,35.125,-102.125,34.875,"56","91",0,0,
"6610",-102.375,34.875,-102.125,34.625,"57","91",0,0,
"6611",-102.375,34.625,-102.125,34.375,"58","91",0,0,
"6612",-102.375,34.375,-102.125,34.125,"59","91",0,0,
"6613",-102.375,34.125,-102.125,33.875,"60","91",0,0,
"6614",-102.375,33.875,-102.125,33.625,"61","91",0,0,
"6615",-102.375,33.625,-102.125,33.375,"62","91",0,0,
"6616",-102.375,33.375,-102.125,33.125,"63","91",0,0,
"6617",-102.375,33.125,-102.125,32.875,"64","91",0,0,
"6618",-102.375,32.875,-102.125,32.625,"65","91",0,0,
"6619",-102.375,32.625,-102.125,32.375,"66","91",0,0,
"6620",-102.375,32.375,-102.125,32.125,"67","91",0,0,
"6621",-102.375,32.125,-102.125,31.875,"68","91",0,0,
"6622",-102.375,31.875,-102.125,31.625,"69","91",0,0,
"6623",-102.375,31.625,-102.125,31.375,"70","91",9,15.3884292840958,1.70982547601064
"6624",-102.375,31.375,-102.125,31.125,"71","91",179,322.663091182709,1.80258710157938
"6625",-102.125,49.125,-101.875,48.875,"0","92",0,0,
"6626",-102.125,48.875,-101.875,48.625,"1","92",0,0,
"6627",-102.125,48.625,-101.875,48.375,"2","92",1,0.208497792482376,0.208497792482376
"6628",-102.125,48.375,-101.875,48.125,"3","92",0,0,
"6629",-102.125,48.125,-101.875,47.875,"4","92",1,1.42205595970154,1.42205595970154
"6630",-102.125,47.875,-101.875,47.625,"5","92",6,2.00142296403646,0.333570494006077
"6631",-102.125,47.625,-101.875,47.375,"6","92",0,0,
"6632",-102.125,47.375,-101.875,47.125,"7","92",0,0,
"6633",-102.125,47.125,-101.875,46.875,"8","92",0,0,
"6634",-102.125,46.875,-101.875,46.625,"9","92",0,0,
"6635",-102.125,46.625,-101.875,46.375,"10","92",0,0,
"6636",-102.125,46.375,-101.875,46.125,"11","92",0,0,
"6637",-102.125,46.125,-101.875,45.875,"12","92",3,1.74720785021782,0.582402616739273
"6638",-102.125,45.875,-101.875,45.625,"13","92",4,1.2944296002388,0.3236074000597
"6639",-102.125,45.625,-101.875,45.375,"14","92",1,0.701653361320496,0.701653361320496
"6640",-102.125,45.375,-101.875,45.125,"15","92",0,0,
"6641",-102.125,45.125,-101.875,44.875,"16","92",0,0,
"6642",-102.125,44.875,-101.875,44.625,"17","92",0,0,
"6643",-102.125,44.625,-101.875,44.375,"18","92",3658,1439.61175177852,0.393551599720754
"6644",-102.125,44.375,-101.875,44.125,"19","92",77,18.0321670016274,0.234183987034122
"6645",-102.125,44.125,-101.875,43.875,"20","92",5,2.81965413689613,0.563930827379227
"6646",-102.125,43.875,-101.875,43.625,"21","92",91,31.8916333159432,0.350457508966409
"6647",-102.125,43.625,-101.875,43.375,"22","92",2376,1322.66374985891,0.556676662398532
"6648",-102.125,43.375,-101.875,43.125,"23","92",4587,3250.37839620495,0.7086065829965
"6649",-102.125,43.125,-101.875,42.875,"24","92",1,0.809120118618011,0.809120118618011
"6650",-102.125,42.875,-101.875,42.625,"25","92",29,10.2457006759942,0.353300023310143
"6651",-102.125,42.625,-101.875,42.375,"26","92",0,0,
"6652",-102.125,42.375,-101.875,42.125,"27","92",0,0,
"6653",-102.125,42.125,-101.875,41.875,"28","92",0,0,
"6654",-102.125,41.875,-101.875,41.625,"29","92",0,0,
"6655",-102.125,41.625,-101.875,41.375,"30","92",0,0,
"6656",-102.125,41.375,-101.875,41.125,"31","92",1,1.12476527690887,1.12476527690887
"6657",-102.125,41.125,-101.875,40.875,"32","92",0,0,
"6658",-102.125,40.875,-101.875,40.625,"33","92",8,3.40378704667091,0.425473380833864
"6659",-102.125,40.625,-101.875,40.375,"34","92",0,0,
"6660",-102.125,40.375,-101.875,40.125,"35","92",5,1.19773190002888,0.239546380005777
"6661",-102.125,40.125,-101.875,39.875,"36","92",5,2.35818368196487,0.471636736392975
"6662",-102.125,39.875,-101.875,39.625,"37","92",0,0,
"6663",-102.125,39.625,-101.875,39.375,"38","92",3,0.934884160757065,0.311628053585688
"6664",-102.125,39.375,-101.875,39.125,"39","92",0,0,
"6665",-102.125,39.125,-101.875,38.875,"40","92",0,0,
"6666",-102.125,38.875,-101.875,38.625,"41","92",0,0,
"6667",-102.125,38.625,-101.875,38.375,"42","92",0,0,
"6668",-102.125,38.375,-101.875,38.125,"43","92",0,0,
"6669",-102.125,38.125,-101.875,37.875,"44","92",0,0,
"6670",-102.125,37.875,-101.875,37.625,"45","92",0,0,
"6671",-102.125,37.625,-101.875,37.375,"46","92",0,0,
"6672",-102.125,37.375,-101.875,37.125,"47","92",0,0,
"6673",-102.125,37.125,-101.875,36.875,"48","92",0,0,
"6674",-102.125,36.875,-101.875,36.625,"49","92",0,0,
"6675",-102.125,36.625,-101.875,36.375,"50","92",0,0,
"6676",-102.125,36.375,-101.875,36.125,"51","92",0,0,
"6677",-102.125,36.125,-101.875,35.875,"52","92",0,0,
"6678",-102.125,35.875,-101.875,35.625,"53","92",0,0,
"6679",-102.125,35.625,-101.875,35.375,"54","92",0,0,
"6680",-102.125,35.375,-101.875,35.125,"55","92",0,0,
"6681",-102.125,35.125,-101.875,34.875,"56","92",0,0,
"6682",-102.125,34.875,-101.875,34.625,"57","92",0,0,
"6683",-102.125,34.625,-101.875,34.375,"58","92",0,0,
"6684",-102.125,34.375,-101.875,34.125,"59","92",0,0,
"6685",-102.125,34.125,-101.875,33.875,"60","92",0,0,
"6686",-102.125,33.875,-101.875,33.625,"61","92",0,0,
"6687",-102.125,33.625,-101.875,33.375,"62","92",0,0,
"6688",-102.125,33.375,-101.875,33.125,"63","92",0,0,
"6689",-102.125,33.125,-101.875,32.875,"64","92",0,0,
"6690",-102.125,32.875,-101.875,32.625,"65","92",0,0,
"6691",-102.125,32.625,-101.875,32.375,"66","92",0,0,
"6692",-102.125,32.375,-101.875,32.125,"67","92",0,0,
"6693",-102.125,32.125,-101.875,31.875,"68","92",0,0,
"6694",-102.125,31.875,-101.875,31.625,"69","92",0,0,
"6695",-102.125,31.625,-101.875,31.375,"70","92",0,0,
"6696",-102.125,31.375,-101.875,31.125,"71","92",4,7.24407088756561,1.8110177218914
"6697",-101.875,49.125,-101.625,48.875,"0","93",0,0,
"6698",-101.875,48.875,-101.625,48.625,"1","93",0,0,
"6699",-101.875,48.625,-101.625,48.375,"2","93",0,0,
"6700",-101.875,48.375,-101.625,48.125,"3","93",0,0,
"6701",-101.875,48.125,-101.625,47.875,"4","93",10,12.3034339696169,1.23034339696169
"6702",-101.875,47.875,-101.625,47.625,"5","93",3,0.739469088613987,0.246489696204662
"6703",-101.875,47.625,-101.625,47.375,"6","93",1,1.40748083591461,1.40748083591461
"6704",-101.875,47.375,-101.625,47.125,"7","93",5,0.972873451188207,0.194574690237641
"6705",-101.875,47.125,-101.625,46.875,"8","93",0,0,
"6706",-101.875,46.875,-101.625,46.625,"9","93",0,0,
"6707",-101.875,46.625,-101.625,46.375,"10","93",11,6.64769817888737,0.60433619808067
"6708",-101.875,46.375,-101.625,46.125,"11","93",0,0,
"6709",-101.875,46.125,-101.625,45.875,"12","93",2,0.336245524697006,0.168122762348503
"6710",-101.875,45.875,-101.625,45.625,"13","93",0,0,
"6711",-101.875,45.625,-101.625,45.375,"14","93",0,0,
"6712",-101.875,45.375,-101.625,45.125,"15","93",0,0,
"6713",-101.875,45.125,-101.625,44.875,"16","93",3,0.913218565285206,0.304406188428402
"6714",-101.875,44.875,-101.625,44.625,"17","93",35,12.0356727642938,0.34387636469411
"6715",-101.875,44.625,-101.625,44.375,"18","93",1208,266.22046817407,0.220381182263303
"6716",-101.875,44.375,-101.625,44.125,"19","93",0,0,
"6717",-101.875,44.125,-101.625,43.875,"20","93",0,0,
"6718",-101.875,43.875,-101.625,43.625,"21","93",46,22.0364732965827,0.479053767317015
"6719",-101.875,43.625,-101.625,43.375,"22","93",1853,870.670525465161,0.469870763877583
"6720",-101.875,43.375,-101.625,43.125,"23","93",1306,673.059472980676,0.515359473951513
"6721",-101.875,43.125,-101.625,42.875,"24","93",5,2.66947764158249,0.533895528316498
"6722",-101.875,42.875,-101.625,42.625,"25","93",0,0,
"6723",-101.875,42.625,-101.625,42.375,"26","93",0,0,
"6724",-101.875,42.375,-101.625,42.125,"27","93",0,0,
"6725",-101.875,42.125,-101.625,41.875,"28","93",0,0,
"6726",-101.875,41.875,-101.625,41.625,"29","93",0,0,
"6727",-101.875,41.625,-101.625,41.375,"30","93",0,0,
"6728",-101.875,41.375,-101.625,41.125,"31","93",1,0.511884212493896,0.511884212493896
"6729",-101.875,41.125,-101.625,40.875,"32","93",4,1.77750891447067,0.444377228617668
"6730",-101.875,40.875,-101.625,40.625,"33","93",0,0,
"6731",-101.875,40.625,-101.625,40.375,"34","93",10,4.48261567950249,0.448261567950249
"6732",-101.875,40.375,-101.625,40.125,"35","93",0,0,
"6733",-101.875,40.125,-101.625,39.875,"36","93",0,0,
"6734",-101.875,39.875,-101.625,39.625,"37","93",0,0,
"6735",-101.875,39.625,-101.625,39.375,"38","93",2,0.51283847168088,0.25641923584044
"6736",-101.875,39.375,-101.625,39.125,"39","93",0,0,
"6737",-101.875,39.125,-101.625,38.875,"40","93",0,0,
"6738",-101.875,38.875,-101.625,38.625,"41","93",0,0,
"6739",-101.875,38.625,-101.625,38.375,"42","93",0,0,
"6740",-101.875,38.375,-101.625,38.125,"43","93",0,0,
"6741",-101.875,38.125,-101.625,37.875,"44","93",0,0,
"6742",-101.875,37.875,-101.625,37.625,"45","93",0,0,
"6743",-101.875,37.625,-101.625,37.375,"46","93",0,0,
"6744",-101.875,37.375,-101.625,37.125,"47","93",0,0,
"6745",-101.875,37.125,-101.625,36.875,"48","93",0,0,
"6746",-101.875,36.875,-101.625,36.625,"49","93",0,0,
"6747",-101.875,36.625,-101.625,36.375,"50","93",0,0,
"6748",-101.875,36.375,-101.625,36.125,"51","93",0,0,
"6749",-101.875,36.125,-101.625,35.875,"52","93",0,0,
"6750",-101.875,35.875,-101.625,35.625,"53","93",0,0,
"6751",-101.875,35.625,-101.625,35.375,"54","93",0,0,
"6752",-101.875,35.375,-101.625,35.125,"55","93",0,0,
"6753",-101.875,35.125,-101.625,34.875,"56","93",0,0,
"6754",-101.875,34.875,-101.625,34.625,"57","93",0,0,
"6755",-101.875,34.625,-101.625,34.375,"58","93",0,0,
"6756",-101.875,34.375,-101.625,34.125,"59","93",0,0,
"6757",-101.875,34.125,-101.625,33.875,"60","93",0,0,
"6758",-101.875,33.875,-101.625,33.625,"61","93",0,0,
"6759",-101.875,33.625,-101.625,33.375,"62","93",0,0,
"6760",-101.875,33.375,-101.625,33.125,"63","93",0,0,
"6761",-101.875,33.125,-101.625,32.875,"64","93",0,0,
"6762",-101.875,32.875,-101.625,32.625,"65","93",0,0,
"6763",-101.875,32.625,-101.625,32.375,"66","93",0,0,
"6764",-101.875,32.375,-101.625,32.125,"67","93",0,0,
"6765",-101.875,32.125,-101.625,31.875,"68","93",0,0,
"6766",-101.875,31.875,-101.625,31.625,"69","93",0,0,
"6767",-101.875,31.625,-101.625,31.375,"70","93",4,5.18272391706705,1.29568097926676
"6768",-101.875,31.375,-101.625,31.125,"71","93",0,0,
"6769",-101.625,49.125,-101.375,48.875,"0","94",0,0,
"6770",-101.625,48.875,-101.375,48.625,"1","94",0,0,
"6771",-101.625,48.625,-101.375,48.375,"2","94",0,0,
"6772",-101.625,48.375,-101.375,48.125,"3","94",0,0,
"6773",-101.625,48.125,-101.375,47.875,"4","94",1,1.5594516992569,1.5594516992569
"6774",-101.625,47.875,-101.375,47.625,"5","94",20,33.0500746369362,1.65250373184681
"6775",-101.625,47.625,-101.375,47.375,"6","94",153,144.224441852421,0.942643410800134
"6776",-101.625,47.375,-101.375,47.125,"7","94",9,4.31176823377609,0.479085359308455
"6777",-101.625,47.125,-101.375,46.875,"8","94",2,1.50151170045137,0.750755850225687
"6778",-101.625,46.875,-101.375,46.625,"9","94",4,0.202458187937737,0.0506145469844341
"6779",-101.625,46.625,-101.375,46.375,"10","94",3,0.282814912497997,0.0942716374993324
"6780",-101.625,46.375,-101.375,46.125,"11","94",0,0,
"6781",-101.625,46.125,-101.375,45.875,"12","94",0,0,
"6782",-101.625,45.875,-101.375,45.625,"13","94",0,0,
"6783",-101.625,45.625,-101.375,45.375,"14","94",4,2.14975816011429,0.537439540028572
"6784",-101.625,45.375,-101.375,45.125,"15","94",1,0.0430106408894062,0.0430106408894062
"6785",-101.625,45.125,-101.375,44.875,"16","94",2,0.878203004598618,0.439101502299309
"6786",-101.625,44.875,-101.375,44.625,"17","94",48,12.6838475745171,0.264246824469107
"6787",-101.625,44.625,-101.375,44.375,"18","94",2708,800.963654240593,0.295776829483232
"6788",-101.625,44.375,-101.375,44.125,"19","94",1,0.270709902048111,0.270709902048111
"6789",-101.625,44.125,-101.375,43.875,"20","94",0,0,
"6790",-101.625,43.875,-101.375,43.625,"21","94",256,264.607316859066,1.03362233148073
"6791",-101.625,43.625,-101.375,43.375,"22","94",1598,893.58786849129,0.559191407065888
"6792",-101.625,43.375,-101.375,43.125,"23","94",6,3.5768446624279,0.596140777071317
"6793",-101.625,43.125,-101.375,42.875,"24","94",0,0,
"6794",-101.625,42.875,-101.375,42.625,"25","94",0,0,
"6795",-101.625,42.625,-101.375,42.375,"26","94",0,0,
"6796",-101.625,42.375,-101.375,42.125,"27","94",0,0,
"6797",-101.625,42.125,-101.375,41.875,"28","94",0,0,
"6798",-101.625,41.875,-101.375,41.625,"29","94",0,0,
"6799",-101.625,41.625,-101.375,41.375,"30","94",0,0,
"6800",-101.625,41.375,-101.375,41.125,"31","94",0,0,
"6801",-101.625,41.125,-101.375,40.875,"32","94",6,2.61104325950146,0.435173876583576
"6802",-101.625,40.875,-101.375,40.625,"33","94",1,0.30163362622261,0.30163362622261
"6803",-101.625,40.625,-101.375,40.375,"34","94",0,0,
"6804",-101.625,40.375,-101.375,40.125,"35","94",0,0,
"6805",-101.625,40.125,-101.375,39.875,"36","94",0,0,
"6806",-101.625,39.875,-101.375,39.625,"37","94",0,0,
"6807",-101.625,39.625,-101.375,39.375,"38","94",0,0,
"6808",-101.625,39.375,-101.375,39.125,"39","94",2,0.759023636579514,0.379511818289757
"6809",-101.625,39.125,-101.375,38.875,"40","94",0,0,
"6810",-101.625,38.875,-101.375,38.625,"41","94",0,0,
"6811",-101.625,38.625,-101.375,38.375,"42","94",0,0,
"6812",-101.625,38.375,-101.375,38.125,"43","94",0,0,
"6813",-101.625,38.125,-101.375,37.875,"44","94",0,0,
"6814",-101.625,37.875,-101.375,37.625,"45","94",0,0,
"6815",-101.625,37.625,-101.375,37.375,"46","94",0,0,
"6816",-101.625,37.375,-101.375,37.125,"47","94",0,0,
"6817",-101.625,37.125,-101.375,36.875,"48","94",0,0,
"6818",-101.625,36.875,-101.375,36.625,"49","94",0,0,
"6819",-101.625,36.625,-101.375,36.375,"50","94",0,0,
"6820",-101.625,36.375,-101.375,36.125,"51","94",0,0,
"6821",-101.625,36.125,-101.375,35.875,"52","94",0,0,
"6822",-101.625,35.875,-101.375,35.625,"53","94",0,0,
"6823",-101.625,35.625,-101.375,35.375,"54","94",0,0,
"6824",-101.625,35.375,-101.375,35.125,"55","94",0,0,
"6825",-101.625,35.125,-101.375,34.875,"56","94",0,0,
"6826",-101.625,34.875,-101.375,34.625,"57","94",0,0,
"6827",-101.625,34.625,-101.375,34.375,"58","94",0,0,
"6828",-101.625,34.375,-101.375,34.125,"59","94",0,0,
"6829",-101.625,34.125,-101.375,33.875,"60","94",0,0,
"6830",-101.625,33.875,-101.375,33.625,"61","94",0,0,
"6831",-101.625,33.625,-101.375,33.375,"62","94",0,0,
"6832",-101.625,33.375,-101.375,33.125,"63","94",0,0,
"6833",-101.625,33.125,-101.375,32.875,"64","94",0,0,
"6834",-101.625,32.875,-101.375,32.625,"65","94",0,0,
"6835",-101.625,32.625,-101.375,32.375,"66","94",0,0,
"6836",-101.625,32.375,-101.375,32.125,"67","94",0,0,
"6837",-101.625,32.125,-101.375,31.875,"68","94",0,0,
"6838",-101.625,31.875,-101.375,31.625,"69","94",0,0,
"6839",-101.625,31.625,-101.375,31.375,"70","94",1,1.81515598297119,1.81515598297119
"6840",-101.625,31.375,-101.375,31.125,"71","94",3,5.40404260158539,1.8013475338618
"6841",-101.375,49.125,-101.125,48.875,"0","95",0,0,
"6842",-101.375,48.875,-101.125,48.625,"1","95",0,0,
"6843",-101.375,48.625,-101.125,48.375,"2","95",0,0,
"6844",-101.375,48.375,-101.125,48.125,"3","95",0,0,
"6845",-101.375,48.125,-101.125,47.875,"4","95",5,6.9183464050293,1.38366928100586
"6846",-101.375,47.875,-101.125,47.625,"5","95",9,6.18613302707672,0.687348114119636
"6847",-101.375,47.625,-101.125,47.375,"6","95",24,17.1865033581853,0.716104306591054
"6848",-101.375,47.375,-101.125,47.125,"7","95",23,21.6277103871107,0.940335234222205
"6849",-101.375,47.125,-101.125,46.875,"8","95",4,6.44442044198513,1.61110511049628
"6850",-101.375,46.875,-101.125,46.625,"9","95",17,11.608119385317,0.682830552077469
"6851",-101.375,46.625,-101.125,46.375,"10","95",5,1.69292594492435,0.338585188984871
"6852",-101.375,46.375,-101.125,46.125,"11","95",0,0,
"6853",-101.375,46.125,-101.125,45.875,"12","95",0,0,
"6854",-101.375,45.875,-101.125,45.625,"13","95",1,1.12229371070862,1.12229371070862
"6855",-101.375,45.625,-101.125,45.375,"14","95",3,0.939555808901787,0.313185269633929
"6856",-101.375,45.375,-101.125,45.125,"15","95",2,3.02818995714188,1.51409497857094
"6857",-101.375,45.125,-101.125,44.875,"16","95",1,0.56319785118103,0.56319785118103
"6858",-101.375,44.875,-101.125,44.625,"17","95",64,25.8423948213458,0.403787419083528
"6859",-101.375,44.625,-101.125,44.375,"18","95",349,86.4349521512631,0.247664619344593
"6860",-101.375,44.375,-101.125,44.125,"19","95",0,0,
"6861",-101.375,44.125,-101.125,43.875,"20","95",0,0,
"6862",-101.375,43.875,-101.125,43.625,"21","95",14,4.17242055758834,0.298030039827739
"6863",-101.375,43.625,-101.125,43.375,"22","95",201,140.559878816828,0.699302879685712
"6864",-101.375,43.375,-101.125,43.125,"23","95",1140,961.871640677069,0.843747053225499
"6865",-101.375,43.125,-101.125,42.875,"24","95",0,0,
"6866",-101.375,42.875,-101.125,42.625,"25","95",0,0,
"6867",-101.375,42.625,-101.125,42.375,"26","95",0,0,
"6868",-101.375,42.375,-101.125,42.125,"27","95",0,0,
"6869",-101.375,42.125,-101.125,41.875,"28","95",0,0,
"6870",-101.375,41.875,-101.125,41.625,"29","95",0,0,
"6871",-101.375,41.625,-101.125,41.375,"30","95",0,0,
"6872",-101.375,41.375,-101.125,41.125,"31","95",0,0,
"6873",-101.375,41.125,-101.125,40.875,"32","95",0,0,
"6874",-101.375,40.875,-101.125,40.625,"33","95",0,0,
"6875",-101.375,40.625,-101.125,40.375,"34","95",0,0,
"6876",-101.375,40.375,-101.125,40.125,"35","95",0,0,
"6877",-101.375,40.125,-101.125,39.875,"36","95",0,0,
"6878",-101.375,39.875,-101.125,39.625,"37","95",0,0,
"6879",-101.375,39.625,-101.125,39.375,"38","95",0,0,
"6880",-101.375,39.375,-101.125,39.125,"39","95",0,0,
"6881",-101.375,39.125,-101.125,38.875,"40","95",0,0,
"6882",-101.375,38.875,-101.125,38.625,"41","95",0,0,
"6883",-101.375,38.625,-101.125,38.375,"42","95",0,0,
"6884",-101.375,38.375,-101.125,38.125,"43","95",0,0,
"6885",-101.375,38.125,-101.125,37.875,"44","95",0,0,
"6886",-101.375,37.875,-101.125,37.625,"45","95",0,0,
"6887",-101.375,37.625,-101.125,37.375,"46","95",0,0,
"6888",-101.375,37.375,-101.125,37.125,"47","95",0,0,
"6889",-101.375,37.125,-101.125,36.875,"48","95",0,0,
"6890",-101.375,36.875,-101.125,36.625,"49","95",0,0,
"6891",-101.375,36.625,-101.125,36.375,"50","95",0,0,
"6892",-101.375,36.375,-101.125,36.125,"51","95",0,0,
"6893",-101.375,36.125,-101.125,35.875,"52","95",0,0,
"6894",-101.375,35.875,-101.125,35.625,"53","95",0,0,
"6895",-101.375,35.625,-101.125,35.375,"54","95",0,0,
"6896",-101.375,35.375,-101.125,35.125,"55","95",0,0,
"6897",-101.375,35.125,-101.125,34.875,"56","95",0,0,
"6898",-101.375,34.875,-101.125,34.625,"57","95",0,0,
"6899",-101.375,34.625,-101.125,34.375,"58","95",0,0,
"6900",-101.375,34.375,-101.125,34.125,"59","95",0,0,
"6901",-101.375,34.125,-101.125,33.875,"60","95",0,0,
"6902",-101.375,33.875,-101.125,33.625,"61","95",0,0,
"6903",-101.375,33.625,-101.125,33.375,"62","95",0,0,
"6904",-101.375,33.375,-101.125,33.125,"63","95",0,0,
"6905",-101.375,33.125,-101.125,32.875,"64","95",0,0,
"6906",-101.375,32.875,-101.125,32.625,"65","95",0,0,
"6907",-101.375,32.625,-101.125,32.375,"66","95",0,0,
"6908",-101.375,32.375,-101.125,32.125,"67","95",0,0,
"6909",-101.375,32.125,-101.125,31.875,"68","95",0,0,
"6910",-101.375,31.875,-101.125,31.625,"69","95",0,0,
"6911",-101.375,31.625,-101.125,31.375,"70","95",0,0,
"6912",-101.375,31.375,-101.125,31.125,"71","95",15,25.580394744873,1.7053596496582
"6913",-101.125,49.125,-100.875,48.875,"0","96",0,0,
"6914",-101.125,48.875,-100.875,48.625,"1","96",0,0,
"6915",-101.125,48.625,-100.875,48.375,"2","96",0,0,
"6916",-101.125,48.375,-100.875,48.125,"3","96",0,0,
"6917",-101.125,48.125,-100.875,47.875,"4","96",0,0,
"6918",-101.125,47.875,-100.875,47.625,"5","96",3,2.92362494021654,0.974541646738847
"6919",-101.125,47.625,-100.875,47.375,"6","96",0,0,
"6920",-101.125,47.375,-100.875,47.125,"7","96",1,1.40991604328156,1.40991604328156
"6921",-101.125,47.125,-100.875,46.875,"8","96",9,7.50025084614754,0.833361205127504
"6922",-101.125,46.875,-100.875,46.625,"9","96",23,11.1974300090224,0.486844783000972
"6923",-101.125,46.625,-100.875,46.375,"10","96",5,3.22792260348797,0.645584520697594
"6924",-101.125,46.375,-100.875,46.125,"11","96",8,1.41681710258126,0.177102137822658
"6925",-101.125,46.125,-100.875,45.875,"12","96",6,4.63417336344719,0.772362227241198
"6926",-101.125,45.875,-100.875,45.625,"13","96",8,7.27273100614548,0.909091375768185
"6927",-101.125,45.625,-100.875,45.375,"14","96",26,12.7193346694112,0.489205179592738
"6928",-101.125,45.375,-100.875,45.125,"15","96",101,45.4445279594511,0.449945821380704
"6929",-101.125,45.125,-100.875,44.875,"16","96",1,0.268567025661469,0.268567025661469
"6930",-101.125,44.875,-100.875,44.625,"17","96",0,0,
"6931",-101.125,44.625,-100.875,44.375,"18","96",0,0,
"6932",-101.125,44.375,-100.875,44.125,"19","96",0,0,
"6933",-101.125,44.125,-100.875,43.875,"20","96",0,0,
"6934",-101.125,43.875,-100.875,43.625,"21","96",70,32.6311303526163,0.466159005037376
"6935",-101.125,43.625,-100.875,43.375,"22","96",124,41.9092565802857,0.337977875647466
"6936",-101.125,43.375,-100.875,43.125,"23","96",7112,1506.9867108436,0.211893519522441
"6937",-101.125,43.125,-100.875,42.875,"24","96",381,91.232544447179,0.23945549723669
"6938",-101.125,42.875,-100.875,42.625,"25","96",0,0,
"6939",-101.125,42.625,-100.875,42.375,"26","96",0,0,
"6940",-101.125,42.375,-100.875,42.125,"27","96",0,0,
"6941",-101.125,42.125,-100.875,41.875,"28","96",0,0,
"6942",-101.125,41.875,-100.875,41.625,"29","96",0,0,
"6943",-101.125,41.625,-100.875,41.375,"30","96",0,0,
"6944",-101.125,41.375,-100.875,41.125,"31","96",0,0,
"6945",-101.125,41.125,-100.875,40.875,"32","96",0,0,
"6946",-101.125,40.875,-100.875,40.625,"33","96",1,0.206640228629112,0.206640228629112
"6947",-101.125,40.625,-100.875,40.375,"34","96",0,0,
"6948",-101.125,40.375,-100.875,40.125,"35","96",3,1.10606881976128,0.368689606587092
"6949",-101.125,40.125,-100.875,39.875,"36","96",0,0,
"6950",-101.125,39.875,-100.875,39.625,"37","96",0,0,
"6951",-101.125,39.625,-100.875,39.375,"38","96",2,0.988625884056091,0.494312942028046
"6952",-101.125,39.375,-100.875,39.125,"39","96",0,0,
"6953",-101.125,39.125,-100.875,38.875,"40","96",0,0,
"6954",-101.125,38.875,-100.875,38.625,"41","96",0,0,
"6955",-101.125,38.625,-100.875,38.375,"42","96",0,0,
"6956",-101.125,38.375,-100.875,38.125,"43","96",0,0,
"6957",-101.125,38.125,-100.875,37.875,"44","96",0,0,
"6958",-101.125,37.875,-100.875,37.625,"45","96",0,0,
"6959",-101.125,37.625,-100.875,37.375,"46","96",0,0,
"6960",-101.125,37.375,-100.875,37.125,"47","96",0,0,
"6961",-101.125,37.125,-100.875,36.875,"48","96",0,0,
"6962",-101.125,36.875,-100.875,36.625,"49","96",0,0,
"6963",-101.125,36.625,-100.875,36.375,"50","96",0,0,
"6964",-101.125,36.375,-100.875,36.125,"51","96",0,0,
"6965",-101.125,36.125,-100.875,35.875,"52","96",0,0,
"6966",-101.125,35.875,-100.875,35.625,"53","96",0,0,
"6967",-101.125,35.625,-100.875,35.375,"54","96",0,0,
"6968",-101.125,35.375,-100.875,35.125,"55","96",0,0,
"6969",-101.125,35.125,-100.875,34.875,"56","96",0,0,
"6970",-101.125,34.875,-100.875,34.625,"57","96",0,0,
"6971",-101.125,34.625,-100.875,34.375,"58","96",0,0,
"6972",-101.125,34.375,-100.875,34.125,"59","96",0,0,
"6973",-101.125,34.125,-100.875,33.875,"60","96",0,0,
"6974",-101.125,33.875,-100.875,33.625,"61","96",0,0,
"6975",-101.125,33.625,-100.875,33.375,"62","96",0,0,
"6976",-101.125,33.375,-100.875,33.125,"63","96",0,0,
"6977",-101.125,33.125,-100.875,32.875,"64","96",0,0,
"6978",-101.125,32.875,-100.875,32.625,"65","96",0,0,
"6979",-101.125,32.625,-100.875,32.375,"66","96",0,0,
"6980",-101.125,32.375,-100.875,32.125,"67","96",0,0,
"6981",-101.125,32.125,-100.875,31.875,"68","96",0,0,
"6982",-101.125,31.875,-100.875,31.625,"69","96",0,0,
"6983",-101.125,31.625,-100.875,31.375,"70","96",0,0,
"6984",-101.125,31.375,-100.875,31.125,"71","96",116,206.916791774333,1.78376544633045
"6985",-100.875,49.125,-100.625,48.875,"0","97",0,0,
"6986",-100.875,48.875,-100.625,48.625,"1","97",0,0,
"6987",-100.875,48.625,-100.625,48.375,"2","97",0,0,
"6988",-100.875,48.375,-100.625,48.125,"3","97",0,0,
"6989",-100.875,48.125,-100.625,47.875,"4","97",0,0,
"6990",-100.875,47.875,-100.625,47.625,"5","97",1,0.115548387169838,0.115548387169838
"6991",-100.875,47.625,-100.625,47.375,"6","97",6,3.10810780525208,0.518017967542013
"6992",-100.875,47.375,-100.625,47.125,"7","97",5,2.67995804548264,0.535991609096527
"6993",-100.875,47.125,-100.625,46.875,"8","97",7,3.59165596961975,0.513093709945679
"6994",-100.875,46.875,-100.625,46.625,"9","97",41,54.9430678738281,1.34007482619093
"6995",-100.875,46.625,-100.625,46.375,"10","97",68,85.4246956706047,1.25624552456772
"6996",-100.875,46.375,-100.625,46.125,"11","97",1,4.75342130661011,4.75342130661011
"6997",-100.875,46.125,-100.625,45.875,"12","97",9,3.74820533208549,0.41646725912061
"6998",-100.875,45.875,-100.625,45.625,"13","97",3,1.89118421077728,0.630394736925761
"6999",-100.875,45.625,-100.625,45.375,"14","97",2,1.45583260059357,0.727916300296783
"7000",-100.875,45.375,-100.625,45.125,"15","97",0,0,
"7001",-100.875,45.125,-100.625,44.875,"16","97",0,0,
"7002",-100.875,44.875,-100.625,44.625,"17","97",19,3.57032838463783,0.187912020244096
"7003",-100.875,44.625,-100.625,44.375,"18","97",0,0,
"7004",-100.875,44.375,-100.625,44.125,"19","97",0,0,
"7005",-100.875,44.125,-100.625,43.875,"20","97",0,0,
"7006",-100.875,43.875,-100.625,43.625,"21","97",117,53.3942294865847,0.456360935782775
"7007",-100.875,43.625,-100.625,43.375,"22","97",142,45.84627809003,0.32286111331007
"7008",-100.875,43.375,-100.625,43.125,"23","97",80,24.1691064750776,0.30211383093847
"7009",-100.875,43.125,-100.625,42.875,"24","97",15,1.9136333540082,0.12757555693388
"7010",-100.875,42.875,-100.625,42.625,"25","97",0,0,
"7011",-100.875,42.625,-100.625,42.375,"26","97",0,0,
"7012",-100.875,42.375,-100.625,42.125,"27","97",0,0,
"7013",-100.875,42.125,-100.625,41.875,"28","97",0,0,
"7014",-100.875,41.875,-100.625,41.625,"29","97",0,0,
"7015",-100.875,41.625,-100.625,41.375,"30","97",0,0,
"7016",-100.875,41.375,-100.625,41.125,"31","97",0,0,
"7017",-100.875,41.125,-100.625,40.875,"32","97",0,0,
"7018",-100.875,40.875,-100.625,40.625,"33","97",0,0,
"7019",-100.875,40.625,-100.625,40.375,"34","97",16,8.05714553594589,0.503571595996618
"7020",-100.875,40.375,-100.625,40.125,"35","97",0,0,
"7021",-100.875,40.125,-100.625,39.875,"36","97",0,0,
"7022",-100.875,39.875,-100.625,39.625,"37","97",0,0,
"7023",-100.875,39.625,-100.625,39.375,"38","97",0,0,
"7024",-100.875,39.375,-100.625,39.125,"39","97",0,0,
"7025",-100.875,39.125,-100.625,38.875,"40","97",0,0,
"7026",-100.875,38.875,-100.625,38.625,"41","97",0,0,
"7027",-100.875,38.625,-100.625,38.375,"42","97",0,0,
"7028",-100.875,38.375,-100.625,38.125,"43","97",0,0,
"7029",-100.875,38.125,-100.625,37.875,"44","97",0,0,
"7030",-100.875,37.875,-100.625,37.625,"45","97",0,0,
"7031",-100.875,37.625,-100.625,37.375,"46","97",0,0,
"7032",-100.875,37.375,-100.625,37.125,"47","97",0,0,
"7033",-100.875,37.125,-100.625,36.875,"48","97",0,0,
"7034",-100.875,36.875,-100.625,36.625,"49","97",0,0,
"7035",-100.875,36.625,-100.625,36.375,"50","97",0,0,
"7036",-100.875,36.375,-100.625,36.125,"51","97",0,0,
"7037",-100.875,36.125,-100.625,35.875,"52","97",0,0,
"7038",-100.875,35.875,-100.625,35.625,"53","97",0,0,
"7039",-100.875,35.625,-100.625,35.375,"54","97",0,0,
"7040",-100.875,35.375,-100.625,35.125,"55","97",0,0,
"7041",-100.875,35.125,-100.625,34.875,"56","97",0,0,
"7042",-100.875,34.875,-100.625,34.625,"57","97",0,0,
"7043",-100.875,34.625,-100.625,34.375,"58","97",0,0,
"7044",-100.875,34.375,-100.625,34.125,"59","97",0,0,
"7045",-100.875,34.125,-100.625,33.875,"60","97",0,0,
"7046",-100.875,33.875,-100.625,33.625,"61","97",0,0,
"7047",-100.875,33.625,-100.625,33.375,"62","97",0,0,
"7048",-100.875,33.375,-100.625,33.125,"63","97",0,0,
"7049",-100.875,33.125,-100.625,32.875,"64","97",0,0,
"7050",-100.875,32.875,-100.625,32.625,"65","97",0,0,
"7051",-100.875,32.625,-100.625,32.375,"66","97",0,0,
"7052",-100.875,32.375,-100.625,32.125,"67","97",0,0,
"7053",-100.875,32.125,-100.625,31.875,"68","97",0,0,
"7054",-100.875,31.875,-100.625,31.625,"69","97",0,0,
"7055",-100.875,31.625,-100.625,31.375,"70","97",9,16.3430038690567,1.81588931878408
"7056",-100.875,31.375,-100.625,31.125,"71","97",548,972.09590203315,1.77389763144735
"7057",-100.625,49.125,-100.375,48.875,"0","98",0,0,
"7058",-100.625,48.875,-100.375,48.625,"1","98",0,0,
"7059",-100.625,48.625,-100.375,48.375,"2","98",0,0,
"7060",-100.625,48.375,-100.375,48.125,"3","98",0,0,
"7061",-100.625,48.125,-100.375,47.875,"4","98",0,0,
"7062",-100.625,47.875,-100.375,47.625,"5","98",1,0.73324716091156,0.73324716091156
"7063",-100.625,47.625,-100.375,47.375,"6","98",1,1.86738288402557,1.86738288402557
"7064",-100.625,47.375,-100.375,47.125,"7","98",0,0,
"7065",-100.625,47.125,-100.375,46.875,"8","98",0,0,
"7066",-100.625,46.875,-100.375,46.625,"9","98",27,38.656019942835,1.43170444232722
"7067",-100.625,46.625,-100.375,46.375,"10","98",12,11.6427371054888,0.970228092124065
"7068",-100.625,46.375,-100.375,46.125,"11","98",23,10.6468330025673,0.462905782720317
"7069",-100.625,46.125,-100.375,45.875,"12","98",14,8.65657378733158,0.618326699095113
"7070",-100.625,45.875,-100.375,45.625,"13","98",25,7.26924527436495,0.290769810974598
"7071",-100.625,45.625,-100.375,45.375,"14","98",8,3.47182440012693,0.433978050015867
"7072",-100.625,45.375,-100.375,45.125,"15","98",0,0,
"7073",-100.625,45.125,-100.375,44.875,"16","98",0,0,
"7074",-100.625,44.875,-100.375,44.625,"17","98",4,1.20124106109142,0.300310265272856
"7075",-100.625,44.625,-100.375,44.375,"18","98",134,58.5143593475223,0.436674323488972
"7076",-100.625,44.375,-100.375,44.125,"19","98",5,1.09960372000933,0.219920744001865
"7077",-100.625,44.125,-100.375,43.875,"20","98",0,0,
"7078",-100.625,43.875,-100.375,43.625,"21","98",29,13.0297937244177,0.449303231876472
"7079",-100.625,43.625,-100.375,43.375,"22","98",11,1.76070337370038,0.160063943063671
"7080",-100.625,43.375,-100.375,43.125,"23","98",45,13.4497061874717,0.298882359721594
"7081",-100.625,43.125,-100.375,42.875,"24","98",28,3.82596205547452,0.136641501981233
"7082",-100.625,42.875,-100.375,42.625,"25","98",0,0,
"7083",-100.625,42.625,-100.375,42.375,"26","98",0,0,
"7084",-100.625,42.375,-100.375,42.125,"27","98",0,0,
"7085",-100.625,42.125,-100.375,41.875,"28","98",0,0,
"7086",-100.625,41.875,-100.375,41.625,"29","98",0,0,
"7087",-100.625,41.625,-100.375,41.375,"30","98",0,0,
"7088",-100.625,41.375,-100.375,41.125,"31","98",0,0,
"7089",-100.625,41.125,-100.375,40.875,"32","98",0,0,
"7090",-100.625,40.875,-100.375,40.625,"33","98",0,0,
"7091",-100.625,40.625,-100.375,40.375,"34","98",0,0,
"7092",-100.625,40.375,-100.375,40.125,"35","98",0,0,
"7093",-100.625,40.125,-100.375,39.875,"36","98",0,0,
"7094",-100.625,39.875,-100.375,39.625,"37","98",0,0,
"7095",-100.625,39.625,-100.375,39.375,"38","98",0,0,
"7096",-100.625,39.375,-100.375,39.125,"39","98",0,0,
"7097",-100.625,39.125,-100.375,38.875,"40","98",0,0,
"7098",-100.625,38.875,-100.375,38.625,"41","98",0,0,
"7099",-100.625,38.625,-100.375,38.375,"42","98",0,0,
"7100",-100.625,38.375,-100.375,38.125,"43","98",0,0,
"7101",-100.625,38.125,-100.375,37.875,"44","98",0,0,
"7102",-100.625,37.875,-100.375,37.625,"45","98",0,0,
"7103",-100.625,37.625,-100.375,37.375,"46","98",0,0,
"7104",-100.625,37.375,-100.375,37.125,"47","98",0,0,
"7105",-100.625,37.125,-100.375,36.875,"48","98",0,0,
"7106",-100.625,36.875,-100.375,36.625,"49","98",0,0,
"7107",-100.625,36.625,-100.375,36.375,"50","98",0,0,
"7108",-100.625,36.375,-100.375,36.125,"51","98",0,0,
"7109",-100.625,36.125,-100.375,35.875,"52","98",0,0,
"7110",-100.625,35.875,-100.375,35.625,"53","98",0,0,
"7111",-100.625,35.625,-100.375,35.375,"54","98",0,0,
"7112",-100.625,35.375,-100.375,35.125,"55","98",0,0,
"7113",-100.625,35.125,-100.375,34.875,"56","98",0,0,
"7114",-100.625,34.875,-100.375,34.625,"57","98",0,0,
"7115",-100.625,34.625,-100.375,34.375,"58","98",0,0,
"7116",-100.625,34.375,-100.375,34.125,"59","98",0,0,
"7117",-100.625,34.125,-100.375,33.875,"60","98",0,0,
"7118",-100.625,33.875,-100.375,33.625,"61","98",0,0,
"7119",-100.625,33.625,-100.375,33.375,"62","98",0,0,
"7120",-100.625,33.375,-100.375,33.125,"63","98",0,0,
"7121",-100.625,33.125,-100.375,32.875,"64","98",0,0,
"7122",-100.625,32.875,-100.375,32.625,"65","98",0,0,
"7123",-100.625,32.625,-100.375,32.375,"66","98",0,0,
"7124",-100.625,32.375,-100.375,32.125,"67","98",0,0,
"7125",-100.625,32.125,-100.375,31.875,"68","98",0,0,
"7126",-100.625,31.875,-100.375,31.625,"69","98",0,0,
"7127",-100.625,31.625,-100.375,31.375,"70","98",0,0,
"7128",-100.625,31.375,-100.375,31.125,"71","98",0,0,
"7129",-100.375,49.125,-100.125,48.875,"0","99",0,0,
"7130",-100.375,48.875,-100.125,48.625,"1","99",0,0,
"7131",-100.375,48.625,-100.125,48.375,"2","99",0,0,
"7132",-100.375,48.375,-100.125,48.125,"3","99",0,0,
"7133",-100.375,48.125,-100.125,47.875,"4","99",0,0,
"7134",-100.375,47.875,-100.125,47.625,"5","99",0,0,
"7135",-100.375,47.625,-100.125,47.375,"6","99",0,0,
"7136",-100.375,47.375,-100.125,47.125,"7","99",3,2.47606709599495,0.825355698664983
"7137",-100.375,47.125,-100.125,46.875,"8","99",1,0.252841979265213,0.252841979265213
"7138",-100.375,46.875,-100.125,46.625,"9","99",4,2.72261964529753,0.680654911324382
"7139",-100.375,46.625,-100.125,46.375,"10","99",19,16.6787671484053,0.877829849916069
"7140",-100.375,46.375,-100.125,46.125,"11","99",22,22.9929723367095,1.04513510621407
"7141",-100.375,46.125,-100.125,45.875,"12","99",31,27.5422874204814,0.88846088453166
"7142",-100.375,45.875,-100.125,45.625,"13","99",11,6.11857092380524,0.556233720345931
"7143",-100.375,45.625,-100.125,45.375,"14","99",62,30.5774612091482,0.493184858212067
"7144",-100.375,45.375,-100.125,45.125,"15","99",5,1.38175414502621,0.276350829005241
"7145",-100.375,45.125,-100.125,44.875,"16","99",2,1.30082005262375,0.650410026311874
"7146",-100.375,44.875,-100.125,44.625,"17","99",0,0,
"7147",-100.375,44.625,-100.125,44.375,"18","99",20,8.13457537814975,0.406728768907487
"7148",-100.375,44.375,-100.125,44.125,"19","99",242,109.325309259817,0.451757476280236
"7149",-100.375,44.125,-100.125,43.875,"20","99",0,0,
"7150",-100.375,43.875,-100.125,43.625,"21","99",0,0,
"7151",-100.375,43.625,-100.125,43.375,"22","99",5,1.36070280522108,0.272140561044216
"7152",-100.375,43.375,-100.125,43.125,"23","99",10,3.82624422386289,0.382624422386289
"7153",-100.375,43.125,-100.125,42.875,"24","99",94,13.2655703224009,0.14112308853618
"7154",-100.375,42.875,-100.125,42.625,"25","99",1,0.0479438938200474,0.0479438938200474
"7155",-100.375,42.625,-100.125,42.375,"26","99",0,0,
"7156",-100.375,42.375,-100.125,42.125,"27","99",0,0,
"7157",-100.375,42.125,-100.125,41.875,"28","99",0,0,
"7158",-100.375,41.875,-100.125,41.625,"29","99",0,0,
"7159",-100.375,41.625,-100.125,41.375,"30","99",0,0,
"7160",-100.375,41.375,-100.125,41.125,"31","99",0,0,
"7161",-100.375,41.125,-100.125,40.875,"32","99",0,0,
"7162",-100.375,40.875,-100.125,40.625,"33","99",0,0,
"7163",-100.375,40.625,-100.125,40.375,"34","99",0,0,
"7164",-100.375,40.375,-100.125,40.125,"35","99",0,0,
"7165",-100.375,40.125,-100.125,39.875,"36","99",0,0,
"7166",-100.375,39.875,-100.125,39.625,"37","99",0,0,
"7167",-100.375,39.625,-100.125,39.375,"38","99",0,0,
"7168",-100.375,39.375,-100.125,39.125,"39","99",0,0,
"7169",-100.375,39.125,-100.125,38.875,"40","99",0,0,
"7170",-100.375,38.875,-100.125,38.625,"41","99",0,0,
"7171",-100.375,38.625,-100.125,38.375,"42","99",0,0,
"7172",-100.375,38.375,-100.125,38.125,"43","99",0,0,
"7173",-100.375,38.125,-100.125,37.875,"44","99",0,0,
"7174",-100.375,37.875,-100.125,37.625,"45","99",0,0,
"7175",-100.375,37.625,-100.125,37.375,"46","99",0,0,
"7176",-100.375,37.375,-100.125,37.125,"47","99",0,0,
"7177",-100.375,37.125,-100.125,36.875,"48","99",0,0,
"7178",-100.375,36.875,-100.125,36.625,"49","99",0,0,
"7179",-100.375,36.625,-100.125,36.375,"50","99",0,0,
"7180",-100.375,36.375,-100.125,36.125,"51","99",0,0,
"7181",-100.375,36.125,-100.125,35.875,"52","99",0,0,
"7182",-100.375,35.875,-100.125,35.625,"53","99",0,0,
"7183",-100.375,35.625,-100.125,35.375,"54","99",0,0,
"7184",-100.375,35.375,-100.125,35.125,"55","99",0,0,
"7185",-100.375,35.125,-100.125,34.875,"56","99",0,0,
"7186",-100.375,34.875,-100.125,34.625,"57","99",0,0,
"7187",-100.375,34.625,-100.125,34.375,"58","99",0,0,
"7188",-100.375,34.375,-100.125,34.125,"59","99",0,0,
"7189",-100.375,34.125,-100.125,33.875,"60","99",0,0,
"7190",-100.375,33.875,-100.125,33.625,"61","99",0,0,
"7191",-100.375,33.625,-100.125,33.375,"62","99",0,0,
"7192",-100.375,33.375,-100.125,33.125,"63","99",0,0,
"7193",-100.375,33.125,-100.125,32.875,"64","99",0,0,
"7194",-100.375,32.875,-100.125,32.625,"65","99",0,0,
"7195",-100.375,32.625,-100.125,32.375,"66","99",0,0,
"7196",-100.375,32.375,-100.125,32.125,"67","99",0,0,
"7197",-100.375,32.125,-100.125,31.875,"68","99",0,0,
"7198",-100.375,31.875,-100.125,31.625,"69","99",0,0,
"7199",-100.375,31.625,-100.125,31.375,"70","99",0,0,
"7200",-100.375,31.375,-100.125,31.125,"71","99",0,0,
"7201",-100.125,49.125,-99.875,48.875,"0","100",0,0,
"7202",-100.125,48.875,-99.875,48.625,"1","100",0,0,
"7203",-100.125,48.625,-99.875,48.375,"2","100",0,0,
"7204",-100.125,48.375,-99.875,48.125,"3","100",0,0,
"7205",-100.125,48.125,-99.875,47.875,"4","100",0,0,
"7206",-100.125,47.875,-99.875,47.625,"5","100",0,0,
"7207",-100.125,47.625,-99.875,47.375,"6","100",0,0,
"7208",-100.125,47.375,-99.875,47.125,"7","100",1,1.32675755023956,1.32675755023956
"7209",-100.125,47.125,-99.875,46.875,"8","100",0,0,
"7210",-100.125,46.875,-99.875,46.625,"9","100",1,0.547618389129639,0.547618389129639
"7211",-100.125,46.625,-99.875,46.375,"10","100",7,5.03075819835067,0.718679742621524
"7212",-100.125,46.375,-99.875,46.125,"11","100",4,3.87702242285013,0.969255605712533
"7213",-100.125,46.125,-99.875,45.875,"12","100",9,9.38023512810469,1.04224834756719
"7214",-100.125,45.875,-99.875,45.625,"13","100",16,10.0515722334385,0.628223264589906
"7215",-100.125,45.625,-99.875,45.375,"14","100",0,0,
"7216",-100.125,45.375,-99.875,45.125,"15","100",1,0.173967212438583,0.173967212438583
"7217",-100.125,45.125,-99.875,44.875,"16","100",0,0,
"7218",-100.125,44.875,-99.875,44.625,"17","100",0,0,
"7219",-100.125,44.625,-99.875,44.375,"18","100",0,0,
"7220",-100.125,44.375,-99.875,44.125,"19","100",100,36.0588520169258,0.360588520169258
"7221",-100.125,44.125,-99.875,43.875,"20","100",39,15.4343378059566,0.395752251434785
"7222",-100.125,43.875,-99.875,43.625,"21","100",5,0.225491872057319,0.0450983744114637
"7223",-100.125,43.625,-99.875,43.375,"22","100",0,0,
"7224",-100.125,43.375,-99.875,43.125,"23","100",21,16.3620014823973,0.779142927733206
"7225",-100.125,43.125,-99.875,42.875,"24","100",46,8.9322398416698,0.194179126992822
"7226",-100.125,42.875,-99.875,42.625,"25","100",12,0.785944983363152,0.0654954152802626
"7227",-100.125,42.625,-99.875,42.375,"26","100",0,0,
"7228",-100.125,42.375,-99.875,42.125,"27","100",0,0,
"7229",-100.125,42.125,-99.875,41.875,"28","100",0,0,
"7230",-100.125,41.875,-99.875,41.625,"29","100",0,0,
"7231",-100.125,41.625,-99.875,41.375,"30","100",0,0,
"7232",-100.125,41.375,-99.875,41.125,"31","100",0,0,
"7233",-100.125,41.125,-99.875,40.875,"32","100",0,0,
"7234",-100.125,40.875,-99.875,40.625,"33","100",0,0,
"7235",-100.125,40.625,-99.875,40.375,"34","100",0,0,
"7236",-100.125,40.375,-99.875,40.125,"35","100",0,0,
"7237",-100.125,40.125,-99.875,39.875,"36","100",0,0,
"7238",-100.125,39.875,-99.875,39.625,"37","100",0,0,
"7239",-100.125,39.625,-99.875,39.375,"38","100",0,0,
"7240",-100.125,39.375,-99.875,39.125,"39","100",0,0,
"7241",-100.125,39.125,-99.875,38.875,"40","100",0,0,
"7242",-100.125,38.875,-99.875,38.625,"41","100",0,0,
"7243",-100.125,38.625,-99.875,38.375,"42","100",0,0,
"7244",-100.125,38.375,-99.875,38.125,"43","100",0,0,
"7245",-100.125,38.125,-99.875,37.875,"44","100",0,0,
"7246",-100.125,37.875,-99.875,37.625,"45","100",0,0,
"7247",-100.125,37.625,-99.875,37.375,"46","100",0,0,
"7248",-100.125,37.375,-99.875,37.125,"47","100",0,0,
"7249",-100.125,37.125,-99.875,36.875,"48","100",0,0,
"7250",-100.125,36.875,-99.875,36.625,"49","100",0,0,
"7251",-100.125,36.625,-99.875,36.375,"50","100",0,0,
"7252",-100.125,36.375,-99.875,36.125,"51","100",0,0,
"7253",-100.125,36.125,-99.875,35.875,"52","100",0,0,
"7254",-100.125,35.875,-99.875,35.625,"53","100",0,0,
"7255",-100.125,35.625,-99.875,35.375,"54","100",0,0,
"7256",-100.125,35.375,-99.875,35.125,"55","100",0,0,
"7257",-100.125,35.125,-99.875,34.875,"56","100",0,0,
"7258",-100.125,34.875,-99.875,34.625,"57","100",0,0,
"7259",-100.125,34.625,-99.875,34.375,"58","100",0,0,
"7260",-100.125,34.375,-99.875,34.125,"59","100",0,0,
"7261",-100.125,34.125,-99.875,33.875,"60","100",0,0,
"7262",-100.125,33.875,-99.875,33.625,"61","100",0,0,
"7263",-100.125,33.625,-99.875,33.375,"62","100",0,0,
"7264",-100.125,33.375,-99.875,33.125,"63","100",0,0,
"7265",-100.125,33.125,-99.875,32.875,"64","100",0,0,
"7266",-100.125,32.875,-99.875,32.625,"65","100",0,0,
"7267",-100.125,32.625,-99.875,32.375,"66","100",0,0,
"7268",-100.125,32.375,-99.875,32.125,"67","100",0,0,
"7269",-100.125,32.125,-99.875,31.875,"68","100",0,0,
"7270",-100.125,31.875,-99.875,31.625,"69","100",0,0,
"7271",-100.125,31.625,-99.875,31.375,"70","100",0,0,
"7272",-100.125,31.375,-99.875,31.125,"71","100",0,0,
